  
     ----------------------
     | PGD ENDS CORRECTLY |
     ----------------------
  
     -----------------------
     | PREP ENDS CORRECTLY |
     -----------------------
Running offline for perturbation 0
 CAUTION: DID YOU THINK TO SET OMP_NUM_THREADS=1?
 PLEASE VERIFY OMP_NUM_THREADS IS INITIALIZED : TYPE ECHO $OMP_NUM_THREADS IN A TERMINAL
  
     --------------------------
     | OFFLINE ENDS CORRECTLY |
     --------------------------
  
Running offline for perturbation 1
 CAUTION: DID YOU THINK TO SET OMP_NUM_THREADS=1?
 PLEASE VERIFY OMP_NUM_THREADS IS INITIALIZED : TYPE ECHO $OMP_NUM_THREADS IN A TERMINAL
  
     --------------------------
     | OFFLINE ENDS CORRECTLY |
     --------------------------
  
Running offline for perturbation 2
 CAUTION: DID YOU THINK TO SET OMP_NUM_THREADS=1?
 PLEASE VERIFY OMP_NUM_THREADS IS INITIALIZED : TYPE ECHO $OMP_NUM_THREADS IN A TERMINAL
  
     --------------------------
     | OFFLINE ENDS CORRECTLY |
     --------------------------
  
Running offline for perturbation 3
 CAUTION: DID YOU THINK TO SET OMP_NUM_THREADS=1?
 PLEASE VERIFY OMP_NUM_THREADS IS INITIALIZED : TYPE ECHO $OMP_NUM_THREADS IN A TERMINAL
  
     --------------------------
     | OFFLINE ENDS CORRECTLY |
     --------------------------
  
Running offline for perturbation 4
 CAUTION: DID YOU THINK TO SET OMP_NUM_THREADS=1?
 PLEASE VERIFY OMP_NUM_THREADS IS INITIALIZED : TYPE ECHO $OMP_NUM_THREADS IN A TERMINAL
  
     --------------------------
     | OFFLINE ENDS CORRECTLY |
     --------------------------
  
Assuming we are evolving B matrix from initial state for first cycle with assimilation

    ------------------------------------
    |               SODA               |
    | SURFEX OFFLINE DATA ASSIMILATION |
    ------------------------------------

 INITIALIZING SURFEX...
 READING input files...
 READ FG_OI_MAIN OK
 READ CANARI OK
 READING SST FROM SST_SIC
 READ SST_SIC OK
   ECMWF_SST_SIC
  SURFSEA.TEMPERA - min, mean, max:    0.2855E+03   0.2863E+03   0.2880E+03
   Replaced land by UNDEF 
  SST            - min, mean, max:    0.2855E+03   0.2863E+03   0.2880E+03
 PERFORMIMG OFFLINE SURFEX DATA ASSIMILATION...
 *********************************************
 *      ASSIMILATIONS FOR SEA POINTS         *
 *********************************************
 UPDATING SST FOR SCHEME: SEAFLX
 Mean SST increments over SEA     0.52200752174258469     
 *********************************************
 *      ASSIMILATIONS FOR WATER POINTS       *
 *********************************************
 UPDATING LST FOR INLAND_WATER SCHEME : WATFLX
 Lake surface temperature set to    282.73852580499999      from nearest neighbour at I=         299
 Lake surface temperature set to    282.74562254500000      from nearest neighbour at I=         338
 Lake surface temperature set to    282.35893536699996      from nearest neighbour at I=         366
 Lake surface temperature set to    283.08454014000000      from nearest neighbour at I=         376
 Lake surface temperature set to    282.65848429000005      from nearest neighbour at I=         377
 Lake surface temperature set to    282.39805288800000      from nearest neighbour at I=         406
 Lake surface temperature set to    281.90043758500002      from nearest neighbour at I=         415
 Lake surface temperature set to    282.60212137500002      from nearest neighbour at I=         416
 Lake surface temperature set to    282.81197513950002      from nearest neighbour at I=         445
 Lake surface temperature set to    282.40369381600004      from nearest neighbour at I=         446
 Lake surface temperature set to    281.93841153400001      from nearest neighbour at I=         454
 Lake surface temperature set to    282.47850717649999      from nearest neighbour at I=         455
 Lake surface temperature set to    282.80595011399998      from nearest neighbour at I=         483
 Lake surface temperature set to    282.82303143150000      from nearest neighbour at I=         484
 Lake surface temperature set to    282.38570167800003      from nearest neighbour at I=         485
 Lake surface temperature set to    282.16718094999999      from nearest neighbour at I=         493
 Lake surface temperature set to    282.08720785549997      from nearest neighbour at I=         494
 Lake surface temperature set to    283.02551685749995      from nearest neighbour at I=         522
 Lake surface temperature set to    283.03832886449999      from nearest neighbour at I=         523
 Lake surface temperature set to    282.39807555250002      from nearest neighbour at I=         524
 Lake surface temperature set to    282.39479831099999      from nearest neighbour at I=         525
 Lake surface temperature set to    282.04226318200000      from nearest neighbour at I=         526
 Lake surface temperature set to    282.20614234350001      from nearest neighbour at I=         532
 Lake surface temperature set to    281.83521289700002      from nearest neighbour at I=         533
 Lake surface temperature set to    282.99172156199995      from nearest neighbour at I=         561
 Lake surface temperature set to    282.45961357650003      from nearest neighbour at I=         562
 Lake surface temperature set to    282.45642179050003      from nearest neighbour at I=         563
 Lake surface temperature set to    282.45958775200000      from nearest neighbour at I=         564
 Lake surface temperature set to    282.08269559350003      from nearest neighbour at I=         565
 Lake surface temperature set to    282.30009943450000      from nearest neighbour at I=         566
 Lake surface temperature set to    282.43043163999999      from nearest neighbour at I=         571
 Lake surface temperature set to    281.85138184850001      from nearest neighbour at I=         572
 Lake surface temperature set to    281.81339014150001      from nearest neighbour at I=         573
 Lake surface temperature set to    283.00233951899997      from nearest neighbour at I=         588
 Lake surface temperature set to    282.61820081899998      from nearest neighbour at I=         600
 Lake surface temperature set to    282.44181534150005      from nearest neighbour at I=         601
 Lake surface temperature set to    282.45657136850002      from nearest neighbour at I=         603
 Lake surface temperature set to    282.92812903350000      from nearest neighbour at I=         604
 Lake surface temperature set to    282.24977491250002      from nearest neighbour at I=         611
 Lake surface temperature set to    282.42973080800004      from nearest neighbour at I=         641
 Lake surface temperature set to    282.45658701400004      from nearest neighbour at I=         642
 Lake surface temperature set to    282.93070105100003      from nearest neighbour at I=         643
 Lake surface temperature set to    282.92060606350003      from nearest neighbour at I=         644
 Lake surface temperature set to    282.16466088699997      from nearest neighbour at I=         645
 Lake surface temperature set to    282.31292993500000      from nearest neighbour at I=         648
 Lake surface temperature set to    282.32889582000001      from nearest neighbour at I=         650
 Lake surface temperature set to    282.53365807799997      from nearest neighbour at I=         680
 Lake surface temperature set to    282.55337454749997      from nearest neighbour at I=         681
 Lake surface temperature set to    282.11269952399999      from nearest neighbour at I=         682
 Lake surface temperature set to    282.10208534250000      from nearest neighbour at I=         683
 Lake surface temperature set to    282.49395961400000      from nearest neighbour at I=         718
 Lake surface temperature set to    282.54895231799998      from nearest neighbour at I=         719
 Lake surface temperature set to    282.07703826649998      from nearest neighbour at I=         720
 Lake surface temperature set to    282.06313935200001      from nearest neighbour at I=         721
 Lake surface temperature set to    282.05423924000002      from nearest neighbour at I=         722
 Lake surface temperature set to    282.00146301449996      from nearest neighbour at I=         758
 Lake surface temperature set to    282.06957011750001      from nearest neighbour at I=         759
 Lake surface temperature set to    282.02083392000003      from nearest neighbour at I=         760
 Lake surface temperature set to    282.13985239950000      from nearest neighbour at I=         761
 Lake surface temperature set to    281.50179521449996      from nearest neighbour at I=         792
 Lake surface temperature set to    282.66439291884996      from nearest neighbour at I=         857
 Lake surface temperature set to    282.24225176400000      from nearest neighbour at I=         887
 Lake surface temperature set to    282.14175599450004      from nearest neighbour at I=         925
 Lake surface temperature set to    282.35925637349999      from nearest neighbour at I=         926
 Lake surface temperature set to    282.01734750349999      from nearest neighbour at I=        1089
 Lake surface temperature set to    280.20975766499998      from nearest neighbour at I=        1093
 Lake surface temperature set to    278.57618707500001      from nearest neighbour at I=        1422
 Mean LST increments over inland water    -0.11065402936169329     
 *********************************************
 *      ASSIMILATIONS FOR NATURE POINTS      *
 *********************************************
 UPDATE SNOW FROM ANALYSED CANARI VALUES
  SURFRESERV.NEIGE - min, mean, max:    0.0000E+00   0.4167E+00   0.9893E-02
 Mean SN increments over NATURE   -8.7867950387583296     

    --------------------------
    |   ENTERING  VARASSIM   |
    --------------------------

 number of patches =           1
 Initialized B
 LTM d(wg2)/d(wg2)  0.93003152700223679     
 B before wg2 wg2 ==>    50.142551968826908        4.3375847376206940     
 Q value wg2 wg2 ==>   3.04119370563311068E-005  2.63078660414078617E-006
 B after wg2 wg2 ==>   50.142582380763969        4.3375873684072985     
 LTM d(wg2)/d(wg2)  0.89056654745641006     
 B before wg2 wg2 ==>    3.1481520578816062       0.26910533688849242     
 Q value wg2 wg2 ==>   3.00517075606322407E-005  2.56883236212554230E-006
 B after wg2 wg2 ==>   3.1108918820181675       0.26910790572085452     
 LTM d(wg2)/d(wg2)  0.81801361795628336     
 B before wg2 wg2 ==>    93.937638703244787        7.7738221497488507     
 Q value wg2 wg2 ==>   2.90936028119118281E-005  2.40764508324205215E-006
 B after wg2 wg2 ==>   89.865541642302475        7.7738245573939340     
 LTM d(wg2)/d(wg2)  0.96675484151333357     
 B before wg2 wg2 ==>    49.784662253000171        4.3514691142472675     
 Q value wg2 wg2 ==>   3.07286077929626550E-005  2.68585909160881841E-006
 B after wg2 wg2 ==>   50.303086642960736        4.3514718001063590     
 LTM d(wg2)/d(wg2)  0.97343613949926033     
 B before wg2 wg2 ==>    8.9481476228806933       0.78212016007689089     
 Q value wg2 wg2 ==>   3.07286077929626550E-005  2.68585909160881841E-006
 B after wg2 wg2 ==>   9.0413531540282825       0.78212284593598247     
 LTM d(wg2)/d(wg2)  0.84655285880446263     
 B before wg2 wg2 ==>    10.572116441554137       0.88247119686413533     
 Q value wg2 wg2 ==>   2.93454751338267236E-005  2.44951299080545413E-006
 B after wg2 wg2 ==>   10.201410082159571       0.88247364637712611     
 LTM d(wg2)/d(wg2)  0.94563079793846916     
 B before wg2 wg2 ==>    121.54354479304891        10.623612921491878     
 Q value wg2 wg2 ==>   3.07286077929626550E-005  2.68585909160881841E-006
 B after wg2 wg2 ==>   122.80917374783951        10.623615607350970     
 LTM d(wg2)/d(wg2)  0.87888576565779974     
 B before wg2 wg2 ==>    53.959207161976948        4.5387180318008369     
 Q value wg2 wg2 ==>   2.95712843456931351E-005  2.48735532900646641E-006
 B after wg2 wg2 ==>   52.467684960687535        4.5387205191561657     
 LTM d(wg2)/d(wg2)  0.80394779419541540     
 B before wg2 wg2 ==>    59.773613195312713        4.8448817042776042     
 Q value wg2 wg2 ==>   2.84954954721335405E-005  2.30966972359789013E-006
 B after wg2 wg2 ==>   56.006940070881534        4.8448840139473281     
 LTM d(wg2)/d(wg2)  0.80686348649190909     
 B before wg2 wg2 ==>    42.670538135846130        3.4586115590926370     
 Q value wg2 wg2 ==>   2.84954954721335405E-005  2.30966972359789013E-006
 B after wg2 wg2 ==>   39.981634053252108        3.4586138687623604     
 LTM d(wg2)/d(wg2)  0.80077354202444850     
 B before wg2 wg2 ==>    42.382840137743045        3.4352925276194610     
 Q value wg2 wg2 ==>   2.84954954721335405E-005  2.30966972359789013E-006
 B after wg2 wg2 ==>   39.712065660186468        3.4352948372891845     
 LTM d(wg2)/d(wg2)  0.80506019314227462     
 B before wg2 wg2 ==>    57.845179784303632        4.6885747445429331     
 Q value wg2 wg2 ==>   2.84954954721335405E-005  2.30966972359789013E-006
 B after wg2 wg2 ==>   54.200029007310178        4.6885770542126570     
 LTM d(wg2)/d(wg2)  0.81994413791264453     
 B before wg2 wg2 ==>    43.583954398239428        3.5326474672716985     
 Q value wg2 wg2 ==>   2.84954954721335405E-005  2.30966972359789013E-006
 B after wg2 wg2 ==>   40.837490387591806        3.5326497769414220     
 LTM d(wg2)/d(wg2)  0.82865613478694755     
 B before wg2 wg2 ==>    59.544231470313861        4.8262894314780453     
 Q value wg2 wg2 ==>   2.84954954721335405E-005  2.30966972359789013E-006
 B after wg2 wg2 ==>   55.792013086980837        4.8262917411477693     
 LTM d(wg2)/d(wg2)  0.81256143961791039     
 B before wg2 wg2 ==>    55.990911770614005        4.5382791760786780     
 Q value wg2 wg2 ==>   2.84954954721335405E-005  2.30966972359789013E-006
 B after wg2 wg2 ==>   52.462609727165542        4.5382814857484020     
 LTM d(wg2)/d(wg2)  0.81829144108751128     
 B before wg2 wg2 ==>    55.201574591230205        4.5080605986546178     
 Q value wg2 wg2 ==>   2.87105044729339884E-005  2.34465583527925338E-006
 B after wg2 wg2 ==>   52.113282872182147        4.5080629433104535     
 LTM d(wg2)/d(wg2)  0.83544181902461379     
 B before wg2 wg2 ==>    47.955570346383496        3.9685697885194768     
 Q value wg2 wg2 ==>   2.90936028119118281E-005  2.40764508324205215E-006
 B after wg2 wg2 ==>   45.876760830124518        3.9685721961645601     
 LTM d(wg2)/d(wg2)  0.83650378999765751     
 B before wg2 wg2 ==>    11.729287482338501       0.97065879119043030     
 Q value wg2 wg2 ==>   2.90936028119118281E-005  2.40764508324205215E-006
 B after wg2 wg2 ==>   11.220859660584157       0.97066119883551349     
 LTM d(wg2)/d(wg2)  0.83962725797403170     
 B before wg2 wg2 ==>    11.538608842000661       0.95487915420780423     
 Q value wg2 wg2 ==>   2.90936028119118281E-005  2.40764508324205215E-006
 B after wg2 wg2 ==>   11.038446793675057       0.95488156185288742     
 LTM d(wg2)/d(wg2)  0.83599794940276695     
 B before wg2 wg2 ==>    11.618295956528572       0.96147367227870861     
 Q value wg2 wg2 ==>   2.90936028119118281E-005  2.40764508324205215E-006
 B after wg2 wg2 ==>   11.114679532648836       0.96147607992379180     
 LTM d(wg2)/d(wg2)  0.83685644812917448     
 B before wg2 wg2 ==>    11.951719616798972       0.98906619292582221     
 Q value wg2 wg2 ==>   2.90936028119118281E-005  2.40764508324205215E-006
 B after wg2 wg2 ==>   11.433649531897254       0.98906860057090540     
 LTM d(wg2)/d(wg2)  0.83632139475104417     
 B before wg2 wg2 ==>    12.605428215894987        1.0431639375283630     
 Q value wg2 wg2 ==>   2.90936028119118281E-005  2.40764508324205215E-006
 B after wg2 wg2 ==>   12.059020362489299        1.0431663451734463     
 LTM d(wg2)/d(wg2)  0.83577824479557428     
 B before wg2 wg2 ==>    19.999649562027159        1.6550737372019046     
 Q value wg2 wg2 ==>   2.90936028119118281E-005  2.40764508324205215E-006
 B after wg2 wg2 ==>   19.132707860568125        1.6550761448469880     
 LTM d(wg2)/d(wg2)  0.83597774165827743     
 B before wg2 wg2 ==>    20.219447512967925        1.6732631467195374     
 Q value wg2 wg2 ==>   2.90936028119118281E-005  2.40764508324205215E-006
 B after wg2 wg2 ==>   19.342977738205253        1.6732655543646207     
 LTM d(wg2)/d(wg2)  0.83565246789655190     
 B before wg2 wg2 ==>    43.976258120705268        3.6392612605665033     
 Q value wg2 wg2 ==>   2.90936028119118281E-005  2.40764508324205215E-006
 B after wg2 wg2 ==>   42.069948750248599        3.6392636682115866     
 LTM d(wg2)/d(wg2)  0.83578616507012538     
 B before wg2 wg2 ==>    61.450228190401255        5.0853220456473078     
 Q value wg2 wg2 ==>   2.90936028119118281E-005  2.40764508324205215E-006
 B after wg2 wg2 ==>   58.786435563085028        5.0853244532923911     
 LTM d(wg2)/d(wg2)  0.83621371026575819     
 B before wg2 wg2 ==>    93.507660109947821        7.7382392124019876     
 Q value wg2 wg2 ==>   2.90936028119118281E-005  2.40764508324205215E-006
 B after wg2 wg2 ==>   89.454202292630825        7.7382416200470709     
 LTM d(wg2)/d(wg2)  0.97161947494847090     
 B before wg2 wg2 ==>    162.51120002583011        14.204424327274484     
 Q value wg2 wg2 ==>   3.07286077929626550E-005  2.68585909160881841E-006
 B after wg2 wg2 ==>   164.20341336873784        14.204427013133577     
 LTM d(wg2)/d(wg2)  0.95907881824063435     
 B before wg2 wg2 ==>    145.03666322764064        12.677048149111975     
 Q value wg2 wg2 ==>   3.07286077929626550E-005  2.68585909160881841E-006
 B after wg2 wg2 ==>   146.54691925457973        12.677050834971068     
 LTM d(wg2)/d(wg2)  0.91321497588585721     
 B before wg2 wg2 ==>    46.508390431161040        3.9471749584370874     
 Q value wg2 wg2 ==>   2.98371688089162803E-005  2.53228556097924718E-006
 B after wg2 wg2 ==>   45.629437678100686        3.9471774907226482     
 LTM d(wg2)/d(wg2)  0.83270674026614766     
 B before wg2 wg2 ==>    35.867488014981255        2.9682188804803484     
 Q value wg2 wg2 ==>   2.90936028119118281E-005  2.40764508324205215E-006
 B after wg2 wg2 ==>   34.312687635573013        2.9682212881254317     
 LTM d(wg2)/d(wg2)  0.81563565116407533     
 B before wg2 wg2 ==>    55.270796016882663        4.5296461971527844     
 Q value wg2 wg2 ==>   2.88118474121506190E-005  2.36123747925632112E-006
 B after wg2 wg2 ==>   52.362812942806698        4.5296485583902637     
 LTM d(wg2)/d(wg2)  0.79682463794454128     
 B before wg2 wg2 ==>    51.635812793644575        4.1852816203697332     
 Q value wg2 wg2 ==>   2.84954954721335405E-005  2.30966972359789013E-006
 B after wg2 wg2 ==>   48.381952091018988        4.1852839300394571     
 LTM d(wg2)/d(wg2)  0.90068385890524849     
 B before wg2 wg2 ==>    45.335546005841863        3.8630552080614429     
 Q value wg2 wg2 ==>   2.99567440173566616E-005  2.55262296781207919E-006
 B after wg2 wg2 ==>   44.657012194752156        3.8630577606844105     
 LTM d(wg2)/d(wg2)  0.80818363675057026     
 B before wg2 wg2 ==>    55.147140284987053        4.4698882454526920     
 Q value wg2 wg2 ==>   2.84954954721335405E-005  2.30966972359789013E-006
 B after wg2 wg2 ==>   51.672009427564014        4.4698905551224160     
 LTM d(wg2)/d(wg2)  0.81753872623998758     
 B before wg2 wg2 ==>    56.136478067566259        4.5500778854282196     
 Q value wg2 wg2 ==>   2.84954954721335405E-005  2.30966972359789013E-006
 B after wg2 wg2 ==>   52.599003004187495        4.5500801950979435     
 LTM d(wg2)/d(wg2)  0.80933534396379569     
 B before wg2 wg2 ==>    14.650106630535719        1.1874476008012920     
 Q value wg2 wg2 ==>   2.84954954721335405E-005  2.30966972359789013E-006
 B after wg2 wg2 ==>   13.726940785676121        1.1874499104710157     
 LTM d(wg2)/d(wg2)  0.80665202706889261     
 B before wg2 wg2 ==>    54.956961274369156        4.4544735037326362     
 Q value wg2 wg2 ==>   2.84954954721335405E-005  2.30966972359789013E-006
 B after wg2 wg2 ==>   51.493814755980971        4.4544758134023601     
 LTM d(wg2)/d(wg2)  0.80246007334970415     
 B before wg2 wg2 ==>    54.220790970618516        4.3948040635698042     
 Q value wg2 wg2 ==>   2.84954954721335405E-005  2.30966972359789013E-006
 B after wg2 wg2 ==>   50.804035031710548        4.3948063732395282     
 LTM d(wg2)/d(wg2)  0.80567830813133223     
 B before wg2 wg2 ==>    21.263361151498255        1.7234773658022653     
 Q value wg2 wg2 ==>   2.84954954721335405E-005  2.30966972359789013E-006
 B after wg2 wg2 ==>   19.923453816368585        1.7234796754719890     
 LTM d(wg2)/d(wg2)  0.83000220240399825     
 B before wg2 wg2 ==>    62.824100960064207        5.0921354935420311     
 Q value wg2 wg2 ==>   2.84954954721335405E-005  2.30966972359789013E-006
 B after wg2 wg2 ==>   58.865198001879683        5.0921378032117550     
 LTM d(wg2)/d(wg2)  0.83892564160615135     
 B before wg2 wg2 ==>    63.868572415136086        5.1767939301465420     
 Q value wg2 wg2 ==>   2.84954954721335405E-005  2.30966972359789013E-006
 B after wg2 wg2 ==>   59.843850942126302        5.1767962398162659     
 LTM d(wg2)/d(wg2)  0.82915492782312450     
 B before wg2 wg2 ==>    59.706318889616831        4.8394272414630057     
 Q value wg2 wg2 ==>   2.84954954721335405E-005  2.30966972359789013E-006
 B after wg2 wg2 ==>   55.943886389700175        4.8394295511327297     
 LTM d(wg2)/d(wg2)  0.82381455629844169     
 B before wg2 wg2 ==>    42.669620428868505        3.5087679981634543     
 Q value wg2 wg2 ==>   2.89093560466680334E-005  2.37724691067170559E-006
 B after wg2 wg2 ==>   40.561444107303508        3.5087703754103652     
 LTM d(wg2)/d(wg2)  0.85437751620870139     
 B before wg2 wg2 ==>    44.268603023096226        3.6951699604580033     
 Q value wg2 wg2 ==>   2.93454751338267236E-005  2.44951299080545413E-006
 B after wg2 wg2 ==>   42.716254738202757        3.6951724099709939     
 LTM d(wg2)/d(wg2)  0.83651275395642044     
 B before wg2 wg2 ==>    57.263863362733822        4.7388788512738635     
 Q value wg2 wg2 ==>   2.90936028119118281E-005  2.40764508324205215E-006
 B after wg2 wg2 ==>   54.781546453380692        4.7388812589189468     
 LTM d(wg2)/d(wg2)  0.83660493474549513     
 B before wg2 wg2 ==>    36.497286883025005        3.0203379720167227     
 Q value wg2 wg2 ==>   2.90936028119118281E-005  2.40764508324205215E-006
 B after wg2 wg2 ==>   34.915185203692964        3.0203403796618060     
 LTM d(wg2)/d(wg2)  0.83635092417666523     
 B before wg2 wg2 ==>    55.668461993100294        4.6068511925397893     
 Q value wg2 wg2 ==>   2.90936028119118281E-005  2.40764508324205215E-006
 B after wg2 wg2 ==>   53.255304514640549        4.6068536001848726     
 LTM d(wg2)/d(wg2)  0.83661168545201448     
 B before wg2 wg2 ==>    12.836122196975142        1.0622550495117080     
 Q value wg2 wg2 ==>   2.90936028119118281E-005  2.40764508324205215E-006
 B after wg2 wg2 ==>   12.279713935681064        1.0622574571567913     
 LTM d(wg2)/d(wg2)  0.83515171330433113     
 B before wg2 wg2 ==>    12.979426178375547        1.0741141901089817     
 Q value wg2 wg2 ==>   2.90936028119118281E-005  2.40764508324205215E-006
 B after wg2 wg2 ==>   12.416805798935499        1.0741165977540650     
 LTM d(wg2)/d(wg2)  0.83542181546626715     
 B before wg2 wg2 ==>    13.132888494566348        1.0868139850923806     
 Q value wg2 wg2 ==>   2.90936028119118281E-005  2.40764508324205215E-006
 B after wg2 wg2 ==>   12.563615640925544        1.0868163927374639     
 LTM d(wg2)/d(wg2)  0.83513354150899888     
 B before wg2 wg2 ==>    53.789242899600573        4.4513361592161500     
 Q value wg2 wg2 ==>   2.90936028119118281E-005  2.40764508324205215E-006
 B after wg2 wg2 ==>   51.457548133599374        4.4513385668612333     
 LTM d(wg2)/d(wg2)  0.83432268169806512     
 B before wg2 wg2 ==>    13.368521052752122        1.1063137897001292     
 Q value wg2 wg2 ==>   2.90936028119118281E-005  2.40764508324205215E-006
 B after wg2 wg2 ==>   12.789033707677214        1.1063161973452125     
 LTM d(wg2)/d(wg2)  0.83656256442232546     
 B before wg2 wg2 ==>    13.372956603239130        1.1066808542878517     
 Q value wg2 wg2 ==>   2.90936028119118281E-005  2.40764508324205215E-006
 B after wg2 wg2 ==>   12.793276980438241        1.1066832619329350     
 LTM d(wg2)/d(wg2)  0.94602413767273907     
 B before wg2 wg2 ==>    231.55334907172283        20.239109821929087     
 Q value wg2 wg2 ==>   3.07286077929626550E-005  2.68585909160881841E-006
 B after wg2 wg2 ==>   233.96447841647850        20.239112507788178     
 LTM d(wg2)/d(wg2)  0.96212178803277570     
 B before wg2 wg2 ==>    56.784137511141388        4.9632639728114416     
 Q value wg2 wg2 ==>   3.07286077929626550E-005  2.68585909160881841E-006
 B after wg2 wg2 ==>   57.375445419896700        4.9632666586705332     
 LTM d(wg2)/d(wg2)  0.96556215454141792     
 B before wg2 wg2 ==>    68.668703199619216        6.0020441550861046     
 Q value wg2 wg2 ==>   3.07286077929626550E-005  2.68585909160881841E-006
 B after wg2 wg2 ==>   69.383761666063279        6.0020468409451961     
 LTM d(wg2)/d(wg2)  0.85254729248496575     
 B before wg2 wg2 ==>    117.79968275457335        9.7485288716253216     
 Q value wg2 wg2 ==>   2.90936028119118281E-005  2.40764508324205215E-006
 B after wg2 wg2 ==>   112.69318430852891        9.7485312792704040     
 LTM d(wg2)/d(wg2)  0.84895531169555127     
 B before wg2 wg2 ==>    88.421298265913521        7.3173166417410176     
 Q value wg2 wg2 ==>   2.90936028119118281E-005  2.40764508324205215E-006
 B after wg2 wg2 ==>   84.588330349850679        7.3173190493861009     
 LTM d(wg2)/d(wg2)  0.81445359357898417     
 B before wg2 wg2 ==>    92.291291994720211        7.5370085024064606     
 Q value wg2 wg2 ==>   2.87105044729339884E-005  2.34465583527925338E-006
 B after wg2 wg2 ==>   87.127971198030679        7.5370108470622963     
 LTM d(wg2)/d(wg2)  0.80089193697931238     
 B before wg2 wg2 ==>    42.112846628494054        3.4134085131972460     
 Q value wg2 wg2 ==>   2.84954954721335405E-005  2.30966972359789013E-006
 B after wg2 wg2 ==>   39.459086088182907        3.4134108228669695     
 LTM d(wg2)/d(wg2)  0.80044758905008828     
 B before wg2 wg2 ==>    42.778294916786336        3.4673456614595652     
 Q value wg2 wg2 ==>   2.84954954721335405E-005  2.30966972359789013E-006
 B after wg2 wg2 ==>   40.082600422401356        3.4673479711292887     
 LTM d(wg2)/d(wg2)  0.80198395823931545     
 B before wg2 wg2 ==>    57.110227073792267        4.6290039950044903     
 Q value wg2 wg2 ==>   2.84954954721335405E-005  2.30966972359789013E-006
 B after wg2 wg2 ==>   53.511390148305011        4.6290063046742143     
 LTM d(wg2)/d(wg2)  0.80284470856036094     
 B before wg2 wg2 ==>    57.011615338714122        4.6210111338477446     
 Q value wg2 wg2 ==>   2.84954954721335405E-005  2.30966972359789013E-006
 B after wg2 wg2 ==>   53.418992539918094        4.6210134435174686     
 LTM d(wg2)/d(wg2)  0.81356390650209909     
 B before wg2 wg2 ==>    135.33062986014059        10.969069085640866     
 Q value wg2 wg2 ==>   2.84954954721335405E-005  2.30966972359789013E-006
 B after wg2 wg2 ==>   126.80264842291847        10.969071395310589     
 LTM d(wg2)/d(wg2)  0.81341164386510467     
 B before wg2 wg2 ==>    67.874031574694229        5.5014518312167784     
 Q value wg2 wg2 ==>   2.84954954721335405E-005  2.30966972359789013E-006
 B after wg2 wg2 ==>   63.596901697610619        5.5014541408865023     
 LTM d(wg2)/d(wg2)  0.81196774514273007     
 B before wg2 wg2 ==>    55.500832399047638        4.4985563543515159     
 Q value wg2 wg2 ==>   2.84954954721335405E-005  2.30966972359789013E-006
 B after wg2 wg2 ==>   52.003413244955667        4.4985586640212398     
 LTM d(wg2)/d(wg2)  0.79949136621404837     
 B before wg2 wg2 ==>    14.686733263160434        1.1904163305267805     
 Q value wg2 wg2 ==>   2.84954954721335405E-005  2.30966972359789013E-006
 B after wg2 wg2 ==>   13.761259350856099        1.1904186401965042     
 LTM d(wg2)/d(wg2)  0.79876760067149200     
 B before wg2 wg2 ==>    14.361219388268827        1.1640321765055455     
 Q value wg2 wg2 ==>   2.84954954721335405E-005  2.30966972359789013E-006
 B after wg2 wg2 ==>   13.456258089972604        1.1640344861752692     
 LTM d(wg2)/d(wg2)  0.80846137624565717     
 B before wg2 wg2 ==>    90.993424013226573        7.3753676855831483     
 Q value wg2 wg2 ==>   2.84954954721335405E-005  2.30966972359789013E-006
 B after wg2 wg2 ==>   85.259400253043125        7.3753699952528722     
 LTM d(wg2)/d(wg2)  0.83036274869353721     
 B before wg2 wg2 ==>    100.11770909110513        8.1612988854197344     
 Q value wg2 wg2 ==>   2.86583329308349826E-005  2.33614235413214145E-006
 B after wg2 wg2 ==>   94.344778347754556        8.1613012215620877     
 LTM d(wg2)/d(wg2)  0.84232468134881600     
 B before wg2 wg2 ==>    94.974036134331570        7.8595893610279957     
 Q value wg2 wg2 ==>   2.90936028119118281E-005  2.40764508324205215E-006
 B after wg2 wg2 ==>   90.857012036295259        7.8595917686730790     
 LTM d(wg2)/d(wg2)  0.84436917539987355     
 B before wg2 wg2 ==>    44.120498137827326        3.6621254049746401     
 Q value wg2 wg2 ==>   2.91806760355357335E-005  2.42207816217853024E-006
 B after wg2 wg2 ==>   42.334258808096145        3.6621278270528022     
 LTM d(wg2)/d(wg2)  0.85448135543832249     
 B before wg2 wg2 ==>    93.148105330541540        7.7752189404173624     
 Q value wg2 wg2 ==>   2.93454751338267236E-005  2.44951299080545413E-006
 B after wg2 wg2 ==>   89.881689049739080        7.7752213899303531     
 LTM d(wg2)/d(wg2)  0.83635521069529728     
 B before wg2 wg2 ==>    43.652889057859866        3.6125008095056415     
 Q value wg2 wg2 ==>   2.90936028119118281E-005  2.40764508324205215E-006
 B after wg2 wg2 ==>   41.760597489305958        3.6125032171507248     
 LTM d(wg2)/d(wg2)  0.83675890075697812     
 B before wg2 wg2 ==>    43.700136700671798        3.6164107946541413     
 Q value wg2 wg2 ==>   2.90936028119118281E-005  2.40764508324205215E-006
 B after wg2 wg2 ==>   41.805796982887159        3.6164132022992246     
 LTM d(wg2)/d(wg2)  0.83597408402354867     
 B before wg2 wg2 ==>    43.708434970330408        3.6170975190956662     
 Q value wg2 wg2 ==>   2.90936028119118281E-005  2.40764508324205215E-006
 B after wg2 wg2 ==>   41.813735528893829        3.6170999267407495     
 LTM d(wg2)/d(wg2)  0.83496216186302474     
 B before wg2 wg2 ==>    43.649113906426088        3.6121883963319692     
 Q value wg2 wg2 ==>   2.90936028119118281E-005  2.40764508324205215E-006
 B after wg2 wg2 ==>   41.756985987803581        3.6121908039770525     
 LTM d(wg2)/d(wg2)  0.83413943568945426     
 B before wg2 wg2 ==>    36.645915232863565        3.0326377314529340     
 Q value wg2 wg2 ==>   2.90936028119118281E-005  2.40764508324205215E-006
 B after wg2 wg2 ==>   35.057370628080228        3.0326401390980173     
 LTM d(wg2)/d(wg2)  0.83436632713999681     
 B before wg2 wg2 ==>    36.746463566617486        3.0409586225765208     
 Q value wg2 wg2 ==>   2.90936028119118281E-005  2.40764508324205215E-006
 B after wg2 wg2 ==>   35.153560268359222        3.0409610302216041     
 LTM d(wg2)/d(wg2)  0.83352098846978273     
 B before wg2 wg2 ==>    13.520284311274651        1.1188729789336109     
 Q value wg2 wg2 ==>   2.90936028119118281E-005  2.40764508324205215E-006
 B after wg2 wg2 ==>   12.934218144851259        1.1188753865786942     
 LTM d(wg2)/d(wg2)  0.83581856980328895     
 B before wg2 wg2 ==>    13.527521832612498        1.1194719210026487     
 Q value wg2 wg2 ==>   2.90936028119118281E-005  2.40764508324205215E-006
 B after wg2 wg2 ==>   12.941141925166734        1.1194743286477320     
 LTM d(wg2)/d(wg2)  0.96396769343158606     
 B before wg2 wg2 ==>    91.815780999694212        8.0252334180811555     
 Q value wg2 wg2 ==>   3.07286077929626550E-005  2.68585909160881841E-006
 B after wg2 wg2 ==>   92.771863316879546        8.0252361039402480     
 LTM d(wg2)/d(wg2)  0.95584058423715268     
 B before wg2 wg2 ==>    55.505277737864652        4.8514841885761548     
 Q value wg2 wg2 ==>   3.07286077929626550E-005  2.68585909160881841E-006
 B after wg2 wg2 ==>   56.083269248335242        4.8514868744352464     
 LTM d(wg2)/d(wg2)  0.94722189490293474     
 B before wg2 wg2 ==>    8.1171774527684306       0.70097749562787826     
 Q value wg2 wg2 ==>   3.03599868600416512E-005  2.62180637053696517E-006
 B after wg2 wg2 ==>   8.1033418581331365       0.70098011743424882     
 LTM d(wg2)/d(wg2)  0.85528189723482007     
 B before wg2 wg2 ==>    131.27908951981607        10.864019023641447     
 Q value wg2 wg2 ==>   2.90936028119118281E-005  2.40764508324205215E-006
 B after wg2 wg2 ==>   125.58826908533133        10.864021431286529     
 LTM d(wg2)/d(wg2)  0.85523571730707304     
 B before wg2 wg2 ==>    135.56651428836480        11.218825447256336     
 Q value wg2 wg2 ==>   2.90936028119118281E-005  2.40764508324205215E-006
 B after wg2 wg2 ==>   129.68983726466379        11.218827854901418     
 LTM d(wg2)/d(wg2)  0.81442894101132379     
 B before wg2 wg2 ==>    97.105062509997268        7.8707395387018586     
 Q value wg2 wg2 ==>   2.84954954721335405E-005  2.30966972359789013E-006
 B after wg2 wg2 ==>   90.985907143724447        7.8707418483715825     
 LTM d(wg2)/d(wg2)  0.80637494567542156     
 B before wg2 wg2 ==>    60.785708351062723        4.9269159170507040     
 Q value wg2 wg2 ==>   2.84954954721335405E-005  2.30966972359789013E-006
 B after wg2 wg2 ==>   56.955256939834115        4.9269182267204279     
 LTM d(wg2)/d(wg2)  0.80577844301922885     
 B before wg2 wg2 ==>    93.497701513569581        7.5783490279390309     
 Q value wg2 wg2 ==>   2.84954954721335405E-005  2.30966972359789013E-006
 B after wg2 wg2 ==>   87.605867958793368        7.5783513376087548     
 LTM d(wg2)/d(wg2)  0.80838171591488206     
 B before wg2 wg2 ==>    58.665765044741050        4.7550863422625254     
 Q value wg2 wg2 ==>   2.84954954721335405E-005  2.30966972359789013E-006
 B after wg2 wg2 ==>   54.968904187144418        4.7550886519322493     
 LTM d(wg2)/d(wg2)  0.80763697310281468     
 B before wg2 wg2 ==>    93.441037460263274        7.5737561880473407     
 Q value wg2 wg2 ==>   2.84954954721335405E-005  2.30966972359789013E-006
 B after wg2 wg2 ==>   87.552774652982833        7.5737584977170647     
 LTM d(wg2)/d(wg2)  0.81179113904102473     
 B before wg2 wg2 ==>    43.456449865648466        3.5223127335298394     
 Q value wg2 wg2 ==>   2.84954954721335405E-005  2.30966972359789013E-006
 B after wg2 wg2 ==>   40.718020693031001        3.5223150431995629     
 LTM d(wg2)/d(wg2)  0.81561736544253860     
 B before wg2 wg2 ==>    140.61100945613290        11.397064201356407     
 Q value wg2 wg2 ==>   2.84954954721335405E-005  2.30966972359789013E-006
 B after wg2 wg2 ==>   131.75027910458269        11.397066511026130     
 LTM d(wg2)/d(wg2)  0.80184909888510936     
 B before wg2 wg2 ==>    57.154126553082996        4.6325622169802640     
 Q value wg2 wg2 ==>   2.84954954721335405E-005  2.30966972359789013E-006
 B after wg2 wg2 ==>   53.552523253737952        4.6325645266499880     
 LTM d(wg2)/d(wg2)  0.80006473886363394     
 B before wg2 wg2 ==>    35.517468854331064        2.8788277274175575     
 Q value wg2 wg2 ==>   2.84954954721335405E-005  2.30966972359789013E-006
 B after wg2 wg2 ==>   33.279323281474511        2.8788300370872810     
 LTM d(wg2)/d(wg2)  0.80165293283549643     
 B before wg2 wg2 ==>    14.601747579609638        1.1835279133582319     
 Q value wg2 wg2 ==>   2.84954954721335405E-005  2.30966972359789013E-006
 B after wg2 wg2 ==>   13.681629133407856        1.1835302230279556     
 LTM d(wg2)/d(wg2)  0.81143125932573890     
 B before wg2 wg2 ==>    14.128910893614229        1.1452026777462403     
 Q value wg2 wg2 ==>   2.84954954721335405E-005  2.30966972359789013E-006
 B after wg2 wg2 ==>   13.238588770017525        1.1452049874159640     
 LTM d(wg2)/d(wg2)  0.82831346438996067     
 B before wg2 wg2 ==>    13.657343943126726        1.1248982368248901     
 Q value wg2 wg2 ==>   2.89567311206786931E-005  2.38504469957769137E-006
 B after wg2 wg2 ==>   13.003869965385803        1.1249006218695896     
 LTM d(wg2)/d(wg2)  0.84835247754848697     
 B before wg2 wg2 ==>    17.025696056904692        1.4131806461611633     
 Q value wg2 wg2 ==>   2.91806760355357335E-005  2.42207816217853024E-006
 B after wg2 wg2 ==>   16.336419857361907        1.4131830682393256     
 LTM d(wg2)/d(wg2)  0.84831376680718207     
 B before wg2 wg2 ==>    52.493549704641801        4.3441108915035027     
 Q value wg2 wg2 ==>   2.90936028119118281E-005  2.40764508324205215E-006
 B after wg2 wg2 ==>   50.218022249062528        4.3441132991485860     
 LTM d(wg2)/d(wg2)  0.84641788484026004     
 B before wg2 wg2 ==>    12.153332715150626        1.0087607885166601     
 Q value wg2 wg2 ==>   2.91806760355357335E-005  2.42207816217853024E-006
 B after wg2 wg2 ==>   11.661319552511475        1.0087632105948223     
 LTM d(wg2)/d(wg2)  0.85417117616055682     
 B before wg2 wg2 ==>    50.672316504141612        4.2296980023343931     
 Q value wg2 wg2 ==>   2.93454751338267236E-005  2.44951299080545413E-006
 B after wg2 wg2 ==>   48.895407824508631        4.2297004518473837     
 LTM d(wg2)/d(wg2)  0.84563491240014010     
 B before wg2 wg2 ==>    19.664471877480274        1.6345748087424326     
 Q value wg2 wg2 ==>   2.92230175200690624E-005  2.42911218624928276E-006
 B after wg2 wg2 ==>   18.895740153573463        1.6345772378546188     
 LTM d(wg2)/d(wg2)  0.83628867710056098     
 B before wg2 wg2 ==>    119.79762055073168        9.9138684874385454     
 Q value wg2 wg2 ==>   2.90936028119118281E-005  2.40764508324205215E-006
 B after wg2 wg2 ==>   114.60451302713928        9.9138708950836278     
 LTM d(wg2)/d(wg2)  0.83489068917393672     
 B before wg2 wg2 ==>    43.477200823045507        3.5979617055841060     
 Q value wg2 wg2 ==>   2.90936028119118281E-005  2.40764508324205215E-006
 B after wg2 wg2 ==>   41.592525205289746        3.5979641132291893     
 LTM d(wg2)/d(wg2)  0.83381870681400583     
 B before wg2 wg2 ==>    43.549854498438371        3.6039741704366013     
 Q value wg2 wg2 ==>   2.90936028119118281E-005  2.40764508324205215E-006
 B after wg2 wg2 ==>   41.662029399343226        3.6039765780816846     
 LTM d(wg2)/d(wg2)  0.83347994379779711     
 B before wg2 wg2 ==>    43.736549146462735        3.6194241115899684     
 Q value wg2 wg2 ==>   2.90936028119118281E-005  2.40764508324205215E-006
 B after wg2 wg2 ==>   41.840630976962892        3.6194265192350517     
 LTM d(wg2)/d(wg2)  0.83590161390231765     
 B before wg2 wg2 ==>    44.160111185047811        3.6544760460733046     
 Q value wg2 wg2 ==>   2.90936028119118281E-005  2.40764508324205215E-006
 B after wg2 wg2 ==>   42.245831924668799        3.6544784537183879     
 LTM d(wg2)/d(wg2)  0.83860578732477520     
 B before wg2 wg2 ==>    44.111185289051271        3.6504271768527810     
 Q value wg2 wg2 ==>   2.90936028119118281E-005  2.40764508324205215E-006
 B after wg2 wg2 ==>   42.199026928896785        3.6504295844978643     
 LTM d(wg2)/d(wg2)  0.96146040066194161     
 B before wg2 wg2 ==>    61.366367706792730        5.3637775500537259     
 Q value wg2 wg2 ==>   3.07286077929626550E-005  2.68585909160881841E-006
 B after wg2 wg2 ==>   62.005389058094778        5.3637802359128175     
 LTM d(wg2)/d(wg2)  0.95947923453964157     
 B before wg2 wg2 ==>    42.263701081155176        3.6940933529652034     
 Q value wg2 wg2 ==>   3.07286077929626550E-005  2.68585909160881841E-006
 B after wg2 wg2 ==>   42.703811869780381        3.6940960388242949     
 LTM d(wg2)/d(wg2)  0.96487444900914898     
 B before wg2 wg2 ==>    59.640365647081246        5.2129149286344338     
 Q value wg2 wg2 ==>   3.07286077929626550E-005  2.68585909160881841E-006
 B after wg2 wg2 ==>   60.261414636324808        5.2129176144935254     
 LTM d(wg2)/d(wg2)  0.83080798691214908     
 B before wg2 wg2 ==>    17.381133100197502        1.4383780489617632     
 Q value wg2 wg2 ==>   2.90936028119118281E-005  2.40764508324205215E-006
 B after wg2 wg2 ==>   16.627702087479257        1.4383804566068465     
 LTM d(wg2)/d(wg2)  0.93183618320037631     
 B before wg2 wg2 ==>    146.64697362737093        12.664036102803502     
 Q value wg2 wg2 ==>   3.03599868600416512E-005  2.62180637053696517E-006
 B after wg2 wg2 ==>   146.39649904160927        12.664038724609872     
 LTM d(wg2)/d(wg2)  0.92345960067638999     
 B before wg2 wg2 ==>    51.332172298716266        4.3980423888358278     
 Q value wg2 wg2 ==>   3.01212029042410758E-005  2.58072708095562267E-006
 B after wg2 wg2 ==>   50.841473259266706        4.3980449695629087     
 LTM d(wg2)/d(wg2)  0.82848597055192252     
 B before wg2 wg2 ==>    57.171241957188101        4.6339494864421118     
 Q value wg2 wg2 ==>   2.84954954721335405E-005  2.30966972359789013E-006
 B after wg2 wg2 ==>   53.568560111872884        4.6339517961118357     
 LTM d(wg2)/d(wg2)  0.82305371048024845     
 B before wg2 wg2 ==>    18.903119596209340        1.5321706918769269     
 Q value wg2 wg2 ==>   2.84954954721335405E-005  2.30966972359789013E-006
 B after wg2 wg2 ==>   17.711945472546219        1.5321730015466506     
 LTM d(wg2)/d(wg2)  0.82169784648245536     
 B before wg2 wg2 ==>    99.182287854321942        8.0391066580442363     
 Q value wg2 wg2 ==>   2.84954954721335405E-005  2.30966972359789013E-006
 B after wg2 wg2 ==>   92.932233853666190        8.0391089677139593     
 LTM d(wg2)/d(wg2)  0.81888533673742880     
 B before wg2 wg2 ==>    92.137726928227352        7.4681178467441196     
 Q value wg2 wg2 ==>   2.84954954721335405E-005  2.30966972359789013E-006
 B after wg2 wg2 ==>   86.331593664227555        7.4681201564138435     
 LTM d(wg2)/d(wg2)  0.81271874145248379     
 B before wg2 wg2 ==>    148.04696461849770        11.999777023856401     
 Q value wg2 wg2 ==>   2.84954954721335405E-005  2.30966972359789013E-006
 B after wg2 wg2 ==>   138.71764939302153        11.999779333526124     
 LTM d(wg2)/d(wg2)  0.80822854550292400     
 B before wg2 wg2 ==>    60.601035950172651        4.9119475072703915     
 Q value wg2 wg2 ==>   2.84954954721335405E-005  2.30966972359789013E-006
 B after wg2 wg2 ==>   56.782221872924566        4.9119498169401155     
 LTM d(wg2)/d(wg2)  0.81243282944938466     
 B before wg2 wg2 ==>    58.860183858902460        4.7708447363990842     
 Q value wg2 wg2 ==>   2.84954954721335405E-005  2.30966972359789013E-006
 B after wg2 wg2 ==>   55.151071486398401        4.7708470460688082     
 LTM d(wg2)/d(wg2)  0.83991738975643282     
 B before wg2 wg2 ==>    62.655704966064881        5.0784863492660257     
 Q value wg2 wg2 ==>   2.84954954721335405E-005  2.30966972359789013E-006
 B after wg2 wg2 ==>   58.707413666220795        5.0784886589357496     
 LTM d(wg2)/d(wg2)  0.79879569955658392     
 B before wg2 wg2 ==>    42.767254587592376        3.4664508002313137     
 Q value wg2 wg2 ==>   2.84954954721335405E-005  2.30966972359789013E-006
 B after wg2 wg2 ==>   40.072255811665954        3.4664531099010372     
 LTM d(wg2)/d(wg2)  0.80684908407035627     
 B before wg2 wg2 ==>    58.787518585539125        4.7649549359564709     
 Q value wg2 wg2 ==>   2.84954954721335405E-005  2.30966972359789013E-006
 B after wg2 wg2 ==>   55.082985294970641        4.7649572456261948     
 LTM d(wg2)/d(wg2)  0.83279551304697885     
 B before wg2 wg2 ==>    37.096360165488470        3.0554718630909314     
 Q value wg2 wg2 ==>   2.89567311206786931E-005  2.38504469957769137E-006
 B after wg2 wg2 ==>   35.321333309696548        3.0554742481356310     
 LTM d(wg2)/d(wg2)  0.85531904927856617     
 B before wg2 wg2 ==>    38.163069011804843        3.1855314281711848     
 Q value wg2 wg2 ==>   2.93454751338267236E-005  2.44951299080545413E-006
 B after wg2 wg2 ==>   36.824824798202094        3.1855338776841755     
 LTM d(wg2)/d(wg2)  0.84590919046573942     
 B before wg2 wg2 ==>    12.862427703005153        1.0676176663662746     
 Q value wg2 wg2 ==>   2.91806760355357335E-005  2.42207816217853024E-006
 B after wg2 wg2 ==>   12.341706042878013        1.0676200884444369     
 LTM d(wg2)/d(wg2)  0.84543019335071912     
 B before wg2 wg2 ==>    48.876617267222684        4.0447911525330724     
 Q value wg2 wg2 ==>   2.90936028119118281E-005  2.40764508324205215E-006
 B after wg2 wg2 ==>   46.757881070390539        4.0447935601781557     
 LTM d(wg2)/d(wg2)  0.85379982064557769     
 B before wg2 wg2 ==>    92.810200730922105        7.7035076275828054     
 Q value wg2 wg2 ==>   2.91806760355357335E-005  2.42207816217853024E-006
 B after wg2 wg2 ==>   89.052704759236363        7.7035100496609674     
 LTM d(wg2)/d(wg2)  0.85960398057677012     
 B before wg2 wg2 ==>    91.437121956544800        7.6324004655913722     
 Q value wg2 wg2 ==>   2.93454751338267236E-005  2.44951299080545413E-006
 B after wg2 wg2 ==>   88.230705096858657        7.6324029151043629     
 LTM d(wg2)/d(wg2)  0.85775097607555861     
 B before wg2 wg2 ==>    87.352911177769244        7.2914849645073110     
 Q value wg2 wg2 ==>   2.93454751338267236E-005  2.44951299080545413E-006
 B after wg2 wg2 ==>   84.289716213846532        7.2914874140203016     
 LTM d(wg2)/d(wg2)  0.83746718752682281     
 B before wg2 wg2 ==>    88.816653216994865        7.3500342948367923     
 Q value wg2 wg2 ==>   2.90936028119118281E-005  2.40764508324205215E-006
 B after wg2 wg2 ==>   84.966546965753110        7.3500367024818756     
 LTM d(wg2)/d(wg2)  0.83760219833945304     
 B before wg2 wg2 ==>    54.237349832449297        4.4884193097841569     
 Q value wg2 wg2 ==>   2.90936028119118281E-005  2.40764508324205215E-006
 B after wg2 wg2 ==>   51.886229973148652        4.4884217174292402     
 LTM d(wg2)/d(wg2)  0.83344023809954682     
 B before wg2 wg2 ==>    19.625772815295218        1.6241335158471559     
 Q value wg2 wg2 ==>   2.90936028119118281E-005  2.40764508324205215E-006
 B after wg2 wg2 ==>   18.775038385260423        1.6241359234922392     
 LTM d(wg2)/d(wg2)  0.83900125290821548     
 B before wg2 wg2 ==>    43.526678875552733        3.6020562685922539     
 Q value wg2 wg2 ==>   2.90936028119118281E-005  2.40764508324205215E-006
 B after wg2 wg2 ==>   41.639858422009411        3.6020586762373372     
 LTM d(wg2)/d(wg2)  0.84384545030983271     
 B before wg2 wg2 ==>    61.905505887709054        5.1229986138097114     
 Q value wg2 wg2 ==>   2.90936028119118281E-005  2.40764508324205215E-006
 B after wg2 wg2 ==>   59.221977319930716        5.1230010214547947     
 LTM d(wg2)/d(wg2)  0.83305701857073766     
 B before wg2 wg2 ==>    57.686876479904903        4.7738853596904445     
 Q value wg2 wg2 ==>   2.90936028119118281E-005  2.40764508324205215E-006
 B after wg2 wg2 ==>   55.186222274996673        4.7738877673355278     
 LTM d(wg2)/d(wg2)  0.96593933985308511     
 B before wg2 wg2 ==>    62.562401334084832        5.4683178472704466     
 Q value wg2 wg2 ==>   3.07286077929626550E-005  2.68585909160881841E-006
 B after wg2 wg2 ==>   63.213876638881821        5.4683205331295381     
 LTM d(wg2)/d(wg2)  0.95852537521067915     
 B before wg2 wg2 ==>    61.669309381093775        5.3902564148181424     
 Q value wg2 wg2 ==>   3.07286077929626550E-005  2.68585909160881841E-006
 B after wg2 wg2 ==>   62.311485176750338        5.3902591006772340     
 LTM d(wg2)/d(wg2)  0.96758081261106388     
 B before wg2 wg2 ==>    60.949578667123781        5.3273477632238091     
 Q value wg2 wg2 ==>   3.07286077929626550E-005  2.68585909160881841E-006
 B after wg2 wg2 ==>   61.584260114263614        5.3273504490829007     
 LTM d(wg2)/d(wg2)  0.84513360422219508     
 B before wg2 wg2 ==>    38.292947543973568        3.1689381158165095     
 Q value wg2 wg2 ==>   2.90936028119118281E-005  2.40764508324205215E-006
 B after wg2 wg2 ==>   36.633005346416724        3.1689405234615928     
 LTM d(wg2)/d(wg2)  0.92401599678326174     
 B before wg2 wg2 ==>    85.279961887206539        7.3066241014627389     
 Q value wg2 wg2 ==>   3.01212029042410758E-005  2.58072708095562267E-006
 B after wg2 wg2 ==>   84.464726406587218        7.3066266821898198     
 LTM d(wg2)/d(wg2)  0.93364557195262232     
 B before wg2 wg2 ==>    56.902543978067150        4.8992896331855462     
 Q value wg2 wg2 ==>   3.02694113699149907E-005  2.60618599731523946E-006
 B after wg2 wg2 ==>   56.635900064954612        4.8992922393715439     
 LTM d(wg2)/d(wg2)  0.89754405749645216     
 B before wg2 wg2 ==>    61.519299133621068        5.1746266664620428     
 Q value wg2 wg2 ==>   2.95712843456931351E-005  2.48735532900646641E-006
 B after wg2 wg2 ==>   59.818799391806600        5.1746291538173717     
 LTM d(wg2)/d(wg2)  0.95513363290161724     
 B before wg2 wg2 ==>    81.122651743921651        7.0905917114711219     
 Q value wg2 wg2 ==>   3.07286077929626550E-005  2.68585909160881841E-006
 B after wg2 wg2 ==>   81.967389587650715        7.0905943973302135     
 LTM d(wg2)/d(wg2)  0.82886328183915892     
 B before wg2 wg2 ==>    96.684016882245118        7.8366121679522109     
 Q value wg2 wg2 ==>   2.84954954721335405E-005  2.30966972359789013E-006
 B after wg2 wg2 ==>   90.591394168212574        7.8366144776219349     
 LTM d(wg2)/d(wg2)  0.85405755430642538     
 B before wg2 wg2 ==>    136.14487378024265        11.266687666176708     
 Q value wg2 wg2 ==>   2.90936028119118281E-005  2.40764508324205215E-006
 B after wg2 wg2 ==>   130.24312531428805        11.266690073821790     
 LTM d(wg2)/d(wg2)  0.86323457444601415     
 B before wg2 wg2 ==>    93.014939277459305        7.7641033604013066     
 Q value wg2 wg2 ==>   2.93454751338267236E-005  2.44951299080545413E-006
 B after wg2 wg2 ==>   89.753192759214855        7.7641058099142972     
 LTM d(wg2)/d(wg2)  0.85219542378461988     
 B before wg2 wg2 ==>    90.189866734926568        7.4805055993886906     
 Q value wg2 wg2 ==>   2.91592098424362670E-005  2.41851596411799392E-006
 B after wg2 wg2 ==>   86.474797549836580        7.4805080179046550     
 LTM d(wg2)/d(wg2)  0.86480976291989831     
 B before wg2 wg2 ==>    95.284943247977864        7.9535841641575100     
 Q value wg2 wg2 ==>   2.93454751338267236E-005  2.44951299080545413E-006
 B after wg2 wg2 ==>   91.943594013405033        7.9535866136705007     
 LTM d(wg2)/d(wg2)  0.86397277267298311     
 B before wg2 wg2 ==>    121.77093567597075        10.164411633499059     
 Q value wg2 wg2 ==>   2.93454751338267236E-005  2.44951299080545413E-006
 B after wg2 wg2 ==>   117.50079646159907        10.164414083012050     
 LTM d(wg2)/d(wg2)  0.81127429347772717     
 B before wg2 wg2 ==>    43.816355342027492        3.5514844593895507     
 Q value wg2 wg2 ==>   2.84954954721335405E-005  2.30966972359789013E-006
 B after wg2 wg2 ==>   41.055246330896765        3.5514867690592742     
 LTM d(wg2)/d(wg2)  0.83076547307161153     
 B before wg2 wg2 ==>    108.87979314303742        8.9231018277083525     
 Q value wg2 wg2 ==>   2.88118474121506190E-005  2.36123747925632112E-006
 B after wg2 wg2 ==>   103.15123336654439        8.9231041889458318     
 LTM d(wg2)/d(wg2)  0.87164062663437569     
 B before wg2 wg2 ==>    46.310207422790391        3.8655858926018931     
 Q value wg2 wg2 ==>   2.93454751338267236E-005  2.44951299080545413E-006
 B after wg2 wg2 ==>   44.686265758328283        3.8655883421148838     
 LTM d(wg2)/d(wg2)  0.85435496006405121     
 B before wg2 wg2 ==>    58.855536359317036        4.8851750098458302     
 Q value wg2 wg2 ==>   2.91806760355357335E-005  2.42207816217853024E-006
 B after wg2 wg2 ==>   56.472732655259904        4.8851774319239922     
 LTM d(wg2)/d(wg2)  0.84049056834390845     
 B before wg2 wg2 ==>    44.357513458923918        3.6708120982697694     
 Q value wg2 wg2 ==>   2.90936028119118281E-005  2.40764508324205215E-006
 B after wg2 wg2 ==>   42.434676960737427        3.6708145059148527     
 LTM d(wg2)/d(wg2)  0.84116901659336174     
 B before wg2 wg2 ==>    36.995712336281301        3.0615852386290201     
 Q value wg2 wg2 ==>   2.90936028119118281E-005  2.40764508324205215E-006
 B after wg2 wg2 ==>   35.392004294220676        3.0615876462741034     
 LTM d(wg2)/d(wg2)  0.84397572274112276     
 B before wg2 wg2 ==>    55.716897125971180        4.6108594485906700     
 Q value wg2 wg2 ==>   2.90936028119118281E-005  2.40764508324205215E-006
 B after wg2 wg2 ==>   53.301640021493590        4.6108618562357533     
 LTM d(wg2)/d(wg2)  0.85458101988962976     
 B before wg2 wg2 ==>    11.846345934840599       0.98883313794154404     
 Q value wg2 wg2 ==>   2.93454751338267236E-005  2.44951299080545413E-006
 B after wg2 wg2 ==>   11.430955896382612       0.98883558745453481     
 LTM d(wg2)/d(wg2)  0.85565781918244643     
 B before wg2 wg2 ==>    47.608379050774474        3.9739463213405850     
 Q value wg2 wg2 ==>   2.93454751338267236E-005  2.44951299080545413E-006
 B after wg2 wg2 ==>   45.938914123274039        3.9739487708535757     
 LTM d(wg2)/d(wg2)  0.84797154926944052     
 B before wg2 wg2 ==>    11.858043758138805       0.98708123307759876     
 Q value wg2 wg2 ==>   2.92645863923098242E-005  2.43602778087243465E-006
 B after wg2 wg2 ==>   11.410703691023773       0.98708366910537959     
 LTM d(wg2)/d(wg2)  0.83818822513271263     
 B before wg2 wg2 ==>    75.762922848072463        6.2697710512678118     
 Q value wg2 wg2 ==>   2.90936028119118281E-005  2.40764508324205215E-006
 B after wg2 wg2 ==>   72.478685838598835        6.2697734589128951     
 LTM d(wg2)/d(wg2)  0.84180260174874721     
 B before wg2 wg2 ==>    51.968148824413042        4.3006312697395082     
 Q value wg2 wg2 ==>   2.90936028119118281E-005  2.40764508324205215E-006
 B after wg2 wg2 ==>   49.715397095719261        4.3006336773845915     
 LTM d(wg2)/d(wg2)  0.83535587586199034     
 B before wg2 wg2 ==>    89.654327139280213        7.4193561149423672     
 Q value wg2 wg2 ==>   2.90936028119118281E-005  2.40764508324205215E-006
 B after wg2 wg2 ==>   85.767908363276874        7.4193585225874505     
 LTM d(wg2)/d(wg2)  0.83844618361241408     
 B before wg2 wg2 ==>    20.723219200765207        1.7149528417031052     
 Q value wg2 wg2 ==>   2.90936028119118281E-005  2.40764508324205215E-006
 B after wg2 wg2 ==>   19.824911308089760        1.7149552493481885     
 LTM d(wg2)/d(wg2)  0.84138213077743318     
 B before wg2 wg2 ==>    14.600202034933329        1.2082417179819154     
 Q value wg2 wg2 ==>   2.90936028119118281E-005  2.40764508324205215E-006
 B after wg2 wg2 ==>   13.967322259971374        1.2082441256269987     
 LTM d(wg2)/d(wg2)  0.93886082885730793     
 B before wg2 wg2 ==>    177.22259522379457        15.490285854387087     
 Q value wg2 wg2 ==>   3.07286077929626550E-005  2.68585909160881841E-006
 B after wg2 wg2 ==>   179.06799408545399        15.490288540246180     
 LTM d(wg2)/d(wg2)  0.97338821660417807     
 B before wg2 wg2 ==>    182.29082864113664        15.933278940636876     
 Q value wg2 wg2 ==>   3.07286077929626550E-005  2.68585909160881841E-006
 B after wg2 wg2 ==>   184.18900155683667        15.933281626495969     
 LTM d(wg2)/d(wg2)  0.96140899973447780     
 B before wg2 wg2 ==>    45.706389688627290        3.9950043658642223     
 Q value wg2 wg2 ==>   3.07286077929626550E-005  2.68585909160881841E-006
 B after wg2 wg2 ==>   46.182348201628024        3.9950070517233138     
 LTM d(wg2)/d(wg2)  0.96555445980589072     
 B before wg2 wg2 ==>    47.528175906241273        4.1542390799298152     
 Q value wg2 wg2 ==>   3.07286077929626550E-005  2.68585909160881841E-006
 B after wg2 wg2 ==>   48.023104154134209        4.1542417657889068     
 LTM d(wg2)/d(wg2)  0.83081105846763470     
 B before wg2 wg2 ==>    42.697891938565554        3.5334698921715439     
 Q value wg2 wg2 ==>   2.90936028119118281E-005  2.40764508324205215E-006
 B after wg2 wg2 ==>   40.846998765758535        3.5334722998166272     
 LTM d(wg2)/d(wg2)  0.85577355265517208     
 B before wg2 wg2 ==>    61.437521010488801        5.0842704612342020     
 Q value wg2 wg2 ==>   2.90936028119118281E-005  2.40764508324205215E-006
 B after wg2 wg2 ==>   58.774279229716726        5.0842728688792853     
 LTM d(wg2)/d(wg2)  0.95564166657907690     
 B before wg2 wg2 ==>    108.32767789502817        9.4684692683625560     
 Q value wg2 wg2 ==>   3.07286077929626550E-005  2.68585909160881841E-006
 B after wg2 wg2 ==>   109.45569383628172        9.4684719542216484     
 LTM d(wg2)/d(wg2)  0.95379570101967004     
 B before wg2 wg2 ==>    81.785518398581388        7.1485301134624386     
 Q value wg2 wg2 ==>   3.07286077929626550E-005  2.68585909160881841E-006
 B after wg2 wg2 ==>   82.637158481764345        7.1485327993215302     
 LTM d(wg2)/d(wg2)  0.93898655107012885     
 B before wg2 wg2 ==>    147.87479727654181        12.788145589190277     
 Q value wg2 wg2 ==>   3.04029659989458205E-005  2.62923474924958071E-006
 B after wg2 wg2 ==>   147.83120686171858        12.788148218425027     
 LTM d(wg2)/d(wg2)  0.95254752499958684     
 B before wg2 wg2 ==>    123.33544779900345        10.780235669006212     
 Q value wg2 wg2 ==>   3.07286077929626550E-005  2.68585909160881841E-006
 B after wg2 wg2 ==>   124.61973532341482        10.780238354865304     
 LTM d(wg2)/d(wg2)  0.92396490234016504     
 B before wg2 wg2 ==>    150.49293653202460        12.926493212037421     
 Q value wg2 wg2 ==>   3.01972330036224107E-005  2.59377175061351132E-006
 B after wg2 wg2 ==>   149.43050728114429        12.926495805809171     
 LTM d(wg2)/d(wg2)  0.86873400117956845     
 B before wg2 wg2 ==>    153.12703467195482        12.781754562225700     
 Q value wg2 wg2 ==>   2.93454751338267236E-005  2.44951299080545413E-006
 B after wg2 wg2 ==>   147.75732440574404        12.781757011738691     
 LTM d(wg2)/d(wg2)  0.86837651722457043     
 B before wg2 wg2 ==>    106.59596155567964        8.8977326626091973     
 Q value wg2 wg2 ==>   2.93454751338267236E-005  2.44951299080545413E-006
 B after wg2 wg2 ==>   102.85796641500848        8.8977351121221879     
 LTM d(wg2)/d(wg2)  0.86096991714530491     
 B before wg2 wg2 ==>    52.507051586054523        4.3828462269699413     
 Q value wg2 wg2 ==>   2.93454751338267236E-005  2.44951299080545413E-006
 B after wg2 wg2 ==>   50.665803857609269        4.3828486764829320     
 LTM d(wg2)/d(wg2)  0.85811799620156337     
 B before wg2 wg2 ==>    20.609595013234099        1.7203153293627746     
 Q value wg2 wg2 ==>   2.93454751338267236E-005  2.44951299080545413E-006
 B after wg2 wg2 ==>   19.886902238938614        1.7203177788757655     
 LTM d(wg2)/d(wg2)  0.85854720110655625     
 B before wg2 wg2 ==>    55.820917894768357        4.6594598628360755     
 Q value wg2 wg2 ==>   2.93454751338267236E-005  2.44951299080545413E-006
 B after wg2 wg2 ==>   53.863462105390731        4.6594623123490662     
 LTM d(wg2)/d(wg2)  0.85709885607617264     
 B before wg2 wg2 ==>    63.729292768590355        5.2739263467901516     
 Q value wg2 wg2 ==>   2.90936028119118281E-005  2.40764508324205215E-006
 B after wg2 wg2 ==>   60.966704432434391        5.2739287544352349     
 LTM d(wg2)/d(wg2)  0.84421426634247954     
 B before wg2 wg2 ==>    157.32700405980336        13.019617757024594     
 Q value wg2 wg2 ==>   2.90936028119118281E-005  2.40764508324205215E-006
 B after wg2 wg2 ==>   150.50702642398136        13.019620164669677     
 LTM d(wg2)/d(wg2)  0.85580413806315336     
 B before wg2 wg2 ==>    89.679699668694383        7.4544680806763743     
 Q value wg2 wg2 ==>   2.92230175200690624E-005  2.42911218624928276E-006
 B after wg2 wg2 ==>   86.173803521402633        7.4544705097885604     
 LTM d(wg2)/d(wg2)  0.84361431290956157     
 B before wg2 wg2 ==>    44.155084414599713        3.6540600549967719     
 Q value wg2 wg2 ==>   2.90936028119118281E-005  2.40764508324205215E-006
 B after wg2 wg2 ==>   42.241023060880458        3.6540624626418552     
 LTM d(wg2)/d(wg2)  0.84177102391314318     
 B before wg2 wg2 ==>    44.269112659226110        3.6634964779898378     
 Q value wg2 wg2 ==>   2.90936028119118281E-005  2.40764508324205215E-006
 B after wg2 wg2 ==>   42.350108268190823        3.6634988856349211     
 LTM d(wg2)/d(wg2)  0.84077359335108104     
 B before wg2 wg2 ==>    58.220702609007425        4.8180622140782958     
 Q value wg2 wg2 ==>   2.90936028119118281E-005  2.40764508324205215E-006
 B after wg2 wg2 ==>   55.696907449109773        4.8180646217233791     
 LTM d(wg2)/d(wg2)  0.84558276471459504     
 B before wg2 wg2 ==>    55.642192317213521        4.6046772419157964     
 Q value wg2 wg2 ==>   2.90936028119118281E-005  2.40764508324205215E-006
 B after wg2 wg2 ==>   53.230173609140131        4.6046796495608797     
 LTM d(wg2)/d(wg2)  0.83383173564429258     
 B before wg2 wg2 ==>    36.511012632299995        3.0214738482768544     
 Q value wg2 wg2 ==>   2.90936028119118281E-005  2.40764508324205215E-006
 B after wg2 wg2 ==>   34.928315952219862        3.0214762559219377     
 LTM d(wg2)/d(wg2)  0.83447435898855438     
 B before wg2 wg2 ==>    12.373793443391937        1.0239949702220341     
 Q value wg2 wg2 ==>   2.90936028119118281E-005  2.40764508324205215E-006
 B after wg2 wg2 ==>   11.837426780464300        1.0239973778671174     
 LTM d(wg2)/d(wg2)  0.84024452295286334     
 B before wg2 wg2 ==>    48.931366093935836        4.0614409726957206     
 Q value wg2 wg2 ==>   2.91806760355357335E-005  2.42207816217853024E-006
 B after wg2 wg2 ==>   46.950353436232220        4.0614433947738826     
 LTM d(wg2)/d(wg2)  0.83417416275137146     
 B before wg2 wg2 ==>    12.324989243519052        1.0199561719808825     
 Q value wg2 wg2 ==>   2.90936028119118281E-005  2.40764508324205215E-006
 B after wg2 wg2 ==>   11.790738205381929        1.0199585796259658     
 LTM d(wg2)/d(wg2)  0.83519119416565513     
 B before wg2 wg2 ==>    52.804717407964183        4.3698616173868272     
 Q value wg2 wg2 ==>   2.90936028119118281E-005  2.40764508324205215E-006
 B after wg2 wg2 ==>   50.515701070098750        4.3698640250319105     
 LTM d(wg2)/d(wg2)  0.83728899820339375     
 B before wg2 wg2 ==>    53.454080399927882        4.4235997406762753     
 Q value wg2 wg2 ==>   2.90936028119118281E-005  2.40764508324205215E-006
 B after wg2 wg2 ==>   51.136914672308727        4.4236021483213586     
 LTM d(wg2)/d(wg2)  0.83969111264185359     
 B before wg2 wg2 ==>    53.331870524755317        4.4134862457274000     
 Q value wg2 wg2 ==>   2.90936028119118281E-005  2.40764508324205215E-006
 B after wg2 wg2 ==>   51.020002501887681        4.4134886533724833     
 LTM d(wg2)/d(wg2)  0.83643841033134148     
 B before wg2 wg2 ==>    108.29033451190095        8.9615814560947609     
 Q value wg2 wg2 ==>   2.90936028119118281E-005  2.40764508324205215E-006
 B after wg2 wg2 ==>   103.59605904945673        8.9615838637398433     
 LTM d(wg2)/d(wg2)  0.97068088350619008     
 B before wg2 wg2 ==>    162.58896119121104        14.211221105521636     
 Q value wg2 wg2 ==>   3.07286077929626550E-005  2.68585909160881841E-006
 B after wg2 wg2 ==>   164.28198423872513        14.211223791380728     
 LTM d(wg2)/d(wg2)  0.96839052227763900     
 B before wg2 wg2 ==>    43.768422039762669        3.8256147187960310     
 Q value wg2 wg2 ==>   3.07286077929626550E-005  2.68585909160881841E-006
 B after wg2 wg2 ==>   44.224201054108072        3.8256174046551226     
 LTM d(wg2)/d(wg2)  0.97100091005111044     
 B before wg2 wg2 ==>    45.632340910069892        3.9885320718230823     
 Q value wg2 wg2 ==>   3.07286077929626550E-005  2.68585909160881841E-006
 B after wg2 wg2 ==>   46.107528374478456        3.9885347576821739     
 LTM d(wg2)/d(wg2)  0.93510506974997187     
 B before wg2 wg2 ==>    48.636834589183614        4.1671110066654160     
 Q value wg2 wg2 ==>   3.01212029042410758E-005  2.58072708095562267E-006
 B after wg2 wg2 ==>   48.171902626725100        4.1671135873924969     
 LTM d(wg2)/d(wg2)  0.89198702156821263     
 B before wg2 wg2 ==>    94.998456127129373        8.0625350316134003     
 Q value wg2 wg2 ==>   2.98371688089162803E-005  2.53228556097924718E-006
 B after wg2 wg2 ==>   93.203068816629369        8.0625375638989620     
 LTM d(wg2)/d(wg2)  0.86345769993626043     
 B before wg2 wg2 ==>    49.541200083719673        4.0997887944851721     
 Q value wg2 wg2 ==>   2.90936028119118281E-005  2.40764508324205215E-006
 B after wg2 wg2 ==>   47.393654729364357        4.0997912021302554     
 LTM d(wg2)/d(wg2)  0.95224490145698448     
 B before wg2 wg2 ==>    145.19798050203067        12.691148217392753     
 Q value wg2 wg2 ==>   3.07286077929626550E-005  2.68585909160881841E-006
 B after wg2 wg2 ==>   146.70991627926051        12.691150903251845     
 LTM d(wg2)/d(wg2)  0.94813365361059165     
 B before wg2 wg2 ==>    142.96856917796484        12.496284697573635     
 Q value wg2 wg2 ==>   3.07286077929626550E-005  2.68585909160881841E-006
 B after wg2 wg2 ==>   144.45729073753603        12.496287383432728     
 LTM d(wg2)/d(wg2)  0.94825247629162246     
 B before wg2 wg2 ==>    143.17535569290919        12.514359042006271     
 Q value wg2 wg2 ==>   3.07286077929626550E-005  2.68585909160881841E-006
 B after wg2 wg2 ==>   144.66623046086997        12.514361727865364     
 LTM d(wg2)/d(wg2)  0.94581637823628395     
 B before wg2 wg2 ==>    119.51301385767107        10.446132704674945     
 Q value wg2 wg2 ==>   3.07286077929626550E-005  2.68585909160881841E-006
 B after wg2 wg2 ==>   120.75749947897823        10.446135390534037     
 LTM d(wg2)/d(wg2)  0.92703649638119445     
 B before wg2 wg2 ==>    107.36357851842362        9.2847537129835622     
 Q value wg2 wg2 ==>   3.04029659989458205E-005  2.62923474924958071E-006
 B after wg2 wg2 ==>   107.33193829498590        9.2847563422183121     
 LTM d(wg2)/d(wg2)  0.87242602770449373     
 B before wg2 wg2 ==>    152.05701083164209        12.692437988363302     
 Q value wg2 wg2 ==>   2.93454751338267236E-005  2.44951299080545413E-006
 B after wg2 wg2 ==>   146.72482332104371        12.692440437876293     
 LTM d(wg2)/d(wg2)  0.86831741143656116     
 B before wg2 wg2 ==>    98.481908175456837        8.2204398577626314     
 Q value wg2 wg2 ==>   2.93454751338267236E-005  2.44951299080545413E-006
 B after wg2 wg2 ==>   95.028450285771939        8.2204423072756221     
 LTM d(wg2)/d(wg2)  0.86890145908174377     
 B before wg2 wg2 ==>    87.692262507218004        7.3198111540183355     
 Q value wg2 wg2 ==>   2.93454751338267236E-005  2.44951299080545413E-006
 B after wg2 wg2 ==>   84.617167437407986        7.3198136035313262     
 LTM d(wg2)/d(wg2)  0.85964198665727531     
 B before wg2 wg2 ==>    88.358817572965918        7.3754495543233505     
 Q value wg2 wg2 ==>   2.93454751338267236E-005  2.44951299080545413E-006
 B after wg2 wg2 ==>   85.260348273636893        7.3754520038363411     
 LTM d(wg2)/d(wg2)  0.83241203613736314     
 B before wg2 wg2 ==>    56.218290563202586        4.6304652057680951     
 Q value wg2 wg2 ==>   2.89567311206786931E-005  2.38504469957769137E-006
 B after wg2 wg2 ==>   53.528282640458443        4.6304675908127946     
 LTM d(wg2)/d(wg2)  0.80032243406050352     
 B before wg2 wg2 ==>    154.90343545933609        12.555520408887304     
 Q value wg2 wg2 ==>   2.84954954721335405E-005  2.30966972359789013E-006
 B after wg2 wg2 ==>   145.14205220031505        12.555522718557027     
 LTM d(wg2)/d(wg2)  0.86664405934673949     
 B before wg2 wg2 ==>    170.51842853135437        14.233441576749707     
 Q value wg2 wg2 ==>   2.93454751338267236E-005  2.44951299080545413E-006
 B after wg2 wg2 ==>   164.53885052485555        14.233444026262697     
 LTM d(wg2)/d(wg2)  0.85403333439417806     
 B before wg2 wg2 ==>    61.892720199019429        5.1556513434837363     
 Q value wg2 wg2 ==>   2.92850866727977044E-005  2.43944192407686732E-006
 B after wg2 wg2 ==>   59.599443787566045        5.1556537829256603     
 LTM d(wg2)/d(wg2)  0.84356211915196466     
 B before wg2 wg2 ==>    44.596151330011885        3.6905606079581279     
 Q value wg2 wg2 ==>   2.90936028119118281E-005  2.40764508324205215E-006
 B after wg2 wg2 ==>   42.662970062372274        3.6905630156032112     
 LTM d(wg2)/d(wg2)  0.84567824286427729     
 B before wg2 wg2 ==>    93.702840912058548        7.7543914263984171     
 Q value wg2 wg2 ==>   2.90936028119118281E-005  2.40764508324205215E-006
 B after wg2 wg2 ==>   89.640922156038457        7.7543938340435004     
 LTM d(wg2)/d(wg2)  0.84218608003515472     
 B before wg2 wg2 ==>    43.886251599117855        3.6318127585517948     
 Q value wg2 wg2 ==>   2.90936028119118281E-005  2.40764508324205215E-006
 B after wg2 wg2 ==>   41.983843942629946        3.6318151661968781     
 LTM d(wg2)/d(wg2)  0.83600097408530016     
 B before wg2 wg2 ==>    71.651661234054416        5.9295430336205923     
 Q value wg2 wg2 ==>   2.90936028119118281E-005  2.40764508324205215E-006
 B after wg2 wg2 ==>   68.545644275591926        5.9295454412656756     
 LTM d(wg2)/d(wg2)  0.83488916036906513     
 B before wg2 wg2 ==>    36.512209672821861        3.0215729095291008     
 Q value wg2 wg2 ==>   2.90936028119118281E-005  2.40764508324205215E-006
 B after wg2 wg2 ==>   34.929461101949343        3.0215753171741841     
 LTM d(wg2)/d(wg2)  0.83620098116898389     
 B before wg2 wg2 ==>    55.559854459279016        4.5978633612114264     
 Q value wg2 wg2 ==>   2.90936028119118281E-005  2.40764508324205215E-006
 B after wg2 wg2 ==>   53.151405034461938        4.5978657688565097     
 LTM d(wg2)/d(wg2)  0.83737501366021305     
 B before wg2 wg2 ==>    48.466048037605276        4.0108144397344052     
 Q value wg2 wg2 ==>   2.90936028119118281E-005  2.40764508324205215E-006
 B after wg2 wg2 ==>   46.365109703306750        4.0108168473794885     
 LTM d(wg2)/d(wg2)  0.83747799258491096     
 B before wg2 wg2 ==>    11.718931191978573       0.96980175496405074     
 Q value wg2 wg2 ==>   2.90936028119118281E-005  2.40764508324205215E-006
 B after wg2 wg2 ==>   11.210952307501765       0.96980416260913394     
 LTM d(wg2)/d(wg2)  0.83731236276302823     
 B before wg2 wg2 ==>    11.784037176234561       0.97518960960333190     
 Q value wg2 wg2 ==>   2.90936028119118281E-005  2.40764508324205215E-006
 B after wg2 wg2 ==>   11.273235997064642       0.97519201724841509     
 LTM d(wg2)/d(wg2)  0.84029272758618045     
 B before wg2 wg2 ==>    52.979214953207006        4.3843021856298803     
 Q value wg2 wg2 ==>   2.90936028119118281E-005  2.40764508324205215E-006
 B after wg2 wg2 ==>   50.682634280026967        4.3843045932749636     
 LTM d(wg2)/d(wg2)  0.83876842551467501     
 B before wg2 wg2 ==>    53.440571791227292        4.4224818339141017     
 Q value wg2 wg2 ==>   2.90936028119118281E-005  2.40764508324205215E-006
 B after wg2 wg2 ==>   51.123991651478164        4.4224842415591850     
 LTM d(wg2)/d(wg2)  0.84870342267527110     
 B before wg2 wg2 ==>    54.604468029951065        4.5188002264722034     
 Q value wg2 wg2 ==>   2.90936028119118281E-005  2.40764508324205215E-006
 B after wg2 wg2 ==>   52.237433877173501        4.5188026341172867     
 LTM d(wg2)/d(wg2)  0.96913294019599616     
 B before wg2 wg2 ==>    7.6577884963428238       0.66933526546653832     
 Q value wg2 wg2 ==>   3.07286077929626550E-005  2.68585909160881841E-006
 B after wg2 wg2 ==>   7.7375578897539992       0.66933795132562990     
 LTM d(wg2)/d(wg2)  0.94934970872378621     
 B before wg2 wg2 ==>    17.269964306353771        1.5094953522301422     
 Q value wg2 wg2 ==>   3.07286077929626550E-005  2.68585909160881841E-006
 B after wg2 wg2 ==>   17.449822516493391        1.5094980380892338     
 LTM d(wg2)/d(wg2)  0.95114633722749642     
 B before wg2 wg2 ==>    92.332190066659095        8.0703705748583818     
 Q value wg2 wg2 ==>   3.07286077929626550E-005  2.68585909160881841E-006
 B after wg2 wg2 ==>   93.293649602642958        8.0703732607174743     
 LTM d(wg2)/d(wg2)  0.85113514460853046     
 B before wg2 wg2 ==>    45.760668014621388        3.7869303456004340     
 Q value wg2 wg2 ==>   2.90936028119118281E-005  2.40764508324205215E-006
 B after wg2 wg2 ==>   43.777005838098049        3.7869327532455173     
 LTM d(wg2)/d(wg2)  0.85091136526158251     
 B before wg2 wg2 ==>    46.349165971819176        3.8356315746061838     
 Q value wg2 wg2 ==>   2.90936028119118281E-005  2.40764508324205215E-006
 B after wg2 wg2 ==>   44.339992858313835        3.8356339822512671     
 LTM d(wg2)/d(wg2)  0.86156271174932519     
 B before wg2 wg2 ==>    48.623631118221404        4.0238552491419020     
 Q value wg2 wg2 ==>   2.90936028119118281E-005  2.40764508324205215E-006
 B after wg2 wg2 ==>   46.515861677731493        4.0238576567869853     
 LTM d(wg2)/d(wg2)  0.95404805881130761     
 B before wg2 wg2 ==>    61.094862519744481        5.3400464171639532     
 Q value wg2 wg2 ==>   3.07286077929626550E-005  2.68585909160881841E-006
 B after wg2 wg2 ==>   61.731056765774589        5.3400491030230448     
 LTM d(wg2)/d(wg2)  0.94767180774602489     
 B before wg2 wg2 ==>    143.53613321473537        12.545893096317279     
 Q value wg2 wg2 ==>   3.07286077929626550E-005  2.68585909160881841E-006
 B after wg2 wg2 ==>   145.03076465506413        12.545895782176371     
 LTM d(wg2)/d(wg2)  0.94417479385423020     
 B before wg2 wg2 ==>    99.252045826942563        8.6752062261056686     
 Q value wg2 wg2 ==>   3.07286077929626550E-005  2.68585909160881841E-006
 B after wg2 wg2 ==>   100.28555982683427        8.6752089119647611     
 LTM d(wg2)/d(wg2)  0.97449001689182091     
 B before wg2 wg2 ==>    98.686520005461091        8.6257759792360584     
 Q value wg2 wg2 ==>   3.07286077929626550E-005  2.68585909160881841E-006
 B after wg2 wg2 ==>   99.714145347943671        8.6257786650951509     
 LTM d(wg2)/d(wg2)  0.97137377189725860     
 B before wg2 wg2 ==>    109.43754653785560        9.5654782446531215     
 Q value wg2 wg2 ==>   3.07286077929626550E-005  2.68585909160881841E-006
 B after wg2 wg2 ==>   110.57711922145140        9.5654809305122139     
 LTM d(wg2)/d(wg2)  0.91315961610964025     
 B before wg2 wg2 ==>    107.22459645647832        9.0954290169711758     
 Q value wg2 wg2 ==>   2.98216255360477459E-005  2.52964792778597012E-006
 B after wg2 wg2 ==>   105.14334049769464        9.0954315466191034     
 LTM d(wg2)/d(wg2)  0.87559093147315481     
 B before wg2 wg2 ==>    102.48153618288856        8.5542951018135316     
 Q value wg2 wg2 ==>   2.93454751338267236E-005  2.44951299080545413E-006
 B after wg2 wg2 ==>   98.887822479632590        8.5542975513265223     
 LTM d(wg2)/d(wg2)  0.87411157002177098     
 B before wg2 wg2 ==>    102.17099034613339        8.5283733521092486     
 Q value wg2 wg2 ==>   2.93454751338267236E-005  2.44951299080545413E-006
 B after wg2 wg2 ==>   98.588166620371396        8.5283758016222393     
 LTM d(wg2)/d(wg2)  0.86635581581999199     
 B before wg2 wg2 ==>    151.92217157952902        12.681182743791005     
 Q value wg2 wg2 ==>   2.93454751338267236E-005  2.44951299080545413E-006
 B after wg2 wg2 ==>   146.59471250591812        12.681185193303996     
 LTM d(wg2)/d(wg2)  0.80389168194249050     
 B before wg2 wg2 ==>    91.901978044305309        7.4490094911761595     
 Q value wg2 wg2 ==>   2.84954954721335405E-005  2.30966972359789013E-006
 B after wg2 wg2 ==>   86.110700754909814        7.4490118008458834     
 LTM d(wg2)/d(wg2)  0.78199702155056949     
 B before wg2 wg2 ==>    55.466530859182100        4.4957760823545714     
 Q value wg2 wg2 ==>   2.84954954721335405E-005  2.30966972359789013E-006
 B after wg2 wg2 ==>   51.971273254263352        4.4957783920242953     
 LTM d(wg2)/d(wg2)  0.85090024711775125     
 B before wg2 wg2 ==>    160.58878253225035        13.404598398781609     
 Q value wg2 wg2 ==>   2.93454751338267236E-005  2.44951299080545413E-006
 B after wg2 wg2 ==>   154.95740955269136        13.404600848294599     
 LTM d(wg2)/d(wg2)  0.85554806883834056     
 B before wg2 wg2 ==>    62.118687757169823        5.1851446241393022     
 Q value wg2 wg2 ==>   2.93454751338267236E-005  2.44951299080545413E-006
 B after wg2 wg2 ==>   59.940386720660904        5.1851470736522929     
 LTM d(wg2)/d(wg2)  0.85155694723264752     
 B before wg2 wg2 ==>    62.393341642838841        5.1788227961007820     
 Q value wg2 wg2 ==>   2.91806760355357335E-005  2.42207816217853024E-006
 B after wg2 wg2 ==>   59.867305965866080        5.1788252181789440     
 LTM d(wg2)/d(wg2)  0.84827822199856207     
 B before wg2 wg2 ==>    107.43360694088527        8.8906828486803064     
 Q value wg2 wg2 ==>   2.90936028119118281E-005  2.40764508324205215E-006
 B after wg2 wg2 ==>   102.77646996432297        8.8906852563253889     
 LTM d(wg2)/d(wg2)  0.83931181652171083     
 B before wg2 wg2 ==>    93.351797912971733        7.7253408149556897     
 Q value wg2 wg2 ==>   2.90936028119118281E-005  2.40764508324205215E-006
 B after wg2 wg2 ==>   89.305096602854647        7.7253432226007730     
 LTM d(wg2)/d(wg2)  0.83914519484878269     
 B before wg2 wg2 ==>    57.718771977645638        4.7765248759720649     
 Q value wg2 wg2 ==>   2.90936028119118281E-005  2.40764508324205215E-006
 B after wg2 wg2 ==>   55.216735127270383        4.7765272836171482     
 LTM d(wg2)/d(wg2)  0.83423162748971824     
 B before wg2 wg2 ==>    43.390727974658894        3.5908056331788440     
 Q value wg2 wg2 ==>   2.90936028119118281E-005  2.40764508324205215E-006
 B after wg2 wg2 ==>   41.509800888837461        3.5908080408239273     
 LTM d(wg2)/d(wg2)  0.83461403669535961     
 B before wg2 wg2 ==>    36.334269885971509        3.0068474781106178     
 Q value wg2 wg2 ==>   2.90936028119118281E-005  2.40764508324205215E-006
 B after wg2 wg2 ==>   34.759234868958281        3.0068498857557011     
 LTM d(wg2)/d(wg2)  0.83597522377880429     
 B before wg2 wg2 ==>    36.334744517650549        3.0068867563201880     
 Q value wg2 wg2 ==>   2.90936028119118281E-005  2.40764508324205215E-006
 B after wg2 wg2 ==>   34.759688925716539        3.0068891639652713     
 LTM d(wg2)/d(wg2)  0.83965263973546789     
 B before wg2 wg2 ==>    16.222275637680735        1.3424766410184166     
 Q value wg2 wg2 ==>   2.90936028119118281E-005  2.40764508324205215E-006
 B after wg2 wg2 ==>   15.519080210890701        1.3424790486634999     
 LTM d(wg2)/d(wg2)  0.83607436127111712     
 B before wg2 wg2 ==>    11.827029377235352       0.97874743508223516     
 Q value wg2 wg2 ==>   2.90936028119118281E-005  2.40764508324205215E-006
 B after wg2 wg2 ==>   11.314364518987139       0.97874984272731835     
 LTM d(wg2)/d(wg2)  0.83706398823712402     
 B before wg2 wg2 ==>    76.180043888142961        6.3042899600373845     
 Q value wg2 wg2 ==>   2.90936028119118281E-005  2.40764508324205215E-006
 B after wg2 wg2 ==>   72.877725000156502        6.3042923676824678     
 LTM d(wg2)/d(wg2)  0.91222164297011754     
 B before wg2 wg2 ==>    15.748083623827801        1.3492656986631775     
 Q value wg2 wg2 ==>   3.01212029042410758E-005  2.58072708095562267E-006
 B after wg2 wg2 ==>   15.597563831416252        1.3492682793902584     
 LTM d(wg2)/d(wg2)  0.97210429096623008     
 B before wg2 wg2 ==>    82.743761545018856        7.2322861392535049     
 Q value wg2 wg2 ==>   3.07286077929626550E-005  2.68585909160881841E-006
 B after wg2 wg2 ==>   83.605379537944714        7.2322888251125965     
 LTM d(wg2)/d(wg2)  0.94814427800252510     
 B before wg2 wg2 ==>    4.8420764192849344       0.41720206606738858     
 Q value wg2 wg2 ==>   3.02912611555760042E-005  2.60994987347998664E-006
 B after wg2 wg2 ==>   4.8228930186406673       0.41720467601726208     
 LTM d(wg2)/d(wg2)  0.97605900532294498     
 B before wg2 wg2 ==>    4.9875248663874130       0.43593868935642255     
 Q value wg2 wg2 ==>   3.07286077929626550E-005  2.68585909160881841E-006
 B after wg2 wg2 ==>   5.0394895741209833       0.43594137521551418     
 LTM d(wg2)/d(wg2)  0.84634123763104019     
 B before wg2 wg2 ==>    21.803709456480760        1.8043689607201487     
 Q value wg2 wg2 ==>   2.90936028119118281E-005  2.40764508324205215E-006
 B after wg2 wg2 ==>   20.858563136439351        1.8043713683652320     
 LTM d(wg2)/d(wg2)  0.89899089440452706     
 B before wg2 wg2 ==>    48.818329916960579        4.1432199131071163     
 Q value wg2 wg2 ==>   2.98371688089162803E-005  2.53228556097924718E-006
 B after wg2 wg2 ==>   47.895720626421927        4.1432224453926771     
 LTM d(wg2)/d(wg2)  0.84678941584866996     
 B before wg2 wg2 ==>    45.575796455447410        3.7716312744144385     
 Q value wg2 wg2 ==>   2.90936028119118281E-005  2.40764508324205215E-006
 B after wg2 wg2 ==>   43.600148319819482        3.7716336820595218     
 LTM d(wg2)/d(wg2)  0.85401182912884388     
 B before wg2 wg2 ==>    45.832560972406128        3.7928798571631370     
 Q value wg2 wg2 ==>   2.90936028119118281E-005  2.40764508324205215E-006
 B after wg2 wg2 ==>   43.845782291070726        3.7928822648082203     
 LTM d(wg2)/d(wg2)  0.86614122389962123     
 B before wg2 wg2 ==>    60.938181699002321        5.0429475681589704     
 Q value wg2 wg2 ==>   2.90936028119118281E-005  2.40764508324205215E-006
 B after wg2 wg2 ==>   58.296585896015152        5.0429499758040537     
 LTM d(wg2)/d(wg2)  0.93498816838596988     
 B before wg2 wg2 ==>    51.218554477187091        4.4230958674993142     
 Q value wg2 wg2 ==>   3.03599868600416512E-005  2.62180637053696517E-006
 B after wg2 wg2 ==>   51.131092365680580        4.4230984893056844     
 LTM d(wg2)/d(wg2)  0.95149773970028184     
 B before wg2 wg2 ==>    112.80064654831966        9.8594327511492885     
 Q value wg2 wg2 ==>   3.07286077929626550E-005  2.68585909160881841E-006
 B after wg2 wg2 ==>   113.97523822316572        9.8594354370083810     
 LTM d(wg2)/d(wg2)  0.94442612804046855     
 B before wg2 wg2 ==>    101.37200940860843        8.8605033765024679     
 Q value wg2 wg2 ==>   3.07286077929626550E-005  2.68585909160881841E-006
 B after wg2 wg2 ==>   102.42759797835718        8.8605060623615604     
 LTM d(wg2)/d(wg2)  0.97108156596860407     
 B before wg2 wg2 ==>    96.010063969242680        8.3918381507928572     
 Q value wg2 wg2 ==>   3.07286077929626550E-005  2.68585909160881841E-006
 B after wg2 wg2 ==>   97.009820146305728        8.3918408366519497     
 LTM d(wg2)/d(wg2)  0.96889507334221880     
 B before wg2 wg2 ==>    107.25499075186261        9.3747101714540744     
 Q value wg2 wg2 ==>   3.07286077929626550E-005  2.68585909160881841E-006
 B after wg2 wg2 ==>   108.37183711101515        9.3747128573131668     
 LTM d(wg2)/d(wg2)  0.95538800921481704     
 B before wg2 wg2 ==>    139.70688241470140        12.000032086716919     
 Q value wg2 wg2 ==>   3.01972330036224107E-005  2.59377175061351132E-006
 B after wg2 wg2 ==>   138.72060120817076        12.000034680488669     
 LTM d(wg2)/d(wg2)  0.88758269123027345     
 B before wg2 wg2 ==>    107.80093713220094        8.9983138702683600     
 Q value wg2 wg2 ==>   2.93454751338267236E-005  2.44951299080545413E-006
 B after wg2 wg2 ==>   104.02068685442597        8.9983163197813507     
 LTM d(wg2)/d(wg2)  0.87269495152803900     
 B before wg2 wg2 ==>    100.23733033874734        8.3669677082649176     
 Q value wg2 wg2 ==>   2.93454751338267236E-005  2.44951299080545413E-006
 B after wg2 wg2 ==>   96.722314683386358        8.3669701577779083     
 LTM d(wg2)/d(wg2)  0.86620256879249902     
 B before wg2 wg2 ==>    92.745914170312702        7.7416474113392031     
 Q value wg2 wg2 ==>   2.93454751338267236E-005  2.44951299080545413E-006
 B after wg2 wg2 ==>   89.493601613227582        7.7416498608521938     
 LTM d(wg2)/d(wg2)  0.80094333530887130     
 B before wg2 wg2 ==>    53.443602317399069        4.3318099281065274     
 Q value wg2 wg2 ==>   2.84954954721335405E-005  2.30966972359789013E-006
 B after wg2 wg2 ==>   50.075821774271958        4.3318122377762514     
 LTM d(wg2)/d(wg2)  0.78638179410662057     
 B before wg2 wg2 ==>    114.87265474748257        9.3108713620731720     
 Q value wg2 wg2 ==>   2.84954954721335405E-005  2.30966972359789013E-006
 B after wg2 wg2 ==>   107.63385506023432        9.3108736717428950     
 LTM d(wg2)/d(wg2)  0.87188383674686210     
 B before wg2 wg2 ==>    11.125605413207136       0.92867179236135255     
 Q value wg2 wg2 ==>   2.93454751338267236E-005  2.44951299080545413E-006
 B after wg2 wg2 ==>   10.735489737276742       0.92867424187434333     
 LTM d(wg2)/d(wg2)  0.85590097352302186     
 B before wg2 wg2 ==>    151.90592520945756        12.679826633714001     
 Q value wg2 wg2 ==>   2.93454751338267236E-005  2.44951299080545413E-006
 B after wg2 wg2 ==>   146.57903585079208        12.679829083226991     
 LTM d(wg2)/d(wg2)  0.86003192966187303     
 B before wg2 wg2 ==>    80.084129967081253        6.6847483578684601     
 Q value wg2 wg2 ==>   2.93454751338267236E-005  2.44951299080545413E-006
 B after wg2 wg2 ==>   77.275830913598440        6.6847508073814508     
 LTM d(wg2)/d(wg2)  0.84733387140695360     
 B before wg2 wg2 ==>    57.627258753960753        4.7689516866190313     
 Q value wg2 wg2 ==>   2.90936028119118281E-005  2.40764508324205215E-006
 B after wg2 wg2 ==>   55.129188931939446        4.7689540942641147     
 LTM d(wg2)/d(wg2)  0.84244741082205898     
 B before wg2 wg2 ==>    43.571549852366488        3.6057695724207397     
 Q value wg2 wg2 ==>   2.90936028119118281E-005  2.40764508324205215E-006
 B after wg2 wg2 ==>   41.682784276248292        3.6057719800658230     
 LTM d(wg2)/d(wg2)  0.83619593859251262     
 B before wg2 wg2 ==>    70.863852476700472        5.8643478120648194     
 Q value wg2 wg2 ==>   2.90936028119118281E-005  2.40764508324205215E-006
 B after wg2 wg2 ==>   67.791986426184067        5.8643502197099027     
 LTM d(wg2)/d(wg2)  0.83553255010595506     
 B before wg2 wg2 ==>    43.479954706907670        3.5981896036200904     
 Q value wg2 wg2 ==>   2.90936028119118281E-005  2.40764508324205215E-006
 B after wg2 wg2 ==>   41.595159710389751        3.5981920112651737     
 LTM d(wg2)/d(wg2)  0.83551642294835149     
 B before wg2 wg2 ==>    55.389198396307613        4.5837406953595945     
 Q value wg2 wg2 ==>   2.90936028119118281E-005  2.40764508324205215E-006
 B after wg2 wg2 ==>   52.988146781482584        4.5837431030046778     
 LTM d(wg2)/d(wg2)  0.84224833518807585     
 B before wg2 wg2 ==>    86.703172428277185        7.1751329028579596     
 Q value wg2 wg2 ==>   2.90936028119118281E-005  2.40764508324205215E-006
 B after wg2 wg2 ==>   82.944683955065415        7.1751353105030429     
 LTM d(wg2)/d(wg2)  0.84240314148085005     
 B before wg2 wg2 ==>    47.501214890983434        3.9309695406123910     
 Q value wg2 wg2 ==>   2.90936028119118281E-005  2.40764508324205215E-006
 B after wg2 wg2 ==>   45.442101336704219        3.9309719482574743     
 LTM d(wg2)/d(wg2)  0.83514850534759855     
 B before wg2 wg2 ==>    48.301873247404899        3.9972281324979431     
 Q value wg2 wg2 ==>   2.90936028119118281E-005  2.40764508324205215E-006
 B after wg2 wg2 ==>   46.208051764873836        3.9972305401430264     
 LTM d(wg2)/d(wg2)  0.83375936002415685     
 B before wg2 wg2 ==>    11.593489836459469       0.95942083841674941     
 Q value wg2 wg2 ==>   2.90936028119118281E-005  2.40764508324205215E-006
 B after wg2 wg2 ==>   11.090948738939174       0.95942324606183260     
 LTM d(wg2)/d(wg2)  0.92730922520927273     
 B before wg2 wg2 ==>    48.569337781904849        4.1943166772894029     
 Q value wg2 wg2 ==>   3.03599868600416512E-005  2.62180637053696517E-006
 B after wg2 wg2 ==>   48.486401108126230        4.1943192990957732     
 LTM d(wg2)/d(wg2)  0.96772082755471545     
 B before wg2 wg2 ==>    6.2190664770947137       0.54358259089921546     
 Q value wg2 wg2 ==>   3.07286077929626550E-005  2.68585909160881841E-006
 B after wg2 wg2 ==>   6.2838548727220438       0.54358527675830703     
 LTM d(wg2)/d(wg2)  0.88450367122958840     
 B before wg2 wg2 ==>    167.83790943866586        14.301517623359723     
 Q value wg2 wg2 ==>   2.99567440173566616E-005  2.55262296781207919E-006
 B after wg2 wg2 ==>   165.32581195192958        14.301520175982692     
 LTM d(wg2)/d(wg2)  0.87698240974016117     
 B before wg2 wg2 ==>   0.65946425257245445       5.58580729978560564E-002
 Q value wg2 wg2 ==>   2.97781171787643064E-005  2.52227203615919790E-006
 B after wg2 wg2 ==>  0.64574941373171013       5.58605952698922187E-002
 LTM d(wg2)/d(wg2)  0.92457424737503502     
 B before wg2 wg2 ==>    14.977047542526220        1.2933773271987632     
 Q value wg2 wg2 ==>   3.03599868600416512E-005  2.62180637053696517E-006
 B after wg2 wg2 ==>   14.951493799289507        1.2933799490051336     
 LTM d(wg2)/d(wg2)  0.83749340435971087     
 B before wg2 wg2 ==>    43.348256553788360        3.5872909049309083     
 Q value wg2 wg2 ==>   2.90936028119118281E-005  2.40764508324205215E-006
 B after wg2 wg2 ==>   41.469170571624318        3.5872933125759916     
 LTM d(wg2)/d(wg2)  0.84255851436351725     
 B before wg2 wg2 ==>    44.837805251423127        3.7105587113038476     
 Q value wg2 wg2 ==>   2.90936028119118281E-005  2.40764508324205215E-006
 B after wg2 wg2 ==>   42.894148470852372        3.7105611189489309     
 LTM d(wg2)/d(wg2)  0.84343879126879562     
 B before wg2 wg2 ==>    58.975493970692959        4.8805250765358705     
 Q value wg2 wg2 ==>   2.90936028119118281E-005  2.40764508324205215E-006
 B after wg2 wg2 ==>   56.418979181734564        4.8805274841809538     
 LTM d(wg2)/d(wg2)  0.84103230974918863     
 B before wg2 wg2 ==>    44.524097573420427        3.6845977894681634     
 Q value wg2 wg2 ==>   2.90936028119118281E-005  2.40764508324205215E-006
 B after wg2 wg2 ==>   42.594039781098338        3.6846001971132467     
 LTM d(wg2)/d(wg2)  0.83650980080541049     
 B before wg2 wg2 ==>    43.410064731603420        3.5924058491467430     
 Q value wg2 wg2 ==>   2.90936028119118281E-005  2.40764508324205215E-006
 B after wg2 wg2 ==>   41.528299412136796        3.5924082567918263     
 LTM d(wg2)/d(wg2)  0.84656366323969523     
 B before wg2 wg2 ==>    93.899950492538864        7.7707032567128476     
 Q value wg2 wg2 ==>   2.90936028119118281E-005  2.40764508324205215E-006
 B after wg2 wg2 ==>   89.829487186746462        7.7707056643579309     
 LTM d(wg2)/d(wg2)  0.85997334164765760     
 B before wg2 wg2 ==>    85.950489412854623        7.1128445168839836     
 Q value wg2 wg2 ==>   2.90936028119118281E-005  2.40764508324205215E-006
 B after wg2 wg2 ==>   82.224629173503345        7.1128469245290669     
 LTM d(wg2)/d(wg2)  0.93566317447431879     
 B before wg2 wg2 ==>    111.60706338801944        9.6380842039412791     
 Q value wg2 wg2 ==>   3.03599868600416512E-005  2.62180637053696517E-006
 B after wg2 wg2 ==>   111.41644458229334        9.6380868257476493     
 LTM d(wg2)/d(wg2)  0.95057494119640273     
 B before wg2 wg2 ==>    111.12272098691233        9.7127722953774907     
 Q value wg2 wg2 ==>   3.07286077929626550E-005  2.68585909160881841E-006
 B after wg2 wg2 ==>   112.27984090642232        9.7127749812365831     
 LTM d(wg2)/d(wg2)  0.96814201884487505     
 B before wg2 wg2 ==>    107.21340301686321        9.3710751614692374     
 Q value wg2 wg2 ==>   3.07286077929626550E-005  2.68585909160881841E-006
 B after wg2 wg2 ==>   108.32981633491572        9.3710778473283298     
 LTM d(wg2)/d(wg2)  0.97184775265469014     
 B before wg2 wg2 ==>    96.752389481400229        8.4567217191990416     
 Q value wg2 wg2 ==>   3.07286077929626550E-005  2.68585909160881841E-006
 B after wg2 wg2 ==>   97.759875280102293        8.4567244050581341     
 LTM d(wg2)/d(wg2)  0.94308178853797731     
 B before wg2 wg2 ==>    103.61761094127749        9.0567820147436429     
 Q value wg2 wg2 ==>   3.07286077929626550E-005  2.68585909160881841E-006
 B after wg2 wg2 ==>   104.69658231266146        9.0567847006027353     
 LTM d(wg2)/d(wg2)  0.88893421244833870     
 B before wg2 wg2 ==>    214.79106414231654        17.928948143663021     
 Q value wg2 wg2 ==>   2.93454751338267236E-005  2.44951299080545413E-006
 B after wg2 wg2 ==>   207.25896812288920        17.928950593176012     
 LTM d(wg2)/d(wg2)  0.86376198387861280     
 B before wg2 wg2 ==>    97.231829205714348        8.1160937988914554     
 Q value wg2 wg2 ==>   2.93454751338267236E-005  2.44951299080545413E-006
 B after wg2 wg2 ==>   93.822208103501566        8.1160962484044461     
 LTM d(wg2)/d(wg2)  0.82866816851888903     
 B before wg2 wg2 ==>    153.15186794254046        12.518412231844053     
 Q value wg2 wg2 ==>   2.87362103993980932E-005  2.34885628620366283E-006
 B after wg2 wg2 ==>   144.71308150729152        12.518414580700339     
 LTM d(wg2)/d(wg2)  0.80916531032469663     
 B before wg2 wg2 ==>    153.52004092731949        12.443390950758937     
 Q value wg2 wg2 ==>   2.84954954721335405E-005  2.30966972359789013E-006
 B after wg2 wg2 ==>   143.84583379271291        12.443393260428660     
 LTM d(wg2)/d(wg2)  0.82846491472555706     
 B before wg2 wg2 ==>    168.39474278776950        13.649042860487050     
 Q value wg2 wg2 ==>   2.84954954721335405E-005  2.30966972359789013E-006
 B after wg2 wg2 ==>   157.78318999362452        13.649045170156773     
 LTM d(wg2)/d(wg2)  0.87624066949904100     
 B before wg2 wg2 ==>    64.606235023154895        5.3927841091190247     
 Q value wg2 wg2 ==>   2.93454751338267236E-005  2.44951299080545413E-006
 B after wg2 wg2 ==>   62.340702632895336        5.3927865586320154     
 LTM d(wg2)/d(wg2)  0.85554121787819226     
 B before wg2 wg2 ==>    107.10242185024663        8.9400077004203578     
 Q value wg2 wg2 ==>   2.93454751338267236E-005  2.44951299080545413E-006
 B after wg2 wg2 ==>   103.34666655775035        8.9400101499333484     
 LTM d(wg2)/d(wg2)  0.85796653463992034     
 B before wg2 wg2 ==>    106.83212007876614        8.9174451861772006     
 Q value wg2 wg2 ==>   2.93454751338267236E-005  2.44951299080545413E-006
 B after wg2 wg2 ==>   103.08584351649135        8.9174476356901913     
 LTM d(wg2)/d(wg2)  0.83686232649336578     
 B before wg2 wg2 ==>    43.675704913379263        3.6143889387523478     
 Q value wg2 wg2 ==>   2.90936028119118281E-005  2.40764508324205215E-006
 B after wg2 wg2 ==>   41.782424294914087        3.6143913463974311     
 LTM d(wg2)/d(wg2)  0.83614774551746496     
 B before wg2 wg2 ==>    57.434231052826540        4.7529776527886449     
 Q value wg2 wg2 ==>   2.90936028119118281E-005  2.40764508324205215E-006
 B after wg2 wg2 ==>   54.944528834225409        4.7529800604337282     
 LTM d(wg2)/d(wg2)  0.83721290268000248     
 B before wg2 wg2 ==>    36.604430633045290        3.0292046677162610     
 Q value wg2 wg2 ==>   2.90936028119118281E-005  2.40764508324205215E-006
 B after wg2 wg2 ==>   35.017684353980400        3.0292070753613443     
 LTM d(wg2)/d(wg2)  0.83542921747391519     
 B before wg2 wg2 ==>    87.046845168787243        7.2035735875432740     
 Q value wg2 wg2 ==>   2.90936028119118281E-005  2.40764508324205215E-006
 B after wg2 wg2 ==>   83.273458744752787        7.2035759951883573     
 LTM d(wg2)/d(wg2)  0.84080661177117177     
 B before wg2 wg2 ==>    61.538497529330620        5.0926267868733515     
 Q value wg2 wg2 ==>   2.90936028119118281E-005  2.40764508324205215E-006
 B after wg2 wg2 ==>   58.870878493587092        5.0926291945184348     
 LTM d(wg2)/d(wg2)  0.83520052567046510     
 B before wg2 wg2 ==>    11.747395870774316       0.97215735335424303     
 Q value wg2 wg2 ==>   2.90936028119118281E-005  2.40764508324205215E-006
 B after wg2 wg2 ==>   11.238183064211475       0.97215976099932622     
 LTM d(wg2)/d(wg2)  0.91640427063335195     
 B before wg2 wg2 ==>    94.677178432575587        8.0352681393625467     
 Q value wg2 wg2 ==>   2.98371688089162803E-005  2.53228556097924718E-006
 B after wg2 wg2 ==>   92.887863087077022        8.0352706716481084     
 LTM d(wg2)/d(wg2)  0.97307128836741319     
 B before wg2 wg2 ==>    48.180768085990238        4.2112794330398895     
 Q value wg2 wg2 ==>   3.07286077929626550E-005  2.68585909160881841E-006
 B after wg2 wg2 ==>   48.682491588190665        4.2112821188989811     
 LTM d(wg2)/d(wg2)  0.97302120906602763     
 B before wg2 wg2 ==>    47.781956028079016        4.1764209390006837     
 Q value wg2 wg2 ==>   3.07286077929626550E-005  2.68585909160881841E-006
 B after wg2 wg2 ==>   48.279526815247763        4.1764236248597753     
 LTM d(wg2)/d(wg2)  0.96025979869918232     
 B before wg2 wg2 ==>    3.1929829120704913       0.27908528240254832     
 Q value wg2 wg2 ==>   3.07286077929626550E-005  2.68585909160881841E-006
 B after wg2 wg2 ==>   3.2262615715744745       0.27908796826163995     
 LTM d(wg2)/d(wg2)  0.89622778902803724     
 B before wg2 wg2 ==>    90.693244437620095        7.7279980308518148     
 Q value wg2 wg2 ==>   2.99567440173566616E-005  2.55262296781207919E-006
 B after wg2 wg2 ==>   89.335815738914235        7.7280005834747829     
 LTM d(wg2)/d(wg2)  0.88914572436465500     
 B before wg2 wg2 ==>    165.91212351053409        14.137420838061885     
 Q value wg2 wg2 ==>   2.99567440173566616E-005  2.55262296781207919E-006
 B after wg2 wg2 ==>   163.42885037482210        14.137423390684853     
 LTM d(wg2)/d(wg2)  0.80633610788418142     
 B before wg2 wg2 ==>    34.217798161224934        2.8316985708112932     
 Q value wg2 wg2 ==>   2.90936028119118281E-005  2.40764508324205215E-006
 B after wg2 wg2 ==>   32.734510577034229        2.8317009784563765     
 LTM d(wg2)/d(wg2)  0.84422146753783833     
 B before wg2 wg2 ==>    40.420548894127990        3.3450080567899643     
 Q value wg2 wg2 ==>   2.90936028119118281E-005  2.40764508324205215E-006
 B after wg2 wg2 ==>   38.668376802987389        3.3450104644350476     
 LTM d(wg2)/d(wg2)  0.84218859282839076     
 B before wg2 wg2 ==>    43.850068736088083        3.6288184407687947     
 Q value wg2 wg2 ==>   2.90936028119118281E-005  2.40764508324205215E-006
 B after wg2 wg2 ==>   41.949229579078029        3.6288208484138780     
 LTM d(wg2)/d(wg2)  0.83885441044238263     
 B before wg2 wg2 ==>    44.006453869139271        3.6417601138615714     
 Q value wg2 wg2 ==>   2.90936028119118281E-005  2.40764508324205215E-006
 B after wg2 wg2 ==>   42.098835536049855        3.6417625215066547     
 LTM d(wg2)/d(wg2)  0.83851278090917403     
 B before wg2 wg2 ==>    44.204693246346999        3.6581654406588333     
 Q value wg2 wg2 ==>   2.90936028119118281E-005  2.40764508324205215E-006
 B after wg2 wg2 ==>   42.288481387660006        3.6581678483039166     
 LTM d(wg2)/d(wg2)  0.83907445872699216     
 B before wg2 wg2 ==>    44.424397066838047        3.6763470603982142     
 Q value wg2 wg2 ==>   2.90936028119118281E-005  2.40764508324205215E-006
 B after wg2 wg2 ==>   42.498661215330522        3.6763494680432975     
 LTM d(wg2)/d(wg2)  0.84268047997580153     
 B before wg2 wg2 ==>    37.174128764789621        3.0763501145931547     
 Q value wg2 wg2 ==>   2.90936028119118281E-005  2.40764508324205215E-006
 B after wg2 wg2 ==>   35.562686506817869        3.0763525222382380     
 LTM d(wg2)/d(wg2)  0.83391067749255654     
 B before wg2 wg2 ==>    35.757465540164553        2.9591139555162220     
 Q value wg2 wg2 ==>   2.90936028119118281E-005  2.40764508324205215E-006
 B after wg2 wg2 ==>   34.207434551010472        2.9591163631613053     
 LTM d(wg2)/d(wg2)  0.85544479141219354     
 B before wg2 wg2 ==>    48.671750033446934        4.0278373365582549     
 Q value wg2 wg2 ==>   2.90936028119118281E-005  2.40764508324205215E-006
 B after wg2 wg2 ==>   46.561894674732592        4.0278397442033382     
 LTM d(wg2)/d(wg2)  0.86399421387802344     
 B before wg2 wg2 ==>    64.033176021145209        5.2990742469530616     
 Q value wg2 wg2 ==>   2.90936028119118281E-005  2.40764508324205215E-006
 B after wg2 wg2 ==>   61.257414578080393        5.2990766545981449     
 LTM d(wg2)/d(wg2)  0.96696127757831318     
 B before wg2 wg2 ==>    96.924462068085788        8.4717618643458685     
 Q value wg2 wg2 ==>   3.07286077929626550E-005  2.68585909160881841E-006
 B after wg2 wg2 ==>   97.933739609046143        8.4717645502049610     
 LTM d(wg2)/d(wg2)  0.96748758661867873     
 B before wg2 wg2 ==>    92.199117296311996        8.0587392405496345     
 Q value wg2 wg2 ==>   3.07286077929626550E-005  2.68585909160881841E-006
 B after wg2 wg2 ==>   93.159191183886378        8.0587419264087270     
 LTM d(wg2)/d(wg2)  0.97423939953433969     
 B before wg2 wg2 ==>    105.50044158263526        9.2213523665839432     
 Q value wg2 wg2 ==>   3.07286077929626550E-005  2.68585909160881841E-006
 B after wg2 wg2 ==>   106.59901832690447        9.2213550524430357     
 LTM d(wg2)/d(wg2)  0.94013033897602916     
 B before wg2 wg2 ==>    97.294532693980841        8.5041081900171935     
 Q value wg2 wg2 ==>   3.07286077929626550E-005  2.68585909160881841E-006
 B after wg2 wg2 ==>   98.307663673723823        8.5041108758762860     
 LTM d(wg2)/d(wg2)  0.94169413899339838     
 B before wg2 wg2 ==>    149.24932815075601        12.907014397533704     
 Q value wg2 wg2 ==>   3.04029659989458205E-005  2.62923474924958071E-006
 B after wg2 wg2 ==>   149.20533227029844        12.907017026768454     
 LTM d(wg2)/d(wg2)  0.86904196678139833     
 B before wg2 wg2 ==>    153.10441778977221        12.779866695477413     
 Q value wg2 wg2 ==>   2.93454751338267236E-005  2.44951299080545413E-006
 B after wg2 wg2 ==>   147.73550063462201        12.779869144990403     
 LTM d(wg2)/d(wg2)  0.82334107865523798     
 B before wg2 wg2 ==>    71.168936661211845        5.7685165863427441     
 Q value wg2 wg2 ==>   2.84954954721335405E-005  2.30966972359789013E-006
 B after wg2 wg2 ==>   66.684174724648088        5.7685188960124680     
 LTM d(wg2)/d(wg2)  0.81412081652886048     
 B before wg2 wg2 ==>    155.36643491933063        12.593048299421346     
 Q value wg2 wg2 ==>   2.84954954721335405E-005  2.30966972359789013E-006
 B after wg2 wg2 ==>   145.57587524129519        12.593050609091069     
 LTM d(wg2)/d(wg2)  0.81877005881144072     
 B before wg2 wg2 ==>    156.96655834591527        12.722744469681535     
 Q value wg2 wg2 ==>   2.84954954721335405E-005  2.30966972359789013E-006
 B after wg2 wg2 ==>   147.07516513436056        12.722746779351258     
 LTM d(wg2)/d(wg2)  0.79587501027959806     
 B before wg2 wg2 ==>    57.559372223839937        4.7585911342886913     
 Q value wg2 wg2 ==>   2.90646358883578842E-005  2.40285314651824650E-006
 B after wg2 wg2 ==>   55.009420718669972        4.7585935371418380     
 LTM d(wg2)/d(wg2)  0.87995972337048634     
 B before wg2 wg2 ==>    98.710036915074710        8.2394821226679262     
 Q value wg2 wg2 ==>   2.93454751338267236E-005  2.44951299080545413E-006
 B after wg2 wg2 ==>   95.248579185926104        8.2394845721809169     
 LTM d(wg2)/d(wg2)  0.85277889830123133     
 B before wg2 wg2 ==>    44.036258769932402        3.6757758200030159     
 Q value wg2 wg2 ==>   2.93454751338267236E-005  2.44951299080545413E-006
 B after wg2 wg2 ==>   42.492058150820725        3.6757782695160066     
 LTM d(wg2)/d(wg2)  0.85875824743738460     
 B before wg2 wg2 ==>    55.712817120592042        4.6504365210958776     
 Q value wg2 wg2 ==>   2.93454751338267236E-005  2.44951299080545413E-006
 B after wg2 wg2 ==>   53.759152124258570        4.6504389706088682     
 LTM d(wg2)/d(wg2)  0.84433345570174345     
 B before wg2 wg2 ==>    56.017700358533503        4.6357524612774821     
 Q value wg2 wg2 ==>   2.90936028119118281E-005  2.40764508324205215E-006
 B after wg2 wg2 ==>   53.589403663661379        4.6357548689225654     
 LTM d(wg2)/d(wg2)  0.83154438309402245     
 B before wg2 wg2 ==>    11.161166005615614       0.92364382061566064     
 Q value wg2 wg2 ==>   2.90936028119118281E-005  2.40764508324205215E-006
 B after wg2 wg2 ==>   10.677365815977126       0.92364622826074383     
 LTM d(wg2)/d(wg2)  0.83466507984366567     
 B before wg2 wg2 ==>    48.171610011394257        3.9864481805705103     
 Q value wg2 wg2 ==>   2.90936028119118281E-005  2.40764508324205215E-006
 B after wg2 wg2 ==>   46.083435340656330        3.9864505882155936     
 LTM d(wg2)/d(wg2)  0.83815120501917528     
 B before wg2 wg2 ==>    11.583580508899662       0.95860079065807724     
 Q value wg2 wg2 ==>   2.90936028119118281E-005  2.40764508324205215E-006
 B after wg2 wg2 ==>   11.081468973160883       0.95860319830316043     
 LTM d(wg2)/d(wg2)  0.84006458099765258     
 B before wg2 wg2 ==>    74.984039229033016        6.2053144307549921     
 Q value wg2 wg2 ==>   2.90936028119118281E-005  2.40764508324205215E-006
 B after wg2 wg2 ==>   71.733566229576084        6.2053168384000754     
 LTM d(wg2)/d(wg2)  0.83438331784270470     
 B before wg2 wg2 ==>    89.547855760820966        7.4105450614434023     
 Q value wg2 wg2 ==>   2.90936028119118281E-005  2.40764508324205215E-006
 B after wg2 wg2 ==>   85.666052437756832        7.4105474690884856     
 LTM d(wg2)/d(wg2)  0.93405157469036537     
 B before wg2 wg2 ==>    153.18395914256536        13.124508771578840     
 Q value wg2 wg2 ==>   3.01212029042410758E-005  2.58072708095562267E-006
 B after wg2 wg2 ==>   151.71957030387506        13.124511352305921     
 LTM d(wg2)/d(wg2)  0.96894561158172376     
 B before wg2 wg2 ==>    50.994687941804607        4.4572323990420930     
 Q value wg2 wg2 ==>   3.07286077929626550E-005  2.68585909160881841E-006
 B after wg2 wg2 ==>   51.525711980564488        4.4572350849011846     
 LTM d(wg2)/d(wg2)  0.96506762969607673     
 B before wg2 wg2 ==>    51.743959133256148        4.5227230602266060     
 Q value wg2 wg2 ==>   3.07286077929626550E-005  2.68585909160881841E-006
 B after wg2 wg2 ==>   52.282785117011976        4.5227257460856976     
 LTM d(wg2)/d(wg2)  0.95672828916508557     
 B before wg2 wg2 ==>    44.698903982024000        3.9069442538351278     
 Q value wg2 wg2 ==>   3.07286077929626550E-005  2.68585909160881841E-006
 B after wg2 wg2 ==>   45.164371836693270        3.9069469396942194     
 LTM d(wg2)/d(wg2)  0.90413697364158774     
 B before wg2 wg2 ==>    65.869897661658101        5.6127933516793505     
 Q value wg2 wg2 ==>   2.99567440173566616E-005  2.55262296781207919E-006
 B after wg2 wg2 ==>   64.884014341187651        5.6127959043023186     
 LTM d(wg2)/d(wg2)  0.88643463029105074     
 B before wg2 wg2 ==>    88.238093201522915        7.5187938719791818     
 Q value wg2 wg2 ==>   2.99567440173566616E-005  2.55262296781207919E-006
 B after wg2 wg2 ==>   86.917412170360578        7.5187964246021499     
 LTM d(wg2)/d(wg2)  0.92061214328378604     
 B before wg2 wg2 ==>    64.818204350130387        5.5231782553075774     
 Q value wg2 wg2 ==>   2.99567440173566616E-005  2.55262296781207919E-006
 B after wg2 wg2 ==>   63.848062331296113        5.5231808079305456     
 LTM d(wg2)/d(wg2)  0.95423548150995940     
 B before wg2 wg2 ==>    159.01734276214623        13.433425000445974     
 Q value wg2 wg2 ==>   2.96992038395670736E-005  2.50892148253626505E-006
 B after wg2 wg2 ==>   155.29064623586135        13.433427509367457     
 LTM d(wg2)/d(wg2)  0.89472516024495163     
 B before wg2 wg2 ==>    40.727142389109396        3.4072110298768998     
 Q value wg2 wg2 ==>   2.94115314118234576E-005  2.46055304530112829E-006
 B after wg2 wg2 ==>   39.387444821766508        3.4072134904299451     
 LTM d(wg2)/d(wg2)  0.84349026223353751     
 B before wg2 wg2 ==>    36.249785060527053        2.9998559248160692     
 Q value wg2 wg2 ==>   2.90936028119118281E-005  2.40764508324205215E-006
 B after wg2 wg2 ==>   34.678412396171957        2.9998583324611525     
 LTM d(wg2)/d(wg2)  0.84451709657993779     
 B before wg2 wg2 ==>    37.438436340917001        3.0982229242359041     
 Q value wg2 wg2 ==>   2.90936028119118281E-005  2.40764508324205215E-006
 B after wg2 wg2 ==>   35.815536551383779        3.0982253318809874     
 LTM d(wg2)/d(wg2)  0.84458553419290960     
 B before wg2 wg2 ==>    13.851851240178588        1.1463118455223300     
 Q value wg2 wg2 ==>   2.90936028119118281E-005  2.40764508324205215E-006
 B after wg2 wg2 ==>   13.251411900619880        1.1463142531674133     
 LTM d(wg2)/d(wg2)  0.83971002691257757     
 B before wg2 wg2 ==>    13.516963049133993        1.1185981274305226     
 Q value wg2 wg2 ==>   2.90936028119118281E-005  2.40764508324205215E-006
 B after wg2 wg2 ==>   12.931040856887803        1.1186005350756059     
 LTM d(wg2)/d(wg2)  0.84085989212215984     
 B before wg2 wg2 ==>    12.686855131651336        1.0499024330880835     
 Q value wg2 wg2 ==>   2.90936028119118281E-005  2.40764508324205215E-006
 B after wg2 wg2 ==>   12.136917483637033        1.0499048407331668     
 LTM d(wg2)/d(wg2)  0.84664953491532202     
 B before wg2 wg2 ==>    16.622996848323265        1.3756383796587499     
 Q value wg2 wg2 ==>   2.90936028119118281E-005  2.40764508324205215E-006
 B after wg2 wg2 ==>   15.902430463100801        1.3756407873038332     
 LTM d(wg2)/d(wg2)  0.83741664521392178     
 B before wg2 wg2 ==>    8.5310705636189148       0.70598991228678121     
 Q value wg2 wg2 ==>   2.90936028119118281E-005  2.40764508324205215E-006
 B after wg2 wg2 ==>   8.1612830026680641       0.70599231993186440     
 LTM d(wg2)/d(wg2)  0.81311086760153017     
 B before wg2 wg2 ==>    56.706718360558455        4.6927722403528129     
 Q value wg2 wg2 ==>   2.90936028119118281E-005  2.40764508324205215E-006
 B after wg2 wg2 ==>   54.248553261532777        4.6927746479978962     
 LTM d(wg2)/d(wg2)  0.96822092403182347     
 B before wg2 wg2 ==>    93.785958174201497        8.1974383650765876     
 Q value wg2 wg2 ==>   3.07286077929626550E-005  2.68585909160881841E-006
 B after wg2 wg2 ==>   94.762555378550715        8.1974410509356801     
 LTM d(wg2)/d(wg2)  0.96467124937323945     
 B before wg2 wg2 ==>    152.74656627843325        13.350938529825426     
 Q value wg2 wg2 ==>   3.07286077929626550E-005  2.68585909160881841E-006
 B after wg2 wg2 ==>   154.33710330404500        13.350941215684518     
 LTM d(wg2)/d(wg2)  0.96887946544890069     
 B before wg2 wg2 ==>    79.401901521204678        6.9401881311588793     
 Q value wg2 wg2 ==>   3.07286077929626550E-005  2.68585909160881841E-006
 B after wg2 wg2 ==>   80.228721688740436        6.9401908170179709     
 LTM d(wg2)/d(wg2)  0.97016332504310898     
 B before wg2 wg2 ==>    80.858720805037422        7.0675226119357566     
 Q value wg2 wg2 ==>   3.07286077929626550E-005  2.68585909160881841E-006
 B after wg2 wg2 ==>   81.700710411957971        7.0675252977948482     
 LTM d(wg2)/d(wg2)  0.93726210679684074     
 B before wg2 wg2 ==>    148.72458051327456        12.774601418312116     
 Q value wg2 wg2 ==>   3.01972330036224107E-005  2.59377175061351132E-006
 B after wg2 wg2 ==>   147.67463561033810        12.774604012083866     
 LTM d(wg2)/d(wg2)  0.86260046467757878     
 B before wg2 wg2 ==>    83.172601039796405        6.9425478986781464     
 Q value wg2 wg2 ==>   2.93454751338267236E-005  2.44951299080545413E-006
 B after wg2 wg2 ==>   80.255997908486975        6.9425503481911370     
 LTM d(wg2)/d(wg2)  0.82196469627953062     
 B before wg2 wg2 ==>    152.15491188306009        12.332741980804601     
 Q value wg2 wg2 ==>   2.84954954721335405E-005  2.30966972359789013E-006
 B after wg2 wg2 ==>   142.56672985311451        12.332744290474324     
 LTM d(wg2)/d(wg2)  0.80064456619537616     
 B before wg2 wg2 ==>    93.257853145600521        7.5589083933905199     
 Q value wg2 wg2 ==>   2.84954954721335405E-005  2.30966972359789013E-006
 B after wg2 wg2 ==>   87.381133898914129        7.5589107030602438     
 LTM d(wg2)/d(wg2)  0.78515201886392583     
 B before wg2 wg2 ==>    147.68003647208099        11.970036083526260     
 Q value wg2 wg2 ==>   2.84954954721335405E-005  2.30966972359789013E-006
 B after wg2 wg2 ==>   138.37384362637641        11.970038393195983     
 LTM d(wg2)/d(wg2)  0.82488532758061939     
 B before wg2 wg2 ==>    58.428726389081227        4.8771377418010973     
 Q value wg2 wg2 ==>   2.93454751338267236E-005  2.44951299080545413E-006
 B after wg2 wg2 ==>   56.379822019653709        4.8771401913140879     
 LTM d(wg2)/d(wg2)  0.88802979934662407     
 B before wg2 wg2 ==>    112.09319629094996        9.3565954970374534     
 Q value wg2 wg2 ==>   2.93454751338267236E-005  2.44951299080545413E-006
 B after wg2 wg2 ==>   108.16242844022830        9.3565979465504441     
 LTM d(wg2)/d(wg2)  0.85768517097761510     
 B before wg2 wg2 ==>    99.991826621984885        8.3464751266741199     
 Q value wg2 wg2 ==>   2.93454751338267236E-005  2.44951299080545413E-006
 B after wg2 wg2 ==>   96.485420098139443        8.3464775761871106     
 LTM d(wg2)/d(wg2)  0.87294369065868727     
 B before wg2 wg2 ==>    88.492889333869144        7.3866407351965488     
 Q value wg2 wg2 ==>   2.93454751338267236E-005  2.44951299080545413E-006
 B after wg2 wg2 ==>   85.389718511331594        7.3866431847095395     
 LTM d(wg2)/d(wg2)  0.85360230552347938     
 B before wg2 wg2 ==>    72.720861154631066        6.0360359548542988     
 Q value wg2 wg2 ==>   2.91806760355357335E-005  2.42207816217853024E-006
 B after wg2 wg2 ==>   69.776704389454679        6.0360383769324608     
 LTM d(wg2)/d(wg2)  0.84067200892098415     
 B before wg2 wg2 ==>    8.4272138669850207       0.69739523714018925     
 Q value wg2 wg2 ==>   2.90936028119118281E-005  2.40764508324205215E-006
 B after wg2 wg2 ==>   8.0619284145131900       0.69739764478527244     
 LTM d(wg2)/d(wg2)  0.83734198243389579     
 B before wg2 wg2 ==>    91.831887264276261        7.5995604011665581     
 Q value wg2 wg2 ==>   2.90936028119118281E-005  2.40764508324205215E-006
 B after wg2 wg2 ==>   87.851072919955556        7.5995628088116414     
 LTM d(wg2)/d(wg2)  0.84468610604938188     
 B before wg2 wg2 ==>    94.213821208023603        7.7966776707376759     
 Q value wg2 wg2 ==>   2.90936028119118281E-005  2.40764508324205215E-006
 B after wg2 wg2 ==>   90.129751846432214        7.7966800783827592     
 LTM d(wg2)/d(wg2)  0.83428496915505357     
 B before wg2 wg2 ==>    19.380995825887382        1.6038769625818698     
 Q value wg2 wg2 ==>   2.90936028119118281E-005  2.40764508324205215E-006
 B after wg2 wg2 ==>   18.540872291396152        1.6038793702269531     
 LTM d(wg2)/d(wg2)  0.83200712479331307     
 B before wg2 wg2 ==>    60.739891313228206        5.0265380201408147     
 Q value wg2 wg2 ==>   2.90936028119118281E-005  2.40764508324205215E-006
 B after wg2 wg2 ==>   58.106891247021011        5.0265404277858980     
 LTM d(wg2)/d(wg2)  0.96742881991518026     
 B before wg2 wg2 ==>    88.959548702338680        7.7755820985262236     
 Q value wg2 wg2 ==>   3.07286077929626550E-005  2.68585909160881841E-006
 B after wg2 wg2 ==>   89.885889895704139        7.7755847843853152     
 LTM d(wg2)/d(wg2)  0.95908241150594331     
 B before wg2 wg2 ==>    227.96004167257800        19.925033850379585     
 Q value wg2 wg2 ==>   3.07286077929626550E-005  2.68585909160881841E-006
 B after wg2 wg2 ==>   230.33375494288489        19.925036536238675     
 LTM d(wg2)/d(wg2)  0.95686571980595891     
 B before wg2 wg2 ==>    158.21593497340834        13.828993173033950     
 Q value wg2 wg2 ==>   3.07286077929626550E-005  2.68585909160881841E-006
 B after wg2 wg2 ==>   159.86342295910984        13.828995858893043     
 LTM d(wg2)/d(wg2)  0.95587061976785204     
 B before wg2 wg2 ==>    60.892440637962046        5.3223535670618922     
 Q value wg2 wg2 ==>   3.07286077929626550E-005  2.68585909160881841E-006
 B after wg2 wg2 ==>   61.526527123269922        5.3223562529209838     
 LTM d(wg2)/d(wg2)  0.90480117465657595     
 B before wg2 wg2 ==>    59.076285778573457        5.0339076851624753     
 Q value wg2 wg2 ==>   2.99567440173566616E-005  2.55262296781207919E-006
 B after wg2 wg2 ==>   58.192086373630865        5.0339102377854434     
 LTM d(wg2)/d(wg2)  0.88849149934420013     
 B before wg2 wg2 ==>    147.73746722611494        12.588753031012537     
 Q value wg2 wg2 ==>   2.99567440173566616E-005  2.55262296781207919E-006
 B after wg2 wg2 ==>   145.52622467533732        12.588755583635505     
 LTM d(wg2)/d(wg2)  0.88389285559181452     
 B before wg2 wg2 ==>    36.959513968715733        3.1493310548387128     
 Q value wg2 wg2 ==>   2.99567440173566616E-005  2.55262296781207919E-006
 B after wg2 wg2 ==>   36.406349070183758        3.1493336074616805     
 LTM d(wg2)/d(wg2)  0.96038819043437740     
 B before wg2 wg2 ==>    163.11478557464181        13.899058849864721     
 Q value wg2 wg2 ==>   2.99567440173566616E-005  2.55262296781207919E-006
 B after wg2 wg2 ==>   160.67338181258131        13.899061402487689     
 LTM d(wg2)/d(wg2)  0.96058390497274426     
 B before wg2 wg2 ==>    108.45935216683094        9.2418532953602615     
 Q value wg2 wg2 ==>   2.99567440173566616E-005  2.55262296781207919E-006
 B after wg2 wg2 ==>   106.83600786554351        9.2418558479832296     
 LTM d(wg2)/d(wg2)  0.91148295041775318     
 B before wg2 wg2 ==>    7.7812214609345105       0.66304016909533059     
 Q value wg2 wg2 ==>   2.99567440173566616E-005  2.55262296781207919E-006
 B after wg2 wg2 ==>   7.6647849304147728       0.66304272171829837     
 LTM d(wg2)/d(wg2)  0.89699889797254051     
 B before wg2 wg2 ==>    10.438943746061950       0.88950546663072438     
 Q value wg2 wg2 ==>   2.99567440173566616E-005  2.55262296781207919E-006
 B after wg2 wg2 ==>   10.282727550028751       0.88950801925369216     
 LTM d(wg2)/d(wg2)  0.90494454648677092     
 B before wg2 wg2 ==>    12.226835532018727        1.0418522515200166     
 Q value wg2 wg2 ==>   2.99567440173566616E-005  2.55262296781207919E-006
 B after wg2 wg2 ==>   12.043858926285230        1.0418548041429845     
 LTM d(wg2)/d(wg2)  0.84664120338924698     
 B before wg2 wg2 ==>    14.319825333576318        1.1850391056811300     
 Q value wg2 wg2 ==>   2.90936028119118281E-005  2.40764508324205215E-006
 B after wg2 wg2 ==>   13.699099674481815        1.1850415133262133     
 LTM d(wg2)/d(wg2)  0.83970861089247906     
 B before wg2 wg2 ==>    20.532740885347771        1.6991897826366889     
 Q value wg2 wg2 ==>   2.90936028119118281E-005  2.40764508324205215E-006
 B after wg2 wg2 ==>   19.642690082168755        1.6991921902817722     
 LTM d(wg2)/d(wg2)  0.87189794377850072     
 B before wg2 wg2 ==>    53.298505571820584        4.4989310777788560     
 Q value wg2 wg2 ==>   2.96754184767961874E-005  2.50490442459868871E-006
 B after wg2 wg2 ==>   52.007747310946911        4.4989335826832804     
 LTM d(wg2)/d(wg2)  0.90633124664170983     
 B before wg2 wg2 ==>    46.943237246671259        3.9840804811831090     
 Q value wg2 wg2 ==>   2.98371688089162803E-005  2.53228556097924718E-006
 B after wg2 wg2 ==>   46.056066137062892        3.9840830134686698     
 LTM d(wg2)/d(wg2)  0.92555372510257328     
 B before wg2 wg2 ==>    46.478533094242785        3.9821918606881304     
 Q value wg2 wg2 ==>   3.01212029042410758E-005  2.58072708095562267E-006
 B after wg2 wg2 ==>   46.034234212601319        3.9821944414152113     
 LTM d(wg2)/d(wg2)  0.81517532890835853     
 B before wg2 wg2 ==>    106.37797725357740        8.8033240694049351     
 Q value wg2 wg2 ==>   2.90936028119118281E-005  2.40764508324205215E-006
 B after wg2 wg2 ==>   101.76660101772772        8.8033264770500175     
 LTM d(wg2)/d(wg2)  0.93545839539485531     
 B before wg2 wg2 ==>    90.326049950365146        7.8272135188922451     
 Q value wg2 wg2 ==>   3.04646860373908176E-005  2.63992062679266189E-006
 B after wg2 wg2 ==>   90.482749445905299        7.8272161588128721     
 LTM d(wg2)/d(wg2)  0.96007424275397812     
 B before wg2 wg2 ==>    92.972795431400016        8.1263632106007933     
 Q value wg2 wg2 ==>   3.07286077929626550E-005  2.68585909160881841E-006
 B after wg2 wg2 ==>   93.940925406440968        8.1263658964598857     
 LTM d(wg2)/d(wg2)  0.96227662501062550     
 B before wg2 wg2 ==>    144.55670867725155        12.635097329165724     
 Q value wg2 wg2 ==>   3.07286077929626550E-005  2.68585909160881841E-006
 B after wg2 wg2 ==>   146.06196707576797        12.635100015024816     
 LTM d(wg2)/d(wg2)  0.96281865397378774     
 B before wg2 wg2 ==>    94.857991769400542        8.2911403380906350     
 Q value wg2 wg2 ==>   3.07286077929626550E-005  2.68585909160881841E-006
 B after wg2 wg2 ==>   95.845751750644126        8.2911430239497275     
 LTM d(wg2)/d(wg2)  0.96549302282034444     
 B before wg2 wg2 ==>    142.27472190954711        12.435638409703264     
 Q value wg2 wg2 ==>   3.07286077929626550E-005  2.68585909160881841E-006
 B after wg2 wg2 ==>   143.75621863746113        12.435641095562357     
 LTM d(wg2)/d(wg2)  0.97411675247143736     
 B before wg2 wg2 ==>    110.16604422896268        9.6291531810530735     
 Q value wg2 wg2 ==>   3.07286077929626550E-005  2.68585909160881841E-006
 B after wg2 wg2 ==>   111.31320254908171        9.6291558669121660     
 LTM d(wg2)/d(wg2)  0.91360997255346743     
 B before wg2 wg2 ==>    136.26652565334737        11.633301072421366     
 Q value wg2 wg2 ==>   3.00134782820939280E-005  2.56230081021077037E-006
 B after wg2 wg2 ==>   134.48118419772280        11.633303634722177     
 LTM d(wg2)/d(wg2)  0.88252087675735058     
 B before wg2 wg2 ==>    80.503623973399129        6.7463158903456382     
 Q value wg2 wg2 ==>   2.94614274878276054E-005  2.46890868514282399E-006
 B after wg2 wg2 ==>   77.987552840919776        6.7463183592543237     
 LTM d(wg2)/d(wg2)  0.77778188693483175     
 B before wg2 wg2 ==>    155.13699117292589        12.574450999547823     
 Q value wg2 wg2 ==>   2.84954954721335405E-005  2.30966972359789013E-006
 B after wg2 wg2 ==>   145.36089014433554        12.574453309217546     
 LTM d(wg2)/d(wg2)  0.83093565261481805     
 B before wg2 wg2 ==>    166.36413945508437        13.886676529890586     
 Q value wg2 wg2 ==>   2.93454751338267236E-005  2.44951299080545413E-006
 B after wg2 wg2 ==>   160.53024079504453        13.886678979403577     
 LTM d(wg2)/d(wg2)  0.87643805449709611     
 B before wg2 wg2 ==>    98.049472694735428        8.1843437876570473     
 Q value wg2 wg2 ==>   2.93454751338267236E-005  2.44951299080545413E-006
 B after wg2 wg2 ==>   94.611179112844383        8.1843462371700380     
 LTM d(wg2)/d(wg2)  0.91362096654977565     
 B before wg2 wg2 ==>    95.193485548267915        8.1765827229241150     
 Q value wg2 wg2 ==>   3.01972330036224107E-005  2.59377175061351132E-006
 B after wg2 wg2 ==>   94.521462742619505        8.1765853166958653     
 LTM d(wg2)/d(wg2)  0.91302939782304804     
 B before wg2 wg2 ==>    99.068063484130704        8.4416188247874633     
 Q value wg2 wg2 ==>   2.99567440173566616E-005  2.55262296781207919E-006
 B after wg2 wg2 ==>   97.585284028398704        8.4416213774104314     
 LTM d(wg2)/d(wg2)  0.85581435817564788     
 B before wg2 wg2 ==>    155.60369102547048        12.952683118868382     
 Q value wg2 wg2 ==>   2.92645863923098242E-005  2.43602778087243465E-006
 B after wg2 wg2 ==>   149.73326121774295        12.952685554896163     
 LTM d(wg2)/d(wg2)  0.84674531299374112     
 B before wg2 wg2 ==>    62.295030232765143        5.1552337543057307     
 Q value wg2 wg2 ==>   2.90936028119118281E-005  2.40764508324205215E-006
 B after wg2 wg2 ==>   59.594616082125988        5.1552361619508140     
 LTM d(wg2)/d(wg2)  0.83949084880133595     
 B before wg2 wg2 ==>    107.09300531111788        8.8624963141848969     
 Q value wg2 wg2 ==>   2.90936028119118281E-005  2.40764508324205215E-006
 B after wg2 wg2 ==>   102.45063315507311        8.8624987218299793     
 LTM d(wg2)/d(wg2)  0.84228955744877709     
 B before wg2 wg2 ==>    106.90514281030049        8.8469497272137794     
 Q value wg2 wg2 ==>   2.90936028119118281E-005  2.40764508324205215E-006
 B after wg2 wg2 ==>   102.27091435018706        8.8469521348588618     
 LTM d(wg2)/d(wg2)  0.83825184400173725     
 B before wg2 wg2 ==>    71.615772852249535        5.9265730856716692     
 Q value wg2 wg2 ==>   2.90936028119118281E-005  2.40764508324205215E-006
 B after wg2 wg2 ==>   68.511311627728702        5.9265754933167525     
 LTM d(wg2)/d(wg2)  0.83927108447307253     
 B before wg2 wg2 ==>    57.710202667268021        4.7758157215187360     
 Q value wg2 wg2 ==>   2.90936028119118281E-005  2.40764508324205215E-006
 B after wg2 wg2 ==>   55.208537289952865        4.7758181291638193     
 LTM d(wg2)/d(wg2)  0.93981334202531142     
 B before wg2 wg2 ==>    96.761749673728985        8.3560830539350803     
 Q value wg2 wg2 ==>   3.03599868600416512E-005  2.62180637053696517E-006
 B after wg2 wg2 ==>   96.596489889363724        8.3560856757414506     
 LTM d(wg2)/d(wg2)  0.95489092864328273     
 B before wg2 wg2 ==>    93.064347069453206        8.1343653563886402     
 Q value wg2 wg2 ==>   3.07286077929626550E-005  2.68585909160881841E-006
 B after wg2 wg2 ==>   94.033430345318394        8.1343680422477327     
 LTM d(wg2)/d(wg2)  0.95577651395426400     
 B before wg2 wg2 ==>    94.588080805746444        8.2675485496002601     
 Q value wg2 wg2 ==>   3.07286077929626550E-005  2.68585909160881841E-006
 B after wg2 wg2 ==>   95.573030281906881        8.2675512354593526     
 LTM d(wg2)/d(wg2)  0.89237979170532356     
 B before wg2 wg2 ==>    129.21833374907905        11.010732221071702     
 Q value wg2 wg2 ==>   2.99567440173566616E-005  2.55262296781207919E-006
 B after wg2 wg2 ==>   127.28427777247363        11.010734773694670     
 LTM d(wg2)/d(wg2)  0.88883916687739417     
 B before wg2 wg2 ==>    150.19982774418546        12.798571494922323     
 Q value wg2 wg2 ==>   2.99567440173566616E-005  2.55262296781207919E-006
 B after wg2 wg2 ==>   147.95172962037429        12.798574047545291     
 LTM d(wg2)/d(wg2)  0.90355471859144643     
 B before wg2 wg2 ==>    146.68381901164020        12.498971356785720     
 Q value wg2 wg2 ==>   2.99567440173566616E-005  2.55262296781207919E-006
 B after wg2 wg2 ==>   144.48834702266097        12.498973909408688     
 LTM d(wg2)/d(wg2)  0.89634808561124613     
 B before wg2 wg2 ==>    47.487272615821027        4.0464044653072540     
 Q value wg2 wg2 ==>   2.99567440173566616E-005  2.55262296781207919E-006
 B after wg2 wg2 ==>   46.776532668935879        4.0464070179302221     
 LTM d(wg2)/d(wg2)  0.90309387332725444     
 B before wg2 wg2 ==>    48.301040154775166        4.1157458366255355     
 Q value wg2 wg2 ==>   2.99567440173566616E-005  2.55262296781207919E-006
 B after wg2 wg2 ==>   47.578120078804879        4.1157483892485036     
 LTM d(wg2)/d(wg2)  0.89655215952731770     
 B before wg2 wg2 ==>    88.827283118544841        7.5689989180857307     
 Q value wg2 wg2 ==>   2.99567440173566616E-005  2.55262296781207919E-006
 B after wg2 wg2 ==>   87.497783341362961        7.5690014707086988     
 LTM d(wg2)/d(wg2)  0.89970542076297466     
 B before wg2 wg2 ==>    88.770674304912120        7.5641752644277842     
 Q value wg2 wg2 ==>   2.99567440173566616E-005  2.55262296781207919E-006
 B after wg2 wg2 ==>   87.442021824561820        7.5641778170507523     
 LTM d(wg2)/d(wg2)  0.87571304103049541     
 B before wg2 wg2 ==>    63.483556194895954        5.3398479403094958     
 Q value wg2 wg2 ==>   2.95712843456931351E-005  2.48735532900646641E-006
 B after wg2 wg2 ==>   61.728760075317318        5.3398504276648247     
 LTM d(wg2)/d(wg2)  0.87152936339125398     
 B before wg2 wg2 ==>    46.666900770821641        3.9156995293469978     
 Q value wg2 wg2 ==>   2.94987045003592283E-005  2.47516036892306162E-006
 B after wg2 wg2 ==>   45.265580532070715        3.9157020045073669     
 LTM d(wg2)/d(wg2)  0.83487973689909112     
 B before wg2 wg2 ==>    43.653063015092982        3.6125152053602805     
 Q value wg2 wg2 ==>   2.90936028119118281E-005  2.40764508324205215E-006
 B after wg2 wg2 ==>   41.760763905625879        3.6125176130053638     
 LTM d(wg2)/d(wg2)  0.92145928622447615     
 B before wg2 wg2 ==>    48.174054579024130        4.1274609001095675     
 Q value wg2 wg2 ==>   3.01212029042410758E-005  2.58072708095562267E-006
 B after wg2 wg2 ==>   47.713546733109347        4.1274634808366484     
 LTM d(wg2)/d(wg2)  0.91511165171965791     
 B before wg2 wg2 ==>    47.145465774366102        4.0393333777198492     
 Q value wg2 wg2 ==>   3.01212029042410758E-005  2.58072708095562267E-006
 B after wg2 wg2 ==>   46.694791103280586        4.0393359584469302     
 LTM d(wg2)/d(wg2)  0.93406063160188835     
 B before wg2 wg2 ==>    61.121940540174194        5.2368110162817292     
 Q value wg2 wg2 ==>   3.01212029042410758E-005  2.58072708095562267E-006
 B after wg2 wg2 ==>   60.537652593067548        5.2368135970088101     
 LTM d(wg2)/d(wg2)  0.87736109553945418     
 B before wg2 wg2 ==>    37.005953968759563        3.1236755062215016     
 Q value wg2 wg2 ==>   2.96754184767961874E-005  2.50490442459868871E-006
 B after wg2 wg2 ==>   36.109769948305335        3.1236780111259264     
 LTM d(wg2)/d(wg2)  0.94643542563577365     
 B before wg2 wg2 ==>    106.63555057160637        9.2814216274591246     
 Q value wg2 wg2 ==>   3.05995493380275234E-005  2.66334554934152743E-006
 B after wg2 wg2 ==>   107.29341972502644        9.2814242908046740     
 LTM d(wg2)/d(wg2)  0.96262220574560431     
 B before wg2 wg2 ==>    123.96435002631715        10.835205382451882     
 Q value wg2 wg2 ==>   3.07286077929626550E-005  2.68585909160881841E-006
 B after wg2 wg2 ==>   125.25518612838813        10.835208068310974     
 LTM d(wg2)/d(wg2)  0.97274951152412492     
 B before wg2 wg2 ==>    128.84626191950659        11.261912883523863     
 Q value wg2 wg2 ==>   3.07286077929626550E-005  2.68585909160881841E-006
 B after wg2 wg2 ==>   130.18793196328025        11.261915569382955     
 LTM d(wg2)/d(wg2)  0.91190973187447388     
 B before wg2 wg2 ==>    185.07616021255927        15.856971589689820     
 Q value wg2 wg2 ==>   3.01212029042410758E-005  2.58072708095562267E-006
 B after wg2 wg2 ==>   183.30688609085675        15.856974170416901     
 LTM d(wg2)/d(wg2)  0.92803900534025829     
 B before wg2 wg2 ==>    51.715175170129768        4.4308573426569922     
 Q value wg2 wg2 ==>   3.01212029042410758E-005  2.58072708095562267E-006
 B after wg2 wg2 ==>   51.220814673178758        4.4308599233840731     
 LTM d(wg2)/d(wg2)  0.84323430951774059     
 B before wg2 wg2 ==>    118.15847735089784        9.8918686834017482     
 Q value wg2 wg2 ==>   2.94317442300893191E-005  2.46393619463223729E-006
 B after wg2 wg2 ==>   114.35019557598460        9.8918711473379428     
 LTM d(wg2)/d(wg2)  0.88069259002160882     
 B before wg2 wg2 ==>    234.58335893869247        19.581042137727852     
 Q value wg2 wg2 ==>   2.93454751338267236E-005  2.44951299080545413E-006
 B after wg2 wg2 ==>   226.35720227063825        19.581044587240843     
 LTM d(wg2)/d(wg2)  0.94490538574609895     
 B before wg2 wg2 ==>    96.702007570143891        8.4523180470472745     
 Q value wg2 wg2 ==>   3.07286077929626550E-005  2.68585909160881841E-006
 B after wg2 wg2 ==>   97.708968756522822        8.4523207329063670     
 LTM d(wg2)/d(wg2)  0.94851650375162777     
 B before wg2 wg2 ==>    99.152947946555443        8.6665444948358950     
 Q value wg2 wg2 ==>   3.07286077929626550E-005  2.68585909160881841E-006
 B after wg2 wg2 ==>   100.18543006877613        8.6665471806949874     
 LTM d(wg2)/d(wg2)  0.94140276745531448     
 B before wg2 wg2 ==>    78.610250393807391        6.8709932170180137     
 Q value wg2 wg2 ==>   3.07286077929626550E-005  2.68585909160881841E-006
 B after wg2 wg2 ==>   79.428827326286992        6.8709959028771053     
 LTM d(wg2)/d(wg2)  0.95998356033471222     
 B before wg2 wg2 ==>    162.37964017857109        14.071025086306591     
 Q value wg2 wg2 ==>   3.04646860373908176E-005  2.63992062679266189E-006
 B after wg2 wg2 ==>   162.66131538543121        14.071027726227218     
 LTM d(wg2)/d(wg2)  0.85483787955287627     
 B before wg2 wg2 ==>    104.53454635717316        8.6507706932308785     
 Q value wg2 wg2 ==>   2.90936028119118281E-005  2.40764508324205215E-006
 B after wg2 wg2 ==>   100.00308144277101        8.6507731008759610     
 LTM d(wg2)/d(wg2)  0.84819996078163096     
 B before wg2 wg2 ==>    89.964798927204939        7.4450492502516967     
 Q value wg2 wg2 ==>   2.90936028119118281E-005  2.40764508324205215E-006
 B after wg2 wg2 ==>   86.064921436316425        7.4450516578967800     
 LTM d(wg2)/d(wg2)  0.84466153100685148     
 B before wg2 wg2 ==>    72.991573765792808        6.0404276786014997     
 Q value wg2 wg2 ==>   2.90936028119118281E-005  2.40764508324205215E-006
 B after wg2 wg2 ==>   69.827472622431301        6.0404300862465830     
 LTM d(wg2)/d(wg2)  0.83986621721548449     
 B before wg2 wg2 ==>    58.268310719020285        4.8220020297393518     
 Q value wg2 wg2 ==>   2.90936028119118281E-005  2.40764508324205215E-006
 B after wg2 wg2 ==>   55.742451783914042        4.8220044373844351     
 LTM d(wg2)/d(wg2)  0.96588983172437326     
 B before wg2 wg2 ==>    142.97241821370739        12.496621125690154     
 Q value wg2 wg2 ==>   3.07286077929626550E-005  2.68585909160881841E-006
 B after wg2 wg2 ==>   144.46117985217856        12.496623811549247     
 LTM d(wg2)/d(wg2)  0.95579453243026724     
 B before wg2 wg2 ==>    144.74239946626591        12.651327784423005     
 Q value wg2 wg2 ==>   3.07286077929626550E-005  2.68585909160881841E-006
 B after wg2 wg2 ==>   146.24959140945703        12.651330470282097     
 LTM d(wg2)/d(wg2)  0.95602569164921036     
 B before wg2 wg2 ==>    46.436142796299443        4.0587890329756267     
 Q value wg2 wg2 ==>   3.07286077929626550E-005  2.68585909160881841E-006
 B after wg2 wg2 ==>   46.919700018114334        4.0587917188347182     
 LTM d(wg2)/d(wg2)  0.88732399715696564     
 B before wg2 wg2 ==>    127.39740954825756        10.855570734397158     
 Q value wg2 wg2 ==>   2.99567440173566616E-005  2.55262296781207919E-006
 B after wg2 wg2 ==>   125.49060839659731        10.855573287020126     
 LTM d(wg2)/d(wg2)  0.88562708349517938     
 B before wg2 wg2 ==>    150.76597512439588        12.846813079690495     
 Q value wg2 wg2 ==>   2.99567440173566616E-005  2.55262296781207919E-006
 B after wg2 wg2 ==>   148.50940314553139        12.846815632313463     
 LTM d(wg2)/d(wg2)  0.91158015042261376     
 B before wg2 wg2 ==>    146.46903892956897        12.480669882826938     
 Q value wg2 wg2 ==>   2.99567440173566616E-005  2.55262296781207919E-006
 B after wg2 wg2 ==>   144.27678167821361        12.480672435449906     
 LTM d(wg2)/d(wg2)  0.89867623201230262     
 B before wg2 wg2 ==>    47.152035053038382        4.0178387739912509     
 Q value wg2 wg2 ==>   2.99567440173566616E-005  2.55262296781207919E-006
 B after wg2 wg2 ==>   46.446312800511166        4.0178413266142190     
 LTM d(wg2)/d(wg2)  0.90397416536042186     
 B before wg2 wg2 ==>    10.797012158109172       0.92001658132697339     
 Q value wg2 wg2 ==>   2.99567440173566616E-005  2.55262296781207919E-006
 B after wg2 wg2 ==>   10.635436545201651       0.92001913394994117     
 LTM d(wg2)/d(wg2)  0.84203035950792882     
 B before wg2 wg2 ==>    19.207654578739451        1.5895320839459419     
 Q value wg2 wg2 ==>   2.90936028119118281E-005  2.40764508324205215E-006
 B after wg2 wg2 ==>   18.375045254923524        1.5895344915910252     
 LTM d(wg2)/d(wg2)  0.85766785382975774     
 B before wg2 wg2 ==>    54.085482188978048        4.5265998284621300     
 Q value wg2 wg2 ==>   2.94234735050216768E-005  2.46255158926424969E-006
 B after wg2 wg2 ==>   52.327598041086276        4.5266022910137194     
 LTM d(wg2)/d(wg2)  0.83738431262469259     
 B before wg2 wg2 ==>    93.102748028581303        7.7047306576812140     
 Q value wg2 wg2 ==>   2.90936028119118281E-005  2.40764508324205215E-006
 B after wg2 wg2 ==>   89.066842840741870        7.7047330653262973     
 LTM d(wg2)/d(wg2)  0.91321630329289161     
 B before wg2 wg2 ==>    48.715582003977978        4.1738579346204894     
 Q value wg2 wg2 ==>   3.01212029042410758E-005  2.58072708095562267E-006
 B after wg2 wg2 ==>   48.249897226503862        4.1738605153475703     
 LTM d(wg2)/d(wg2)  0.90767579429831557     
 B before wg2 wg2 ==>    47.396437087674641        4.0608361200524659     
 Q value wg2 wg2 ==>   3.01212029042410758E-005  2.58072708095562267E-006
 B after wg2 wg2 ==>   46.943363163564285        4.0608387007795468     
 LTM d(wg2)/d(wg2)  0.91292996294343498     
 B before wg2 wg2 ==>    47.597719338760655        4.0780815985263761     
 Q value wg2 wg2 ==>   3.01212029042410758E-005  2.58072708095562267E-006
 B after wg2 wg2 ==>   47.142721182580111        4.0780841792534570     
 LTM d(wg2)/d(wg2)  0.90872696666908748     
 B before wg2 wg2 ==>    47.141875418763945        4.0390257629156796     
 Q value wg2 wg2 ==>   3.01212029042410758E-005  2.58072708095562267E-006
 B after wg2 wg2 ==>   46.691235071009750        4.0390283436427605     
 LTM d(wg2)/d(wg2)  0.90808521932276065     
 B before wg2 wg2 ==>    91.694845654254863        7.8562390790396561     
 Q value wg2 wg2 ==>   3.01212029042410758E-005  2.58072708095562267E-006
 B after wg2 wg2 ==>   90.818284721418735        7.8562416597667371     
 LTM d(wg2)/d(wg2)  0.92352031191483108     
 B before wg2 wg2 ==>    57.987338840620446        4.9682443352044316     
 Q value wg2 wg2 ==>   3.01212029042410758E-005  2.58072708095562267E-006
 B after wg2 wg2 ==>   57.433017276962893        4.9682469159315126     
 LTM d(wg2)/d(wg2)  0.83293809342697056     
 B before wg2 wg2 ==>    33.047330157364769        2.7766375191589030     
 Q value wg2 wg2 ==>   2.95382901789952674E-005  2.48180789105359139E-006
 B after wg2 wg2 ==>   32.098004758189930        2.7766400009667942     
 LTM d(wg2)/d(wg2)  0.80644512041132876     
 B before wg2 wg2 ==>    55.662824115110688        4.6063846291750057     
 Q value wg2 wg2 ==>   2.90936028119118281E-005  2.40764508324205215E-006
 B after wg2 wg2 ==>   53.249911034355890        4.6063870368200890     
 LTM d(wg2)/d(wg2)  0.80691440891404820     
 B before wg2 wg2 ==>    56.641800198148573        4.6873999289361166     
 Q value wg2 wg2 ==>   2.90936028119118281E-005  2.40764508324205215E-006
 B after wg2 wg2 ==>   54.186449251882422        4.6874023365811999     
 LTM d(wg2)/d(wg2)  0.89830717784807601     
 B before wg2 wg2 ==>    3.3684542706977818       0.28860272230782658     
 Q value wg2 wg2 ==>   3.01212029042410758E-005  2.58072708095562267E-006
 B after wg2 wg2 ==>   3.3362821204145341       0.28860530303490756     
 LTM d(wg2)/d(wg2)  0.92161601984918862     
 B before wg2 wg2 ==>    58.650041265162194        5.0603864046886011     
 Q value wg2 wg2 ==>   3.03331772155986096E-005  2.61717799820205730E-006
 B after wg2 wg2 ==>   58.498181559586584        5.0603890218665990     
 LTM d(wg2)/d(wg2)  0.91515882810342952     
 B before wg2 wg2 ==>    92.415021320832039        7.9179423533640447     
 Q value wg2 wg2 ==>   3.01212029042410758E-005  2.58072708095562267E-006
 B after wg2 wg2 ==>   91.531575602545033        7.9179449340911257     
 LTM d(wg2)/d(wg2)  0.93821898669692749     
 B before wg2 wg2 ==>    151.42615609960481        12.973903567318697     
 Q value wg2 wg2 ==>   3.01212029042410758E-005  2.58072708095562267E-006
 B after wg2 wg2 ==>   149.97857162876159        12.973906148045778     
 LTM d(wg2)/d(wg2)  0.91987080391757836     
 B before wg2 wg2 ==>    50.942161788124245        4.3646270338866255     
 Q value wg2 wg2 ==>   3.01212029042410758E-005  2.58072708095562267E-006
 B after wg2 wg2 ==>   50.455191198292781        4.3646296146137065     
 LTM d(wg2)/d(wg2)  0.93460309204422876     
 B before wg2 wg2 ==>    14.955898785446502        1.2813928161613561     
 Q value wg2 wg2 ==>   3.01212029042410758E-005  2.58072708095562267E-006
 B after wg2 wg2 ==>   14.812952176777204        1.2813953968884371     
 LTM d(wg2)/d(wg2)  0.90754047562163664     
 B before wg2 wg2 ==>    44.892582468259057        3.8243167844600849     
 Q value wg2 wg2 ==>   2.99489647423905026E-005  2.55129739133425656E-006
 B after wg2 wg2 ==>   44.209195355984221        3.8243193357574761     
 LTM d(wg2)/d(wg2)  0.85177332244892479     
 B before wg2 wg2 ==>    29.050936096208787        2.4249273538152791     
 Q value wg2 wg2 ==>   2.93454751338267236E-005  2.44951299080545413E-006
 B after wg2 wg2 ==>   28.032229002825712        2.4249298033282698     
 LTM d(wg2)/d(wg2)  0.85803418856246960     
 B before wg2 wg2 ==>    139.99781858946434        11.685838234189115     
 Q value wg2 wg2 ==>   2.93454751338267236E-005  2.44951299080545413E-006
 B after wg2 wg2 ==>   135.08851336086670        11.685840683702105     
 LTM d(wg2)/d(wg2)  0.94676618296435133     
 B before wg2 wg2 ==>    143.42878272428854        12.536510038916894     
 Q value wg2 wg2 ==>   3.07286077929626550E-005  2.68585909160881841E-006
 B after wg2 wg2 ==>   144.92229635489593        12.536512724775987     
 LTM d(wg2)/d(wg2)  0.91146670613839265     
 B before wg2 wg2 ==>    97.684400421199996        8.3237164882683885     
 Q value wg2 wg2 ==>   2.99567440173566616E-005  2.55262296781207919E-006
 B after wg2 wg2 ==>   96.222331050240470        8.3237190408913566     
 LTM d(wg2)/d(wg2)  0.94548185930185802     
 B before wg2 wg2 ==>    95.174383436609034        8.3187948104834852     
 Q value wg2 wg2 ==>   3.07286077929626550E-005  2.68585909160881841E-006
 B after wg2 wg2 ==>   96.165437913107340        8.3187974963425777     
 LTM d(wg2)/d(wg2)  0.94254454909146501     
 B before wg2 wg2 ==>    94.714814087700248        8.2786257757420518     
 Q value wg2 wg2 ==>   3.07286077929626550E-005  2.68585909160881841E-006
 B after wg2 wg2 ==>   95.701083201004408        8.2786284616011443     
 LTM d(wg2)/d(wg2)  0.94474915064890619     
 B before wg2 wg2 ==>    99.485952338267623        8.6956510159985836     
 Q value wg2 wg2 ==>   3.07286077929626550E-005  2.68585909160881841E-006
 B after wg2 wg2 ==>   100.52190193925594        8.6956537018576761     
 LTM d(wg2)/d(wg2)  0.85333777368571195     
 B before wg2 wg2 ==>    150.63504834918081        12.465824046148839     
 Q value wg2 wg2 ==>   2.90936028119118281E-005  2.40764508324205215E-006
 B after wg2 wg2 ==>   144.10516188246484        12.465826453793921     
 LTM d(wg2)/d(wg2)  0.84025579418239316     
 B before wg2 wg2 ==>    13.490283333449794        1.1163902439069646     
 Q value wg2 wg2 ==>   2.90936028119118281E-005  2.40764508324205215E-006
 B after wg2 wg2 ==>   12.905517686502007        1.1163926515520479     
 LTM d(wg2)/d(wg2)  0.90889494697658246     
 B before wg2 wg2 ==>    125.03388986170887        10.712664651181694     
 Q value wg2 wg2 ==>   3.01212029042410758E-005  2.58072708095562267E-006
 B after wg2 wg2 ==>   123.83861201415624        10.712667231908775     
 LTM d(wg2)/d(wg2)  0.96758292345090380     
 B before wg2 wg2 ==>    142.86291536573378        12.487049939720112     
 Q value wg2 wg2 ==>   3.07286077929626550E-005  2.68585909160881841E-006
 B after wg2 wg2 ==>   144.35053678260493        12.487052625579205     
 LTM d(wg2)/d(wg2)  0.95632376251469176     
 B before wg2 wg2 ==>    91.408707790580394        7.9896528513657605     
 Q value wg2 wg2 ==>   3.07286077929626550E-005  2.68585909160881841E-006
 B after wg2 wg2 ==>   92.360551371747221        7.9896555372248521     
 LTM d(wg2)/d(wg2)  0.95608101672442691     
 B before wg2 wg2 ==>    55.622198094924961        4.8617037079933834     
 Q value wg2 wg2 ==>   3.07286077929626550E-005  2.68585909160881841E-006
 B after wg2 wg2 ==>   56.201407063380188        4.8617063938524749     
 LTM d(wg2)/d(wg2)  0.88510291679563369     
 B before wg2 wg2 ==>    59.002480174169705        5.0276186879054601     
 Q value wg2 wg2 ==>   2.99567440173566616E-005  2.55262296781207919E-006
 B after wg2 wg2 ==>   58.119385460365322        5.0276212405284282     
 LTM d(wg2)/d(wg2)  0.88609653996054216     
 B before wg2 wg2 ==>    87.853812904010141        7.4860492348136596     
 Q value wg2 wg2 ==>   2.99567440173566616E-005  2.55262296781207919E-006
 B after wg2 wg2 ==>   86.538883618161464        7.4860517874366277     
 LTM d(wg2)/d(wg2)  0.92869672379327206     
 B before wg2 wg2 ==>    46.556031853017288        3.9670531660365986     
 Q value wg2 wg2 ==>   2.99567440173566616E-005  2.55262296781207919E-006
 B after wg2 wg2 ==>   45.859230324854103        3.9670557186595663     
 LTM d(wg2)/d(wg2)  0.83379740644145239     
 B before wg2 wg2 ==>    42.439615727341625        3.5120962089569963     
 Q value wg2 wg2 ==>   2.90936028119118281E-005  2.40764508324205215E-006
 B after wg2 wg2 ==>   40.599918631033937        3.5120986166020796     
 LTM d(wg2)/d(wg2)  0.83925046429415873     
 B before wg2 wg2 ==>    43.993630408601078        3.6406989066293654     
 Q value wg2 wg2 ==>   2.90936028119118281E-005  2.40764508324205215E-006
 B after wg2 wg2 ==>   42.086567962732133        3.6407013142744487     
 LTM d(wg2)/d(wg2)  0.83836318166395118     
 B before wg2 wg2 ==>    43.355344205044680        3.5878774444808341     
 Q value wg2 wg2 ==>   2.90936028119118281E-005  2.40764508324205215E-006
 B after wg2 wg2 ==>   41.475950978611841        3.5878798521259174     
 LTM d(wg2)/d(wg2)  0.84045717663472053     
 B before wg2 wg2 ==>    94.189565605504427        7.7946703950309191     
 Q value wg2 wg2 ==>   2.90936028119118281E-005  2.40764508324205215E-006
 B after wg2 wg2 ==>   90.106547705757137        7.7946728026760024     
 LTM d(wg2)/d(wg2)  0.83685882906586495     
 B before wg2 wg2 ==>    44.164887152357771        3.6548712819018090     
 Q value wg2 wg2 ==>   2.90936028119118281E-005  2.40764508324205215E-006
 B after wg2 wg2 ==>   42.250400857443495        3.6548736895468923     
 LTM d(wg2)/d(wg2)  0.91176811848595096     
 B before wg2 wg2 ==>    41.246224906136284        3.5338976979390377     
 Q value wg2 wg2 ==>   3.01212029042410758E-005  2.58072708095562267E-006
 B after wg2 wg2 ==>   40.851946208402381        3.5339002786661187     
 LTM d(wg2)/d(wg2)  0.91095353044854110     
 B before wg2 wg2 ==>    40.694151076658216        3.4865970676504534     
 Q value wg2 wg2 ==>   3.01212029042410758E-005  2.58072708095562267E-006
 B after wg2 wg2 ==>   40.305150132735484        3.4865996483775343     
 LTM d(wg2)/d(wg2)  0.90874962814883797     
 B before wg2 wg2 ==>    10.968073388298720       0.93972355981526090     
 Q value wg2 wg2 ==>   3.01212029042410758E-005  2.58072708095562267E-006
 B after wg2 wg2 ==>   10.863249870354466       0.93972614054234183     
 LTM d(wg2)/d(wg2)  0.91059957461368624     
 B before wg2 wg2 ==>    10.901561984731487       0.93402498991006777     
 Q value wg2 wg2 ==>   3.01212029042410758E-005  2.58072708095562267E-006
 B after wg2 wg2 ==>   10.797374307131260       0.93402757063714870     
 LTM d(wg2)/d(wg2)  0.90892222954590118     
 B before wg2 wg2 ==>    9.9373496414216600       0.85141311965766864     
 Q value wg2 wg2 ==>   3.01212029042410758E-005  2.58072708095562267E-006
 B after wg2 wg2 ==>   9.8423797080758586       0.85141570038474956     
 LTM d(wg2)/d(wg2)  0.88628880605103466     
 B before wg2 wg2 ==>    52.698136597692347        4.4217650039890284     
 Q value wg2 wg2 ==>   2.94987045003592283E-005  2.47516036892306162E-006
 B after wg2 wg2 ==>   51.115705866056999        4.4217674791493975     
 LTM d(wg2)/d(wg2)  0.84301738189454023     
 B before wg2 wg2 ==>    54.087172431003324        4.4759913583701287     
 Q value wg2 wg2 ==>   2.90936028119118281E-005  2.40764508324205215E-006
 B after wg2 wg2 ==>   51.742562647358085        4.4759937660152120     
 LTM d(wg2)/d(wg2)  0.82375487680452952     
 B before wg2 wg2 ==>    121.92650509189345        10.090044619059466     
 Q value wg2 wg2 ==>   2.90936028119118281E-005  2.40764508324205215E-006
 B after wg2 wg2 ==>   116.64111204936715        10.090047026704548     
 LTM d(wg2)/d(wg2)  0.80213955114827673     
 B before wg2 wg2 ==>    58.317429991346060        4.8260669018444720     
 Q value wg2 wg2 ==>   2.90936028119118281E-005  2.40764508324205215E-006
 B after wg2 wg2 ==>   55.789441773299110        4.8260693094895553     
 LTM d(wg2)/d(wg2)  0.91279001727305453     
 B before wg2 wg2 ==>    7.8207017659138307       0.67006277616255150     
 Q value wg2 wg2 ==>   3.01212029042410758E-005  2.58072708095562267E-006
 B after wg2 wg2 ==>   7.7459667102155487       0.67006535688963242     
 LTM d(wg2)/d(wg2)  0.94089627978255219     
 B before wg2 wg2 ==>    163.33378006933273        13.994126024775278     
 Q value wg2 wg2 ==>   3.01212029042410758E-005  2.58072708095562267E-006
 B after wg2 wg2 ==>   161.77236026627003        13.994128605502359     
 LTM d(wg2)/d(wg2)  0.91448533698876067     
 B before wg2 wg2 ==>    116.24063736315169        9.9592755875094721     
 Q value wg2 wg2 ==>   3.01212029042410758E-005  2.58072708095562267E-006
 B after wg2 wg2 ==>   115.12942186271448        9.9592781682365530     
 LTM d(wg2)/d(wg2)  0.91240364308308686     
 B before wg2 wg2 ==>    47.014815781355686        4.0281395360874104     
 Q value wg2 wg2 ==>   3.01212029042410758E-005  2.58072708095562267E-006
 B after wg2 wg2 ==>   46.565390107164653        4.0281421168144913     
 LTM d(wg2)/d(wg2)  0.92038217872380990     
 B before wg2 wg2 ==>    47.347569704755216        4.0566492561056133     
 Q value wg2 wg2 ==>   3.01212029042410758E-005  2.58072708095562267E-006
 B after wg2 wg2 ==>   46.894962946452537        4.0566518368326943     
 LTM d(wg2)/d(wg2)  0.85763308935186156     
 B before wg2 wg2 ==>    43.221510126604969        3.6077674685631314     
 Q value wg2 wg2 ==>   2.93454751338267236E-005  2.44951299080545413E-006
 B after wg2 wg2 ==>   41.705880472996448        3.6077699180761220     
 LTM d(wg2)/d(wg2)  0.85880764537153065     
 B before wg2 wg2 ==>    57.655794893247943        4.8126199334707804     
 Q value wg2 wg2 ==>   2.93454751338267236E-005  2.44951299080545413E-006
 B after wg2 wg2 ==>   55.633995078439348        4.8126223829837711     
 LTM d(wg2)/d(wg2)  0.86264636028709396     
 B before wg2 wg2 ==>    56.305175714394984        4.6998816251236191     
 Q value wg2 wg2 ==>   2.93454751338267236E-005  2.44951299080545413E-006
 B after wg2 wg2 ==>   54.330738352145161        4.6998840746366097     
 LTM d(wg2)/d(wg2)  0.86907569520710615     
 B before wg2 wg2 ==>    57.129389480076505        4.7686800452217941     
 Q value wg2 wg2 ==>   2.93454751338267236E-005  2.44951299080545413E-006
 B after wg2 wg2 ==>   55.126049236846917        4.7686824947347848     
 LTM d(wg2)/d(wg2)  0.86688442955208933     
 B before wg2 wg2 ==>    48.679716131247453        4.0633725134258221     
 Q value wg2 wg2 ==>   2.93454751338267236E-005  2.44951299080545413E-006
 B after wg2 wg2 ==>   46.972682396460087        4.0633749629388127     
 LTM d(wg2)/d(wg2)  0.91529676035954699     
 B before wg2 wg2 ==>    110.58101698510340        9.4982847592581550     
 Q value wg2 wg2 ==>   3.01972330036224107E-005  2.59377175061351132E-006
 B after wg2 wg2 ==>   109.80036034417671        9.4982873530299052     
 LTM d(wg2)/d(wg2)  0.94734647567933139     
 B before wg2 wg2 ==>    142.28674748512890        12.436689514970571     
 Q value wg2 wg2 ==>   3.07286077929626550E-005  2.68585909160881841E-006
 B after wg2 wg2 ==>   143.76836943189602        12.436692200829663     
 LTM d(wg2)/d(wg2)  0.94206660711700319     
 B before wg2 wg2 ==>    140.32862258883486        12.265538007207784     
 Q value wg2 wg2 ==>   3.07286077929626550E-005  2.68585909160881841E-006
 B after wg2 wg2 ==>   141.78985514533798        12.265540693066876     
 LTM d(wg2)/d(wg2)  0.85494616601600926     
 B before wg2 wg2 ==>    154.59308800173827        12.793372159401262     
 Q value wg2 wg2 ==>   2.90936028119118281E-005  2.40764508324205215E-006
 B after wg2 wg2 ==>   147.89162353901798        12.793374567046344     
 LTM d(wg2)/d(wg2)  0.95551329466990376     
 B before wg2 wg2 ==>    105.34464388265269        9.0972785893066046     
 Q value wg2 wg2 ==>   3.03599868600416512E-005  2.62180637053696517E-006
 B after wg2 wg2 ==>   105.16472265011795        9.0972812111129748     
 LTM d(wg2)/d(wg2)  0.96811581175397687     
 B before wg2 wg2 ==>    150.65218261083882        13.167877212735302     
 Q value wg2 wg2 ==>   3.07286077929626550E-005  2.68585909160881841E-006
 B after wg2 wg2 ==>   152.22091142286726        13.167879898594395     
 LTM d(wg2)/d(wg2)  0.95850565717941760     
 B before wg2 wg2 ==>    158.97434444912321        13.895282573427078     
 Q value wg2 wg2 ==>   3.07286077929626550E-005  2.68585909160881841E-006
 B after wg2 wg2 ==>   160.62972953414129        13.895285259286171     
 LTM d(wg2)/d(wg2)  0.95738497133599598     
 B before wg2 wg2 ==>    44.811098751392308        3.9167507293959192     
 Q value wg2 wg2 ==>   3.07286077929626550E-005  2.68585909160881841E-006
 B after wg2 wg2 ==>   45.277734857863372        3.9167534152550108     
 LTM d(wg2)/d(wg2)  0.90225812368297731     
 B before wg2 wg2 ==>    66.093853333330543        5.6318766803265374     
 Q value wg2 wg2 ==>   2.99567440173566616E-005  2.55262296781207919E-006
 B after wg2 wg2 ==>   65.104617938883521        5.6318792329495055     
 LTM d(wg2)/d(wg2)  0.90622511926634208     
 B before wg2 wg2 ==>    44.014205648906220        3.7504634076489305     
 Q value wg2 wg2 ==>   2.99567440173566616E-005  2.55262296781207919E-006
 B after wg2 wg2 ==>   43.355449102627986        3.7504659602718982     
 LTM d(wg2)/d(wg2)  0.84585037006945141     
 B before wg2 wg2 ==>    42.278260507961974        3.4987432356897665     
 Q value wg2 wg2 ==>   2.90936028119118281E-005  2.40764508324205215E-006
 B after wg2 wg2 ==>   40.445558037180106        3.4987456433348498     
 LTM d(wg2)/d(wg2)  0.83327243221126002     
 B before wg2 wg2 ==>    42.362701916307209        3.5057311959963253     
 Q value wg2 wg2 ==>   2.90936028119118281E-005  2.40764508324205215E-006
 B after wg2 wg2 ==>   40.526338974965299        3.5057336036414086     
 LTM d(wg2)/d(wg2)  0.84040510562636128     
 B before wg2 wg2 ==>    94.237647321481973        7.7986494040184136     
 Q value wg2 wg2 ==>   2.90936028119118281E-005  2.40764508324205215E-006
 B after wg2 wg2 ==>   90.152545116069248        7.7986518116634969     
 LTM d(wg2)/d(wg2)  0.84430356892335301     
 B before wg2 wg2 ==>    92.759210845206724        7.6763011910452015     
 Q value wg2 wg2 ==>   2.90936028119118281E-005  2.40764508324205215E-006
 B after wg2 wg2 ==>   88.738197731891674        7.6763035986902848     
 LTM d(wg2)/d(wg2)  0.83337647473676202     
 B before wg2 wg2 ==>    36.307699165500921        3.0046486145008822     
 Q value wg2 wg2 ==>   2.90936028119118281E-005  2.40764508324205215E-006
 B after wg2 wg2 ==>   34.733815968926827        3.0046510221459655     
 LTM d(wg2)/d(wg2)  0.88003476594418051     
 B before wg2 wg2 ==>    12.830717710894520        1.0830418984631049     
 Q value wg2 wg2 ==>   2.96754184767961874E-005  2.50490442459868871E-006
 B after wg2 wg2 ==>   12.520011380847954        1.0830444033675295     
 LTM d(wg2)/d(wg2)  0.90996874242924675     
 B before wg2 wg2 ==>    11.776538421042888        1.0089912982466096     
 Q value wg2 wg2 ==>   3.01212029042410758E-005  2.58072708095562267E-006
 B after wg2 wg2 ==>   11.663986082821454        1.0089938789736905     
 LTM d(wg2)/d(wg2)  0.90861583587615669     
 B before wg2 wg2 ==>    11.039373344903765       0.94583240379027012     
 Q value wg2 wg2 ==>   3.01212029042410758E-005  2.58072708095562267E-006
 B after wg2 wg2 ==>   10.933868208672941       0.94583498451735104     
 LTM d(wg2)/d(wg2)  0.91083938255038666     
 B before wg2 wg2 ==>    49.208075825887555        4.2160538637620322     
 Q value wg2 wg2 ==>   3.01212029042410758E-005  2.58072708095562267E-006
 B after wg2 wg2 ==>   48.737682871704500        4.2160564444891131     
 LTM d(wg2)/d(wg2)  0.91090009426323593     
 B before wg2 wg2 ==>    10.850182164114635       0.92962286510442527     
 Q value wg2 wg2 ==>   3.01212029042410758E-005  2.58072708095562267E-006
 B after wg2 wg2 ==>   10.746485670898814       0.92962544583150619     
 LTM d(wg2)/d(wg2)  0.91470562568769997     
 B before wg2 wg2 ==>    11.114151134154845       0.95223922181768306     
 Q value wg2 wg2 ==>   3.01212029042410758E-005  2.58072708095562267E-006
 B after wg2 wg2 ==>   11.007931132010915       0.95224180254476398     
 LTM d(wg2)/d(wg2)  0.88588225487638517     
 B before wg2 wg2 ==>    51.789279777640019        4.3715372089268500     
 Q value wg2 wg2 ==>   2.96754184767961874E-005  2.50490442459868871E-006
 B after wg2 wg2 ==>   50.535072060589592        4.3715397138312744     
 LTM d(wg2)/d(wg2)  0.85587221923491896     
 B before wg2 wg2 ==>    53.625642939113511        4.4377974220913003     
 Q value wg2 wg2 ==>   2.90936028119118281E-005  2.40764508324205215E-006
 B after wg2 wg2 ==>   51.301040106450735        4.4377998297363836     
 LTM d(wg2)/d(wg2)  0.82254773787398827     
 B before wg2 wg2 ==>    60.718152356711556        5.0247390098184939     
 Q value wg2 wg2 ==>   2.90936028119118281E-005  2.40764508324205215E-006
 B after wg2 wg2 ==>   58.086094657666330        5.0247414174635772     
 LTM d(wg2)/d(wg2)  0.78514516183401906     
 B before wg2 wg2 ==>    33.238637225718051        2.7506679735588069     
 Q value wg2 wg2 ==>   2.90936028119118281E-005  2.40764508324205215E-006
 B after wg2 wg2 ==>   31.797795520252052        2.7506703812038902     
 LTM d(wg2)/d(wg2)  0.82742248465861368     
 B before wg2 wg2 ==>    89.706455447804757        7.4236700002500147     
 Q value wg2 wg2 ==>   2.90936028119118281E-005  2.40764508324205215E-006
 B after wg2 wg2 ==>   85.817776949439619        7.4236724078950980     
 LTM d(wg2)/d(wg2)  0.91352073215038032     
 B before wg2 wg2 ==>    58.934500681640714        5.0493953510167726     
 Q value wg2 wg2 ==>   3.01212029042410758E-005  2.58072708095562267E-006
 B after wg2 wg2 ==>   58.371124374306987        5.0493979317438535     
 LTM d(wg2)/d(wg2)  0.91482316503643313     
 B before wg2 wg2 ==>    58.806802395073056        5.0384544059494560     
 Q value wg2 wg2 ==>   3.01212029042410758E-005  2.58072708095562267E-006
 B after wg2 wg2 ==>   58.244646866705160        5.0384569866765370     
 LTM d(wg2)/d(wg2)  0.91403534901005545     
 B before wg2 wg2 ==>    47.241482473325142        4.0475599049277875     
 Q value wg2 wg2 ==>   3.01212029042410758E-005  2.58072708095562267E-006
 B after wg2 wg2 ==>   46.789889895119586        4.0475624856548684     
 LTM d(wg2)/d(wg2)  0.90876125476793290     
 B before wg2 wg2 ==>    55.502654557311942        4.7553613358785247     
 Q value wg2 wg2 ==>   3.01212029042410758E-005  2.58072708095562267E-006
 B after wg2 wg2 ==>   54.972086251363066        4.7553639166056056     
 LTM d(wg2)/d(wg2)  0.85977908596788777     
 B before wg2 wg2 ==>    90.696793669022881        7.5706040983669300     
 Q value wg2 wg2 ==>   2.93454751338267236E-005  2.44951299080545413E-006
 B after wg2 wg2 ==>   87.516338060253858        7.5706065478799207     
 LTM d(wg2)/d(wg2)  0.85583281426299518     
 B before wg2 wg2 ==>    12.177475261670590        1.0164730239548996     
 Q value wg2 wg2 ==>   2.93454751338267236E-005  2.44951299080545413E-006
 B after wg2 wg2 ==>   11.750473440055400        1.0164754734678905     
 LTM d(wg2)/d(wg2)  0.86426044765425325     
 B before wg2 wg2 ==>    48.334476610683502        4.0345548273360841     
 Q value wg2 wg2 ==>   2.93454751338267236E-005  2.44951299080545413E-006
 B after wg2 wg2 ==>   46.639549464244759        4.0345572768490747     
 LTM d(wg2)/d(wg2)  0.86527972370128614     
 B before wg2 wg2 ==>    91.618726364789396        7.6475592713409482     
 Q value wg2 wg2 ==>   2.93454751338267236E-005  2.44951299080545413E-006
 B after wg2 wg2 ==>   88.405941144350933        7.6475617208539388     
 LTM d(wg2)/d(wg2)  0.85768345174346505     
 B before wg2 wg2 ==>    53.057270845161128        4.4287738944153183     
 Q value wg2 wg2 ==>   2.93454751338267236E-005  2.44951299080545413E-006
 B after wg2 wg2 ==>   51.196728459891517        4.4287763439283090     
 LTM d(wg2)/d(wg2)  0.86273961036154012     
 B before wg2 wg2 ==>    92.305036856076100        7.7048466881050750     
 Q value wg2 wg2 ==>   2.93454751338267236E-005  2.44951299080545413E-006
 B after wg2 wg2 ==>   89.068184638372159        7.7048491376180657     
 LTM d(wg2)/d(wg2)  0.94765330282314841     
 B before wg2 wg2 ==>    144.69876589634524        12.647513956563948     
 Q value wg2 wg2 ==>   3.07286077929626550E-005  2.68585909160881841E-006
 B after wg2 wg2 ==>   146.20550349574683        12.647516642423041     
 LTM d(wg2)/d(wg2)  0.97347242608654838     
 B before wg2 wg2 ==>    149.14826785141832        13.036426313403661     
 Q value wg2 wg2 ==>   3.07286077929626550E-005  2.68585909160881841E-006
 B after wg2 wg2 ==>   150.70133683244637        13.036428999262753     
 LTM d(wg2)/d(wg2)  0.97077338710688976     
 B before wg2 wg2 ==>    94.381762344920418        8.2495151158205751     
 Q value wg2 wg2 ==>   3.07286077929626550E-005  2.68585909160881841E-006
 B after wg2 wg2 ==>   95.364563486403938        8.2495178016796675     
 LTM d(wg2)/d(wg2)  0.95590518089535070     
 B before wg2 wg2 ==>    79.590372409115616        6.9566615832335650     
 Q value wg2 wg2 ==>   3.07286077929626550E-005  2.68585909160881841E-006
 B after wg2 wg2 ==>   80.419155069694739        6.9566642690926566     
 LTM d(wg2)/d(wg2)  0.97060179040393391     
 B before wg2 wg2 ==>    247.97645934519096        21.674585204923513     
 Q value wg2 wg2 ==>   3.07286077929626550E-005  2.68585909160881841E-006
 B after wg2 wg2 ==>   250.55859780450737        21.674587890782604     
 LTM d(wg2)/d(wg2)  0.96101691525243238     
 B before wg2 wg2 ==>    156.41962791831435        13.671985486003296     
 Q value wg2 wg2 ==>   3.07286077929626550E-005  2.68585909160881841E-006
 B after wg2 wg2 ==>   158.04841147630054        13.671988171862388     
 LTM d(wg2)/d(wg2)  0.92271404272234825     
 B before wg2 wg2 ==>    46.628501363633852        3.9732283143490714     
 Q value wg2 wg2 ==>   2.99567440173566616E-005  2.55262296781207919E-006
 B after wg2 wg2 ==>   45.930615142420393        3.9732308669720391     
 LTM d(wg2)/d(wg2)  0.84569568406803519     
 B before wg2 wg2 ==>    57.428830086881199        4.7525306951125152     
 Q value wg2 wg2 ==>   2.90936028119118281E-005  2.40764508324205215E-006
 B after wg2 wg2 ==>   54.939361996028836        4.7525331027575985     
 LTM d(wg2)/d(wg2)  0.84354612595805845     
 B before wg2 wg2 ==>    56.452564698964778        4.6717397192972410     
 Q value wg2 wg2 ==>   2.90936028119118281E-005  2.40764508324205215E-006
 B after wg2 wg2 ==>   54.005416967060533        4.6717421269423243     
 LTM d(wg2)/d(wg2)  0.83819509264113667     
 B before wg2 wg2 ==>    36.109698192168672        2.9882630168489701     
 Q value wg2 wg2 ==>   2.90936028119118281E-005  2.40764508324205215E-006
 B after wg2 wg2 ==>   34.544398186566234        2.9882654244940534     
 LTM d(wg2)/d(wg2)  0.84188131149108003     
 B before wg2 wg2 ==>    55.336843793981437        4.5794080830774160     
 Q value wg2 wg2 ==>   2.90936028119118281E-005  2.40764508324205215E-006
 B after wg2 wg2 ==>   52.938061711181668        4.5794104907224993     
 LTM d(wg2)/d(wg2)  0.84285449658061162     
 B before wg2 wg2 ==>    127.84826336717136        10.580100535743092     
 Q value wg2 wg2 ==>   2.90936028119118281E-005  2.40764508324205215E-006
 B after wg2 wg2 ==>   122.30616662612657        10.580102943388175     
 LTM d(wg2)/d(wg2)  0.85356844551427469     
 B before wg2 wg2 ==>    12.604596972320753        1.0521255453102827     
 Q value wg2 wg2 ==>   2.93454751338267236E-005  2.44951299080545413E-006
 B after wg2 wg2 ==>   12.162617182027025        1.0521279948232736     
 LTM d(wg2)/d(wg2)  0.91213539765124863     
 B before wg2 wg2 ==>    12.261850870539455        1.0505719411287153     
 Q value wg2 wg2 ==>   3.01212029042410758E-005  2.58072708095562267E-006
 B after wg2 wg2 ==>   12.144659008592788        1.0505745218557963     
 LTM d(wg2)/d(wg2)  0.90775449696236177     
 B before wg2 wg2 ==>    50.226328694737099        4.3032958229312914     
 Q value wg2 wg2 ==>   3.01212029042410758E-005  2.58072708095562267E-006
 B after wg2 wg2 ==>   49.746201375923143        4.3032984036583724     
 LTM d(wg2)/d(wg2)  0.90820893275605308     
 B before wg2 wg2 ==>    10.819137943433514       0.92696305562491565     
 Q value wg2 wg2 ==>   3.01212029042410758E-005  2.58072708095562267E-006
 B after wg2 wg2 ==>   10.715738228918777       0.92696563635199658     
 LTM d(wg2)/d(wg2)  0.91170952302512775     
 B before wg2 wg2 ==>    50.383370288809090        4.3167508464888318     
 Q value wg2 wg2 ==>   3.01212029042410758E-005  2.58072708095562267E-006
 B after wg2 wg2 ==>   49.901741672836359        4.3167534272159127     
 LTM d(wg2)/d(wg2)  0.91106550593441404     
 B before wg2 wg2 ==>    18.072124345468762        1.5483850647339792     
 Q value wg2 wg2 ==>   3.01212029042410758E-005  2.58072708095562267E-006
 B after wg2 wg2 ==>   17.899387026847769        1.5483876454610601     
 LTM d(wg2)/d(wg2)  0.91849161208523000     
 B before wg2 wg2 ==>    52.016501657080809        4.4566744200013462     
 Q value wg2 wg2 ==>   3.01212029042410758E-005  2.58072708095562267E-006
 B after wg2 wg2 ==>   51.519260518212000        4.4566770007284271     
 LTM d(wg2)/d(wg2)  0.89232719283210837     
 B before wg2 wg2 ==>    47.607641736340916        4.0185648105793552     
 Q value wg2 wg2 ==>   2.96754184767961874E-005  2.50490442459868871E-006
 B after wg2 wg2 ==>   46.454705243961321        4.0185673154837795     
 LTM d(wg2)/d(wg2)  0.83749065394162137     
 B before wg2 wg2 ==>    60.597420701315876        5.0147478451496044     
 Q value wg2 wg2 ==>   2.90936028119118281E-005  2.40764508324205215E-006
 B after wg2 wg2 ==>   57.970596627323822        5.0147502527946877     
 LTM d(wg2)/d(wg2)  0.81498868380259593     
 B before wg2 wg2 ==>    57.427255944072698        4.7524004267089177     
 Q value wg2 wg2 ==>   2.90936028119118281E-005  2.40764508324205215E-006
 B after wg2 wg2 ==>   54.937856091108841        4.7524028343540010     
 LTM d(wg2)/d(wg2)  0.79694568347321149     
 B before wg2 wg2 ==>    58.273842101306890        4.8224597800376552     
 Q value wg2 wg2 ==>   2.90936028119118281E-005  2.40764508324205215E-006
 B after wg2 wg2 ==>   55.747743385003091        4.8224621876827385     
 LTM d(wg2)/d(wg2)  0.85115105616258224     
 B before wg2 wg2 ==>    58.611410516550720        4.8503953004499589     
 Q value wg2 wg2 ==>   2.90936028119118281E-005  2.40764508324205215E-006
 B after wg2 wg2 ==>   56.070678467262375        4.8503977080950422     
 LTM d(wg2)/d(wg2)  0.91862546137948409     
 B before wg2 wg2 ==>    83.704745271237087        7.1716625532095888     
 Q value wg2 wg2 ==>   3.01212029042410758E-005  2.58072708095562267E-006
 B after wg2 wg2 ==>   82.904568656034783        7.1716651339366697     
 LTM d(wg2)/d(wg2)  0.91270194195563015     
 B before wg2 wg2 ==>    40.761433977302325        3.4923617379502923     
 Q value wg2 wg2 ==>   3.01212029042410758E-005  2.58072708095562267E-006
 B after wg2 wg2 ==>   40.371789817624126        3.4923643186773732     
 LTM d(wg2)/d(wg2)  0.92260468384388461     
 B before wg2 wg2 ==>    57.459909645889006        4.9230552101068286     
 Q value wg2 wg2 ==>   3.01212029042410758E-005  2.58072708095562267E-006
 B after wg2 wg2 ==>   56.910630236548485        4.9230577908339095     
 LTM d(wg2)/d(wg2)  0.87769842072724125     
 B before wg2 wg2 ==>    58.246323038672372        4.9109275954882889     
 Q value wg2 wg2 ==>   2.96413214211402085E-005  2.49915146123760432E-006
 B after wg2 wg2 ==>   56.770433866111382        4.9109300946397498     
 LTM d(wg2)/d(wg2)  0.85689541593556617     
 B before wg2 wg2 ==>    12.158221546481832        1.0148658860482527     
 Q value wg2 wg2 ==>   2.93454751338267236E-005  2.44951299080545413E-006
 B after wg2 wg2 ==>   11.731894899028598        1.0148683355612436     
 LTM d(wg2)/d(wg2)  0.86452873609193692     
 B before wg2 wg2 ==>    12.504082187878597        1.0437354180713727     
 Q value wg2 wg2 ==>   2.93454751338267236E-005  2.44951299080545413E-006
 B after wg2 wg2 ==>   12.065627171099219        1.0437378675843636     
 LTM d(wg2)/d(wg2)  0.86865728018287425     
 B before wg2 wg2 ==>    13.260092131842667        1.1068407578374837     
 Q value wg2 wg2 ==>   2.93454751338267236E-005  2.44951299080545413E-006
 B after wg2 wg2 ==>   12.795125952134770        1.1068432073504746     
 LTM d(wg2)/d(wg2)  0.85957595149370947     
 B before wg2 wg2 ==>    88.180325282057595        7.3605505219054166     
 Q value wg2 wg2 ==>   2.93454751338267236E-005  2.44951299080545413E-006
 B after wg2 wg2 ==>   85.088115210194474        7.3605529714184073     
 LTM d(wg2)/d(wg2)  0.85448317022887954     
 B before wg2 wg2 ==>    52.972493974620029        4.4216974356167054     
 Q value wg2 wg2 ==>   2.93454751338267236E-005  2.44951299080545413E-006
 B after wg2 wg2 ==>   51.114924478060985        4.4216998851296960     
 LTM d(wg2)/d(wg2)  0.86078661125304645     
 B before wg2 wg2 ==>    94.935848799345791        7.9244447011553723     
 Q value wg2 wg2 ==>   2.93454751338267236E-005  2.44951299080545413E-006
 B after wg2 wg2 ==>   91.606741334711344        7.9244471506683629     
 LTM d(wg2)/d(wg2)  0.90318052742759958     
 B before wg2 wg2 ==>    54.506466279362158        4.6445120216790325     
 Q value wg2 wg2 ==>   2.99567440173566616E-005  2.55262296781207919E-006
 B after wg2 wg2 ==>   53.690666004062564        4.6445145743020007     
 LTM d(wg2)/d(wg2)  0.95119274093667661     
 B before wg2 wg2 ==>    154.71876329778033        13.523320023010752     
 Q value wg2 wg2 ==>   3.07286077929626550E-005  2.68585909160881841E-006
 B after wg2 wg2 ==>   156.32983624261823        13.523322708869845     
 LTM d(wg2)/d(wg2)  0.93981945849287540     
 B before wg2 wg2 ==>    151.13741293564709        13.210289166058780     
 Q value wg2 wg2 ==>   3.07286077929626550E-005  2.68585909160881841E-006
 B after wg2 wg2 ==>   152.71119431121690        13.210291851917873     
 LTM d(wg2)/d(wg2)  0.94274812259615304     
 B before wg2 wg2 ==>    97.172791857860204        8.4934673326858849     
 Q value wg2 wg2 ==>   3.07286077929626550E-005  2.68585909160881841E-006
 B after wg2 wg2 ==>   98.184655185359233        8.4934700185449774     
 LTM d(wg2)/d(wg2)  0.97299344087937478     
 B before wg2 wg2 ==>    148.53148809164983        12.982516174146591     
 Q value wg2 wg2 ==>   3.07286077929626550E-005  2.68585909160881841E-006
 B after wg2 wg2 ==>   150.07813472277942        12.982518860005683     
 LTM d(wg2)/d(wg2)  0.93870965802764950     
 B before wg2 wg2 ==>    146.40920790074364        12.680245240944940     
 Q value wg2 wg2 ==>   3.04482127964375285E-005  2.63706641776964904E-006
 B after wg2 wg2 ==>   146.58387712548978        12.680247878011357     
 LTM d(wg2)/d(wg2)  0.91186968474238739     
 B before wg2 wg2 ==>    72.519631942710319        6.1794191654135302     
 Q value wg2 wg2 ==>   2.99567440173566616E-005  2.55262296781207919E-006
 B after wg2 wg2 ==>   71.434218205937952        6.1794217180364983     
 LTM d(wg2)/d(wg2)  0.83534555439229763     
 B before wg2 wg2 ==>    36.370970943404629        3.0098846791424014     
 Q value wg2 wg2 ==>   2.90936028119118281E-005  2.40764508324205215E-006
 B after wg2 wg2 ==>   34.794344963581935        3.0098870867874847     
 LTM d(wg2)/d(wg2)  0.83758528514457087     
 B before wg2 wg2 ==>    36.448407360553531        3.0162929404436145     
 Q value wg2 wg2 ==>   2.90936028119118281E-005  2.40764508324205215E-006
 B after wg2 wg2 ==>   34.868424571189131        3.0162953480886978     
 LTM d(wg2)/d(wg2)  0.83649268437147761     
 B before wg2 wg2 ==>    11.406855541167509       0.94397589176201413     
 Q value wg2 wg2 ==>   2.90936028119118281E-005  2.40764508324205215E-006
 B after wg2 wg2 ==>   10.912404897807063       0.94397829940709732     
 LTM d(wg2)/d(wg2)  0.84314063567843045     
 B before wg2 wg2 ==>    128.68642624668223        10.649462819570799     
 Q value wg2 wg2 ==>   2.90936028119118281E-005  2.40764508324205215E-006
 B after wg2 wg2 ==>   123.10799578495357        10.649465227215881     
 LTM d(wg2)/d(wg2)  0.85184334591896049     
 B before wg2 wg2 ==>    11.232486321366286       0.93566388756544383     
 Q value wg2 wg2 ==>   2.92850866727977044E-005  2.43944192407686732E-006
 B after wg2 wg2 ==>   10.816318358124727       0.93566632700736796     
 LTM d(wg2)/d(wg2)  0.87047872904099455     
 B before wg2 wg2 ==>    12.991422630374002        1.0927589053379192     
 Q value wg2 wg2 ==>   2.95712843456931351E-005  2.48735532900646641E-006
 B after wg2 wg2 ==>   12.632339939646934        1.0927613926932482     
 LTM d(wg2)/d(wg2)  0.91093932173960546     
 B before wg2 wg2 ==>    12.262966754717294        1.0506675479517933     
 Q value wg2 wg2 ==>   3.01212029042410758E-005  2.58072708095562267E-006
 B after wg2 wg2 ==>   12.145764225063415        1.0506701286788742     
 LTM d(wg2)/d(wg2)  0.91731529482368968     
 B before wg2 wg2 ==>    10.759084534881218       0.92181779438660105     
 Q value wg2 wg2 ==>   3.01212029042410758E-005  2.58072708095562267E-006
 B after wg2 wg2 ==>   10.656258923120385       0.92182037511368198     
 LTM d(wg2)/d(wg2)  0.90999987821881112     
 B before wg2 wg2 ==>    17.770141105461668        1.5225117180433232     
 Q value wg2 wg2 ==>   3.01212029042410758E-005  2.58072708095562267E-006
 B after wg2 wg2 ==>   17.600290707232045        1.5225142987704041     
 LTM d(wg2)/d(wg2)  0.90988885354510696     
 B before wg2 wg2 ==>    18.628820034042938        1.5960816870741290     
 Q value wg2 wg2 ==>   3.01212029042410758E-005  2.58072708095562267E-006
 B after wg2 wg2 ==>   18.450760777240564        1.5960842678012099     
 LTM d(wg2)/d(wg2)  0.91197329006826300     
 B before wg2 wg2 ==>    65.282726005695793        5.5932991606315765     
 Q value wg2 wg2 ==>   3.01212029042410758E-005  2.58072708095562267E-006
 B after wg2 wg2 ==>   64.658661492167013        5.5933017413586574     
 LTM d(wg2)/d(wg2)  0.89089272328849445     
 B before wg2 wg2 ==>    48.138839328771063        4.0634032414393904     
 Q value wg2 wg2 ==>   2.96754184767961874E-005  2.50490442459868871E-006
 B after wg2 wg2 ==>   46.973038253135741        4.0634057463438147     
 LTM d(wg2)/d(wg2)  0.87259545491255852     
 B before wg2 wg2 ==>    46.897090824204703        3.9224127063567744     
 Q value wg2 wg2 ==>   2.94042379355188607E-005  2.45933285992848086E-006
 B after wg2 wg2 ==>   45.343184787392211        3.9224151656896344     
 LTM d(wg2)/d(wg2)  0.84656181932052377     
 B before wg2 wg2 ==>    110.06810966724395        9.1087014824298613     
 Q value wg2 wg2 ==>   2.90936028119118281E-005  2.40764508324205215E-006
 B after wg2 wg2 ==>   105.29676900958295        9.1087038900749437     
 LTM d(wg2)/d(wg2)  0.83594128994857764     
 B before wg2 wg2 ==>    57.200816922352693        4.7336614344698713     
 Q value wg2 wg2 ==>   2.90936028119118281E-005  2.40764508324205215E-006
 B after wg2 wg2 ==>   54.721233028038668        4.7336638421149546     
 LTM d(wg2)/d(wg2)  0.81740289328244242     
 B before wg2 wg2 ==>    36.006466484327952        2.9797200627355100     
 Q value wg2 wg2 ==>   2.90936028119118281E-005  2.40764508324205215E-006
 B after wg2 wg2 ==>   34.445641494417679        2.9797224703805933     
 LTM d(wg2)/d(wg2)  0.80641043589954120     
 B before wg2 wg2 ==>    31.691038001760678        2.6225961879336652     
 Q value wg2 wg2 ==>   2.90936028119118281E-005  2.40764508324205215E-006
 B after wg2 wg2 ==>   30.317283540681661        2.6225985955787485     
 LTM d(wg2)/d(wg2)  0.79904820224169282     
 B before wg2 wg2 ==>    31.074057514757580        2.5715378832749827     
 Q value wg2 wg2 ==>   2.90936028119118281E-005  2.40764508324205215E-006
 B after wg2 wg2 ==>   29.727048686574228        2.5715402909200660     
 LTM d(wg2)/d(wg2)  0.84828731208622743     
 B before wg2 wg2 ==>    49.309826390832050        4.0806414328581564     
 Q value wg2 wg2 ==>   2.90936028119118281E-005  2.40764508324205215E-006
 B after wg2 wg2 ==>   47.172310909352852        4.0806438405032397     
 LTM d(wg2)/d(wg2)  0.90604111833209766     
 B before wg2 wg2 ==>    92.509828181728992        7.8513247571686069     
 Q value wg2 wg2 ==>   2.98371688089162803E-005  2.53228556097924718E-006
 B after wg2 wg2 ==>   90.761474518575938        7.8513272894541677     
 LTM d(wg2)/d(wg2)  0.91056862290131146     
 B before wg2 wg2 ==>    10.134311754385786       0.86828845695627266     
 Q value wg2 wg2 ==>   3.01212029042410758E-005  2.58072708095562267E-006
 B after wg2 wg2 ==>   10.037458888926833       0.86829103768335358     
 LTM d(wg2)/d(wg2)  0.94502009933068543     
 B before wg2 wg2 ==>    9.2454267375864490       0.79213048803310093     
 Q value wg2 wg2 ==>   3.01212029042410758E-005  2.58072708095562267E-006
 B after wg2 wg2 ==>   9.1570714969642832       0.79213306876018186     
 LTM d(wg2)/d(wg2)  0.85959309205376611     
 B before wg2 wg2 ==>    136.98596227127371        11.434433847509300     
 Q value wg2 wg2 ==>   2.93454751338267236E-005  2.44951299080545413E-006
 B after wg2 wg2 ==>   132.18227445446587        11.434436297022291     
 LTM d(wg2)/d(wg2)  0.86317616341175485     
 B before wg2 wg2 ==>    12.523682519121188        1.0453714885655074     
 Q value wg2 wg2 ==>   2.93454751338267236E-005  2.44951299080545413E-006
 B after wg2 wg2 ==>   12.084540173320317        1.0453739380784983     
 LTM d(wg2)/d(wg2)  0.85614659046488251     
 B before wg2 wg2 ==>    55.835645997157108        4.6606892407202860     
 Q value wg2 wg2 ==>   2.93454751338267236E-005  2.44951299080545413E-006
 B after wg2 wg2 ==>   53.877673734252681        4.6606916902332767     
 LTM d(wg2)/d(wg2)  0.86350722613036091     
 B before wg2 wg2 ==>    96.745516618365500        8.0755005219085216     
 Q value wg2 wg2 ==>   2.93454751338267236E-005  2.44951299080545413E-006
 B after wg2 wg2 ==>   93.352949144005549        8.0755029714215123     
 LTM d(wg2)/d(wg2)  0.86015656909808325     
 B before wg2 wg2 ==>    46.017613953746825        3.8411626552823894     
 Q value wg2 wg2 ==>   2.93454751338267236E-005  2.44951299080545413E-006
 B after wg2 wg2 ==>   44.403932727247962        3.8411651047953801     
 LTM d(wg2)/d(wg2)  0.85466331101203930     
 B before wg2 wg2 ==>    45.805235663454425        3.8234351051689948     
 Q value wg2 wg2 ==>   2.93454751338267236E-005  2.44951299080545413E-006
 B after wg2 wg2 ==>   44.199001952033072        3.8234375546819854     
 LTM d(wg2)/d(wg2)  0.85602284750397917     
 B before wg2 wg2 ==>    45.928059074908695        3.8336873686120043     
 Q value wg2 wg2 ==>   2.93454751338267236E-005  2.44951299080545413E-006
 B after wg2 wg2 ==>   44.317518288562603        3.8336898181249950     
 LTM d(wg2)/d(wg2)  0.86224272055318052     
 B before wg2 wg2 ==>    47.368946845614879        3.9539605383781011     
 Q value wg2 wg2 ==>   2.93454751338267236E-005  2.44951299080545413E-006
 B after wg2 wg2 ==>   45.707878138629795        3.9539629878910918     
 LTM d(wg2)/d(wg2)  0.86311138628916950     
 B before wg2 wg2 ==>    60.739780297250476        5.0700450484538653     
 Q value wg2 wg2 ==>   2.93454751338267236E-005  2.44951299080545413E-006
 B after wg2 wg2 ==>   58.609833704522536        5.0700474979668559     
 LTM d(wg2)/d(wg2)  0.86417050671197382     
 B before wg2 wg2 ==>    59.878721590784316        4.9981711231649975     
 Q value wg2 wg2 ==>   2.93454751338267236E-005  2.44951299080545413E-006
 B after wg2 wg2 ==>   57.778969928480777        4.9981735726779881     
 LTM d(wg2)/d(wg2)  0.86470730707097598     
 B before wg2 wg2 ==>    57.285925423580636        4.7817463467688892     
 Q value wg2 wg2 ==>   2.93454751338267236E-005  2.44951299080545413E-006
 B after wg2 wg2 ==>   55.277095900830929        4.7817487962818799     
 LTM d(wg2)/d(wg2)  0.86813367091759974     
 B before wg2 wg2 ==>    56.922764159632756        4.7514327045551958     
 Q value wg2 wg2 ==>   2.93454751338267236E-005  2.44951299080545413E-006
 B after wg2 wg2 ==>   54.926669690852535        4.7514351540681865     
 LTM d(wg2)/d(wg2)  0.83092876277434002     
 B before wg2 wg2 ==>    5.2930649989266438       0.44182046523087753     
 Q value wg2 wg2 ==>   2.93454751338267236E-005  2.44951299080545413E-006
 B after wg2 wg2 ==>   5.1074802692420151       0.44182291474386837     
 LTM d(wg2)/d(wg2)  0.89834710494961367     
 B before wg2 wg2 ==>    42.137108511798431        3.5905154085533186     
 Q value wg2 wg2 ==>   2.99567440173566616E-005  2.55262296781207919E-006
 B after wg2 wg2 ==>   41.506447563268793        3.5905179611762863     
 LTM d(wg2)/d(wg2)  0.86729426127470666     
 B before wg2 wg2 ==>    12.857137437399345        1.0639941686097307     
 Q value wg2 wg2 ==>   2.90936028119118281E-005  2.40764508324205215E-006
 B after wg2 wg2 ==>   12.299818181483168        1.0639965762548140     
 LTM d(wg2)/d(wg2)  0.83609074371542058     
 B before wg2 wg2 ==>    12.891877055131376        1.0668690504305545     
 Q value wg2 wg2 ==>   2.90936028119118281E-005  2.40764508324205215E-006
 B after wg2 wg2 ==>   12.333051863318733        1.0668714580756378     
 LTM d(wg2)/d(wg2)  0.83594873045837204     
 B before wg2 wg2 ==>    11.712270821500050       0.96925057509338108     
 Q value wg2 wg2 ==>   2.90936028119118281E-005  2.40764508324205215E-006
 B after wg2 wg2 ==>   11.204580658996660       0.96925298273846427     
 LTM d(wg2)/d(wg2)  0.86205209136445882     
 B before wg2 wg2 ==>    11.531108525159352       0.96632296581191957     
 Q value wg2 wg2 ==>   2.94614274878276054E-005  2.46890868514282399E-006
 B after wg2 wg2 ==>   11.170738155044269       0.96632543472060473     
 LTM d(wg2)/d(wg2)  0.88396217348361150     
 B before wg2 wg2 ==>    17.410264674855068        1.4744922451928928     
 Q value wg2 wg2 ==>   2.97741699871625668E-005  2.52160340885177527E-006
 B after wg2 wg2 ==>   17.045184116080822        1.4744947667963015     
 LTM d(wg2)/d(wg2)  0.88712835185140837     
 B before wg2 wg2 ==>    20.625799513647419        1.7468190175017906     
 Q value wg2 wg2 ==>   2.97741699871625668E-005  2.52160340885177527E-006
 B after wg2 wg2 ==>   20.193286149585326        1.7468215391051993     
 LTM d(wg2)/d(wg2)  0.90822002301424087     
 B before wg2 wg2 ==>    47.869052738863360        4.1013289255285201     
 Q value wg2 wg2 ==>   3.01212029042410758E-005  2.58072708095562267E-006
 B after wg2 wg2 ==>   47.411460670763745        4.1013315062556011     
 LTM d(wg2)/d(wg2)  0.93699124303592207     
 B before wg2 wg2 ==>    49.278616275245511        4.2220976346080903     
 Q value wg2 wg2 ==>   3.01212029042410758E-005  2.58072708095562267E-006
 B after wg2 wg2 ==>   48.807548963566113        4.2221002153351712     
 LTM d(wg2)/d(wg2)  0.92822640827439784     
 B before wg2 wg2 ==>    48.893485965891259        4.1891004059712689     
 Q value wg2 wg2 ==>   3.01212029042410758E-005  2.58072708095562267E-006
 B after wg2 wg2 ==>   48.426100449742570        4.1891029866983498     
 LTM d(wg2)/d(wg2)  0.88718612604063352     
 B before wg2 wg2 ==>    46.495558170362251        3.9460858822937173     
 Q value wg2 wg2 ==>   2.98371688089162803E-005  2.53228556097924718E-006
 B after wg2 wg2 ==>   45.616847939704726        3.9460884145792781     
 LTM d(wg2)/d(wg2)  0.88395594873399308     
 B before wg2 wg2 ==>    46.792915439972703        3.9497936993579450     
 Q value wg2 wg2 ==>   2.96754184767961874E-005  2.50490442459868871E-006
 B after wg2 wg2 ==>   45.659710050330808        3.9497962042623698     
 LTM d(wg2)/d(wg2)  0.85264080598698189     
 B before wg2 wg2 ==>    59.805455405103444        4.9492086486516200     
 Q value wg2 wg2 ==>   2.90936028119118281E-005  2.40764508324205215E-006
 B after wg2 wg2 ==>   57.212962421842462        4.9492110562967033     
 LTM d(wg2)/d(wg2)  0.84315430830498239     
 B before wg2 wg2 ==>    37.367400223934254        3.0923443206510606     
 Q value wg2 wg2 ==>   2.90936028119118281E-005  2.40764508324205215E-006
 B after wg2 wg2 ==>   35.747579795818737        3.0923467282961439     
 LTM d(wg2)/d(wg2)  0.84353560136886696     
 B before wg2 wg2 ==>    54.856793734249536        4.5396814746715863     
 Q value wg2 wg2 ==>   2.90936028119118281E-005  2.40764508324205215E-006
 B after wg2 wg2 ==>   52.478821454903191        4.5396838823166696     
 LTM d(wg2)/d(wg2)  0.87189559279763584     
 B before wg2 wg2 ==>    135.43767111902460        11.208163013140604     
 Q value wg2 wg2 ==>   2.90936028119118281E-005  2.40764508324205215E-006
 B after wg2 wg2 ==>   129.56657934831114        11.208165420785686     
 LTM d(wg2)/d(wg2)  0.85759765175968217     
 B before wg2 wg2 ==>    47.647000405251006        3.9430340408017774     
 Q value wg2 wg2 ==>   2.90936028119118281E-005  2.40764508324205215E-006
 B after wg2 wg2 ==>   45.581567160271291        3.9430364484468607     
 LTM d(wg2)/d(wg2)  0.84503706024900871     
 B before wg2 wg2 ==>    5.4001827368427646       0.44689286160340308     
 Q value wg2 wg2 ==>   2.90936028119118281E-005  2.40764508324205215E-006
 B after wg2 wg2 ==>   5.1661167719819323       0.44689526924848633     
 LTM d(wg2)/d(wg2)  0.82706924412285832     
 B before wg2 wg2 ==>    3.8755374951257830       0.32072063592067190     
 Q value wg2 wg2 ==>   2.90936028119118281E-005  2.40764508324205215E-006
 B after wg2 wg2 ==>   3.7075637370528103       0.32072304356575515     
 LTM d(wg2)/d(wg2)  0.84290054117645485     
 B before wg2 wg2 ==>    53.921857705608765        4.4623107156406299     
 Q value wg2 wg2 ==>   2.90936028119118281E-005  2.40764508324205215E-006
 B after wg2 wg2 ==>   51.584414189051046        4.4623131232857132     
 LTM d(wg2)/d(wg2)  0.91601757906640591     
 B before wg2 wg2 ==>    36.066114427092948        3.0900757351140782     
 Q value wg2 wg2 ==>   3.01212029042410758E-005  2.58072708095562267E-006
 B after wg2 wg2 ==>   35.721356909975313        3.0900783158411591     
 LTM d(wg2)/d(wg2)  0.91209494756254927     
 B before wg2 wg2 ==>    18.141594561238151        1.5543371400121764     
 Q value wg2 wg2 ==>   3.01212029042410758E-005  2.58072708095562267E-006
 B after wg2 wg2 ==>   17.968193116414351        1.5543397207392573     
 LTM d(wg2)/d(wg2)  0.91901714374235910     
 B before wg2 wg2 ==>    16.479327857918381        1.4119173066919026     
 Q value wg2 wg2 ==>   3.01212029042410758E-005  2.58072708095562267E-006
 B after wg2 wg2 ==>   16.321817465994041        1.4119198874189836     
 LTM d(wg2)/d(wg2)  0.94574654410639869     
 B before wg2 wg2 ==>    87.363970489717985        7.4851779744452980     
 Q value wg2 wg2 ==>   3.01212029042410758E-005  2.58072708095562267E-006
 B after wg2 wg2 ==>   86.528812158644342        7.4851805551723789     
 LTM d(wg2)/d(wg2)  0.88203192161857291     
 B before wg2 wg2 ==>    154.37642653915441        13.015953859965482     
 Q value wg2 wg2 ==>   2.96413214211402085E-005  2.49915146123760432E-006
 B after wg2 wg2 ==>   150.46467277063638        13.015956359116943     
 LTM d(wg2)/d(wg2)  0.86360509066393143     
 B before wg2 wg2 ==>    106.73344021793302        8.9092082228995828     
 Q value wg2 wg2 ==>   2.93454751338267236E-005  2.44951299080545413E-006
 B after wg2 wg2 ==>   102.99062408351266        8.9092106724125735     
 LTM d(wg2)/d(wg2)  0.86263915004192249     
 B before wg2 wg2 ==>    89.725861527374533        7.4895588645340423     
 Q value wg2 wg2 ==>   2.93454751338267236E-005  2.44951299080545413E-006
 B after wg2 wg2 ==>   86.579453804357925        7.4895613140470330     
 LTM d(wg2)/d(wg2)  0.85637145708393470     
 B before wg2 wg2 ==>    45.951810127917966        3.8356699063840529     
 Q value wg2 wg2 ==>   2.93454751338267236E-005  2.44951299080545413E-006
 B after wg2 wg2 ==>   44.340436458299536        3.8356723558970436     
 LTM d(wg2)/d(wg2)  0.85631400808591296     
 B before wg2 wg2 ==>    45.766529038319874        3.8202042022558560     
 Q value wg2 wg2 ==>   2.93454751338267236E-005  2.44951299080545413E-006
 B after wg2 wg2 ==>   44.161652660427727        3.8202066517688467     
 LTM d(wg2)/d(wg2)  0.85516228353786150     
 B before wg2 wg2 ==>    38.415034483013464        3.2065633825745570     
 Q value wg2 wg2 ==>   2.93454751338267236E-005  2.44951299080545413E-006
 B after wg2 wg2 ==>   37.067954542165452        3.2065658320875476     
 LTM d(wg2)/d(wg2)  0.85685298778801111     
 B before wg2 wg2 ==>    57.801777004716570        4.8248052900491585     
 Q value wg2 wg2 ==>   2.93454751338267236E-005  2.44951299080545413E-006
 B after wg2 wg2 ==>   55.774858003880468        4.8248077395621491     
 LTM d(wg2)/d(wg2)  0.86225920083676411     
 B before wg2 wg2 ==>    64.713137331193394        5.4017074130046563     
 Q value wg2 wg2 ==>   2.93454751338267236E-005  2.44951299080545413E-006
 B after wg2 wg2 ==>   62.443856174758906        5.4017098625176470     
 LTM d(wg2)/d(wg2)  0.86657445675582601     
 B before wg2 wg2 ==>    63.502132455066359        5.3006229302190100     
 Q value wg2 wg2 ==>   2.93454751338267236E-005  2.44951299080545413E-006
 B after wg2 wg2 ==>   61.275317866478716        5.3006253797320007     
 LTM d(wg2)/d(wg2)  0.86796294596293877     
 B before wg2 wg2 ==>    92.207141303314458        7.6966751922564587     
 Q value wg2 wg2 ==>   2.93454751338267236E-005  2.44951299080545413E-006
 B after wg2 wg2 ==>   88.973722009965485        7.6966776417694494     
 LTM d(wg2)/d(wg2)  0.86618770134870249     
 B before wg2 wg2 ==>    151.27493010196261        12.627156479085565     
 Q value wg2 wg2 ==>   2.93454751338267236E-005  2.44951299080545413E-006
 B after wg2 wg2 ==>   145.97016798412969        12.627158928598556     
 LTM d(wg2)/d(wg2)  0.86054235989083128     
 B before wg2 wg2 ==>    101.68837715707083        8.4880888697230663     
 Q value wg2 wg2 ==>   2.93454751338267236E-005  2.44951299080545413E-006
 B after wg2 wg2 ==>   98.122477331568149        8.4880913192360570     
 LTM d(wg2)/d(wg2)  0.85512220214586088     
 B before wg2 wg2 ==>    91.346852550620298        7.6248655362206268     
 Q value wg2 wg2 ==>   2.93454751338267236E-005  2.44951299080545413E-006
 B after wg2 wg2 ==>   88.143601187561586        7.6248679857336175     
 LTM d(wg2)/d(wg2)  0.88508955844898862     
 B before wg2 wg2 ==>    16.909779129424695        1.4321056376742818     
 Q value wg2 wg2 ==>   2.97741699871625668E-005  2.52160340885177527E-006
 B after wg2 wg2 ==>   16.555194225658518        1.4321081592776905     
 LTM d(wg2)/d(wg2)  0.87129744251373942     
 B before wg2 wg2 ==>    21.292231949659381        1.7620415696284135     
 Q value wg2 wg2 ==>   2.90936028119118281E-005  2.40764508324205215E-006
 B after wg2 wg2 ==>   20.369257788900157        1.7620439772734968     
 LTM d(wg2)/d(wg2)  0.85742985884479084     
 B before wg2 wg2 ==>    45.323754524945855        3.7507735099544641     
 Q value wg2 wg2 ==>   2.90936028119118281E-005  2.40764508324205215E-006
 B after wg2 wg2 ==>   43.359032214509341        3.7507759175995474     
 LTM d(wg2)/d(wg2)  0.84208731683983062     
 B before wg2 wg2 ==>    123.07731941817926        10.185280416163017     
 Q value wg2 wg2 ==>   2.90936028119118281E-005  2.40764508324205215E-006
 B after wg2 wg2 ==>   117.74203945353746        10.185282823808100     
 LTM d(wg2)/d(wg2)  0.87060792912473517     
 B before wg2 wg2 ==>    58.674543657303595        4.9353432585782331     
 Q value wg2 wg2 ==>   2.95712843456931351E-005  2.48735532900646641E-006
 B after wg2 wg2 ==>   57.052679202608083        4.9353457459335619     
 LTM d(wg2)/d(wg2)  0.88495980038095912     
 B before wg2 wg2 ==>    46.281045147825992        3.9195867176246511     
 Q value wg2 wg2 ==>   2.97741699871625668E-005  2.52160340885177527E-006
 B after wg2 wg2 ==>   45.310517030326714        3.9195892392280598     
 LTM d(wg2)/d(wg2)  0.88643833492492241     
 B before wg2 wg2 ==>    47.367467815093242        4.0115969097615309     
 Q value wg2 wg2 ==>   2.97741699871625668E-005  2.52160340885177527E-006
 B after wg2 wg2 ==>   46.374156387241271        4.0115994313649397     
 LTM d(wg2)/d(wg2)  0.89981243000849354     
 B before wg2 wg2 ==>    47.318913671711265        4.0320585501663366     
 Q value wg2 wg2 ==>   2.99567440173566616E-005  2.55262296781207919E-006
 B after wg2 wg2 ==>   46.610693650448276        4.0320611027893047     
 LTM d(wg2)/d(wg2)  0.93558442743053905     
 B before wg2 wg2 ==>    42.236991202442312        3.6187846601199225     
 Q value wg2 wg2 ==>   3.01212029042410758E-005  2.58072708095562267E-006
 B after wg2 wg2 ==>   41.833240908126371        3.6187872408470034     
 LTM d(wg2)/d(wg2)  0.91339657624486259     
 B before wg2 wg2 ==>    41.250747094482300        3.5009578796145240     
 Q value wg2 wg2 ==>   2.98371688089162803E-005  2.53228556097924718E-006
 B after wg2 wg2 ==>   40.471160798762611        3.5009604119000848     
 LTM d(wg2)/d(wg2)  0.84710631528583080     
 B before wg2 wg2 ==>    50.221189898246593        4.1560614446682598     
 Q value wg2 wg2 ==>   2.90936028119118281E-005  2.40764508324205215E-006
 B after wg2 wg2 ==>   48.044167504770527        4.1560638523133431     
 LTM d(wg2)/d(wg2)  0.84798019295496951     
 B before wg2 wg2 ==>    13.159142699949038        1.0889866554526901     
 Q value wg2 wg2 ==>   2.90936028119118281E-005  2.40764508324205215E-006
 B after wg2 wg2 ==>   12.588731746556419        1.0889890630977734     
 LTM d(wg2)/d(wg2)  0.84922415068045765     
 B before wg2 wg2 ==>    13.202894378498197        1.0926073316000713     
 Q value wg2 wg2 ==>   2.90936028119118281E-005  2.40764508324205215E-006
 B after wg2 wg2 ==>   12.630586823255609        1.0926097392451546     
 LTM d(wg2)/d(wg2)  0.84294280198472971     
 B before wg2 wg2 ==>    52.316602149851015        4.3294675723849334     
 Q value wg2 wg2 ==>   2.90936028119118281E-005  2.40764508324205215E-006
 B after wg2 wg2 ==>   50.048745235629077        4.3294699800300167     
 LTM d(wg2)/d(wg2)  0.85159148053434908     
 B before wg2 wg2 ==>    134.52542382200988        11.132669863201158     
 Q value wg2 wg2 ==>   2.90936028119118281E-005  2.40764508324205215E-006
 B after wg2 wg2 ==>   128.69387727489746        11.132672270846241     
 LTM d(wg2)/d(wg2)  0.84612350252978441     
 B before wg2 wg2 ==>    49.768023592033202        4.1185596049648971     
 Q value wg2 wg2 ==>   2.90936028119118281E-005  2.40764508324205215E-006
 B after wg2 wg2 ==>   47.610645611827877        4.1185620126099804     
 LTM d(wg2)/d(wg2)  0.84352359270553179     
 B before wg2 wg2 ==>    15.693992130695491        1.2987584670825942     
 Q value wg2 wg2 ==>   2.90936028119118281E-005  2.40764508324205215E-006
 B after wg2 wg2 ==>   15.013697390459244        1.2987608747276775     
 LTM d(wg2)/d(wg2)  0.84760254737486307     
 B before wg2 wg2 ==>    51.271642167613088        4.2429917660131711     
 Q value wg2 wg2 ==>   2.90936028119118281E-005  2.40764508324205215E-006
 B after wg2 wg2 ==>   49.049083470537930        4.2429941736582544     
 LTM d(wg2)/d(wg2)  0.87095559857521687     
 B before wg2 wg2 ==>    164.05837136159312        13.576672979522336     
 Q value wg2 wg2 ==>   2.90936028119118281E-005  2.40764508324205215E-006
 B after wg2 wg2 ==>   156.94659409428837        13.576675387167418     
 LTM d(wg2)/d(wg2)  0.90333002466120649     
 B before wg2 wg2 ==>    46.196323388413468        3.9206897757621473     
 Q value wg2 wg2 ==>   2.98371688089162803E-005  2.53228556097924718E-006
 B after wg2 wg2 ==>   45.323268524294015        3.9206923080477081     
 LTM d(wg2)/d(wg2)  0.91451042256101145     
 B before wg2 wg2 ==>    48.386142989308340        4.1456322296450230     
 Q value wg2 wg2 ==>   3.01212029042410758E-005  2.58072708095562267E-006
 B after wg2 wg2 ==>   47.923607605850719        4.1456348103721039     
 LTM d(wg2)/d(wg2)  0.86976504244638531     
 B before wg2 wg2 ==>    57.154343777920111        4.7956738788033721     
 Q value wg2 wg2 ==>   2.94987045003592283E-005  2.47516036892306162E-006
 B after wg2 wg2 ==>   55.438098700108725        4.7956763539637413     
 LTM d(wg2)/d(wg2)  0.91475437569214646     
 B before wg2 wg2 ==>    47.093705977535905        4.0348986972786625     
 Q value wg2 wg2 ==>   3.01212029042410758E-005  2.58072708095562267E-006
 B after wg2 wg2 ==>   46.643526123357837        4.0349012780057434     
 LTM d(wg2)/d(wg2)  0.90977746978359697     
 B before wg2 wg2 ==>    45.770908675160946        3.9215639532544313     
 Q value wg2 wg2 ==>   3.01212029042410758E-005  2.58072708095562267E-006
 B after wg2 wg2 ==>   45.333374590681160        3.9215665339815122     
 LTM d(wg2)/d(wg2)  0.88082159466253540     
 B before wg2 wg2 ==>    143.53836678728175        12.102163530545306     
 Q value wg2 wg2 ==>   2.96413214211402085E-005  2.49915146123760432E-006
 B after wg2 wg2 ==>   139.90124130976855        12.102166029696768     
 LTM d(wg2)/d(wg2)  0.86322698477803317     
 B before wg2 wg2 ==>    128.23315191983426        10.703822993054494     
 Q value wg2 wg2 ==>   2.93454751338267236E-005  2.44951299080545413E-006
 B after wg2 wg2 ==>   123.73640078178589        10.703825442567485     
 LTM d(wg2)/d(wg2)  0.86386705393208263     
 B before wg2 wg2 ==>    122.16273621127530        10.197115840762915     
 Q value wg2 wg2 ==>   2.93454751338267236E-005  2.44951299080545413E-006
 B after wg2 wg2 ==>   117.87885764346009        10.197118290275906     
 LTM d(wg2)/d(wg2)  0.86272737645304920     
 B before wg2 wg2 ==>    48.750584005559290        4.0692879664203971     
 Q value wg2 wg2 ==>   2.93454751338267236E-005  2.44951299080545413E-006
 B after wg2 wg2 ==>   47.041065131816708        4.0692904159333878     
 LTM d(wg2)/d(wg2)  0.88281180585825625     
 B before wg2 wg2 ==>    53.975704902931547        4.5054370305699463     
 Q value wg2 wg2 ==>   2.93454751338267236E-005  2.44951299080545413E-006
 B after wg2 wg2 ==>   52.082955593481827        4.5054394800829369     
 LTM d(wg2)/d(wg2)  0.85449124609228955     
 B before wg2 wg2 ==>    11.929154431968319       0.99574529351368579     
 Q value wg2 wg2 ==>   2.93454751338267236E-005  2.44951299080545413E-006
 B after wg2 wg2 ==>   11.510860530172625       0.99574774302667657     
 LTM d(wg2)/d(wg2)  0.86247123002224069     
 B before wg2 wg2 ==>    51.576202449211188        4.3051467846273130     
 Q value wg2 wg2 ==>   2.93454751338267236E-005  2.44951299080545413E-006
 B after wg2 wg2 ==>   49.767597007187895        4.3051492341403037     
 LTM d(wg2)/d(wg2)  0.86230078646297348     
 B before wg2 wg2 ==>    87.854546238304266        7.3333572324402851     
 Q value wg2 wg2 ==>   2.93454751338267236E-005  2.44951299080545413E-006
 B after wg2 wg2 ==>   84.773760330073642        7.3333596819532758     
 LTM d(wg2)/d(wg2)  0.86812393323794235     
 B before wg2 wg2 ==>    136.64617618510437        11.406071368170625     
 Q value wg2 wg2 ==>   2.93454751338267236E-005  2.44951299080545413E-006
 B after wg2 wg2 ==>   131.85440371989102        11.406073817683616     
 LTM d(wg2)/d(wg2)  0.86742756240189567     
 B before wg2 wg2 ==>    152.78203941314194        12.752957265048721     
 Q value wg2 wg2 ==>   2.93454751338267236E-005  2.44951299080545413E-006
 B after wg2 wg2 ==>   147.42442716970052        12.752959714561712     
 LTM d(wg2)/d(wg2)  0.86560068361551767     
 B before wg2 wg2 ==>    155.80419322305553        13.005221199567957     
 Q value wg2 wg2 ==>   2.93454751338267236E-005  2.44951299080545413E-006
 B after wg2 wg2 ==>   150.34060246347244        13.005223649080948     
 LTM d(wg2)/d(wg2)  0.86029837526949882     
 B before wg2 wg2 ==>    155.88729577625122        13.012157900462853     
 Q value wg2 wg2 ==>   2.93454751338267236E-005  2.44951299080545413E-006
 B after wg2 wg2 ==>   150.42079084160318        13.012160349975844     
 LTM d(wg2)/d(wg2)  0.84858612113302334     
 B before wg2 wg2 ==>    91.165262297331168        7.6097079120074591     
 Q value wg2 wg2 ==>   2.93454751338267236E-005  2.44951299080545413E-006
 B after wg2 wg2 ==>   87.968378798649923        7.6097103615204498     
 LTM d(wg2)/d(wg2)  0.82779853504129808     
 B before wg2 wg2 ==>    58.804115276917507        4.9084720430235382     
 Q value wg2 wg2 ==>   2.93454751338267236E-005  2.44951299080545413E-006
 B after wg2 wg2 ==>   56.742047064809817        4.9084744925365289     
 LTM d(wg2)/d(wg2)  0.90011485563662597     
 B before wg2 wg2 ==>    46.794427598241739        3.9873669375978884     
 Q value wg2 wg2 ==>   2.99567440173566616E-005  2.55262296781207919E-006
 B after wg2 wg2 ==>   46.094057863175252        3.9873694902208561     
 LTM d(wg2)/d(wg2)  0.90148521423465089     
 B before wg2 wg2 ==>    47.181517708607082        4.0203509997429263     
 Q value wg2 wg2 ==>   2.99567440173566616E-005  2.55262296781207919E-006
 B after wg2 wg2 ==>   46.475354172134011        4.0203535523658944     
 LTM d(wg2)/d(wg2)  0.84740552230425126     
 B before wg2 wg2 ==>    134.06009205965020        11.094161269509115     
 Q value wg2 wg2 ==>   2.90936028119118281E-005  2.40764508324205215E-006
 B after wg2 wg2 ==>   128.24871728904117        11.094163677154198     
 LTM d(wg2)/d(wg2)  0.84593553390270193     
 B before wg2 wg2 ==>    93.085148355653857        7.7032741943389329     
 Q value wg2 wg2 ==>   2.90936028119118281E-005  2.40764508324205215E-006
 B after wg2 wg2 ==>   89.050006100194153        7.7032766019840162     
 LTM d(wg2)/d(wg2)  0.86500419876284229     
 B before wg2 wg2 ==>    10.510559269900195       0.88079951583766436     
 Q value wg2 wg2 ==>   2.94614274878276054E-005  2.46890868514282399E-006
 B after wg2 wg2 ==>   10.182085645804815       0.88080198474634952     
 LTM d(wg2)/d(wg2)  0.88374741428915493     
 B before wg2 wg2 ==>    11.175603578518190       0.94647273431023760     
 Q value wg2 wg2 ==>   2.97741699871625668E-005  2.52160340885177527E-006
 B after wg2 wg2 ==>   10.941269756701374       0.94647525591364645     
 LTM d(wg2)/d(wg2)  0.88310857612123295     
 B before wg2 wg2 ==>    11.658477992175873       0.98736783795381533     
 Q value wg2 wg2 ==>   2.97741699871625668E-005  2.52160340885177527E-006
 B after wg2 wg2 ==>   11.414017837432466       0.98737035955722419     
 LTM d(wg2)/d(wg2)  0.90026510631158629     
 B before wg2 wg2 ==>    10.912138165898766       0.92982650230857133     
 Q value wg2 wg2 ==>   2.99567440173566616E-005  2.55262296781207919E-006
 B after wg2 wg2 ==>   10.748839395493789       0.92982905493153911     
 LTM d(wg2)/d(wg2)  0.91737972090416853     
 B before wg2 wg2 ==>    10.356485083435183       0.88118692598578063     
 Q value wg2 wg2 ==>   2.99128783724487075E-005  2.54515283207085452E-006
 B after wg2 wg2 ==>   10.186564994967208       0.88118947113861268     
 LTM d(wg2)/d(wg2)  0.83869181963418049     
 B before wg2 wg2 ==>    11.481162877406200       0.95012520554417146     
 Q value wg2 wg2 ==>   2.90936028119118281E-005  2.40764508324205215E-006
 B after wg2 wg2 ==>   10.983491067771682       0.95012761318925465     
 LTM d(wg2)/d(wg2)  0.85725164348866989     
 B before wg2 wg2 ==>    19.331434058422250        1.6136252230048458     
 Q value wg2 wg2 ==>   2.93454751338267236E-005  2.44951299080545413E-006
 B after wg2 wg2 ==>   18.653562828595106        1.6136276725178367     
 LTM d(wg2)/d(wg2)  0.87435803546442314     
 B before wg2 wg2 ==>    18.635602100201051        1.5703094358677623     
 Q value wg2 wg2 ==>   2.96240447761708892E-005  2.49623901553942117E-006
 B after wg2 wg2 ==>   18.152832146427237        1.5703119321067778     
 LTM d(wg2)/d(wg2)  0.88512385805562255     
 B before wg2 wg2 ==>    45.460609329468497        3.8501032103696597     
 Q value wg2 wg2 ==>   2.97741699871625668E-005  2.52160340885177527E-006
 B after wg2 wg2 ==>   44.507286526656856        3.8501057319730685     
 LTM d(wg2)/d(wg2)  0.86662658993542319     
 B before wg2 wg2 ==>    61.116996038615220        5.1216894494307823     
 Q value wg2 wg2 ==>   2.94614274878276054E-005  2.46890868514282399E-006
 B after wg2 wg2 ==>   59.206844066066296        5.1216919183394678     
 LTM d(wg2)/d(wg2)  0.83834325956172073     
 B before wg2 wg2 ==>    42.291183509244867        3.4998126804299257     
 Q value wg2 wg2 ==>   2.90936028119118281E-005  2.40764508324205215E-006
 B after wg2 wg2 ==>   40.457920836227267        3.4998150880750090     
 LTM d(wg2)/d(wg2)  0.84459179932662942     
 B before wg2 wg2 ==>    54.954501219301946        4.5477672709720043     
 Q value wg2 wg2 ==>   2.90936028119118281E-005  2.40764508324205215E-006
 B after wg2 wg2 ==>   52.572293395102207        4.5477696786170876     
 LTM d(wg2)/d(wg2)  0.84574152562965865     
 B before wg2 wg2 ==>    55.067530697971527        4.5571210409515963     
 Q value wg2 wg2 ==>   2.90936028119118281E-005  2.40764508324205215E-006
 B after wg2 wg2 ==>   52.680423132197191        4.5571234485966796     
 LTM d(wg2)/d(wg2)  0.85749489834008585     
 B before wg2 wg2 ==>    56.336882773363435        4.6621664457087251     
 Q value wg2 wg2 ==>   2.90936028119118281E-005  2.40764508324205215E-006
 B after wg2 wg2 ==>   53.894749764582485        4.6621688533538084     
 LTM d(wg2)/d(wg2)  0.86306706954940859     
 B before wg2 wg2 ==>    59.334695036860779        4.9626780179777548     
 Q value wg2 wg2 ==>   2.94042379355188607E-005  2.45933285992848086E-006
 B after wg2 wg2 ==>   57.368669153591647        4.9626804773106148     
 LTM d(wg2)/d(wg2)  0.90964187641931415     
 B before wg2 wg2 ==>    40.523502868251555        3.4719762553890146     
 Q value wg2 wg2 ==>   3.01212029042410758E-005  2.58072708095562267E-006
 B after wg2 wg2 ==>   40.136133298946135        3.4719788361160955     
 LTM d(wg2)/d(wg2)  0.84658929959997919     
 B before wg2 wg2 ==>    46.519053283826665        3.8496906223667651     
 Q value wg2 wg2 ==>   2.90936028119118281E-005  2.40764508324205215E-006
 B after wg2 wg2 ==>   44.502515685096434        3.8496930300118484     
 LTM d(wg2)/d(wg2)  0.87100698788939235     
 B before wg2 wg2 ==>    57.147778005413407        4.7951229617317512     
 Q value wg2 wg2 ==>   2.94987045003592283E-005  2.47516036892306162E-006
 B after wg2 wg2 ==>   55.431730089565008        4.7951254368921203     
 LTM d(wg2)/d(wg2)  0.91704655952651692     
 B before wg2 wg2 ==>    10.568474206460497       0.90548666584472126     
 Q value wg2 wg2 ==>   3.01212029042410758E-005  2.58072708095562267E-006
 B after wg2 wg2 ==>   10.467470804580945       0.90548924657180219     
 LTM d(wg2)/d(wg2)  0.90914494201835960     
 B before wg2 wg2 ==>    9.3310002034019046       0.79946225899003309     
 Q value wg2 wg2 ==>   3.01212029042410758E-005  2.58072708095562267E-006
 B after wg2 wg2 ==>   9.2418268916065944       0.79946483971711402     
 LTM d(wg2)/d(wg2)  0.86391249319986674     
 B before wg2 wg2 ==>    87.806786320606136        7.3293706369495712     
 Q value wg2 wg2 ==>   2.93454751338267236E-005  2.44951299080545413E-006
 B after wg2 wg2 ==>   84.727675219657684        7.3293730864625619     
 LTM d(wg2)/d(wg2)  0.86280574312336045     
 B before wg2 wg2 ==>    133.35408910108978        11.131275678464409     
 Q value wg2 wg2 ==>   2.93454751338267236E-005  2.44951299080545413E-006
 B after wg2 wg2 ==>   128.67776096006295        11.131278127977399     
 LTM d(wg2)/d(wg2)  0.85978459014803099     
 B before wg2 wg2 ==>    88.254853352357188        7.3667714972191902     
 Q value wg2 wg2 ==>   2.93454751338267236E-005  2.44951299080545413E-006
 B after wg2 wg2 ==>   85.160029788660736        7.3667739467321809     
 LTM d(wg2)/d(wg2)  0.86852606564012069     
 B before wg2 wg2 ==>    54.257312679846933        4.5289432748791736     
 Q value wg2 wg2 ==>   2.93454751338267236E-005  2.44951299080545413E-006
 B after wg2 wg2 ==>   52.354688170057130        4.5289457243921643     
 LTM d(wg2)/d(wg2)  0.85612680411359954     
 B before wg2 wg2 ==>    40.650777633098670        3.3931843817324556     
 Q value wg2 wg2 ==>   2.93454751338267236E-005  2.44951299080545413E-006
 B after wg2 wg2 ==>   39.225296407464043        3.3931868312454463     
 LTM d(wg2)/d(wg2)  0.86302780175265570     
 B before wg2 wg2 ==>    125.11934293523679        10.443908456865364     
 Q value wg2 wg2 ==>   2.93454751338267236E-005  2.44951299080545413E-006
 B after wg2 wg2 ==>   120.73178440500799        10.443910906378354     
 LTM d(wg2)/d(wg2)  0.85848475161362769     
 B before wg2 wg2 ==>    58.101623905234923        4.8498339827086898     
 Q value wg2 wg2 ==>   2.93454751338267236E-005  2.44951299080545413E-006
 B after wg2 wg2 ==>   56.064190108797632        4.8498364322216805     
 LTM d(wg2)/d(wg2)  0.85948039851477087     
 B before wg2 wg2 ==>    89.820351722043114        7.4974461097835698     
 Q value wg2 wg2 ==>   2.93454751338267236E-005  2.44951299080545413E-006
 B after wg2 wg2 ==>   86.670630491094485        7.4974485592965605     
 LTM d(wg2)/d(wg2)  0.86072852866955507     
 B before wg2 wg2 ==>    135.37246538772564        11.299752723456914     
 Q value wg2 wg2 ==>   2.93454751338267236E-005  2.44951299080545413E-006
 B after wg2 wg2 ==>   130.62535841235501        11.299755172969904     
 LTM d(wg2)/d(wg2)  0.86205767616828965     
 B before wg2 wg2 ==>    135.27370203481902        11.291508790964528     
 Q value wg2 wg2 ==>   2.93454751338267236E-005  2.44951299080545413E-006
 B after wg2 wg2 ==>   130.53005841513729        11.291511240477519     
 LTM d(wg2)/d(wg2)  0.85964705175221823     
 B before wg2 wg2 ==>    92.996527330568242        7.7625664862191712     
 Q value wg2 wg2 ==>   2.93454751338267236E-005  2.44951299080545413E-006
 B after wg2 wg2 ==>   89.735426468016243        7.7625689357321619     
 LTM d(wg2)/d(wg2)  0.86673995214552702     
 B before wg2 wg2 ==>    147.99547311481766        12.353415043441217     
 Q value wg2 wg2 ==>   2.93454751338267236E-005  2.44951299080545413E-006
 B after wg2 wg2 ==>   142.80571241885414        12.353417492954208     
 LTM d(wg2)/d(wg2)  0.86307914379278805     
 B before wg2 wg2 ==>    132.75645093478283        11.081389880211219     
 Q value wg2 wg2 ==>   2.93454751338267236E-005  2.44951299080545413E-006
 B after wg2 wg2 ==>   128.10108029957422        11.081392329724210     
 LTM d(wg2)/d(wg2)  0.83602847394188884     
 B before wg2 wg2 ==>    3.8887349770567061       0.32459882829158343     
 Q value wg2 wg2 ==>   2.93454751338267236E-005  2.44951299080545413E-006
 B after wg2 wg2 ==>   3.7523961895881217       0.32460127780457426     
 LTM d(wg2)/d(wg2)  0.86294902194878909     
 B before wg2 wg2 ==>    3.7589460899054785       0.31842856727259167     
 Q value wg2 wg2 ==>   2.97816304102902185E-005  2.52286722814612773E-006
 B after wg2 wg2 ==>   3.6810687171922565       0.31843109013981979     
 LTM d(wg2)/d(wg2)  0.89907948569809448     
 B before wg2 wg2 ==>    10.838039973961298       0.92351257358175987     
 Q value wg2 wg2 ==>   2.99567440173566616E-005  2.55262296781207919E-006
 B after wg2 wg2 ==>   10.675850274021254       0.92351512620472764     
 LTM d(wg2)/d(wg2)  0.90177457154448049     
 B before wg2 wg2 ==>    9.9635699922004868       0.84899872925970854     
 Q value wg2 wg2 ==>   2.99567440173566616E-005  2.55262296781207919E-006
 B after wg2 wg2 ==>   9.8144689898909920       0.84900128188267632     
 LTM d(wg2)/d(wg2)  0.84588184214077333     
 B before wg2 wg2 ==>    149.79903151326519        12.396639358452626     
 Q value wg2 wg2 ==>   2.90936028119118281E-005  2.40764508324205215E-006
 B after wg2 wg2 ==>   143.30538573788229        12.396641766097709     
 LTM d(wg2)/d(wg2)  0.84552261002499329     
 B before wg2 wg2 ==>    143.31938365623375        11.860415213063034     
 Q value wg2 wg2 ==>   2.90936028119118281E-005  2.40764508324205215E-006
 B after wg2 wg2 ==>   137.10662566665283        11.860417620708116     
 LTM d(wg2)/d(wg2)  0.87026599352177170     
 B before wg2 wg2 ==>    17.741808941468207        1.4949948942003861     
 Q value wg2 wg2 ==>   2.96240447761708892E-005  2.49623901553942117E-006
 B after wg2 wg2 ==>   17.282194787619972        1.4949973904394016     
 LTM d(wg2)/d(wg2)  0.88271631133216477     
 B before wg2 wg2 ==>    45.414614186715866        3.8462078370038979     
 Q value wg2 wg2 ==>   2.97741699871625668E-005  2.52160340885177527E-006
 B after wg2 wg2 ==>   44.462255945528007        3.8462103586073066     
 LTM d(wg2)/d(wg2)  0.88318274143099917     
 B before wg2 wg2 ==>    45.347882537739899        3.8405562687617389     
 Q value wg2 wg2 ==>   2.97741699871625668E-005  2.52160340885177527E-006
 B after wg2 wg2 ==>   44.396923722314021        3.8405587903651477     
 LTM d(wg2)/d(wg2)  0.88616998491121490     
 B before wg2 wg2 ==>    45.891406027483981        3.8865878016347160     
 Q value wg2 wg2 ==>   2.97741699871625668E-005  2.52160340885177527E-006
 B after wg2 wg2 ==>   44.929049010673019        3.8865903232381247     
 LTM d(wg2)/d(wg2)  0.88784224276988233     
 B before wg2 wg2 ==>    45.773017323822778        3.8765613471995350     
 Q value wg2 wg2 ==>   2.97741699871625668E-005  2.52160340885177527E-006
 B after wg2 wg2 ==>   44.813143030043136        3.8765638688029438     
 LTM d(wg2)/d(wg2)  0.86970972219970022     
 B before wg2 wg2 ==>    45.065298193343523        3.7906168803521774     
 Q value wg2 wg2 ==>   2.95712843456931351E-005  2.48735532900646641E-006
 B after wg2 wg2 ==>   43.819623162814729        3.7906193677075062     
 LTM d(wg2)/d(wg2)  0.88353155441906361     
 B before wg2 wg2 ==>    45.264985133499529        3.8335356069865285     
 Q value wg2 wg2 ==>   2.97741699871625668E-005  2.52160340885177527E-006
 B after wg2 wg2 ==>   44.315764755005368        3.8335381285899373     
 LTM d(wg2)/d(wg2)  0.88184456161879898     
 B before wg2 wg2 ==>    38.209532178112781        3.2360024354164278     
 Q value wg2 wg2 ==>   2.97741699871625668E-005  2.52160340885177527E-006
 B after wg2 wg2 ==>   37.408271317773576        3.2360049570198366     
 LTM d(wg2)/d(wg2)  0.88299418348380121     
 B before wg2 wg2 ==>    38.192021544232887        3.2345194428056603     
 Q value wg2 wg2 ==>   2.97741699871625668E-005  2.52160340885177527E-006
 B after wg2 wg2 ==>   37.391127898439343        3.2345219644090690     
 LTM d(wg2)/d(wg2)  0.84401974841944361     
 B before wg2 wg2 ==>    41.865057110213051        3.4645485319467912     
 Q value wg2 wg2 ==>   2.90936028119118281E-005  2.40764508324205215E-006
 B after wg2 wg2 ==>   40.050266691141459        3.4645509395918745     
 LTM d(wg2)/d(wg2)  0.86545975880419979     
 B before wg2 wg2 ==>    40.942541413979484        3.4310420338782870     
 Q value wg2 wg2 ==>   2.94614274878276054E-005  2.46890868514282399E-006
 B after wg2 wg2 ==>   39.662931722395321        3.4310445027869720     
 LTM d(wg2)/d(wg2)  0.84010593889945440     
 B before wg2 wg2 ==>    8.9312651750452474       0.73910807213689356     
 Q value wg2 wg2 ==>   2.90936028119118281E-005  2.40764508324205215E-006
 B after wg2 wg2 ==>   8.5441294833358015       0.73911047978197675     
 LTM d(wg2)/d(wg2)  0.79014929535068712     
 B before wg2 wg2 ==>    50.211578701747392        4.0365670304946883     
 Q value wg2 wg2 ==>   2.82625170000660235E-005  2.27205651108699338E-006
 B after wg2 wg2 ==>   46.662808514945574        4.0365693025511993     
 LTM d(wg2)/d(wg2)  0.77367182052019789     
 B before wg2 wg2 ==>    91.915433696565103        7.2509345764530693     
 Q value wg2 wg2 ==>   2.77337176632344430E-005  2.18783031587271753E-006
 B after wg2 wg2 ==>   83.820950026025997        7.2509367642833853     
 LTM d(wg2)/d(wg2)  0.77997152358804889     
 B before wg2 wg2 ==>    13.011696653623900        1.0264539628409108     
 Q value wg2 wg2 ==>   2.77337176632344430E-005  2.18783031587271753E-006
 B after wg2 wg2 ==>   11.865850235121053        1.0264561506712266     
 LTM d(wg2)/d(wg2)  0.83787884391950296     
 B before wg2 wg2 ==>    17.843918862833359        1.4766759480981482     
 Q value wg2 wg2 ==>   2.90936028119118281E-005  2.40764508324205215E-006
 B after wg2 wg2 ==>   17.070426440755281        1.4766783557432315     
 LTM d(wg2)/d(wg2)  0.75633183387715652     
 B before wg2 wg2 ==>    19.810055783659628        1.5627562495912981     
 Q value wg2 wg2 ==>   2.77337176632344430E-005  2.18783031587271753E-006
 B after wg2 wg2 ==>   18.065513621785609        1.5627584374216139     
 LTM d(wg2)/d(wg2)  0.87757489727191185     
 B before wg2 wg2 ==>    46.319060521281493        3.8960756886760795     
 Q value wg2 wg2 ==>   2.95712843456931351E-005  2.48735532900646641E-006
 B after wg2 wg2 ==>   45.038728747332357        3.8960781760314083     
 LTM d(wg2)/d(wg2)  0.91392259394976871     
 B before wg2 wg2 ==>    47.805083728766782        4.0958481830354998     
 Q value wg2 wg2 ==>   3.01212029042410758E-005  2.58072708095562267E-006
 B after wg2 wg2 ==>   47.348103196061182        4.0958507637625807     
 LTM d(wg2)/d(wg2)  0.89553101377093935     
 B before wg2 wg2 ==>    45.678120366991216        3.8846134822416034     
 Q value wg2 wg2 ==>   2.98979996632580410E-005  2.54262153632477297E-006
 B after wg2 wg2 ==>   44.906226088503672        3.8846160248631398     
 LTM d(wg2)/d(wg2)  0.86797854789932050     
 B before wg2 wg2 ==>    56.527591842490061        4.7184470493550883     
 Q value wg2 wg2 ==>   2.93454751338267236E-005  2.44951299080545413E-006
 B after wg2 wg2 ==>   54.545354966150590        4.7184494988680790     
 LTM d(wg2)/d(wg2)  0.86662987030159999     
 B before wg2 wg2 ==>    45.241098887566395        3.7763457206956814     
 Q value wg2 wg2 ==>   2.93454751338267236E-005  2.44951299080545413E-006
 B after wg2 wg2 ==>   43.654647881516773        3.7763481702086721     
 LTM d(wg2)/d(wg2)  0.85567569504262897     
 B before wg2 wg2 ==>    56.649015239599827        4.7155484459194170     
 Q value wg2 wg2 ==>   2.92645863923098242E-005  2.43602778087243465E-006
 B after wg2 wg2 ==>   54.511846906162184        4.7155508819471983     
 LTM d(wg2)/d(wg2)  0.83897408501615878     
 B before wg2 wg2 ==>    57.399485189738854        4.7912253591607090     
 Q value wg2 wg2 ==>   2.93454751338267236E-005  2.44951299080545413E-006
 B after wg2 wg2 ==>   55.386673442301785        4.7912278086736997     
 LTM d(wg2)/d(wg2)  0.85506425269234143     
 B before wg2 wg2 ==>    61.585205451114795        5.1406140165043173     
 Q value wg2 wg2 ==>   2.93454751338267236E-005  2.44951299080545413E-006
 B after wg2 wg2 ==>   59.425612153106172        5.1406164660173079     
 LTM d(wg2)/d(wg2)  0.85924735219690584     
 B before wg2 wg2 ==>    62.131659842412638        5.1862274245088722     
 Q value wg2 wg2 ==>   2.93454751338267236E-005  2.44951299080545413E-006
 B after wg2 wg2 ==>   59.952903911006977        5.1862298740218629     
 LTM d(wg2)/d(wg2)  0.85698669261662686     
 B before wg2 wg2 ==>    62.406840922955460        5.2091972223580996     
 Q value wg2 wg2 ==>   2.93454751338267236E-005  2.44951299080545413E-006
 B after wg2 wg2 ==>   60.218435157550438        5.2091996718710902     
 LTM d(wg2)/d(wg2)  0.86765650330831834     
 B before wg2 wg2 ==>    10.883134979108350       0.90843240364801103     
 Q value wg2 wg2 ==>   2.93454751338267236E-005  2.44951299080545413E-006
 B after wg2 wg2 ==>   10.501522065919456       0.90843485316100181     
 LTM d(wg2)/d(wg2)  0.86314756228762135     
 B before wg2 wg2 ==>    77.986594575158435        6.5096637777838584     
 Q value wg2 wg2 ==>   2.93454751338267236E-005  2.44951299080545413E-006
 B after wg2 wg2 ==>   75.251850245350326        6.5096662272968491     
 LTM d(wg2)/d(wg2)  0.85913443022459002     
 B before wg2 wg2 ==>    51.792838837962464        4.3232297649200992     
 Q value wg2 wg2 ==>   2.93454751338267236E-005  2.44951299080545413E-006
 B after wg2 wg2 ==>   49.976636561209304        4.3232322144330899     
 LTM d(wg2)/d(wg2)  0.85458184119531200     
 B before wg2 wg2 ==>    12.445644504724049        1.0388575326942628     
 Q value wg2 wg2 ==>   2.93454751338267236E-005  2.44951299080545413E-006
 B after wg2 wg2 ==>   12.009238734719329        1.0388599822072537     
 LTM d(wg2)/d(wg2)  0.85665541464124140     
 B before wg2 wg2 ==>    91.203889220806929        7.6129321620977120     
 Q value wg2 wg2 ==>   2.93454751338267236E-005  2.44951299080545413E-006
 B after wg2 wg2 ==>   88.005651183511659        7.6129346116107026     
 LTM d(wg2)/d(wg2)  0.88181027563061198     
 B before wg2 wg2 ==>    153.75485313065590        12.834159556980174     
 Q value wg2 wg2 ==>   2.93454751338267236E-005  2.44951299080545413E-006
 B after wg2 wg2 ==>   148.36312701983744        12.834162006493164     
 LTM d(wg2)/d(wg2)  0.87458656969214099     
 B before wg2 wg2 ==>    168.52399609347691        14.066963162493833     
 Q value wg2 wg2 ==>   2.93454751338267236E-005  2.44951299080545413E-006
 B after wg2 wg2 ==>   162.61435727723961        14.066965612006824     
 LTM d(wg2)/d(wg2)  0.89914003171320112     
 B before wg2 wg2 ==>    66.268380126150802        5.6571663461849715     
 Q value wg2 wg2 ==>   3.00120138713910692E-005  2.56205077793157664E-006
 B after wg2 wg2 ==>   65.396967007321734        5.6571689082357492     
 LTM d(wg2)/d(wg2)  0.89586503174042065     
 B before wg2 wg2 ==>    46.194764110157571        3.9362694354209138     
 Q value wg2 wg2 ==>   2.99567440173566616E-005  2.55262296781207919E-006
 B after wg2 wg2 ==>   45.503369885102089        3.9362719880438815     
 LTM d(wg2)/d(wg2)  0.92417984939304842     
 B before wg2 wg2 ==>    47.774612068462638        4.0708887445716009     
 Q value wg2 wg2 ==>   2.99567440173566616E-005  2.55262296781207919E-006
 B after wg2 wg2 ==>   47.059571345917490        4.0708912971945690     
 LTM d(wg2)/d(wg2)  0.84400038170767411     
 B before wg2 wg2 ==>    58.095438389757689        4.8076959564672137     
 Q value wg2 wg2 ==>   2.90936028119118281E-005  2.40764508324205215E-006
 B after wg2 wg2 ==>   55.577073338094557        4.8076983641122970     
 LTM d(wg2)/d(wg2)  0.86035359015256785     
 B before wg2 wg2 ==>    90.323300819367162        7.5394280624352419     
 Q value wg2 wg2 ==>   2.93454751338267236E-005  2.44951299080545413E-006
 B after wg2 wg2 ==>   87.155942564500577        7.5394305119482325     
 LTM d(wg2)/d(wg2)  0.88276038084583675     
 B before wg2 wg2 ==>    54.746952577957941        4.6365726501980378     
 Q value wg2 wg2 ==>   2.97741699871625668E-005  2.52160340885177527E-006
 B after wg2 wg2 ==>   53.598886378633544        4.6365751718014465     
 LTM d(wg2)/d(wg2)  0.88223267014008566     
 B before wg2 wg2 ==>    38.361188492284299        3.2488463561354162     
 Q value wg2 wg2 ==>   2.97741699871625668E-005  2.52160340885177527E-006
 B after wg2 wg2 ==>   37.556747255672747        3.2488488777388249     
 LTM d(wg2)/d(wg2)  0.88121671050725237     
 B before wg2 wg2 ==>    9.3234809747587555       0.78961466997914553     
 Q value wg2 wg2 ==>   2.97741699871625668E-005  2.52160340885177527E-006
 B after wg2 wg2 ==>   9.1279879147964866       0.78961719158255439     
 LTM d(wg2)/d(wg2)  0.88429098984140642     
 B before wg2 wg2 ==>    10.366478679910770       0.87794715984770821     
 Q value wg2 wg2 ==>   2.97741699871625668E-005  2.52160340885177527E-006
 B after wg2 wg2 ==>   10.149112972101960       0.87794968145111707     
 LTM d(wg2)/d(wg2)  0.88426469338826907     
 B before wg2 wg2 ==>    10.350297251716075       0.87657673895895027     
 Q value wg2 wg2 ==>   2.97741699871625668E-005  2.52160340885177527E-006
 B after wg2 wg2 ==>   10.133270883753180       0.87657926056235913     
 LTM d(wg2)/d(wg2)  0.88268274942338465     
 B before wg2 wg2 ==>    9.4176868735932846       0.79759305915800482     
 Q value wg2 wg2 ==>   2.97741699871625668E-005  2.52160340885177527E-006
 B after wg2 wg2 ==>   9.2202182268774724       0.79759558076141368     
 LTM d(wg2)/d(wg2)  0.88130241020155486     
 B before wg2 wg2 ==>    8.1670982132960823       0.69167948943510549     
 Q value wg2 wg2 ==>   2.97741699871625668E-005  2.52160340885177527E-006
 B after wg2 wg2 ==>   7.9958555929966684       0.69168201103851434     
 LTM d(wg2)/d(wg2)  0.88111886772362469     
 B before wg2 wg2 ==>    45.475619333511482        3.8513744222079072     
 Q value wg2 wg2 ==>   2.97741699871625668E-005  2.52160340885177527E-006
 B after wg2 wg2 ==>   44.521981756725765        3.8513769438113159     
 LTM d(wg2)/d(wg2)  0.86848911912882754     
 B before wg2 wg2 ==>    13.633717025280164        1.1467847760875443     
 Q value wg2 wg2 ==>   2.95712843456931351E-005  2.48735532900646641E-006
 B after wg2 wg2 ==>   13.256879907299572        1.1467872634428733     
 LTM d(wg2)/d(wg2)  0.86489775130346913     
 B before wg2 wg2 ==>    13.210738511853419        1.1070782996696777     
 Q value wg2 wg2 ==>   2.94614274878276054E-005  2.46890868514282399E-006
 B after wg2 wg2 ==>   12.797872163894473        1.1070807685783628     
 LTM d(wg2)/d(wg2)  0.88306562854863180     
 B before wg2 wg2 ==>    43.307016635469623        3.6677133509442834     
 Q value wg2 wg2 ==>   2.97741699871625668E-005  2.52160340885177527E-006
 B after wg2 wg2 ==>   42.398856707291401        3.6677158725476922     
 LTM d(wg2)/d(wg2)  0.76245689434297559     
 B before wg2 wg2 ==>    37.464216166457568        2.9554403374504328     
 Q value wg2 wg2 ==>   2.77337176632344430E-005  2.18783031587271753E-006
 B after wg2 wg2 ==>   34.164964923788411        2.9554425252807488     
 LTM d(wg2)/d(wg2)  0.76493068336799597     
 B before wg2 wg2 ==>    38.158440397681453        3.0102056176601799     
 Q value wg2 wg2 ==>   2.77337176632344430E-005  2.18783031587271753E-006
 B after wg2 wg2 ==>   34.798052477142107        3.0102078054904959     
 LTM d(wg2)/d(wg2)  0.76640915439630086     
 B before wg2 wg2 ==>    39.143986647819638        3.0879524235492943     
 Q value wg2 wg2 ==>   2.77337176632344430E-005  2.18783031587271753E-006
 B after wg2 wg2 ==>   35.696806850951440        3.0879546113796104     
 LTM d(wg2)/d(wg2)  0.75621498219228744     
 B before wg2 wg2 ==>    54.270950452930464        4.2812735066366834     
 Q value wg2 wg2 ==>   2.77337176632344430E-005  2.18783031587271753E-006
 B after wg2 wg2 ==>   49.491618490073051        4.2812756944669994     
 LTM d(wg2)/d(wg2)  0.75748837824706661     
 B before wg2 wg2 ==>    38.537893989749954        3.0401395804370059     
 Q value wg2 wg2 ==>   2.77337176632344430E-005  2.18783031587271753E-006
 B after wg2 wg2 ==>   35.144089586492797        3.0401417682673220     
 LTM d(wg2)/d(wg2)  0.75428491509642026     
 B before wg2 wg2 ==>    32.050795235815137        2.5283916969308069     
 Q value wg2 wg2 ==>   2.77337176632344430E-005  2.18783031587271753E-006
 B after wg2 wg2 ==>   29.228275511187306        2.5283938847611229     
 LTM d(wg2)/d(wg2)  0.76565123390555934     
 B before wg2 wg2 ==>    33.591998476769788        2.6499726264847214     
 Q value wg2 wg2 ==>   2.77337176632344430E-005  2.18783031587271753E-006
 B after wg2 wg2 ==>   30.633753086230488        2.6499748143150375     
 LTM d(wg2)/d(wg2)  0.82282230851123361     
 B before wg2 wg2 ==>    11.839582889076171       0.97029761599593833     
 Q value wg2 wg2 ==>   2.88118474121506190E-005  2.36123747925632112E-006
 B after wg2 wg2 ==>   11.216683932834503       0.97029997723341754     
 LTM d(wg2)/d(wg2)  0.88423851677554988     
 B before wg2 wg2 ==>    13.134230630838227        1.1099129654599984     
 Q value wg2 wg2 ==>   2.97089177041980957E-005  2.51056296150702921E-006
 B after wg2 wg2 ==>   12.830641429270278        1.1099154760229599     
 LTM d(wg2)/d(wg2)  0.82943936685182651     
 B before wg2 wg2 ==>    74.344141100888351        6.0258791427413936     
 Q value wg2 wg2 ==>   2.84954954721335405E-005  2.30966972359789013E-006
 B after wg2 wg2 ==>   69.659290172450994        6.0258814524111175     
 LTM d(wg2)/d(wg2)  0.82933649751028993     
 B before wg2 wg2 ==>    91.527761949265312        7.4186778345238942     
 Q value wg2 wg2 ==>   2.84954954721335405E-005  2.30966972359789013E-006
 B after wg2 wg2 ==>   85.760066297720840        7.4186801441936181     
 LTM d(wg2)/d(wg2)  0.86586704256270064     
 B before wg2 wg2 ==>    94.119350182909741        7.7888597081225024     
 Q value wg2 wg2 ==>   2.90936028119118281E-005  2.40764508324205215E-006
 B after wg2 wg2 ==>   90.039376068105241        7.7888621157675857     
 LTM d(wg2)/d(wg2)  0.85304751660245104     
 B before wg2 wg2 ==>    109.28615975691520        9.1222877400688915     
 Q value wg2 wg2 ==>   2.93454751338267236E-005  2.44951299080545413E-006
 B after wg2 wg2 ==>   105.45382685866242        9.1222901895818822     
 LTM d(wg2)/d(wg2)  0.87976487644016710     
 B before wg2 wg2 ==>    100.88548851207828        8.4210704910084395     
 Q value wg2 wg2 ==>   2.93454751338267236E-005  2.44951299080545413E-006
 B after wg2 wg2 ==>   97.347743754972242        8.4210729405214302     
 LTM d(wg2)/d(wg2)  0.85969503421914562     
 B before wg2 wg2 ==>    92.449646283647809        7.7169174645983656     
 Q value wg2 wg2 ==>   2.93454751338267236E-005  2.44951299080545413E-006
 B after wg2 wg2 ==>   89.207723016117129        7.7169199141113562     
 LTM d(wg2)/d(wg2)  0.86005714419838075     
 B before wg2 wg2 ==>    62.755354706755519        5.2382882163529096     
 Q value wg2 wg2 ==>   2.93454751338267236E-005  2.44951299080545413E-006
 B after wg2 wg2 ==>   60.554727533710391        5.2382906658659003     
 LTM d(wg2)/d(wg2)  0.86831332993007715     
 B before wg2 wg2 ==>    43.306499817512545        3.6148616918126528     
 Q value wg2 wg2 ==>   2.93454751338267236E-005  2.44951299080545413E-006
 B after wg2 wg2 ==>   41.787889812176005        3.6148641413256435     
 LTM d(wg2)/d(wg2)  0.87600839439622258     
 B before wg2 wg2 ==>    99.138850103305074        8.2752758343188297     
 Q value wg2 wg2 ==>   2.93454751338267236E-005  2.44951299080545413E-006
 B after wg2 wg2 ==>   95.662355090070648        8.2752782838318204     
 LTM d(wg2)/d(wg2)  0.85920451513002583     
 B before wg2 wg2 ==>    58.909098720532612        4.9172351762760060     
 Q value wg2 wg2 ==>   2.93454751338267236E-005  2.44951299080545413E-006
 B after wg2 wg2 ==>   56.843349031480479        4.9172376257889967     
 LTM d(wg2)/d(wg2)  0.86583889867416297     
 B before wg2 wg2 ==>    134.00188808076430        11.185348478748161     
 Q value wg2 wg2 ==>   2.93454751338267236E-005  2.44951299080545413E-006
 B after wg2 wg2 ==>   129.30284343391344        11.185350928261151     
 LTM d(wg2)/d(wg2)  0.86382085013445264     
 B before wg2 wg2 ==>    150.12867882290882        12.531477080951266     
 Q value wg2 wg2 ==>   2.93454751338267236E-005  2.44951299080545413E-006
 B after wg2 wg2 ==>   144.86411254463945        12.531479530464257     
 LTM d(wg2)/d(wg2)  0.86028861262068246     
 B before wg2 wg2 ==>    92.109866031578647        7.6885554722412142     
 Q value wg2 wg2 ==>   2.93454751338267236E-005  2.44951299080545413E-006
 B after wg2 wg2 ==>   88.879857911056831        7.6885579217542048     
 LTM d(wg2)/d(wg2)  0.88744881816185373     
 B before wg2 wg2 ==>    147.87327640200928        12.343215091520424     
 Q value wg2 wg2 ==>   2.93454751338267236E-005  2.44951299080545413E-006
 B after wg2 wg2 ==>   142.68780080439461        12.343217541033415     
 LTM d(wg2)/d(wg2)  0.95906803463976043     
 B before wg2 wg2 ==>    122.16008658885545        10.677502261314265     
 Q value wg2 wg2 ==>   3.07286077929626550E-005  2.68585909160881841E-006
 B after wg2 wg2 ==>   123.43213541569433        10.677504947173357     
 LTM d(wg2)/d(wg2)  0.89909733202928732     
 B before wg2 wg2 ==>    10.582686887400119       0.90175386197811847     
 Q value wg2 wg2 ==>   2.99567440173566616E-005  2.55262296781207919E-006
 B after wg2 wg2 ==>   10.424319204691926       0.90175641460108624     
 LTM d(wg2)/d(wg2)  0.91546934266406632     
 B before wg2 wg2 ==>    10.535402991901702       0.89772478733679717     
 Q value wg2 wg2 ==>   2.99567440173566616E-005  2.55262296781207919E-006
 B after wg2 wg2 ==>   10.377743034585897       0.89772733995976495     
 LTM d(wg2)/d(wg2)  0.87439444105129027     
 B before wg2 wg2 ==>    10.358373910523778       0.87128297320421810     
 Q value wg2 wg2 ==>   2.95712843456931351E-005  2.48735532900646641E-006
 B after wg2 wg2 ==>   10.072074467357824       0.87128546055954714     
 LTM d(wg2)/d(wg2)  0.88156220376239802     
 B before wg2 wg2 ==>    9.6758361077980535       0.81945596882916882     
 Q value wg2 wg2 ==>   2.97741699871625668E-005  2.52160340885177527E-006
 B after wg2 wg2 ==>   9.4729538276066112       0.81945849043257768     
 LTM d(wg2)/d(wg2)  0.88491949051922092     
 B before wg2 wg2 ==>    47.532461780327381        4.0255704091186502     
 Q value wg2 wg2 ==>   2.97741699871625668E-005  2.52160340885177527E-006
 B after wg2 wg2 ==>   46.535690273051891        4.0255729307220589     
 LTM d(wg2)/d(wg2)  0.88264203666104268     
 B before wg2 wg2 ==>    13.037951004005032        1.1041967487361215     
 Q value wg2 wg2 ==>   2.97741699871625668E-005  2.52160340885177527E-006
 B after wg2 wg2 ==>   12.764561996156285        1.1041992703395302     
 LTM d(wg2)/d(wg2)  0.88277416196358172     
 B before wg2 wg2 ==>    14.410113413721424        1.2204065175166099     
 Q value wg2 wg2 ==>   2.97741699871625668E-005  2.52160340885177527E-006
 B after wg2 wg2 ==>   14.107948863004523        1.2204090391200186     
 LTM d(wg2)/d(wg2)  0.88038572802215964     
 B before wg2 wg2 ==>    43.736094114426635        3.7040523398754956     
 Q value wg2 wg2 ==>   2.97741699871625668E-005  2.52160340885177527E-006
 B after wg2 wg2 ==>   42.818936025897962        3.7040548614789044     
 LTM d(wg2)/d(wg2)  0.87922770925494864     
 B before wg2 wg2 ==>    43.111772731809801        3.6511779548866135     
 Q value wg2 wg2 ==>   2.97741699871625668E-005  2.52160340885177527E-006
 B after wg2 wg2 ==>   42.207707252859841        3.6511804764900222     
 LTM d(wg2)/d(wg2)  0.87726780226751078     
 B before wg2 wg2 ==>    42.117326200641294        3.5669573111542605     
 Q value wg2 wg2 ==>   2.97741699871625668E-005  2.52160340885177527E-006
 B after wg2 wg2 ==>   41.234115205522912        3.5669598327576693     
 LTM d(wg2)/d(wg2)  0.87804222957457168     
 B before wg2 wg2 ==>    42.002993803678102        3.5572743892777186     
 Q value wg2 wg2 ==>   2.97741699871625668E-005  2.52160340885177527E-006
 B after wg2 wg2 ==>   41.122180467005059        3.5572769108811273     
 LTM d(wg2)/d(wg2)  0.88087137981385832     
 B before wg2 wg2 ==>    42.648935752763116        3.6119798410648012     
 Q value wg2 wg2 ==>   2.97741699871625668E-005  2.52160340885177527E-006
 B after wg2 wg2 ==>   41.754576402794108        3.6119823626682099     
 LTM d(wg2)/d(wg2)  0.88279554317266395     
 B before wg2 wg2 ==>    42.905143722501904        3.6336783431606405     
 Q value wg2 wg2 ==>   2.97741699871625668E-005  2.52160340885177527E-006
 B after wg2 wg2 ==>   42.005411449208246        3.6336808647640493     
 LTM d(wg2)/d(wg2)  0.88277686892728691     
 B before wg2 wg2 ==>    37.796700565857918        3.2010393247338302     
 Q value wg2 wg2 ==>   2.97741699871625668E-005  2.52160340885177527E-006
 B after wg2 wg2 ==>   37.004097174686827        3.2010418463372390     
 LTM d(wg2)/d(wg2)  0.81137048151150748     
 B before wg2 wg2 ==>    33.949250285070619        2.7623042680372731     
 Q value wg2 wg2 ==>   2.86051263600042045E-005  2.32747592269314131E-006
 B after wg2 wg2 ==>   31.932310351896543        2.7623065955131958     
 LTM d(wg2)/d(wg2)  0.76319111100461390     
 B before wg2 wg2 ==>    10.112420246484231       0.79773868944489057     
 Q value wg2 wg2 ==>   2.77337176632344430E-005  2.18783031587271753E-006
 B after wg2 wg2 ==>   9.2218978570021726       0.79774087727520648     
 LTM d(wg2)/d(wg2)  0.76627955224102573     
 B before wg2 wg2 ==>    11.177469010314649       0.88175721165260523     
 Q value wg2 wg2 ==>   2.77337176632344430E-005  2.18783031587271753E-006
 B after wg2 wg2 ==>   10.193153376140522       0.88175939948292115     
 LTM d(wg2)/d(wg2)  0.75650089213428973     
 B before wg2 wg2 ==>    11.808638230446336       0.93154826999601814     
 Q value wg2 wg2 ==>   2.77337176632344430E-005  2.18783031587271753E-006
 B after wg2 wg2 ==>   10.768738841690865       0.93155045782633406     
 LTM d(wg2)/d(wg2)  0.75164113559299706     
 B before wg2 wg2 ==>    11.376925491687787       0.89749173891448553     
 Q value wg2 wg2 ==>   2.77337176632344430E-005  2.18783031587271753E-006
 B after wg2 wg2 ==>   10.375044773924841       0.89749392674480144     
 LTM d(wg2)/d(wg2)  0.76525548444502023     
 B before wg2 wg2 ==>    40.042960616727527        3.1588698002327824     
 Q value wg2 wg2 ==>   2.77337176632344430E-005  2.18783031587271753E-006
 B after wg2 wg2 ==>   36.516612909148527        3.1588719880630984     
 LTM d(wg2)/d(wg2)  0.75626720389554325     
 B before wg2 wg2 ==>    12.251604480145030       0.96649255701037651     
 Q value wg2 wg2 ==>   2.77337176632344430E-005  2.18783031587271753E-006
 B after wg2 wg2 ==>   11.172695382858567       0.96649474484069242     
 LTM d(wg2)/d(wg2)  0.76193295957273488     
 B before wg2 wg2 ==>    19.442179348587409        1.5337355742199199     
 Q value wg2 wg2 ==>   2.77337176632344430E-005  2.18783031587271753E-006
 B after wg2 wg2 ==>   17.730034130086274        1.5337377620502357     
 LTM d(wg2)/d(wg2)  0.82103803534790831     
 B before wg2 wg2 ==>    16.712611865430247        1.3696603674318912     
 Q value wg2 wg2 ==>   2.88118474121506190E-005  2.36123747925632112E-006
 B after wg2 wg2 ==>   15.833324005502080        1.3696627286693706     
 LTM d(wg2)/d(wg2)  0.81141067303489312     
 B before wg2 wg2 ==>    58.677050653165544        4.7560010843176661     
 Q value wg2 wg2 ==>   2.84954954721335405E-005  2.30966972359789013E-006
 B after wg2 wg2 ==>   54.979478620570504        4.7560033939873900     
 LTM d(wg2)/d(wg2)  0.82687853814261680     
 B before wg2 wg2 ==>    117.24093313641484        9.5028294523375525     
 Q value wg2 wg2 ==>   2.84954954721335405E-005  2.30966972359789013E-006
 B after wg2 wg2 ==>   109.85289378780929        9.5028317620072755     
 LTM d(wg2)/d(wg2)  0.82583469614484473     
 B before wg2 wg2 ==>    105.46416881919868        8.5482773192812189     
 Q value wg2 wg2 ==>   2.84954954721335405E-005  2.30966972359789013E-006
 B after wg2 wg2 ==>   98.818255196521150        8.5482796289509420     
 LTM d(wg2)/d(wg2)  0.89414741799275099     
 B before wg2 wg2 ==>    110.27798763422241        9.2759089191891118     
 Q value wg2 wg2 ==>   2.95712843456931351E-005  2.48735532900646641E-006
 B after wg2 wg2 ==>   107.22969069095839        9.2759114065444415     
 LTM d(wg2)/d(wg2)  0.96668583941491526     
 B before wg2 wg2 ==>    124.71018942608006        10.900396085077597     
 Q value wg2 wg2 ==>   3.07286077929626550E-005  2.68585909160881841E-006
 B after wg2 wg2 ==>   126.00879173888909        10.900398770936690     
 LTM d(wg2)/d(wg2)  0.96262766904533648     
 B before wg2 wg2 ==>    87.196720542273866        7.6215006616920284     
 Q value wg2 wg2 ==>   3.07286077929626550E-005  2.68585909160881841E-006
 B after wg2 wg2 ==>   88.104705914010182        7.6215033475511200     
 LTM d(wg2)/d(wg2)  0.94146991997917429     
 B before wg2 wg2 ==>    54.012489005745039        4.7210057687587463     
 Q value wg2 wg2 ==>   3.07286077929626550E-005  2.68585909160881841E-006
 B after wg2 wg2 ==>   54.574936537331283        4.7210084546178379     
 LTM d(wg2)/d(wg2)  0.97408124640458416     
 B before wg2 wg2 ==>    86.616060302663826        7.5707475786301410     
 Q value wg2 wg2 ==>   3.07286077929626550E-005  2.68585909160881841E-006
 B after wg2 wg2 ==>   87.517999426656388        7.5707502644892326     
 LTM d(wg2)/d(wg2)  0.96984846918934919     
 B before wg2 wg2 ==>    108.15109121906545        9.4530345655511887     
 Q value wg2 wg2 ==>   3.07286077929626550E-005  2.68585909160881841E-006
 B after wg2 wg2 ==>   109.27726841414993        9.4530372514102812     
 LTM d(wg2)/d(wg2)  0.97348214067833383     
 B before wg2 wg2 ==>    49.735308534635962        4.3471553121360120     
 Q value wg2 wg2 ==>   3.07286077929626550E-005  2.68585909160881841E-006
 B after wg2 wg2 ==>   50.253219018549665        4.3471579979951036     
 LTM d(wg2)/d(wg2)  0.86432830328997556     
 B before wg2 wg2 ==>    14.525577247464422        1.2124727919500697     
 Q value wg2 wg2 ==>   2.93454751338267236E-005  2.44951299080545413E-006
 B after wg2 wg2 ==>   14.016234029661026        1.2124752414630606     
 LTM d(wg2)/d(wg2)  0.86141217200056441     
 B before wg2 wg2 ==>    53.889034406048026        4.4982025078005048     
 Q value wg2 wg2 ==>   2.93454751338267236E-005  2.44951299080545413E-006
 B after wg2 wg2 ==>   51.999324389510157        4.4982049573134955     
 LTM d(wg2)/d(wg2)  0.85853104142827097     
 B before wg2 wg2 ==>    12.830222521642774        1.0709588649822765     
 Q value wg2 wg2 ==>   2.93454751338267236E-005  2.44951299080545413E-006
 B after wg2 wg2 ==>   12.380330671796562        1.0709613144952674     
 LTM d(wg2)/d(wg2)  0.86216578744047412     
 B before wg2 wg2 ==>    52.140106143245966        4.3522167133915319     
 Q value wg2 wg2 ==>   2.93454751338267236E-005  2.44951299080545413E-006
 B after wg2 wg2 ==>   50.311726169382304        4.3522191629045226     
 LTM d(wg2)/d(wg2)  0.88065031986479236     
 B before wg2 wg2 ==>    156.93918552717213        13.099960793345844     
 Q value wg2 wg2 ==>   2.93454751338267236E-005  2.44951299080545413E-006
 B after wg2 wg2 ==>   151.43579374891553        13.099963242858834     
 LTM d(wg2)/d(wg2)  0.96069247752396381     
 B before wg2 wg2 ==>    155.89448624499798        13.626085048627070     
 Q value wg2 wg2 ==>   3.07286077929626550E-005  2.68585909160881841E-006
 B after wg2 wg2 ==>   157.51780165407220        13.626087734486163     
 LTM d(wg2)/d(wg2)  0.89478137059131813     
 B before wg2 wg2 ==>    46.157984306765243        3.9331354175571409     
 Q value wg2 wg2 ==>   2.99567440173566616E-005  2.55262296781207919E-006
 B after wg2 wg2 ==>   45.467140586284593        3.9331379701801086     
 LTM d(wg2)/d(wg2)  0.89788589711210531     
 B before wg2 wg2 ==>    46.575015805443549        3.9686707942059036     
 Q value wg2 wg2 ==>   2.99567440173566616E-005  2.55262296781207919E-006
 B after wg2 wg2 ==>   45.877930133492335        3.9686733468288713     
 LTM d(wg2)/d(wg2)  0.88740581862927326     
 B before wg2 wg2 ==>    57.547164056761410        4.8737252832857489     
 Q value wg2 wg2 ==>   2.97741699871625668E-005  2.52160340885177527E-006
 B after wg2 wg2 ==>   56.340374775622770        4.8737278048891577     
 LTM d(wg2)/d(wg2)  0.88052894534084325     
 B before wg2 wg2 ==>    43.397019780439095        3.6753358048115201     
 Q value wg2 wg2 ==>   2.97741699871625668E-005  2.52160340885177527E-006
 B after wg2 wg2 ==>   42.486972401228840        3.6753383264149289     
 LTM d(wg2)/d(wg2)  0.88079108298472286     
 B before wg2 wg2 ==>    42.819734343031563        3.6264449397605394     
 Q value wg2 wg2 ==>   2.97741699871625668E-005  2.52160340885177527E-006
 B after wg2 wg2 ==>   41.921793185164823        3.6264474613639481     
 LTM d(wg2)/d(wg2)  0.87379870881693511     
 B before wg2 wg2 ==>    41.806894132175451        3.5406665174092833     
 Q value wg2 wg2 ==>   2.97741699871625668E-005  2.52160340885177527E-006
 B after wg2 wg2 ==>   40.930193190991304        3.5406690390126920     
 LTM d(wg2)/d(wg2)  0.87838829222722714     
 B before wg2 wg2 ==>    37.388371337491101        3.1664575253208653     
 Q value wg2 wg2 ==>   2.97741699871625668E-005  2.52160340885177527E-006
 B after wg2 wg2 ==>   36.604330996241792        3.1664600469242741     
 LTM d(wg2)/d(wg2)  0.87644563780356355     
 B before wg2 wg2 ==>    37.147833369663076        3.1460861309244827     
 Q value wg2 wg2 ==>   2.97741699871625668E-005  2.52160340885177527E-006
 B after wg2 wg2 ==>   36.368837336985145        3.1460886525278915     
 LTM d(wg2)/d(wg2)  0.87501428895357203     
 B before wg2 wg2 ==>    5.8834297591734401       0.49827338739814669     
 Q value wg2 wg2 ==>   2.97741699871625668E-005  2.52160340885177527E-006
 B after wg2 wg2 ==>   5.7600778251608178       0.49827590900155555     
 LTM d(wg2)/d(wg2)  0.87631312603718026     
 B before wg2 wg2 ==>    5.4766203362447037       0.46382030178560352     
 Q value wg2 wg2 ==>   2.97741699871625668E-005  2.52160340885177527E-006
 B after wg2 wg2 ==>   5.3617995803971175       0.46382282338901237     
 LTM d(wg2)/d(wg2)  0.87750661672700914     
 B before wg2 wg2 ==>    6.0288503196539205       0.51058919607334463     
 Q value wg2 wg2 ==>   2.97741699871625668E-005  2.52160340885177527E-006
 B after wg2 wg2 ==>   5.9024487790186528       0.51059171767675349     
 LTM d(wg2)/d(wg2)  0.88013219753222860     
 B before wg2 wg2 ==>    6.5857994187899731       0.55775775686089701     
 Q value wg2 wg2 ==>   2.97741699871625668E-005  2.52160340885177527E-006
 B after wg2 wg2 ==>   6.4477181290491439       0.55776027846430587     
 LTM d(wg2)/d(wg2)  0.88137650606376550     
 B before wg2 wg2 ==>    6.6893692914712899       0.56652919009044311     
 Q value wg2 wg2 ==>   2.97741699871625668E-005  2.52160340885177527E-006
 B after wg2 wg2 ==>   6.5491160435933722       0.56653171169385197     
 LTM d(wg2)/d(wg2)  0.88345627821162642     
 B before wg2 wg2 ==>    6.8371021879815226       0.57904083275253471     
 Q value wg2 wg2 ==>   2.97741699871625668E-005  2.52160340885177527E-006
 B after wg2 wg2 ==>   6.6937508416085114       0.57904335435594356     
 LTM d(wg2)/d(wg2)  0.84414789629618991     
 B before wg2 wg2 ==>    13.857510428355026        1.1413851121091629     
 Q value wg2 wg2 ==>   2.89567311206786931E-005  2.38504469957769137E-006
 B after wg2 wg2 ==>   13.194458518866993        1.1413874971538625     
 LTM d(wg2)/d(wg2)  0.76223125030718397     
 B before wg2 wg2 ==>    15.944776718852511        1.2578359060592903     
 Q value wg2 wg2 ==>   2.77337176632344430E-005  2.18783031587271753E-006
 B after wg2 wg2 ==>   14.540629360897825        1.2578380938896061     
 LTM d(wg2)/d(wg2)  0.76610712893929289     
 B before wg2 wg2 ==>    38.346817075045116        3.0250660922111972     
 Q value wg2 wg2 ==>   2.77337176632344430E-005  2.18783031587271753E-006
 B after wg2 wg2 ==>   34.969839810999368        3.0250682800415132     
 LTM d(wg2)/d(wg2)  0.76303741275176573     
 B before wg2 wg2 ==>    38.284089461473009        3.0201176977592938     
 Q value wg2 wg2 ==>   2.77337176632344430E-005  2.18783031587271753E-006
 B after wg2 wg2 ==>   34.912636288537946        3.0201198855896099     
 LTM d(wg2)/d(wg2)  0.75417645583337944     
 B before wg2 wg2 ==>    37.305874009911946        2.9429491967177781     
 Q value wg2 wg2 ==>   2.77337176632344430E-005  2.18783031587271753E-006
 B after wg2 wg2 ==>   34.020567128419778        2.9429513845480941     
 LTM d(wg2)/d(wg2)  0.75528838283709387     
 B before wg2 wg2 ==>    37.476348952813709        2.9563974567998219     
 Q value wg2 wg2 ==>   2.77337176632344430E-005  2.18783031587271753E-006
 B after wg2 wg2 ==>   34.176029239443359        2.9563996446301379     
 LTM d(wg2)/d(wg2)  0.74902142074400557     
 B before wg2 wg2 ==>    36.730431880479550        2.8975542824444740     
 Q value wg2 wg2 ==>   2.77337176632344430E-005  2.18783031587271753E-006
 B after wg2 wg2 ==>   33.495801161699283        2.8975564702747900     
 LTM d(wg2)/d(wg2)  0.75554655929882053     
 B before wg2 wg2 ==>    37.314704821983490        2.9436458331586079     
 Q value wg2 wg2 ==>   2.77337176632344430E-005  2.18783031587271753E-006
 B after wg2 wg2 ==>   34.028620257303857        2.9436480209889240     
 LTM d(wg2)/d(wg2)  0.76057191559178994     
 B before wg2 wg2 ==>    31.658346463145651        2.4974325830933002     
 Q value wg2 wg2 ==>   2.77337176632344430E-005  2.18783031587271753E-006
 B after wg2 wg2 ==>   28.870387638463573        2.4974347709236162     
 LTM d(wg2)/d(wg2)  0.79761375235076715     
 B before wg2 wg2 ==>    52.652782627380390        4.2328182241299377     
 Q value wg2 wg2 ==>   2.82625168635786852E-005  2.27205648914224251E-006
 B after wg2 wg2 ==>   48.931475589146999        4.2328204961864264     
 LTM d(wg2)/d(wg2)  0.81633623713525205     
 B before wg2 wg2 ==>    10.964516756051824       0.88871633799454475     
 Q value wg2 wg2 ==>   2.84954954721335405E-005  2.30966972359789013E-006
 B after wg2 wg2 ==>   10.273602401279009       0.88871864766426834     
 LTM d(wg2)/d(wg2)  0.81159492395638366     
 B before wg2 wg2 ==>    10.488267554721423       0.85011450486354345     
 Q value wg2 wg2 ==>   2.84954954721335405E-005  2.30966972359789013E-006
 B after wg2 wg2 ==>   9.8273645659520259       0.85011681453326704     
 LTM d(wg2)/d(wg2)  0.81243041473841493     
 B before wg2 wg2 ==>    8.1696802085689235       0.66218406511517813     
 Q value wg2 wg2 ==>   2.84954954721335405E-005  2.30966972359789013E-006
 B after wg2 wg2 ==>   7.6548855455707683       0.66218637478490172     
 LTM d(wg2)/d(wg2)  0.93628595373032797     
 B before wg2 wg2 ==>    106.02442050818608        9.2671511730409151     
 Q value wg2 wg2 ==>   3.07286077929626550E-005  2.68585909160881841E-006
 B after wg2 wg2 ==>   107.12845329400983        9.2671538589000075     
 LTM d(wg2)/d(wg2)  0.93847826439460591     
 B before wg2 wg2 ==>    77.225315563233266        6.7499418556597197     
 Q value wg2 wg2 ==>   3.07286077929626550E-005  2.68585909160881841E-006
 B after wg2 wg2 ==>   78.029471568424611        6.7499445415188113     
 LTM d(wg2)/d(wg2)  0.94170631527840865     
 B before wg2 wg2 ==>    116.01526133817573        10.140408785518552     
 Q value wg2 wg2 ==>   3.07286077929626550E-005  2.68585909160881841E-006
 B after wg2 wg2 ==>   117.22332587045948        10.140411471377645     
 LTM d(wg2)/d(wg2)  0.94716836668464055     
 B before wg2 wg2 ==>    82.071793131005876        7.1735521905432069     
 Q value wg2 wg2 ==>   3.07286077929626550E-005  2.68585909160881841E-006
 B after wg2 wg2 ==>   82.926414110480579        7.1735548764022985     
 LTM d(wg2)/d(wg2)  0.97192030438828547     
 B before wg2 wg2 ==>    86.552195120243397        7.5651653901367055     
 Q value wg2 wg2 ==>   3.07286077929626550E-005  2.68585909160881841E-006
 B after wg2 wg2 ==>   87.453469234495714        7.5651680759957971     
 LTM d(wg2)/d(wg2)  0.94189940553426543     
 B before wg2 wg2 ==>    115.32914197069391        10.080437961148762     
 Q value wg2 wg2 ==>   3.07286077929626550E-005  2.68585909160881841E-006
 B after wg2 wg2 ==>   116.53006213972597        10.080440647007855     
 LTM d(wg2)/d(wg2)  0.94923832493263260     
 B before wg2 wg2 ==>    66.423172089948920        5.8057716722247221     
 Q value wg2 wg2 ==>   3.07286077929626550E-005  2.68585909160881841E-006
 B after wg2 wg2 ==>   67.114848488052147        5.8057743580838137     
 LTM d(wg2)/d(wg2)  0.94317568703819077     
 B before wg2 wg2 ==>    144.54686699670486        12.634237109029780     
 Q value wg2 wg2 ==>   3.07286077929626550E-005  2.68585909160881841E-006
 B after wg2 wg2 ==>   146.05202291663787        12.634239794888872     
 LTM d(wg2)/d(wg2)  0.86059674780762718     
 B before wg2 wg2 ==>    139.20145319914727        11.619364361807985     
 Q value wg2 wg2 ==>   2.93454751338267236E-005  2.44951299080545413E-006
 B after wg2 wg2 ==>   134.32007428657479        11.619366811320976     
 LTM d(wg2)/d(wg2)  0.89784357351512745     
 B before wg2 wg2 ==>    130.84112325513195        11.149010592134825     
 Q value wg2 wg2 ==>   2.99567440173566616E-005  2.55262296781207919E-006
 B after wg2 wg2 ==>   128.88277805007297        11.149013144757793     
 LTM d(wg2)/d(wg2)  0.96706238431202829     
 B before wg2 wg2 ==>    143.30797820843017        12.525951021423758     
 Q value wg2 wg2 ==>   3.07286077929626550E-005  2.68585909160881841E-006
 B after wg2 wg2 ==>   144.80023393642668        12.525953707282850     
 LTM d(wg2)/d(wg2)  0.96630815361373890     
 B before wg2 wg2 ==>    94.658181091251791        8.2736757223774156     
 Q value wg2 wg2 ==>   3.07286077929626550E-005  2.68585909160881841E-006
 B after wg2 wg2 ==>   95.643860501484099        8.2736784082365080     
 LTM d(wg2)/d(wg2)  0.90311873829306000     
 B before wg2 wg2 ==>    40.030445277799686        3.4110060148276595     
 Q value wg2 wg2 ==>   2.99567440173566616E-005  2.55262296781207919E-006
 B after wg2 wg2 ==>   39.431315975472117        3.4110085674506272     
 LTM d(wg2)/d(wg2)  0.90134593612790614     
 B before wg2 wg2 ==>    10.223666336428563       0.87116161524410896     
 Q value wg2 wg2 ==>   2.99567440173566616E-005  2.55262296781207919E-006
 B after wg2 wg2 ==>   10.070672321808278       0.87116416786707673     
 LTM d(wg2)/d(wg2)  0.88573034802474337     
 B before wg2 wg2 ==>    9.1522967852444417       0.77511691450831499     
 Q value wg2 wg2 ==>   2.97741699871625668E-005  2.52160340885177527E-006
 B after wg2 wg2 ==>   8.9603936195606035       0.77511943611172385     
 LTM d(wg2)/d(wg2)  0.87713306868904162     
 B before wg2 wg2 ==>    6.4820348739371649       0.54896983665584653     
 Q value wg2 wg2 ==>   2.97741699871625668E-005  2.52160340885177527E-006
 B after wg2 wg2 ==>   6.3461296247928889       0.54897235825925539     
 LTM d(wg2)/d(wg2)  0.87425881793778604     
 B before wg2 wg2 ==>    5.3465427206158331       0.45280390202948961     
 Q value wg2 wg2 ==>   2.97741699871625668E-005  2.52160340885177527E-006
 B after wg2 wg2 ==>   5.2344498153333188       0.45280642363289847     
 LTM d(wg2)/d(wg2)  0.87509962319398082     
 B before wg2 wg2 ==>    5.3725042369416656       0.45500260809230869     
 Q value wg2 wg2 ==>   2.97741699871625668E-005  2.52160340885177527E-006
 B after wg2 wg2 ==>   5.2598668941197850       0.45500512969571755     
 LTM d(wg2)/d(wg2)  0.87427481266557616     
 B before wg2 wg2 ==>    5.5481305788505830       0.46987657376902237     
 Q value wg2 wg2 ==>   2.97741699871625668E-005  2.52160340885177527E-006
 B after wg2 wg2 ==>   5.4318101856152889       0.46987909537243122     
 LTM d(wg2)/d(wg2)  0.87395051201178342     
 B before wg2 wg2 ==>    9.6624350664714971       0.81832102160794395     
 Q value wg2 wg2 ==>   2.97741699871625668E-005  2.52160340885177527E-006
 B after wg2 wg2 ==>   9.4598338187849826       0.81832354321135281     
 LTM d(wg2)/d(wg2)  0.87458135444127028     
 B before wg2 wg2 ==>    9.7833918988741644       0.82856497336350876     
 Q value wg2 wg2 ==>   2.97741699871625668E-005  2.52160340885177527E-006
 B after wg2 wg2 ==>   9.5782540720689155       0.82856749496691762     
 LTM d(wg2)/d(wg2)  0.87534589140921948     
 B before wg2 wg2 ==>    41.110353657893334        3.4816758273208510     
 Q value wg2 wg2 ==>   2.97741699871625668E-005  2.52160340885177527E-006
 B after wg2 wg2 ==>   40.248259828910470        3.4816783489242598     
 LTM d(wg2)/d(wg2)  0.87680375803491173     
 B before wg2 wg2 ==>    41.567385832837971        3.5203823266386229     
 Q value wg2 wg2 ==>   2.97741699871625668E-005  2.52160340885177527E-006
 B after wg2 wg2 ==>   40.695707607103586        3.5203848482420317     
 LTM d(wg2)/d(wg2)  0.88659055276156684     
 B before wg2 wg2 ==>    42.512601684027672        3.6004335762112669     
 Q value wg2 wg2 ==>   2.97741699871625668E-005  2.52160340885177527E-006
 B after wg2 wg2 ==>   41.621101388359747        3.6004360978146757     
 LTM d(wg2)/d(wg2)  0.88398133761152320     
 B before wg2 wg2 ==>    42.470525732150968        3.5968701229318398     
 Q value wg2 wg2 ==>   2.97741699871625668E-005  2.52160340885177527E-006
 B after wg2 wg2 ==>   41.579907808969260        3.5968726445352486     
 LTM d(wg2)/d(wg2)  0.88129389678521786     
 B before wg2 wg2 ==>    42.518218892388305        3.6009093030495469     
 Q value wg2 wg2 ==>   2.97741699871625668E-005  2.52160340885177527E-006
 B after wg2 wg2 ==>   41.626600798550989        3.6009118246529557     
 LTM d(wg2)/d(wg2)  0.82822434478831142     
 B before wg2 wg2 ==>    40.743895361216516        3.3151552716981696     
 Q value wg2 wg2 ==>   2.86051263600042045E-005  2.32747592269314131E-006
 B after wg2 wg2 ==>   38.323277182273827        3.3151575991740923     
 LTM d(wg2)/d(wg2)  0.78968349644044611     
 B before wg2 wg2 ==>    33.529491000285866        2.6450415979915052     
 Q value wg2 wg2 ==>   2.77337176632344430E-005  2.18783031587271753E-006
 B after wg2 wg2 ==>   30.576750314541354        2.6450437858218212     
 LTM d(wg2)/d(wg2)  0.76920164405075919     
 B before wg2 wg2 ==>    32.237349986267269        2.5431084450986989     
 Q value wg2 wg2 ==>   2.77337176632344430E-005  2.18783031587271753E-006
 B after wg2 wg2 ==>   29.398401365656596        2.5431106329290150     
 LTM d(wg2)/d(wg2)  0.75354550641794393     
 B before wg2 wg2 ==>    10.554816703301908       0.83263802719734359     
 Q value wg2 wg2 ==>   2.77337176632344430E-005  2.18783031587271753E-006
 B after wg2 wg2 ==>   9.6253347839519652       0.83264021502765950     
 LTM d(wg2)/d(wg2)  0.77284415054877409     
 B before wg2 wg2 ==>    10.227654960916578       0.80682921256686790     
 Q value wg2 wg2 ==>   2.77337176632344430E-005  2.18783031587271753E-006
 B after wg2 wg2 ==>   9.3269844560290771       0.80683140039718382     
 LTM d(wg2)/d(wg2)  0.76236079103597720     
 B before wg2 wg2 ==>    10.217955918776507       0.80606408404401197     
 Q value wg2 wg2 ==>   2.77337176632344430E-005  2.18783031587271753E-006
 B after wg2 wg2 ==>   9.3181395575335202       0.80606627187432789     
 LTM d(wg2)/d(wg2)  0.75219104722089758     
 B before wg2 wg2 ==>    9.8324398371491490       0.77565186953737497     
 Q value wg2 wg2 ==>   2.77337176632344430E-005  2.18783031587271753E-006
 B after wg2 wg2 ==>   8.9665738502033534       0.77565405736769089     
 LTM d(wg2)/d(wg2)  0.76716335411615422     
 B before wg2 wg2 ==>    10.049690027970206       0.79279008949688423     
 Q value wg2 wg2 ==>   2.77337176632344430E-005  2.18783031587271753E-006
 B after wg2 wg2 ==>   9.1646919590023668       0.79279227732720015     
 LTM d(wg2)/d(wg2)  0.75954205442824185     
 B before wg2 wg2 ==>    9.9136626351674124       0.78205929395851326     
 Q value wg2 wg2 ==>   2.77337176632344430E-005  2.18783031587271753E-006
 B after wg2 wg2 ==>   9.0406437834629134       0.78206148178882917     
 LTM d(wg2)/d(wg2)  0.78035013979567347     
 B before wg2 wg2 ==>    15.060694812569801        1.1880933198050148     
 Q value wg2 wg2 ==>   2.77337176632344430E-005  2.18783031587271753E-006
 B after wg2 wg2 ==>   13.734403899671754        1.1880955076353306     
 LTM d(wg2)/d(wg2)  0.82843170339105154     
 B before wg2 wg2 ==>    13.889812526899748        1.1258228336897580     
 Q value wg2 wg2 ==>   2.84954954721335405E-005  2.30966972359789013E-006
 B after wg2 wg2 ==>   13.014557449240847        1.1258251433594817     
 LTM d(wg2)/d(wg2)  0.81623230991851603     
 B before wg2 wg2 ==>    39.355610038839743        3.1899238618021304     
 Q value wg2 wg2 ==>   2.84954954721335405E-005  2.30966972359789013E-006
 B after wg2 wg2 ==>   36.875599787702782        3.1899261714718539     
 LTM d(wg2)/d(wg2)  0.81092230020098766     
 B before wg2 wg2 ==>    40.075054928988969        3.2482376427363788     
 Q value wg2 wg2 ==>   2.84954954721335405E-005  2.30966972359789013E-006
 B after wg2 wg2 ==>   37.549708068662440        3.2482399524061023     
 LTM d(wg2)/d(wg2)  0.90324613841997237     
 B before wg2 wg2 ==>    46.287833130098974        3.9441998739811437     
 Q value wg2 wg2 ==>   2.99567440173566616E-005  2.55262296781207919E-006
 B after wg2 wg2 ==>   45.595045887231336        3.9442024266041114     
 LTM d(wg2)/d(wg2)  0.93968494606177977     
 B before wg2 wg2 ==>    98.302785198219809        8.5922353246206615     
 Q value wg2 wg2 ==>   3.07286077929626550E-005  2.68585909160881841E-006
 B after wg2 wg2 ==>   99.326414820737057        8.5922380104797540     
 LTM d(wg2)/d(wg2)  0.93641064618758130     
 B before wg2 wg2 ==>    112.89642441817793        9.8678042941839408     
 Q value wg2 wg2 ==>   3.07286077929626550E-005  2.68585909160881841E-006
 B after wg2 wg2 ==>   114.07201340038210        9.8678069800430332     
 LTM d(wg2)/d(wg2)  0.94453034137601355     
 B before wg2 wg2 ==>    116.23605987147302        10.159707861873265     
 Q value wg2 wg2 ==>   3.07286077929626550E-005  2.68585909160881841E-006
 B after wg2 wg2 ==>   117.44642351525555        10.159710547732358     
 LTM d(wg2)/d(wg2)  0.97119405867931585     
 B before wg2 wg2 ==>    56.493024664877900        4.9378190164343430     
 Q value wg2 wg2 ==>   3.07286077929626550E-005  2.68585909160881841E-006
 B after wg2 wg2 ==>   57.081301299456285        4.9378217022934345     
 LTM d(wg2)/d(wg2)  0.94246860561299284     
 B before wg2 wg2 ==>    109.41265209150346        9.5633023252129714     
 Q value wg2 wg2 ==>   3.07286077929626550E-005  2.68585909160881841E-006
 B after wg2 wg2 ==>   110.55196555640333        9.5633050110720639     
 LTM d(wg2)/d(wg2)  0.94661876629863462     
 B before wg2 wg2 ==>    92.360072150874345        8.0728076312290149     
 Q value wg2 wg2 ==>   3.07286077929626550E-005  2.68585909160881841E-006
 B after wg2 wg2 ==>   93.321822014966244        8.0728103170881074     
 LTM d(wg2)/d(wg2)  0.93602640643586976     
 B before wg2 wg2 ==>    110.85518308751361        9.6117785390825219     
 Q value wg2 wg2 ==>   3.04824799213814582E-005  2.64300538924778329E-006
 B after wg2 wg2 ==>   111.11235090249923        9.6117811820879115     
 LTM d(wg2)/d(wg2)  0.97463363539398284     
 B before wg2 wg2 ==>    126.28631066110273        11.038158250454085     
 Q value wg2 wg2 ==>   3.07286077929626550E-005  2.68585909160881841E-006
 B after wg2 wg2 ==>   127.60132467013455        11.038160936313178     
 LTM d(wg2)/d(wg2)  0.96865369379191824     
 B before wg2 wg2 ==>    127.84886753615412        11.174734811855405     
 Q value wg2 wg2 ==>   3.07286077929626550E-005  2.68585909160881841E-006
 B after wg2 wg2 ==>   129.18015199963725        11.174737497714498     
 LTM d(wg2)/d(wg2)  0.96853371172045044     
 B before wg2 wg2 ==>    89.058008497386041        7.7841880574250979     
 Q value wg2 wg2 ==>   3.07286077929626550E-005  2.68585909160881841E-006
 B after wg2 wg2 ==>   89.985374924223734        7.7841907432841895     
 LTM d(wg2)/d(wg2)  0.97201244896236239     
 B before wg2 wg2 ==>    81.197621857909439        7.0971445355889520     
 Q value wg2 wg2 ==>   3.07286077929626550E-005  2.68585909160881841E-006
 B after wg2 wg2 ==>   82.043140343831013        7.0971472214480436     
 LTM d(wg2)/d(wg2)  0.90338477093794622     
 B before wg2 wg2 ==>    45.183244685594175        3.8500775677722610     
 Q value wg2 wg2 ==>   2.99567440173566616E-005  2.55262296781207919E-006
 B after wg2 wg2 ==>   44.506990456389531        3.8500801203952286     
 LTM d(wg2)/d(wg2)  0.89589506892156090     
 B before wg2 wg2 ==>    16.401576852499474        1.3934359828738405     
 Q value wg2 wg2 ==>   2.98678500326284569E-005  2.53749607984806053E-006
 B after wg2 wg2 ==>   16.108172554420292        1.3934385203699204     
 LTM d(wg2)/d(wg2)  0.88127940565923180     
 B before wg2 wg2 ==>    43.232382637243774        3.6613925250598447     
 Q value wg2 wg2 ==>   2.97741699871625668E-005  2.52160340885177527E-006
 B after wg2 wg2 ==>   42.325787854561568        3.6613950466632534     
 LTM d(wg2)/d(wg2)  0.87225348917346912     
 B before wg2 wg2 ==>    40.410909200750638        3.4224391961000995     
 Q value wg2 wg2 ==>   2.97741699871625668E-005  2.52160340885177527E-006
 B after wg2 wg2 ==>   39.563483383234839        3.4224417177035082     
 LTM d(wg2)/d(wg2)  0.87247469002521871     
 B before wg2 wg2 ==>    40.082067873884007        3.3945893043598510     
 Q value wg2 wg2 ==>   2.97741699871625668E-005  2.52160340885177527E-006
 B after wg2 wg2 ==>   39.241538169853804        3.3945918259632597     
 LTM d(wg2)/d(wg2)  0.87742316924089381     
 B before wg2 wg2 ==>    40.995592060014388        3.4719565560013952     
 Q value wg2 wg2 ==>   2.97741699871625668E-005  2.52160340885177527E-006
 B after wg2 wg2 ==>   40.135904890225802        3.4719590776048039     
 LTM d(wg2)/d(wg2)  0.87196304141921677     
 B before wg2 wg2 ==>    40.786454893316979        3.4542445259871526     
 Q value wg2 wg2 ==>   2.97741699871625668E-005  2.52160340885177527E-006
 B after wg2 wg2 ==>   39.931153527616168        3.4542470475905613     
 LTM d(wg2)/d(wg2)  0.87494906607352108     
 B before wg2 wg2 ==>    40.982353663501861        3.4708353833276275     
 Q value wg2 wg2 ==>   2.97741699871625668E-005  2.52160340885177527E-006
 B after wg2 wg2 ==>   40.122944115402696        3.4708379049310363     
 LTM d(wg2)/d(wg2)  0.87878805192789877     
 B before wg2 wg2 ==>    37.143364979511048        3.1457076986174095     
 Q value wg2 wg2 ==>   2.97741699871625668E-005  2.52160340885177527E-006
 B after wg2 wg2 ==>   36.364462653198679        3.1457102202208183     
 LTM d(wg2)/d(wg2)  0.87710464232207608     
 B before wg2 wg2 ==>    36.979733067183332        3.1318495528454062     
 Q value wg2 wg2 ==>   2.97741699871625668E-005  2.52160340885177527E-006
 B after wg2 wg2 ==>   36.204262256757453        3.1318520744488150     
 LTM d(wg2)/d(wg2)  0.87745839893364719     
 B before wg2 wg2 ==>    5.6304326722372622       0.47684681808914842     
 Q value wg2 wg2 ==>   2.97741699871625668E-005  2.52160340885177527E-006
 B after wg2 wg2 ==>   5.5123863263016046       0.47684933969255727     
 LTM d(wg2)/d(wg2)  0.89071069180526308     
 B before wg2 wg2 ==>    5.6850694193449911       0.48147405733090809     
 Q value wg2 wg2 ==>   2.97741699871625668E-005  2.52160340885177527E-006
 B after wg2 wg2 ==>   5.5658772891731223       0.48147657893431695     
 LTM d(wg2)/d(wg2)  0.89609112402082047     
 B before wg2 wg2 ==>    6.2958267266323018       0.53319968759031877     
 Q value wg2 wg2 ==>   2.97741699871625668E-005  2.52160340885177527E-006
 B after wg2 wg2 ==>   6.1638264383638148       0.53320220919372763     
 LTM d(wg2)/d(wg2)  0.90129161826295245     
 B before wg2 wg2 ==>    6.6890198064759234       0.56649959186634358     
 Q value wg2 wg2 ==>   2.97741699871625668E-005  2.52160340885177527E-006
 B after wg2 wg2 ==>   6.5487738876287347       0.56650211346975243     
 LTM d(wg2)/d(wg2)  0.85576671324683551     
 B before wg2 wg2 ==>    7.4767037565857688       0.62237196235181980     
 Q value wg2 wg2 ==>   2.92645863923098242E-005  2.43602778087243465E-006
 B after wg2 wg2 ==>   7.1946584337934567       0.62237439837960062     
 LTM d(wg2)/d(wg2)  0.81815053787804115     
 B before wg2 wg2 ==>    9.7010778932509645       0.76528911735599647     
 Q value wg2 wg2 ==>   2.77337176632344430E-005  2.18783031587271753E-006
 B after wg2 wg2 ==>   8.8467802620140255       0.76529130518631239     
 LTM d(wg2)/d(wg2)  0.77755581202692958     
 B before wg2 wg2 ==>    50.999180366969085        4.0231733172732866     
 Q value wg2 wg2 ==>   2.77337176632344430E-005  2.18783031587271753E-006
 B after wg2 wg2 ==>   46.507975992885278        4.0231755051036027     
 LTM d(wg2)/d(wg2)  0.78834262148852152     
 B before wg2 wg2 ==>    16.609878687700700        1.3103038177998685     
 Q value wg2 wg2 ==>   2.77337176632344430E-005  2.18783031587271753E-006
 B after wg2 wg2 ==>   15.147159296400799        1.3103060056301843     
 LTM d(wg2)/d(wg2)  0.78111835124966766     
 B before wg2 wg2 ==>    38.968587782085791        3.0741157298725965     
 Q value wg2 wg2 ==>   2.77337176632344430E-005  2.18783031587271753E-006
 B after wg2 wg2 ==>   35.536854441090021        3.0741179177029125     
 LTM d(wg2)/d(wg2)  0.77568035607722552     
 B before wg2 wg2 ==>    38.410301501748549        3.0300741893950702     
 Q value wg2 wg2 ==>   2.77337176632344430E-005  2.18783031587271753E-006
 B after wg2 wg2 ==>   35.027733498038906        3.0300763772253863     
 LTM d(wg2)/d(wg2)  0.75609860602801271     
 B before wg2 wg2 ==>    36.545268641406196        2.8829473064613405     
 Q value wg2 wg2 ==>   2.77337176632344430E-005  2.18783031587271753E-006
 B after wg2 wg2 ==>   33.326944275518095        2.8829494942916565     
 LTM d(wg2)/d(wg2)  0.76875885261019472     
 B before wg2 wg2 ==>    37.538894573807049        2.9613314943996825     
 Q value wg2 wg2 ==>   2.77337176632344430E-005  2.18783031587271753E-006
 B after wg2 wg2 ==>   34.233066796455525        2.9613336822299985     
 LTM d(wg2)/d(wg2)  0.75128903232333943     
 B before wg2 wg2 ==>    35.809633236339479        2.8249152221884177     
 Q value wg2 wg2 ==>   2.77337176632344430E-005  2.18783031587271753E-006
 B after wg2 wg2 ==>   32.656092412665373        2.8249174100187338     
 LTM d(wg2)/d(wg2)  0.74879157277373465     
 B before wg2 wg2 ==>    35.494431685084983        2.8000499113844901     
 Q value wg2 wg2 ==>   2.77337176632344430E-005  2.18783031587271753E-006
 B after wg2 wg2 ==>   32.368649004726123        2.8000520992148061     
 LTM d(wg2)/d(wg2)  0.78233494060892539     
 B before wg2 wg2 ==>    32.029103888070843        2.5635707055154198     
 Q value wg2 wg2 ==>   2.81386369505465605E-005  2.25218244105860065E-006
 B after wg2 wg2 ==>   29.634946181536705        2.5635729576978608     
 LTM d(wg2)/d(wg2)  0.81645625974289582     
 B before wg2 wg2 ==>    83.369382226701532        6.7574097173491037     
 Q value wg2 wg2 ==>   2.84954954721335405E-005  2.30966972359789013E-006
 B after wg2 wg2 ==>   78.115795825450292        6.7574120270188276     
 LTM d(wg2)/d(wg2)  0.81746640270880688     
 B before wg2 wg2 ==>    11.843808505641928       0.95998632290228991     
 Q value wg2 wg2 ==>   2.84954954721335405E-005  2.30966972359789013E-006
 B after wg2 wg2 ==>   11.097484616434162       0.95998863257201350     
 LTM d(wg2)/d(wg2)  0.81657251902242267     
 B before wg2 wg2 ==>    11.547257165728579       0.93594969395649530     
 Q value wg2 wg2 ==>   2.84954954721335405E-005  2.30966972359789013E-006
 B after wg2 wg2 ==>   10.819620784607089       0.93595200362621889     
 LTM d(wg2)/d(wg2)  0.94556632394094409     
 B before wg2 wg2 ==>    48.649765799494823        4.1887282461438007     
 Q value wg2 wg2 ==>   3.02694113699149907E-005  2.60618599731523946E-006
 B after wg2 wg2 ==>   48.421798570230543        4.1887308523297984     
 LTM d(wg2)/d(wg2)  0.97165470496402695     
 B before wg2 wg2 ==>    62.842527869118499        5.4928025361307524     
 Q value wg2 wg2 ==>   3.07286077929626550E-005  2.68585909160881841E-006
 B after wg2 wg2 ==>   63.496920050799552        5.4928052219898440     
 LTM d(wg2)/d(wg2)  0.96979379520118858     
 B before wg2 wg2 ==>    83.352871332049276        7.2855258782714962     
 Q value wg2 wg2 ==>   3.07286077929626550E-005  2.68585909160881841E-006
 B after wg2 wg2 ==>   84.220831809657739        7.2855285641305878     
 LTM d(wg2)/d(wg2)  0.97052726649113974     
 B before wg2 wg2 ==>    124.37417524596405        10.871026490898302     
 Q value wg2 wg2 ==>   3.07286077929626550E-005  2.68585909160881841E-006
 B after wg2 wg2 ==>   125.66927873994617        10.871029176757395     
 LTM d(wg2)/d(wg2)  0.94268542627750418     
 B before wg2 wg2 ==>    114.97892813683772        10.049827234622933     
 Q value wg2 wg2 ==>   3.07286077929626550E-005  2.68585909160881841E-006
 B after wg2 wg2 ==>   116.17620163014044        10.049829920482026     
 LTM d(wg2)/d(wg2)  0.94173773849434184     
 B before wg2 wg2 ==>    141.75335000874048        12.390067472375883     
 Q value wg2 wg2 ==>   3.07286077929626550E-005  2.68585909160881841E-006
 B after wg2 wg2 ==>   143.22941784129739        12.390070158234975     
 LTM d(wg2)/d(wg2)  0.96698592268511652     
 B before wg2 wg2 ==>    163.56899466314471        14.296881732531130     
 Q value wg2 wg2 ==>   3.07286077929626550E-005  2.68585909160881841E-006
 B after wg2 wg2 ==>   165.27222251678165        14.296884418390222     
 LTM d(wg2)/d(wg2)  0.96044815634707825     
 B before wg2 wg2 ==>    88.523037302231515        7.7374284626547913     
 Q value wg2 wg2 ==>   3.07286077929626550E-005  2.68585909160881841E-006
 B after wg2 wg2 ==>   89.444833228178979        7.7374311485138829     
 LTM d(wg2)/d(wg2)  0.96433056761464764     
 B before wg2 wg2 ==>    148.16479693750841        12.950465233967362     
 Q value wg2 wg2 ==>   3.07286077929626550E-005  2.68585909160881841E-006
 B after wg2 wg2 ==>   149.70762531932090        12.950467919826455     
 LTM d(wg2)/d(wg2)  0.97142961421629870     
 B before wg2 wg2 ==>    86.410435447447242        7.5527747700159251     
 Q value wg2 wg2 ==>   3.07286077929626550E-005  2.68585909160881841E-006
 B after wg2 wg2 ==>   87.310233459078205        7.5527774558750167     
 LTM d(wg2)/d(wg2)  0.94331725369924413     
 B before wg2 wg2 ==>    47.506985059856866        4.1523868766733605     
 Q value wg2 wg2 ==>   3.07286077929626550E-005  2.68585909160881841E-006
 B after wg2 wg2 ==>   48.001692653573059        4.1523895625324521     
 LTM d(wg2)/d(wg2)  0.89834851249015035     
 B before wg2 wg2 ==>    126.11873181122067        10.746614228373032     
 Q value wg2 wg2 ==>   2.99567440173566616E-005  2.55262296781207919E-006
 B after wg2 wg2 ==>   124.23106936828235        10.746616780996000     
 LTM d(wg2)/d(wg2)  0.88850956488174526     
 B before wg2 wg2 ==>    53.500255352406803        4.5309886498678447     
 Q value wg2 wg2 ==>   2.97741699871625668E-005  2.52160340885177527E-006
 B after wg2 wg2 ==>   52.378333572433519        4.5309911714712534     
 LTM d(wg2)/d(wg2)  0.87808484485268334     
 B before wg2 wg2 ==>    37.413614461798602        3.1685953900650818     
 Q value wg2 wg2 ==>   2.97741699871625668E-005  2.52160340885177527E-006
 B after wg2 wg2 ==>   36.629044748369665        3.1685979116684906     
 LTM d(wg2)/d(wg2)  0.87399261580794096     
 B before wg2 wg2 ==>    5.1603460791388578       0.43703472740371402     
 Q value wg2 wg2 ==>   2.97741699871625668E-005  2.52160340885177527E-006
 B after wg2 wg2 ==>   5.0521578934440443       0.43703724900712287     
 LTM d(wg2)/d(wg2)  0.88063138387821871     
 B before wg2 wg2 ==>    5.1551146034091140       0.43659166863703353     
 Q value wg2 wg2 ==>   2.97741699871625668E-005  2.52160340885177527E-006
 B after wg2 wg2 ==>   5.0470361267057866       0.43659419024044238     
 LTM d(wg2)/d(wg2)  0.88060048336567431     
 B before wg2 wg2 ==>    8.0669649003043649       0.68319910178740928     
 Q value wg2 wg2 ==>   2.97741699871625668E-005  2.52160340885177527E-006
 B after wg2 wg2 ==>   7.8978221702366884       0.68320162339081814     
 LTM d(wg2)/d(wg2)  0.87782866759997291     
 B before wg2 wg2 ==>    6.0811584016223863       0.51501921840004761     
 Q value wg2 wg2 ==>   2.97741699871625668E-005  2.52160340885177527E-006
 B after wg2 wg2 ==>   5.9536599110602166       0.51502174000345646     
 LTM d(wg2)/d(wg2)  0.87868915367172329     
 B before wg2 wg2 ==>    5.9413138960194916       0.50317565123463237     
 Q value wg2 wg2 ==>   2.97741699871625668E-005  2.52160340885177527E-006
 B after wg2 wg2 ==>   5.8167480769380138       0.50317817283804123     
 LTM d(wg2)/d(wg2)  0.89209296186992737     
 B before wg2 wg2 ==>    5.8052281130131247       0.49165041394092873     
 Q value wg2 wg2 ==>   2.97741699871625668E-005  2.52160340885177527E-006
 B after wg2 wg2 ==>   5.6835161414462823       0.49165293554433759     
 LTM d(wg2)/d(wg2)  0.88610635393987491     
 B before wg2 wg2 ==>    9.6889424900015388       0.82056596108273205     
 Q value wg2 wg2 ==>   2.97741699871625668E-005  2.52160340885177527E-006
 B after wg2 wg2 ==>   9.4857853565855290       0.82056848268614091     
 LTM d(wg2)/d(wg2)  0.88460508390184800     
 B before wg2 wg2 ==>    9.6825328736566156       0.82002312444171865     
 Q value wg2 wg2 ==>   2.97741699871625668E-005  2.52160340885177527E-006
 B after wg2 wg2 ==>   9.4795101559545145       0.82002564604512751     
 LTM d(wg2)/d(wg2)  0.89755846078881985     
 B before wg2 wg2 ==>    43.469744212105425        3.6814949076471555     
 Q value wg2 wg2 ==>   2.97741699871625668E-005  2.52160340885177527E-006
 B after wg2 wg2 ==>   42.558171732815062        3.6814974292505642     
 LTM d(wg2)/d(wg2)  0.89212977899869150     
 B before wg2 wg2 ==>    43.411205135359246        3.6765371763136594     
 Q value wg2 wg2 ==>   2.97741699871625668E-005  2.52160340885177527E-006
 B after wg2 wg2 ==>   42.500860275846577        3.6765396979170681     
 LTM d(wg2)/d(wg2)  0.90848784036437835     
 B before wg2 wg2 ==>    44.941093653560856        3.8061049225958792     
 Q value wg2 wg2 ==>   2.97741699871625668E-005  2.52160340885177527E-006
 B after wg2 wg2 ==>   43.998665585583012        3.8061074441992879     
 LTM d(wg2)/d(wg2)  0.89472074189275186     
 B before wg2 wg2 ==>    44.149744104612857        3.7390847597808974     
 Q value wg2 wg2 ==>   2.97741699871625668E-005  2.52160340885177527E-006
 B after wg2 wg2 ==>   43.223911384757223        3.7390872813843061     
 LTM d(wg2)/d(wg2)  0.76923690031161240     
 B before wg2 wg2 ==>    37.938581695481155        2.9928616200135929     
 Q value wg2 wg2 ==>   2.77337176632344430E-005  2.18783031587271753E-006
 B after wg2 wg2 ==>   34.597555574845678        2.9928638078439089     
 LTM d(wg2)/d(wg2)  0.78279509252604607     
 B before wg2 wg2 ==>    39.187580357023464        3.0913914013212467     
 Q value wg2 wg2 ==>   2.77337176632344430E-005  2.18783031587271753E-006
 B after wg2 wg2 ==>   35.736561491397808        3.0913935891515627     
 LTM d(wg2)/d(wg2)  0.77463117395470804     
 B before wg2 wg2 ==>    32.397301364504237        2.5557265325337046     
 Q value wg2 wg2 ==>   2.77337176632344430E-005  2.18783031587271753E-006
 B after wg2 wg2 ==>   29.544266667023372        2.5557287203640207     
 LTM d(wg2)/d(wg2)  0.76644147797907403     
 B before wg2 wg2 ==>    31.659335178393711        2.4975105798919888     
 Q value wg2 wg2 ==>   2.77337176632344430E-005  2.18783031587271753E-006
 B after wg2 wg2 ==>   28.871289282758315        2.4975127677223048     
 LTM d(wg2)/d(wg2)  0.78834759191390757     
 B before wg2 wg2 ==>    9.1024062932759975       0.71806169939559794     
 Q value wg2 wg2 ==>   2.77337176632344430E-005  2.18783031587271753E-006
 B after wg2 wg2 ==>   8.3008305220830021       0.71806388722591385     
 LTM d(wg2)/d(wg2)  0.75036375588450599     
 B before wg2 wg2 ==>    8.7806121439071596       0.69267631817810171     
 Q value wg2 wg2 ==>   2.77337176632344430E-005  2.18783031587271753E-006
 B after wg2 wg2 ==>   8.0073750914820074       0.69267850600841763     
 LTM d(wg2)/d(wg2)  0.75202146639820933     
 B before wg2 wg2 ==>    8.6264550540223262       0.68051532487918087     
 Q value wg2 wg2 ==>   2.77337176632344430E-005  2.18783031587271753E-006
 B after wg2 wg2 ==>   7.8667938059580775       0.68051751270949679     
 LTM d(wg2)/d(wg2)  0.76727449399303238     
 B before wg2 wg2 ==>    48.428807260145625        3.8204042448215532     
 Q value wg2 wg2 ==>   2.77337176632344430E-005  2.18783031587271753E-006
 B after wg2 wg2 ==>   44.163962130770159        3.8204064326518692     
 LTM d(wg2)/d(wg2)  0.75508879999902656     
 B before wg2 wg2 ==>    8.5462605218068184       0.67418901728209635     
 Q value wg2 wg2 ==>   2.77337176632344430E-005  2.18783031587271753E-006
 B after wg2 wg2 ==>   7.7936615845385599       0.67419120511241226     
 LTM d(wg2)/d(wg2)  0.80422608430965048     
 B before wg2 wg2 ==>    8.1106907034849129       0.63982821269125956     
 Q value wg2 wg2 ==>   2.77337176632344430E-005  2.18783031587271753E-006
 B after wg2 wg2 ==>   7.3964501099261177       0.63983040052157547     
 LTM d(wg2)/d(wg2)  0.80568999909574801     
 B before wg2 wg2 ==>    14.394322320670012        1.1667152967483254     
 Q value wg2 wg2 ==>   2.84954954721335405E-005  2.30966972359789013E-006
 B after wg2 wg2 ==>   13.487275004765145        1.1667176064180491     
 LTM d(wg2)/d(wg2)  0.82045695187308276     
 B before wg2 wg2 ==>    18.431442525100685        1.4939394475204160     
 Q value wg2 wg2 ==>   2.84954954721335405E-005  2.30966972359789013E-006
 B after wg2 wg2 ==>   17.269991649638126        1.4939417571901397     
 LTM d(wg2)/d(wg2)  0.80487462841457735     
 B before wg2 wg2 ==>    58.194980695626413        4.7169274564639903     
 Q value wg2 wg2 ==>   2.84954954721335405E-005  2.30966972359789013E-006
 B after wg2 wg2 ==>   54.527786830374318        4.7169297661337142     
 LTM d(wg2)/d(wg2)  0.80471930798230440     
 B before wg2 wg2 ==>    58.738872748953384        4.7610120034304844     
 Q value wg2 wg2 ==>   2.84954954721335405E-005  2.30966972359789013E-006
 B after wg2 wg2 ==>   55.037404929155748        4.7610143131002083     
 LTM d(wg2)/d(wg2)  0.96762302700998926     
 B before wg2 wg2 ==>    144.91611138756446        12.666511216952198     
 Q value wg2 wg2 ==>   3.07286077929626550E-005  2.68585909160881841E-006
 B after wg2 wg2 ==>   146.42511214293276        12.666513902811291     
 LTM d(wg2)/d(wg2)  0.96903481990878426     
 B before wg2 wg2 ==>    133.51221781922069        11.669744574394119     
 Q value wg2 wg2 ==>   3.07286077929626550E-005  2.68585909160881841E-006
 B after wg2 wg2 ==>   134.90247311716988        11.669747260253212     
 LTM d(wg2)/d(wg2)  0.96931568104056876     
 B before wg2 wg2 ==>    121.68427553220451        10.635913606826424     
 Q value wg2 wg2 ==>   3.07286077929626550E-005  2.68585909160881841E-006
 B after wg2 wg2 ==>   122.95136987562697        10.635916292685517     
 LTM d(wg2)/d(wg2)  0.94295913591404656     
 B before wg2 wg2 ==>    115.15956319849003        10.065615789895954     
 Q value wg2 wg2 ==>   3.07286077929626550E-005  2.68585909160881841E-006
 B after wg2 wg2 ==>   116.35871759263536        10.065618475755047     
 LTM d(wg2)/d(wg2)  0.97135438330671542     
 B before wg2 wg2 ==>    139.28253740551398        12.174104076352538     
 Q value wg2 wg2 ==>   3.07286077929626550E-005  2.68585909160881841E-006
 B after wg2 wg2 ==>   140.73287737845794        12.174106762211631     
 LTM d(wg2)/d(wg2)  0.95956222029844562     
 B before wg2 wg2 ==>    139.49920394592277        12.193041992490011     
 Q value wg2 wg2 ==>   3.07286077929626550E-005  2.68585909160881841E-006
 B after wg2 wg2 ==>   140.95180000511431        12.193044678349104     
 LTM d(wg2)/d(wg2)  0.96023100687129093     
 B before wg2 wg2 ==>    97.170019573274828        8.4932250188847416     
 Q value wg2 wg2 ==>   3.07286077929626550E-005  2.68585909160881841E-006
 B after wg2 wg2 ==>   98.181854033773376        8.4932277047438340     
 LTM d(wg2)/d(wg2)  0.96882251877452041     
 B before wg2 wg2 ==>    108.81849093301292        9.5113691832963330     
 Q value wg2 wg2 ==>   3.07286077929626550E-005  2.68585909160881841E-006
 B after wg2 wg2 ==>   109.95161756899135        9.5113718691554254     
 LTM d(wg2)/d(wg2)  0.97255032907054961     
 B before wg2 wg2 ==>    117.97012692358466        10.311275410548216     
 Q value wg2 wg2 ==>   3.07286077929626550E-005  2.68585909160881841E-006
 B after wg2 wg2 ==>   119.19854690786741        10.311278096407309     
 LTM d(wg2)/d(wg2)  0.94293019770144237     
 B before wg2 wg2 ==>    44.240407970189693        3.8668690349983805     
 Q value wg2 wg2 ==>   3.07286077929626550E-005  2.68585909160881841E-006
 B after wg2 wg2 ==>   44.701101638014457        3.8668717208574721     
 LTM d(wg2)/d(wg2)  0.89339546993423358     
 B before wg2 wg2 ==>    81.285557877719910        6.9127838778476427     
 Q value wg2 wg2 ==>   2.98979996632580410E-005  2.54262153632477297E-006
 B after wg2 wg2 ==>   79.911926407208739        6.9127864204691791     
 LTM d(wg2)/d(wg2)  0.88553812432787804     
 B before wg2 wg2 ==>    46.308941739028832        3.9219493070604861     
 Q value wg2 wg2 ==>   2.97741699871625668E-005  2.52160340885177527E-006
 B after wg2 wg2 ==>   45.337828603640752        3.9219518286638948     
 LTM d(wg2)/d(wg2)  0.87969109187045591     
 B before wg2 wg2 ==>    42.053533379570425        3.5615546351051233     
 Q value wg2 wg2 ==>   2.97741699871625668E-005  2.52160340885177527E-006
 B after wg2 wg2 ==>   41.171660180214701        3.5615571567085320     
 LTM d(wg2)/d(wg2)  0.88003487481909515     
 B before wg2 wg2 ==>    10.931238537158876       0.92577722133501350     
 Q value wg2 wg2 ==>   2.97741699871625668E-005  2.52160340885177527E-006
 B after wg2 wg2 ==>   10.702029281263208       0.92577974293842236     
 LTM d(wg2)/d(wg2)  0.87658641984440044     
 B before wg2 wg2 ==>    41.183665031390760        3.4878846388309084     
 Q value wg2 wg2 ==>   2.97741699871625668E-005  2.52160340885177527E-006
 B after wg2 wg2 ==>   40.320033793602740        3.4878871604343171     
 LTM d(wg2)/d(wg2)  0.88304577623771285     
 B before wg2 wg2 ==>    60.330763397337208        5.1094710182331831     
 Q value wg2 wg2 ==>   2.97741699871625668E-005  2.52160340885177527E-006
 B after wg2 wg2 ==>   59.065599406626788        5.1094735398365918     
 LTM d(wg2)/d(wg2)  0.88274350462225459     
 B before wg2 wg2 ==>    43.430147970806431        3.6781414634678447     
 Q value wg2 wg2 ==>   2.97741699871625668E-005  2.52160340885177527E-006
 B after wg2 wg2 ==>   42.519405862127343        3.6781439850712534     
 LTM d(wg2)/d(wg2)  0.89115481025314536     
 B before wg2 wg2 ==>    43.829977484280860        3.7120034137613831     
 Q value wg2 wg2 ==>   2.97741699871625668E-005  2.52160340885177527E-006
 B after wg2 wg2 ==>   42.910850572736258        3.7120059353647918     
 LTM d(wg2)/d(wg2)  0.88290037020975221     
 B before wg2 wg2 ==>    66.047832474165546        5.5936551576730764     
 Q value wg2 wg2 ==>   2.97741699871625668E-005  2.52160340885177527E-006
 B after wg2 wg2 ==>   64.662776140438325        5.5936576792764852     
 LTM d(wg2)/d(wg2)  0.89701165492983737     
 B before wg2 wg2 ==>    43.678058971753025        3.6991372872086350     
 Q value wg2 wg2 ==>   2.97741699871625668E-005  2.52160340885177527E-006
 B after wg2 wg2 ==>   42.762117935028165        3.6991398088120437     
 LTM d(wg2)/d(wg2)  0.89366837250834252     
 B before wg2 wg2 ==>    38.669871617196613        3.2749890301501581     
 Q value wg2 wg2 ==>   2.97741699871625668E-005  2.52160340885177527E-006
 B after wg2 wg2 ==>   37.858957003650453        3.2749915517535668     
 LTM d(wg2)/d(wg2)  0.91181163928128373     
 B before wg2 wg2 ==>    40.252113060097805        3.4089905965335854     
 Q value wg2 wg2 ==>   2.97741699871625668E-005  2.52160340885177527E-006
 B after wg2 wg2 ==>   39.408017347765117        3.4089931181369941     
 LTM d(wg2)/d(wg2)  0.92781109608680079     
 B before wg2 wg2 ==>    7.6571908669617352       0.64849494043610290     
 Q value wg2 wg2 ==>   2.97741699871625668E-005  2.52160340885177527E-006
 B after wg2 wg2 ==>   7.4966414857419883       0.64849746203951175     
 LTM d(wg2)/d(wg2)  0.90982776951809752     
 B before wg2 wg2 ==>    7.5382214211450078       0.63841930238305178     
 Q value wg2 wg2 ==>   2.97741699871625668E-005  2.52160340885177527E-006
 B after wg2 wg2 ==>   7.3801669416685662       0.63842182398646063     
 LTM d(wg2)/d(wg2)  0.90013979696027546     
 B before wg2 wg2 ==>    7.8686785925508094       0.66640604156858285     
 Q value wg2 wg2 ==>   2.97741699871625668E-005  2.52160340885177527E-006
 B after wg2 wg2 ==>   7.7036941138012924       0.66640856317199171     
 LTM d(wg2)/d(wg2)  0.78051594928868429     
 B before wg2 wg2 ==>    9.8365312945691858       0.77597463241714304     
 Q value wg2 wg2 ==>   2.77337176632344430E-005  2.18783031587271753E-006
 B after wg2 wg2 ==>   8.9703049944809532       0.77597682024745895     
 LTM d(wg2)/d(wg2)  0.76782404868750476     
 B before wg2 wg2 ==>    9.5199049199271002       0.75099692154338049     
 Q value wg2 wg2 ==>   2.77337176632344430E-005  2.18783031587271753E-006
 B after wg2 wg2 ==>   8.6815622398582555       0.75099910937369641     
 LTM d(wg2)/d(wg2)  0.77823092602284361     
 B before wg2 wg2 ==>    9.2926975158457612       0.73307320671091614     
 Q value wg2 wg2 ==>   2.77337176632344430E-005  2.18783031587271753E-006
 B after wg2 wg2 ==>   8.4743637972165864       0.73307539454123205     
 LTM d(wg2)/d(wg2)  0.76707714198845811     
 B before wg2 wg2 ==>    14.457466316863599        1.1405064219238885     
 Q value wg2 wg2 ==>   2.77337176632344430E-005  2.18783031587271753E-006
 B after wg2 wg2 ==>   13.184298565856766        1.1405086097542043     
 LTM d(wg2)/d(wg2)  0.76197946008179518     
 B before wg2 wg2 ==>    14.595762752092048        1.1514162154555012     
 Q value wg2 wg2 ==>   2.77337176632344430E-005  2.18783031587271753E-006
 B after wg2 wg2 ==>   13.310415961185885        1.1514184032858170     
 LTM d(wg2)/d(wg2)  0.75149639551208169     
 B before wg2 wg2 ==>    35.734112841675810        2.8189576433698056     
 Q value wg2 wg2 ==>   2.77337176632344430E-005  2.18783031587271753E-006
 B after wg2 wg2 ==>   32.587222702079728        2.8189598312001216     
 LTM d(wg2)/d(wg2)  0.75309931442304889     
 B before wg2 wg2 ==>    35.895514808886816        2.8316901634449576     
 Q value wg2 wg2 ==>   2.77337176632344430E-005  2.18783031587271753E-006
 B after wg2 wg2 ==>   32.734410846676681        2.8316923512752736     
 LTM d(wg2)/d(wg2)  0.75288508309934488     
 B before wg2 wg2 ==>    35.992904732590013        2.8393729642192964     
 Q value wg2 wg2 ==>   2.77337176632344430E-005  2.18783031587271753E-006
 B after wg2 wg2 ==>   32.823224151867514        2.8393751520496124     
 LTM d(wg2)/d(wg2)  0.75601970341891744     
 B before wg2 wg2 ==>    36.350575951530175        2.8675885805104291     
 Q value wg2 wg2 ==>   2.77337176632344430E-005  2.18783031587271753E-006
 B after wg2 wg2 ==>   33.149397147161359        2.8675907683407451     
 LTM d(wg2)/d(wg2)  0.75863268485656976     
 B before wg2 wg2 ==>    36.602426689729917        2.8874563345129429     
 Q value wg2 wg2 ==>   2.77337176632344430E-005  2.18783031587271753E-006
 B after wg2 wg2 ==>   33.379068715058239        2.8874585223432589     
 LTM d(wg2)/d(wg2)  0.77813554893247072     
 B before wg2 wg2 ==>    53.381062589129414        4.2725556344317601     
 Q value wg2 wg2 ==>   2.81386369505465605E-005  2.25218244105860065E-006
 B after wg2 wg2 ==>   49.390840485779137        4.2725578866142015     
 LTM d(wg2)/d(wg2)  0.81438136511553261     
 B before wg2 wg2 ==>    54.004114453562224        4.4102694956823818     
 Q value wg2 wg2 ==>   2.87105044729339884E-005  2.34465583527925338E-006
 B after wg2 wg2 ==>   50.982816089517293        4.4102718403382175     
 LTM d(wg2)/d(wg2)  0.82411503348025361     
 B before wg2 wg2 ==>    54.562435388686012        4.4715934232295780     
 Q value wg2 wg2 ==>   2.88118474121506190E-005  2.36123747925632112E-006
 B after wg2 wg2 ==>   51.691721907251349        4.4715957844670573     
 LTM d(wg2)/d(wg2)  0.84883433555056553     
 B before wg2 wg2 ==>    137.46613048892107        11.376028445966544     
 Q value wg2 wg2 ==>   2.90936028119118281E-005  2.40764508324205215E-006
 B after wg2 wg2 ==>   131.50710655374883        11.376030853611626     
 LTM d(wg2)/d(wg2)  0.90568064143787574     
 B before wg2 wg2 ==>    133.53591320847917        11.271777013028279     
 Q value wg2 wg2 ==>   2.96754184767961874E-005  2.50490442459868871E-006
 B after wg2 wg2 ==>   130.30195937316202        11.271779517932703     
 LTM d(wg2)/d(wg2)  0.97005519771048987     
 B before wg2 wg2 ==>    45.569051044757465        3.9830001693919215     
 Q value wg2 wg2 ==>   3.07286077929626550E-005  2.68585909160881841E-006
 B after wg2 wg2 ==>   46.043579490037040        3.9830028552510131     
 LTM d(wg2)/d(wg2)  0.96732862612630899     
 B before wg2 wg2 ==>    119.71402105048196        10.463701902730625     
 Q value wg2 wg2 ==>   3.07286077929626550E-005  2.68585909160881841E-006
 B after wg2 wg2 ==>   120.96059970176277        10.463704588589717     
 LTM d(wg2)/d(wg2)  0.96926316421357961     
 B before wg2 wg2 ==>    144.28160492846430        12.611051661044531     
 Q value wg2 wg2 ==>   3.07286077929626550E-005  2.68585909160881841E-006
 B after wg2 wg2 ==>   145.78399875092242        12.611054346903623     
 LTM d(wg2)/d(wg2)  0.96942251969799909     
 B before wg2 wg2 ==>    127.45625838062861        11.140418487571473     
 Q value wg2 wg2 ==>   3.07286077929626550E-005  2.68585909160881841E-006
 B after wg2 wg2 ==>   128.78345471811508        11.140421173430566     
 LTM d(wg2)/d(wg2)  0.96655129017338315     
 B before wg2 wg2 ==>    148.87911822254719        13.012901070002552     
 Q value wg2 wg2 ==>   3.07286077929626550E-005  2.68585909160881841E-006
 B after wg2 wg2 ==>   150.42938462605181        13.012903755861645     
 LTM d(wg2)/d(wg2)  0.97147368695947378     
 B before wg2 wg2 ==>    48.230308792523815        4.2156095790049921     
 Q value wg2 wg2 ==>   3.07286077929626550E-005  2.68585909160881841E-006
 B after wg2 wg2 ==>   48.732548147825014        4.2156122648640837     
 LTM d(wg2)/d(wg2)  0.97302197717124794     
 B before wg2 wg2 ==>    67.833531579830918        5.9290452967201306     
 Q value wg2 wg2 ==>   3.07286077929626550E-005  2.68585909160881841E-006
 B after wg2 wg2 ==>   68.539893644873061        5.9290479825792222     
 LTM d(wg2)/d(wg2)  0.97298030458943896     
 B before wg2 wg2 ==>    158.24506274026234        13.831539109314246     
 Q value wg2 wg2 ==>   3.07286077929626550E-005  2.68585909160881841E-006
 B after wg2 wg2 ==>   159.89285402500622        13.831541795173338     
 LTM d(wg2)/d(wg2)  0.97358458407965986     
 B before wg2 wg2 ==>    105.82631960245436        9.2498360013839243     
 Q value wg2 wg2 ==>   3.07286077929626550E-005  2.68585909160881841E-006
 B after wg2 wg2 ==>   106.92828962063430        9.2498386872430167     
 LTM d(wg2)/d(wg2)  0.89762841431475082     
 B before wg2 wg2 ==>    59.286965999061714        5.0210708015763652     
 Q value wg2 wg2 ==>   2.97741699871625668E-005  2.52160340885177527E-006
 B after wg2 wg2 ==>   58.043691426518606        5.0210733231797740     
 LTM d(wg2)/d(wg2)  0.88407023371799776     
 B before wg2 wg2 ==>    44.194020100800842        3.7428345369523872     
 Q value wg2 wg2 ==>   2.97741699871625668E-005  2.52160340885177527E-006
 B after wg2 wg2 ==>   43.267258871450032        3.7428370585557960     
 LTM d(wg2)/d(wg2)  0.88087086905497458     
 B before wg2 wg2 ==>    43.062591114971418        3.6470127159319765     
 Q value wg2 wg2 ==>   2.97741699871625668E-005  2.52160340885177527E-006
 B after wg2 wg2 ==>   42.159557021019062        3.6470152375353853     
 LTM d(wg2)/d(wg2)  0.88052765307984548     
 B before wg2 wg2 ==>    37.512671337429104        3.1769846131859203     
 Q value wg2 wg2 ==>   2.97741699871625668E-005  2.52160340885177527E-006
 B after wg2 wg2 ==>   36.726024307677470        3.1769871347893290     
 LTM d(wg2)/d(wg2)  0.88032969314736287     
 B before wg2 wg2 ==>    37.486403490256144        3.1747599636657795     
 Q value wg2 wg2 ==>   2.97741699871625668E-005  2.52160340885177527E-006
 B after wg2 wg2 ==>   36.700307322091327        3.1747624852691883     
 LTM d(wg2)/d(wg2)  0.88405012252712789     
 B before wg2 wg2 ==>    7.9668802204511779       0.67472283292750668     
 Q value wg2 wg2 ==>   2.97741699871625668E-005  2.52160340885177527E-006
 B after wg2 wg2 ==>   7.7998363607323524       0.67472535453091553     
 LTM d(wg2)/d(wg2)  0.90721492250147728     
 B before wg2 wg2 ==>    9.3048581239447437       0.78803748263469908     
 Q value wg2 wg2 ==>   2.97741699871625668E-005  2.52160340885177527E-006
 B after wg2 wg2 ==>   9.1097556027686508       0.78804000423810794     
 LTM d(wg2)/d(wg2)  0.91029277099655548     
 B before wg2 wg2 ==>    8.7204685022760717       0.73854495731047742     
 Q value wg2 wg2 ==>   2.97741699871625668E-005  2.52160340885177527E-006
 B after wg2 wg2 ==>   8.5376211839031981       0.73854747891388628     
 LTM d(wg2)/d(wg2)  0.90506964378098986     
 B before wg2 wg2 ==>    7.9864868119119095       0.67638333422392105     
 Q value wg2 wg2 ==>   2.97741699871625668E-005  2.52160340885177527E-006
 B after wg2 wg2 ==>   7.8190317834355954       0.67638585582732991     
 LTM d(wg2)/d(wg2)  0.89435245089578586     
 B before wg2 wg2 ==>    7.7412137118587356       0.65561091687491047     
 Q value wg2 wg2 ==>   2.97741699871625668E-005  2.52160340885177527E-006
 B after wg2 wg2 ==>   7.5789022921527884       0.65561343847831932     
 LTM d(wg2)/d(wg2)  0.92006471617831886     
 B before wg2 wg2 ==>    7.9189607793222878       0.67066448886105645     
 Q value wg2 wg2 ==>   2.97741699871625668E-005  2.52160340885177527E-006
 B after wg2 wg2 ==>   7.7529218355832752       0.67066701046446531     
 LTM d(wg2)/d(wg2)  0.92330069495353462     
 B before wg2 wg2 ==>    12.993806295269071        1.1004580904266081     
 Q value wg2 wg2 ==>   2.97741699871625668E-005  2.52160340885177527E-006
 B after wg2 wg2 ==>   12.721343043693517        1.1004606120300169     
 LTM d(wg2)/d(wg2)  0.92145122705229487     
 B before wg2 wg2 ==>    12.949161919094683        1.0966771147958538     
 Q value wg2 wg2 ==>   2.97741699871625668E-005  2.52160340885177527E-006
 B after wg2 wg2 ==>   12.677634902290853        1.0966796363992626     
 LTM d(wg2)/d(wg2)  0.89042331759516768     
 B before wg2 wg2 ==>    43.796288449412799        3.7091502566389227     
 Q value wg2 wg2 ==>   2.97741699871625668E-005  2.52160340885177527E-006
 B after wg2 wg2 ==>   42.877868028776398        3.7091527782423315     
 LTM d(wg2)/d(wg2)  0.91236088556245032     
 B before wg2 wg2 ==>    45.948581911548430        3.8914300828544173     
 Q value wg2 wg2 ==>   2.97741699871625668E-005  2.52160340885177527E-006
 B after wg2 wg2 ==>   44.985025862398970        3.8914326044578260     
 LTM d(wg2)/d(wg2)  0.77225206345033270     
 B before wg2 wg2 ==>    37.942728764571683        2.9931887699322748     
 Q value wg2 wg2 ==>   2.77337176632344430E-005  2.18783031587271753E-006
 B after wg2 wg2 ==>   34.601337433366353        2.9931909577625908     
 LTM d(wg2)/d(wg2)  0.75324998109832331     
 B before wg2 wg2 ==>    36.361354359360291        2.8684388569751249     
 Q value wg2 wg2 ==>   2.77337176632344430E-005  2.18783031587271753E-006
 B after wg2 wg2 ==>   33.159226357285853        2.8684410448054409     
 LTM d(wg2)/d(wg2)  0.76166353846719603     
 B before wg2 wg2 ==>    37.215777048502972        2.9358417159994654     
 Q value wg2 wg2 ==>   2.77337176632344430E-005  2.18783031587271753E-006
 B after wg2 wg2 ==>   33.938404532679705        2.9358439038297814     
 LTM d(wg2)/d(wg2)  0.79113807235994738     
 B before wg2 wg2 ==>    39.971753248596940        3.1532524632207983     
 Q value wg2 wg2 ==>   2.77337176632344430E-005  2.18783031587271753E-006
 B after wg2 wg2 ==>   36.451676399526740        3.1532546510511144     
 LTM d(wg2)/d(wg2)  0.74957736888469917     
 B before wg2 wg2 ==>    30.736642954241553        2.4247221407532931     
 Q value wg2 wg2 ==>   2.77337176632344430E-005  2.18783031587271753E-006
 B after wg2 wg2 ==>   28.029853711347698        2.4247243285836091     
 LTM d(wg2)/d(wg2)  0.74976128013545362     
 B before wg2 wg2 ==>    30.663280884232091        2.4189348257329684     
 Q value wg2 wg2 ==>   2.77337176632344430E-005  2.18783031587271753E-006
 B after wg2 wg2 ==>   27.962952253112260        2.4189370135632844     
 LTM d(wg2)/d(wg2)  0.74989986037376655     
 B before wg2 wg2 ==>    9.9896708973081232       0.78805535918811986     
 Q value wg2 wg2 ==>   2.77337176632344430E-005  2.18783031587271753E-006
 B after wg2 wg2 ==>   9.1099583976020604       0.78805754701843578     
 LTM d(wg2)/d(wg2)  0.75184282012541592     
 B before wg2 wg2 ==>    10.177681155829356       0.80288692804890449     
 Q value wg2 wg2 ==>   2.77337176632344430E-005  2.18783031587271753E-006
 B after wg2 wg2 ==>   9.2814115811977462       0.80288911587922041     
 LTM d(wg2)/d(wg2)  0.75320932518363037     
 B before wg2 wg2 ==>    10.430147659501111       0.82280325795398945     
 Q value wg2 wg2 ==>   2.77337176632344430E-005  2.18783031587271753E-006
 B after wg2 wg2 ==>   9.5116446873391656       0.82280544578430537     
 LTM d(wg2)/d(wg2)  0.74987238993490146     
 B before wg2 wg2 ==>    11.471340087495191       0.90493982494018776     
 Q value wg2 wg2 ==>   2.77337176632344430E-005  2.18783031587271753E-006
 B after wg2 wg2 ==>   10.461144772703637       0.90494201277050368     
 LTM d(wg2)/d(wg2)  0.75990402369931465     
 B before wg2 wg2 ==>    12.177751555791151       0.96066651995399333     
 Q value wg2 wg2 ==>   2.77337176632344430E-005  2.18783031587271753E-006
 B after wg2 wg2 ==>   11.105346297239954       0.96066870778430924     
 LTM d(wg2)/d(wg2)  0.84209822050367866     
 B before wg2 wg2 ==>    51.516910416370301        4.2632889735131618     
 Q value wg2 wg2 ==>   2.90936028119118281E-005  2.40764508324205215E-006
 B after wg2 wg2 ==>   49.283719528033977        4.2632913811582451     
 LTM d(wg2)/d(wg2)  0.84581532421745087     
 B before wg2 wg2 ==>    53.166266746534347        4.3997816823916835     
 Q value wg2 wg2 ==>   2.90936028119118281E-005  2.40764508324205215E-006
 B after wg2 wg2 ==>   50.861577520973491        4.3997840900367668     
 LTM d(wg2)/d(wg2)  0.84005944231834595     
 B before wg2 wg2 ==>    54.460393776414016        4.5068773418988215     
 Q value wg2 wg2 ==>   2.90936028119118281E-005  2.40764508324205215E-006
 B after wg2 wg2 ==>   52.099605132491256        4.5068797495439048     
 LTM d(wg2)/d(wg2)  0.84368715549313189     
 B before wg2 wg2 ==>    78.353304312146989        6.4841384239174067     
 Q value wg2 wg2 ==>   2.90936028119118281E-005  2.40764508324205215E-006
 B after wg2 wg2 ==>   74.956776244597307        6.4841408315624900     
 LTM d(wg2)/d(wg2)  0.84658278383583530     
 B before wg2 wg2 ==>    60.860241773248262        5.0364976389342138     
 Q value wg2 wg2 ==>   2.90936028119118281E-005  2.40764508324205215E-006
 B after wg2 wg2 ==>   58.222024606516285        5.0365000465792971     
 LTM d(wg2)/d(wg2)  0.84733959075325949     
 B before wg2 wg2 ==>    108.89237522990727        9.0114034181250524     
 Q value wg2 wg2 ==>   2.90936028119118281E-005  2.40764508324205215E-006
 B after wg2 wg2 ==>   104.17200176214322        9.0114058257701348     
 LTM d(wg2)/d(wg2)  0.94601981930229406     
 B before wg2 wg2 ==>    59.101735557835383        5.1214672157421575     
 Q value wg2 wg2 ==>   3.04646860373908176E-005  2.63992062679266189E-006
 B after wg2 wg2 ==>   59.204277017817219        5.1214698556627845     
 LTM d(wg2)/d(wg2)  0.97251339342605003     
 B before wg2 wg2 ==>    83.725320581850156        7.3180801095103636     
 Q value wg2 wg2 ==>   3.07286077929626550E-005  2.68585909160881841E-006
 B after wg2 wg2 ==>   84.597159266166528        7.3180827953694552     
 LTM d(wg2)/d(wg2)  0.92697683017965427     
 B before wg2 wg2 ==>    88.364266278672318        7.6417017833024552     
 Q value wg2 wg2 ==>   3.04029659989458205E-005  2.62923474924958071E-006
 B after wg2 wg2 ==>   88.338230562440685        7.6417044125372042     
 LTM d(wg2)/d(wg2)  0.87337343300021342     
 B before wg2 wg2 ==>    125.33799232423571        10.462159465456708     
 Q value wg2 wg2 ==>   2.93454751338267236E-005  2.44951299080545413E-006
 B after wg2 wg2 ==>   120.94276636896541        10.462161914969698     
 LTM d(wg2)/d(wg2)  0.92511118264528047     
 B before wg2 wg2 ==>    119.60514118316125        10.343398515742624     
 Q value wg2 wg2 ==>   3.04029659989458205E-005  2.62923474924958071E-006
 B after wg2 wg2 ==>   119.56988988552764        10.343401144977374     
 LTM d(wg2)/d(wg2)  0.89832365557169602     
 B before wg2 wg2 ==>    134.93051305085029        11.497468699292229     
 Q value wg2 wg2 ==>   2.99567440173566616E-005  2.55262296781207919E-006
 B after wg2 wg2 ==>   132.91095958519233        11.497471251915197     
 LTM d(wg2)/d(wg2)  0.95292032939907101     
 B before wg2 wg2 ==>    41.747995357137960        3.6103477571334071     
 Q value wg2 wg2 ==>   3.04029659989458205E-005  2.62923474924958071E-006
 B after wg2 wg2 ==>   41.735710729524925        3.6103503863681561     
 LTM d(wg2)/d(wg2)  0.88678996169180979     
 B before wg2 wg2 ==>    11.879187642207471        1.0060599528348051     
 Q value wg2 wg2 ==>   2.97741699871625668E-005  2.52160340885177527E-006
 B after wg2 wg2 ==>   11.630098997461037        1.0060624744382138     
 LTM d(wg2)/d(wg2)  0.88289862701312405     
 B before wg2 wg2 ==>    9.4337019326132765       0.79894939007957833     
 Q value wg2 wg2 ==>   2.97741699871625668E-005  2.52160340885177527E-006
 B after wg2 wg2 ==>   9.2358974349704148       0.79895191168298718     
 LTM d(wg2)/d(wg2)  0.88081268734453655     
 B before wg2 wg2 ==>    7.7550121155501905       0.65677951710121696     
 Q value wg2 wg2 ==>   2.97741699871625668E-005  2.52160340885177527E-006
 B after wg2 wg2 ==>   7.5924113302748877       0.65678203870462581     
 LTM d(wg2)/d(wg2)  0.87918037970615781     
 B before wg2 wg2 ==>    6.9693156707779886       0.59023812117600638     
 Q value wg2 wg2 ==>   2.97741699871625668E-005  2.52160340885177527E-006
 B after wg2 wg2 ==>   6.8231916826863159       0.59024064277941524     
 LTM d(wg2)/d(wg2)  0.88052990006852605     
 B before wg2 wg2 ==>    12.141832321039308        1.0283035860828416     
 Q value wg2 wg2 ==>   2.97741699871625668E-005  2.52160340885177527E-006
 B after wg2 wg2 ==>   11.887235769093769        1.0283061076862503     
 LTM d(wg2)/d(wg2)  0.88453587577238768     
 B before wg2 wg2 ==>    15.092513798596034        1.2781996696831857     
 Q value wg2 wg2 ==>   2.97741699871625668E-005  2.52160340885177527E-006
 B after wg2 wg2 ==>   14.776038666719675        1.2782021912865944     
 LTM d(wg2)/d(wg2)  0.90494612803026253     
 B before wg2 wg2 ==>    46.921440574172060        3.9738224290074902     
 Q value wg2 wg2 ==>   2.97741699871625668E-005  2.52160340885177527E-006
 B after wg2 wg2 ==>   45.937482759201920        3.9738249506108989     
 LTM d(wg2)/d(wg2)  0.89438302231349898     
 B before wg2 wg2 ==>    45.719466320284333        3.8720260606364434     
 Q value wg2 wg2 ==>   2.97741699871625668E-005  2.52160340885177527E-006
 B after wg2 wg2 ==>   44.760715041671872        3.8720285822398521     
 LTM d(wg2)/d(wg2)  0.89584011263456864     
 B before wg2 wg2 ==>    45.766629598238481        3.8760203645083258     
 Q value wg2 wg2 ==>   2.97741699871625668E-005  2.52160340885177527E-006
 B after wg2 wg2 ==>   44.806889261102803        3.8760228861117345     
 LTM d(wg2)/d(wg2)  0.88527040781151356     
 B before wg2 wg2 ==>    43.982130976610435        3.7248894409820372     
 Q value wg2 wg2 ==>   2.97741699871625668E-005  2.52160340885177527E-006
 B after wg2 wg2 ==>   43.059813262497514        3.7248919625854460     
 LTM d(wg2)/d(wg2)  0.90587423833862435     
 B before wg2 wg2 ==>    45.558173835445139        3.8583660432533207     
 Q value wg2 wg2 ==>   2.97741699871625668E-005  2.52160340885177527E-006
 B after wg2 wg2 ==>   44.602805012713219        3.8583685648567294     
 LTM d(wg2)/d(wg2)  0.91488486121445955     
 B before wg2 wg2 ==>    46.348758307582933        3.9253214109692798     
 Q value wg2 wg2 ==>   2.97741699871625668E-005  2.52160340885177527E-006
 B after wg2 wg2 ==>   45.376810181112759        3.9253239325726885     
 LTM d(wg2)/d(wg2)  0.89880802424594886     
 B before wg2 wg2 ==>    61.010725266811143        5.1670576501592445     
 Q value wg2 wg2 ==>   2.97741699871625668E-005  2.52160340885177527E-006
 B after wg2 wg2 ==>   59.731301832914404        5.1670601717626532     
 LTM d(wg2)/d(wg2)  0.88652211261220459     
 B before wg2 wg2 ==>    38.331523882148822        3.2463340314569407     
 Q value wg2 wg2 ==>   2.97741699871625668E-005  2.52160340885177527E-006
 B after wg2 wg2 ==>   37.527704740454446        3.2463365530603494     
 LTM d(wg2)/d(wg2)  0.88503761517418000     
 B before wg2 wg2 ==>    7.6823169968341887       0.65062289680784890     
 Q value wg2 wg2 ==>   2.97741699871625668E-005  2.52160340885177527E-006
 B after wg2 wg2 ==>   7.5212406969187136       0.65062541841125776     
 LTM d(wg2)/d(wg2)  0.75696384431734742     
 B before wg2 wg2 ==>    10.040673016650421       0.79207876435239621     
 Q value wg2 wg2 ==>   2.77337176632344430E-005  2.18783031587271753E-006
 B after wg2 wg2 ==>   9.1564690284588153       0.79208095218271213     
 LTM d(wg2)/d(wg2)  0.77535897739520909     
 B before wg2 wg2 ==>    10.582216585692656       0.83479952224368903     
 Q value wg2 wg2 ==>   2.77337176632344430E-005  2.18783031587271753E-006
 B after wg2 wg2 ==>   9.6503217027668793       0.83480171007400494     
 LTM d(wg2)/d(wg2)  0.77600657901692027     
 B before wg2 wg2 ==>    10.950540454753098       0.86385549434865594     
 Q value wg2 wg2 ==>   2.77337176632344430E-005  2.18783031587271753E-006
 B after wg2 wg2 ==>   9.9862092252956653       0.86385768217897185     
 LTM d(wg2)/d(wg2)  0.75407783969689512     
 B before wg2 wg2 ==>    11.134730423885761       0.87838569196735861     
 Q value wg2 wg2 ==>   2.77337176632344430E-005  2.18783031587271753E-006
 B after wg2 wg2 ==>   10.154178552302467       0.87838787979767452     
 LTM d(wg2)/d(wg2)  0.74858514177489399     
 B before wg2 wg2 ==>    10.981427898982002       0.86629211275244855     
 Q value wg2 wg2 ==>   2.77337176632344430E-005  2.18783031587271753E-006
 B after wg2 wg2 ==>   10.014376574714962       0.86629430058276446     
 LTM d(wg2)/d(wg2)  0.74756372347070443     
 B before wg2 wg2 ==>    16.562406549853250        1.3065588823533083     
 Q value wg2 wg2 ==>   2.77337176632344430E-005  2.18783031587271753E-006
 B after wg2 wg2 ==>   15.103867780128992        1.3065610701836241     
 LTM d(wg2)/d(wg2)  0.74645582085069495     
 B before wg2 wg2 ==>    16.743020983398136        1.3208070166276946     
 Q value wg2 wg2 ==>   2.77337176632344430E-005  2.18783031587271753E-006
 B after wg2 wg2 ==>   15.268576450167362        1.3208092044580104     
 LTM d(wg2)/d(wg2)  0.74744536324317445     
 B before wg2 wg2 ==>    36.984045050577720        2.9175610694458762     
 Q value wg2 wg2 ==>   2.77337176632344430E-005  2.18783031587271753E-006
 B after wg2 wg2 ==>   33.727079953384013        2.9175632572761923     
 LTM d(wg2)/d(wg2)  0.77360609623566567     
 B before wg2 wg2 ==>    38.553156866372682        3.0857480192503997     
 Q value wg2 wg2 ==>   2.81386370454126277E-005  2.25218245624453090E-006
 B after wg2 wg2 ==>   35.671324644372639        3.0857502714328557     
 LTM d(wg2)/d(wg2)  0.75788713410093911     
 B before wg2 wg2 ==>    38.935415832793360        3.0714988936741530     
 Q value wg2 wg2 ==>   2.77337176632344430E-005  2.18783031587271753E-006
 B after wg2 wg2 ==>   35.506603770956403        3.0715010815044690     
 LTM d(wg2)/d(wg2)  0.82008753037516324     
 B before wg2 wg2 ==>    93.842912270362262        7.6907738141739088     
 Q value wg2 wg2 ==>   2.88118474121506190E-005  2.36123747925632112E-006
 B after wg2 wg2 ==>   88.905500960360428        7.6907761754113881     
 LTM d(wg2)/d(wg2)  0.84567411264059156     
 B before wg2 wg2 ==>    56.565222653288984        4.6810627437287744     
 Q value wg2 wg2 ==>   2.90936028119118281E-005  2.40764508324205215E-006
 B after wg2 wg2 ==>   54.113191285106765        4.6810651513738577     
 LTM d(wg2)/d(wg2)  0.84142752923902020     
 B before wg2 wg2 ==>    43.308930713419464        3.5840364896279757     
 Q value wg2 wg2 ==>   2.90936028119118281E-005  2.40764508324205215E-006
 B after wg2 wg2 ==>   41.431549476400491        3.5840388972730590     
 LTM d(wg2)/d(wg2)  0.84228281055199927     
 B before wg2 wg2 ==>    55.287272751642931        4.5753058246830509     
 Q value wg2 wg2 ==>   2.90936028119118281E-005  2.40764508324205215E-006
 B after wg2 wg2 ==>   52.890639535668889        4.5753082323281342     
 LTM d(wg2)/d(wg2)  0.84218513847555143     
 B before wg2 wg2 ==>    36.497358786576676        3.0203439224049839     
 Q value wg2 wg2 ==>   2.90936028119118281E-005  2.40764508324205215E-006
 B after wg2 wg2 ==>   34.915253990280590        3.0203463300500673     
 LTM d(wg2)/d(wg2)  0.84082227360767581     
 B before wg2 wg2 ==>    47.523766593538625        3.9328358098443861     
 Q value wg2 wg2 ==>   2.90936028119118281E-005  2.40764508324205215E-006
 B after wg2 wg2 ==>   45.463675440177404        3.9328382174894694     
 LTM d(wg2)/d(wg2)  0.84493205334447330     
 B before wg2 wg2 ==>    17.738419422311640        1.4679453274562486     
 Q value wg2 wg2 ==>   2.90936028119118281E-005  2.40764508324205215E-006
 B after wg2 wg2 ==>   16.969500320405480        1.4679477351013319     
 LTM d(wg2)/d(wg2)  0.92401568616104668     
 B before wg2 wg2 ==>    12.909409857348820        1.1148217276871177     
 Q value wg2 wg2 ==>   3.03599868600416512E-005  2.62180637053696517E-006
 B after wg2 wg2 ==>   12.887388088527331        1.1148243494934882     
 LTM d(wg2)/d(wg2)  0.97064237120413233     
 B before wg2 wg2 ==>    62.575517789776100        5.4694643018057594     
 Q value wg2 wg2 ==>   3.07286077929626550E-005  2.68585909160881841E-006
 B after wg2 wg2 ==>   63.227129672446381        5.4694669876648510     
 LTM d(wg2)/d(wg2)  0.93703719251118112     
 B before wg2 wg2 ==>    46.334502382769251        4.0190309982401935     
 Q value wg2 wg2 ==>   3.04943511348523377E-005  2.64506439434146153E-006
 B after wg2 wg2 ==>   46.460096001353698        4.0190336433045877     
 LTM d(wg2)/d(wg2)  0.87342695384362967     
 B before wg2 wg2 ==>    51.541130669285771        4.3022192879639878     
 Q value wg2 wg2 ==>   2.93454751338267236E-005  2.44951299080545413E-006
 B after wg2 wg2 ==>   49.733755096894775        4.3022217374769784     
 LTM d(wg2)/d(wg2)  0.85925902780905294     
 B before wg2 wg2 ==>    89.175150695043456        7.4435901646980227     
 Q value wg2 wg2 ==>   2.93454751338267236E-005  2.44951299080545413E-006
 B after wg2 wg2 ==>   86.048054866954942        7.4435926142110134     
 LTM d(wg2)/d(wg2)  0.85877974183240646     
 B before wg2 wg2 ==>    140.06681867499057        11.691597779914389     
 Q value wg2 wg2 ==>   2.93454751338267236E-005  2.44951299080545413E-006
 B after wg2 wg2 ==>   135.15509380558782        11.691600229427380     
 LTM d(wg2)/d(wg2)  0.87587199504835722     
 B before wg2 wg2 ==>    128.64416387776612        10.738130807998337     
 Q value wg2 wg2 ==>   2.93454751338267236E-005  2.44951299080545413E-006
 B after wg2 wg2 ==>   124.13299969519458        10.738133257511327     
 LTM d(wg2)/d(wg2)  0.88557541099799508     
 B before wg2 wg2 ==>    46.956512797150758        3.9767927296760637     
 Q value wg2 wg2 ==>   2.97741699871625668E-005  2.52160340885177527E-006
 B after wg2 wg2 ==>   45.971819484510178        3.9767952512794724     
 LTM d(wg2)/d(wg2)  0.88155177502106652     
 B before wg2 wg2 ==>    44.928901383081694        3.8050723473531387     
 Q value wg2 wg2 ==>   2.97741699871625668E-005  2.52160340885177527E-006
 B after wg2 wg2 ==>   43.986728998541430        3.8050748689565475     
 LTM d(wg2)/d(wg2)  0.88121330569368450     
 B before wg2 wg2 ==>    43.847322005420509        3.7134723381226498     
 Q value wg2 wg2 ==>   2.97741699871625668E-005  2.52160340885177527E-006
 B after wg2 wg2 ==>   42.927831362871437        3.7134748597260585     
 LTM d(wg2)/d(wg2)  0.88269952929409601     
 B before wg2 wg2 ==>    43.337306555889256        3.6702786337587812     
 Q value wg2 wg2 ==>   2.97741699871625668E-005  2.52160340885177527E-006
 B after wg2 wg2 ==>   42.428511419446082        3.6702811553621899     
 LTM d(wg2)/d(wg2)  0.88527735944520169     
 B before wg2 wg2 ==>    43.708218790185221        3.7016915515593043     
 Q value wg2 wg2 ==>   2.97741699871625668E-005  2.52160340885177527E-006
 B after wg2 wg2 ==>   42.791645273557080        3.7016940731627130     
 LTM d(wg2)/d(wg2)  0.89993450041994227     
 B before wg2 wg2 ==>    40.248891009059513        3.4087177178980039     
 Q value wg2 wg2 ==>   2.97741699871625668E-005  2.52160340885177527E-006
 B after wg2 wg2 ==>   39.404862866182967        3.4087202395014127     
 LTM d(wg2)/d(wg2)  0.88997627949611202     
 B before wg2 wg2 ==>    39.695580400032838        3.3618573043759117     
 Q value wg2 wg2 ==>   2.97741699871625668E-005  2.52160340885177527E-006
 B after wg2 wg2 ==>   38.863155703684718        3.3618598259793204     
 LTM d(wg2)/d(wg2)  0.88869830476099509     
 B before wg2 wg2 ==>    10.633291641735685       0.90054380903569975     
 Q value wg2 wg2 ==>   2.97741699871625668E-005  2.52160340885177527E-006
 B after wg2 wg2 ==>   10.410330613893031       0.90054633063910861     
 LTM d(wg2)/d(wg2)  0.89547798270434775     
 B before wg2 wg2 ==>    10.162772717001976       0.86069510376366887     
 Q value wg2 wg2 ==>   2.97741699871625668E-005  2.52160340885177527E-006
 B after wg2 wg2 ==>   9.9496789158032524       0.86069762536707772     
 LTM d(wg2)/d(wg2)  0.88814282227257157     
 B before wg2 wg2 ==>    9.0486288636784327       0.76633717742338081     
 Q value wg2 wg2 ==>   2.97741699871625668E-005  2.52160340885177527E-006
 B after wg2 wg2 ==>   8.8588997123094835       0.76633969902678967     
 LTM d(wg2)/d(wg2)  0.91584276587199576     
 B before wg2 wg2 ==>    9.0558438701067789       0.76694822333372692     
 Q value wg2 wg2 ==>   2.97741699871625668E-005  2.52160340885177527E-006
 B after wg2 wg2 ==>   8.8659634132325174       0.76695074493713578     
 LTM d(wg2)/d(wg2)  0.90524472278281065     
 B before wg2 wg2 ==>    9.0599705712275131       0.76729771766447885     
 Q value wg2 wg2 ==>   2.97741699871625668E-005  2.52160340885177527E-006
 B after wg2 wg2 ==>   8.8700035735296847       0.76730023926788771     
 LTM d(wg2)/d(wg2)  0.90312976709555948     
 B before wg2 wg2 ==>    8.4548773753666371       0.71605178650959966     
 Q value wg2 wg2 ==>   2.97741699871625668E-005  2.52160340885177527E-006
 B after wg2 wg2 ==>   8.2775997539943997       0.71605430811300852     
 LTM d(wg2)/d(wg2)  0.90784332292409076     
 B before wg2 wg2 ==>    14.419319038247240        1.2211861508093236     
 Q value wg2 wg2 ==>   2.97741699871625668E-005  2.52160340885177527E-006
 B after wg2 wg2 ==>   14.116961436881747        1.2211886724127323     
 LTM d(wg2)/d(wg2)  0.89803086442156932     
 B before wg2 wg2 ==>    13.511561682512085        1.1443072976416628     
 Q value wg2 wg2 ==>   2.97741699871625668E-005  2.52160340885177527E-006
 B after wg2 wg2 ==>   13.228240611020075        1.1443098192450716     
 LTM d(wg2)/d(wg2)  0.79709847083315033     
 B before wg2 wg2 ==>    38.453111397093529        3.1287640474998852     
 Q value wg2 wg2 ==>   2.86051263600042045E-005  2.32747592269314131E-006
 B after wg2 wg2 ==>   36.168591519343728        3.1287663749758079     
 LTM d(wg2)/d(wg2)  0.76083089714948715     
 B before wg2 wg2 ==>    37.085592934309474        2.9255718792925336     
 Q value wg2 wg2 ==>   2.77337176632344430E-005  2.18783031587271753E-006
 B after wg2 wg2 ==>   33.819685048925905        2.9255740671228496     
 LTM d(wg2)/d(wg2)  0.75094385391907459     
 B before wg2 wg2 ==>    36.226054694782270        2.8577654697471435     
 Q value wg2 wg2 ==>   2.77337176632344430E-005  2.18783031587271753E-006
 B after wg2 wg2 ==>   33.035841822772753        2.8577676575774595     
 LTM d(wg2)/d(wg2)  0.75024665404624535     
 B before wg2 wg2 ==>    36.692863598259372        2.8945906326462527     
 Q value wg2 wg2 ==>   2.77337176632344430E-005  2.18783031587271753E-006
 B after wg2 wg2 ==>   33.461541320563306        2.8945928204765687     
 LTM d(wg2)/d(wg2)  0.74919186845517538     
 B before wg2 wg2 ==>    37.189130936835980        2.9337396836786249     
 Q value wg2 wg2 ==>   2.77337176632344430E-005  2.18783031587271753E-006
 B after wg2 wg2 ==>   33.914105003964167        2.9337418715089409     
 LTM d(wg2)/d(wg2)  0.74653881251178722     
 B before wg2 wg2 ==>    37.135307927128821        2.9294937468821698     
 Q value wg2 wg2 ==>   2.77337176632344430E-005  2.18783031587271753E-006
 B after wg2 wg2 ==>   33.865021903724980        2.9294959347124858     
 LTM d(wg2)/d(wg2)  0.83815661835408040     
 B before wg2 wg2 ==>    36.060688128686124        2.9842071823366210     
 Q value wg2 wg2 ==>   2.90936028119118281E-005  2.40764508324205215E-006
 B after wg2 wg2 ==>   34.497512671904452        2.9842095899817043     
 LTM d(wg2)/d(wg2)  0.83978848527422567     
 B before wg2 wg2 ==>    36.333491705507001        3.0067830796797543     
 Q value wg2 wg2 ==>   2.90936028119118281E-005  2.40764508324205215E-006
 B after wg2 wg2 ==>   34.758490422022575        3.0067854873248376     
 LTM d(wg2)/d(wg2)  0.83930928356015866     
 B before wg2 wg2 ==>    11.510175972820054       0.95252618822666679     
 Q value wg2 wg2 ==>   2.90936028119118281E-005  2.40764508324205215E-006
 B after wg2 wg2 ==>   11.011246467657960       0.95252859587174998     
 LTM d(wg2)/d(wg2)  0.84435227909794153     
 B before wg2 wg2 ==>    10.831784029872853       0.89638577012488685     
 Q value wg2 wg2 ==>   2.90936028119118281E-005  2.40764508324205215E-006
 B after wg2 wg2 ==>   10.362262297318891       0.89638817776997004     
 LTM d(wg2)/d(wg2)  0.83995311687496865     
 B before wg2 wg2 ==>    12.290954635917364        1.0171396333699021     
 Q value wg2 wg2 ==>   2.90936028119118281E-005  2.40764508324205215E-006
 B after wg2 wg2 ==>   11.758178972026004        1.0171420410149854     
 LTM d(wg2)/d(wg2)  0.83996888840215711     
 B before wg2 wg2 ==>    12.351996860865937        1.0221911910514214     
 Q value wg2 wg2 ==>   2.90936028119118281E-005  2.40764508324205215E-006
 B after wg2 wg2 ==>   11.816575063143764        1.0221935986965047     
 LTM d(wg2)/d(wg2)  0.83884963983054095     
 B before wg2 wg2 ==>    53.396529631134925        4.4188371189268496     
 Q value wg2 wg2 ==>   2.90936028119118281E-005  2.40764508324205215E-006
 B after wg2 wg2 ==>   51.081858685388816        4.4188395265719329     
 LTM d(wg2)/d(wg2)  0.84095675863261599     
 B before wg2 wg2 ==>    12.850264544766443        1.0634254014390838     
 Q value wg2 wg2 ==>   2.90936028119118281E-005  2.40764508324205215E-006
 B after wg2 wg2 ==>   12.293243223496765        1.0634278090841671     
 LTM d(wg2)/d(wg2)  0.84467324643180597     
 B before wg2 wg2 ==>    18.910607229641816        1.5649498899093826     
 Q value wg2 wg2 ==>   2.90936028119118281E-005  2.40764508324205215E-006
 B after wg2 wg2 ==>   18.090874681540768        1.5649522975544659     
 LTM d(wg2)/d(wg2)  0.84243602921962613     
 B before wg2 wg2 ==>    18.711721606504373        1.5484910829417444     
 Q value wg2 wg2 ==>   2.90936028119118281E-005  2.40764508324205215E-006
 B after wg2 wg2 ==>   17.900610598268386        1.5484934905868277     
 LTM d(wg2)/d(wg2)  0.85289299219741366     
 B before wg2 wg2 ==>    46.375977913607365        3.8378504005190779     
 Q value wg2 wg2 ==>   2.90936028119118281E-005  2.40764508324205215E-006
 B after wg2 wg2 ==>   44.365642522903002        3.8378528081641612     
 LTM d(wg2)/d(wg2)  0.92698590554435867     
 B before wg2 wg2 ==>    65.731776446554463        5.6317729439370847     
 Q value wg2 wg2 ==>   3.01212029042410758E-005  2.58072708095562267E-006
 B after wg2 wg2 ==>   65.103419069373913        5.6317755246641656     
 LTM d(wg2)/d(wg2)  0.97017388065341381     
 B before wg2 wg2 ==>    130.90319837081472        11.441701096053061     
 Q value wg2 wg2 ==>   3.07286077929626550E-005  2.68585909160881841E-006
 B after wg2 wg2 ==>   132.26628670109980        11.441703781912153     
 LTM d(wg2)/d(wg2)  0.91170499343273559     
 B before wg2 wg2 ==>    60.192941726402147        5.1290582668785651     
 Q value wg2 wg2 ==>   2.99567440173566616E-005  2.55262296781207919E-006
 B after wg2 wg2 ==>   59.292028686499719        5.1290608195015333     
 LTM d(wg2)/d(wg2)  0.86240834387252241     
 B before wg2 wg2 ==>    94.274507505163598        7.8692415025679336     
 Q value wg2 wg2 ==>   2.93454751338267236E-005  2.44951299080545413E-006
 B after wg2 wg2 ==>   90.968591437601901        7.8692439520809243     
 LTM d(wg2)/d(wg2)  0.85344689866718249     
 B before wg2 wg2 ==>    58.003726978052320        4.8416623721349934     
 Q value wg2 wg2 ==>   2.93454751338267236E-005  2.44951299080545413E-006
 B after wg2 wg2 ==>   55.969726154167120        4.8416648216479841     
 LTM d(wg2)/d(wg2)  0.85496182670126331     
 B before wg2 wg2 ==>    87.701135654143400        7.3205518095559938     
 Q value wg2 wg2 ==>   2.93454751338267236E-005  2.44951299080545413E-006
 B after wg2 wg2 ==>   84.625729427786169        7.3205542590689845     
 LTM d(wg2)/d(wg2)  0.85702574144695864     
 B before wg2 wg2 ==>    55.126407803424499        4.6014880125513526     
 Q value wg2 wg2 ==>   2.93454751338267236E-005  2.44951299080545413E-006
 B after wg2 wg2 ==>   53.193306548447012        4.6014904620643433     
 LTM d(wg2)/d(wg2)  0.88371580779072834     
 B before wg2 wg2 ==>    18.205482414760446        1.5418400088615152     
 Q value wg2 wg2 ==>   2.97741699871625668E-005  2.52160340885177527E-006
 B after wg2 wg2 ==>   17.823725388242934        1.5418425304649239     
 LTM d(wg2)/d(wg2)  0.88258732625228031     
 B before wg2 wg2 ==>    60.139331342350069        5.0932584513462746     
 Q value wg2 wg2 ==>   2.97741699871625668E-005  2.52160340885177527E-006
 B after wg2 wg2 ==>   58.878181862797817        5.0932609729496834     
 LTM d(wg2)/d(wg2)  0.88323161979576303     
 B before wg2 wg2 ==>    9.8420799455841106       0.83353532110809614     
 Q value wg2 wg2 ==>   2.97741699871625668E-005  2.52160340885177527E-006
 B after wg2 wg2 ==>   9.6357113749602075       0.83353784271150499     
 LTM d(wg2)/d(wg2)  0.88496259676344313     
 B before wg2 wg2 ==>    9.0744793872666900       0.76852648340332452     
 Q value wg2 wg2 ==>   2.97741699871625668E-005  2.52160340885177527E-006
 B after wg2 wg2 ==>   8.8842081259810062       0.76852900500673338     
 LTM d(wg2)/d(wg2)  0.88430790081625155     
 B before wg2 wg2 ==>    9.3574341739177207       0.79249019943227839     
 Q value wg2 wg2 ==>   2.97741699871625668E-005  2.52160340885177527E-006
 B after wg2 wg2 ==>   9.1612290832723549       0.79249272103568724     
 LTM d(wg2)/d(wg2)  0.88462928792351458     
 B before wg2 wg2 ==>    11.154345258065167       0.94467234647931164     
 Q value wg2 wg2 ==>   2.97741699871625668E-005  2.52160340885177527E-006
 B after wg2 wg2 ==>   10.920457243324224       0.94467486808272050     
 LTM d(wg2)/d(wg2)  0.88476721435883543     
 B before wg2 wg2 ==>    18.441684454459281        1.5618441892883457     
 Q value wg2 wg2 ==>   2.97741699871625668E-005  2.52160340885177527E-006
 B after wg2 wg2 ==>   18.054974047882112        1.5618467108917544     
 LTM d(wg2)/d(wg2)  0.89136467018773491     
 B before wg2 wg2 ==>    17.081321389907124        1.4466337185235931     
 Q value wg2 wg2 ==>   2.97741699871625668E-005  2.52160340885177527E-006
 B after wg2 wg2 ==>   16.723139082775823        1.4466362401270019     
 LTM d(wg2)/d(wg2)  0.88622176163966548     
 B before wg2 wg2 ==>    45.557046091694033        3.8582705335384131     
 Q value wg2 wg2 ==>   2.97741699871625668E-005  2.52160340885177527E-006
 B after wg2 wg2 ==>   44.601700918814664        3.8582730551418218     
 LTM d(wg2)/d(wg2)  0.89437896592825106     
 B before wg2 wg2 ==>    46.107682732156405        3.9049044860626063     
 Q value wg2 wg2 ==>   2.97741699871625668E-005  2.52160340885177527E-006
 B after wg2 wg2 ==>   45.140790188397169        3.9049070076660151     
 LTM d(wg2)/d(wg2)  0.88090938725432499     
 B before wg2 wg2 ==>    44.213878231268687        3.7445163413319125     
 Q value wg2 wg2 ==>   2.97741699871625668E-005  2.52160340885177527E-006
 B after wg2 wg2 ==>   43.286700558149619        3.7445188629353212     
 LTM d(wg2)/d(wg2)  0.91093410953868781     
 B before wg2 wg2 ==>    45.903807924515107        3.8876381303539853     
 Q value wg2 wg2 ==>   2.97741699871625668E-005  2.52160340885177527E-006
 B after wg2 wg2 ==>   44.941190828199609        3.8876406519573941     
 LTM d(wg2)/d(wg2)  0.89869319256966052     
 B before wg2 wg2 ==>    44.658073193077719        3.7821356445862224     
 Q value wg2 wg2 ==>   2.97741699871625668E-005  2.52160340885177527E-006
 B after wg2 wg2 ==>   43.721580331701901        3.7821381661896312     
 LTM d(wg2)/d(wg2)  0.91145058993730643     
 B before wg2 wg2 ==>    45.978504176280616        3.8939642285512339     
 Q value wg2 wg2 ==>   2.97741699871625668E-005  2.52160340885177527E-006
 B after wg2 wg2 ==>   45.014320628953527        3.8939667501546427     
 LTM d(wg2)/d(wg2)  0.84252467317439406     
 B before wg2 wg2 ==>    35.279663118892401        2.9367317311556649     
 Q value wg2 wg2 ==>   2.92645863923098242E-005  2.43602778087243465E-006
 B after wg2 wg2 ==>   33.948695991908131        2.9367341671834457     
 LTM d(wg2)/d(wg2)  0.74838534455217198     
 B before wg2 wg2 ==>    29.868590260994804        2.3562440513344396     
 Q value wg2 wg2 ==>   2.77337176632344430E-005  2.18783031587271753E-006
 B after wg2 wg2 ==>   27.238245854645790        2.3562462391647556     
 LTM d(wg2)/d(wg2)  0.74373519236392449     
 B before wg2 wg2 ==>    7.6247347329078705       0.60149259474353545     
 Q value wg2 wg2 ==>   2.77337176632344430E-005  2.18783031587271753E-006
 B after wg2 wg2 ==>   6.9532897265614197       0.60149478257385136     
 LTM d(wg2)/d(wg2)  0.75048912312809457     
 B before wg2 wg2 ==>    8.7271288829031910       0.68845718314409454     
 Q value wg2 wg2 ==>   2.77337176632344430E-005  2.18783031587271753E-006
 B after wg2 wg2 ==>   7.9586018200640867       0.68845937097441046     
 LTM d(wg2)/d(wg2)  0.74946456342972867     
 B before wg2 wg2 ==>    10.519323310502358       0.82983805924054221     
 Q value wg2 wg2 ==>   2.77337176632344430E-005  2.18783031587271753E-006
 B after wg2 wg2 ==>   9.5929671076349425       0.82984024707085813     
 LTM d(wg2)/d(wg2)  0.82331032839126339     
 B before wg2 wg2 ==>    11.600117753203527       0.95067256225643959     
 Q value wg2 wg2 ==>   2.88118474121506190E-005  2.36123747925632112E-006
 B after wg2 wg2 ==>   10.989817984029173       0.95067492349391880     
 LTM d(wg2)/d(wg2)  0.83357016323484556     
 B before wg2 wg2 ==>    12.535601294039964        1.0373854010518377     
 Q value wg2 wg2 ==>   2.90936028119118281E-005  2.40764508324205215E-006
 B after wg2 wg2 ==>   11.992220384366712        1.0373878086969210     
 LTM d(wg2)/d(wg2)  0.84013835735762254     
 B before wg2 wg2 ==>    12.590391022522695        1.0419195325324395     
 Q value wg2 wg2 ==>   2.90936028119118281E-005  2.40764508324205215E-006
 B after wg2 wg2 ==>   12.044635019965114        1.0419219401775228     
 LTM d(wg2)/d(wg2)  0.84506003167805310     
 B before wg2 wg2 ==>    18.044784655097100        1.4932986242328932     
 Q value wg2 wg2 ==>   2.90936028119118281E-005  2.40764508324205215E-006
 B after wg2 wg2 ==>   17.262584854334683        1.4933010318779765     
 LTM d(wg2)/d(wg2)  0.81390800851833089     
 B before wg2 wg2 ==>    17.926550044592620        1.4530159769191824     
 Q value wg2 wg2 ==>   2.84954956818217237E-005  2.30966975758996054E-006
 B after wg2 wg2 ==>   16.796915646403431        1.4530182865889401     
 LTM d(wg2)/d(wg2)  0.83181636970194028     
 B before wg2 wg2 ==>    42.223586279985405        3.4603790935970591     
 Q value wg2 wg2 ==>   2.88118474121506190E-005  2.36123747925632112E-006
 B after wg2 wg2 ==>   40.002067377750606        3.4603814548345384     
 LTM d(wg2)/d(wg2)  0.83584022883234965     
 B before wg2 wg2 ==>    43.985129338558501        3.6399953994143042     
 Q value wg2 wg2 ==>   2.90936028119118281E-005  2.40764508324205215E-006
 B after wg2 wg2 ==>   42.078435407583250        3.6399978070593875     
 LTM d(wg2)/d(wg2)  0.83614583389875030     
 B before wg2 wg2 ==>    44.159978171329485        3.6544650385048363     
 Q value wg2 wg2 ==>   2.90936028119118281E-005  2.40764508324205215E-006
 B after wg2 wg2 ==>   42.245704676993569        3.6544674461499196     
 LTM d(wg2)/d(wg2)  0.83581840714575772     
 B before wg2 wg2 ==>    44.045560235968274        3.6449963666016667     
 Q value wg2 wg2 ==>   2.90936028119118281E-005  2.40764508324205215E-006
 B after wg2 wg2 ==>   42.136246671744111        3.6449987742467500     
 LTM d(wg2)/d(wg2)  0.84525495002484941     
 B before wg2 wg2 ==>    44.788127799303361        3.7064476469534684     
 Q value wg2 wg2 ==>   2.90936028119118281E-005  2.40764508324205215E-006
 B after wg2 wg2 ==>   42.846624498341079        3.7064500545985517     
 LTM d(wg2)/d(wg2)  0.85665674200385211     
 B before wg2 wg2 ==>    45.577105444598452        3.7717395999908168     
 Q value wg2 wg2 ==>   2.90936028119118281E-005  2.40764508324205215E-006
 B after wg2 wg2 ==>   43.601400565290561        3.7717420076359001     
 LTM d(wg2)/d(wg2)  0.85128002315850126     
 B before wg2 wg2 ==>    55.502213857984735        4.5930933053610570     
 Q value wg2 wg2 ==>   2.90936028119118281E-005  2.40764508324205215E-006
 B after wg2 wg2 ==>   53.096263109211030        4.5930957130061403     
 LTM d(wg2)/d(wg2)  0.85174978837589077     
 B before wg2 wg2 ==>    56.283339825345358        4.6577354917161440     
 Q value wg2 wg2 ==>   2.90936028119118281E-005  2.40764508324205215E-006
 B after wg2 wg2 ==>   53.843527862467816        4.6577378993612273     
 LTM d(wg2)/d(wg2)  0.91607873398743389     
 B before wg2 wg2 ==>    8.6492808967729147       0.73406593192603942     
 Q value wg2 wg2 ==>   2.98371688089162803E-005  2.53228556097924718E-006
 B after wg2 wg2 ==>   8.4858436991821282       0.73406846421160044     
 LTM d(wg2)/d(wg2)  0.92139138188972192     
 B before wg2 wg2 ==>    102.76549035927601        8.8871131285562690     
 Q value wg2 wg2 ==>   3.04029659989458205E-005  2.62923474924958071E-006
 B after wg2 wg2 ==>   102.73520650168443        8.8871157577910189     
 LTM d(wg2)/d(wg2)  0.86995725563964577     
 B before wg2 wg2 ==>    52.453823864818681        4.3784032253131757     
 Q value wg2 wg2 ==>   2.93454751338267236E-005  2.44951299080545413E-006
 B after wg2 wg2 ==>   50.614442684295533        4.3784056748261664     
 LTM d(wg2)/d(wg2)  0.85859827622750184     
 B before wg2 wg2 ==>    132.54132405654570        11.063432901136586     
 Q value wg2 wg2 ==>   2.93454751338267236E-005  2.44951299080545413E-006
 B after wg2 wg2 ==>   127.89349732173784        11.063435350649577     
 LTM d(wg2)/d(wg2)  0.85733440561698360     
 B before wg2 wg2 ==>    51.328474889917629        4.2844685754007523     
 Q value wg2 wg2 ==>   2.93454751338267236E-005  2.44951299080545413E-006
 B after wg2 wg2 ==>   49.528556563373108        4.2844710249137430     
 LTM d(wg2)/d(wg2)  0.85472551820894838     
 B before wg2 wg2 ==>    38.710426423237060        3.2312202126874512     
 Q value wg2 wg2 ==>   2.93454751338267236E-005  2.44951299080545413E-006
 B after wg2 wg2 ==>   37.352987909836450        3.2312226622004419     
 LTM d(wg2)/d(wg2)  0.85644217523330168     
 B before wg2 wg2 ==>    53.331166088173859        4.4516363613823682     
 Q value wg2 wg2 ==>   2.93454751338267236E-005  2.44951299080545413E-006
 B after wg2 wg2 ==>   51.461018959645465        4.4516388108953588     
 LTM d(wg2)/d(wg2)  0.88638671748241082     
 B before wg2 wg2 ==>    20.871839871149586        1.7676564146302438     
 Q value wg2 wg2 ==>   2.97741699871625668E-005  2.52160340885177527E-006
 B after wg2 wg2 ==>   20.434166808203116        1.7676589362336526     
 LTM d(wg2)/d(wg2)  0.88476486566462453     
 B before wg2 wg2 ==>    47.174157056983070        3.9952252336802663     
 Q value wg2 wg2 ==>   2.97741699871625668E-005  2.52160340885177527E-006
 B after wg2 wg2 ==>   46.184899538469729        3.9952277552836750     
 LTM d(wg2)/d(wg2)  0.88308078849370586     
 B before wg2 wg2 ==>    46.473258575680781        3.9358654597395346     
 Q value wg2 wg2 ==>   2.97741699871625668E-005  2.52160340885177527E-006
 B after wg2 wg2 ==>   45.498699560895659        3.9358679813429434     
 LTM d(wg2)/d(wg2)  0.88471520957646288     
 B before wg2 wg2 ==>    46.184078855975208        3.9113745480770175     
 Q value wg2 wg2 ==>   2.97741699871625668E-005  2.52160340885177527E-006
 B after wg2 wg2 ==>   45.215584213280493        3.9113770696804262     
 LTM d(wg2)/d(wg2)  0.88384042949599284     
 B before wg2 wg2 ==>    46.560000250666917        3.9432116965424031     
 Q value wg2 wg2 ==>   2.97741699871625668E-005  2.52160340885177527E-006
 B after wg2 wg2 ==>   45.583622180958457        3.9432142181458119     
 LTM d(wg2)/d(wg2)  0.88173280486691397     
 B before wg2 wg2 ==>    46.530691108583646        3.9407294767989285     
 Q value wg2 wg2 ==>   2.97741699871625668E-005  2.52160340885177527E-006
 B after wg2 wg2 ==>   45.554927679291268        3.9407319984023372     
 LTM d(wg2)/d(wg2)  0.89087143134449398     
 B before wg2 wg2 ==>    47.094370553948302        3.9884680371532233     
 Q value wg2 wg2 ==>   2.97741699871625668E-005  2.52160340885177527E-006
 B after wg2 wg2 ==>   46.106786233827599        3.9884705587566320     
 LTM d(wg2)/d(wg2)  0.88818437280887574     
 B before wg2 wg2 ==>    39.422281693453215        3.3387113711578538     
 Q value wg2 wg2 ==>   2.97741699871625668E-005  2.52160340885177527E-006
 B after wg2 wg2 ==>   38.595588329337559        3.3387138927612625     
 LTM d(wg2)/d(wg2)  0.89659263567352587     
 B before wg2 wg2 ==>    40.093063972123645        3.3955205746124593     
 Q value wg2 wg2 ==>   2.97741699871625668E-005  2.52160340885177527E-006
 B after wg2 wg2 ==>   39.252303669518497        3.3955230962158680     
 LTM d(wg2)/d(wg2)  0.88598727100031360     
 B before wg2 wg2 ==>    11.859004862206735        1.0043506535706475     
 Q value wg2 wg2 ==>   2.97741699871625668E-005  2.52160340885177527E-006
 B after wg2 wg2 ==>   11.610339469436159        1.0043531751740562     
 LTM d(wg2)/d(wg2)  0.90224524186765420     
 B before wg2 wg2 ==>    11.030812625412631       0.93421024769585692     
 Q value wg2 wg2 ==>   2.97741699871625668E-005  2.52160340885177527E-006
 B after wg2 wg2 ==>   10.799515206756626       0.93421276929926578     
 LTM d(wg2)/d(wg2)  0.91966622659698127     
 B before wg2 wg2 ==>    9.9671747648947768       0.84412972299871059     
 Q value wg2 wg2 ==>   2.97741699871625668E-005  2.52160340885177527E-006
 B after wg2 wg2 ==>   9.7581828376549442       0.84413224460211944     
 LTM d(wg2)/d(wg2)  0.88660326778012322     
 B before wg2 wg2 ==>    9.1681802903713407       0.77646210400275850     
 Q value wg2 wg2 ==>   2.97741699871625668E-005  2.52160340885177527E-006
 B after wg2 wg2 ==>   8.9759440325699522       0.77646462560616736     
 LTM d(wg2)/d(wg2)  0.88797009557149453     
 B before wg2 wg2 ==>    8.7142435535090321       0.73801776034620725     
 Q value wg2 wg2 ==>   2.97741699871625668E-005  2.52160340885177527E-006
 B after wg2 wg2 ==>   8.5315267781963904       0.73802028194961611     
 LTM d(wg2)/d(wg2)  0.79408740528242416     
 B before wg2 wg2 ==>    8.4716098089568526       0.68929840087569605     
 Q value wg2 wg2 ==>   2.86051263600042045E-005  2.32747592269314131E-006
 B after wg2 wg2 ==>   7.9683279253883512       0.68930072835161871     
 LTM d(wg2)/d(wg2)  0.74166678895795113     
 B before wg2 wg2 ==>    12.965184653306617        1.0227847697820611     
 Q value wg2 wg2 ==>   2.77337176632344430E-005  2.18783031587271753E-006
 B after wg2 wg2 ==>   11.823434302115453        1.0227869576123769     
 LTM d(wg2)/d(wg2)  0.81728360747181716     
 B before wg2 wg2 ==>    12.438830663076605        1.0245343999043208     
 Q value wg2 wg2 ==>   2.89567311206786931E-005  2.38504469957769137E-006
 B after wg2 wg2 ==>   11.843662335334752        1.0245367849490203     
 LTM d(wg2)/d(wg2)  0.82456071237432882     
 B before wg2 wg2 ==>    41.255729238343825        3.3980616782001629     
 Q value wg2 wg2 ==>   2.89567311206786931E-005  2.38504469957769137E-006
 B after wg2 wg2 ==>   39.281677290786888        3.3980640632448624     
 LTM d(wg2)/d(wg2)  0.78277821732769493     
 B before wg2 wg2 ==>    40.961571715181599        3.2929482437681599     
 Q value wg2 wg2 ==>   2.82625170000660235E-005  2.27205651108699338E-006
 B after wg2 wg2 ==>   38.066562928079172        3.2929505158246708     
 LTM d(wg2)/d(wg2)  0.75999051825855235     
 B before wg2 wg2 ==>    40.508091102270413        3.1955625577442048     
 Q value wg2 wg2 ==>   2.77337176632344430E-005  2.18783031587271753E-006
 B after wg2 wg2 ==>   36.940781798447347        3.1955647455745209     
 LTM d(wg2)/d(wg2)  0.78006509281154301     
 B before wg2 wg2 ==>    41.128902367385074        3.3064001489131423     
 Q value wg2 wg2 ==>   2.82625170000660235E-005  2.27205651108699338E-006
 B after wg2 wg2 ==>   38.222067176091166        3.3064024209696532     
 LTM d(wg2)/d(wg2)  0.78284481674042172     
 B before wg2 wg2 ==>    41.242098025345733        3.3155000791032130     
 Q value wg2 wg2 ==>   2.82625170000660235E-005  2.27205651108699338E-006
 B after wg2 wg2 ==>   38.327262520982252        3.3155023511597239     
 LTM d(wg2)/d(wg2)  0.86673275351589274     
 B before wg2 wg2 ==>    46.173890339486569        3.8211266156595061     
 Q value wg2 wg2 ==>   2.90936028119118281E-005  2.40764508324205215E-006
 B after wg2 wg2 ==>   44.172315290776915        3.8211290233045894     
 LTM d(wg2)/d(wg2)  0.77921332575239588     
 B before wg2 wg2 ==>    34.065006766647805        2.7385253912170606     
 Q value wg2 wg2 ==>   2.82625170000660235E-005  2.27205651108699338E-006
 B after wg2 wg2 ==>   31.657425498294213        2.7385276632735716     
 LTM d(wg2)/d(wg2)  0.75408140750509167     
 B before wg2 wg2 ==>    33.142188712986055        2.6144884750438133     
 Q value wg2 wg2 ==>   2.77337176632344430E-005  2.18783031587271753E-006
 B after wg2 wg2 ==>   30.223555703280581        2.6144906628741293     
 LTM d(wg2)/d(wg2)  0.83501213367445137     
 B before wg2 wg2 ==>    13.674959797425768        1.1316731699631433     
 Q value wg2 wg2 ==>   2.90936028119118281E-005  2.40764508324205215E-006
 B after wg2 wg2 ==>   13.082188566810395        1.1316755776082266     
 LTM d(wg2)/d(wg2)  0.79599382901474169     
 B before wg2 wg2 ==>    14.514240762795586        1.1764351486227846     
 Q value wg2 wg2 ==>   2.84954954721335405E-005  2.30966972359789013E-006
 B after wg2 wg2 ==>   13.599636654675347        1.1764374582925083     
 LTM d(wg2)/d(wg2)  0.79655363529879031     
 B before wg2 wg2 ==>    14.295439379020596        1.1587004532538054     
 Q value wg2 wg2 ==>   2.84954954721335405E-005  2.30966972359789013E-006
 B after wg2 wg2 ==>   13.394623280186634        1.1587027629235291     
 LTM d(wg2)/d(wg2)  0.84450042162585137     
 B before wg2 wg2 ==>    12.282490913163873        1.0164392168348615     
 Q value wg2 wg2 ==>   2.90936028119118281E-005  2.40764508324205215E-006
 B after wg2 wg2 ==>   11.750082145189747        1.0164416244799448     
 LTM d(wg2)/d(wg2)  0.85817091270607215     
 B before wg2 wg2 ==>    13.119155568045578        1.0856775148782922     
 Q value wg2 wg2 ==>   2.90936028119118281E-005  2.40764508324205215E-006
 B after wg2 wg2 ==>   12.550478026280993        1.0856799225233755     
 LTM d(wg2)/d(wg2)  0.83815293515107325     
 B before wg2 wg2 ==>    13.007621687141482        1.0764475132965112     
 Q value wg2 wg2 ==>   2.90936028119118281E-005  2.40764508324205215E-006
 B after wg2 wg2 ==>   12.443779053930616        1.0764499209415945     
 LTM d(wg2)/d(wg2)  0.84336528016463497     
 B before wg2 wg2 ==>    95.828465318775784        7.9302977651471087     
 Q value wg2 wg2 ==>   2.90936028119118281E-005  2.40764508324205215E-006
 B after wg2 wg2 ==>   91.674402368160059        7.9303001727921920     
 LTM d(wg2)/d(wg2)  0.85613379016345859     
 B before wg2 wg2 ==>    48.281899054567326        4.0190572261466100     
 Q value wg2 wg2 ==>   2.92645863923098242E-005  2.43602778087243465E-006
 B after wg2 wg2 ==>   46.460396779922924        4.0190596621743913     
 LTM d(wg2)/d(wg2)  0.86414368464021785     
 B before wg2 wg2 ==>    62.659444308207561        5.2302824244505750     
 Q value wg2 wg2 ==>   2.93454751338267236E-005  2.44951299080545413E-006
 B after wg2 wg2 ==>   60.462180445688631        5.2302848739635657     
 LTM d(wg2)/d(wg2)  0.85912497214885286     
 B before wg2 wg2 ==>    63.188297075001564        5.2744265971578717     
 Q value wg2 wg2 ==>   2.93454751338267236E-005  2.44951299080545413E-006
 B after wg2 wg2 ==>   60.972487819028999        5.2744290466708623     
 LTM d(wg2)/d(wg2)  0.86101977116623918     
 B before wg2 wg2 ==>    150.07648173899139        12.527120108213396     
 Q value wg2 wg2 ==>   2.93454751338267236E-005  2.44951299080545413E-006
 B after wg2 wg2 ==>   144.81374586706411        12.527122557726386     
 LTM d(wg2)/d(wg2)  0.85359378611933290     
 B before wg2 wg2 ==>    44.082029205489171        3.6795963502885143     
 Q value wg2 wg2 ==>   2.93454751338267236E-005  2.44951299080545413E-006
 B after wg2 wg2 ==>   42.536223544692469        3.6795987998015049     
 LTM d(wg2)/d(wg2)  0.85389804457455909     
 B before wg2 wg2 ==>    43.927433605209124        3.6666920122438791     
 Q value wg2 wg2 ==>   2.93454751338267236E-005  2.44951299080545413E-006
 B after wg2 wg2 ==>   42.387049181500345        3.6666944617568697     
 LTM d(wg2)/d(wg2)  0.86778005477390185     
 B before wg2 wg2 ==>    96.578175431456145        8.0615322896900299     
 Q value wg2 wg2 ==>   2.93454751338267236E-005  2.44951299080545413E-006
 B after wg2 wg2 ==>   93.191476146405378        8.0615347392030205     
 LTM d(wg2)/d(wg2)  0.88575765088141212     
 B before wg2 wg2 ==>    34.728007644620632        2.9411487372129161     
 Q value wg2 wg2 ==>   2.97741699871625668E-005  2.52160340885177527E-006
 B after wg2 wg2 ==>   33.999757644913252        2.9411512588163249     
 LTM d(wg2)/d(wg2)  0.88495476712333565     
 B before wg2 wg2 ==>    39.941582324254220        3.3826914465524420     
 Q value wg2 wg2 ==>   2.97741699871625668E-005  2.52160340885177527E-006
 B after wg2 wg2 ==>   39.103998735003948        3.3826939681558508     
 LTM d(wg2)/d(wg2)  0.88849697807232275     
 B before wg2 wg2 ==>    18.896819038772527        1.6003899798103129     
 Q value wg2 wg2 ==>   2.97741699871625668E-005  2.52160340885177527E-006
 B after wg2 wg2 ==>   18.500564029713210        1.6003925014137217     
 LTM d(wg2)/d(wg2)  0.88999388366854515     
 B before wg2 wg2 ==>    14.108745353285956        1.1948833634256386     
 Q value wg2 wg2 ==>   2.97741699871625668E-005  2.52160340885177527E-006
 B after wg2 wg2 ==>   13.812900775686485        1.1948858850290474     
 LTM d(wg2)/d(wg2)  0.88429323434398466     
 B before wg2 wg2 ==>    14.011327210946925        1.1866329262207720     
 Q value wg2 wg2 ==>   2.97741699871625668E-005  2.52160340885177527E-006
 B after wg2 wg2 ==>   13.717525583883893        1.1866354478241807     
 LTM d(wg2)/d(wg2)  0.88281403284990223     
 B before wg2 wg2 ==>    13.511483985308409        1.1443007173899302     
 Q value wg2 wg2 ==>   2.97741699871625668E-005  2.52160340885177527E-006
 B after wg2 wg2 ==>   13.228164543200212        1.1443032389933390     
 LTM d(wg2)/d(wg2)  0.88388747121689271     
 B before wg2 wg2 ==>    12.971490502751491        1.0985681442582407     
 Q value wg2 wg2 ==>   2.97741699871625668E-005  2.52160340885177527E-006
 B after wg2 wg2 ==>   12.699495234440658        1.0985706658616494     
 LTM d(wg2)/d(wg2)  0.88801715495602962     
 B before wg2 wg2 ==>    12.415159358037101        1.0514519186315627     
 Q value wg2 wg2 ==>   2.97741699871625668E-005  2.52160340885177527E-006
 B after wg2 wg2 ==>   12.154830879743441        1.0514544402349715     
 LTM d(wg2)/d(wg2)  0.88557462440705637     
 B before wg2 wg2 ==>    19.867093307014471        1.6825634510901151     
 Q value wg2 wg2 ==>   2.97741699871625668E-005  2.52160340885177527E-006
 B after wg2 wg2 ==>   19.450490729327740        1.6825659726935238     
 LTM d(wg2)/d(wg2)  0.89311388274316494     
 B before wg2 wg2 ==>    20.556656113728824        1.7409631957270946     
 Q value wg2 wg2 ==>   2.97741699871625668E-005  2.52160340885177527E-006
 B after wg2 wg2 ==>   20.125592752125858        1.7409657173305033     
 LTM d(wg2)/d(wg2)  0.90720505952147801     
 B before wg2 wg2 ==>    49.235522394875623        4.1698042686343859     
 Q value wg2 wg2 ==>   2.97741699871625668E-005  2.52160340885177527E-006
 B after wg2 wg2 ==>   48.203036096571040        4.1698067902377947     
 LTM d(wg2)/d(wg2)  0.89062882011291078     
 B before wg2 wg2 ==>    47.692209336076530        4.0390995849548350     
 Q value wg2 wg2 ==>   2.97741699871625668E-005  2.52160340885177527E-006
 B after wg2 wg2 ==>   46.692087771543967        4.0391021065582438     
 LTM d(wg2)/d(wg2)  0.88680848830097625     
 B before wg2 wg2 ==>    47.224155650942173        3.9994596632216917     
 Q value wg2 wg2 ==>   2.97741699871625668E-005  2.52160340885177527E-006
 B after wg2 wg2 ==>   46.233849614648697        3.9994621848251004     
 LTM d(wg2)/d(wg2)  0.85540762804866322     
 B before wg2 wg2 ==>    45.680394073500210        3.7625027944476170     
 Q value wg2 wg2 ==>   2.89567311206786931E-005  2.38504469957769137E-006
 B after wg2 wg2 ==>   43.494622677771801        3.7625051794923166     
 LTM d(wg2)/d(wg2)  0.79999033079008741     
 B before wg2 wg2 ==>    40.538641411882494        3.2984546419194256     
 Q value wg2 wg2 ==>   2.86051263600042045E-005  2.32747592269314131E-006
 B after wg2 wg2 ==>   38.130217623268614        3.2984569693953483     
 LTM d(wg2)/d(wg2)  0.84166688965177461     
 B before wg2 wg2 ==>    42.287416974974640        3.5200676049686028     
 Q value wg2 wg2 ==>   2.92645863923098242E-005  2.43602778087243465E-006
 B after wg2 wg2 ==>   40.692068430089208        3.5200700409963837     
 LTM d(wg2)/d(wg2)  0.87829751431125846     
 B before wg2 wg2 ==>    38.343042247914006        3.2473095330541439     
 Q value wg2 wg2 ==>   2.97741699871625668E-005  2.52160340885177527E-006
 B after wg2 wg2 ==>   37.538981555200955        3.2473120546575527     
 LTM d(wg2)/d(wg2)  0.88363604843263521     
 B before wg2 wg2 ==>    39.538469192143587        3.3485514034035866     
 Q value wg2 wg2 ==>   2.97741699871625668E-005  2.52160340885177527E-006
 B after wg2 wg2 ==>   38.709339266345708        3.3485539250069953     
 LTM d(wg2)/d(wg2)  0.76597840928009997     
 B before wg2 wg2 ==>    15.333374668515409        1.2096042208176283     
 Q value wg2 wg2 ==>   2.77337176632344430E-005  2.18783031587271753E-006
 B after wg2 wg2 ==>   13.983070274432405        1.2096064086479441     
 LTM d(wg2)/d(wg2)  0.75135485681534453     
 B before wg2 wg2 ==>    15.801372728837086        1.2465231927554850     
 Q value wg2 wg2 ==>   2.77337176632344430E-005  2.18783031587271753E-006
 B after wg2 wg2 ==>   14.409854206276718        1.2465253805858008     
 LTM d(wg2)/d(wg2)  0.75826291778315091     
 B before wg2 wg2 ==>    15.522055111272554        1.2244886585150525     
 Q value wg2 wg2 ==>   2.77337176632344430E-005  2.18783031587271753E-006
 B after wg2 wg2 ==>   14.155134622662120        1.2244908463453683     
 LTM d(wg2)/d(wg2)  0.75142080801355138     
 B before wg2 wg2 ==>    15.639113065254705        1.2337230115702755     
 Q value wg2 wg2 ==>   2.77337176632344430E-005  2.18783031587271753E-006
 B after wg2 wg2 ==>   14.261883898118120        1.2337251994005913     
 LTM d(wg2)/d(wg2)  0.81327738322166487     
 B before wg2 wg2 ==>    13.912200721933287        1.1361459276020496     
 Q value wg2 wg2 ==>   2.87105045891754403E-005  2.34465585426507126E-006
 B after wg2 wg2 ==>   13.133892991617818        1.1361482722579039     
 LTM d(wg2)/d(wg2)  0.74963200305137778     
 B before wg2 wg2 ==>    15.817784418836972        1.2478178620584777     
 Q value wg2 wg2 ==>   2.77337176632344430E-005  2.18783031587271753E-006
 B after wg2 wg2 ==>   14.424820605029625        1.2478200498887935     
 LTM d(wg2)/d(wg2)  0.75167377172860728     
 B before wg2 wg2 ==>    22.927144085670417        1.8086540541049709     
 Q value wg2 wg2 ==>   2.77337176632344430E-005  2.18783031587271753E-006
 B after wg2 wg2 ==>   20.908096346431272        1.8086562419352867     
 LTM d(wg2)/d(wg2)  0.77720290308435680     
 B before wg2 wg2 ==>    22.058785723561911        1.7655585082174809     
 Q value wg2 wg2 ==>   2.81386369505465605E-005  2.25218244105860065E-006
 B after wg2 wg2 ==>   20.409911860542937        1.7655607603999219     
 LTM d(wg2)/d(wg2)  0.80607107001338107     
 B before wg2 wg2 ==>    94.314644075710277        7.6445653709234893     
 Q value wg2 wg2 ==>   2.84954954721335405E-005  2.30966972359789013E-006
 B after wg2 wg2 ==>   88.371329988961136        7.6445676805932132     
 LTM d(wg2)/d(wg2)  0.81961278141271821     
 B before wg2 wg2 ==>    61.136369177273544        4.9927281798344696     
 Q value wg2 wg2 ==>   2.87105044729339884E-005  2.34465583527925338E-006
 B after wg2 wg2 ==>   57.716048200577099        4.9927305244903053     
 LTM d(wg2)/d(wg2)  0.83906990033795736     
 B before wg2 wg2 ==>    44.131347862637590        3.6520957333899156     
 Q value wg2 wg2 ==>   2.90936028119118281E-005  2.40764508324205215E-006
 B after wg2 wg2 ==>   42.218315470317208        3.6520981410349989     
 LTM d(wg2)/d(wg2)  0.83822761920042488     
 B before wg2 wg2 ==>    43.657711855172785        3.6128999207574513     
 Q value wg2 wg2 ==>   2.90936028119118281E-005  2.40764508324205215E-006
 B after wg2 wg2 ==>   41.765211222038751        3.6129023284025346     
 LTM d(wg2)/d(wg2)  0.85797198133271135     
 B before wg2 wg2 ==>    73.263482284807665        6.0629295053133738     
 Q value wg2 wg2 ==>   2.90936028119118281E-005  2.40764508324205215E-006
 B after wg2 wg2 ==>   70.087594114815701        6.0629319129584571     
 LTM d(wg2)/d(wg2)  0.84757415111400525     
 B before wg2 wg2 ==>    49.798660978733636        4.1210950060951577     
 Q value wg2 wg2 ==>   2.90936028119118281E-005  2.40764508324205215E-006
 B after wg2 wg2 ==>   47.639954891214003        4.1210974137402410     
 LTM d(wg2)/d(wg2)  0.85934360779265218     
 B before wg2 wg2 ==>    86.817543755001964        7.2467970032137199     
 Q value wg2 wg2 ==>   2.93454751338267236E-005  2.44951299080545413E-006
 B after wg2 wg2 ==>   83.773122635371806        7.2467994527267106     
 LTM d(wg2)/d(wg2)  0.86304188780778190     
 B before wg2 wg2 ==>    87.686785029055869        7.3193539402961587     
 Q value wg2 wg2 ==>   2.93454751338267236E-005  2.44951299080545413E-006
 B after wg2 wg2 ==>   84.611882039147929        7.3193563898091494     
 LTM d(wg2)/d(wg2)  0.85557188906920212     
 B before wg2 wg2 ==>    48.672320812810966        4.0627552145578125     
 Q value wg2 wg2 ==>   2.93454751338267236E-005  2.44951299080545413E-006
 B after wg2 wg2 ==>   46.965546411242094        4.0627576640708032     
 LTM d(wg2)/d(wg2)  0.85815433438671884     
 B before wg2 wg2 ==>    47.425157908932512        3.9586525642933612     
 Q value wg2 wg2 ==>   2.93454751338267236E-005  2.44951299080545413E-006
 B after wg2 wg2 ==>   45.762118036528385        3.9586550138063519     
 LTM d(wg2)/d(wg2)  0.87168639024932082     
 B before wg2 wg2 ==>    10.376722684857974       0.86616137249881697     
 Q value wg2 wg2 ==>   2.93454751338267236E-005  2.44951299080545413E-006
 B after wg2 wg2 ==>   10.012868240256786       0.86616382201180775     
 LTM d(wg2)/d(wg2)  0.86423030379595511     
 B before wg2 wg2 ==>    53.406502340819095        4.4579247969483813     
 Q value wg2 wg2 ==>   2.93454751338267236E-005  2.44951299080545413E-006
 B after wg2 wg2 ==>   51.533713379753650        4.4579272464613720     
 LTM d(wg2)/d(wg2)  0.85944235609880171     
 B before wg2 wg2 ==>    6.2465431805815594       0.52140878955557268     
 Q value wg2 wg2 ==>   2.93454751338267236E-005  2.44951299080545413E-006
 B after wg2 wg2 ==>   6.0275226269048510       0.52141123906856346     
 LTM d(wg2)/d(wg2)  0.88603895539924238     
 B before wg2 wg2 ==>    10.343080738368897       0.87596556542618298     
 Q value wg2 wg2 ==>   2.97741699871625668E-005  2.52160340885177527E-006
 B after wg2 wg2 ==>   10.126205707512826       0.87596808702959184     
 LTM d(wg2)/d(wg2)  0.89645003652215693     
 B before wg2 wg2 ==>    16.947211344343501        1.4352758083551382     
 Q value wg2 wg2 ==>   2.97741699871625668E-005  2.52160340885177527E-006
 B after wg2 wg2 ==>   16.591841451644953        1.4352783299585470     
 LTM d(wg2)/d(wg2)  0.88853729206783061     
 B before wg2 wg2 ==>    22.676888351469056        1.9205277256719544     
 Q value wg2 wg2 ==>   2.97741699871625668E-005  2.52160340885177527E-006
 B after wg2 wg2 ==>   22.201361715536816        1.9205302472753631     
 LTM d(wg2)/d(wg2)  0.88751057875397266     
 B before wg2 wg2 ==>    48.615075951220099        4.1172580559941583     
 Q value wg2 wg2 ==>   2.97741699871625668E-005  2.52160340885177527E-006
 B after wg2 wg2 ==>   47.595601001361139        4.1172605775975670     
 LTM d(wg2)/d(wg2)  0.88773312586914244     
 B before wg2 wg2 ==>    48.386075278846945        4.0978637663688060     
 Q value wg2 wg2 ==>   2.97741699871625668E-005  2.52160340885177527E-006
 B after wg2 wg2 ==>   47.371402689567198        4.0978662879722147     
 LTM d(wg2)/d(wg2)  0.88372022837272246     
 B before wg2 wg2 ==>    47.637237113212898        4.0344439339450888     
 Q value wg2 wg2 ==>   2.97741699871625668E-005  2.52160340885177527E-006
 B after wg2 wg2 ==>   46.638268368160283        4.0344464555484976     
 LTM d(wg2)/d(wg2)  0.88388331407041476     
 B before wg2 wg2 ==>    47.126881483580682        3.9912214193976756     
 Q value wg2 wg2 ==>   2.97741699871625668E-005  2.52160340885177527E-006
 B after wg2 wg2 ==>   46.138615378532265        3.9912239410010844     
 LTM d(wg2)/d(wg2)  0.89115895067505324     
 B before wg2 wg2 ==>    47.400232003499987        4.0143717407378547     
 Q value wg2 wg2 ==>   2.97741699871625668E-005  2.52160340885177527E-006
 B after wg2 wg2 ==>   46.406233479644392        4.0143742623412635     
 LTM d(wg2)/d(wg2)  0.89457670900608077     
 B before wg2 wg2 ==>    47.799652663632372        4.0481990648442832     
 Q value wg2 wg2 ==>   2.97741699871625668E-005  2.52160340885177527E-006
 B after wg2 wg2 ==>   46.797277910952346        4.0482015864476919     
 LTM d(wg2)/d(wg2)  0.91549267065155238     
 B before wg2 wg2 ==>    42.290129828634825        3.5815922184446509     
 Q value wg2 wg2 ==>   2.97741699871625668E-005  2.52160340885177527E-006
 B after wg2 wg2 ==>   41.403294978082208        3.5815947400480597     
 LTM d(wg2)/d(wg2)  0.89966333650916663     
 B before wg2 wg2 ==>    41.015165511320738        3.4736142506259089     
 Q value wg2 wg2 ==>   2.97741699871625668E-005  2.52160340885177527E-006
 B after wg2 wg2 ==>   40.155067867755022        3.4736167722293176     
 LTM d(wg2)/d(wg2)  0.88202074822337961     
 B before wg2 wg2 ==>    12.885903252839629        1.0913196768374847     
 Q value wg2 wg2 ==>   2.97741699871625668E-005  2.52160340885177527E-006
 B after wg2 wg2 ==>   12.615702830067026        1.0913221984408934     
 LTM d(wg2)/d(wg2)  0.85111498746867176     
 B before wg2 wg2 ==>    13.844745870104866        1.1524572774265132     
 Q value wg2 wg2 ==>   2.92645863923098242E-005  2.43602778087243465E-006
 B after wg2 wg2 ==>   13.322453524114781        1.1524597134542940     
 LTM d(wg2)/d(wg2)  0.78830524576432148     
 B before wg2 wg2 ==>    15.234317099868731        1.2311101099493196     
 Q value wg2 wg2 ==>   2.84103412835477284E-005  2.29588619903333363E-006
 B after wg2 wg2 ==>   14.231679960893750        1.2311124058355185     
 LTM d(wg2)/d(wg2)  0.82350308333105005     
 B before wg2 wg2 ==>    14.360435894153392        1.1828089769606911     
 Q value wg2 wg2 ==>   2.89567311206786931E-005  2.38504469957769137E-006
 B after wg2 wg2 ==>   13.673319087987949        1.1828113620053906     
 LTM d(wg2)/d(wg2)  0.88689432742884955     
 B before wg2 wg2 ==>    12.832475331668293        1.0867948142397501     
 Q value wg2 wg2 ==>   2.97741699871625668E-005  2.52160340885177527E-006
 B after wg2 wg2 ==>   12.563395342909285        1.0867973358431589     
 LTM d(wg2)/d(wg2)  0.88978798014013005     
 B before wg2 wg2 ==>    12.801518698926376        1.0841730669103620     
 Q value wg2 wg2 ==>   2.97741699871625668E-005  2.52160340885177527E-006
 B after wg2 wg2 ==>   12.533087900019977        1.0841755885137707     
 LTM d(wg2)/d(wg2)  0.88649206101197808     
 B before wg2 wg2 ==>    19.871339660192881        1.6829230788699823     
 Q value wg2 wg2 ==>   2.97741699871625668E-005  2.52160340885177527E-006
 B after wg2 wg2 ==>   19.454648032465826        1.6829256004733910     
 LTM d(wg2)/d(wg2)  0.88602466055897322     
 B before wg2 wg2 ==>    19.568674849505182        1.6572901017391792     
 Q value wg2 wg2 ==>   2.97741699871625668E-005  2.52160340885177527E-006
 B after wg2 wg2 ==>   19.158330388974193        1.6572926233425880     
 LTM d(wg2)/d(wg2)  0.75432185554360742     
 B before wg2 wg2 ==>    40.428414122771706        3.1892770783381921     
 Q value wg2 wg2 ==>   2.77337176632344430E-005  2.18783031587271753E-006
 B after wg2 wg2 ==>   36.868121551598115        3.1892792661685081     
 LTM d(wg2)/d(wg2)  0.76184185289730200     
 B before wg2 wg2 ==>    41.035229436683224        3.2371469296157001     
 Q value wg2 wg2 ==>   2.77337176632344430E-005  2.18783031587271753E-006
 B after wg2 wg2 ==>   37.421497831398263        3.2371491174460161     
 LTM d(wg2)/d(wg2)  0.75647662438166019     
 B before wg2 wg2 ==>    40.451608735470600        3.1911068321939053     
 Q value wg2 wg2 ==>   2.77337176632344430E-005  2.18783031587271753E-006
 B after wg2 wg2 ==>   36.889273536711976        3.1911090200242214     
 LTM d(wg2)/d(wg2)  0.76143596595663243     
 B before wg2 wg2 ==>    39.755350489786601        3.1361810946465303     
 Q value wg2 wg2 ==>   2.77337176632344430E-005  2.18783031587271753E-006
 B after wg2 wg2 ==>   36.254331093856983        3.1361832824768463     
 LTM d(wg2)/d(wg2)  0.74965278203830366     
 B before wg2 wg2 ==>    39.918480637055048        3.1490499456949359     
 Q value wg2 wg2 ==>   2.77337176632344430E-005  2.18783031587271753E-006
 B after wg2 wg2 ==>   36.403095226780351        3.1490521335252519     
 LTM d(wg2)/d(wg2)  0.75125616561591424     
 B before wg2 wg2 ==>    72.028626072667535        5.6821236029725837     
 Q value wg2 wg2 ==>   2.77337176632344430E-005  2.18783031587271753E-006
 B after wg2 wg2 ==>   65.685468986372328        5.6821257908028997     
 LTM d(wg2)/d(wg2)  0.79576359142529418     
 B before wg2 wg2 ==>    35.000659756306419        2.8369383583502685     
 Q value wg2 wg2 ==>   2.84954954721335405E-005  2.30966972359789013E-006
 B after wg2 wg2 ==>   32.795081475849280        2.8369406680199920     
 LTM d(wg2)/d(wg2)  0.80602455173654386     
 B before wg2 wg2 ==>    35.141439425982952        2.8483490931124691     
 Q value wg2 wg2 ==>   2.84954954721335405E-005  2.30966972359789013E-006
 B after wg2 wg2 ==>   32.926989760165583        2.8483514027821926     
 LTM d(wg2)/d(wg2)  0.84033044926695843     
 B before wg2 wg2 ==>    12.273258893757040        1.0156752198051036     
 Q value wg2 wg2 ==>   2.90936028119118281E-005  2.40764508324205215E-006
 B after wg2 wg2 ==>   11.741250326773290        1.0156776274501869     
 LTM d(wg2)/d(wg2)  0.85254957820125199     
 B before wg2 wg2 ==>    13.450036713101202        1.1130596293307691     
 Q value wg2 wg2 ==>   2.90936028119118281E-005  2.40764508324205215E-006
 B after wg2 wg2 ==>   12.867015726407359        1.1130620369758524     
 LTM d(wg2)/d(wg2)  0.83807979440900859     
 B before wg2 wg2 ==>    12.768051436566747        1.0566218444160944     
 Q value wg2 wg2 ==>   2.90936028119118281E-005  2.40764508324205215E-006
 B after wg2 wg2 ==>   12.214593990747654        1.0566242520611777     
 LTM d(wg2)/d(wg2)  0.84079944009490626     
 B before wg2 wg2 ==>    11.867508000798773       0.98209724911623208     
 Q value wg2 wg2 ==>   2.90936028119118281E-005  2.40764508324205215E-006
 B after wg2 wg2 ==>   11.353088425134443       0.98209965676131528     
 LTM d(wg2)/d(wg2)  0.85251413431196632     
 B before wg2 wg2 ==>    88.396749542087747        7.3478250967767824     
 Q value wg2 wg2 ==>   2.92230175200690624E-005  2.42911218624928276E-006
 B after wg2 wg2 ==>   84.941008847464062        7.3478275258889685     
 LTM d(wg2)/d(wg2)  0.86068060021879200     
 B before wg2 wg2 ==>    90.218605802812732        7.5306890046434312     
 Q value wg2 wg2 ==>   2.93454751338267236E-005  2.44951299080545413E-006
 B after wg2 wg2 ==>   87.054918910556964        7.5306914541564218     
 LTM d(wg2)/d(wg2)  0.90985681254399220     
 B before wg2 wg2 ==>    16.538919550215834        1.3805296423856905     
 Q value wg2 wg2 ==>   2.93454751338267236E-005  2.44951299080545413E-006
 B after wg2 wg2 ==>   15.958974025861737        1.3805320918986814     
 LTM d(wg2)/d(wg2)  0.85973039522481298     
 B before wg2 wg2 ==>    97.718102460836676        8.1566837927515436     
 Q value wg2 wg2 ==>   2.93454751338267236E-005  2.44951299080545413E-006
 B after wg2 wg2 ==>   94.291429110042699        8.1566862422645343     
 LTM d(wg2)/d(wg2)  0.86809241104829449     
 B before wg2 wg2 ==>    155.04205454576615        12.941604284786308     
 Q value wg2 wg2 ==>   2.93454751338267236E-005  2.44951299080545413E-006
 B after wg2 wg2 ==>   149.60518986671818        12.941606734299299     
 LTM d(wg2)/d(wg2)  0.85538203628967291     
 B before wg2 wg2 ==>    39.099209841456322        3.2636725764401193     
 Q value wg2 wg2 ==>   2.93454751338267236E-005  2.44951299080545413E-006
 B after wg2 wg2 ==>   37.728137776504418        3.2636750259531100     
 LTM d(wg2)/d(wg2)  0.83168686628927069     
 B before wg2 wg2 ==>    37.141094476127691        3.1002256053825823     
 Q value wg2 wg2 ==>   2.93454751338267236E-005  2.44951299080545413E-006
 B after wg2 wg2 ==>   35.838688062861365        3.1002280548955730     
 LTM d(wg2)/d(wg2)  0.83189035551361745     
 B before wg2 wg2 ==>    37.093209470726713        3.0962285686244599     
 Q value wg2 wg2 ==>   2.93454751338267236E-005  2.44951299080545413E-006
 B after wg2 wg2 ==>   35.792482251219887        3.0962310181374506     
 LTM d(wg2)/d(wg2)  0.89470986895723204     
 B before wg2 wg2 ==>    53.080847502729533        4.4954685912431582     
 Q value wg2 wg2 ==>   2.97741699871625668E-005  2.52160340885177527E-006
 B after wg2 wg2 ==>   51.967721101839778        4.4954711128465670     
 LTM d(wg2)/d(wg2)  0.90560627119090709     
 B before wg2 wg2 ==>    54.731831844419048        4.6352920605711079     
 Q value wg2 wg2 ==>   2.97741699871625668E-005  2.52160340885177527E-006
 B after wg2 wg2 ==>   53.584082741170938        4.6352945821745166     
 LTM d(wg2)/d(wg2)  0.89189328734176154     
 B before wg2 wg2 ==>    52.499767506411906        4.4462563613082224     
 Q value wg2 wg2 ==>   2.97741699871625668E-005  2.52160340885177527E-006
 B after wg2 wg2 ==>   51.398826902353100        4.4462588829116312     
 LTM d(wg2)/d(wg2)  0.89895590741312270     
 B before wg2 wg2 ==>    41.714372082188234        3.5328307350266908     
 Q value wg2 wg2 ==>   2.97741699871625668E-005  2.52160340885177527E-006
 B after wg2 wg2 ==>   40.839611415855522        3.5328332566300995     
 LTM d(wg2)/d(wg2)  0.88944425282805650     
 B before wg2 wg2 ==>    14.788237473951201        1.2524302118683039     
 Q value wg2 wg2 ==>   2.97741699871625668E-005  2.52160340885177527E-006
 B after wg2 wg2 ==>   14.478143304241987        1.2524327334717127     
 LTM d(wg2)/d(wg2)  0.88631480139234708     
 B before wg2 wg2 ==>    12.856919238644126        1.0888649924909823     
 Q value wg2 wg2 ==>   2.97741699871625668E-005  2.52160340885177527E-006
 B after wg2 wg2 ==>   12.587326638048452        1.0888675140943911     
 LTM d(wg2)/d(wg2)  0.88906509265272227     
 B before wg2 wg2 ==>    12.937078854375301        1.0956537882951014     
 Q value wg2 wg2 ==>   2.97741699871625668E-005  2.52160340885177527E-006
 B after wg2 wg2 ==>   12.665805230861032        1.0956563098985102     
 LTM d(wg2)/d(wg2)  0.89271018689110582     
 B before wg2 wg2 ==>    12.453738075961384        1.0547191877668214     
 Q value wg2 wg2 ==>   2.97741699871625668E-005  2.52160340885177527E-006
 B after wg2 wg2 ==>   12.192600565483509        1.0547217093702301     
 LTM d(wg2)/d(wg2)  0.93755147941563100     
 B before wg2 wg2 ==>    13.041837517473706        1.1045259013410600     
 Q value wg2 wg2 ==>   2.97741699871625668E-005  2.52160340885177527E-006
 B after wg2 wg2 ==>   12.768367005763512        1.1045284229444687     
 LTM d(wg2)/d(wg2)  0.92149825663954466     
 B before wg2 wg2 ==>    13.103316218357316        1.1097325923012691     
 Q value wg2 wg2 ==>   2.97741699871625668E-005  2.52160340885177527E-006
 B after wg2 wg2 ==>   12.828556440172374        1.1097351139046778     
 LTM d(wg2)/d(wg2)  0.83839900237817111     
 B before wg2 wg2 ==>    21.892435305249904        1.8031882317112178     
 Q value wg2 wg2 ==>   2.89567311206786931E-005  2.38504469957769137E-006
 B after wg2 wg2 ==>   20.844913628126847        1.8031906167559173     
 LTM d(wg2)/d(wg2)  0.85671069180652337     
 B before wg2 wg2 ==>    21.057827549490629        1.7612497683067634     
 Q value wg2 wg2 ==>   2.94042379355188607E-005  2.45933285992848086E-006
 B after wg2 wg2 ==>   20.360105149916883        1.7612522276396234     
 LTM d(wg2)/d(wg2)  0.74721707402290916     
 B before wg2 wg2 ==>    39.994601356028276        3.1550548823088405     
 Q value wg2 wg2 ==>   2.77337176632344430E-005  2.18783031587271753E-006
 B after wg2 wg2 ==>   36.472512394270062        3.1550570701391565     
 LTM d(wg2)/d(wg2)  0.74878620400054530     
 B before wg2 wg2 ==>    40.238862341189943        3.1743239033182404     
 Q value wg2 wg2 ==>   2.77337176632344430E-005  2.18783031587271753E-006
 B after wg2 wg2 ==>   36.695262598772636        3.1743260911485565     
 LTM d(wg2)/d(wg2)  0.82847178371526409     
 B before wg2 wg2 ==>    44.347576726389882        3.6527242101183726     
 Q value wg2 wg2 ==>   2.89567311206786931E-005  2.38504469957769137E-006
 B after wg2 wg2 ==>   42.225580410527741        3.6527265951630721     
 LTM d(wg2)/d(wg2)  0.89017542049270493     
 B before wg2 wg2 ==>    47.416492617940989        4.0157488679868134     
 Q value wg2 wg2 ==>   2.97741699871625668E-005  2.52160340885177527E-006
 B after wg2 wg2 ==>   46.422153093629035        4.0157513895902222     
 LTM d(wg2)/d(wg2)  0.89326390859011706     
 B before wg2 wg2 ==>    47.927847739829403        4.0590560305053183     
 Q value wg2 wg2 ==>   2.97741699871625668E-005  2.52160340885177527E-006
 B after wg2 wg2 ==>   46.922784615215797        4.0590585521087270     
 LTM d(wg2)/d(wg2)  0.88802698770358235     
 B before wg2 wg2 ==>    47.329410201010596        4.0083737734173459     
 Q value wg2 wg2 ==>   2.97741699871625668E-005  2.52160340885177527E-006
 B after wg2 wg2 ==>   46.336896877302664        4.0083762950207547     
 LTM d(wg2)/d(wg2)  0.88500857400520938     
 B before wg2 wg2 ==>    39.635566814421345        3.3567746954527879     
 Q value wg2 wg2 ==>   2.97741699871625668E-005  2.52160340885177527E-006
 B after wg2 wg2 ==>   38.804400659695709        3.3567772170561967     
 LTM d(wg2)/d(wg2)  0.75522496799822758     
 B before wg2 wg2 ==>    33.649097604784401        2.6544770064887726     
 Q value wg2 wg2 ==>   2.77337176632344430E-005  2.18783031587271753E-006
 B after wg2 wg2 ==>   30.685823794263356        2.6544791943190886     
 LTM d(wg2)/d(wg2)  0.75230616669180950     
 B before wg2 wg2 ==>    16.456401649926075        1.2981964717847760     
 Q value wg2 wg2 ==>   2.77337176632344430E-005  2.18783031587271753E-006
 B after wg2 wg2 ==>   15.007198174373393        1.2981986596150918     
 LTM d(wg2)/d(wg2)  0.82625445049693524     
 B before wg2 wg2 ==>    14.372264813576622        1.1837832755254887     
 Q value wg2 wg2 ==>   2.89567311206786931E-005  2.38504469957769137E-006
 B after wg2 wg2 ==>   13.684581995659768        1.1837856605701882     
 LTM d(wg2)/d(wg2)  0.84614424449223380     
 B before wg2 wg2 ==>    13.727554050372852        1.1427020557148131     
 Q value wg2 wg2 ==>   2.92645863923098242E-005  2.43602778087243465E-006
 B after wg2 wg2 ==>   13.209682998295689        1.1427044917425939     
 LTM d(wg2)/d(wg2)  0.88575630440725261     
 B before wg2 wg2 ==>    17.738732905644977        1.5023105390636025     
 Q value wg2 wg2 ==>   2.97741699871625668E-005  2.52160340885177527E-006
 B after wg2 wg2 ==>   17.366764057562566        1.5023130606670112     
 LTM d(wg2)/d(wg2)  0.83005256465673172     
 B before wg2 wg2 ==>    14.248471287822392        1.1735869211368777     
 Q value wg2 wg2 ==>   2.89567311206786931E-005  2.38504469957769137E-006
 B after wg2 wg2 ==>   13.566711968732305        1.1735893061815772     
 LTM d(wg2)/d(wg2)  0.78495779342399552     
 B before wg2 wg2 ==>    14.681461847452134        1.1802597348852708     
 Q value wg2 wg2 ==>   2.82625168635786852E-005  2.27205648914224251E-006
 B after wg2 wg2 ==>   13.643848500899150        1.1802620069417600     
 LTM d(wg2)/d(wg2)  0.80313360830219027     
 B before wg2 wg2 ==>    20.221129958425610        1.6390005110662855     
 Q value wg2 wg2 ==>   2.84954954721335405E-005  2.30966972359789013E-006
 B after wg2 wg2 ==>   18.946899965553111        1.6390028207360092     
 LTM d(wg2)/d(wg2)  0.82386895448332342     
 B before wg2 wg2 ==>    56.498186950795692        4.6302354246812012     
 Q value wg2 wg2 ==>   2.88118474121506190E-005  2.36123747925632112E-006
 B after wg2 wg2 ==>   53.525626092046636        4.6302377859186805     
 LTM d(wg2)/d(wg2)  0.84661463759240119     
 B before wg2 wg2 ==>    44.819819645240308        3.7090703100021889     
 Q value wg2 wg2 ==>   2.90936028119118281E-005  2.40764508324205215E-006
 B after wg2 wg2 ==>   42.876942526961159        3.7090727176472722     
 LTM d(wg2)/d(wg2)  0.83489395299850377     
 B before wg2 wg2 ==>    43.983950501329410        3.6398978445780426     
 Q value wg2 wg2 ==>   2.90936028119118281E-005  2.40764508324205215E-006
 B after wg2 wg2 ==>   42.077307672047702        3.6399002522231259     
 LTM d(wg2)/d(wg2)  0.83793880880309413     
 B before wg2 wg2 ==>    42.712591141957319        3.5346863267603621     
 Q value wg2 wg2 ==>   2.90936028119118281E-005  2.40764508324205215E-006
 B after wg2 wg2 ==>   40.861060769909713        3.5346887344054454     
 LTM d(wg2)/d(wg2)  0.84682809036862705     
 B before wg2 wg2 ==>    91.773195683056400        7.6118296770366811     
 Q value wg2 wg2 ==>   2.91592098424362670E-005  2.41851596411799392E-006
 B after wg2 wg2 ==>   87.992906079477578        7.6118320955526455     
 LTM d(wg2)/d(wg2)  0.88192769493630951     
 B before wg2 wg2 ==>    59.694276943388282        4.9827752381837271     
 Q value wg2 wg2 ==>   2.93454751338267236E-005  2.44951299080545413E-006
 B after wg2 wg2 ==>   57.600993241112846        4.9827776876967178     
 LTM d(wg2)/d(wg2)  0.84904570951313851     
 B before wg2 wg2 ==>    39.821088644571695        3.3239289361669355     
 Q value wg2 wg2 ==>   2.93454751338267236E-005  2.44951299080545413E-006
 B after wg2 wg2 ==>   38.424702300731227        3.3239313856799262     
 LTM d(wg2)/d(wg2)  0.86312838382449009     
 B before wg2 wg2 ==>    56.497209376220695        4.7159109770822720     
 Q value wg2 wg2 ==>   2.93454751338267236E-005  2.44951299080545413E-006
 B after wg2 wg2 ==>   54.516037928345320        4.7159134265952627     
 LTM d(wg2)/d(wg2)  0.85983871866079764     
 B before wg2 wg2 ==>    92.523627183817297        7.7230927667602902     
 Q value wg2 wg2 ==>   2.93454751338267236E-005  2.44951299080545413E-006
 B after wg2 wg2 ==>   89.279109612185650        7.7230952162732809     
 LTM d(wg2)/d(wg2)  0.82452379008625576     
 B before wg2 wg2 ==>    2.2533899798781150       0.18809400781177604     
 Q value wg2 wg2 ==>   2.93454751338267236E-005  2.44951299080545413E-006
 B after wg2 wg2 ==>   2.1743981863355857       0.18809645732476685     
 LTM d(wg2)/d(wg2)  0.81269055627306586     
 B before wg2 wg2 ==>    3.2359967197799171       0.27011373873335864     
 Q value wg2 wg2 ==>   2.93454751338267236E-005  2.44951299080545413E-006
 B after wg2 wg2 ==>   3.1225476448429008       0.27011618824634948     
 store B matrix after TL evolution ==>   4.3375873684072985     
 writing out B
 OBSERVATION FOR POINT          178  REMOVED
 OBSERVATION FOR POINT          181  REMOVED
 OBSERVATION FOR POINT          209  REMOVED
 OBSERVATION FOR POINT          212  REMOVED
 OBSERVATION FOR POINT          213  REMOVED
 OBSERVATION FOR POINT          239  REMOVED
 OBSERVATION FOR POINT          240  REMOVED
 OBSERVATION FOR POINT          241  REMOVED
 OBSERVATION FOR POINT          243  REMOVED
 OBSERVATION FOR POINT          244  REMOVED
 OBSERVATION FOR POINT          271  REMOVED
 OBSERVATION FOR POINT          272  REMOVED
 OBSERVATION FOR POINT          273  REMOVED
 OBSERVATION FOR POINT          275  REMOVED
 OBSERVATION FOR POINT          276  REMOVED
 OBSERVATION FOR POINT          277  REMOVED
 OBSERVATION FOR POINT          305  REMOVED
 OBSERVATION FOR POINT          306  REMOVED
 OBSERVATION FOR POINT          307  REMOVED
 OBSERVATION FOR POINT          308  REMOVED
 OBSERVATION FOR POINT          310  REMOVED
 OBSERVATION FOR POINT          340  REMOVED
 OBSERVATION FOR POINT          341  REMOVED
 OBSERVATION FOR POINT          342  REMOVED
 OBSERVATION FOR POINT          345  REMOVED
 OBSERVATION FOR POINT          377  REMOVED
 OBSERVATION FOR POINT          378  REMOVED
 OBSERVATION FOR POINT          380  REMOVED
 OBSERVATION FOR POINT          385  REMOVED
 OBSERVATION FOR POINT          417  REMOVED
 OBSERVATION FOR POINT          422  REMOVED
 OBSERVATION FOR POINT          423  REMOVED
 OBSERVATION FOR POINT          424  REMOVED
 OBSERVATION FOR POINT          432  REMOVED
 OBSERVATION FOR POINT          455  REMOVED
 OBSERVATION FOR POINT          456  REMOVED
 OBSERVATION FOR POINT          457  REMOVED
 OBSERVATION FOR POINT          493  REMOVED
 OBSERVATION FOR POINT          494  REMOVED
 OBSERVATION FOR POINT          495  REMOVED
 OBSERVATION FOR POINT          496  REMOVED
 OBSERVATION FOR POINT          534  REMOVED
 OBSERVATION FOR POINT          568  REMOVED
 OBSERVATION FOR POINT          569  REMOVED
 OBSERVATION FOR POINT          603  REMOVED
 OBSERVATION FOR POINT         1263  REMOVED
 OBSERVATION FOR POINT         1294  REMOVED
 OBSERVATION FOR POINT         1302  REMOVED
 OBSERVATION FOR POINT         1303  REMOVED
 OBSERVATION FOR POINT         1341  REMOVED
 OBSERVATION FOR POINT         1342  REMOVED
 OBSERVATION FOR POINT         1343  REMOVED
 OBSERVATION FOR POINT         1344  REMOVED
 OBSERVATION FOR POINT         1345  REMOVED
 OBSERVATION FOR POINT         1346  REMOVED
 OBSERVATION FOR POINT         1347  REMOVED
 calculating jacobians           2
  and then PERFORMING ANALYSIS
 read in sim obs yf   283.89298000000002        283.89298000000002        283.89298000000002        283.89298000000002        283.89298000000002     
 read in sim obs yf   283.44123999999999        283.44123999999999        283.44123999999999        283.44123999999999        283.44123999999999     
 read in sim obs yf   281.65557999999993        281.65557999999993        281.65557999999993        281.65570999999994        281.65557999999993     
 read in sim obs yf   278.62748999999997        278.62749999999994        278.62748999999997        278.62787999999995        278.62750999999992     
 read in sim obs yf   278.25213000000002        278.25214000000000        278.25213000000002        278.25258000000002        278.25216000000000     
 read in sim obs yf   278.02523000000002        278.02523000000002        278.02523000000002        278.02559000000002        278.02525000000003     
 read in sim obs yf   276.91523999999998        276.91525000000001        276.91523999999998        276.91555000000000        276.91523000000001     
 read in sim obs yf   277.07465000000002        277.07465000000002        277.07465000000002        277.07512000000003        277.07468000000000     
 read in sim obs yf   277.28611000000001        277.28611000000001        277.28611000000001        277.28658000000001        277.28613000000001     
 read in sim obs yf   276.97318000000001        276.97318000000001        276.97318000000001        276.97363999999999        276.97320999999999     
 read in sim obs yf   277.41264000000001        277.41264999999999        277.41264000000001        277.41313000000002        277.41266999999999     
 read in sim obs yf   277.67601000000002        277.67601999999999        277.67601000000002        277.67644999999999        277.67604000000000     
 read in sim obs yf   277.44617000000000        277.44617000000000        277.44617000000000        277.44659999999999        277.44619000000000     
 read in sim obs yf   277.48072999999994        277.48073999999997        277.48072999999994        277.48115999999993        277.48075999999992     
 read in sim obs yf   277.94067000000001        277.94067000000001        277.94067000000001        277.94105000000002        277.94069000000002     
 read in sim obs yf   278.57040000000001        278.57040999999998        278.57040000000001        278.57092999999998        278.57042999999999     
 read in sim obs yf   279.21548000000001        279.21548000000001        279.21548000000001        279.21580999999998        279.21548999999999     
 read in sim obs yf   279.04509000000002        279.04509000000002        279.04509000000002        279.04552999999999        279.04511000000002     
 read in sim obs yf   279.20740999999998        279.20740999999998        279.20740999999998        279.20785999999998        279.20744000000002     
 read in sim obs yf   279.58052000000004        279.58052000000004        279.58052000000004        279.58086000000003        279.58054000000004     
 read in sim obs yf   279.50384000000003        279.50384000000003        279.50384000000003        279.50418999999999        279.50385000000000     
 read in sim obs yf   279.39971000000003        279.39972000000000        279.39971000000003        279.40001999999998        279.39972000000000     
 read in sim obs yf   279.22645000000000        279.22645000000000        279.22645000000000        279.22692999999998        279.22647000000001     
 read in sim obs yf   279.11411999999996        279.11411999999996        279.11411999999996        279.11485999999996        279.11414999999994     
 read in sim obs yf   278.88225999999997        278.88225999999997        278.88225999999997        278.88279999999997        278.88227999999998     
 read in sim obs yf   278.36917000000005        278.36917000000005        278.36917000000005        278.36968000000007        278.36919000000006     
 read in sim obs yf   278.16385000000002        278.16385000000002        278.16385000000002        278.16433999999998        278.16386999999997     
 read in sim obs yf   283.44110000000001        283.44110000000001        283.44110000000001        283.44110000000001        283.44110000000001     
 read in sim obs yf   280.95857999999998        280.95857999999998        280.95857999999998        280.95866999999998        280.95857999999998     
 read in sim obs yf   279.80680999999998        279.80680999999998        279.80680999999998        279.80700999999999        279.80682999999999     
 read in sim obs yf   278.21922000000001        278.21922999999998        278.21922000000001        278.21965999999998        278.21924999999999     
 read in sim obs yf   277.68885000000000        277.68885000000000        277.68885000000000        277.68929000000003        277.68887999999998     
 read in sim obs yf   277.08114999999992        277.08115999999995        277.08114999999992        277.08162999999996        277.08118999999994     
 read in sim obs yf   277.23970000000003        277.23970000000003        277.23970000000003        277.24014000000000        277.23973000000001     
 read in sim obs yf   276.93909000000002        276.93909000000002        276.93909000000002        276.93957000000000        276.93912000000000     
 read in sim obs yf   276.85993999999994        276.85993999999994        276.85993999999994        276.86040999999994        276.85996999999992     
 read in sim obs yf   277.02607999999998        277.02609000000001        277.02607999999998        277.02654999999999        277.02611000000002     
 read in sim obs yf   276.91151999999994        276.91152999999997        276.91151999999994        276.91196999999994        276.91154999999992     
 read in sim obs yf   277.38453999999996        277.38453999999996        277.38453999999996        277.38500999999997        277.38456999999994     
 read in sim obs yf   277.48502999999999        277.48504000000003        277.48502999999999        277.48552000000001        277.48505999999998     
 read in sim obs yf   277.56313000000000        277.56313999999998        277.56313000000000        277.56353999999999        277.56315999999998     
 read in sim obs yf   277.96106999999995        277.96107999999992        277.96106999999995        277.96161999999993        277.96109999999993     
 read in sim obs yf   278.42736000000002        278.42736000000002        278.42736000000002        278.42800000000000        278.42739999999998     
 read in sim obs yf   279.25612000000007        279.25613000000004        279.25612000000007        279.25646000000006        279.25614000000007     
 read in sim obs yf   279.23145999999997        279.23145999999997        279.23145999999997        279.23174999999992        279.23147999999992     
 read in sim obs yf   279.27821000000000        279.27821000000000        279.27821000000000        279.27852999999999        279.27821999999998     
 read in sim obs yf   279.47021000000001        279.47021000000001        279.47021000000001        279.47053000000000        279.47021999999998     
 read in sim obs yf   279.55444999999997        279.55444999999997        279.55444999999997        279.55464000000001        279.55444999999997     
 read in sim obs yf   279.25743000000000        279.25743000000000        279.25743000000000        279.25767999999999        279.25743000000000     
 read in sim obs yf   279.34034000000003        279.34034000000003        279.34034000000003        279.34071999999998        279.34035000000000     
 read in sim obs yf   279.07071000000002        279.07071000000002        279.07071000000002        279.07157000000001        279.07074999999998     
 read in sim obs yf   279.06079999999997        279.06079999999997        279.06079999999997        279.06135000000000        279.06083000000001     
 read in sim obs yf   278.81379999999996        278.81379999999996        278.81379999999996        278.81428999999997        278.81381999999996     
 read in sim obs yf   278.35935999999998        278.35937000000001        278.35935999999998        278.35989000000001        278.35939000000002     
 read in sim obs yf   283.75556999999998        283.75556999999998        283.75556999999998        283.75558000000001        283.75556999999998     
 read in sim obs yf   282.07713999999999        282.07713999999999        282.07713999999999        282.07722000000001        282.07713999999999     
 read in sim obs yf   278.87119000000001        278.87119999999999        278.87119000000001        278.87155000000001        278.87121000000002     
 read in sim obs yf   277.74959999999993        277.74959999999993        277.74959999999993        277.74990999999994        277.74961999999994     
 read in sim obs yf   276.97216000000003        276.97217000000006        276.97216000000003        276.97255000000007        276.97218000000004     
 read in sim obs yf   277.27681999999993        277.27681999999993        277.27681999999993        277.27727999999996        277.27684999999997     
 read in sim obs yf   276.97689000000003        276.97690000000000        276.97689000000003        276.97734000000003        276.97692000000001     
 read in sim obs yf   277.01332000000002        277.01332000000002        277.01332000000002        277.01382000000001        277.01335000000000     
 read in sim obs yf   277.09741000000002        277.09741000000002        277.09741000000002        277.09787999999998        277.09744000000001     
 read in sim obs yf   276.71877000000001        276.71877000000001        276.71877000000001        276.71926000000002        276.71879999999999     
 read in sim obs yf   276.09142999999995        276.09143999999992        276.09142999999995        276.09184999999997        276.09145999999993     
 read in sim obs yf   276.26294999999999        276.26296000000002        276.26294999999999        276.26335999999998        276.26298000000003     
 read in sim obs yf   276.90327000000002        276.90327000000002        276.90327000000002        276.90370999999999        276.90329000000003     
 read in sim obs yf   277.69493000000000        277.69493000000000        277.69493000000000        277.69553999999999        277.69497000000001     
 read in sim obs yf   278.66187000000002        278.66187000000002        278.66187000000002        278.66242999999997        278.66190000000000     
 read in sim obs yf   278.02888999999999        278.02890000000002        278.02888999999999        278.02938999999998        278.02892000000003     
 read in sim obs yf   278.87961999999999        278.87961999999999        278.87961999999999        278.88022000000001        278.87966000000000     
 read in sim obs yf   278.93581999999992        278.93581999999992        278.93581999999992        278.93631999999997        278.93584999999996     
 read in sim obs yf   279.17446000000007        279.17446000000007        279.17446000000007        279.17480000000006        279.17448000000007     
 read in sim obs yf   279.36434000000003        279.36434000000003        279.36434000000003        279.36457000000001        279.36435000000000     
 read in sim obs yf   279.57308999999998        279.57308999999998        279.57308999999998        279.57326999999998        279.57310000000001     
 read in sim obs yf   279.43984000000000        279.43984000000000        279.43984000000000        279.44004000000001        279.43984999999998     
 read in sim obs yf   278.95583999999997        278.95584999999994        278.95583999999997        278.95641999999992        278.95586999999995     
 read in sim obs yf   278.70729000000000        278.70729000000000        278.70729000000000        278.70809000000003        278.70733000000001     
 read in sim obs yf   278.85118000000000        278.85118000000000        278.85118000000000        278.85171000000003        278.85120000000001     
 read in sim obs yf   279.00511999999998        279.00511999999998        279.00511999999998        279.00565999999998        279.00515000000001     
 read in sim obs yf   279.45987000000002        279.45987000000002        279.45987000000002        279.46030000000002        279.45988999999997     
 read in sim obs yf   278.49301000000003        278.49302000000000        278.49301000000003        278.49354000000000        278.49304000000001     
 read in sim obs yf   281.91144999999995        281.91145999999992        281.91144999999995        281.91155999999995        281.91145999999992     
 read in sim obs yf   281.19472999999994        281.19472999999994        281.19472999999994        281.19482999999997        281.19472999999994     
 read in sim obs yf   278.17539999999997        278.17540999999994        278.17539999999997        278.17585999999994        278.17542999999995     
 read in sim obs yf   276.97913000000005        276.97914000000003        276.97913000000005        276.97953000000007        276.97916000000004     
 read in sim obs yf   276.38686000000001        276.38688000000002        276.38686000000001        276.38724999999999        276.38688999999999     
 read in sim obs yf   277.25462999999996        277.25463999999994        277.25462999999996        277.25503999999995        277.25465999999994     
 read in sim obs yf   276.84683000000001        276.84683000000001        276.84683000000001        276.84732000000002        276.84685999999999     
 read in sim obs yf   276.51148000000001        276.51148999999998        276.51148000000001        276.51195999999999        276.51150999999999     
 read in sim obs yf   276.61048000000000        276.61049000000003        276.61048000000000        276.61086000000000        276.61050000000000     
 read in sim obs yf   276.53647000000001        276.53647000000001        276.53647000000001        276.53689000000003        276.53649000000001     
 read in sim obs yf   277.19082999999995        277.19082999999995        277.19082999999995        277.19118999999995        277.19084999999995     
 read in sim obs yf   276.70312999999999        276.70314999999999        276.70312999999999        276.70348999999999        276.70316000000003     
 read in sim obs yf   278.18556999999998        278.18556999999998        278.18556999999998        278.18632000000002        278.18563000000000     
 read in sim obs yf   278.35249999999996        278.35249999999996        278.35249999999996        278.35318999999993        278.35255999999993     
 read in sim obs yf   278.69815000000000        278.69815000000000        278.69815000000000        278.69860000000000        278.69817999999998     
 read in sim obs yf   279.07035999999994        279.07035999999994        279.07035999999994        279.07064999999994        279.07037999999994     
 read in sim obs yf   279.31283999999994        279.31283999999994        279.31283999999994        279.31294999999994        279.31284999999997     
 read in sim obs yf   279.17131999999998        279.17133000000001        279.17131999999998        279.17147000000000        279.17133000000001     
 read in sim obs yf   278.63237999999996        278.63238999999993        278.63237999999996        278.63285999999994        278.63240999999994     
 read in sim obs yf   278.52678999999995        278.52679999999992        278.52678999999995        278.52733999999992        278.52681999999993     
 read in sim obs yf   279.26040999999998        279.26040999999998        279.26040999999998        279.26082000000002        279.26042999999999     
 read in sim obs yf   278.51013000000000        278.51013999999998        278.51013000000000        278.51080999999999        278.51017000000002     
 read in sim obs yf   278.04809000000000        278.04809000000000        278.04809000000000        278.04854000000000        278.04811000000001     
 read in sim obs yf   278.24464000000000        278.24464999999998        278.24464000000000        278.24516000000000        278.24466999999999     
 read in sim obs yf   278.85624999999999        278.85626000000002        278.85624999999999        278.85674999999998        278.85628000000003     
 read in sim obs yf   278.92755000000000        278.92755000000000        278.92755000000000        278.92809000000000        278.92757999999998     
 read in sim obs yf   279.22441999999995        279.22441999999995        279.22442999999993        279.22488999999996        279.22445999999997     
 read in sim obs yf   278.11727000000002        278.11727000000002        278.11727000000002        278.11775999999998        278.11730000000000     
 read in sim obs yf   282.28752999999995        282.28752999999995        282.28752999999995        282.28760999999992        282.28752999999995     
 read in sim obs yf   281.02438000000001        281.02438000000001        281.02438000000001        281.02458999999999        281.02438999999998     
 read in sim obs yf   279.80721000000000        279.80721999999997        279.80721000000000        279.80739000000000        279.80721999999997     
 read in sim obs yf   277.60066000000000        277.60066000000000        277.60066000000000        277.60120000000001        277.60068999999999     
 read in sim obs yf   275.82197000000002        275.82199000000003        275.82197000000002        275.82231000000002        275.82200000000000     
 read in sim obs yf   277.45170999999999        277.45172000000002        277.45170999999999        277.45213000000001        277.45173999999997     
 read in sim obs yf   277.84971000000002        277.84971000000002        277.84971000000002        277.85000000000002        277.84973000000002     
 read in sim obs yf   276.71785999999997        276.71787000000000        276.71785999999997        276.71836999999999        276.71789000000001     
 read in sim obs yf   276.42579000000001        276.42579999999998        276.42579000000001        276.42624000000001        276.42581999999999     
 read in sim obs yf   275.98793000000001        275.98795000000001        275.98793000000001        275.98826000000003        275.98795999999999     
 read in sim obs yf   276.48768999999999        276.48770000000002        276.48768999999999        276.48804999999999        276.48770999999999     
 read in sim obs yf   278.30072000000001        278.30072000000001        278.30072000000001        278.30117000000001        278.30076000000003     
 read in sim obs yf   278.42540999999994        278.42540999999994        278.42540999999994        278.42549999999994        278.42540999999994     
 read in sim obs yf   278.53652999999997        278.53652999999997        278.53652999999997        278.53662999999995        278.53652999999997     
 read in sim obs yf   278.56418000000002        278.56418000000002        278.56418000000002        278.56455999999997        278.56421000000000     
 read in sim obs yf   278.26240000000001        278.26240000000001        278.26240000000001        278.26298000000003        278.26244000000003     
 read in sim obs yf   279.16816000000000        279.16816000000000        279.16816000000000        279.16825999999998        279.16816000000000     
 read in sim obs yf   279.09568000000002        279.09568000000002        279.09568000000002        279.09579000000002        279.09568000000002     
 read in sim obs yf   279.06187999999997        279.06187999999997        279.06187999999997        279.06196999999997        279.06189000000001     
 read in sim obs yf   279.01150000000001        279.01150000000001        279.01150000000001        279.01184000000001        279.01152000000002     
 read in sim obs yf   277.80239999999998        277.80241000000001        277.80239999999998        277.80275000000000        277.80241999999998     
 read in sim obs yf   277.71033999999997        277.71035000000001        277.71033999999997        277.71064999999999        277.71035999999998     
 read in sim obs yf   277.18946999999991        277.18947999999995        277.18946999999991        277.18984999999992        277.18948999999992     
 read in sim obs yf   277.68002000000001        277.68002000000001        277.68002000000001        277.68043999999998        277.68004000000002     
 read in sim obs yf   277.48088999999999        277.48090000000002        277.48088999999999        277.48135000000002        277.48092000000003     
 read in sim obs yf   278.35455000000002        278.35455999999999        278.35455000000002        278.35507999999999        278.35458000000000     
 read in sim obs yf   278.22449000000000        278.22449999999998        278.22449000000000        278.22494999999998        278.22451999999998     
 read in sim obs yf   278.27009999999996        278.27009999999996        278.27009999999996        278.27053999999993        278.27011999999996     
 read in sim obs yf   278.32427000000001        278.32427000000001        278.32427000000001        278.32474999999999        278.32429000000002     
 read in sim obs yf   281.26013999999998        281.26013999999998        281.26013999999998        281.26033999999999        281.26015000000001     
 read in sim obs yf   279.92033999999995        279.92033999999995        279.92033999999995        279.92081999999994        279.92035999999996     
 read in sim obs yf   279.21364000000000        279.21364000000000        279.21364000000000        279.21400000000000        279.21366000000000     
 read in sim obs yf   277.63754000000000        277.63754000000000        277.63754000000000        277.63808999999998        277.63756999999998     
 read in sim obs yf   276.06893000000008        276.06895000000003        276.06893000000008        276.06936000000007        276.06896000000006     
 read in sim obs yf   277.09431999999998        277.09431999999998        277.09431999999998        277.09481000000000        277.09435000000002     
 read in sim obs yf   276.26307999999995        276.26308999999992        276.26307999999995        276.26349999999996        276.26310999999993     
 read in sim obs yf   276.01867999999996        276.01869999999997        276.01867999999996        276.01909999999992        276.01870999999994     
 read in sim obs yf   276.52955999999995        276.52957999999995        276.52955999999995        276.52991999999995        276.52958999999993     
 read in sim obs yf   275.81720999999999        275.81722000000002        275.81720999999999        275.81761000000000        275.81723000000000     
 read in sim obs yf   276.00693999999999        276.00695000000002        276.00693999999999        276.00733000000002        276.00697000000002     
 read in sim obs yf   277.52840999999995        277.52841999999993        277.52840999999995        277.52888999999993        277.52844999999996     
 read in sim obs yf   278.40224000000001        278.40224999999998        278.40224000000001        278.40242000000001        278.40224999999998     
 read in sim obs yf   278.54205000000002        278.54205000000002        278.54205000000002        278.54223999999999        278.54205999999999     
 read in sim obs yf   277.56889000000001        277.56889000000001        277.56889000000001        277.56943999999999        277.56891999999999     
 read in sim obs yf   277.12542000000002        277.12542999999999        277.12542000000002        277.12576000000001        277.12544000000003     
 read in sim obs yf   279.06866000000002        279.06866000000002        279.06866000000002        279.06878999999998        279.06867000000000     
 read in sim obs yf   278.86879000000005        278.86879000000005        278.86879000000005        278.86889000000008        278.86879000000005     
 read in sim obs yf   279.08328999999998        279.08328999999998        279.08328999999998        279.08337999999998        279.08328999999998     
 read in sim obs yf   279.22771999999992        279.22771999999992        279.22771999999992        279.22797999999995        279.22772999999995     
 read in sim obs yf   278.04658999999998        278.04660000000001        278.04658999999998        278.04703000000001        278.04662000000002     
 read in sim obs yf   278.90105000000000        278.90105999999997        278.90105000000000        278.90159000000000        278.90107999999998     
 read in sim obs yf   277.96651000000003        277.96651000000003        277.96651000000003        277.96697999999998        277.96652999999998     
 read in sim obs yf   277.61210999999997        277.61210999999997        277.61210999999997        277.61264000000000        277.61214000000001     
 read in sim obs yf   277.59798000000001        277.59798999999998        277.59798000000001        277.59843000000001        277.59800999999999     
 read in sim obs yf   277.50483999999994        277.50484999999992        277.50483999999994        277.50522999999993        277.50486999999993     
 read in sim obs yf   278.66701000000000        278.66701000000000        278.66701000000000        278.66750999999999        278.66703999999999     
 read in sim obs yf   278.81196999999992        278.81196999999992        278.81196999999992        278.81246999999996        278.81199999999995     
 read in sim obs yf   278.54611000000000        278.54611000000000        278.54613999999998        278.54658999999998        278.54615999999999     
 read in sim obs yf   283.12007999999992        283.12007999999992        283.12007999999992        283.12008999999995        283.12007999999992     
 read in sim obs yf   282.04672000000005        282.04673000000008        282.04672000000005        282.04675000000003        282.04673000000008     
 read in sim obs yf   281.54421000000002        281.54421000000002        281.54421000000002        281.54464000000002        281.54423000000003     
 read in sim obs yf   280.92845000000000        280.92844000000002        280.92844000000002        280.92858000000001        280.92845000000000     
 read in sim obs yf   280.12653000000000        280.12653000000000        280.12653000000000        280.12678000000000        280.12655000000001     
 read in sim obs yf   279.11895000000004        279.11896000000007        279.11895000000004        279.11961000000008        279.11900000000009     
 read in sim obs yf   276.33818000000002        276.33819999999997        276.33818000000002        276.33859999999999        276.33821000000000     
 read in sim obs yf   276.79590999999999        276.79592000000002        276.79590999999999        276.79631999999998        276.79593999999997     
 read in sim obs yf   275.77913000000001        275.77915000000002        275.77913000000001        275.77949000000001        275.77915000000002     
 read in sim obs yf   274.46969000000001        274.46971000000002        274.46969999999999        274.46978999999999        274.46969999999999     
 read in sim obs yf   275.46402999999998        275.46406000000002        275.46402999999998        275.46436999999997        275.46406000000002     
 read in sim obs yf   275.16946999999993        275.16949999999997        275.16946999999993        275.16974999999996        275.16949999999997     
 read in sim obs yf   274.49889999999999        274.49892999999997        274.49889999999999        274.49910000000000        274.49892000000000     
 read in sim obs yf   277.52436999999998        277.52438000000001        277.52436999999998        277.52488000000000        277.52440999999999     
 read in sim obs yf   278.56528999999995        278.56528999999995        278.56528999999995        278.56548999999995        278.56529999999992     
 read in sim obs yf   278.41413999999997        278.41413999999997        278.41413999999997        278.41458000000000        278.41417000000001     
 read in sim obs yf   276.14058000000000        276.14058999999997        276.14058000000000        276.14094000000000        276.14060999999998     
 read in sim obs yf   277.53379000000001        277.53379999999999        277.53379000000001        277.53390000000002        277.53379999999999     
 read in sim obs yf   278.49373000000008        278.49374000000006        278.49373000000008        278.49398000000008        278.49376000000007     
 read in sim obs yf   278.96044000000001        278.96044000000001        278.96044000000001        278.96055999999999        278.96044999999998     
 read in sim obs yf   279.14608999999996        279.14609999999993        279.14608999999996        279.14621999999997        279.14609999999993     
 read in sim obs yf   279.31612999999999        279.31612999999999        279.31612999999999        279.31628000000001        279.31612999999999     
 read in sim obs yf   279.03742000000000        279.03742000000000        279.03742000000000        279.03771000000000        279.03744000000000     
 read in sim obs yf   279.58668999999998        279.58668999999998        279.58668999999998        279.58677999999998        279.58668999999998     
 read in sim obs yf   279.42046000000005        279.42046000000005        279.42046000000005        279.42065000000008        279.42047000000008     
 read in sim obs yf   279.20305000000002        279.20305000000002        279.20305000000002        279.20357000000001        279.20308000000000     
 read in sim obs yf   278.62142999999998        278.62144000000001        278.62142999999998        278.62195000000003        278.62146000000001     
 read in sim obs yf   278.78782000000001        278.78782000000001        278.78782000000001        278.78825999999998        278.78784000000002     
 read in sim obs yf   278.75434000000001        278.75434999999999        278.75434000000001        278.75484000000000        278.75436999999999     
 read in sim obs yf   278.44388999999995        278.44389999999993        278.44388999999995        278.44432999999992        278.44391999999993     
 read in sim obs yf   278.72967999999997        278.72967999999997        278.72967999999997        278.73011000000002        278.72969999999998     
 read in sim obs yf   281.63164000000000        281.63164999999998        281.63164000000000        281.63170000000002        281.63164000000000     
 read in sim obs yf   281.72527000000002        281.72525999999999        281.72525999999999        281.72570000000002        281.72530000000000     
 read in sim obs yf   281.39675999999997        281.39675999999997        281.39675999999997        281.39693000000000        281.39677000000000     
 read in sim obs yf   280.84285999999992        280.84284999999994        280.84285999999992        280.84297999999995        280.84286999999995     
 read in sim obs yf   280.35699000000000        280.35699000000000        280.35699000000000        280.35728000000000        280.35701000000000     
 read in sim obs yf   279.93270999999999        279.93270999999999        279.93270999999999        279.93290999999999        279.93272999999999     
 read in sim obs yf   277.19292000000002        277.19294000000002        277.19292000000002        277.19315000000000        277.19295000000000     
 read in sim obs yf   276.03766999999993        276.03768999999994        276.03766999999993        276.03803999999997        276.03768999999994     
 read in sim obs yf   275.25750999999997        275.25753999999995        275.25750999999997        275.25780999999995        275.25752999999992     
 read in sim obs yf   273.75283999999999        273.75286999999997        273.75286000000000        273.75288999999998        273.75285000000002     
 read in sim obs yf   275.65289000000001        275.65291000000002        275.65289000000001        275.65320000000003        275.65291000000002     
 read in sim obs yf   275.23448999999999        275.23451000000000        275.23448999999999        275.23478000000000        275.23451999999997     
 read in sim obs yf   273.99127999999996        273.99129999999997        273.99128999999994        273.99133999999992        273.99128999999994     
 read in sim obs yf   274.44612000000001        274.44614000000001        274.44612999999998        274.44619000000000        274.44612999999998     
 read in sim obs yf   277.52351000000004        277.52352000000008        277.52351000000004        277.52413000000007        277.52356000000003     
 read in sim obs yf   278.22737000000001        278.22737000000001        278.22737000000001        278.22788000000003        278.22739999999999     
 read in sim obs yf   277.23748999999998        277.23750000000001        277.23748999999998        277.23766000000001        277.23750000000001     
 read in sim obs yf   279.68405999999999        279.68407000000002        279.68405999999999        279.68418000000003        279.68407000000002     
 read in sim obs yf   278.98077999999998        278.98077999999998        278.98077999999998        278.98090000000002        278.98077999999998     
 read in sim obs yf   279.07768000000004        279.07768000000004        279.07768000000004        279.07777000000004        279.07769000000008     
 read in sim obs yf   278.97818999999993        278.97819999999996        278.97818999999993        278.97843999999992        278.97820999999993     
 read in sim obs yf   279.09771999999998        279.09771999999998        279.09771999999998        279.09787999999998        279.09773000000001     
 read in sim obs yf   279.22500000000002        279.22500000000002        279.22500000000002        279.22510000000000        279.22501000000000     
 read in sim obs yf   279.31375000000003        279.31375000000003        279.31375000000003        279.31387000000001        279.31376000000000     
 read in sim obs yf   279.37459000000001        279.37459000000001        279.37459000000001        279.37491000000000        279.37461000000002     
 read in sim obs yf   278.77740999999997        278.77742000000001        278.77740999999997        278.77796999999998        278.77744000000001     
 read in sim obs yf   278.18099999999993        278.18099999999993        278.18099999999993        278.18143999999995        278.18101999999993     
 read in sim obs yf   278.16286000000002        278.16287000000000        278.16286000000002        278.16331000000002        278.16289000000000     
 read in sim obs yf   278.05289999999997        278.05289999999997        278.05289999999997        278.05339999999995        278.05292999999995     
 read in sim obs yf   278.44582000000003        278.44583000000000        278.44582000000003        278.44630000000001        278.44585000000001     
 read in sim obs yf   278.69121000000001        278.69121999999999        278.69121000000001        278.69171000000000        278.69123000000002     
 read in sim obs yf   281.84152999999998        281.84152999999998        281.84152000000000        281.84188999999998        281.84156000000002     
 read in sim obs yf   281.52345000000008        281.52345000000008        281.52345000000008        281.52395000000007        281.52349000000004     
 read in sim obs yf   281.18045999999998        281.18045999999998        281.18045999999998        281.18083999999999        281.18049999999999     
 read in sim obs yf   280.81612999999999        280.81612999999999        280.81612999999999        280.81635999999997        280.81614999999999     
 read in sim obs yf   280.47247999999996        280.47247999999996        280.47247999999996        280.47301999999996        280.47250999999994     
 read in sim obs yf   280.15974000000006        280.15975000000003        280.15974000000006        280.16031000000004        280.15978000000007     
 read in sim obs yf   279.41849999999999        279.41849999999999        279.41849999999999        279.41890000000001        279.41852000000000     
 read in sim obs yf   276.49998999999997        276.50000999999992        276.49998999999997        276.50029999999992        276.50000999999992     
 read in sim obs yf   274.10019999999997        274.10023000000001        274.10021999999998        274.10028000000000        274.10021000000000     
 read in sim obs yf   274.29883000000001        274.29885999999999        274.29885000000002        274.29890000000000        274.29883999999998     
 read in sim obs yf   273.93651000000000        273.93653999999998        273.93651999999997        273.93657000000002        273.93651000000000     
 read in sim obs yf   276.10952999999995        276.10953999999992        276.10952999999995        276.10987999999992        276.10954999999996     
 read in sim obs yf   273.88540999999998        273.88544000000002        273.88542999999999        273.88547000000000        273.88542000000001     
 read in sim obs yf   273.66843000000000        273.66845999999998        273.66845000000001        273.66845999999998        273.66843999999998     
 read in sim obs yf   274.87842999999998        274.87844999999999        274.87842999999998        274.87867000000000        274.87844999999999     
 read in sim obs yf   277.45044000000007        277.45045000000005        277.45044000000007        277.45101000000005        277.45047000000005     
 read in sim obs yf   279.10379999999998        279.10381000000001        279.10379999999998        279.10413999999997        279.10381999999998     
 read in sim obs yf   279.93529000000001        279.93529000000001        279.93529000000001        279.93542000000002        279.93529999999998     
 read in sim obs yf   278.80098999999996        278.80098999999996        278.80098999999996        278.80124999999992        278.80099999999993     
 read in sim obs yf   278.95652000000001        278.95652999999999        278.95652000000001        278.95666999999997        278.95652999999999     
 read in sim obs yf   278.69297999999992        278.69298999999995        278.69297999999992        278.69327999999996        278.69300999999996     
 read in sim obs yf   279.20896999999997        279.20896999999997        279.20896999999997        279.20904999999993        279.20896999999997     
 read in sim obs yf   279.28517999999997        279.28517999999997        279.28517999999997        279.28524999999996        279.28518999999994     
 read in sim obs yf   279.29973999999999        279.29973999999999        279.29973999999999        279.29986000000002        279.29975000000002     
 read in sim obs yf   279.47559999999999        279.47559999999999        279.47559999999999        279.47581000000002        279.47561000000002     
 read in sim obs yf   278.88522999999998        278.88524000000001        278.88522999999998        278.88580999999999        278.88526000000002     
 read in sim obs yf   278.47152000000000        278.47152000000000        278.47152000000000        278.47188999999997        278.47154000000000     
 read in sim obs yf   278.16512999999998        278.16512999999998        278.16512999999998        278.16561000000002        278.16516000000001     
 read in sim obs yf   277.85825000000000        277.85825999999997        277.85825000000000        277.85874000000001        277.85827999999998     
 read in sim obs yf   278.40249000000000        278.40249000000000        278.40249000000000        278.40294000000000        278.40251000000001     
 read in sim obs yf   278.69056000000000        278.69056999999998        278.69056000000000        278.69099999999997        278.69058000000001     
 read in sim obs yf   282.86491000000001        282.86491000000001        282.86489999999998        282.86493999999999        282.86491000000001     
 read in sim obs yf   281.69617000000000        281.69616000000002        281.69617000000000        281.69668000000001        281.69621000000001     
 read in sim obs yf   281.43234999999999        281.43234999999999        281.43234999999999        281.43277000000000        281.43239000000000     
 read in sim obs yf   281.11008999999996        281.11008999999996        281.11008999999996        281.11042999999995        281.11010999999996     
 read in sim obs yf   280.75202000000007        280.75202000000007        280.75202000000007        280.75251000000003        280.75206000000003     
 read in sim obs yf   280.31816000000003        280.31816000000003        280.31816000000003        280.31876000000005        280.31820000000005     
 read in sim obs yf   280.07038999999997        280.07038999999997        280.07038999999997        280.07091000000003        280.07042000000001     
 read in sim obs yf   280.94076000000001        280.94076000000001        280.94076000000001        280.94085000000001        280.94076999999999     
 read in sim obs yf   278.66654000000000        278.66654999999997        278.66654000000000        278.66672000000000        278.66654999999997     
 read in sim obs yf   273.73433999999997        273.73437999999999        273.73435999999998        273.73437999999999        273.73435000000001     
 read in sim obs yf   273.97708000000000        273.97710999999998        273.97708999999998        273.97712999999999        273.97708999999998     
 read in sim obs yf   273.73288000000002        273.73291000000000        273.73289000000000        273.73291999999998        273.73289000000000     
 read in sim obs yf   275.61333000000002        275.61335000000003        275.61333000000002        275.61362000000003        275.61335000000003     
 read in sim obs yf   273.60449000000000        273.60453000000001        273.60451000000000        273.60455000000002        273.60449999999997     
 read in sim obs yf   273.69695999999999        273.69698000000000        273.69697000000002        273.69704000000002        273.69697000000002     
 read in sim obs yf   274.51697000000001        274.51699000000002        274.51697999999999        274.51708000000002        274.51697999999999     
 read in sim obs yf   276.41809999999998        276.41811000000001        276.41809999999998        276.41847999999999        276.41811999999999     
 read in sim obs yf   279.78302000000002        279.78302000000002        279.78302000000002        279.78327999999999        279.78303000000000     
 read in sim obs yf   280.84838000000002        280.84838000000002        280.84838000000002        280.84841000000000        280.84838000000002     
 read in sim obs yf   277.68376999999998        277.68378999999999        277.68376999999998        277.68439999999998        277.68382000000003     
 read in sim obs yf   278.43380999999999        278.43382000000003        278.43380999999999        278.43416999999999        278.43383000000000     
 read in sim obs yf   278.54198000000002        278.54199000000000        278.54198000000002        278.54232000000002        278.54201000000000     
 read in sim obs yf   279.06040000000007        279.06040000000007        279.06040000000007        279.06058000000007        279.06041000000005     
 read in sim obs yf   279.33863000000002        279.33863000000002        279.33863000000002        279.33873999999997        279.33864000000000     
 read in sim obs yf   279.36808000000002        279.36808000000002        279.36808000000002        279.36822000000001        279.36809000000000     
 read in sim obs yf   279.48658999999998        279.48658999999998        279.48658999999998        279.48678000000001        279.48660000000001     
 read in sim obs yf   278.60824999999994        278.60825999999992        278.60824999999994        278.60857999999996        278.60826999999995     
 read in sim obs yf   278.23947999999996        278.23948999999993        278.23947999999996        278.23986999999994        278.23949999999996     
 read in sim obs yf   278.15107999999998        278.15107999999998        278.15107999999998        278.15143999999998        278.15109999999999     
 read in sim obs yf   277.85613999999993        277.85614999999996        277.85613999999993        277.85657999999995        277.85616999999996     
 read in sim obs yf   278.13941999999997        278.13943000000000        278.13941999999997        278.13983999999999        278.13943999999998     
 read in sim obs yf   280.98295000000002        280.98295000000002        280.98295000000002        280.98302000000001        280.98295000000002     
 read in sim obs yf   280.16663999999997        280.16665000000000        280.16663999999997        280.16676000000001        280.16665000000000     
 read in sim obs yf   283.02609999999999        283.02609999999999        283.02609999999999        283.02609999999999        283.02609999999999     
 read in sim obs yf   282.13342000000000        282.13342000000000        282.13342000000000        282.13367000000000        282.13344000000001     
 read in sim obs yf   281.55177000000003        281.55177000000003        281.55177000000003        281.55227000000008        281.55181000000005     
 read in sim obs yf   281.30715999999995        281.30715999999995        281.30715999999995        281.30747999999994        281.30718999999993     
 read in sim obs yf   280.84595999999993        280.84595999999993        280.84595999999993        280.84652999999992        280.84599999999995     
 read in sim obs yf   280.41023000000001        280.41023000000001        280.41023000000001        280.41088000000002        280.41027000000003     
 read in sim obs yf   280.23710000000005        280.23710000000005        280.23710000000005        280.23771000000005        280.23714000000007     
 read in sim obs yf   279.24350999999996        279.24351999999993        279.24350999999996        279.24385999999993        279.24353999999994     
 read in sim obs yf   280.07420999999999        280.07420999999999        280.07420999999999        280.07432000000000        280.07420999999999     
 read in sim obs yf   280.79295000000002        280.79295000000002        280.79295000000002        280.79295999999999        280.79295000000002     
 read in sim obs yf   275.70662999999996        275.70663999999994        275.70662999999996        275.70666999999992        275.70662999999996     
 read in sim obs yf   273.70834000000002        273.70837999999998        273.70836000000003        273.70839000000001        273.70835000000000     
 read in sim obs yf   273.77285000000001        273.77289000000002        273.77287000000001        273.77289000000002        273.77285999999998     
 read in sim obs yf   274.64024999999998        274.64026999999999        274.64024999999998        274.64037999999999        274.64026000000001     
 read in sim obs yf   274.79171000000008        274.79174000000006        274.79171000000008        274.79191000000003        274.79173000000003     
 read in sim obs yf   274.15519000000006        274.15521000000007        274.15520000000004        274.15530000000007        274.15520000000004     
 read in sim obs yf   275.00794000000002        275.00796000000003        275.00794000000002        275.00823000000003        275.00796000000003     
 read in sim obs yf   275.89916999999997        275.89917999999994        275.89916999999997        275.89949999999993        275.89918999999992     
 read in sim obs yf   279.91525000000001        279.91525999999999        279.91525000000001        279.91528000000000        279.91525000000001     
 read in sim obs yf   276.92151999999999        276.92153000000002        276.92151999999999        276.92187000000001        276.92153999999999     
 read in sim obs yf   278.04721999999998        278.04723000000001        278.04721999999998        278.04781000000003        278.04725000000002     
 read in sim obs yf   278.98683999999992        278.98683999999992        278.98683999999992        278.98718999999994        278.98685999999992     
 read in sim obs yf   279.66007999999999        279.66007999999999        279.66007999999999        279.66016000000002        279.66009000000003     
 read in sim obs yf   279.59276999999992        279.59277999999995        279.59276999999992        279.59286999999995        279.59277999999995     
 read in sim obs yf   279.44348999999994        279.44348999999994        279.44348999999994        279.44428999999997        279.44349999999991     
 read in sim obs yf   279.37389999999999        279.37389999999999        279.37389999999999        279.37430999999998        279.37392999999997     
 read in sim obs yf   278.79230000000007        278.79231000000004        278.79230000000007        278.79277000000008        278.79233000000005     
 read in sim obs yf   279.01702999999998        279.01704000000001        279.01702999999998        279.01756999999998        279.01708000000002     
 read in sim obs yf   276.78237000000001        276.78237999999999        276.78237000000001        276.78278999999998        276.78240000000000     
 read in sim obs yf   277.88699000000003        277.88700000000000        277.88699000000003        277.88738999999998        277.88702000000001     
 read in sim obs yf   278.24930000000001        278.24930999999998        278.24930000000001        278.24966000000001        278.24932000000001     
 read in sim obs yf   281.16399999999999        281.16399999999999        281.16399999999999        281.16406999999998        281.16399999999999     
 read in sim obs yf   278.46679999999998        278.46681000000001        278.46679999999998        278.46722000000000        278.46683000000002     
 read in sim obs yf   281.00201999999996        281.00202999999993        281.00201999999996        281.00209999999993        281.00202999999993     
 read in sim obs yf   282.77568000000002        282.77568000000002        282.77568000000002        282.77568000000002        282.77568000000002     
 read in sim obs yf   282.21145000000007        282.21145000000007        282.21145000000007        282.21150000000006        282.21146000000005     
 read in sim obs yf   281.73964000000007        281.73964000000007        281.73964000000007        281.74009000000007        281.73967000000005     
 read in sim obs yf   281.60100999999997        281.60100999999997        281.60100999999997        281.60144000000003        281.60104999999999     
 read in sim obs yf   281.12734999999998        281.12734999999998        281.12734999999998        281.12777999999997        281.12738000000002     
 read in sim obs yf   280.65721000000002        280.65721000000002        280.65721000000002        280.65787000000000        280.65726000000001     
 read in sim obs yf   280.37333000000001        280.37333000000001        280.37333000000001        280.37400000000002        280.37337000000002     
 read in sim obs yf   280.34106999999995        280.34106999999995        280.34105999999997        280.34165999999993        280.34109999999993     
 read in sim obs yf   279.07938000000001        279.07938999999999        279.07938000000001        279.07969000000003        279.07940000000002     
 read in sim obs yf   280.19306000000000        280.19306999999998        280.19306000000000        280.19322000000000        280.19306999999998     
 read in sim obs yf   278.87570999999997        278.87571999999994        278.87570999999997        278.87579999999997        278.87571999999994     
 read in sim obs yf   276.25275999999997        276.25277999999992        276.25276999999994        276.25280999999995        276.25276999999994     
 read in sim obs yf   276.00703999999996        276.00704999999994        276.00703999999996        276.00710999999995        276.00703999999996     
 read in sim obs yf   274.05694999999997        274.05696999999998        274.05696000000000        274.05700000000002        274.05696000000000     
 read in sim obs yf   275.05472999999995        275.05474999999996        275.05472999999995        275.05495999999994        275.05474999999996     
 read in sim obs yf   275.64159999999998        275.64161999999999        275.64159999999998        275.64186999999998        275.64161999999999     
 read in sim obs yf   273.68263999999994        273.68267999999995        273.68265999999994        273.68271999999996        273.68264999999997     
 read in sim obs yf   275.71737000000002        275.71739000000002        275.71737000000002        275.71764999999999        275.71739000000002     
 read in sim obs yf   280.34307000000007        280.34307000000007        280.34307000000007        280.34308000000004        280.34307000000007     
 read in sim obs yf   281.22732000000002        281.22732000000002        281.22732000000002        281.22734000000003        281.22732000000002     
 read in sim obs yf   276.49441999999993        276.49442999999997        276.49441999999993        276.49474999999995        276.49442999999997     
 read in sim obs yf   277.51816000000002        277.51816000000002        277.51816000000002        277.51870000000002        277.51819000000000     
 read in sim obs yf   278.33857000000000        278.33857999999998        278.33857000000000        278.33904999999999        278.33859999999999     
 read in sim obs yf   279.27366000000001        279.27366999999998        279.27366000000001        279.27395999999999        279.27368000000001     
 read in sim obs yf   279.33842999999996        279.33842999999996        279.33842999999996        279.33868999999993        279.33843999999993     
 read in sim obs yf   279.10205999999999        279.10207000000003        279.10205999999999        279.10253000000000        279.10208999999998     
 read in sim obs yf   279.22692999999998        279.22692999999998        279.22692999999998        279.22728999999998        279.22694999999999     
 read in sim obs yf   279.23349999999999        279.23349999999999        279.23349999999999        279.23385999999999        279.23340999999999     
 read in sim obs yf   278.44287000000003        278.44287000000003        278.44287000000003        278.44328000000002        278.44288999999998     
 read in sim obs yf   276.07990999999998        276.07992999999999        276.07990999999998        276.08028000000002        276.07994000000002     
 read in sim obs yf   278.08866000000006        278.08867000000004        278.08866000000006        278.08897000000007        278.08868000000007     
 read in sim obs yf   280.15458999999998        280.15458999999998        280.15458999999998        280.15476999999998        280.15458999999998     
 read in sim obs yf   281.76900000000001        281.76900000000001        281.76900000000001        281.76900999999998        281.76900000000001     
 read in sim obs yf   277.65429000000000        277.65429999999998        277.65429000000000        277.65492000000000        277.65433000000002     
 read in sim obs yf   279.90122000000002        279.90123000000000        279.90122000000002        279.90141000000000        279.90123999999997     
 read in sim obs yf   282.16572000000002        282.16572000000002        282.16572000000002        282.16575999999998        282.16572000000002     
 read in sim obs yf   282.39233999999999        282.39233999999999        282.39233999999999        282.39233999999999        282.39233999999999     
 read in sim obs yf   281.98417999999992        281.98417999999992        281.98417999999992        281.98418999999996        281.98417999999992     
 read in sim obs yf   281.38212999999996        281.38212999999996        281.38212999999996        281.38232999999997        281.38213999999994     
 read in sim obs yf   281.36734000000001        281.36734000000001        281.36734000000001        281.36797999999999        281.36739000000000     
 read in sim obs yf   281.34611999999998        281.34611999999998        281.34611999999998        281.34661999999997        281.34615000000002     
 read in sim obs yf   280.86369000000002        280.86369000000002        280.86369000000002        280.86421000000001        280.86372999999998     
 read in sim obs yf   280.52056000000005        280.52056000000005        280.52056000000005        280.52122000000008        280.52061000000003     
 read in sim obs yf   280.25538999999998        280.25540000000001        280.25538999999998        280.25608000000000        280.25542999999999     
 read in sim obs yf   280.23280000000000        280.23280000000000        280.23279000000002        280.23340999999999        280.23282000000000     
 read in sim obs yf   280.23517999999996        280.23518999999993        280.23517999999996        280.23535999999996        280.23518999999993     
 read in sim obs yf   280.78118000000001        280.78118000000001        280.78118000000001        280.78124000000003        280.78118000000001     
 read in sim obs yf   278.39496000000003        278.39497000000000        278.39496000000003        278.39508000000001        278.39497000000000     
 read in sim obs yf   276.80302000000000        276.80302999999998        276.80302000000000        276.80308000000002        276.80302999999998     
 read in sim obs yf   274.14227000000000        274.14229999999998        274.14229000000000        274.14233000000002        274.14228000000003     
 read in sim obs yf   275.84706000000000        275.84708000000001        275.84706000000000        275.84732000000002        275.84708000000001     
 read in sim obs yf   274.42795000000001        274.42797000000002        274.42795999999998        274.42808000000002        274.42795999999998     
 read in sim obs yf   275.35577000000006        275.35579000000007        275.35577000000006        275.35606000000007        275.35580000000004     
 read in sim obs yf   277.01164999999997        277.01166000000001        277.01164999999997        277.01199000000003        277.01166999999998     
 read in sim obs yf   280.20812000000001        280.20812000000001        280.20812000000001        280.20817000000000        280.20812000000001     
 read in sim obs yf   280.95024999999998        280.95024999999998        280.95024999999998        280.95031999999998        280.95024999999998     
 read in sim obs yf   275.79163999999997        275.79165999999998        275.79163999999997        275.79169999999999        275.79163999999997     
 read in sim obs yf   275.90917000000002        275.90917999999999        275.90917000000002        275.90949000000001        275.90919000000002     
 read in sim obs yf   276.47329000000008        276.47331000000008        276.47329000000008        276.47362000000004        276.47331000000008     
 read in sim obs yf   278.08136999999999        278.08138000000002        278.08136999999999        278.08193000000000        278.08139999999997     
 read in sim obs yf   278.98710000000000        278.98710999999997        278.98710000000000        278.98761999999999        278.98712999999998     
 read in sim obs yf   278.82148000000001        278.82148999999998        278.82148000000001        278.82188000000002        278.82150999999999     
 read in sim obs yf   278.53291000000002        278.53291000000002        278.53291000000002        278.53325999999998        278.53293000000002     
 read in sim obs yf   279.25366000000002        279.25366000000002        279.25366000000002        279.25380999999999        279.25367000000000     
 read in sim obs yf   277.74173999999999        277.74175000000002        277.74173999999999        277.74223999999998        277.74178000000001     
 read in sim obs yf   276.48612000000003        276.48613999999998        276.48612000000003        276.48649000000000        276.48615000000001     
 read in sim obs yf   277.16230000000002        277.16232000000002        277.16230000000002        277.16241000000002        277.16230999999999     
 read in sim obs yf   279.51739000000003        279.51740000000007        279.51739000000003        279.51747000000006        279.51739000000003     
 read in sim obs yf   281.98361000000006        281.98361000000006        281.98361000000006        281.98361000000006        281.98361000000006     
 read in sim obs yf   276.92603000000003        276.92604000000000        276.92601999999999        276.92662000000001        276.92606000000001     
 read in sim obs yf   277.16300999999999        277.16304000000002        277.16300999999999        277.16325000000001        277.16302999999999     
 read in sim obs yf   282.07567000000000        282.07567000000000        282.07567000000000        282.07569999999998        282.07567000000000     
 read in sim obs yf   282.00267000000002        282.00267000000002        282.00267000000002        282.00267000000002        282.00267000000002     
 read in sim obs yf   281.01049000000000        281.01049000000000        281.01049000000000        281.01053000000002        281.01049000000000     
 read in sim obs yf   281.16113000000001        281.16113000000001        281.16113000000001        281.16113999999999        281.16113000000001     
 read in sim obs yf   280.98520000000002        280.98521000000000        280.98520000000002        280.98541999999998        280.98522000000003     
 read in sim obs yf   281.16653999999994        281.16653999999994        281.16653999999994        281.16707999999994        281.16656999999992     
 read in sim obs yf   281.21433000000002        281.21433000000002        281.21433000000002        281.21478999999999        281.21435000000002     
 read in sim obs yf   280.81043000000000        280.81043000000000        280.81043000000000        280.81094999999999        280.81047000000001     
 read in sim obs yf   280.56288999999998        280.56288999999998        280.56288999999998        280.56348000000003        280.56292999999999     
 read in sim obs yf   280.27387999999996        280.27387999999996        280.27387999999996        280.27429999999993        280.27389999999997     
 read in sim obs yf   280.09646999999995        280.09646999999995        280.09646999999995        280.09698999999995        280.09648999999996     
 read in sim obs yf   280.71008999999998        280.71008999999998        280.71008999999998        280.71030000000002        280.71010000000001     
 read in sim obs yf   281.60417999999999        281.60417999999999        281.60417999999999        281.60417999999999        281.60417999999999     
 read in sim obs yf   280.72656999999998        280.72656999999998        280.72656999999998        280.72660999999999        280.72656999999998     
 read in sim obs yf   280.23908999999998        280.23908999999998        280.23908999999998        280.23910999999998        280.23908999999998     
 read in sim obs yf   276.58733999999998        276.58735999999999        276.58733999999998        276.58760000000001        276.58735999999999     
 read in sim obs yf   275.07765000000001        275.07767999999999        275.07765000000001        275.07790999999997        275.07767000000001     
 read in sim obs yf   274.70913999999993        274.70915999999994        274.70914999999997        274.70920999999993        274.70914999999997     
 read in sim obs yf   275.62167999999997        275.62169999999992        275.62167999999997        275.62195999999994        275.62169999999992     
 read in sim obs yf   277.58620999999999        277.58622000000003        277.58620999999999        277.58654999999999        277.58623000000000     
 read in sim obs yf   280.09748000000002        280.09748999999999        280.09748000000002        280.09755999999999        280.09748999999999     
 read in sim obs yf   281.27652000000000        281.27652000000000        281.27652000000000        281.27654999999999        281.27652000000000     
 read in sim obs yf   275.70122999999995        275.70124999999996        275.70122999999995        275.70130999999992        275.70123999999993     
 read in sim obs yf   273.88215000000002        273.88218999999998        273.88218000000001        273.88222000000002        273.88216000000000     
 read in sim obs yf   274.52894999999995        274.52897999999993        274.52895999999993        274.52900999999997        274.52895999999993     
 read in sim obs yf   275.41857999999996        275.41860999999994        275.41857999999996        275.41881999999993        275.41859999999997     
 read in sim obs yf   276.75786999999997        276.75788999999992        276.75786999999997        276.75816999999995        276.75789999999995     
 read in sim obs yf   278.08161000000001        278.08161000000001        278.08161000000001        278.08195999999998        278.08163000000002     
 read in sim obs yf   278.62385999999992        278.62385999999992        278.62385999999992        278.62435999999997        278.62388999999996     
 read in sim obs yf   278.95920000000001        278.95920000000001        278.95920000000001        278.95967000000002        278.95924000000002     
 read in sim obs yf   276.90295000000003        276.90296000000006        276.90295000000003        276.90338000000008        276.90298000000007     
 read in sim obs yf   277.47110999999995        277.47111999999993        277.47110999999995        277.47138999999993        277.47111999999993     
 read in sim obs yf   275.29201000000000        275.29203000000001        275.29201000000000        275.29208000000000        275.29201000000000     
 read in sim obs yf   280.79987999999997        280.79989000000000        280.79987999999997        280.79996999999997        280.79987999999997     
 read in sim obs yf   276.64852999999999        276.64855000000000        276.64852999999999        276.64904999999999        276.64855999999997     
 read in sim obs yf   275.94256000000007        275.94260000000008        275.94256000000007        275.94282000000004        275.94258000000008     
 read in sim obs yf   281.36977000000007        281.36978000000005        281.36977000000007        281.36979000000008        281.36978000000005     
 read in sim obs yf   280.48511000000002        280.48511999999999        280.48511000000002        280.48534999999998        280.48513000000003     
 read in sim obs yf   280.25002999999998        280.25004000000001        280.25002999999998        280.25033000000002        280.25006000000002     
 read in sim obs yf   279.94871000000001        279.94871999999998        279.94871000000001        279.94898999999998        279.94873999999999     
 read in sim obs yf   280.02825000000001        280.02825999999999        280.02825000000001        280.02863000000002        280.02828000000000     
 read in sim obs yf   280.84176000000002        280.84176000000002        280.84176000000002        280.84230000000002        280.84179999999998     
 read in sim obs yf   281.00560000000002        281.00560000000002        281.00560000000002        281.00617999999997        281.00564000000003     
 read in sim obs yf   280.89107000000001        280.89107000000001        280.89107000000001        280.89154000000002        280.89109999999999     
 read in sim obs yf   280.49945000000002        280.49945000000002        280.49945000000002        280.50015999999999        280.49950000000001     
 read in sim obs yf   280.28467999999992        280.28467999999992        280.28467999999992        280.28500999999994        280.28469999999993     
 read in sim obs yf   280.01907999999997        280.01907999999997        280.01907999999997        280.01956999999999        280.01909999999998     
 read in sim obs yf   280.29068999999993        280.29068999999993        280.29068999999993        280.29099999999994        280.29070999999993     
 read in sim obs yf   280.45719999999994        280.45720999999992        280.45719999999994        280.45723999999996        280.45720999999992     
 read in sim obs yf   276.53832999999997        276.53834999999998        276.53832999999997        276.53847000000002        276.53834000000001     
 read in sim obs yf   275.81745000000001        275.81747999999999        275.81745000000001        275.81767000000002        275.81747000000001     
 read in sim obs yf   276.50297999999998        276.50301000000002        276.50297999999998        276.50317000000001        276.50299999999999     
 read in sim obs yf   277.92224999999996        277.92225999999994        277.92224999999996        277.92266999999993        277.92227999999994     
 read in sim obs yf   281.24915999999996        281.24916999999994        281.24915999999996        281.24929999999995        281.24916999999994     
 read in sim obs yf   278.81002999999998        278.81004000000001        278.81002999999998        278.81009000000000        278.81002999999998     
 read in sim obs yf   273.88673999999997        273.88677000000001        273.88675999999998        273.88679999999999        273.88673999999997     
 read in sim obs yf   273.97917999999999        273.97921000000002        273.97919999999999        273.97924000000000        273.97919000000002     
 read in sim obs yf   274.22734000000003        274.22735999999998        274.22735000000000        274.22739000000001        274.22734000000003     
 read in sim obs yf   275.66455000000002        275.66458000000000        275.66455000000002        275.66476000000000        275.66457000000003     
 read in sim obs yf   276.49221000000000        276.49223000000001        276.49221000000000        276.49248000000000        276.49223000000001     
 read in sim obs yf   277.15391999999997        277.15392999999995        277.15391999999997        277.15425999999997        277.15393999999992     
 read in sim obs yf   278.10780000000000        278.10780999999997        278.10780000000000        278.10827000000000        278.10784000000001     
 read in sim obs yf   277.24655000000001        277.24655999999999        277.24655000000001        277.24698000000001        277.24657999999999     
 read in sim obs yf   276.64956000000001        276.64958000000001        276.64956000000001        276.64988000000000        276.64958000000001     
 read in sim obs yf   276.08828000000000        276.08830999999998        276.08828000000000        276.08841999999999        276.08828999999997     
 read in sim obs yf   281.34052000000003        281.34053000000000        281.34052000000003        281.34055999999998        281.34053000000000     
 read in sim obs yf   275.97703999999999        275.97707000000003        275.97703999999999        275.97739999999999        275.97705999999999     
 read in sim obs yf   279.62109999999996        279.62110999999993        279.62109999999996        279.62127999999996        279.62110999999993     
 read in sim obs yf   279.96854000000002        279.96854000000002        279.96854000000002        279.96863999999999        279.96854000000002     
 read in sim obs yf   279.91712000000001        279.91712000000001        279.91712000000001        279.91735000000000        279.91712999999999     
 read in sim obs yf   280.09264000000007        280.09264000000007        280.09264000000007        280.09284000000008        280.09266000000008     
 read in sim obs yf   279.94701000000003        279.94701000000003        279.94701000000003        279.94709000000006        279.94702000000007     
 read in sim obs yf   280.05681999999996        280.05681999999996        280.05681999999996        280.05695999999995        280.05682999999993     
 read in sim obs yf   280.61063000000001        280.61063000000001        280.61063000000001        280.61119000000002        280.61067000000003     
 read in sim obs yf   280.79331999999999        280.79333000000003        280.79331999999999        280.79390000000001        280.79336999999998     
 read in sim obs yf   280.77595000000002        280.77595000000002        280.77595000000002        280.77650999999997        280.77598999999998     
 read in sim obs yf   280.51961999999997        280.51961999999997        280.51961999999997        280.52019000000001        280.51965999999999     
 read in sim obs yf   280.13310999999993        280.13311999999996        280.13310999999993        280.13362999999993        280.13314999999994     
 read in sim obs yf   279.84080999999998        279.84080999999998        279.84080999999998        279.84131000000002        279.84084000000001     
 read in sim obs yf   279.62495999999999        279.62497000000002        279.62495999999999        279.62522999999999        279.62497999999999     
 read in sim obs yf   282.42198999999999        282.42198999999999        282.42198999999999        282.42198999999999        282.42198999999999     
 read in sim obs yf   282.28532999999999        282.28532999999999        282.28532999999999        282.28534999999999        282.28532999999999     
 read in sim obs yf   280.54196999999994        280.54197999999997        280.54196999999994        280.54215999999997        280.54198999999994     
 read in sim obs yf   281.69022999999999        281.69022999999999        281.69022999999999        281.69024000000002        281.69022999999999     
 read in sim obs yf   279.91672000000000        279.91672000000000        279.91672000000000        279.91687000000002        279.91672000000000     
 read in sim obs yf   277.36153999999999        277.36156000000000        277.36153999999999        277.36176999999998        277.36156000000000     
 read in sim obs yf   274.99642999999998        274.99646000000001        274.99642000000000        274.99668000000003        274.99644000000001     
 read in sim obs yf   277.43468999999999        277.43470000000002        277.43468999999999        277.43508000000003        277.43472000000003     
 read in sim obs yf   278.28034000000008        278.28034000000008        278.28034000000008        278.28074000000004        278.28036000000003     
 read in sim obs yf   280.44594000000001        280.44594000000001        280.44594000000001        280.44619999999998        280.44596000000001     
 read in sim obs yf   281.76098999999999        281.76098999999999        281.76098999999999        281.76098999999999        281.76098999999999     
 read in sim obs yf   278.89168999999998        278.89170000000001        278.89168999999998        278.89195000000001        278.89170999999999     
 read in sim obs yf   276.54246999999998        276.54250000000002        276.54246999999998        276.54268999999999        276.54248999999999     
 read in sim obs yf   274.33435000000003        274.33438000000007        274.33437000000004        274.33444000000003        274.33436000000006     
 read in sim obs yf   275.82605000000007        275.82607000000007        275.82606000000004        275.82611000000009        275.82606000000004     
 read in sim obs yf   275.90032000000008        275.90034000000009        275.90032000000008        275.90040000000005        275.90033000000005     
 read in sim obs yf   274.20826000000000        274.20828999999998        274.20828000000000        274.20832999999999        274.20827000000003     
 read in sim obs yf   276.71928000000003        276.71931000000001        276.71928000000003        276.71960000000001        276.71931000000001     
 read in sim obs yf   278.00463000000002        278.00463000000002        278.00463000000002        278.00508000000002        278.00466000000000     
 read in sim obs yf   277.12076000000002        277.12078000000002        277.12076000000002        277.12105000000003        277.12079000000000     
 read in sim obs yf   275.98196999999999        275.98199000000000        275.98196999999999        275.98226000000000        275.98199000000000     
 read in sim obs yf   278.33127999999999        278.33130000000000        278.33127999999999        278.33154999999999        278.33130000000000     
 read in sim obs yf   281.74232000000001        281.74232000000001        281.74232000000001        281.74232999999998        281.74232000000001     
 read in sim obs yf   279.32592999999997        279.32592999999997        279.32592999999997        279.32613999999995        279.32592999999997     
 read in sim obs yf   280.35138999999998        280.35138999999998        280.35138999999998        280.35147000000001        280.35138999999998     
 read in sim obs yf   280.34550999999993        280.34551999999996        280.34550999999993        280.34583999999995        280.34551999999996     
 read in sim obs yf   280.28201999999999        280.28201999999999        280.28201999999999        280.28213000000000        280.28203000000002     
 read in sim obs yf   279.81533999999999        279.81533999999999        279.81533999999999        279.81545999999997        279.81535000000002     
 read in sim obs yf   279.60197999999997        279.60197999999997        279.60197999999997        279.60205999999994        279.60197999999997     
 read in sim obs yf   279.49792000000002        279.49793000000000        279.49792000000002        279.49835000000002        279.49795999999998     
 read in sim obs yf   280.66883999999999        280.66883999999999        280.66883999999999        280.66915000000000        280.66886000000000     
 read in sim obs yf   281.07999000000001        281.07999000000001        281.07999000000001        281.08028999999999        281.08001999999999     
 read in sim obs yf   280.67516999999998        280.67516999999998        280.67516999999998        280.67563999999999        280.67520999999999     
 read in sim obs yf   280.60633999999999        280.60633999999999        280.60633999999999        280.60678000000001        280.60637000000003     
 read in sim obs yf   280.39659000000000        280.39659000000000        280.39659000000000        280.39706999999999        280.39661999999998     
 read in sim obs yf   280.09487000000001        280.09487000000001        280.09487000000001        280.09534000000002        280.09491000000003     
 read in sim obs yf   279.16613999999998        279.16615000000002        279.16613999999998        279.16651999999999        279.16617000000002     
 read in sim obs yf   280.96055999999999        280.96055999999999        280.96055999999999        280.96080000000001        280.96059000000002     
 read in sim obs yf   280.40478000000007        280.40479000000005        280.40478000000007        280.40500000000003        280.40481000000005     
 read in sim obs yf   281.28974000000005        281.28974000000005        281.28974000000005        281.28986000000003        281.28975000000008     
 read in sim obs yf   279.83843999999999        279.83843999999999        279.83843999999999        279.83866000000000        279.83843999999999     
 read in sim obs yf   276.35541000000001        276.35541999999998        276.35541000000001        276.35575999999998        276.35543000000001     
 read in sim obs yf   277.88072999999997        277.88073999999995        277.88072999999997        277.88105999999993        277.88074999999992     
 read in sim obs yf   279.56675999999999        279.56675999999999        279.56675999999999        279.56700000000001        279.56677000000002     
 read in sim obs yf   279.31966999999997        279.31966999999997        279.31966999999997        279.32017999999999        279.31970999999999     
 read in sim obs yf   281.63346999999999        281.63346999999999        281.63346999999999        281.63351000000000        281.63346999999999     
 read in sim obs yf   279.63776000000001        279.63776000000001        279.63776000000001        279.63835999999998        279.63780000000003     
 read in sim obs yf   278.26278000000002        278.26278000000002        278.26278000000002        278.26326000000000        278.26281999999998     
 read in sim obs yf   277.12902000000003        277.12903000000000        277.12902000000003        277.12948000000000        277.12905999999998     
 read in sim obs yf   277.46886000000001        277.46886999999998        277.46886000000001        277.46926999999999        277.46888999999999     
 read in sim obs yf   278.21150000000006        278.21151000000003        278.21150000000006        278.21177000000006        278.21152000000006     
 read in sim obs yf   275.50042000000002        275.50045999999998        275.50042000000002        275.50065999999998        275.50045000000000     
 read in sim obs yf   275.21748000000002        275.21751999999998        275.21748000000002        275.21771000000001        275.21751000000000     
 read in sim obs yf   275.93693999999999        275.93696000000000        275.93693999999999        275.93725999999998        275.93696999999997     
 read in sim obs yf   274.69450000000001        274.69452999999999        274.69450000000001        274.69466000000000        274.69452000000001     
 read in sim obs yf   275.84425000000005        275.84428000000008        275.84425000000005        275.84445000000005        275.84427000000005     
 read in sim obs yf   280.01580999999999        280.01582000000002        280.01580999999999        280.01585999999998        280.01580999999999     
 read in sim obs yf   282.07596999999998        282.07596999999998        282.07596999999998        282.07596999999998        282.07596999999998     
 read in sim obs yf   278.31130000000002        278.31130000000002        278.31130000000002        278.31171000000001        278.31132000000002     
 read in sim obs yf   279.25912999999997        279.25912999999997        279.25912999999997        279.25949999999995        279.25913999999995     
 read in sim obs yf   279.99880999999999        279.99880999999999        279.99880000000002        279.99907000000002        279.99882000000002     
 read in sim obs yf   279.84300000000002        279.84300000000002        279.84300000000002        279.84312000000000        279.84300000000002     
 read in sim obs yf   279.40055999999998        279.40055999999998        279.40055999999998        279.40078000000000        279.40057000000002     
 read in sim obs yf   278.67401000000007        278.67402000000004        278.67401000000007        278.67428000000007        278.67404000000005     
 read in sim obs yf   279.76830999999993        279.76830999999993        279.76830999999993        279.76842999999997        279.76830999999993     
 read in sim obs yf   280.44822999999997        280.44822999999997        280.44822999999997        280.44845999999995        280.44823999999994     
 read in sim obs yf   280.92497000000003        280.92497000000003        280.92497000000003        280.92516000000006        280.92498000000006     
 read in sim obs yf   280.58253000000002        280.58253000000002        280.58253000000002        280.58294000000001        280.58256999999998     
 read in sim obs yf   280.01597999999996        280.01598999999993        280.01597999999996        280.01643999999993        280.01602999999994     
 read in sim obs yf   280.19512999999995        280.19512999999995        280.19512999999995        280.19565999999992        280.19516999999996     
 read in sim obs yf   280.20254999999997        280.20254999999997        280.20254999999997        280.20316000000003        280.20260000000002     
 read in sim obs yf   279.67334000000000        279.67334000000000        279.67334000000000        279.67362000000003        279.67336000000000     
 read in sim obs yf   280.16386999999997        280.16388000000001        280.16386999999997        280.16415000000001        280.16388999999998     
 read in sim obs yf   281.29208999999997        281.29208999999997        281.29208999999997        281.29237000000001        281.29210999999998     
 read in sim obs yf   281.25774999999999        281.25774999999999        281.25774999999999        281.25774999999999        281.25774999999999     
 read in sim obs yf   278.90672000000001        278.90672999999998        278.90672000000001        278.90688999999998        278.90672999999998     
 read in sim obs yf   279.09760000000000        279.09760000000000        279.09760000000000        279.09782999999999        279.09762000000001     
 read in sim obs yf   277.72156000000001        277.72156999999999        277.72156000000001        277.72203000000002        277.72158999999999     
 read in sim obs yf   278.47784999999999        278.47784999999999        278.47784999999999        278.47838000000002        278.47789999999998     
 read in sim obs yf   279.58488999999997        279.58490000000000        279.58488999999997        279.58542000000000        279.58494000000002     
 read in sim obs yf   280.76362000000006        280.76362000000006        280.76362000000006        280.76393000000007        280.76364000000007     
 read in sim obs yf   280.21787999999992        280.21787999999992        280.21787999999992        280.21831999999995        280.21790999999996     
 read in sim obs yf   278.96363000000002        278.96363000000002        278.96363000000002        278.96413000000001        278.96366999999998     
 read in sim obs yf   277.61504000000002        277.61506000000003        277.61504000000002        277.61543999999998        277.61507000000000     
 read in sim obs yf   277.82353000000001        277.82353000000001        277.82353000000001        277.82402999999999        277.82357000000002     
 read in sim obs yf   277.89976999999999        277.89978000000002        277.89976999999999        277.90008999999998        277.89980000000003     
 read in sim obs yf   277.49295000000001        277.49297000000001        277.49295000000001        277.49311000000000        277.49297000000001     
 read in sim obs yf   275.60906000000000        275.60910000000001        275.60906000000000        275.60926000000001        275.60908999999998     
 read in sim obs yf   274.15356999999995        274.15358999999995        274.15357999999992        274.15361999999993        274.15357999999992     
 read in sim obs yf   275.41962000000001        275.41964999999999        275.41962999999998        275.41971999999998        275.41964000000002     
 read in sim obs yf   277.41468999999995        277.41470999999996        277.41468999999995        277.41479999999996        277.41469999999993     
 read in sim obs yf   280.86444999999992        280.86444999999992        280.86444999999992        280.86449999999996        280.86444999999992     
 read in sim obs yf   278.80320000000006        278.80321000000004        278.80320000000006        278.80354000000005        278.80322000000007     
 read in sim obs yf   279.57815000000005        279.57815000000005        279.57815000000005        279.57850000000008        279.57817000000006     
 read in sim obs yf   278.84258999999997        278.84260000000000        278.84258999999997        278.84287999999998        278.84260999999998     
 read in sim obs yf   279.57508999999999        279.57508999999999        279.57508999999999        279.57524999999998        279.57510000000002     
 read in sim obs yf   279.22501000000000        279.22501999999997        279.22501000000000        279.22528999999997        279.22503000000000     
 read in sim obs yf   279.01729000000000        279.01729999999998        279.01729000000000        279.01767000000001        279.01731999999998     
 read in sim obs yf   279.70193000000000        279.70193000000000        279.70193000000000        279.70204000000001        279.70193000000000     
 read in sim obs yf   280.16434999999996        280.16434999999996        280.16434999999996        280.16453999999993        280.16435999999993     
 read in sim obs yf   280.34710000000001        280.34710000000001        280.34710000000001        280.34746000000001        280.34712999999999     
 read in sim obs yf   280.07832000000002        280.07832000000002        280.07832000000002        280.07877999999999        280.07835999999998     
 read in sim obs yf   280.12819999999999        280.12819999999999        280.12819999999999        280.12846000000002        280.12822000000000     
 read in sim obs yf   280.17259999999993        280.17259999999993        280.17259999999993        280.17276999999996        280.17260999999996     
 read in sim obs yf   280.25171999999998        280.25171999999998        280.25171999999998        280.25227000000001        280.25177000000002     
 read in sim obs yf   280.16547000000003        280.16548000000000        280.16547000000003        280.16592000000003        280.16550999999998     
 read in sim obs yf   280.90371000000005        280.90372000000008        280.90371000000005        280.90412000000003        280.90374000000008     
 read in sim obs yf   282.18556000000001        282.18556000000001        282.18556000000001        282.18561999999997        282.18556999999998     
 read in sim obs yf   280.51500000000004        280.51500000000004        280.51500000000004        280.51512000000008        280.51500000000004     
 read in sim obs yf   278.52071000000001        278.52071999999998        278.52071000000001        278.52098000000001        278.52073000000001     
 read in sim obs yf   279.01683000000003        279.01684000000000        279.01683000000003        279.01702000000000        279.01684000000000     
 read in sim obs yf   278.47968999999995        278.47969999999992        278.47968999999995        278.48022999999995        278.47965999999997     
 read in sim obs yf   279.48338000000001        279.48338000000001        279.48338000000001        279.48394999999999        279.48343000000000     
 read in sim obs yf   280.00821999999999        280.00823000000003        280.00821999999999        280.00869999999998        280.00826000000001     
 read in sim obs yf   280.84534000000002        280.84534000000002        280.84534000000002        280.84591000000000        280.84537999999998     
 read in sim obs yf   280.22762000000000        280.22762000000000        280.22762000000000        280.22807000000000        280.22764999999998     
 read in sim obs yf   280.24185999999997        280.24185999999997        280.24185999999997        280.24216999999999        280.24187999999998     
 read in sim obs yf   279.23113999999998        279.23115000000001        279.23113999999998        279.23154000000000        279.23117000000002     
 read in sim obs yf   279.08029999999997        279.08030999999994        279.08029999999997        279.08073999999993        279.08033999999992     
 read in sim obs yf   278.70341999999999        278.70341999999999        278.70341999999999        278.70382999999998        278.70344999999998     
 read in sim obs yf   278.61799999999994        278.61799999999994        278.61799999999994        278.61842999999993        278.61803999999995     
 read in sim obs yf   278.09167000000002        278.09168000000000        278.09167000000002        278.09181000000001        278.09169000000003     
 read in sim obs yf   276.77745000000004        276.77747000000005        276.77745000000004        276.77753000000007        276.77747000000005     
 read in sim obs yf   274.24984999999998        274.24988000000002        274.24986000000001        274.24991000000000        274.24986000000001     
 read in sim obs yf   275.87065999999999        275.87070000000000        275.87065999999999        275.87085000000002        275.87067999999999     
 read in sim obs yf   280.86165000000000        280.86165000000000        280.86165000000000        280.86167999999998        280.86165000000000     
 read in sim obs yf   280.05318999999992        280.05318999999992        280.05318999999992        280.05337999999995        280.05320999999992     
 read in sim obs yf   280.13643999999999        280.13643999999999        280.13643999999999        280.13654000000002        280.13643999999999     
 read in sim obs yf   279.58598000000001        279.58598000000001        279.58598000000001        279.58607999999998        279.58598999999998     
 read in sim obs yf   279.40640000000008        279.40640000000008        279.40640000000008        279.40648000000004        279.40640000000008     
 read in sim obs yf   279.11914000000002        279.11914999999999        279.11914000000002        279.11941999999999        279.11916000000002     
 read in sim obs yf   279.47674000000001        279.47674000000001        279.47674000000001        279.47692000000001        279.47674000000001     
 read in sim obs yf   279.69256000000007        279.69256000000007        279.69256000000007        279.69270000000006        279.69257000000005     
 read in sim obs yf   280.00344000000007        280.00344000000007        280.00344000000007        280.00357000000008        280.00345000000004     
 read in sim obs yf   280.09370000000001        280.09370000000001        280.09368999999998        280.09401000000003        280.09372000000002     
 read in sim obs yf   279.94529999999997        279.94529999999997        279.94529999999997        279.94551000000001        279.94531000000001     
 read in sim obs yf   280.17162000000002        280.17162000000002        280.17162000000002        280.17171000000002        280.17162999999999     
 read in sim obs yf   280.39334999999994        280.39334999999994        280.39334999999994        280.39363999999995        280.39336999999995     
 read in sim obs yf   280.50211999999999        280.50211999999999        280.50211999999999        280.50265999999999        280.50216999999998     
 read in sim obs yf   280.75544000000002        280.75544000000002        280.75544000000002        280.75596999999999        280.75549000000001     
 read in sim obs yf   280.62114999999994        280.62114999999994        280.62114999999994        280.62134999999995        280.62116999999995     
 read in sim obs yf   281.36573000000004        281.36573000000004        281.36573000000004        281.36589000000004        281.36574000000007     
 read in sim obs yf   282.26990999999998        282.26990999999998        282.26990999999998        282.26999999999998        282.26990999999998     
 read in sim obs yf   282.12487999999996        282.12487999999996        282.12487999999996        282.12488999999994        282.12487999999996     
 read in sim obs yf   281.01833999999997        281.01833999999997        281.01833999999997        281.01842999999997        281.01833999999997     
 read in sim obs yf   278.59820000000002        278.59820999999999        278.59820000000002        278.59863000000001        278.59823000000000     
 read in sim obs yf   278.56205999999992        278.56206999999995        278.56205999999992        278.56246999999996        278.56208999999996     
 read in sim obs yf   280.13024000000001        280.13024999999999        280.13024000000001        280.13078000000002        280.13029000000000     
 read in sim obs yf   280.24124000000000        280.24124000000000        280.24124000000000        280.24164999999999        280.24128000000002     
 read in sim obs yf   279.74857000000003        279.74858000000006        279.74857000000003        279.74886000000004        279.74860000000007     
 read in sim obs yf   280.64105000000001        280.64105000000001        280.64105000000001        280.64157000000000        280.64109000000002     
 read in sim obs yf   280.44367000000000        280.44367000000000        280.44367000000000        280.44412999999997        280.44371000000001     
 read in sim obs yf   280.21156000000002        280.21156000000002        280.21156000000002        280.21208999999999        280.21161000000001     
 read in sim obs yf   280.48052999999999        280.48052999999999        280.48052999999999        280.48110000000003        280.48057999999997     
 read in sim obs yf   280.55202999999995        280.55203999999992        280.55202999999995        280.55263999999994        280.55209999999994     
 read in sim obs yf   280.15953000000002        280.15953000000002        280.15953000000002        280.16005999999999        280.15958999999998     
 read in sim obs yf   279.63646999999997        279.63646999999997        279.63646999999997        279.63666000000001        279.63648999999998     
 read in sim obs yf   279.41802000000001        279.41802000000001        279.41802000000001        279.41815000000003        279.41802999999999     
 read in sim obs yf   279.02640999999994        279.02640999999994        279.02640999999994        279.02677999999992        279.02643999999992     
 read in sim obs yf   278.15472000000000        278.15472000000000        278.15472000000000        278.15503999999999        278.15474000000000     
 read in sim obs yf   279.21073000000001        279.21073999999999        279.21073000000001        279.21089000000001        279.21073999999999     
 read in sim obs yf   281.50344999999999        281.50344999999999        281.50344999999999        281.50346000000002        281.50344999999999     
 read in sim obs yf   279.42003000000000        279.42003000000000        279.42003000000000        279.42021999999997        279.42005000000000     
 read in sim obs yf   279.62374999999997        279.62374999999997        279.62374999999997        279.62387999999999        279.62376000000000     
 read in sim obs yf   279.31007000000000        279.31007000000000        279.31007000000000        279.31018999999998        279.31008000000003     
 read in sim obs yf   279.27058999999997        279.27058999999997        279.27058999999997        279.27064999999993        279.27058999999997     
 read in sim obs yf   279.42441000000002        279.42441000000002        279.42441000000002        279.42448999999999        279.42441000000002     
 read in sim obs yf   279.40382999999997        279.40382999999997        279.40382999999997        279.40403999999995        279.40383999999995     
 read in sim obs yf   279.74023000000000        279.74023000000000        279.74023000000000        279.74034999999998        279.74023000000000     
 read in sim obs yf   279.94866000000002        279.94866000000002        279.94864999999999        279.94880999999998        279.94866000000002     
 read in sim obs yf   279.93151999999998        279.93151999999998        279.93151999999998        279.93193000000002        279.93155000000002     
 read in sim obs yf   280.02451000000002        280.02451000000002        280.02451000000002        280.02472999999998        280.02453000000003     
 read in sim obs yf   280.43119999999993        280.43119999999993        280.43119999999993        280.43143999999995        280.43121999999994     
 read in sim obs yf   280.54750999999999        280.54750999999999        280.54750999999999        280.54782000000000        280.54754000000003     
 read in sim obs yf   280.63377000000003        280.63377000000003        280.63377000000003        280.63422000000003        280.63380999999998     
 read in sim obs yf   280.93245000000007        280.93245000000007        280.93245000000007        280.93287000000004        280.93249000000003     
 read in sim obs yf   280.01026999999999        280.01028000000002        280.01026999999999        280.01056999999997        280.01029999999997     
 read in sim obs yf   279.62265999999994        279.62266999999997        279.62265999999994        279.62285999999995        279.62267999999995     
 read in sim obs yf   281.24619999999999        281.24621000000002        281.24619999999999        281.24642000000000        281.24623000000003     
 read in sim obs yf   281.71559999999994        281.71559999999994        281.71559999999994        281.71568999999994        281.71559999999994     
 read in sim obs yf   281.37621999999999        281.37621999999999        281.37621999999999        281.37630000000001        281.37623000000002     
 read in sim obs yf   280.64104999999995        280.64104999999995        280.64104999999995        280.64129999999994        280.64106999999996     
 read in sim obs yf   280.30640000000005        280.30640000000005        280.30640000000005        280.30690000000004        280.30645000000004     
 read in sim obs yf   280.24817999999999        280.24817999999999        280.24817999999999        280.24862000000002        280.24822000000000     
 read in sim obs yf   280.49001999999996        280.49001999999996        280.49001999999996        280.49051999999995        280.49005999999997     
 read in sim obs yf   279.77532000000002        279.77533000000000        279.77532000000002        279.77562000000000        279.77535000000000     
 read in sim obs yf   278.89634999999993        278.89636999999993        278.89634999999993        278.89653999999996        278.89638999999994     
 read in sim obs yf   279.94494999999995        279.94495999999992        279.94494999999995        279.94522999999992        279.94497999999993     
 read in sim obs yf   279.64614000000006        279.64615000000003        279.64614000000006        279.64652000000007        279.64618000000007     
 read in sim obs yf   280.63609000000002        280.63609000000002        280.63609000000002        280.63641999999999        280.63612000000001     
 read in sim obs yf   280.61985999999996        280.61985999999996        280.61985999999996        280.62038999999993        280.61990999999995     
 read in sim obs yf   280.83546999999993        280.83546999999993        280.83546999999993        280.83587999999992        280.83550999999994     
 read in sim obs yf   280.30158000000000        280.30158000000000        280.30158000000000        280.30207000000001        280.30162000000001     
 read in sim obs yf   279.72656000000001        279.72656999999998        279.72656000000001        279.72710000000001        279.72662000000003     
 read in sim obs yf   279.29428000000001        279.29428999999999        279.29428000000001        279.29487999999998        279.29433999999998     
 read in sim obs yf   277.74913999999995        277.74914999999993        277.74913999999995        277.74948999999992        277.74908999999997     
 read in sim obs yf   275.93538000000001        275.93540999999999        275.93538000000001        275.93572000000000        275.93542000000002     
 read in sim obs yf   277.01087999999993        277.01089999999994        277.01087999999993        277.01119999999992        277.01090999999997     
 read in sim obs yf   280.67829999999998        280.67829999999998        280.67829999999998        280.67836999999997        280.67829999999998     
 read in sim obs yf   278.54444999999993        278.54444999999993        278.54444999999993        278.54455999999993        278.54445999999996     
 read in sim obs yf   278.93841999999995        278.93841999999995        278.93841999999995        278.93848999999994        278.93841999999995     
 read in sim obs yf   279.04707000000002        279.04707000000002        279.04707000000002        279.04719000000000        279.04707999999999     
 read in sim obs yf   279.20426000000003        279.20426000000003        279.20426000000003        279.20438000000007        279.20426000000003     
 read in sim obs yf   279.17339000000004        279.17340000000007        279.17339000000004        279.17351000000008        279.17340000000007     
 read in sim obs yf   279.26895000000002        279.26895000000002        279.26893999999999        279.26907000000000        279.26895000000002     
 read in sim obs yf   279.60872000000001        279.60872000000001        279.60872000000001        279.60883999999999        279.60872000000001     
 read in sim obs yf   279.90260000000001        279.90260000000001        279.90260000000001        279.90285999999998        279.90260999999998     
 read in sim obs yf   279.80070999999998        279.80070999999998        279.80070999999998        279.80124999999998        279.80074999999999     
 read in sim obs yf   280.37866000000002        280.37864999999999        280.37864999999999        280.37894000000000        280.37867999999997     
 read in sim obs yf   280.42425000000003        280.42425000000003        280.42425000000003        280.42459000000008        280.42429000000004     
 read in sim obs yf   280.31396000000001        280.31396999999998        280.31396000000001        280.31438000000003        280.31401000000000     
 read in sim obs yf   280.42306999999994        280.42306999999994        280.42306999999994        280.42335999999995        280.42309999999992     
 read in sim obs yf   280.47710999999998        280.47712000000001        280.47710999999998        280.47755999999998        280.47714999999999     
 read in sim obs yf   279.82589999999999        279.82591000000002        279.82589999999999        279.82616000000002        279.82593000000003     
 read in sim obs yf   280.55464000000006        280.55465000000004        280.55464000000006        280.55497000000008        280.55467000000004     
 read in sim obs yf   280.77339000000006        280.77340000000004        280.77339000000006        280.77373000000006        280.77341000000007     
 read in sim obs yf   280.27151000000003        280.27152000000007        280.27151000000003        280.27181000000007        280.27154000000007     
 read in sim obs yf   279.40856000000008        279.40858000000003        279.40856000000008        279.40890000000007        279.40862000000004     
 read in sim obs yf   280.51191000000000        280.51191000000000        280.51191000000000        280.51229000000001        280.51193999999998     
 read in sim obs yf   280.47264999999999        280.47264999999999        280.47264999999999        280.47300999999999        280.47268000000003     
 read in sim obs yf   280.14291999999995        280.14291999999995        280.14291999999995        280.14316999999994        280.14294999999993     
 read in sim obs yf   280.37356999999997        280.37358000000000        280.37356999999997        280.37412000000000        280.37362000000002     
 read in sim obs yf   279.88829999999996        279.88829999999996        279.88829999999996        279.88867999999997        279.88832999999994     
 read in sim obs yf   278.89127000000002        278.89127999999999        278.89127000000002        278.89146000000000        278.89130000000000     
 read in sim obs yf   278.75069000000002        278.75069999999999        278.75069000000002        278.75083999999998        278.75071000000003     
 read in sim obs yf   279.20316000000003        279.20317999999997        279.20316000000003        279.20343000000003        279.20319000000001     
 read in sim obs yf   280.25900000000001        280.25900999999999        280.25900000000001        280.25947000000002        280.25905000000000     
 read in sim obs yf   280.24297000000001        280.24297000000001        280.24297000000001        280.24342999999999        280.24301000000003     
 read in sim obs yf   280.61081999999999        280.61081999999999        280.61081999999999        280.61117999999999        280.61085000000003     
 read in sim obs yf   279.61273999999997        279.61275000000001        279.61273999999997        279.61295999999999        279.61275999999998     
 read in sim obs yf   279.23831999999999        279.23833000000002        279.23831999999999        279.23880000000003        279.23836000000000     
 read in sim obs yf   278.35449000000006        278.35450000000003        278.35449000000006        278.35473000000007        278.35452000000004     
 read in sim obs yf   278.38540999999998        278.38542999999999        278.38540999999998        278.38553999999999        278.38542999999999     
 read in sim obs yf   277.19198000000000        277.19200999999998        277.19198000000000        277.19222000000002        277.19200999999998     
 read in sim obs yf   275.80067000000003        275.80070999999998        275.80067000000003        275.80086999999997        275.80068999999997     
 read in sim obs yf   279.79727000000003        279.79728000000000        279.79727000000003        279.79750000000001        279.79728000000000     
 read in sim obs yf   282.33049999999997        282.33049999999997        282.33049999999997        282.33051999999998        282.33049999999997     
 read in sim obs yf   277.82159999999999        277.82159999999999        277.82159999999999        277.82171000000000        277.82159999999999     
 read in sim obs yf   278.37671999999992        278.37671999999992        278.37671999999992        278.37682999999993        278.37671999999992     
 read in sim obs yf   277.93671000000001        277.93673000000001        277.93671000000001        277.93698999999998        277.93673000000001     
 read in sim obs yf   277.96749999999997        277.96751000000000        277.96749999999997        277.96769999999998        277.96751999999998     
 read in sim obs yf   278.92800000000005        278.92800000000005        278.92800000000005        278.92824000000007        278.92800000000005     
 read in sim obs yf   279.00671000000000        279.00671000000000        279.00671000000000        279.00684000000001        279.00671000000000     
 read in sim obs yf   279.24626000000006        279.24626000000006        279.24626000000006        279.24638000000004        279.24626000000006     
 read in sim obs yf   279.74675000000008        279.74675000000008        279.74675000000008        279.74699000000004        279.74675000000008     
 read in sim obs yf   280.03584999999993        280.03585999999996        280.03584999999993        280.03623999999996        280.03586999999993     
 read in sim obs yf   280.15109999999999        280.15109999999999        280.15109999999999        280.15145999999999        280.15111999999999     
 read in sim obs yf   280.18574999999998        280.18574999999998        280.18574999999998        280.18610999999999        280.18576999999999     
 read in sim obs yf   280.13321000000002        280.13321000000002        280.13321000000002        280.13350000000003        280.13323000000003     
 read in sim obs yf   280.21206000000001        280.21206000000001        280.21206000000001        280.21256000000000        280.21208999999999     
 read in sim obs yf   280.13729999999998        280.13729999999998        280.13729999999998        280.13769000000002        280.13733999999999     
 read in sim obs yf   280.79901999999993        280.79901999999993        280.79901999999993        280.79937999999993        280.79903999999993     
 read in sim obs yf   280.40397999999999        280.40397999999999        280.40397999999999        280.40427000000000        280.40400000000000     
 read in sim obs yf   280.31403999999998        280.31403999999998        280.31403999999998        280.31434999999999        280.31405000000001     
 read in sim obs yf   279.69742000000002        279.69743000000000        279.69742000000002        279.69770999999997        279.69745999999998     
 read in sim obs yf   280.40647999999993        280.40647999999993        280.40647999999993        280.40673999999996        280.40649999999994     
 read in sim obs yf   280.56971999999996        280.56971999999996        280.56971999999996        280.56994999999995        280.56973999999997     
 read in sim obs yf   279.94844000000001        279.94844999999998        279.94844000000001        279.94889000000001        279.94850000000002     
 read in sim obs yf   279.73984999999999        279.73986000000002        279.73984999999999        279.74043999999998        279.73993999999999     
 read in sim obs yf   280.24471000000000        280.24471000000000        280.24471000000000        280.24513999999999        280.24473999999998     
 read in sim obs yf   280.00540999999998        280.00540999999998        280.00540999999998        280.00599999999997        280.00547000000000     
 read in sim obs yf   279.64186999999998        279.64186999999998        279.64186999999998        279.64209000000000        279.64188999999999     
 read in sim obs yf   280.25778999999994        280.25779999999992        280.25778999999994        280.25796999999994        280.25780999999995     
 read in sim obs yf   279.83744000000002        279.83744999999999        279.83744000000002        279.83762999999999        279.83747000000000     
 read in sim obs yf   280.85462999999993        280.85462999999993        280.85462999999993        280.85474999999997        280.85463999999996     
 read in sim obs yf   281.41802999999993        281.41802999999993        281.41802999999993        281.41812999999996        281.41803999999996     
 read in sim obs yf   280.18950999999993        280.18951999999996        280.18950999999993        280.18988999999993        280.18954999999994     
 read in sim obs yf   279.76531999999997        279.76533000000001        279.76531999999997        279.76576999999997        279.76537000000002     
 read in sim obs yf   278.85431999999997        278.85433000000000        278.85431999999997        278.85460000000000        278.85435000000001     
 read in sim obs yf   279.04447999999996        279.04448999999994        279.04447999999996        279.04475999999994        279.04451999999992     
 read in sim obs yf   278.80011999999999        278.80013000000002        278.80011999999999        278.80038999999999        278.80014999999997     
 read in sim obs yf   278.37278000000003        278.37279000000007        278.37278000000003        278.37314000000003        278.37281000000007     
 read in sim obs yf   276.52477999999996        276.52480999999995        276.52477999999996        276.52500999999995        276.52479999999997     
 read in sim obs yf   276.74946999999997        276.74948999999998        276.74946999999997        276.74970000000002        276.74948000000001     
 read in sim obs yf   281.38153999999992        281.38153999999992        281.38153999999992        281.38168999999994        281.38154999999995     
 read in sim obs yf   283.32990999999998        283.32990999999998        283.32990999999998        283.32990999999998        283.32990999999998     
 read in sim obs yf   277.67986000000002        277.67986000000002        277.67986000000002        277.67998999999998        277.67986999999999     
 read in sim obs yf   278.25838000000005        278.25838000000005        278.25838000000005        278.25846000000007        278.25838000000005     
 read in sim obs yf   276.72435999999993        276.72438999999997        276.72435999999993        276.72440999999992        276.72437999999994     
 read in sim obs yf   278.04748000000001        278.04748999999998        278.04748000000001        278.04777000000001        278.04750000000001     
 read in sim obs yf   279.07279000000000        279.07279000000000        279.07279000000000        279.07299999999998        279.07279000000000     
 read in sim obs yf   278.77105000000000        278.77105000000000        278.77105000000000        278.77113000000003        278.77105000000000     
 read in sim obs yf   278.76072999999997        278.76072999999997        278.76072999999997        278.76081999999997        278.76072999999997     
 read in sim obs yf   279.28519000000000        279.28519000000000        279.28519000000000        279.28539999999998        279.28519999999997     
 read in sim obs yf   279.56345999999996        279.56345999999996        279.56345999999996        279.56374999999997        279.56346999999994     
 read in sim obs yf   279.82873000000001        279.82873000000001        279.82873000000001        279.82906000000003        279.82873999999998     
 read in sim obs yf   279.80927000000008        279.80927000000008        279.80927000000008        279.80967000000004        279.80928000000006     
 read in sim obs yf   279.77306999999996        279.77306999999996        279.77306999999996        279.77341999999993        279.77307999999994     
 read in sim obs yf   280.00246000000004        280.00246000000004        280.00246000000004        280.00287000000003        280.00248000000005     
 read in sim obs yf   279.85643000000005        279.85644000000008        279.85643000000005        279.85668000000004        279.85645000000005     
 read in sim obs yf   280.07125000000008        280.07125000000008        280.07125000000008        280.07163000000008        280.07127000000008     
 read in sim obs yf   280.27422000000001        280.27422000000001        280.27422000000001        280.27460000000002        280.27422999999999     
 read in sim obs yf   280.35134999999997        280.35134999999997        280.35134999999997        280.35154999999992        280.35135999999994     
 read in sim obs yf   280.23459000000003        280.23459000000003        280.23459000000003        280.23480999999998        280.23460000000000     
 read in sim obs yf   280.11457000000007        280.11457000000007        280.11457000000007        280.11503000000005        280.11462000000006     
 read in sim obs yf   280.27647999999999        280.27647999999999        280.27647999999999        280.27681999999999        280.27650999999997     
 read in sim obs yf   280.11640999999997        280.11640999999997        280.11640999999997        280.11678000000001        280.11644000000001     
 read in sim obs yf   280.12807000000004        280.12807000000004        280.12807000000004        280.12841000000003        280.12810000000007     
 read in sim obs yf   280.05653999999993        280.05653999999993        280.05653999999993        280.05705999999992        280.05657999999994     
 read in sim obs yf   280.16325000000001        280.16325000000001        280.16325000000001        280.16372000000001        280.16329000000002     
 read in sim obs yf   279.17572999999999        279.17574000000002        279.17572999999999        279.17597999999998        279.17576000000003     
 read in sim obs yf   280.43115999999998        280.43117000000001        280.43115999999998        280.43159000000003        280.43119999999999     
 read in sim obs yf   280.90035999999992        280.90035999999992        280.90035999999992        280.90059999999994        280.90038999999996     
 read in sim obs yf   281.49624000000000        281.49624000000000        281.49624000000000        281.49633000000000        281.49624999999997     
 read in sim obs yf   281.82433999999995        281.82433999999995        281.82433999999995        281.82435999999996        281.82433999999995     
 read in sim obs yf   280.68182999999993        280.68183999999997        280.68182999999993        280.68218999999993        280.68187999999992     
 read in sim obs yf   280.11153999999999        280.11153999999999        280.11153999999999        280.11198999999999        280.11158000000000     
 read in sim obs yf   280.17833999999999        280.17833999999999        280.17833999999999        280.17863999999997        280.17836999999997     
 read in sim obs yf   279.85115000000002        279.85115000000002        279.85113999999999        279.85154999999997        279.85118000000000     
 read in sim obs yf   279.33884000000006        279.33885000000004        279.33884000000006        279.33912000000004        279.33887000000004     
 read in sim obs yf   280.00567999999998        280.00567999999998        280.00567999999998        280.00590000000000        280.00569999999999     
 read in sim obs yf   278.24696000000000        278.24696999999998        278.24696000000000        278.24734000000001        278.24698999999998     
 read in sim obs yf   277.82697000000002        277.82697999999999        277.82697000000002        277.82731000000001        277.82697999999999     
 read in sim obs yf   278.75641000000007        278.75642000000005        278.75641000000007        278.75661000000008        278.75641000000007     
 read in sim obs yf   283.02507000000003        283.02507000000003        283.02507000000003        283.02507000000003        283.02507000000003     
 read in sim obs yf   277.18103000000008        277.18103000000008        277.18103000000008        277.18115000000006        277.18103000000008     
 read in sim obs yf   277.98160000000001        277.98160000000001        277.98160000000001        277.98169000000001        277.98160000000001     
 read in sim obs yf   278.52919000000003        278.52919000000003        278.52919000000003        278.52933000000002        278.52919000000003     
 read in sim obs yf   278.11205000000001        278.11205999999999        278.11205000000001        278.11239000000000        278.11207999999999     
 read in sim obs yf   278.22415999999998        278.22417000000002        278.22415999999998        278.22448000000003        278.22417999999999     
 read in sim obs yf   278.71003000000002        278.71003000000002        278.71003000000002        278.71012999999999        278.71003000000002     
 read in sim obs yf   278.60286000000002        278.60286000000002        278.60286000000002        278.60293999999999        278.60286000000002     
 read in sim obs yf   279.03793000000002        279.03793000000002        279.03793000000002        279.03805999999997        279.03793999999999     
 read in sim obs yf   279.30256000000003        279.30256000000003        279.30256000000003        279.30270999999999        279.30256000000003     
 read in sim obs yf   279.34742000000000        279.34742000000000        279.34742000000000        279.34760999999997        279.34742999999997     
 read in sim obs yf   279.40598000000000        279.40598000000000        279.40598000000000        279.40618000000001        279.40598999999997     
 read in sim obs yf   279.59312000000006        279.59312000000006        279.59312000000006        279.59345000000008        279.59312000000006     
 read in sim obs yf   279.98561999999993        279.98561999999993        279.98561999999993        279.98594999999995        279.98562999999996     
 read in sim obs yf   279.99945000000002        279.99945000000002        279.99945000000002        279.99982000000000        279.99946000000000     
 read in sim obs yf   280.07614999999998        280.07614999999998        280.07614999999998        280.07650000000001        280.07616000000002     
 read in sim obs yf   280.12310000000002        280.12310000000002        280.12310000000002        280.12337000000002        280.12311000000000     
 read in sim obs yf   279.99222999999995        279.99222999999995        279.99222999999995        279.99241999999992        279.99222999999995     
 read in sim obs yf   280.10262000000000        280.10262000000000        280.10262000000000        280.10280999999998        280.10262999999998     
 read in sim obs yf   280.13712999999996        280.13712999999996        280.13712999999996        280.13741999999996        280.13714999999996     
 read in sim obs yf   280.05352000000005        280.05352000000005        280.05352000000005        280.05390000000006        280.05355000000003     
 read in sim obs yf   279.99750000000000        279.99750000000000        279.99750000000000        279.99779999999998        279.99752000000001     
 read in sim obs yf   280.03291999999999        280.03291999999999        280.03291999999999        280.03323000000000        280.03295000000003     
 read in sim obs yf   280.10620999999998        280.10620999999998        280.10620999999998        280.10669999999999        280.10624999999999     
 read in sim obs yf   279.76585000000006        279.76585000000006        279.76585000000006        279.76621000000006        279.76589000000007     
 read in sim obs yf   279.69434999999993        279.69434999999993        279.69434999999993        279.69465999999994        279.69437999999997     
 read in sim obs yf   280.00541999999996        280.00542999999993        280.00541999999996        280.00565999999992        280.00544999999994     
 read in sim obs yf   279.61110999999994        279.61111999999997        279.61110999999994        279.61137999999994        279.61114999999995     
 read in sim obs yf   280.46615000000008        280.46615000000008        280.46615000000008        280.46653000000003        280.46618000000007     
 read in sim obs yf   280.13077000000004        280.13077000000004        280.13076000000007        280.13111000000004        280.13080000000008     
 read in sim obs yf   279.41076999999996        279.41077999999993        279.41076999999996        279.41096999999996        279.41079999999994     
 read in sim obs yf   280.32182000000000        280.32182000000000        280.32182000000000        280.32217000000003        280.32184999999998     
 read in sim obs yf   280.27649000000002        280.27649000000002        280.27649000000002        280.27688000000001        280.27652000000000     
 read in sim obs yf   279.63829999999996        279.63830999999993        279.63829999999996        279.63864999999993        279.63833999999997     
 read in sim obs yf   280.00693999999993        280.00693999999993        280.00693999999993        280.00737999999996        280.00697999999994     
 read in sim obs yf   278.90689999999995        278.90690999999993        278.90689999999995        278.90721999999994        278.90693999999996     
 read in sim obs yf   277.62785999999994        277.62788999999992        277.62785999999994        277.62807999999995        277.62788999999992     
 read in sim obs yf   278.70469000000003        278.70470000000000        278.70469000000003        278.70499000000001        278.70470000000000     
 read in sim obs yf   277.55826000000002        277.55829000000000        277.55826000000002        277.55838999999997        277.55826999999999     
 read in sim obs yf   280.08711000000000        280.08713000000000        280.08711000000000        280.08720000000000        280.08712000000003     
 read in sim obs yf   276.92552999999998        276.92552999999998        276.92552999999998        276.92563999999999        276.92552999999998     
 read in sim obs yf   278.08123999999998        278.08123999999998        278.08123999999998        278.08132000000001        278.08123999999998     
 read in sim obs yf   278.18497000000002        278.18497000000002        278.18497000000002        278.18520000000001        278.18498000000000     
 read in sim obs yf   278.52255000000002        278.52255000000002        278.52255000000002        278.52265000000000        278.52255000000002     
 read in sim obs yf   278.44109999999995        278.44110999999992        278.44109999999995        278.44137999999992        278.44111999999996     
 read in sim obs yf   278.48057000000000        278.48057000000000        278.48056000000003        278.48077000000001        278.48057000000000     
 read in sim obs yf   278.68761999999992        278.68761999999992        278.68761999999992        278.68777999999992        278.68761999999992     
 read in sim obs yf   278.86556000000002        278.86556000000002        278.86556000000002        278.86568999999997        278.86556000000002     
 read in sim obs yf   278.90789999999998        278.90789999999998        278.90789999999998        278.90798999999998        278.90789999999998     
 read in sim obs yf   278.85613999999998        278.85613999999998        278.85613999999998        278.85626000000002        278.85613999999998     
 read in sim obs yf   278.99353999999994        278.99353999999994        278.99353999999994        278.99367999999993        278.99353999999994     
 read in sim obs yf   279.47397999999998        279.47397999999998        279.47397999999998        279.47424000000001        279.47399000000001     
 read in sim obs yf   279.73300999999998        279.73300999999998        279.73300999999998        279.73327000000000        279.73302000000001     
 read in sim obs yf   279.83784999999995        279.83784999999995        279.83784999999995        279.83811999999995        279.83784999999995     
 read in sim obs yf   279.94333000000000        279.94333000000000        279.94333000000000        279.94360999999998        279.94333999999998     
 read in sim obs yf   279.93916999999999        279.93916999999999        279.93916999999999        279.93938000000003        279.93916999999999     
 read in sim obs yf   279.75733000000002        279.75733000000002        279.75733000000002        279.75747999999999        279.75733000000002     
 read in sim obs yf   279.86640999999997        279.86640999999997        279.86640999999997        279.86664000000002        279.86642000000001     
 read in sim obs yf   279.87556999999993        279.87556999999993        279.87556999999993        279.87581999999992        279.87557999999996     
 read in sim obs yf   279.89329999999995        279.89329999999995        279.89329999999995        279.89355999999992        279.89331999999996     
 read in sim obs yf   279.93793999999997        279.93793999999997        279.93793999999997        279.93814999999995        279.93794999999994     
 read in sim obs yf   279.95539000000002        279.95539000000002        279.95539000000002        279.95573000000002        279.95540999999997     
 read in sim obs yf   279.98517999999996        279.98517999999996        279.98517999999996        279.98560999999995        279.98520999999994     
 read in sim obs yf   279.94164000000001        279.94164000000001        279.94164000000001        279.94216000000000        279.94168999999999     
 read in sim obs yf   279.78082000000001        279.78082999999998        279.78082000000001        279.78124000000003        279.78088000000002     
 read in sim obs yf   279.62322000000000        279.62322999999998        279.62322000000000        279.62358000000000        279.62326999999999     
 read in sim obs yf   279.85027000000002        279.85028000000000        279.85027000000002        279.85064000000000        279.85032999999999     
 read in sim obs yf   278.54370000000000        278.54372000000001        278.54370000000000        278.54386000000000        278.54372999999998     
 read in sim obs yf   279.58699000000007        279.58700000000005        279.58699000000007        279.58719000000008        279.58701000000008     
 read in sim obs yf   279.32315999999997        279.32317000000000        279.32315999999997        279.32341000000002        279.32319999999999     
 read in sim obs yf   279.84738999999996        279.84738999999996        279.84738999999996        279.84761999999995        279.84741999999994     
 read in sim obs yf   278.42781000000002        278.42782000000000        278.42781000000002        278.42797000000002        278.42784000000000     
 read in sim obs yf   279.00306000000000        279.00306999999998        279.00306000000000        279.00333999999998        279.00308999999999     
 read in sim obs yf   280.09796999999998        280.09796999999998        280.09796999999998        280.09841999999998        280.09800000000001     
 read in sim obs yf   279.27301000000000        279.27301999999997        279.27301000000000        279.27348999999998        279.27305000000001     
 read in sim obs yf   278.88052999999996        278.88052999999996        278.88052999999996        278.88091999999995        278.88054999999997     
 read in sim obs yf   278.72242000000000        278.72242999999997        278.72242000000000        278.72280000000001        278.72244000000001     
 read in sim obs yf   278.89533999999998        278.89535999999998        278.89533999999998        278.89550000000003        278.89535999999998     
 read in sim obs yf   278.63887000000005        278.63889000000006        278.63887000000005        278.63908000000004        278.63888000000003     
 read in sim obs yf   276.69092999999998        276.69092999999998        276.69092999999998        276.69101999999998        276.69094000000001     
 read in sim obs yf   277.80219000000000        277.80219000000000        277.80219000000000        277.80223999999998        277.80219000000000     
 read in sim obs yf   278.07443999999998        278.07443999999998        278.07443999999998        278.07450999999998        278.07443999999998     
 read in sim obs yf   278.30023000000006        278.30023000000006        278.30023000000006        278.30032000000006        278.30023000000006     
 read in sim obs yf   278.64223999999996        278.64223999999996        278.64223999999996        278.64233999999993        278.64224999999993     
 read in sim obs yf   278.43248999999997        278.43248999999997        278.43248999999997        278.43259000000000        278.43248999999997     
 read in sim obs yf   278.63790999999998        278.63790999999998        278.63790999999998        278.63806000000000        278.63792000000001     
 read in sim obs yf   278.67583000000002        278.67583000000002        278.67583000000002        278.67594000000003        278.67583000000002     
 read in sim obs yf   278.59449000000001        278.59449000000001        278.59449000000001        278.59460000000001        278.59449000000001     
 read in sim obs yf   278.68262999999996        278.68262999999996        278.68262999999996        278.68273999999997        278.68262999999996     
 read in sim obs yf   279.11989999999997        279.11989999999997        279.11989999999997        279.12007000000000        279.11989999999997     
 read in sim obs yf   279.62248000000000        279.62248000000000        279.62248000000000        279.62270999999998        279.62249000000003     
 read in sim obs yf   279.66613999999998        279.66613999999998        279.66613999999998        279.66636000000000        279.66615000000002     
 read in sim obs yf   279.63205999999997        279.63205999999997        279.63205999999997        279.63224999999994        279.63205999999997     
 read in sim obs yf   279.76536999999996        279.76536999999996        279.76536999999996        279.76560999999992        279.76537999999994     
 read in sim obs yf   279.80139000000003        279.80139000000003        279.80139000000003        279.80157000000003        279.80139000000003     
 read in sim obs yf   279.49493000000001        279.49493000000001        279.49493000000001        279.49509000000000        279.49493000000001     
 read in sim obs yf   279.57269000000002        279.57269000000002        279.57269000000002        279.57292000000001        279.57270000000000     
 read in sim obs yf   279.63110999999998        279.63110999999998        279.63110999999998        279.63137999999998        279.63112000000001     
 read in sim obs yf   279.73334000000000        279.73334000000000        279.73334000000000        279.73360000000002        279.73334999999997     
 read in sim obs yf   279.79433000000000        279.79433000000000        279.79433000000000        279.79462999999998        279.79435000000001     
 read in sim obs yf   279.83102000000002        279.83102000000002        279.83102000000002        279.83132999999998        279.83103999999997     
 read in sim obs yf   279.89724000000001        279.89724000000001        279.89724000000001        279.89758999999998        279.89726000000002     
 read in sim obs yf   279.72667000000001        279.72667999999999        279.72667000000001        279.72721000000001        279.72674000000001     
 read in sim obs yf   280.22426999999999        280.22426999999999        280.22426999999999        280.22469999999998        280.22430000000003     
 read in sim obs yf   280.37115000000000        280.37115000000000        280.37115000000000        280.37153999999998        280.37119000000001     
 read in sim obs yf   279.97329999999999        279.97329999999999        279.97329999999999        279.97370000000001        279.97336000000001     
 read in sim obs yf   278.69290999999998        278.69292000000002        278.69290999999998        278.69306999999998        278.69294000000002     
 read in sim obs yf   279.06781000000001        279.06781999999998        279.06781000000001        279.06799999999998        279.06783999999999     
 read in sim obs yf   280.02782999999994        280.02783999999997        280.02782999999994        280.02798999999993        280.02784999999994     
 read in sim obs yf   280.09347000000002        280.09347000000002        280.09347000000002        280.09357999999997        280.09348000000000     
 read in sim obs yf   278.84562000000000        278.84563000000003        278.84562000000000        278.84580999999997        278.84564000000000     
 read in sim obs yf   279.31771000000003        279.31772000000007        279.31771000000003        279.31794000000008        279.31774000000007     
 read in sim obs yf   279.19508999999999        279.19508999999999        279.19508999999999        279.19544000000002        279.19511999999997     
 read in sim obs yf   277.57490000000007        277.57493000000005        277.57490000000007        277.57512000000008        277.57493000000005     
 read in sim obs yf   278.62337000000002        278.62338000000000        278.62337000000002        278.62362999999999        278.62338999999997     
 read in sim obs yf   278.53633000000008        278.53635000000008        278.53633000000008        278.53663000000006        278.53635000000008     
 read in sim obs yf   278.35079999999994        278.35081999999994        278.35079999999994        278.35101999999995        278.35081999999994     
 read in sim obs yf   278.40192000000008        278.40194000000008        278.40192000000008        278.40226000000007        278.40193000000005     
 read in sim obs yf   276.86910000000000        276.86910000000000        276.86910000000000        276.86917000000000        276.86910000000000     
 read in sim obs yf   277.72308999999996        277.72308999999996        277.72308999999996        277.72312999999997        277.72308999999996     
 read in sim obs yf   277.84109999999998        277.84109999999998        277.84109999999998        277.84118000000001        277.84109999999998     
 read in sim obs yf   277.94119000000001        277.94119000000001        277.94119000000001        277.94126000000000        277.94119000000001     
 read in sim obs yf   278.03078999999997        278.03078999999997        278.03078999999997        278.03085999999996        278.03078999999997     
 read in sim obs yf   278.13765000000001        278.13765000000001        278.13765000000001        278.13772999999998        278.13765000000001     
 read in sim obs yf   278.49217000000004        278.49217000000004        278.49217000000004        278.49229000000008        278.49217000000004     
 read in sim obs yf   278.40311999999994        278.40311999999994        278.40311999999994        278.40319999999997        278.40311999999994     
 read in sim obs yf   278.35881999999998        278.35881999999998        278.35881999999998        278.35890999999998        278.35881999999998     
 read in sim obs yf   278.62065999999993        278.62065999999993        278.62065999999993        278.62075999999996        278.62065999999993     
 read in sim obs yf   279.17818000000000        279.17818000000000        279.17818000000000        279.17835000000002        279.17818000000000     
 read in sim obs yf   279.41602000000000        279.41602000000000        279.41602000000000        279.41620999999998        279.41602999999998     
 read in sim obs yf   279.44102999999996        279.44102999999996        279.44102999999996        279.44116999999994        279.44102999999996     
 read in sim obs yf   279.51369999999997        279.51369999999997        279.51369999999997        279.51391000000001        279.51371000000000     
 read in sim obs yf   279.63292999999993        279.63292999999993        279.63292999999993        279.63314999999994        279.63293999999996     
 read in sim obs yf   279.58614999999998        279.58614999999998        279.58614999999998        279.58632000000000        279.58614999999998     
 read in sim obs yf   279.37365000000000        279.37365000000000        279.37365000000000        279.37387999999999        279.37365000000000     
 read in sim obs yf   279.49196999999998        279.49196999999998        279.49196999999998        279.49227000000002        279.49198000000001     
 read in sim obs yf   279.49301000000003        279.49301000000003        279.49301000000003        279.49340000000001        279.49302999999998     
 read in sim obs yf   279.53257999999994        279.53257999999994        279.53257999999994        279.53304999999995        279.53260999999992     
 read in sim obs yf   279.63873000000001        279.63873000000001        279.63873000000001        279.63907999999998        279.63875999999999     
 read in sim obs yf   279.71751999999998        279.71751999999998        279.71751999999998        279.71780000000001        279.71753999999999     
 read in sim obs yf   279.82653999999997        279.82653999999997        279.82653999999997        279.82682999999992        279.82654999999994     
 read in sim obs yf   279.74220000000008        279.74220000000008        279.74220000000008        279.74256000000008        279.74222000000003     
 read in sim obs yf   279.71301000000000        279.71301000000000        279.71301000000000        279.71341000000001        279.71305000000001     
 read in sim obs yf   279.02244999999994        279.02244999999994        279.02244999999994        279.02263999999997        279.02247999999992     
 read in sim obs yf   279.71532000000008        279.71533000000005        279.71532000000008        279.71561000000008        279.71537000000006     
 read in sim obs yf   280.19432999999998        280.19434000000001        280.19432999999998        280.19477000000001        280.19439000000000     
 read in sim obs yf   279.42487000000000        279.42487999999997        279.42487000000000        279.42504000000002        279.42491000000001     
 read in sim obs yf   277.40289999999999        277.40291000000002        277.40289999999999        277.40269000000001        277.40289999999999     
 read in sim obs yf   280.32220000000001        280.32220999999998        280.32220000000001        280.32218000000000        280.32220000000001     
 read in sim obs yf   280.54851000000002        280.54851000000002        280.54851000000002        280.54852000000000        280.54851000000002     
 read in sim obs yf   278.70454999999998        278.70456000000001        278.70454999999998        278.70447000000001        278.70454999999998     
 read in sim obs yf   279.40890000000007        279.40891000000005        279.40890000000007        279.40895000000006        279.40891000000005     
 read in sim obs yf   278.88762999999994        278.88763999999992        278.88762999999994        278.88769999999994        278.88763999999992     
 read in sim obs yf   281.23617999999999        281.23617999999999        281.23617999999999        281.23621000000003        281.23617999999999     
 read in sim obs yf   280.33461000000000        280.33461999999997        280.33461000000000        280.33469000000002        280.33461999999997     
 read in sim obs yf   279.77908000000002        279.77909000000000        279.77908000000002        279.77918000000000        279.77909000000000     
 read in sim obs yf   279.44567000000001        279.44567000000001        279.44567000000001        279.44587999999999        279.44567999999998     
 read in sim obs yf   278.02208999999993        278.02208999999993        278.02208999999993        278.02219999999994        278.02209999999997     
 read in sim obs yf   278.09769999999992        278.09770999999995        278.09769999999992        278.09783999999996        278.09770999999995     
 read in sim obs yf   277.71710999999999        277.71710999999999        277.71710999999999        277.71719999999999        277.71710999999999     
 read in sim obs yf   277.34244999999999        277.34244999999999        277.34244999999999        277.34251999999998        277.34244999999999     
 read in sim obs yf   277.56085000000002        277.56085000000002        277.56085000000002        277.56090000000000        277.56085000000002     
 read in sim obs yf   278.19765999999998        278.19767000000002        278.19765999999998        278.19785999999999        278.19767999999999     
 read in sim obs yf   278.57947999999993        278.57947999999993        278.57947999999993        278.57959999999997        278.57948999999996     
 read in sim obs yf   278.09215999999998        278.09215999999998        278.09215999999998        278.09222999999997        278.09215999999998     
 read in sim obs yf   278.08564000000001        278.08564000000001        278.08564000000001        278.08569999999997        278.08564000000001     
 read in sim obs yf   278.34618999999998        278.34618999999998        278.34618999999998        278.34627999999998        278.34618999999998     
 read in sim obs yf   278.81331999999998        278.81331999999998        278.81331999999998        278.81349000000000        278.81333000000001     
 read in sim obs yf   278.94398999999999        278.94398999999999        278.94398999999999        278.94414999999998        278.94400000000002     
 read in sim obs yf   279.06223999999997        279.06223999999997        279.06223999999997        279.06238000000002        279.06223999999997     
 read in sim obs yf   279.31468999999993        279.31468999999993        279.31468999999993        279.31488999999993        279.31468999999993     
 read in sim obs yf   279.33696999999995        279.33696999999995        279.33696999999995        279.33714999999995        279.33696999999995     
 read in sim obs yf   279.25864999999999        279.25864999999999        279.25864999999999        279.25885000000000        279.25866000000002     
 read in sim obs yf   279.28910999999999        279.28910999999999        279.28910999999999        279.28935999999999        279.28912000000003     
 read in sim obs yf   279.26787000000002        279.26787000000002        279.26787000000002        279.26812999999999        279.26787999999999     
 read in sim obs yf   279.28487999999993        279.28487999999993        279.28487999999993        279.28519999999992        279.28488999999996     
 read in sim obs yf   279.32137999999992        279.32137999999992        279.32137999999992        279.32182999999992        279.32140999999996     
 read in sim obs yf   279.38252000000000        279.38252000000000        279.38252000000000        279.38294000000002        279.38254999999998     
 read in sim obs yf   279.50686000000007        279.50686000000007        279.50686000000007        279.50726000000003        279.50689000000006     
 read in sim obs yf   279.56083999999998        279.56083999999998        279.56083999999998        279.56110000000001        279.56085999999999     
 read in sim obs yf   279.70416999999992        279.70416999999992        279.70416999999992        279.70436999999993        279.70417999999995     
 read in sim obs yf   279.72602999999992        279.72602999999992        279.72602999999992        279.72640999999993        279.72605999999996     
 read in sim obs yf   279.54917000000006        279.54917000000006        279.54917000000006        279.54943000000003        279.54921000000007     
 read in sim obs yf   280.25598999999994        280.25598999999994        280.25598999999994        280.25642999999997        280.25602999999995     
 read in sim obs yf   280.28399000000007        280.28399000000007        280.28399000000007        280.28444000000007        280.28404000000006     
 read in sim obs yf   280.38227999999998        280.38229000000001        280.38227999999998        280.38261000000000        280.38231999999999     
 read in sim obs yf   279.02672999999999        279.02674000000002        279.02672999999999        279.02679000000001        279.02674999999999     
 read in sim obs yf   278.29784000000001        278.29784999999998        278.29784000000001        278.29771000000000        278.29784000000001     
 read in sim obs yf   277.48363999999998        277.48365000000001        277.48363999999998        277.48345000000000        277.48363999999998     
 read in sim obs yf   279.24061999999998        279.24063000000001        279.24061999999998        279.24056000000002        279.24061999999998     
 read in sim obs yf   279.82771000000002        279.82772000000000        279.82771000000002        279.82767000000001        279.82771000000002     
 read in sim obs yf   280.07538999999997        280.07539999999995        280.07538999999997        280.07541999999995        280.07538999999997     
 read in sim obs yf   281.24978999999996        281.24978999999996        281.24978999999996        281.24982999999992        281.24978999999996     
 read in sim obs yf   278.01551999999998        278.01553999999999        278.01551999999998        278.01548000000003        278.01549999999997     
 read in sim obs yf   280.15424000000002        280.15424000000002        280.15424000000002        280.15433000000002        280.15424999999999     
 read in sim obs yf   280.57285999999999        280.57285999999999        280.57285999999999        280.57296000000002        280.57281000000000     
 read in sim obs yf   276.41364999999996        276.41365999999994        276.41364999999996        276.41356999999994        276.41364999999996     
 read in sim obs yf   277.44207999999998        277.44207999999998        277.44207999999998        277.44238000000001        277.44211999999999     
 read in sim obs yf   277.48624000000001        277.48624000000001        277.48624000000001        277.48631000000000        277.48624000000001     
 read in sim obs yf   277.31301000000002        277.31301000000002        277.31301000000002        277.31306999999998        277.31301000000002     
 read in sim obs yf   277.81202000000002        277.81202000000002        277.81202000000002        277.81209999999999        277.81202000000002     
 read in sim obs yf   277.95681999999999        277.95681999999999        277.95681999999999        277.95704000000001        277.95684000000000     
 read in sim obs yf   278.25346000000002        278.25346000000002        278.25346000000002        278.25355999999999        278.25346000000002     
 read in sim obs yf   277.55117999999999        277.55117999999999        277.55117999999999        277.55122999999998        277.55117999999999     
 read in sim obs yf   277.59542999999996        277.59542999999996        277.59542999999996        277.59548999999993        277.59542999999996     
 read in sim obs yf   277.91530999999998        277.91530999999998        277.91530999999998        277.91538000000003        277.91530999999998     
 read in sim obs yf   278.07664999999992        278.07664999999992        278.07664999999992        278.07680999999997        278.07664999999992     
 read in sim obs yf   278.48311999999999        278.48311999999999        278.48311999999999        278.48325000000000        278.48313000000002     
 read in sim obs yf   278.52692000000002        278.52692000000002        278.52692000000002        278.52701999999999        278.52692000000002     
 read in sim obs yf   278.64424000000002        278.64424000000002        278.64424000000002        278.64436999999998        278.64425000000000     
 read in sim obs yf   278.77390999999994        278.77390999999994        278.77389999999997        278.77407999999997        278.77390999999994     
 read in sim obs yf   278.81153999999998        278.81153999999998        278.81153999999998        278.81177000000002        278.81155000000001     
 read in sim obs yf   278.82696000000004        278.82696000000004        278.82696000000004        278.82728000000003        278.82697000000007     
 read in sim obs yf   278.92093999999997        278.92093999999997        278.92093000000000        278.92122000000001        278.92093999999997     
 read in sim obs yf   278.95526000000001        278.95526000000001        278.95526000000001        278.95555999999999        278.95528000000002     
 read in sim obs yf   279.07180000000000        279.07180000000000        279.07180000000000        279.07227999999998        279.07182999999998     
 read in sim obs yf   279.25061000000011        279.25061000000011        279.25061000000011        279.25100000000009        279.25064000000009     
 read in sim obs yf   279.40584000000001        279.40584000000001        279.40584000000001        279.40627999999998        279.40586999999999     
 read in sim obs yf   279.51043999999996        279.51043999999996        279.51043999999996        279.51076999999992        279.51045999999997     
 read in sim obs yf   279.73245999999995        279.73245999999995        279.73245999999995        279.73275999999993        279.73246999999992     
 read in sim obs yf   279.66386999999992        279.66386999999992        279.66386999999992        279.66427999999996        279.66389999999996     
 read in sim obs yf   279.77782000000002        279.77782000000002        279.77782000000002        279.77825999999999        279.77785999999998     
 read in sim obs yf   280.19619999999998        280.19619999999998        280.19619999999998        280.19650000000001        280.19621999999998     
 read in sim obs yf   280.26384999999999        280.26384999999999        280.26384999999999        280.26411999999999        280.26387000000000     
 read in sim obs yf   280.29821999999996        280.29821999999996        280.29821999999996        280.29839999999996        280.29822999999993     
 read in sim obs yf   277.40089999999992        277.40091999999993        277.40089999999992        277.40068999999994        277.40089999999992     
 read in sim obs yf   278.47305000000000        278.47305999999998        278.47305000000000        278.47304000000003        278.47307000000001     
 read in sim obs yf   276.97780999999998        276.97782999999998        276.97780999999998        276.97757000000001        276.97780999999998     
 read in sim obs yf   277.29250999999994        277.29252999999994        277.29250999999994        277.29232999999994        277.29250999999994     
 read in sim obs yf   276.49351999999999        276.49355000000003        276.49351999999999        276.49336000000000        276.49351999999999     
 read in sim obs yf   277.97170000000000        277.97172000000000        277.97170000000000        277.97160000000002        277.97170000000000     
 read in sim obs yf   279.61237000000000        279.61237999999997        279.61237000000000        279.61248000000001        279.61237000000000     
 read in sim obs yf   279.35933999999997        279.35935000000001        279.35933999999997        279.35944000000001        279.35935000000001     
 read in sim obs yf   279.10491999999999        279.10493000000002        279.10491999999999        279.10505999999998        279.10493000000002     
 read in sim obs yf   280.78602000000001        280.78602999999998        280.78602000000001        280.78611999999998        280.78602999999998     
 read in sim obs yf   275.25583999999998        275.25585999999998        275.25583999999998        275.25576999999998        275.25585000000001     
 read in sim obs yf   276.73164000000003        276.73165000000000        276.73164000000003        276.73182000000003        276.73165999999998     
 read in sim obs yf   277.78158000000002        277.78158000000002        277.78158000000002        277.78167000000002        277.78158000000002     
 read in sim obs yf   277.80144000000001        277.80144000000001        277.80144000000001        277.80151999999998        277.80144000000001     
 read in sim obs yf   277.68088000000000        277.68088999999998        277.68088000000000        277.68101000000001        277.68088999999998     
 read in sim obs yf   277.48147000000000        277.48147999999998        277.48147000000000        277.48164000000003        277.48149999999998     
 read in sim obs yf   277.99937999999992        277.99937999999992        277.99937999999992        277.99948999999992        277.99937999999992     
 read in sim obs yf   277.47225000000003        277.47225000000003        277.47225000000003        277.47231000000005        277.47226000000006     
 read in sim obs yf   277.30229000000003        277.30229000000003        277.30229000000003        277.30234999999999        277.30229000000003     
 read in sim obs yf   277.65926000000002        277.65926000000002        277.65926000000002        277.65933000000001        277.65926000000002     
 read in sim obs yf   277.96784000000002        277.96784000000002        277.96784000000002        277.96794000000000        277.96784000000002     
 read in sim obs yf   277.87581000000000        277.87581000000000        277.87581000000000        277.87587000000002        277.87581000000000     
 read in sim obs yf   277.82107000000002        277.82107000000002        277.82107000000002        277.82112999999998        277.82107000000002     
 read in sim obs yf   277.93421999999998        277.93421999999998        277.93421999999998        277.93428999999998        277.93421999999998     
 read in sim obs yf   278.28717999999998        278.28717999999998        278.28717999999998        278.28728000000001        278.28717999999998     
 read in sim obs yf   278.43042999999994        278.43042999999994        278.43042999999994        278.43062999999995        278.43043999999992     
 read in sim obs yf   278.55687999999998        278.55687999999998        278.55687999999998        278.55714000000000        278.55687999999998     
 read in sim obs yf   278.80298999999997        278.80298999999997        278.80298999999997        278.80325999999997        278.80299999999994     
 read in sim obs yf   278.96166999999997        278.96166999999997        278.96166999999997        278.96189999999996        278.96167999999994     
 read in sim obs yf   279.22314000000000        279.22314000000000        279.22314000000000        279.22343999999998        279.22316000000001     
 read in sim obs yf   279.41183000000001        279.41183000000001        279.41183000000001        279.41205000000002        279.41183999999998     
 read in sim obs yf   279.60302999999993        279.60302999999993        279.60302999999993        279.60317999999995        279.60303999999996     
 read in sim obs yf   279.80518999999998        279.80518999999998        279.80518999999998        279.80543000000000        279.80520000000001     
 read in sim obs yf   279.90068000000002        279.90068000000002        279.90068000000002        279.90096999999997        279.90069999999997     
 read in sim obs yf   279.96568999999994        279.96568999999994        279.96568999999994        279.96589999999992        279.96569999999997     
 read in sim obs yf   280.17766999999998        280.17766999999998        280.17766999999998        280.17786999999998        280.17768000000001     
 read in sim obs yf   280.33706000000001        280.33706000000001        280.33706000000001        280.33724999999998        280.33706999999998     
 read in sim obs yf   280.20540999999992        280.20541999999995        280.20540999999992        280.20557999999994        280.20542999999992     
 read in sim obs yf   278.25560000000002        278.25562000000002        278.25560000000002        278.25549000000001        278.25562000000002     
 read in sim obs yf   277.73084000000006        277.73085000000003        277.73084000000006        277.73065000000008        277.73084000000006     
 read in sim obs yf   279.87551999999999        279.87553000000003        279.87551999999999        279.87565000000001        279.87554000000000     
 read in sim obs yf   277.24446999999998        277.24448999999998        277.24446999999998        277.24425000000002        277.24446999999998     
 read in sim obs yf   277.08591000000001        277.08591999999999        277.08591000000001        277.08568000000002        277.08591000000001     
 read in sim obs yf   277.25886999999994        277.25888999999995        277.25886999999994        277.25873999999993        277.25886999999994     
 read in sim obs yf   278.64932999999996        278.64933999999994        278.64932999999996        278.64935999999994        278.64932999999996     
 read in sim obs yf   278.80802000000000        278.80802999999997        278.80802000000000        278.80815000000001        278.80802999999997     
 read in sim obs yf   279.53773000000001        279.53773999999999        279.53773000000001        279.53791000000001        279.53773999999999     
 read in sim obs yf   277.64544999999998        277.64546999999999        277.64544999999998        277.64551999999998        277.64546000000001     
 read in sim obs yf   278.90913000000000        278.90913999999998        278.90913000000000        278.90931999999998        278.90915000000001     
 read in sim obs yf   275.92316999999997        275.92317999999995        275.92316999999997        275.92342999999994        275.92319999999995     
 read in sim obs yf   277.09310999999997        277.09310999999997        277.09310999999997        277.09322999999995        277.09311999999994     
 read in sim obs yf   277.61295999999999        277.61295999999999        277.61295999999999        277.61304999999999        277.61295999999999     
 read in sim obs yf   277.51625000000001        277.51625000000001        277.51625000000001        277.51634000000001        277.51625000000001     
 read in sim obs yf   277.42773999999997        277.42773999999997        277.42773999999997        277.42782000000000        277.42773999999997     
 read in sim obs yf   277.46609000000001        277.46609000000001        277.46609000000001        277.46620000000001        277.46609999999998     
 read in sim obs yf   277.69405000000000        277.69405000000000        277.69405000000000        277.69414000000000        277.69405000000000     
 read in sim obs yf   277.40881999999999        277.40881999999999        277.40881999999999        277.40888000000001        277.40881999999999     
 read in sim obs yf   277.29143000000005        277.29143000000005        277.29143000000005        277.29150000000004        277.29144000000008     
 read in sim obs yf   277.42842000000002        277.42842000000002        277.42842000000002        277.42849999999999        277.42842000000002     
 read in sim obs yf   277.53077000000002        277.53077000000002        277.53077000000002        277.53082999999998        277.53077000000002     
 read in sim obs yf   277.35928999999999        277.35928999999999        277.35928999999999        277.35935000000001        277.35930000000002     
 read in sim obs yf   277.30258000000003        277.30258000000003        277.30258000000003        277.30263000000008        277.30258000000003     
 read in sim obs yf   277.67498999999998        277.67498999999998        277.67498999999998        277.67505000000000        277.67498999999998     
 read in sim obs yf   278.15468999999996        278.15468999999996        278.15468999999996        278.15477999999996        278.15469999999993     
 read in sim obs yf   278.42433000000000        278.42433000000000        278.42433000000000        278.42448000000002        278.42433999999997     
 read in sim obs yf   278.65848000000000        278.65848000000000        278.65848000000000        278.65866999999997        278.65848999999997     
 read in sim obs yf   278.91836000000001        278.91836000000001        278.91836000000001        278.91852999999998        278.91836999999998     
 read in sim obs yf   279.03766999999999        279.03766999999999        279.03766999999999        279.03782999999999        279.03768000000002     
 read in sim obs yf   279.18292000000002        279.18292000000002        279.18292000000002        279.18308999999999        279.18293000000000     
 read in sim obs yf   279.30658999999997        279.30658999999997        279.30658999999997        279.30675999999994        279.30659999999995     
 read in sim obs yf   279.56388999999996        279.56388999999996        279.56388999999996        279.56405999999993        279.56387999999993     
 read in sim obs yf   279.77016999999995        279.77016999999995        279.77016999999995        279.77033999999992        279.77017999999993     
 read in sim obs yf   279.90190999999999        279.90190999999999        279.90190999999999        279.90210999999999        279.90192000000002     
 read in sim obs yf   280.01038999999997        280.01038999999997        280.01038999999997        280.01053999999999        280.01040000000000     
 read in sim obs yf   280.03640999999999        280.03640999999999        280.03640999999999        280.03658999999999        280.03642000000002     
 read in sim obs yf   279.94092999999998        279.94094000000001        279.94092999999998        279.94114000000002        279.94094999999999     
 read in sim obs yf   279.75455999999997        279.75456999999994        279.75455999999997        279.75475999999992        279.75459999999993     
 read in sim obs yf   280.65304000000003        280.65304000000003        280.65304000000003        280.65316000000007        280.65304000000003     
 read in sim obs yf   278.20202999999998        278.20204999999999        278.20202999999998        278.20195000000001        278.20204999999999     
 read in sim obs yf   280.07919999999996        280.07920999999993        280.07919999999996        280.07934999999992        280.07921999999996     
 read in sim obs yf   279.42208000000005        279.42210000000006        279.42208000000005        279.42226000000005        279.42212000000006     
 read in sim obs yf   280.08739999999995        280.08740999999992        280.08739999999995        280.08771999999993        280.08744999999993     
 read in sim obs yf   278.56340999999992        278.56341999999995        278.56340999999992        278.56341999999995        278.56341999999995     
 read in sim obs yf   280.00650999999993        280.00650999999993        280.00650999999993        280.00661999999994        280.00651999999997     
 read in sim obs yf   278.35016000000002        278.35016999999999        278.35016000000002        278.35028000000000        278.35016999999999     
 read in sim obs yf   277.77405000000005        277.77406000000008        277.77405000000005        277.77414000000005        277.77406000000008     
 read in sim obs yf   276.70407999999998        276.70409999999998        276.70407999999998        276.70409999999998        276.70409000000001     
 read in sim obs yf   279.19087999999999        279.19089000000002        279.19087999999999        279.19119000000001        279.19090999999997     
 read in sim obs yf   276.09755999999999        276.09755999999999        276.09755000000001        276.09784999999999        276.09759000000003     
 read in sim obs yf   276.81672999999995        276.81672999999995        276.81672999999995        276.81683999999996        276.81673999999992     
 read in sim obs yf   276.98324000000008        276.98324000000008        276.98324000000008        276.98333000000008        276.98324000000008     
 read in sim obs yf   276.84487999999999        276.84487999999999        276.84487999999999        276.84494999999998        276.84487999999999     
 read in sim obs yf   276.70895000000002        276.70895000000002        276.70895000000002        276.70900999999998        276.70895000000002     
 read in sim obs yf   276.92566999999997        276.92566999999997        276.92566999999997        276.92573999999996        276.92566999999997     
 read in sim obs yf   277.10849999999999        277.10849999999999        277.10849999999999        277.10858999999999        277.10849999999999     
 read in sim obs yf   276.96983000000000        276.96983000000000        276.96983000000000        276.96991000000003        276.96983000000000     
 read in sim obs yf   277.24479999999994        277.24479999999994        277.24479999999994        277.24488999999994        277.24479999999994     
 read in sim obs yf   276.97559000000001        276.97559000000001        276.97559000000001        276.97564999999997        276.97559000000001     
 read in sim obs yf   276.82501999999999        276.82501999999999        276.82501999999999        276.82506999999998        276.82501999999999     
 read in sim obs yf   277.07787000000002        277.07787000000002        277.07787000000002        277.07792000000001        277.07787000000002     
 read in sim obs yf   277.24464999999998        277.24464999999998        277.24464999999998        277.24468999999999        277.24464999999998     
 read in sim obs yf   277.64778999999999        277.64778999999999        277.64778999999999        277.64785999999998        277.64778999999999     
 read in sim obs yf   277.94110000000001        277.94110000000001        277.94110000000001        277.94117000000000        277.94110000000001     
 read in sim obs yf   278.33947000000001        278.33947000000001        278.33947000000001        278.33956000000001        278.33947000000001     
 read in sim obs yf   278.68819999999994        278.68819999999994        278.68819999999994        278.68833999999993        278.68820999999997     
 read in sim obs yf   278.86628000000002        278.86628000000002        278.86628000000002        278.86642999999998        278.86628000000002     
 read in sim obs yf   279.02447999999993        279.02447999999993        279.02447999999993        279.02467999999993        279.02448999999996     
 read in sim obs yf   279.01672000000002        279.01672000000002        279.01672000000002        279.01691000000000        279.01673000000000     
 read in sim obs yf   278.91960000000000        278.91960000000000        278.91960000000000        278.91973999999999        278.91960000000000     
 read in sim obs yf   279.28129999999999        279.28129999999999        279.28129999999999        279.28145000000001        279.28131000000002     
 read in sim obs yf   279.66761000000008        279.66761000000008        279.66761000000008        279.66776000000004        279.66762000000006     
 read in sim obs yf   279.73209999999995        279.73209999999995        279.73209999999995        279.73225999999994        279.73210999999992     
 read in sim obs yf   279.83555000000001        279.83555000000001        279.83555000000001        279.83571000000001        279.83555999999999     
 read in sim obs yf   280.05496999999997        280.05496999999997        280.05496999999997        280.05510999999996        280.05497999999994     
 read in sim obs yf   278.91673000000003        278.91674000000006        278.91673000000003        278.91679000000005        278.91675000000004     
 read in sim obs yf   280.30659000000003        280.30659000000003        280.30659000000003        280.30680000000001        280.30662000000001     
 read in sim obs yf   280.08203000000003        280.08203000000003        280.08203000000003        280.08234000000004        280.08208000000008     
 read in sim obs yf   280.46888999999999        280.46888999999999        280.46888999999999        280.46911999999998        280.46892000000003     
 read in sim obs yf   280.48736000000002        280.48737000000000        280.48736000000002        280.48759000000001        280.48737999999997     
 read in sim obs yf   280.78676000000002        280.78676000000002        280.78676000000002        280.78692000000001        280.78676000000002     
 read in sim obs yf   280.55058000000002        280.55058000000002        280.55058000000002        280.55083000000002        280.55059999999997     
 read in sim obs yf   278.09772999999996        278.09773999999993        278.09772999999996        278.09765999999996        278.09772999999996     
 read in sim obs yf   279.90170000000006        279.90170000000006        279.90170000000006        279.90183000000007        279.90171000000004     
 read in sim obs yf   279.19108000000000        279.19108999999997        279.19108000000000        279.19128999999998        279.19110000000001     
 read in sim obs yf   278.66052000000002        278.66052999999999        278.66052000000002        278.66068000000001        278.66052999999999     
 read in sim obs yf   278.55597999999998        278.55599000000001        278.55597999999998        278.55615999999998        278.55599999999998     
 read in sim obs yf   279.04720999999995        279.04721999999992        279.04720999999995        279.04746999999992        279.04722999999996     
 read in sim obs yf   276.09579000000002        276.09579000000002        276.09579000000002        276.09629000000001        276.09584000000001     
 read in sim obs yf   276.63516000000004        276.63516000000004        276.63516000000004        276.63533000000007        276.63518000000005     
 read in sim obs yf   276.39166000000000        276.39166000000000        276.39166000000000        276.39174000000003        276.39166000000000     
 read in sim obs yf   276.22823000000000        276.22823000000000        276.22823000000000        276.22829000000002        276.22823000000000     
 read in sim obs yf   276.13332000000003        276.13332000000003        276.13332000000003        276.13335999999998        276.13332000000003     
 read in sim obs yf   276.47358999999994        276.47358999999994        276.47358999999994        276.47364999999996        276.47359999999992     
 read in sim obs yf   276.97836999999998        276.97836999999998        276.97836999999998        276.97849000000002        276.97838000000002     
 read in sim obs yf   276.77933999999999        276.77933999999999        276.77933999999999        276.77942999999999        276.77935000000002     
 read in sim obs yf   276.72231999999997        276.72231999999997        276.72231999999997        276.72237999999993        276.72231999999997     
 read in sim obs yf   276.44544999999999        276.44544999999999        276.44544999999999        276.44551999999999        276.44546000000003     
 read in sim obs yf   276.52517999999998        276.52517999999998        276.52517999999998        276.52523000000002        276.52517999999998     
 read in sim obs yf   277.02476000000001        277.02476999999999        277.02476000000001        277.02481999999998        277.02476999999999     
 read in sim obs yf   277.17469999999997        277.17469999999997        277.17469999999997        277.17475000000002        277.17469999999997     
 read in sim obs yf   277.48761000000007        277.48761000000007        277.48761000000007        277.48767000000004        277.48762000000005     
 read in sim obs yf   277.63135000000000        277.63135000000000        277.63135000000000        277.63141999999999        277.63135000000000     
 read in sim obs yf   277.92700999999994        277.92700999999994        277.92700999999994        277.92709999999994        277.92700999999994     
 read in sim obs yf   278.30702000000002        278.30702000000002        278.30702000000002        278.30712999999997        278.30702000000002     
 read in sim obs yf   278.51065999999997        278.51065999999997        278.51065999999997        278.51080000000002        278.51065999999997     
 read in sim obs yf   278.82141000000007        278.82141000000007        278.82141000000007        278.82161000000008        278.82143000000008     
 read in sim obs yf   279.12746999999996        279.12746999999996        279.12746999999996        279.12770999999992        279.12748999999997     
 read in sim obs yf   279.02173999999997        279.02173999999997        279.02173999999997        279.02187999999995        279.02173999999997     
 read in sim obs yf   279.30293999999998        279.30293999999998        279.30293999999998        279.30311000000000        279.30295000000001     
 read in sim obs yf   279.57898000000000        279.57898000000000        279.57898000000000        279.57920000000001        279.57900000000001     
 read in sim obs yf   279.62384999999995        279.62384999999995        279.62384999999995        279.62400999999994        279.62385999999992     
 read in sim obs yf   279.28233999999998        279.28233999999998        279.28233999999998        279.28259000000003        279.28237999999999     
 read in sim obs yf   280.05016000000006        280.05016000000006        280.05016000000006        280.05031000000008        280.05017000000004     
 read in sim obs yf   280.16980000000001        280.16980000000001        280.16980000000001        280.16996999999998        280.16980999999998     
 read in sim obs yf   280.41032999999999        280.41032999999999        280.41032999999999        280.41048000000001        280.41034000000002     
 read in sim obs yf   280.66311999999999        280.66311999999999        280.66311999999999        280.66331000000002        280.66314000000000     
 read in sim obs yf   280.60630000000003        280.60630000000003        280.60630000000003        280.60660000000007        280.60633000000007     
 read in sim obs yf   280.55734999999999        280.55734999999999        280.55734999999999        280.55768000000000        280.55739000000000     
 read in sim obs yf   280.84183000000002        280.84183000000002        280.84183000000002        280.84204000000000        280.84185000000002     
 read in sim obs yf   279.43684999999999        279.43686000000002        279.43684999999999        279.43709999999999        279.43689000000001     
 read in sim obs yf   277.32735000000002        277.32736000000000        277.32735000000002        277.32717000000002        277.32735000000002     
 read in sim obs yf   279.21006999999997        279.21008000000000        279.21006999999997        279.21024000000000        279.21008999999998     
 read in sim obs yf   279.92801999999995        279.92802999999992        279.92801999999995        279.92854999999992        279.92807999999997     
 read in sim obs yf   279.98534999999998        279.98536000000001        279.98534999999998        279.98603000000003        279.98541999999998     
 read in sim obs yf   279.88010000000008        279.88011000000006        279.88010000000008        279.88040000000007        279.88013000000007     
 read in sim obs yf   278.68835999999993        278.68835999999993        278.68835999999993        278.68859999999995        278.68837999999994     
 read in sim obs yf   275.38141999999999        275.38141999999999        275.38141999999999        275.38189999999997        275.38146999999998     
 read in sim obs yf   275.78796999999997        275.78796999999997        275.78796000000000        275.78852999999998        275.78804000000002     
 read in sim obs yf   275.86009999999999        275.86009999999999        275.86009999999999        275.86018999999999        275.86009999999999     
 read in sim obs yf   275.76134999999994        275.76134999999994        275.76134999999994        275.76139999999992        275.76134999999994     
 read in sim obs yf   275.85262000000000        275.85262000000000        275.85262000000000        275.85266999999999        275.85262000000000     
 read in sim obs yf   276.16327999999993        276.16327999999993        276.16327999999993        276.16332999999992        276.16327999999993     
 read in sim obs yf   276.81431999999995        276.81431999999995        276.81431999999995        276.81442999999996        276.81432999999993     
 read in sim obs yf   276.55727999999999        276.55727999999999        276.55727999999999        276.55736000000002        276.55727999999999     
 read in sim obs yf   276.26830999999999        276.26830999999999        276.26830999999999        276.26837000000000        276.26830999999999     
 read in sim obs yf   276.27762999999993        276.27762999999993        276.27762999999993        276.27768999999995        276.27762999999993     
 read in sim obs yf   276.33771999999999        276.33771999999999        276.33771999999999        276.33778999999998        276.33773000000002     
 read in sim obs yf   276.48863000000000        276.48863000000000        276.48863000000000        276.48867999999999        276.48863000000000     
 read in sim obs yf   276.68892000000000        276.68892000000000        276.68892000000000        276.68896000000001        276.68892000000000     
 read in sim obs yf   277.30529999999999        277.30529999999999        277.30529999999999        277.30534999999998        277.30529999999999     
 read in sim obs yf   277.60462999999999        277.60462999999999        277.60462999999999        277.60471999999999        277.60462999999999     
 read in sim obs yf   277.57932000000000        277.57932000000000        277.57932000000000        277.57940000000002        277.57932000000000     
 read in sim obs yf   277.81569999999994        277.81569999999994        277.81569999999994        277.81579999999997        277.81569999999994     
 read in sim obs yf   278.16831999999999        278.16831999999999        278.16831999999999        278.16849000000002        278.16833000000003     
 read in sim obs yf   278.57981999999998        278.57981999999998        278.57981999999998        278.58001999999999        278.57983999999999     
 read in sim obs yf   278.97737000000001        278.97737000000001        278.97737000000001        278.97764999999998        278.97739999999999     
 read in sim obs yf   279.10694999999998        279.10694999999998        279.10694999999998        279.10708000000000        279.10696000000002     
 read in sim obs yf   279.47019000000006        279.47019000000006        279.47019000000006        279.47033000000005        279.47020000000003     
 read in sim obs yf   279.15444000000002        279.15444000000002        279.15444000000002        279.15462000000002        279.15445999999997     
 read in sim obs yf   278.40762000000001        278.40762000000001        278.40762000000001        278.40777000000003        278.40764999999999     
 read in sim obs yf   277.87238000000002        277.87238000000002        277.87238000000002        277.87236999999999        277.87239000000000     
 read in sim obs yf   280.05731999999995        280.05731999999995        280.05731999999995        280.05746999999997        280.05732999999992     
 read in sim obs yf   280.14416999999997        280.14416999999997        280.14416999999997        280.14427999999998        280.14418000000001     
 read in sim obs yf   280.37592000000001        280.37592000000001        280.37592000000001        280.37606000000000        280.37592999999998     
 read in sim obs yf   280.61344999999994        280.61344999999994        280.61344999999994        280.61356999999992        280.61345999999992     
 read in sim obs yf   280.58271999999999        280.58271999999999        280.58271999999999        280.58303000000001        280.58274999999998     
 read in sim obs yf   278.86937999999992        278.86938999999995        278.86937999999992        278.86948999999993        278.86939999999993     
 read in sim obs yf   279.81397000000004        279.81398000000007        279.81397000000004        279.81421000000006        279.81400000000008     
 read in sim obs yf   280.09265000000005        280.09265000000005        280.09265000000005        280.09308000000004        280.09269000000006     
 read in sim obs yf   277.40028000000001        277.40028999999998        277.40028000000001        277.40019999999998        277.40028999999998     
 read in sim obs yf   279.53205000000003        279.53206000000000        279.53205000000003        279.53244000000001        279.53208000000001     
 read in sim obs yf   278.16973999999999        278.16975000000002        278.16973999999999        278.16989999999998        278.16975000000002     
 read in sim obs yf   278.66885000000008        278.66886000000005        278.66885000000008        278.66909000000004        278.66888000000006     
 read in sim obs yf   279.25701999999995        279.25701999999995        279.25701999999995        279.25731999999994        279.25703999999996     
 read in sim obs yf   279.65512999999999        279.65514000000002        279.65512999999999        279.65530999999999        279.65514000000002     
 read in sim obs yf   273.90777999999995        273.90777999999995        273.90777999999995        273.90828999999997        273.90782999999993     
 read in sim obs yf   275.34341000000001        275.34341000000001        275.34341000000001        275.34395000000001        275.34345999999999     
 read in sim obs yf   275.61486000000002        275.61486000000002        275.61486000000002        275.61500000000001        275.61487000000000     
 read in sim obs yf   275.38875999999999        275.38875999999999        275.38875999999999        275.38884000000002        275.38875999999999     
 read in sim obs yf   275.84762999999998        275.84762999999998        275.84762999999998        275.84769999999997        275.84762999999998     
 read in sim obs yf   276.20875999999998        276.20875999999998        276.20875999999998        276.20884000000001        276.20875999999998     
 read in sim obs yf   276.51891000000001        276.51891000000001        276.51889999999997        276.51904000000002        276.51891999999998     
 read in sim obs yf   276.18588000000000        276.18588000000000        276.18588000000000        276.18596000000002        276.18588000000000     
 read in sim obs yf   275.81853000000001        275.81853000000001        275.81853000000001        275.81858999999997        275.81853999999998     
 read in sim obs yf   276.01209000000000        276.01209000000000        276.01209000000000        276.01215999999999        276.01209000000000     
 read in sim obs yf   275.99478999999997        275.99478999999997        275.99478999999997        275.99483999999995        275.99478999999997     
 read in sim obs yf   276.17456999999996        276.17456999999996        276.17456999999996        276.17460999999992        276.17456999999996     
 read in sim obs yf   276.62763999999999        276.62763999999999        276.62763999999999        276.62768999999997        276.62763999999999     
 read in sim obs yf   277.11070000000001        277.11070000000001        277.11070000000001        277.11075000000000        277.11070000000001     
 read in sim obs yf   277.25436000000002        277.25436000000002        277.25436000000002        277.25443999999999        277.25436000000002     
 read in sim obs yf   277.21404000000001        277.21404000000001        277.21404000000001        277.21411999999998        277.21404999999999     
 read in sim obs yf   277.65355000000000        277.65355000000000        277.65355000000000        277.65365000000003        277.65356000000003     
 read in sim obs yf   278.25781999999992        278.25781999999992        278.25781999999992        278.25800999999996        278.25782999999996     
 read in sim obs yf   278.56403999999998        278.56403999999998        278.56403999999998        278.56425000000002        278.56405999999998     
 read in sim obs yf   278.79629000000000        278.79629000000000        278.79629000000000        278.79647999999997        278.79629999999997     
 read in sim obs yf   278.94842000000006        278.94842000000006        278.94842000000006        278.94855000000007        278.94843000000003     
 read in sim obs yf   279.36050999999992        279.36050999999992        279.36050999999992        279.36071999999996        279.36052999999993     
 read in sim obs yf   278.87630000000001        278.87630000000001        278.87630000000001        278.87652000000003        278.87630999999999     
 read in sim obs yf   279.46280999999999        279.46280999999999        279.46280999999999        279.46303999999998        279.46283000000000     
 read in sim obs yf   279.43219999999997        279.43219999999997        279.43219999999997        279.43252999999993        279.43222999999995     
 read in sim obs yf   279.71015000000000        279.71015000000000        279.71015000000000        279.71051000000000        279.71017999999998     
 read in sim obs yf   279.98901000000001        279.98901000000001        279.98901000000001        279.98932000000002        279.98903999999999     
 read in sim obs yf   280.16732000000002        280.16732000000002        280.16732000000002        280.16768000000002        280.16734000000002     
 read in sim obs yf   279.84233000000000        279.84233000000000        279.84233000000000        279.84267999999997        279.84235000000001     
 read in sim obs yf   280.25110999999998        280.25110999999998        280.25110999999998        280.25144000000000        280.25114000000002     
 read in sim obs yf   280.17131999999998        280.17131999999998        280.17131999999998        280.17178999999999        280.17135999999999     
 read in sim obs yf   278.85010000000000        278.85010000000000        278.85010000000000        278.85028999999997        278.85007000000002     
 read in sim obs yf   277.95114999999993        277.95115999999996        277.95114999999993        277.95128999999991        277.95117999999997     
 read in sim obs yf   278.31101999999998        278.31103000000002        278.31101999999998        278.31123000000002        278.31105000000002     
 read in sim obs yf   279.18288000000001        279.18288000000001        279.18288000000001        279.18326000000002        279.18290999999999     
 read in sim obs yf   275.92452000000003        275.92454000000004        275.92452000000003        275.92455000000007        275.92453000000006     
 read in sim obs yf   279.04257999999999        279.04257999999999        279.04257999999999        279.04288000000003        279.04259999999999     
 read in sim obs yf   279.56079999999997        279.56079999999997        279.56079999999997        279.56119000000001        279.56081999999998     
 read in sim obs yf   279.61836000000000        279.61837000000003        279.61836000000000        279.61883000000000        279.61838999999998     
 read in sim obs yf   273.67628999999999        273.67628999999999        273.67630000000003        273.67664000000002        273.67631000000000     
 read in sim obs yf   274.78026000000000        274.78026000000000        274.78026000000000        274.78077999999999        274.78028999999998     
 read in sim obs yf   274.84506999999996        274.84507999999994        274.84506999999996        274.84551999999996        274.84511999999995     
 read in sim obs yf   274.98460999999998        274.98460999999998        274.98460999999998        274.98482999999999        274.98462000000001     
 read in sim obs yf   275.47005000000007        275.47005000000007        275.47005000000007        275.47017000000005        275.47006000000005     
 read in sim obs yf   275.80153000000001        275.80153000000001        275.80153000000001        275.80176000000000        275.80155000000002     
 read in sim obs yf   275.83096000000000        275.83096000000000        275.83096000000000        275.83116999999999        275.83098000000001     
 read in sim obs yf   275.41320999999999        275.41320999999999        275.41320999999999        275.41331000000002        275.41320999999999     
 read in sim obs yf   275.14724999999999        275.14724999999999        275.14724999999999        275.14733999999999        275.14724999999999     
 read in sim obs yf   275.72591999999997        275.72591999999997        275.72591999999997        275.72600999999997        275.72591999999997     
 read in sim obs yf   276.05354999999997        276.05354999999997        276.05354999999997        276.05363000000000        276.05354999999997     
 read in sim obs yf   276.35460999999998        276.35460999999998        276.35460999999998        276.35469999999998        276.35460999999998     
 read in sim obs yf   276.59097999999994        276.59097999999994        276.59096999999997        276.59104999999994        276.59097999999994     
 read in sim obs yf   276.56796000000003        276.56796000000003        276.56796000000003        276.56801999999999        276.56796000000003     
 read in sim obs yf   276.83001000000002        276.83001000000002        276.83001000000002        276.83008000000001        276.83001000000002     
 read in sim obs yf   277.35374000000007        277.35374000000007        277.35374000000007        277.35382000000004        277.35375000000005     
 read in sim obs yf   277.77507000000003        277.77507000000003        277.77507000000003        277.77512000000002        277.77507000000003     
 read in sim obs yf   277.94877000000002        277.94877000000002        277.94877000000002        277.94882999999999        277.94877000000002     
 read in sim obs yf   278.16163999999998        278.16163999999998        278.16163999999998        278.16190999999998        278.16167000000002     
 read in sim obs yf   278.49284000000000        278.49284000000000        278.49284000000000        278.49304000000001        278.49286000000001     
 read in sim obs yf   278.62002999999999        278.62002999999999        278.62002999999999        278.62027000000000        278.62007000000000     
 read in sim obs yf   278.62227000000001        278.62227000000001        278.62227000000001        278.62268000000000        278.62232000000000     
 read in sim obs yf   278.10435000000001        278.10435000000001        278.10435000000001        278.10473000000002        278.10437000000002     
 read in sim obs yf   278.69724000000002        278.69724000000002        278.69724000000002        278.69772999999998        278.69727999999998     
 read in sim obs yf   279.11018999999999        279.11018999999999        279.11018999999999        279.11058000000003        279.11022000000003     
 read in sim obs yf   279.40663999999998        279.40663999999998        279.40663999999998        279.40705000000003        279.40667000000002     
 read in sim obs yf   278.98624000000001        278.98624000000001        278.98624000000001        278.98653999999999        278.98626999999999     
 read in sim obs yf   279.33367999999996        279.33367999999996        279.33367999999996        279.33402999999993        279.33369999999996     
 read in sim obs yf   279.65640000000002        279.65640000000002        279.65640000000002        279.65688000000000        279.65643000000000     
 read in sim obs yf   279.96871999999996        279.96871999999996        279.96871999999996        279.96890999999994        279.96872999999994     
 read in sim obs yf   279.27816999999999        279.27816999999999        279.27816999999999        279.27839999999998        279.27819000000000     
 read in sim obs yf   276.49011999999993        276.49012999999997        276.49011999999993        276.49008999999995        276.49011999999993     
 read in sim obs yf   277.34945999999997        277.34946999999994        277.34945999999997        277.34959999999995        277.34947999999997     
 read in sim obs yf   277.35126000000002        277.35127000000000        277.35126000000002        277.35147000000001        277.35127999999997     
 read in sim obs yf   278.55714000000000        278.55714000000000        278.55714000000000        278.55748000000000        278.55716000000001     
 read in sim obs yf   278.33877999999999        278.33879000000002        278.33877999999999        278.33902000000000        278.33879999999999     
 read in sim obs yf   280.20581999999996        280.20582999999993        280.20581999999996        280.20631999999995        280.20584999999994     
 read in sim obs yf   280.00339000000002        280.00340000000000        280.00339000000002        280.00380999999999        280.00340999999997     
 read in sim obs yf   281.27280000000002        281.27280999999999        281.27280000000002        281.27296000000001        281.27280999999999     
 read in sim obs yf   273.90019999999998        273.90019999999998        273.90019999999998        273.90057000000002        273.90021000000002     
 read in sim obs yf   273.75205999999991        273.75205999999991        273.75205999999991        273.75236999999993        273.75205999999991     
 read in sim obs yf   274.86985999999996        274.86985999999996        274.86985999999996        274.87015999999994        274.86988999999994     
 read in sim obs yf   274.81103999999999        274.81103999999999        274.81103999999999        274.81119999999999        274.81105000000002     
 read in sim obs yf   274.63896000000000        274.63896000000000        274.63896000000000        274.63918000000001        274.63896999999997     
 read in sim obs yf   274.90015000000000        274.90015000000000        274.90015000000000        274.90037999999998        274.90016000000003     
 read in sim obs yf   275.17050999999998        275.17050999999998        275.17050999999998        275.17079999999999        275.17054000000002     
 read in sim obs yf   275.42770000000002        275.42770000000002        275.42770000000002        275.42791000000000        275.42772000000002     
 read in sim obs yf   275.55687999999998        275.55687999999998        275.55687999999998        275.55700000000002        275.55689000000001     
 read in sim obs yf   275.91845000000001        275.91845000000001        275.91845000000001        275.91856999999999        275.91845999999998     
 read in sim obs yf   276.14807000000002        276.14807000000002        276.14807000000002        276.14816999999999        276.14807999999999     
 read in sim obs yf   276.18745000000007        276.18745000000007        276.18745000000007        276.18755000000004        276.18746000000004     
 read in sim obs yf   276.29958000000005        276.29958000000005        276.29958000000005        276.29968000000008        276.29959000000008     
 read in sim obs yf   276.42385000000002        276.42385000000002        276.42385000000002        276.42394999999999        276.42385999999999     
 read in sim obs yf   276.95796000000001        276.95796000000001        276.95796000000001        276.95805999999999        276.95796000000001     
 read in sim obs yf   277.50914999999986        277.50914999999986        277.50914999999986        277.50925999999987        277.50915999999989     
 read in sim obs yf   277.66519000000000        277.66519000000000        277.66519000000000        277.66541000000001        277.66521000000000     
 read in sim obs yf   277.82945000000001        277.82945000000001        277.82945000000001        277.82974999999999        277.82947999999999     
 read in sim obs yf   277.40183999999999        277.40183999999999        277.40183999999999        277.40219000000002        277.40186999999997     
 read in sim obs yf   277.54872000000006        277.54872000000006        277.54872000000006        277.54931000000005        277.54878000000008     
 read in sim obs yf   277.75564999999995        277.75564999999995        277.75564999999995        277.75616999999994        277.75569999999993     
 read in sim obs yf   278.12746999999996        278.12746999999996        278.12746999999996        278.12799999999993        278.12751999999995     
 read in sim obs yf   277.95780999999999        277.95780999999999        277.95780999999999        277.95821000000001        277.95783999999998     
 read in sim obs yf   278.43621000000002        278.43619999999999        278.43621000000002        278.43675000000002        278.43626000000000     
 read in sim obs yf   278.84676999999999        278.84676999999999        278.84676999999999        278.84728999999999        278.84681000000000     
 read in sim obs yf   279.05016999999998        279.05016999999998        279.05016999999998        279.05070000000001        279.05022000000002     
 read in sim obs yf   278.99412999999998        278.99412999999998        278.99412999999998        278.99437000000000        278.99414999999999     
 read in sim obs yf   279.81090999999998        279.81090999999998        279.81090999999998        279.81105000000002        279.81092000000001     
 read in sim obs yf   279.31756000000001        279.31756000000001        279.31756000000001        279.31794000000002        279.31759000000000     
 read in sim obs yf   279.24266999999992        279.24266999999992        279.24266999999992        279.24301999999994        279.24269999999996     
 read in sim obs yf   279.40312000000000        279.40312000000000        279.40312000000000        279.40330999999998        279.40312999999998     
 read in sim obs yf   277.60290000000003        277.60291000000007        277.60290000000003        277.60312000000005        277.60292000000004     
 read in sim obs yf   278.41739999999999        278.41741000000002        278.41739999999999        278.41768000000002        278.41741999999999     
 read in sim obs yf   278.68527999999998        278.68529000000001        278.68527999999998        278.68554000000000        278.68529999999998     
 read in sim obs yf   278.12831000000000        278.12831999999997        278.12831000000000        278.12858000000000        278.12833000000001     
 read in sim obs yf   277.60732000000007        277.60733000000005        277.60732000000007        277.60748000000007        277.60733000000005     
 read in sim obs yf   281.32292999999999        281.32294000000002        281.32292999999999        281.32310000000001        281.32294000000002     
 read in sim obs yf   283.11140000000000        283.11140000000000        283.11140000000000        283.11144000000002        283.11140000000000     
 read in sim obs yf   283.29329999999999        283.29329999999999        283.29329999999999        283.29334000000000        283.29329999999999     
 read in sim obs yf   272.95301000000001        272.95301999999998        272.95303999999999        272.95321000000001        272.95301000000001     
 read in sim obs yf   272.99122999999992        272.99123999999995        272.99124999999992        272.99142999999992        272.99122999999992     
 read in sim obs yf   274.10669000000001        274.10669000000001        274.10669000000001        274.10694000000001        274.10669999999999     
 read in sim obs yf   273.99635000000001        273.99635000000001        273.99635000000001        273.99655999999999        273.99635999999998     
 read in sim obs yf   273.98457000000002        273.98457000000002        273.98457000000002        273.98482999999999        273.98460000000000     
 read in sim obs yf   274.13952999999998        274.13952999999998        274.13954000000001        274.13983999999999        274.13954000000001     
 read in sim obs yf   274.51882000000001        274.51882999999998        274.51882000000001        274.51929999999999        274.51886999999999     
 read in sim obs yf   275.29699999999997        275.29699999999997        275.29699999999997        275.29747999999995        275.29703999999992     
 read in sim obs yf   275.67811999999998        275.67811999999998        275.67811999999998        275.67844000000002        275.67815000000002     
 read in sim obs yf   275.70535000000001        275.70535000000001        275.70535000000001        275.70564000000002        275.70537999999999     
 read in sim obs yf   275.94848000000002        275.94848000000002        275.94848000000002        275.94866000000002        275.94848999999999     
 read in sim obs yf   276.03383999999994        276.03383999999994        276.03383999999994        276.03398999999996        276.03385999999995     
 read in sim obs yf   276.31461000000002        276.31461000000002        276.31461000000002        276.31473999999997        276.31461999999999     
 read in sim obs yf   276.60050999999993        276.60050999999993        276.60050999999993        276.60067999999995        276.60052999999994     
 read in sim obs yf   276.96538999999996        276.96538999999996        276.96538999999996        276.96565999999996        276.96541999999994     
 read in sim obs yf   277.02591999999999        277.02591999999999        277.02591999999999        277.02614000000000        277.02593999999999     
 read in sim obs yf   276.93220000000002        276.93220000000002        276.93220000000002        276.93261000000001        276.93225000000001     
 read in sim obs yf   276.76906000000002        276.76906000000002        276.76906000000002        276.76978000000003        276.76916000000000     
 read in sim obs yf   276.63452999999998        276.63452999999998        276.63452999999998        276.63490999999999        276.63454999999999     
 read in sim obs yf   276.62831999999997        276.62831999999997        276.62831999999997        276.62864000000002        276.62833999999998     
 read in sim obs yf   276.48405000000002        276.48405000000002        276.48405000000002        276.48444999999998        276.48408000000001     
 read in sim obs yf   276.94225000000000        276.94225000000000        276.94225000000000        276.94261000000000        276.94227999999998     
 read in sim obs yf   277.37405000000001        277.37405000000001        277.37405000000001        277.37452000000002        277.37409000000002     
 read in sim obs yf   277.75769000000003        277.75769000000003        277.75769000000003        277.75817999999998        277.75772999999998     
 read in sim obs yf   278.24047999999999        278.24047999999999        278.24047999999999        278.24103000000002        278.24052999999998     
 read in sim obs yf   278.44182999999998        278.44184000000001        278.44182999999998        278.44220999999999        278.44186999999999     
 read in sim obs yf   278.35368999999997        278.35368999999997        278.35368999999997        278.35403000000002        278.35372000000001     
 read in sim obs yf   278.95915000000002        278.95916000000000        278.95915000000002        278.95945999999998        278.95918000000000     
 read in sim obs yf   279.04070000000007        279.04070000000007        279.04070000000007        279.04104000000007        279.04073000000005     
 read in sim obs yf   279.22992999999997        279.22992999999997        279.22992999999997        279.23030999999992        279.22995999999995     
 read in sim obs yf   279.28165999999999        279.28165999999999        279.28165000000001        279.28190000000001        279.28167999999999     
 read in sim obs yf   278.37814999999995        278.37815999999992        278.37814999999995        278.37831999999992        278.37816999999995     
 read in sim obs yf   279.32695000000001        279.32695999999999        279.32695000000001        279.32736999999997        279.32697999999999     
 read in sim obs yf   280.85336000000001        280.85336000000001        280.85336000000001        280.85359000000000        280.85336999999998     
 read in sim obs yf   280.65929999999997        280.65931000000000        280.65929999999997        280.65951000000001        280.65931000000000     
 read in sim obs yf   281.52285000000001        281.52285999999998        281.52285000000001        281.52294000000001        281.52285999999998     
 read in sim obs yf   282.71712999999994        282.71712999999994        282.71712999999994        282.71716999999995        282.71712999999994     
 read in sim obs yf   283.90314000000001        283.90314000000001        283.90314000000001        283.90314999999998        283.90314000000001     

    ---------------------------------------
    |   EXITING VARASSIM AFTER ANALYSIS   |
    ---------------------------------------

 Number of assimilated observations for task            0  =         2644

 Surface temperature set to    275.98437535238645      from nearest neighbour at I=          13
 Surface temperature set to    278.45232435354768      from nearest neighbour at I=          14
 Surface temperature set to    275.98413469989646      from nearest neighbour at I=          52
 Surface temperature set to    278.17324276026596      from nearest neighbour at I=          90
 Surface temperature set to    278.19490626856742      from nearest neighbour at I=         243
 Surface temperature set to    279.37571212087471      from nearest neighbour at I=         299
 Surface temperature set to    279.09718203812400      from nearest neighbour at I=         338
 Surface temperature set to    276.59308847203954      from nearest neighbour at I=         366
 Surface temperature set to    277.58574940100186      from nearest neighbour at I=         376
 Surface temperature set to    277.65775780600637      from nearest neighbour at I=         377
 Surface temperature set to    281.99175472321559      from nearest neighbour at I=         397
 Surface temperature set to    272.86362288800001      from nearest neighbour at I=         406
 Surface temperature set to    275.26365363406353      from nearest neighbour at I=         415
 Surface temperature set to    281.29696799569672      from nearest neighbour at I=         435
 Surface temperature set to    272.53821381600000      from nearest neighbour at I=         446
 Surface temperature set to    274.57853432217701      from nearest neighbour at I=         454
 Surface temperature set to    275.86196914990381      from nearest neighbour at I=         455
 Surface temperature set to    279.56214085416480      from nearest neighbour at I=         468
 Surface temperature set to    278.25890686933872      from nearest neighbour at I=         473
 Surface temperature set to    281.47765030740646      from nearest neighbour at I=         474
 Surface temperature set to    274.86886879476691      from nearest neighbour at I=         485
 Surface temperature set to    276.02992908332817      from nearest neighbour at I=         493
 Surface temperature set to    272.57399785550001      from nearest neighbour at I=         494
 Surface temperature set to    275.67496151340009      from nearest neighbour at I=         507
 Surface temperature set to    278.26032404492975      from nearest neighbour at I=         511
 Surface temperature set to    274.88124266926690      from nearest neighbour at I=         524
 Surface temperature set to    274.87796542776687      from nearest neighbour at I=         525
 Surface temperature set to    274.87402023106733      from nearest neighbour at I=         526
 Surface temperature set to    276.24336463985640      from nearest neighbour at I=         532
 Surface temperature set to    272.79033289700004      from nearest neighbour at I=         533
 Surface temperature set to    279.63364261209580      from nearest neighbour at I=         549
 Surface temperature set to    273.29472797998238      from nearest neighbour at I=         566
 Surface temperature set to    278.62747030847765      from nearest neighbour at I=         571
 Surface temperature set to    272.06852114949999      from nearest neighbour at I=         573
 Surface temperature set to    279.46418093055001      from nearest neighbour at I=         588
 Surface temperature set to    279.78418491477146      from nearest neighbour at I=         600
 Surface temperature set to    278.61125361800623      from nearest neighbour at I=         601
 Surface temperature set to    277.43136078983497      from nearest neighbour at I=         604
 Surface temperature set to    277.84450680515772      from nearest neighbour at I=         611
 Surface temperature set to    280.08833489562414      from nearest neighbour at I=         626
 Surface temperature set to    278.59916908450623      from nearest neighbour at I=         641
 Surface temperature set to    275.55869133778145      from nearest neighbour at I=         645
 Surface temperature set to    278.46873108155006      from nearest neighbour at I=         648
 Surface temperature set to    279.50702749331890      from nearest neighbour at I=         650
 Surface temperature set to    276.01488481335372      from nearest neighbour at I=         683
 Surface temperature set to    280.53146311319284      from nearest neighbour at I=         718
 Surface temperature set to    276.65333850783992      from nearest neighbour at I=         722
 Surface temperature set to    277.24472798848137      from nearest neighbour at I=         739
 Surface temperature set to    280.23921717616969      from nearest neighbour at I=         758
 Surface temperature set to    280.84670644502444      from nearest neighbour at I=         759
 Surface temperature set to    278.28709402012055      from nearest neighbour at I=         761
 Surface temperature set to    277.04045827724252      from nearest neighbour at I=         778
 Surface temperature set to    280.21221533261325      from nearest neighbour at I=         792
 Surface temperature set to    279.81108658219853      from nearest neighbour at I=         857
 Surface temperature set to    279.76109436605122      from nearest neighbour at I=         887
 Surface temperature set to    279.81784342057256      from nearest neighbour at I=         897
 Surface temperature set to    279.21805560367147      from nearest neighbour at I=         925
 Surface temperature set to    280.30062637259101      from nearest neighbour at I=         926
 Surface temperature set to    275.59458160555278      from nearest neighbour at I=         936
 Surface temperature set to    276.58418339698318      from nearest neighbour at I=        1089
 Surface temperature set to    278.10366876498369      from nearest neighbour at I=        1093
 Surface temperature set to    278.29532531574392      from nearest neighbour at I=        1422
 Surface temperature set to    281.28939323729116      from nearest neighbour at I=        1520
 *********************************************
 *      ASSIMILATIONS FOR URBAN POINTS       *
 *********************************************
 UPDATING TOWN FOR SCHEME: TEB
 Mean T2m increments over TOWN    1.8169500574343005     
 Mean T_ROAD3 increments over TOWN    1.8169500574343005     
  
     -----------------------
     | SODA ENDS CORRECTLY |
     -----------------------
