  
     ----------------------
     | PGD ENDS CORRECTLY |
     ----------------------
  
     -----------------------
     | PREP ENDS CORRECTLY |
     -----------------------
Running offline for perturbation 0
 CAUTION: DID YOU THINK TO SET OMP_NUM_THREADS=1?
 PLEASE VERIFY OMP_NUM_THREADS IS INITIALIZED : TYPE ECHO $OMP_NUM_THREADS IN A TERMINAL
  
     --------------------------
     | OFFLINE ENDS CORRECTLY |
     --------------------------
  
Running offline for perturbation 1
 CAUTION: DID YOU THINK TO SET OMP_NUM_THREADS=1?
 PLEASE VERIFY OMP_NUM_THREADS IS INITIALIZED : TYPE ECHO $OMP_NUM_THREADS IN A TERMINAL
  
     --------------------------
     | OFFLINE ENDS CORRECTLY |
     --------------------------
  
Running offline for perturbation 2
 CAUTION: DID YOU THINK TO SET OMP_NUM_THREADS=1?
 PLEASE VERIFY OMP_NUM_THREADS IS INITIALIZED : TYPE ECHO $OMP_NUM_THREADS IN A TERMINAL
  
     --------------------------
     | OFFLINE ENDS CORRECTLY |
     --------------------------
  
Running offline for perturbation 3
 CAUTION: DID YOU THINK TO SET OMP_NUM_THREADS=1?
 PLEASE VERIFY OMP_NUM_THREADS IS INITIALIZED : TYPE ECHO $OMP_NUM_THREADS IN A TERMINAL
  
     --------------------------
     | OFFLINE ENDS CORRECTLY |
     --------------------------
  
Running offline for perturbation 4
 CAUTION: DID YOU THINK TO SET OMP_NUM_THREADS=1?
 PLEASE VERIFY OMP_NUM_THREADS IS INITIALIZED : TYPE ECHO $OMP_NUM_THREADS IN A TERMINAL
  
     --------------------------
     | OFFLINE ENDS CORRECTLY |
     --------------------------
  
Assuming we are evolving B matrix from initial state for first cycle with assimilation

    ------------------------------------
    |               SODA               |
    | SURFEX OFFLINE DATA ASSIMILATION |
    ------------------------------------

 INITIALIZING SURFEX...
 READING Land-Sea mask
 READ LSM OK
 READING CANARI ANALYSIS
 READ CANARI OK
 READING SST FROM SST_SIC
 READ SST_SIC OK
   ECMWF_SST_SIC
  SURFSEA.TEMPERA - min, mean, max:    0.2855E+03   0.2863E+03   0.2880E+03
   Replaced land by UNDEF 
  SST            - min, mean, max:    0.2855E+03   0.2863E+03   0.2880E+03
 PERFORMIMG OFFLINE SURFEX DATA ASSIMILATION...
 *********************************************
 *      ASSIMILATIONS FOR SEA POINTS         *
 *********************************************
 UPDATING SST FOR SCHEME: SEAFLX
 Mean SST increments over SEA     0.52200752174258469     
 *********************************************
 *      ASSIMILATIONS FOR WATER POINTS       *
 *********************************************
 UPDATING LST FOR INLAND_WATER: WATFLX
 Lake surface temperature set to    283.00703580499999      from nearest neighbour at I=         299
 Lake surface temperature set to    282.97756254500001      from nearest neighbour at I=         338
 Lake surface temperature set to    282.86056536699999      from nearest neighbour at I=         366
 Lake surface temperature set to    283.24040014000002      from nearest neighbour at I=         376
 Lake surface temperature set to    282.88817428999999      from nearest neighbour at I=         377
 Lake surface temperature set to    282.86442288799998      from nearest neighbour at I=         406
 Lake surface temperature set to    282.23474758500004      from nearest neighbour at I=         415
 Lake surface temperature set to    282.79671137500003      from nearest neighbour at I=         416
 Lake surface temperature set to    283.26267513950000      from nearest neighbour at I=         445
 Lake surface temperature set to    282.63845381600004      from nearest neighbour at I=         446
 Lake surface temperature set to    282.27272153400003      from nearest neighbour at I=         454
 Lake surface temperature set to    282.67832717649998      from nearest neighbour at I=         455
 Lake surface temperature set to    283.25665011399997      from nearest neighbour at I=         483
 Lake surface temperature set to    283.27373143149998      from nearest neighbour at I=         484
 Lake surface temperature set to    282.80441167800001      from nearest neighbour at I=         485
 Lake surface temperature set to    282.36121094999999      from nearest neighbour at I=         493
 Lake surface temperature set to    282.28786785550000      from nearest neighbour at I=         494
 Lake surface temperature set to    283.36412685749997      from nearest neighbour at I=         522
 Lake surface temperature set to    283.37693886450000      from nearest neighbour at I=         523
 Lake surface temperature set to    282.81678555249999      from nearest neighbour at I=         524
 Lake surface temperature set to    282.81350831099996      from nearest neighbour at I=         525
 Lake surface temperature set to    282.29164318199997      from nearest neighbour at I=         526
 Lake surface temperature set to    282.37199234349998      from nearest neighbour at I=         532
 Lake surface temperature set to    282.21984289700004      from nearest neighbour at I=         533
 Lake surface temperature set to    283.29589156199995      from nearest neighbour at I=         561
 Lake surface temperature set to    282.67551357650001      from nearest neighbour at I=         562
 Lake surface temperature set to    282.67232179050001      from nearest neighbour at I=         563
 Lake surface temperature set to    282.67548775199998      from nearest neighbour at I=         564
 Lake surface temperature set to    282.33207559350001      from nearest neighbour at I=         565
 Lake surface temperature set to    282.66974943449998      from nearest neighbour at I=         566
 Lake surface temperature set to    282.46056163999998      from nearest neighbour at I=         571
 Lake surface temperature set to    282.23601184850003      from nearest neighbour at I=         572
 Lake surface temperature set to    282.19802014150002      from nearest neighbour at I=         573
 Lake surface temperature set to    283.28348951900000      from nearest neighbour at I=         588
 Lake surface temperature set to    282.68031081900000      from nearest neighbour at I=         600
 Lake surface temperature set to    282.65771534150002      from nearest neighbour at I=         601
 Lake surface temperature set to    282.67247136850000      from nearest neighbour at I=         603
 Lake surface temperature set to    283.05886903350000      from nearest neighbour at I=         604
 Lake surface temperature set to    282.36291491250000      from nearest neighbour at I=         611
 Lake surface temperature set to    282.64563080800002      from nearest neighbour at I=         641
 Lake surface temperature set to    282.67248701400001      from nearest neighbour at I=         642
 Lake surface temperature set to    283.06144105100003      from nearest neighbour at I=         643
 Lake surface temperature set to    283.05134606350003      from nearest neighbour at I=         644
 Lake surface temperature set to    282.38444088699998      from nearest neighbour at I=         645
 Lake surface temperature set to    282.28618993500004      from nearest neighbour at I=         648
 Lake surface temperature set to    282.34681581999996      from nearest neighbour at I=         650
 Lake surface temperature set to    282.49805807799999      from nearest neighbour at I=         680
 Lake surface temperature set to    282.51777454749998      from nearest neighbour at I=         681
 Lake surface temperature set to    282.32652952399997      from nearest neighbour at I=         682
 Lake surface temperature set to    282.31591534249998      from nearest neighbour at I=         683
 Lake surface temperature set to    282.45835961400002      from nearest neighbour at I=         718
 Lake surface temperature set to    282.51335231799999      from nearest neighbour at I=         719
 Lake surface temperature set to    282.20256826650001      from nearest neighbour at I=         720
 Lake surface temperature set to    282.19538935200001      from nearest neighbour at I=         721
 Lake surface temperature set to    282.18648924000001      from nearest neighbour at I=         722
 Lake surface temperature set to    282.24160301449996      from nearest neighbour at I=         758
 Lake surface temperature set to    282.19510011750003      from nearest neighbour at I=         759
 Lake surface temperature set to    282.13220392000005      from nearest neighbour at I=         760
 Lake surface temperature set to    282.26198239949997      from nearest neighbour at I=         761
 Lake surface temperature set to    281.70697521450001      from nearest neighbour at I=         792
 Lake surface temperature set to    282.73625291884997      from nearest neighbour at I=         857
 Lake surface temperature set to    282.55911176400002      from nearest neighbour at I=         887
 Lake surface temperature set to    282.46496599450001      from nearest neighbour at I=         925
 Lake surface temperature set to    282.58302637349999      from nearest neighbour at I=         926
 Lake surface temperature set to    282.31837750350002      from nearest neighbour at I=        1089
 Lake surface temperature set to    280.05042766499997      from nearest neighbour at I=        1093
 Lake surface temperature set to    278.63210707500002      from nearest neighbour at I=        1422
 Mean LST increments over inland water     5.68198055480223715E-002
 *********************************************
 *      ASSIMILATIONS FOR NATURE POINTS      *
 *********************************************
 UPDATE SNOW FROM ANALYSED VALUES
  SURFRESERV.NEIGE - min, mean, max:    0.0000E+00   0.4167E+00   0.9893E-02
 Mean SN increments over NATURE   7.28712843834114238E-003

    --------------------------
    |   ENTERING  VARASSIM   |
    --------------------------

 number of patches =           1
 Initialized B
 LTM d(wg2)/d(wg2)  0.93308121474675154     
 B before wg2 wg2 ==>    5.5151243852553371       0.47708619566143173     
 Q value wg2 wg2 ==>   3.04119370563311068E-005  2.63078660414078617E-006
 B after wg2 wg2 ==>   5.5151547971923929       0.47708882644803585     
 LTM d(wg2)/d(wg2)  0.89181493035693360     
 B before wg2 wg2 ==>    5.6875027583414557       0.48617008254283844     
 Q value wg2 wg2 ==>   3.00517075606322407E-005  2.56883236212554230E-006
 B after wg2 wg2 ==>   5.6201639649754602       0.48617265137520055     
 LTM d(wg2)/d(wg2)  0.81993049858246758     
 B before wg2 wg2 ==>    94.941669499739305        7.8569108557517353     
 Q value wg2 wg2 ==>   2.90936028119118281E-005  2.40764508324205215E-006
 B after wg2 wg2 ==>   90.826048470592724        7.8569132633968186     
 LTM d(wg2)/d(wg2)  0.96892326729638600     
 B before wg2 wg2 ==>    53.182280631272057        4.6484407269081132     
 Q value wg2 wg2 ==>   3.07286077929626550E-005  2.68585909160881841E-006
 B after wg2 wg2 ==>   53.736083442299559        4.6484434127672047     
 LTM d(wg2)/d(wg2)  0.97423019644681352     
 B before wg2 wg2 ==>    49.619866965017451        4.3370650473443710     
 Q value wg2 wg2 ==>   3.07286077929626550E-005  2.68585909160881841E-006
 B after wg2 wg2 ==>   50.136575389133995        4.3370677332034626     
 LTM d(wg2)/d(wg2)  0.84761913717391313     
 B before wg2 wg2 ==>    52.867640505896688        4.4129451515729965     
 Q value wg2 wg2 ==>   2.93454751338267236E-005  2.44951299080545413E-006
 B after wg2 wg2 ==>   51.013747928424671        4.4129476010859872     
 LTM d(wg2)/d(wg2)  0.94713097952262648     
 B before wg2 wg2 ==>    104.15805583073832        9.1040200422407533     
 Q value wg2 wg2 ==>   3.07286077929626550E-005  2.68585909160881841E-006
 B after wg2 wg2 ==>   105.24265469901397        9.1040227280998458     
 LTM d(wg2)/d(wg2)  0.87963038156508189     
 B before wg2 wg2 ==>    55.362427858552309        4.6567483627325821     
 Q value wg2 wg2 ==>   2.95712843456931351E-005  2.48735532900646641E-006
 B after wg2 wg2 ==>   53.832117556392689        4.6567508500879109     
 LTM d(wg2)/d(wg2)  0.80406470756814952     
 B before wg2 wg2 ==>    60.383222510936605        4.8942928886136219     
 Q value wg2 wg2 ==>   2.84954954721335405E-005  2.30966972359789013E-006
 B after wg2 wg2 ==>   56.578134186565620        4.8942951982833458     
 LTM d(wg2)/d(wg2)  0.80726545887174694     
 B before wg2 wg2 ==>    60.953436884653605        4.9405109610883544     
 Q value wg2 wg2 ==>   2.84954954721335405E-005  2.30966972359789013E-006
 B after wg2 wg2 ==>   57.112415875834586        4.9405132707580783     
 LTM d(wg2)/d(wg2)  0.80132461307663538     
 B before wg2 wg2 ==>    58.601529614794138        4.7498798131156370     
 Q value wg2 wg2 ==>   2.84954954721335405E-005  2.30966972359789013E-006
 B after wg2 wg2 ==>   54.908716623300243        4.7498821227853609     
 LTM d(wg2)/d(wg2)  0.80564300766016239     
 B before wg2 wg2 ==>    58.924623923334131        4.7760678519595796     
 Q value wg2 wg2 ==>   2.84954954721335405E-005  2.30966972359789013E-006
 B after wg2 wg2 ==>   55.211450789460727        4.7760701616293035     
 LTM d(wg2)/d(wg2)  0.82118229944263132     
 B before wg2 wg2 ==>    100.38983225646426        8.1369827854572758     
 Q value wg2 wg2 ==>   2.84954954721335405E-005  2.30966972359789013E-006
 B after wg2 wg2 ==>   94.063683520285934        8.1369850951269989     
 LTM d(wg2)/d(wg2)  0.82956781453382178     
 B before wg2 wg2 ==>    61.069256051564821        4.9498985509089550     
 Q value wg2 wg2 ==>   2.84954954721335405E-005  2.30966972359789013E-006
 B after wg2 wg2 ==>   57.220936570856146        4.9499008605786790     
 LTM d(wg2)/d(wg2)  0.81358126382849894     
 B before wg2 wg2 ==>    99.140757579816594        8.0357404692467291     
 Q value wg2 wg2 ==>   2.84954954721335405E-005  2.30966972359789013E-006
 B after wg2 wg2 ==>   92.893320654979377        8.0357427789164522     
 LTM d(wg2)/d(wg2)  0.81927762918488634     
 B before wg2 wg2 ==>    96.670660820389713        7.8946515623403615     
 Q value wg2 wg2 ==>   2.87105044729339884E-005  2.34465583527925338E-006
 B after wg2 wg2 ==>   91.262330940559380        7.8946539069961972     
 LTM d(wg2)/d(wg2)  0.83561419835703199     
 B before wg2 wg2 ==>    12.648489154251395        1.0467274513765397     
 Q value wg2 wg2 ==>   2.90936028119118281E-005  2.40764508324205215E-006
 B after wg2 wg2 ==>   12.100214642055548        1.0467298590216230     
 LTM d(wg2)/d(wg2)  0.83711136245289397     
 B before wg2 wg2 ==>    12.626546695547242        1.0449116002028354     
 Q value wg2 wg2 ==>   2.90936028119118281E-005  2.40764508324205215E-006
 B after wg2 wg2 ==>   12.079223372177770        1.0449140078479187     
 LTM d(wg2)/d(wg2)  0.84088999867461256     
 B before wg2 wg2 ==>    53.452828070769904        4.4234961040053786     
 Q value wg2 wg2 ==>   2.90936028119118281E-005  2.40764508324205215E-006
 B after wg2 wg2 ==>   51.135716630663282        4.4234985116504619     
 LTM d(wg2)/d(wg2)  0.83729042325558001     
 B before wg2 wg2 ==>    53.447928745431355        4.4230906596663324     
 Q value wg2 wg2 ==>   2.90936028119118281E-005  2.40764508324205215E-006
 B after wg2 wg2 ==>   51.131029687336330        4.4230930673114157     
 LTM d(wg2)/d(wg2)  0.83767093449814656     
 B before wg2 wg2 ==>    53.858051321246322        4.4570304095684374     
 Q value wg2 wg2 ==>   2.90936028119118281E-005  2.40764508324205215E-006
 B after wg2 wg2 ==>   51.523373762718890        4.4570328172135207     
 LTM d(wg2)/d(wg2)  0.83693262887852859     
 B before wg2 wg2 ==>    54.242712291523219        4.4888630808188710     
 Q value wg2 wg2 ==>   2.90936028119118281E-005  2.40764508324205215E-006
 B after wg2 wg2 ==>   51.891359973717265        4.4888654884639543     
 LTM d(wg2)/d(wg2)  0.83682581945495438     
 B before wg2 wg2 ==>    21.443201660991857        1.7745350887555560     
 Q value wg2 wg2 ==>   2.90936028119118281E-005  2.40764508324205215E-006
 B after wg2 wg2 ==>   20.513683078548773        1.7745374964006393     
 LTM d(wg2)/d(wg2)  0.83621070964988919     
 B before wg2 wg2 ==>    21.854863303076733        1.8086022042975061     
 Q value wg2 wg2 ==>   2.90936028119118281E-005  2.40764508324205215E-006
 B after wg2 wg2 ==>   20.907499502853895        1.8086046119425894     
 LTM d(wg2)/d(wg2)  0.83588795434642826     
 B before wg2 wg2 ==>    62.403335842114572        5.1641965998330965     
 Q value wg2 wg2 ==>   2.90936028119118281E-005  2.40764508324205215E-006
 B after wg2 wg2 ==>   59.698226726028018        5.1641990074781798     
 LTM d(wg2)/d(wg2)  0.83666160317508242     
 B before wg2 wg2 ==>    122.23309200912185        10.115416261362531     
 Q value wg2 wg2 ==>   2.90936028119118281E-005  2.40764508324205215E-006
 B after wg2 wg2 ==>   116.93440865788801        10.115418669007614     
 LTM d(wg2)/d(wg2)  0.83774569483034722     
 B before wg2 wg2 ==>    94.104511152954785        7.7876317021673067     
 Q value wg2 wg2 ==>   2.90936028119118281E-005  2.40764508324205215E-006
 B after wg2 wg2 ==>   90.025180298765591        7.7876341098123900     
 LTM d(wg2)/d(wg2)  0.99863029127555236     
 B before wg2 wg2 ==>    101.10960538475129        8.8375677382236368     
 Q value wg2 wg2 ==>   3.07286077929626550E-005  2.68585909160881841E-006
 B after wg2 wg2 ==>   102.16246161701768        8.8375704240827293     
 LTM d(wg2)/d(wg2)  0.96271193307124314     
 B before wg2 wg2 ==>    98.642186740566999        8.6219009939656956     
 Q value wg2 wg2 ==>   3.07286077929626550E-005  2.68585909160881841E-006
 B after wg2 wg2 ==>   99.669350453537945        8.6219036798247881     
 LTM d(wg2)/d(wg2)  0.91467339226371969     
 B before wg2 wg2 ==>    62.658654934825201        5.3178506371698191     
 Q value wg2 wg2 ==>   2.98371688089162803E-005  2.53228556097924718E-006
 B after wg2 wg2 ==>   61.474471403243143        5.3178531694553799     
 LTM d(wg2)/d(wg2)  0.83352113841166475     
 B before wg2 wg2 ==>    56.731817195453175        4.6948492978702348     
 Q value wg2 wg2 ==>   2.90936028119118281E-005  2.40764508324205215E-006
 B after wg2 wg2 ==>   54.272564081103923        4.6948517055153181     
 LTM d(wg2)/d(wg2)  0.81688417909784949     
 B before wg2 wg2 ==>    56.830080260364525        4.6574353091751703     
 Q value wg2 wg2 ==>   2.88118474121506190E-005  2.36123747925632112E-006
 B after wg2 wg2 ==>   53.840057210810912        4.6574376704126497     
 LTM d(wg2)/d(wg2)  0.79771185185943971     
 B before wg2 wg2 ==>    54.490196005391887        4.4166403798679150     
 Q value wg2 wg2 ==>   2.84954954721335405E-005  2.30966972359789013E-006
 B after wg2 wg2 ==>   51.056463212603298        4.4166426895376389     
 LTM d(wg2)/d(wg2)  0.90152626191353469     
 B before wg2 wg2 ==>    47.387103497263602        4.0378690252558576     
 Q value wg2 wg2 ==>   2.99567440173566616E-005  2.55262296781207919E-006
 B after wg2 wg2 ==>   46.677862839470208        4.0378715778788257     
 LTM d(wg2)/d(wg2)  0.80886523133750143     
 B before wg2 wg2 ==>    56.889755901656159        4.6111339568538332     
 Q value wg2 wg2 ==>   2.84954954721335405E-005  2.30966972359789013E-006
 B after wg2 wg2 ==>   53.304812209000993        4.6111362665235571     
 LTM d(wg2)/d(wg2)  0.81824160186912431     
 B before wg2 wg2 ==>    57.973082077133938        4.6989417182850746     
 Q value wg2 wg2 ==>   2.84954954721335405E-005  2.30966972359789013E-006
 B after wg2 wg2 ==>   54.319871396812388        4.6989440279547985     
 LTM d(wg2)/d(wg2)  0.81004948530576748     
 B before wg2 wg2 ==>    57.559076340921067        4.6653849578749309     
 Q value wg2 wg2 ==>   2.84954954721335405E-005  2.30966972359789013E-006
 B after wg2 wg2 ==>   53.931954686349677        4.6653872675446548     
 LTM d(wg2)/d(wg2)  0.80708592539862234     
 B before wg2 wg2 ==>    57.240464508343656        4.6395602409822647     
 Q value wg2 wg2 ==>   2.84954954721335405E-005  2.30966972359789013E-006
 B after wg2 wg2 ==>   53.633420528010426        4.6395625506519886     
 LTM d(wg2)/d(wg2)  0.80349109664461682     
 B before wg2 wg2 ==>    100.26089328517733        8.1265317849310872     
 Q value wg2 wg2 ==>   2.84954954721335405E-005  2.30966972359789013E-006
 B after wg2 wg2 ==>   93.942869779757586        8.1265340946008102     
 LTM d(wg2)/d(wg2)  0.80675508843202470     
 B before wg2 wg2 ==>    57.826955150928583        4.6870975677740230     
 Q value wg2 wg2 ==>   2.84954954721335405E-005  2.30966972359789013E-006
 B after wg2 wg2 ==>   54.182952819204893        4.6870998774437469     
 LTM d(wg2)/d(wg2)  0.83093720944563776     
 B before wg2 wg2 ==>    126.94273484184305        10.289197869243699     
 Q value wg2 wg2 ==>   2.84954954721335405E-005  2.30966972359789013E-006
 B after wg2 wg2 ==>   118.94332581311873        10.289200178913422     
 LTM d(wg2)/d(wg2)  0.83977101002298404     
 B before wg2 wg2 ==>    64.844434310652517        5.2558912975424281     
 Q value wg2 wg2 ==>   2.84954954721335405E-005  2.30966972359789013E-006
 B after wg2 wg2 ==>   60.758217829497170        5.2558936072121520     
 LTM d(wg2)/d(wg2)  0.82994806638286411     
 B before wg2 wg2 ==>    114.08764627230413        9.2472433999041872     
 Q value wg2 wg2 ==>   2.84954954721335405E-005  2.30966972359789013E-006
 B after wg2 wg2 ==>   106.89831475549806        9.2472457095739102     
 LTM d(wg2)/d(wg2)  0.82445122084706624     
 B before wg2 wg2 ==>    43.364087727698234        3.5658747783366427     
 Q value wg2 wg2 ==>   2.89093560466680334E-005  2.37724691067170559E-006
 B after wg2 wg2 ==>   41.221599439318339        3.5658771555835536     
 LTM d(wg2)/d(wg2)  0.85503952844369946     
 B before wg2 wg2 ==>    44.969131167617114        3.7536441471121074     
 Q value wg2 wg2 ==>   2.93454751338267236E-005  2.44951299080545413E-006
 B after wg2 wg2 ==>   43.392217311961396        3.7536465966250980     
 LTM d(wg2)/d(wg2)  0.83723569512838547     
 B before wg2 wg2 ==>    44.068797381848505        3.6469193597898535     
 Q value wg2 wg2 ==>   2.90936028119118281E-005  2.40764508324205215E-006
 B after wg2 wg2 ==>   42.158476505097696        3.6469217674349368     
 LTM d(wg2)/d(wg2)  0.83738896991490719     
 B before wg2 wg2 ==>    56.825495570230828        4.7026016645983315     
 Q value wg2 wg2 ==>   2.90936028119118281E-005  2.40764508324205215E-006
 B after wg2 wg2 ==>   54.362181569881379        4.7026040722434148     
 LTM d(wg2)/d(wg2)  0.83752395459543416     
 B before wg2 wg2 ==>    57.032991823704229        4.7197730454581075     
 Q value wg2 wg2 ==>   2.90936028119118281E-005  2.40764508324205215E-006
 B after wg2 wg2 ==>   54.560683019240990        4.7197754531031908     
 LTM d(wg2)/d(wg2)  0.83723120839368415     
 B before wg2 wg2 ==>    13.925050109430892        1.1523694279672938     
 Q value wg2 wg2 ==>   2.90936028119118281E-005  2.40764508324205215E-006
 B after wg2 wg2 ==>   13.321437654795385        1.1523718356123771     
 LTM d(wg2)/d(wg2)  0.83619223903485029     
 B before wg2 wg2 ==>    51.885945212540094        4.2938284985863389     
 Q value wg2 wg2 ==>   2.90936028119118281E-005  2.40764508324205215E-006
 B after wg2 wg2 ==>   49.636756947638389        4.2938309062314222     
 LTM d(wg2)/d(wg2)  0.83606510977609694     
 B before wg2 wg2 ==>    55.249880826290166        4.5722114507820066     
 Q value wg2 wg2 ==>   2.90936028119118281E-005  2.40764508324205215E-006
 B after wg2 wg2 ==>   52.854868521722260        4.5722138584270899     
 LTM d(wg2)/d(wg2)  0.83581752034685419     
 B before wg2 wg2 ==>    14.726399306870332        1.2186851904958553     
 Q value wg2 wg2 ==>   2.90936028119118281E-005  2.40764508324205215E-006
 B after wg2 wg2 ==>   14.088048976552475        1.2186875981409386     
 LTM d(wg2)/d(wg2)  0.83505923895335299     
 B before wg2 wg2 ==>    56.135943831386328        4.6455377160594375     
 Q value wg2 wg2 ==>   2.90936028119118281E-005  2.40764508324205215E-006
 B after wg2 wg2 ==>   53.702521372273928        4.6455401237045209     
 LTM d(wg2)/d(wg2)  0.83690161426206067     
 B before wg2 wg2 ==>    14.940168573775829        1.2363756954408995     
 Q value wg2 wg2 ==>   2.90936028119118281E-005  2.40764508324205215E-006
 B after wg2 wg2 ==>   14.292551509002882        1.2363781030859828     
 LTM d(wg2)/d(wg2)   1.0000000000000000     
 B before wg2 wg2 ==>    243.41101006733524        21.275538377523283     
 Q value wg2 wg2 ==>   3.07286077929626550E-005  2.68585909160881841E-006
 B after wg2 wg2 ==>   245.94560981896606        21.275541063382374     
 LTM d(wg2)/d(wg2)  0.96538450933252307     
 B before wg2 wg2 ==>    97.903689789924755        8.5573520641094554     
 Q value wg2 wg2 ==>   3.07286077929626550E-005  2.68585909160881841E-006
 B after wg2 wg2 ==>   98.923163746964434        8.5573547499685478     
 LTM d(wg2)/d(wg2)  0.96728347403487347     
 B before wg2 wg2 ==>    70.844401985265833        6.1922128865627561     
 Q value wg2 wg2 ==>   3.07286077929626550E-005  2.68585909160881841E-006
 B after wg2 wg2 ==>   71.582115376184561        6.1922155724218477     
 LTM d(wg2)/d(wg2)  0.85405235773905253     
 B before wg2 wg2 ==>    80.566328655033118        6.6672775563476891     
 Q value wg2 wg2 ==>   2.90936028119118281E-005  2.40764508324205215E-006
 B after wg2 wg2 ==>   77.073867672406166        6.6672799639927725     
 LTM d(wg2)/d(wg2)  0.84992551405471684     
 B before wg2 wg2 ==>    90.863518439678558        7.5194229065296625     
 Q value wg2 wg2 ==>   2.90936028119118281E-005  2.40764508324205215E-006
 B after wg2 wg2 ==>   86.924682144317075        7.5194253141747458     
 LTM d(wg2)/d(wg2)  0.81518978989963453     
 B before wg2 wg2 ==>    59.017887183928075        4.8197214264242643     
 Q value wg2 wg2 ==>   2.87105044729339884E-005  2.34465583527925338E-006
 B after wg2 wg2 ==>   55.716087243367589        4.8197237710801000     
 LTM d(wg2)/d(wg2)  0.80173483014685609     
 B before wg2 wg2 ==>    59.199128536197072        4.7983175087145398     
 Q value wg2 wg2 ==>   2.84954954721335405E-005  2.30966972359789013E-006
 B after wg2 wg2 ==>   55.468657192934039        4.7983198183842637     
 LTM d(wg2)/d(wg2)  0.80101167033526288     
 B before wg2 wg2 ==>    43.527348939033551        3.5280593766576569     
 Q value wg2 wg2 ==>   2.84954954721335405E-005  2.30966972359789013E-006
 B after wg2 wg2 ==>   40.784451983510174        3.5280616863273804     
 LTM d(wg2)/d(wg2)  0.80260316022541323     
 B before wg2 wg2 ==>    36.320751725300653        2.9439368997910509     
 Q value wg2 wg2 ==>   2.84954954721335405E-005  2.30966972359789013E-006
 B after wg2 wg2 ==>   34.031986400898901        2.9439392094607744     
 LTM d(wg2)/d(wg2)  0.80315234453449746     
 B before wg2 wg2 ==>    58.713359053002485        4.7589440200493041     
 Q value wg2 wg2 ==>   2.84954954721335405E-005  2.30966972359789013E-006
 B after wg2 wg2 ==>   55.013499006751019        4.7589463297190280     
 LTM d(wg2)/d(wg2)  0.81495660576515616     
 B before wg2 wg2 ==>    56.886073366649264        4.6108354731998169     
 Q value wg2 wg2 ==>   2.84954954721335405E-005  2.30966972359789013E-006
 B after wg2 wg2 ==>   53.301361732978343        4.6108377828695408     
 LTM d(wg2)/d(wg2)  0.81477066344100635     
 B before wg2 wg2 ==>    116.13719018227263        9.4133668323136348     
 Q value wg2 wg2 ==>   2.84954954721335405E-005  2.30966972359789013E-006
 B after wg2 wg2 ==>   108.81870440704405        9.4133691419833578     
 LTM d(wg2)/d(wg2)  0.81291437947356671     
 B before wg2 wg2 ==>    58.002108615673627        4.7012944310958247     
 Q value wg2 wg2 ==>   2.84954954721335405E-005  2.30966972359789013E-006
 B after wg2 wg2 ==>   54.347068796175584        4.7012967407655486     
 LTM d(wg2)/d(wg2)  0.80007219012018715     
 B before wg2 wg2 ==>    15.891347455436566        1.2880549531377596     
 Q value wg2 wg2 ==>   2.84954954721335405E-005  2.30966972359789013E-006
 B after wg2 wg2 ==>   14.889963457999658        1.2880572628074833     
 LTM d(wg2)/d(wg2)  0.79935956469972114     
 B before wg2 wg2 ==>    56.445087198295369        4.5750918447877940     
 Q value wg2 wg2 ==>   2.84954954721335405E-005  2.30966972359789013E-006
 B after wg2 wg2 ==>   52.888164791911223        4.5750941544575179     
 LTM d(wg2)/d(wg2)  0.80981492136733346     
 B before wg2 wg2 ==>    98.690720251211516        7.9992632094150995     
 Q value wg2 wg2 ==>   2.84954954721335405E-005  2.30966972359789013E-006
 B after wg2 wg2 ==>   92.471642922456013        7.9992655190848234     
 LTM d(wg2)/d(wg2)  0.83104093807177581     
 B before wg2 wg2 ==>    22.460519659961271        1.8309149872774677     
 Q value wg2 wg2 ==>   2.86583329308349826E-005  2.33614235413214145E-006
 B after wg2 wg2 ==>   21.165434819969171        1.8309173234198219     
 LTM d(wg2)/d(wg2)  0.84333080377364256     
 B before wg2 wg2 ==>    56.484374473822349        4.6743721415699309     
 Q value wg2 wg2 ==>   2.90936028119118281E-005  2.40764508324205215E-006
 B after wg2 wg2 ==>   54.035847812472596        4.6743745492150142     
 LTM d(wg2)/d(wg2)  0.84543510220652884     
 B before wg2 wg2 ==>    62.423603469807034        5.1813346128303888     
 Q value wg2 wg2 ==>   2.91806760355357335E-005  2.42207816217853024E-006
 B after wg2 wg2 ==>   59.896342609186981        5.1813370349085508     
 LTM d(wg2)/d(wg2)  0.85470348455739875     
 B before wg2 wg2 ==>    45.334327394830794        3.7841276509120472     
 Q value wg2 wg2 ==>   2.93454751338267236E-005  2.44951299080545413E-006
 B after wg2 wg2 ==>   43.744607124712090        3.7841301004250378     
 LTM d(wg2)/d(wg2)  0.83700250447277313     
 B before wg2 wg2 ==>    58.934743477036470        4.8771527638551060     
 Q value wg2 wg2 ==>   2.90936028119118281E-005  2.40764508324205215E-006
 B after wg2 wg2 ==>   56.379995190855084        4.8771551715001893     
 LTM d(wg2)/d(wg2)  0.83746099502601368     
 B before wg2 wg2 ==>    59.099664756992027        4.8908008469534430     
 Q value wg2 wg2 ==>   2.90936028119118281E-005  2.40764508324205215E-006
 B after wg2 wg2 ==>   56.537767259282411        4.8908032545985263     
 LTM d(wg2)/d(wg2)  0.83662663812298699     
 B before wg2 wg2 ==>    96.849993102531641        8.0148344367259199     
 Q value wg2 wg2 ==>   2.90936028119118281E-005  2.40764508324205215E-006
 B after wg2 wg2 ==>   92.651647702677096        8.0148368443710023     
 LTM d(wg2)/d(wg2)  0.83513016149834363     
 B before wg2 wg2 ==>    44.392137399802429        3.6736774072367457     
 Q value wg2 wg2 ==>   2.90936028119118281E-005  2.40764508324205215E-006
 B after wg2 wg2 ==>   42.467799980222729        3.6736798148818290     
 LTM d(wg2)/d(wg2)  0.83519740817629540     
 B before wg2 wg2 ==>    57.697859171539449        4.7747942338400513     
 Q value wg2 wg2 ==>   2.90936028119118281E-005  2.40764508324205215E-006
 B after wg2 wg2 ==>   55.196728875336838        4.7747966414851346     
 LTM d(wg2)/d(wg2)  0.83502153696157533     
 B before wg2 wg2 ==>    60.756448517069664        5.0279082138111839     
 Q value wg2 wg2 ==>   2.90936028119118281E-005  2.40764508324205215E-006
 B after wg2 wg2 ==>   58.122730708721420        5.0279106214562672     
 LTM d(wg2)/d(wg2)  0.83419016079966379     
 B before wg2 wg2 ==>    53.804085114436631        4.4525644287366175     
 Q value wg2 wg2 ==>   2.90936028119118281E-005  2.40764508324205215E-006
 B after wg2 wg2 ==>   51.471746949757957        4.4525668363817008     
 LTM d(wg2)/d(wg2)  0.83649256199661215     
 B before wg2 wg2 ==>    68.055372387042070        5.6319316578001182     
 Q value wg2 wg2 ==>   2.90936028119118281E-005  2.40764508324205215E-006
 B after wg2 wg2 ==>   65.105251803449008        5.6319340654452015     
 LTM d(wg2)/d(wg2)  0.96859239401065711     
 B before wg2 wg2 ==>    98.881820395219776        8.6428463695043813     
 Q value wg2 wg2 ==>   3.07286077929626550E-005  2.68585909160881841E-006
 B after wg2 wg2 ==>   99.911479344380368        8.6428490553634738     
 LTM d(wg2)/d(wg2)  0.95966394815988110     
 B before wg2 wg2 ==>    97.955126242902850        8.5618479093427347     
 Q value wg2 wg2 ==>   3.07286077929626550E-005  2.68585909160881841E-006
 B after wg2 wg2 ==>   98.975135792904723        8.5618505952018271     
 LTM d(wg2)/d(wg2)  0.94825431653508341     
 B before wg2 wg2 ==>    53.653336567523716        4.6333570650664173     
 Q value wg2 wg2 ==>   3.03599868600416512E-005  2.62180637053696517E-006
 B after wg2 wg2 ==>   53.561715319186135        4.6333596868727875     
 LTM d(wg2)/d(wg2)  0.85628168242215075     
 B before wg2 wg2 ==>    93.995382866441986        7.7786007758786724     
 Q value wg2 wg2 ==>   2.90936028119118281E-005  2.40764508324205215E-006
 B after wg2 wg2 ==>   89.920782640126902        7.7786031835237557     
 LTM d(wg2)/d(wg2)  0.85646467359050393     
 B before wg2 wg2 ==>    106.59353017007982        8.8211621805165308     
 Q value wg2 wg2 ==>   2.90936028119118281E-005  2.40764508324205215E-006
 B after wg2 wg2 ==>   101.97280987992728        8.8211645881616132     
 LTM d(wg2)/d(wg2)  0.81535107888532665     
 B before wg2 wg2 ==>    59.088749966477614        4.7893709002632363     
 Q value wg2 wg2 ==>   2.84954954721335405E-005  2.30966972359789013E-006
 B after wg2 wg2 ==>   55.365234249902315        4.7893732099329602     
 LTM d(wg2)/d(wg2)  0.80655101203661694     
 B before wg2 wg2 ==>    61.571283321993960        4.9905897958836070     
 Q value wg2 wg2 ==>   2.84954954721335405E-005  2.30966972359789013E-006
 B after wg2 wg2 ==>   57.691328041971694        4.9905921055533309     
 LTM d(wg2)/d(wg2)  0.80654125910321917     
 B before wg2 wg2 ==>    61.792343456146710        5.0085075716754472     
 Q value wg2 wg2 ==>   2.84954954721335405E-005  2.30966972359789013E-006
 B after wg2 wg2 ==>   57.898457829204617        5.0085098813451712     
 LTM d(wg2)/d(wg2)  0.80899326303264563     
 B before wg2 wg2 ==>    60.699617482600438        4.9199379203859310     
 Q value wg2 wg2 ==>   2.84954954721335405E-005  2.30966972359789013E-006
 B after wg2 wg2 ==>   56.874591181914276        4.9199402300556550     
 LTM d(wg2)/d(wg2)  0.80828350016634598     
 B before wg2 wg2 ==>    60.563249101620286        4.9088847375727411     
 Q value wg2 wg2 ==>   2.84954954721335405E-005  2.30966972359789013E-006
 B after wg2 wg2 ==>   56.746816204096710        4.9088870472424651     
 LTM d(wg2)/d(wg2)  0.81286549013854092     
 B before wg2 wg2 ==>    60.927111905207219        4.9383772200533507     
 Q value wg2 wg2 ==>   2.84954954721335405E-005  2.30966972359789013E-006
 B after wg2 wg2 ==>   57.087749793854051        4.9383795297230746     
 LTM d(wg2)/d(wg2)  0.81797178634049128     
 B before wg2 wg2 ==>    162.01873165849267        13.132242586667797     
 Q value wg2 wg2 ==>   2.84954954721335405E-005  2.30966972359789013E-006
 B after wg2 wg2 ==>   151.80897020196682        13.132244896337520     
 LTM d(wg2)/d(wg2)  0.80247063262779939     
 B before wg2 wg2 ==>    36.300904432457045        2.9423282002188293     
 Q value wg2 wg2 ==>   2.84954954721335405E-005  2.30966972359789013E-006
 B after wg2 wg2 ==>   34.013389806991988        2.9423305098885528     
 LTM d(wg2)/d(wg2)  0.80020537002019043     
 B before wg2 wg2 ==>    36.088369746874776        2.9251014448888930     
 Q value wg2 wg2 ==>   2.84954954721335405E-005  2.30966972359789013E-006
 B after wg2 wg2 ==>   33.814248227833026        2.9251037545586165     
 LTM d(wg2)/d(wg2)  0.80242728541012165     
 B before wg2 wg2 ==>    16.272179785020800        1.3189228810973959     
 Q value wg2 wg2 ==>   2.84954954721335405E-005  2.30966972359789013E-006
 B after wg2 wg2 ==>   15.246797220453157        1.3189251907671196     
 LTM d(wg2)/d(wg2)  0.81245158329554945     
 B before wg2 wg2 ==>    16.149030100365337        1.3089411245633671     
 Q value wg2 wg2 ==>   2.84954954721335405E-005  2.30966972359789013E-006
 B after wg2 wg2 ==>   15.131407948306681        1.3089434342330908     
 LTM d(wg2)/d(wg2)  0.82896215709989118     
 B before wg2 wg2 ==>    14.940075439393070        1.2305514593313018     
 Q value wg2 wg2 ==>   2.89567311206786931E-005  2.38504469957769137E-006
 B after wg2 wg2 ==>   14.225222981098357        1.2305538443760013     
 LTM d(wg2)/d(wg2)  0.84976869442653213     
 B before wg2 wg2 ==>    14.353689947972697        1.1913966258810795     
 Q value wg2 wg2 ==>   2.91806760355357335E-005  2.42207816217853024E-006
 B after wg2 wg2 ==>   13.772592880958078        1.1913990479592418     
 LTM d(wg2)/d(wg2)  0.84988701898711272     
 B before wg2 wg2 ==>    91.833354975883807        7.5996818618415523     
 Q value wg2 wg2 ==>   2.90936028119118281E-005  2.40764508324205215E-006
 B after wg2 wg2 ==>   87.852477007385886        7.5996842694866356     
 LTM d(wg2)/d(wg2)  0.84804656666047862     
 B before wg2 wg2 ==>    95.538508924033238        7.9299648791618953     
 Q value wg2 wg2 ==>   2.91806760355357335E-005  2.42207816217853024E-006
 B after wg2 wg2 ==>   91.670554367461165        7.9299673012400573     
 LTM d(wg2)/d(wg2)  0.85486706602746576     
 B before wg2 wg2 ==>    21.005889492019946        1.7533946531611972     
 Q value wg2 wg2 ==>   2.93454751338267236E-005  2.44951299080545413E-006
 B after wg2 wg2 ==>   20.269299774200576        1.7533971026741881     
 LTM d(wg2)/d(wg2)  0.84636695258240990     
 B before wg2 wg2 ==>    56.456416664554887        4.6928408271889257     
 Q value wg2 wg2 ==>   2.92230175200690624E-005  2.42911218624928276E-006
 B after wg2 wg2 ==>   54.249346374663141        4.6928432563011118     
 LTM d(wg2)/d(wg2)  0.83705436169122160     
 B before wg2 wg2 ==>    62.146409663663057        5.1429346387654320     
 Q value wg2 wg2 ==>   2.90936028119118281E-005  2.40764508324205215E-006
 B after wg2 wg2 ==>   59.452438101186225        5.1429370464105153     
 LTM d(wg2)/d(wg2)  0.83516048373868745     
 B before wg2 wg2 ==>    61.957032955294061        5.1272627433411051     
 Q value wg2 wg2 ==>   2.90936028119118281E-005  2.40764508324205215E-006
 B after wg2 wg2 ==>   59.271270728489462        5.1272651509861884     
 LTM d(wg2)/d(wg2)  0.83446448657559313     
 B before wg2 wg2 ==>    59.320523592217576        4.9090780500952844     
 Q value wg2 wg2 ==>   2.90936028119118281E-005  2.40764508324205215E-006
 B after wg2 wg2 ==>   56.749052032680822        4.9090804577403677     
 LTM d(wg2)/d(wg2)  0.83412821575803786     
 B before wg2 wg2 ==>    59.719432863957820        4.9420898414837282     
 Q value wg2 wg2 ==>   2.90936028119118281E-005  2.40764508324205215E-006
 B after wg2 wg2 ==>   57.130668892156194        4.9420922491288115     
 LTM d(wg2)/d(wg2)  0.83667048956256529     
 B before wg2 wg2 ==>    60.327909419191613        4.9924444021047618     
 Q value wg2 wg2 ==>   2.90936028119118281E-005  2.40764508324205215E-006
 B after wg2 wg2 ==>   57.712768453441683        4.9924468097498451     
 LTM d(wg2)/d(wg2)  0.83968685538580179     
 B before wg2 wg2 ==>    60.547763687124515        5.0106384721427881     
 Q value wg2 wg2 ==>   2.90936028119118281E-005  2.40764508324205215E-006
 B after wg2 wg2 ==>   57.923092206772353        5.0106408797878714     
 LTM d(wg2)/d(wg2)  0.96507624313527696     
 B before wg2 wg2 ==>    111.98302617167167        9.7879679735420329     
 Q value wg2 wg2 ==>   3.07286077929626550E-005  2.68585909160881841E-006
 B after wg2 wg2 ==>   113.14910420115278        9.7879706594011253     
 LTM d(wg2)/d(wg2)  0.96086892875412822     
 B before wg2 wg2 ==>    42.783138466259253        3.7394952023657089     
 Q value wg2 wg2 ==>   3.07286077929626550E-005  2.68585909160881841E-006
 B after wg2 wg2 ==>   43.228658006687084        3.7394978882248004     
 LTM d(wg2)/d(wg2)  0.96799374971506191     
 B before wg2 wg2 ==>    107.37241306265145        9.3849735645474031     
 Q value wg2 wg2 ==>   3.07286077929626550E-005  2.68585909160881841E-006
 B after wg2 wg2 ==>   108.49048210648814        9.3849762504064955     
 LTM d(wg2)/d(wg2)  0.83150252192545593     
 B before wg2 wg2 ==>    19.291391831304534        1.5964617717445249     
 Q value wg2 wg2 ==>   2.90936028119118281E-005  2.40764508324205215E-006
 B after wg2 wg2 ==>   18.455152561543841        1.5964641793896082     
 LTM d(wg2)/d(wg2)  0.93436920402113255     
 B before wg2 wg2 ==>    151.60096584285984        13.091849474727390     
 Q value wg2 wg2 ==>   3.03599868600416512E-005  2.62180637053696517E-006
 B after wg2 wg2 ==>   151.34202876200837        13.091852096533760     
 LTM d(wg2)/d(wg2)  0.92422834909832152     
 B before wg2 wg2 ==>    52.842807793092028        4.5274707500530820     
 Q value wg2 wg2 ==>   3.01212029042410758E-005  2.58072708095562267E-006
 B after wg2 wg2 ==>   52.337667275325551        4.5274733307801629     
 LTM d(wg2)/d(wg2)  0.82941532862719280     
 B before wg2 wg2 ==>    98.294622543019656        7.9671579636897922     
 Q value wg2 wg2 ==>   2.84954954721335405E-005  2.30966972359789013E-006
 B after wg2 wg2 ==>   92.100505745978353        7.9671602733595162     
 LTM d(wg2)/d(wg2)  0.82326803937785664     
 B before wg2 wg2 ==>    59.502742599129462        4.8229265985792606     
 Q value wg2 wg2 ==>   2.84954954721335405E-005  2.30966972359789013E-006
 B after wg2 wg2 ==>   55.753138682539280        4.8229289082489846     
 LTM d(wg2)/d(wg2)  0.82257372077641588     
 B before wg2 wg2 ==>    101.93486107935495        8.2622133257651793     
 Q value wg2 wg2 ==>   2.84954954721335405E-005  2.30966972359789013E-006
 B after wg2 wg2 ==>   95.511350656563664        8.2622156354349023     
 LTM d(wg2)/d(wg2)  0.82057185327646143     
 B before wg2 wg2 ==>    148.01750451868469        11.997389169233596     
 Q value wg2 wg2 ==>   2.84954954721335405E-005  2.30966972359789013E-006
 B after wg2 wg2 ==>   138.69004575372441        11.997391478903319     
 LTM d(wg2)/d(wg2)  0.81461060998069090     
 B before wg2 wg2 ==>    80.505593618555437        6.5252886142264028     
 Q value wg2 wg2 ==>   2.84954954721335405E-005  2.30966972359789013E-006
 B after wg2 wg2 ==>   75.432471998841692        6.5252909238961267     
 LTM d(wg2)/d(wg2)  0.80935372776156722     
 B before wg2 wg2 ==>    62.082687696774357        5.0320410913032951     
 Q value wg2 wg2 ==>   2.84954954721335405E-005  2.30966972359789013E-006
 B after wg2 wg2 ==>   58.170505708918448        5.0320434009730191     
 LTM d(wg2)/d(wg2)  0.81361020871142953     
 B before wg2 wg2 ==>    61.069740843171914        4.9499378451369935     
 Q value wg2 wg2 ==>   2.84954954721335405E-005  2.30966972359789013E-006
 B after wg2 wg2 ==>   57.221390812788158        4.9499401548067175     
 LTM d(wg2)/d(wg2)  0.84012897100551176     
 B before wg2 wg2 ==>    47.415934333892295        3.8432442086923646     
 Q value wg2 wg2 ==>   2.84954954721335405E-005  2.30966972359789013E-006
 B after wg2 wg2 ==>   44.427993902821562        3.8432465183620881     
 LTM d(wg2)/d(wg2)  0.79936324107526568     
 B before wg2 wg2 ==>    43.622458702966334        3.5357683895572185     
 Q value wg2 wg2 ==>   2.84954954721335405E-005  2.30966972359789013E-006
 B after wg2 wg2 ==>   40.873568301306108        3.5357706992269420     
 LTM d(wg2)/d(wg2)  0.80812184028765743     
 B before wg2 wg2 ==>    100.96062841435977        8.1832480137817498     
 Q value wg2 wg2 ==>   2.84954954721335405E-005  2.30966972359789013E-006
 B after wg2 wg2 ==>   94.598510331965031        8.1832503234514729     
 LTM d(wg2)/d(wg2)  0.83359652536686546     
 B before wg2 wg2 ==>    37.803815499405331        3.1137419968057629     
 Q value wg2 wg2 ==>   2.89567311206786931E-005  2.38504469957769137E-006
 B after wg2 wg2 ==>   35.994937028071199        3.1137443818504624     
 LTM d(wg2)/d(wg2)  0.85592600112217376     
 B before wg2 wg2 ==>    58.397665680861273        4.8745450556053065     
 Q value wg2 wg2 ==>   2.93454751338267236E-005  2.44951299080545413E-006
 B after wg2 wg2 ==>   56.349850523953862        4.8745475051182972     
 LTM d(wg2)/d(wg2)  0.84697222714767795     
 B before wg2 wg2 ==>    14.735884413883273        1.2231198412192090     
 Q value wg2 wg2 ==>   2.91806760355357335E-005  2.42207816217853024E-006
 B after wg2 wg2 ==>   14.139313779783212        1.2231222632973713     
 LTM d(wg2)/d(wg2)  0.84741987429527399     
 B before wg2 wg2 ==>    52.905328930158497        4.3781877376784486     
 Q value wg2 wg2 ==>   2.90936028119118281E-005  2.40764508324205215E-006
 B after wg2 wg2 ==>   50.611951159647511        4.3781901453235319     
 LTM d(wg2)/d(wg2)  0.85512032306482877     
 B before wg2 wg2 ==>    97.158663619333225        8.0644422744785196     
 Q value wg2 wg2 ==>   2.91806760355357335E-005  2.42207816217853024E-006
 B after wg2 wg2 ==>   93.225115301986023        8.0644446965566825     
 LTM d(wg2)/d(wg2)  0.86192793702006776     
 B before wg2 wg2 ==>    137.23205646808452        11.454975717398980     
 Q value wg2 wg2 ==>   2.93454751338267236E-005  2.44951299080545413E-006
 B after wg2 wg2 ==>   132.41973881327058        11.454978166911971     
 LTM d(wg2)/d(wg2)  0.85924869426039896     
 B before wg2 wg2 ==>    140.43342275748967        11.722198799610563     
 Q value wg2 wg2 ==>   2.93454751338267236E-005  2.44951299080545413E-006
 B after wg2 wg2 ==>   135.50884210406053        11.722201249123554     
 LTM d(wg2)/d(wg2)  0.83845100362787117     
 B before wg2 wg2 ==>    54.868928111277157        4.5406856567035483     
 Q value wg2 wg2 ==>   2.90936028119118281E-005  2.40764508324205215E-006
 B after wg2 wg2 ==>   52.490429815954236        4.5406880643486316     
 LTM d(wg2)/d(wg2)  0.83921402592320904     
 B before wg2 wg2 ==>    56.772899191314671        4.6982490440613534     
 Q value wg2 wg2 ==>   2.90936028119118281E-005  2.40764508324205215E-006
 B after wg2 wg2 ==>   54.311865203821007        4.6982514517064367     
 LTM d(wg2)/d(wg2)  0.83413371809181613     
 B before wg2 wg2 ==>    56.743055644078503        4.6957793372246242     
 Q value wg2 wg2 ==>   2.90936028119118281E-005  2.40764508324205215E-006
 B after wg2 wg2 ==>   54.283315351564660        4.6957817448697075     
 LTM d(wg2)/d(wg2)  0.84039159336625679     
 B before wg2 wg2 ==>    63.115342717790163        5.2231188262942689     
 Q value wg2 wg2 ==>   2.90936028119118281E-005  2.40764508324205215E-006
 B after wg2 wg2 ==>   60.379368647434951        5.2231212339393522     
 LTM d(wg2)/d(wg2)  0.84547124150759778     
 B before wg2 wg2 ==>    149.86926321762081        12.402451392760398     
 Q value wg2 wg2 ==>   2.90936028119118281E-005  2.40764508324205215E-006
 B after wg2 wg2 ==>   143.37257295149323        12.402453800405480     
 LTM d(wg2)/d(wg2)  0.83364202185301817     
 B before wg2 wg2 ==>    59.931197443251200        4.9596144482310152     
 Q value wg2 wg2 ==>   2.90936028119118281E-005  2.40764508324205215E-006
 B after wg2 wg2 ==>   57.333253638671394        4.9596168558760985     
 LTM d(wg2)/d(wg2)  0.96993210475267999     
 B before wg2 wg2 ==>    67.529280124096530        5.9024519494384950     
 Q value wg2 wg2 ==>   3.07286077929626550E-005  2.68585909160881841E-006
 B after wg2 wg2 ==>   68.232474106407523        5.9024546352975866     
 LTM d(wg2)/d(wg2)  0.96008079378457056     
 B before wg2 wg2 ==>    65.377348318971258        5.7143605903291004     
 Q value wg2 wg2 ==>   3.07286077929626550E-005  2.68585909160881841E-006
 B after wg2 wg2 ==>   66.058134855526745        5.7143632761881920     
 LTM d(wg2)/d(wg2)  0.96883711117470594     
 B before wg2 wg2 ==>    63.689922900120820        5.5668697917492436     
 Q value wg2 wg2 ==>   3.07286077929626550E-005  2.68585909160881841E-006
 B after wg2 wg2 ==>   64.353138762062301        5.5668724776083351     
 LTM d(wg2)/d(wg2)  0.84583646508487209     
 B before wg2 wg2 ==>    90.279987219909714        7.4711327005597283     
 Q value wg2 wg2 ==>   2.90936028119118281E-005  2.40764508324205215E-006
 B after wg2 wg2 ==>   86.366446557256012        7.4711351082048116     
 LTM d(wg2)/d(wg2)  0.92563293308124506     
 B before wg2 wg2 ==>    155.75688753925360        13.344952357839405     
 Q value wg2 wg2 ==>   3.01212029042410758E-005  2.58072708095562267E-006
 B after wg2 wg2 ==>   154.26790184063904        13.344954938566486     
 LTM d(wg2)/d(wg2)  0.93430942365972935     
 B before wg2 wg2 ==>    48.109545418647741        4.1422154555638260     
 Q value wg2 wg2 ==>   3.02694113699149907E-005  2.60618599731523946E-006
 B after wg2 wg2 ==>   47.884109934745609        4.1422180617498237     
 LTM d(wg2)/d(wg2)  0.89886016789170897     
 B before wg2 wg2 ==>    165.26354520912068        13.900957261813248     
 Q value wg2 wg2 ==>   2.95712843456931351E-005  2.48735532900646641E-006
 B after wg2 wg2 ==>   160.69532673189914        13.900959749168578     
 LTM d(wg2)/d(wg2)  0.95678979374776874     
 B before wg2 wg2 ==>    108.66233350400344        9.4977201155203623     
 Q value wg2 wg2 ==>   3.07286077929626550E-005  2.68585909160881841E-006
 B after wg2 wg2 ==>   109.79383411767414        9.4977228013794548     
 LTM d(wg2)/d(wg2)  0.83019952166212974     
 B before wg2 wg2 ==>    100.67191119391011        8.1598463704095163     
 Q value wg2 wg2 ==>   2.84954954721335405E-005  2.30966972359789013E-006
 B after wg2 wg2 ==>   94.327986943967360        8.1598486800792394     
 LTM d(wg2)/d(wg2)  0.85504705179924179     
 B before wg2 wg2 ==>    140.40719756614635        11.619416854536805     
 Q value wg2 wg2 ==>   2.90936028119118281E-005  2.40764508324205215E-006
 B after wg2 wg2 ==>   134.32068061940242        11.619419262181887     
 LTM d(wg2)/d(wg2)  0.86470778607820875     
 B before wg2 wg2 ==>    158.78118899813509        13.253715721853766     
 Q value wg2 wg2 ==>   2.93454751338267236E-005  2.44951299080545413E-006
 B after wg2 wg2 ==>   153.21320328890778        13.253718171366756     
 LTM d(wg2)/d(wg2)  0.85472214342963870     
 B before wg2 wg2 ==>    59.041426175678922        4.8969993536094760     
 Q value wg2 wg2 ==>   2.91592098424362670E-005  2.41851596411799392E-006
 B after wg2 wg2 ==>   56.609422225357719        4.8970017721254404     
 LTM d(wg2)/d(wg2)  0.86625138325213558     
 B before wg2 wg2 ==>    58.576376227505101        4.8894623061729554     
 Q value wg2 wg2 ==>   2.93454751338267236E-005  2.44951299080545413E-006
 B after wg2 wg2 ==>   56.522294189511079        4.8894647556859461     
 LTM d(wg2)/d(wg2)  0.86468558629781200     
 B before wg2 wg2 ==>    47.450157143940253        3.9607392897811033     
 Q value wg2 wg2 ==>   2.93454751338267236E-005  2.44951299080545413E-006
 B after wg2 wg2 ==>   45.786240617997805        3.9607417392940940     
 LTM d(wg2)/d(wg2)  0.81154897159346351     
 B before wg2 wg2 ==>    62.608957846639505        5.0746973150831387     
 Q value wg2 wg2 ==>   2.84954954721335405E-005  2.30966972359789013E-006
 B after wg2 wg2 ==>   58.663612367820967        5.0746996247528626     
 LTM d(wg2)/d(wg2)  0.83282578225571713     
 B before wg2 wg2 ==>    112.83148878001647        9.2469579036888732     
 Q value wg2 wg2 ==>   2.88118474121506190E-005  2.36123747925632112E-006
 B after wg2 wg2 ==>   106.89501501060772        9.2469602649263525     
 LTM d(wg2)/d(wg2)  0.87315152921074579     
 B before wg2 wg2 ==>    47.977537010383244        4.0047605171781768     
 Q value wg2 wg2 ==>   2.93454751338267236E-005  2.44951299080545413E-006
 B after wg2 wg2 ==>   46.295126741499821        4.0047629666911675     
 LTM d(wg2)/d(wg2)  0.85564273685962577     
 B before wg2 wg2 ==>    61.628547141366049        5.1153427020030424     
 Q value wg2 wg2 ==>   2.91806760355357335E-005  2.42207816217853024E-006
 B after wg2 wg2 ==>   59.133475018501599        5.1153451240812045     
 LTM d(wg2)/d(wg2)  0.84099478137773931     
 B before wg2 wg2 ==>    45.470625579817856        3.7629278442051666     
 Q value wg2 wg2 ==>   2.90936028119118281E-005  2.40764508324205215E-006
 B after wg2 wg2 ==>   43.499536521324714        3.7629302518502499     
 LTM d(wg2)/d(wg2)  0.84196920470426417     
 B before wg2 wg2 ==>    37.856450121059716        3.1328157118323570     
 Q value wg2 wg2 ==>   2.90936028119118281E-005  2.40764508324205215E-006
 B after wg2 wg2 ==>   36.215429753413353        3.1328181194774403     
 LTM d(wg2)/d(wg2)  0.84583391480682901     
 B before wg2 wg2 ==>    58.666275574785018        4.8549356658544633     
 Q value wg2 wg2 ==>   2.90936028119118281E-005  2.40764508324205215E-006
 B after wg2 wg2 ==>   56.123165167125144        4.8549380734995466     
 LTM d(wg2)/d(wg2)  0.85569232513357374     
 B before wg2 wg2 ==>    51.159020052344765        4.2703239134350959     
 Q value wg2 wg2 ==>   2.93454751338267236E-005  2.44951299080545413E-006
 B after wg2 wg2 ==>   49.365044034950785        4.2703263629480865     
 LTM d(wg2)/d(wg2)  0.85693468853385335     
 B before wg2 wg2 ==>    50.870456022748201        4.2462370197674186     
 Q value wg2 wg2 ==>   2.93454751338267236E-005  2.44951299080545413E-006
 B after wg2 wg2 ==>   49.086599142099743        4.2462394692804093     
 LTM d(wg2)/d(wg2)  0.84888932837522924     
 B before wg2 wg2 ==>    77.733890602170462        6.4706848914135557     
 Q value wg2 wg2 ==>   2.92645863923098242E-005  2.43602778087243465E-006
 B after wg2 wg2 ==>   74.801253512394084        6.4706873274413370     
 LTM d(wg2)/d(wg2)  0.83990913293726477     
 B before wg2 wg2 ==>    55.026858256422017        4.5537551874836293     
 Q value wg2 wg2 ==>   2.90936028119118281E-005  2.40764508324205215E-006
 B after wg2 wg2 ==>   52.641513809925470        4.5537575951287126     
 LTM d(wg2)/d(wg2)  0.84371862324631564     
 B before wg2 wg2 ==>    143.99634259132850        11.916437042403825     
 Q value wg2 wg2 ==>   2.90936028119118281E-005  2.40764508324205215E-006
 B after wg2 wg2 ==>   137.75423894893541        11.916439450048907     
 LTM d(wg2)/d(wg2)  0.83627045513571274     
 B before wg2 wg2 ==>    55.766004222132437        4.6149233130556286     
 Q value wg2 wg2 ==>   2.90936028119118281E-005  2.40764508324205215E-006
 B after wg2 wg2 ==>   53.348618362541572        4.6149257207007119     
 LTM d(wg2)/d(wg2)  0.83931015082360971     
 B before wg2 wg2 ==>    99.072491951735145        8.1987576332234351     
 Q value wg2 wg2 ==>   2.90936028119118281E-005  2.40764508324205215E-006
 B after wg2 wg2 ==>   94.777802924190581        8.1987600408685175     
 LTM d(wg2)/d(wg2)  0.84245882176173370     
 B before wg2 wg2 ==>    17.922624912025828        1.4831892779729228     
 Q value wg2 wg2 ==>   2.90936028119118281E-005  2.40764508324205215E-006
 B after wg2 wg2 ==>   17.145720642826625        1.4831916856180061     
 LTM d(wg2)/d(wg2)   1.0000000000000000     
 B before wg2 wg2 ==>    78.925935572796035        6.8985859382302968     
 Q value wg2 wg2 ==>   3.07286077929626550E-005  2.68585909160881841E-006
 B after wg2 wg2 ==>   79.747799644072117        6.8985886240893883     
 LTM d(wg2)/d(wg2)  0.99778846978268487     
 B before wg2 wg2 ==>    77.541468717548440        6.7775754806380917     
 Q value wg2 wg2 ==>   3.07286077929626550E-005  2.68585909160881841E-006
 B after wg2 wg2 ==>   78.348916734428485        6.7775781664971833     
 LTM d(wg2)/d(wg2)  0.96365745548863468     
 B before wg2 wg2 ==>    48.104064913061919        4.2045751294882017     
 Q value wg2 wg2 ==>   3.07286077929626550E-005  2.68585909160881841E-006
 B after wg2 wg2 ==>   48.604989727226517        4.2045778153472932     
 LTM d(wg2)/d(wg2)  0.96658069419106041     
 B before wg2 wg2 ==>    49.250163829691992        4.3047508424867864     
 Q value wg2 wg2 ==>   3.07286077929626550E-005  2.68585909160881841E-006
 B after wg2 wg2 ==>   49.763022641599306        4.3047535283458780     
 LTM d(wg2)/d(wg2)  0.83155006921995256     
 B before wg2 wg2 ==>    43.866403727838808        3.6301702452471774     
 Q value wg2 wg2 ==>   2.90936028119118281E-005  2.40764508324205215E-006
 B after wg2 wg2 ==>   41.964856461412126        3.6301726528922607     
 LTM d(wg2)/d(wg2)  0.85610567940089632     
 B before wg2 wg2 ==>    49.063861987235207        4.0602866149691170     
 Q value wg2 wg2 ==>   2.90936028119118281E-005  2.40764508324205215E-006
 B after wg2 wg2 ==>   46.937008874797783        4.0602890226142003     
 LTM d(wg2)/d(wg2)  0.95720468956891425     
 B before wg2 wg2 ==>    149.62309213757484        13.077928718409535     
 Q value wg2 wg2 ==>   3.07286077929626550E-005  2.68585909160881841E-006
 B after wg2 wg2 ==>   151.18110532706254        13.077931404268627     
 LTM d(wg2)/d(wg2)  0.95534196472509392     
 B before wg2 wg2 ==>    83.838144160714933        7.3279415466793854     
 Q value wg2 wg2 ==>   3.07286077929626550E-005  2.68585909160881841E-006
 B after wg2 wg2 ==>   84.711157644445180        7.3279442325384769     
 LTM d(wg2)/d(wg2)  0.94114678807376406     
 B before wg2 wg2 ==>    132.74065285478082        11.479351624310818     
 Q value wg2 wg2 ==>   3.04029659989458205E-005  2.62923474924958071E-006
 B after wg2 wg2 ==>   132.70152678163478        11.479354253545567     
 LTM d(wg2)/d(wg2)  0.95517604384338139     
 B before wg2 wg2 ==>    171.15402114776691        14.959857174864116     
 Q value wg2 wg2 ==>   3.07286077929626550E-005  2.68585909160881841E-006
 B after wg2 wg2 ==>   172.93622969637920        14.959859860723208     
 LTM d(wg2)/d(wg2)  0.92596848268407428     
 B before wg2 wg2 ==>    156.06085217548252        13.404745716300571     
 Q value wg2 wg2 ==>   3.01972330036224107E-005  2.59377175061351132E-006
 B after wg2 wg2 ==>   154.95911421330322        13.404748310072321     
 LTM d(wg2)/d(wg2)  0.87103656981130317     
 B before wg2 wg2 ==>    160.37932754857715        13.387114861672169     
 Q value wg2 wg2 ==>   2.93454751338267236E-005  2.44951299080545413E-006
 B after wg2 wg2 ==>   154.75529957187518        13.387117311185159     
 LTM d(wg2)/d(wg2)  0.87108697596455398     
 B before wg2 wg2 ==>    225.61797552335969        18.832687475100666     
 Q value wg2 wg2 ==>   2.93454751338267236E-005  2.44951299080545413E-006
 B after wg2 wg2 ==>   217.70620987931014        18.832689924613657     
 LTM d(wg2)/d(wg2)  0.86277107970753442     
 B before wg2 wg2 ==>    92.045193663636780        7.6831571679132953     
 Q value wg2 wg2 ==>   2.93454751338267236E-005  2.44951299080545413E-006
 B after wg2 wg2 ==>   88.817453422918874        7.6831596174262859     
 LTM d(wg2)/d(wg2)  0.85915293058529008     
 B before wg2 wg2 ==>    23.149627697800440        1.9323358548285132     
 Q value wg2 wg2 ==>   2.93454751338267236E-005  2.44951299080545413E-006
 B after wg2 wg2 ==>   22.337863052318685        1.9323383043415041     
 LTM d(wg2)/d(wg2)  0.85903556597672059     
 B before wg2 wg2 ==>    23.215576278910408        1.9378406866779674     
 Q value wg2 wg2 ==>   2.93454751338267236E-005  2.44951299080545413E-006
 B after wg2 wg2 ==>   22.401499000383716        1.9378431361909583     
 LTM d(wg2)/d(wg2)  0.85874396891834059     
 B before wg2 wg2 ==>    84.105124970041388        6.9601311298121731     
 Q value wg2 wg2 ==>   2.90936028119118281E-005  2.40764508324205215E-006
 B after wg2 wg2 ==>   80.459259869897721        6.9601335374572564     
 LTM d(wg2)/d(wg2)  0.84735851835450016     
 B before wg2 wg2 ==>    162.44612507749352        13.443251317585768     
 Q value wg2 wg2 ==>   2.90936028119118281E-005  2.40764508324205215E-006
 B after wg2 wg2 ==>   155.40423745525902        13.443253725230850     
 LTM d(wg2)/d(wg2)  0.85834811211461315     
 B before wg2 wg2 ==>    97.997479774795934        8.1458689945073086     
 Q value wg2 wg2 ==>   2.92230175200690624E-005  2.42911218624928276E-006
 B after wg2 wg2 ==>   94.166409625987669        8.1458714236194947     
 LTM d(wg2)/d(wg2)  0.84572405355285207     
 B before wg2 wg2 ==>    61.173805302887999        5.0624466317523886     
 Q value wg2 wg2 ==>   2.90936028119118281E-005  2.40764508324205215E-006
 B after wg2 wg2 ==>   58.521995396628796        5.0624490393974719     
 LTM d(wg2)/d(wg2)  0.84295179615926830     
 B before wg2 wg2 ==>    45.682492130037986        3.7804608895704552     
 Q value wg2 wg2 ==>   2.90936028119118281E-005  2.40764508324205215E-006
 B after wg2 wg2 ==>   43.702218818404873        3.7804632972155385     
 LTM d(wg2)/d(wg2)  0.84150638253241972     
 B before wg2 wg2 ==>    45.336700349257200        3.7518448434174676     
 Q value wg2 wg2 ==>   2.90936028119118281E-005  2.40764508324205215E-006
 B after wg2 wg2 ==>   43.371416847224104        3.7518472510625509     
 LTM d(wg2)/d(wg2)  0.84775614960928047     
 B before wg2 wg2 ==>    59.018614455339112        4.8840935181454057     
 Q value wg2 wg2 ==>   2.90936028119118281E-005  2.40764508324205215E-006
 B after wg2 wg2 ==>   56.460230426304371        4.8840959257904890     
 LTM d(wg2)/d(wg2)  0.83443843497863790     
 B before wg2 wg2 ==>    37.005651320152154        3.0624077405997725     
 Q value wg2 wg2 ==>   2.90936028119118281E-005  2.40764508324205215E-006
 B after wg2 wg2 ==>   35.401512430731586        3.0624101482448558     
 LTM d(wg2)/d(wg2)  0.83519892546822638     
 B before wg2 wg2 ==>    13.696000385913203        1.1334143867436086     
 Q value wg2 wg2 ==>   2.90936028119118281E-005  2.40764508324205215E-006
 B after wg2 wg2 ==>   13.102317061856549        1.1334167943886919     
 LTM d(wg2)/d(wg2)  0.84094943584805215     
 B before wg2 wg2 ==>    13.352665106115909        1.1083087492908679     
 Q value wg2 wg2 ==>   2.91806760355357335E-005  2.42207816217853024E-006
 B after wg2 wg2 ==>   12.812095640692178        1.1083111713690301     
 LTM d(wg2)/d(wg2)  0.83488558663860424     
 B before wg2 wg2 ==>    13.588563520897472        1.1245234342724983     
 Q value wg2 wg2 ==>   2.90936028119118281E-005  2.40764508324205215E-006
 B after wg2 wg2 ==>   12.999537502884854        1.1245258419175816     
 LTM d(wg2)/d(wg2)  0.83610196765118161     
 B before wg2 wg2 ==>    79.324981290027225        6.5645496852320413     
 Q value wg2 wg2 ==>   2.90936028119118281E-005  2.40764508324205215E-006
 B after wg2 wg2 ==>   75.886331767600112        6.5645520928771246     
 LTM d(wg2)/d(wg2)  0.83759974442141194     
 B before wg2 wg2 ==>    55.401574324831515        4.5847648670186967     
 Q value wg2 wg2 ==>   2.90936028119118281E-005  2.40764508324205215E-006
 B after wg2 wg2 ==>   52.999986222957034        4.5847672746637800     
 LTM d(wg2)/d(wg2)  0.84028739123494611     
 B before wg2 wg2 ==>    55.879612648578870        4.6243249939377442     
 Q value wg2 wg2 ==>   2.90936028119118281E-005  2.40764508324205215E-006
 B after wg2 wg2 ==>   53.457301950469443        4.6243274015828275     
 LTM d(wg2)/d(wg2)  0.83822052458721341     
 B before wg2 wg2 ==>    59.679966081608853        4.9388237625079414     
 Q value wg2 wg2 ==>   2.90936028119118281E-005  2.40764508324205215E-006
 B after wg2 wg2 ==>   57.092912964679485        4.9388261701530247     
 LTM d(wg2)/d(wg2)  0.99748472428229995     
 B before wg2 wg2 ==>    9.5068602713967074       0.83095489599217198     
 Q value wg2 wg2 ==>   3.07286077929626550E-005  2.68585909160881841E-006
 B after wg2 wg2 ==>   9.6058835163467169       0.83095758185126356     
 LTM d(wg2)/d(wg2)  0.96933270140232497     
 B before wg2 wg2 ==>    36.834868437341605        3.2195817964556785     
 Q value wg2 wg2 ==>   3.07286077929626550E-005  2.68585909160881841E-006
 B after wg2 wg2 ==>   37.218450356096355        3.2195844823147701     
 LTM d(wg2)/d(wg2)  0.97196142114918638     
 B before wg2 wg2 ==>    46.947648869816859        4.1034976396012910     
 Q value wg2 wg2 ==>   3.07286077929626550E-005  2.68585909160881841E-006
 B after wg2 wg2 ==>   47.436532256972434        4.1035003254603826     
 LTM d(wg2)/d(wg2)  0.93578290927133512     
 B before wg2 wg2 ==>    49.877652130093267        4.2734218814512115     
 Q value wg2 wg2 ==>   3.01212029042410758E-005  2.58072708095562267E-006
 B after wg2 wg2 ==>   49.400858113764698        4.2734244621782924     
 LTM d(wg2)/d(wg2)  0.89270073976247610     
 B before wg2 wg2 ==>    48.777402337930660        4.1397463825557752     
 Q value wg2 wg2 ==>   2.98371688089162803E-005  2.53228556097924718E-006
 B after wg2 wg2 ==>   47.855566555269078        4.1397489148413360     
 LTM d(wg2)/d(wg2)  0.86413546137647601     
 B before wg2 wg2 ==>    63.410110009447742        5.2475123338652656     
 Q value wg2 wg2 ==>   2.90936028119118281E-005  2.40764508324205215E-006
 B after wg2 wg2 ==>   60.661358002126292        5.2475147415103489     
 LTM d(wg2)/d(wg2)  0.95505712651400632     
 B before wg2 wg2 ==>    116.34338136726539        10.169088384972168     
 Q value wg2 wg2 ==>   3.07286077929626550E-005  2.68585909160881841E-006
 B after wg2 wg2 ==>   117.55486251885632        10.169091070831261     
 LTM d(wg2)/d(wg2)  0.94964835696313665     
 B before wg2 wg2 ==>    110.64824522477926        9.6713003533988839     
 Q value wg2 wg2 ==>   3.07286077929626550E-005  2.68585909160881841E-006
 B after wg2 wg2 ==>   111.80042456490985        9.6713030392579764     
 LTM d(wg2)/d(wg2)  0.95022270316171009     
 B before wg2 wg2 ==>    149.01941097981103        13.025163473171700     
 Q value wg2 wg2 ==>   3.07286077929626550E-005  2.68585909160881841E-006
 B after wg2 wg2 ==>   150.57113821136826        13.025166159030793     
 LTM d(wg2)/d(wg2)  0.94873432806932145     
 B before wg2 wg2 ==>    167.39809009775567        14.631566950129663     
 Q value wg2 wg2 ==>   3.07286077929626550E-005  2.68585909160881841E-006
 B after wg2 wg2 ==>   169.14118921870667        14.631569635988756     
 LTM d(wg2)/d(wg2)  0.92921506395343079     
 B before wg2 wg2 ==>    125.21608320943110        10.828630244515569     
 Q value wg2 wg2 ==>   3.04029659989458205E-005  2.62923474924958071E-006
 B after wg2 wg2 ==>   125.17917676951538        10.828632873750319     
 LTM d(wg2)/d(wg2)  0.87484490026105366     
 B before wg2 wg2 ==>    160.73344036120213        13.416673215414265     
 Q value wg2 wg2 ==>   2.93454751338267236E-005  2.44951299080545413E-006
 B after wg2 wg2 ==>   155.09699463451483        13.416675664927256     
 LTM d(wg2)/d(wg2)  0.87120437284590413     
 B before wg2 wg2 ==>    159.66476471210433        13.327469177194246     
 Q value wg2 wg2 ==>   2.93454751338267236E-005  2.44951299080545413E-006
 B after wg2 wg2 ==>   154.06579446371885        13.327471626707236     
 LTM d(wg2)/d(wg2)  0.87185884536928393     
 B before wg2 wg2 ==>    159.66885303266810        13.327810435745549     
 Q value wg2 wg2 ==>   2.93454751338267236E-005  2.44951299080545413E-006
 B after wg2 wg2 ==>   154.06973941826811        13.327812885258540     
 LTM d(wg2)/d(wg2)  0.86080191588109767     
 B before wg2 wg2 ==>    15.255830916607207        1.2734282149238378     
 Q value wg2 wg2 ==>   2.93454751338267236E-005  2.44951299080545413E-006
 B after wg2 wg2 ==>   14.720879736691193        1.2734306644368287     
 LTM d(wg2)/d(wg2)  0.83282231912296412     
 B before wg2 wg2 ==>    23.558322274701808        1.9404003662587337     
 Q value wg2 wg2 ==>   2.89567311206786931E-005  2.38504469957769137E-006
 B after wg2 wg2 ==>   22.431088193808414        1.9404027513034332     
 LTM d(wg2)/d(wg2)  0.81311886272336908     
 B before wg2 wg2 ==>    164.73367602563280        13.352299290442906     
 Q value wg2 wg2 ==>   2.84954954721335405E-005  2.30966972359789013E-006
 B after wg2 wg2 ==>   154.35282937074118        13.352301600112629     
 LTM d(wg2)/d(wg2)  0.86976252320271796     
 B before wg2 wg2 ==>    176.82456879609686        14.759825028708958     
 Q value wg2 wg2 ==>   2.93454751338267236E-005  2.44951299080545413E-006
 B after wg2 wg2 ==>   170.62385201577175        14.759827478221949     
 LTM d(wg2)/d(wg2)  0.85680985522056241     
 B before wg2 wg2 ==>    41.717498686983092        3.4750593843786644     
 Q value wg2 wg2 ==>   2.92850866727977044E-005  2.43944192407686732E-006
 B after wg2 wg2 ==>   40.171772688270572        3.4750618238205884     
 LTM d(wg2)/d(wg2)  0.84510147978593630     
 B before wg2 wg2 ==>    46.010795834327752        3.8076297075595349     
 Q value wg2 wg2 ==>   2.90936028119118281E-005  2.40764508324205215E-006
 B after wg2 wg2 ==>   44.016290807854077        3.8076321152046182     
 LTM d(wg2)/d(wg2)  0.84794591203136005     
 B before wg2 wg2 ==>    46.076918380742541        3.8131016879394224     
 Q value wg2 wg2 ==>   2.90936028119118281E-005  2.40764508324205215E-006
 B after wg2 wg2 ==>   44.079546992382568        3.8131040955845057     
 LTM d(wg2)/d(wg2)  0.84366922602924532     
 B before wg2 wg2 ==>    45.516734325349191        3.7667435797533098     
 Q value wg2 wg2 ==>   2.90936028119118281E-005  2.40764508324205215E-006
 B after wg2 wg2 ==>   43.543646487952600        3.7667459873983931     
 LTM d(wg2)/d(wg2)  0.83676535829720111     
 B before wg2 wg2 ==>    44.659986018123519        3.6958432563109587     
 Q value wg2 wg2 ==>   2.90936028119118281E-005  2.40764508324205215E-006
 B after wg2 wg2 ==>   42.724037565507707        3.6958456639560420     
 LTM d(wg2)/d(wg2)  0.83560936155786358     
 B before wg2 wg2 ==>    37.065699538590778        3.0673770391364941     
 Q value wg2 wg2 ==>   2.90936028119118281E-005  2.40764508324205215E-006
 B after wg2 wg2 ==>   35.458957604762432        3.0673794467815774     
 LTM d(wg2)/d(wg2)  0.83711185354353645     
 B before wg2 wg2 ==>    37.045134629681698        3.0656751872846502     
 Q value wg2 wg2 ==>   2.90936028119118281E-005  2.40764508324205215E-006
 B after wg2 wg2 ==>   35.439284168948213        3.0656775949297335     
 LTM d(wg2)/d(wg2)  0.83845587540284872     
 B before wg2 wg2 ==>    51.300317465607577        4.2453647942239865     
 Q value wg2 wg2 ==>   2.90936028119118281E-005  2.40764508324205215E-006
 B after wg2 wg2 ==>   49.076515716264979        4.2453672018690698     
 LTM d(wg2)/d(wg2)  0.83857516136796950     
 B before wg2 wg2 ==>    66.149557918712389        5.4742157205918591     
 Q value wg2 wg2 ==>   2.90936028119118281E-005  2.40764508324205215E-006
 B after wg2 wg2 ==>   63.282052936764664        5.4742181282369424     
 LTM d(wg2)/d(wg2)  0.83847087573165602     
 B before wg2 wg2 ==>    54.828915036416021        4.5373743692161366     
 Q value wg2 wg2 ==>   2.90936028119118281E-005  2.40764508324205215E-006
 B after wg2 wg2 ==>   52.452151277328532        4.5373767768612199     
 LTM d(wg2)/d(wg2)  0.84127728503598698     
 B before wg2 wg2 ==>    78.874492699358683        6.5272694402451368     
 Q value wg2 wg2 ==>   2.90936028119118281E-005  2.40764508324205215E-006
 B after wg2 wg2 ==>   75.455371513278521        6.5272718478902201     
 LTM d(wg2)/d(wg2)  0.84001355868574379     
 B before wg2 wg2 ==>    55.622909050403351        4.6030814525312884     
 Q value wg2 wg2 ==>   2.90936028119118281E-005  2.40764508324205215E-006
 B after wg2 wg2 ==>   53.211726257218679        4.6030838601763717     
 LTM d(wg2)/d(wg2)  0.84980479310561752     
 B before wg2 wg2 ==>    58.020557653364769        4.8014991908768021     
 Q value wg2 wg2 ==>   2.90936028119118281E-005  2.40764508324205215E-006
 B after wg2 wg2 ==>   55.505438624434461        4.8015015985218854     
 LTM d(wg2)/d(wg2)  0.97208705631070302     
 B before wg2 wg2 ==>    3.1071151834045470       0.27157994336255303     
 Q value wg2 wg2 ==>   3.07286077929626550E-005  2.68585909160881841E-006
 B after wg2 wg2 ==>   3.1394997269947966       0.27158262922164467     
 LTM d(wg2)/d(wg2)  0.95020511409205266     
 B before wg2 wg2 ==>    19.050960442440594        1.6651647758648984     
 Q value wg2 wg2 ==>   3.07286077929626550E-005  2.68585909160881841E-006
 B after wg2 wg2 ==>   19.249363652108126        1.6651674617239900     
 LTM d(wg2)/d(wg2)  0.95165990869101635     
 B before wg2 wg2 ==>    51.495572921668582        4.5010126602918739     
 Q value wg2 wg2 ==>   3.07286077929626550E-005  2.68585909160881841E-006
 B after wg2 wg2 ==>   52.031812531381647        4.5010153461509654     
 LTM d(wg2)/d(wg2)  0.85183992101663364     
 B before wg2 wg2 ==>    46.625300423057688        3.8584831189177033     
 Q value wg2 wg2 ==>   2.90936028119118281E-005  2.40764508324205215E-006
 B after wg2 wg2 ==>   44.604157091987538        3.8584855265627866     
 LTM d(wg2)/d(wg2)  0.85156997627113340     
 B before wg2 wg2 ==>    47.193800010685720        3.9055293801121866     
 Q value wg2 wg2 ==>   2.90936028119118281E-005  2.40764508324205215E-006
 B after wg2 wg2 ==>   45.148012656680756        3.9055317877572699     
 LTM d(wg2)/d(wg2)  0.86196977795556562     
 B before wg2 wg2 ==>    49.428853563463811        4.0904915428225959     
 Q value wg2 wg2 ==>   2.90936028119118281E-005  2.40764508324205215E-006
 B after wg2 wg2 ==>   47.286178344957463        4.0904939504676792     
 LTM d(wg2)/d(wg2)  0.95560662834684862     
 B before wg2 wg2 ==>    53.057270592607722        4.6375141222551726     
 Q value wg2 wg2 ==>   3.07286077929626550E-005  2.68585909160881841E-006
 B after wg2 wg2 ==>   53.609771710127283        4.6375168081142641     
 LTM d(wg2)/d(wg2)  0.94988348341828266     
 B before wg2 wg2 ==>    91.725680853107946        8.0173581410918917     
 Q value wg2 wg2 ==>   3.07286077929626550E-005  2.68585909160881841E-006
 B after wg2 wg2 ==>   92.680824983431407        8.0173608269509842     
 LTM d(wg2)/d(wg2)  0.94723174344201932     
 B before wg2 wg2 ==>    185.63169267811594        16.225289893687759     
 Q value wg2 wg2 ==>   3.07286077929626550E-005  2.68585909160881841E-006
 B after wg2 wg2 ==>   187.56465304828214        16.225292579546849     
 LTM d(wg2)/d(wg2)  0.97791950242003067     
 B before wg2 wg2 ==>    192.55335314000808        16.830283286354895     
 Q value wg2 wg2 ==>   3.07286077929626550E-005  2.68585909160881841E-006
 B after wg2 wg2 ==>   194.55838676591992        16.830285972213986     
 LTM d(wg2)/d(wg2)  0.97452957933665318     
 B before wg2 wg2 ==>    165.56774133559603        14.471583819856274     
 Q value wg2 wg2 ==>   3.07286077929626550E-005  2.68585909160881841E-006
 B after wg2 wg2 ==>   167.29178156234599        14.471586505715367     
 LTM d(wg2)/d(wg2)  0.91510271777320573     
 B before wg2 wg2 ==>    150.65533583218971        12.779483051221554     
 Q value wg2 wg2 ==>   2.98216255360477459E-005  2.52964792778597012E-006
 B after wg2 wg2 ==>   147.73106662698180        12.779485580869482     
 LTM d(wg2)/d(wg2)  0.87849064506501862     
 B before wg2 wg2 ==>    205.43409370591525        17.147907096141267     
 Q value wg2 wg2 ==>   2.93454751338267236E-005  2.44951299080545413E-006
 B after wg2 wg2 ==>   198.23012057658653        17.147909545654258     
 LTM d(wg2)/d(wg2)  0.87728185137930725     
 B before wg2 wg2 ==>    204.32943549676054        17.055699537007040     
 Q value wg2 wg2 ==>   2.93454751338267236E-005  2.44951299080545413E-006
 B after wg2 wg2 ==>   197.16419965388823        17.055701986520031     
 LTM d(wg2)/d(wg2)  0.86902993914686155     
 B before wg2 wg2 ==>    41.319653573663153        3.4490165091108023     
 Q value wg2 wg2 ==>   2.93454751338267236E-005  2.44951299080545413E-006
 B after wg2 wg2 ==>   39.870716731894312        3.4490189586237929     
 LTM d(wg2)/d(wg2)  0.80477702227483816     
 B before wg2 wg2 ==>    57.777877994209440        4.6831196750890083     
 Q value wg2 wg2 ==>   2.84954954721335405E-005  2.30966972359789013E-006
 B after wg2 wg2 ==>   54.136968313368087        4.6831219847587322     
 LTM d(wg2)/d(wg2)  0.78361367670943916     
 B before wg2 wg2 ==>    60.472680268661996        4.9015437846284442     
 Q value wg2 wg2 ==>   2.84954954721335405E-005  2.30966972359789013E-006
 B after wg2 wg2 ==>   56.661954665527198        4.9015460942981681     
 LTM d(wg2)/d(wg2)  0.85512261080749596     
 B before wg2 wg2 ==>    59.735287248942413        4.9861984329268223     
 Q value wg2 wg2 ==>   2.93454751338267236E-005  2.44951299080545413E-006
 B after wg2 wg2 ==>   57.640565429482180        4.9862008824398130     
 LTM d(wg2)/d(wg2)  0.85723422249818748     
 B before wg2 wg2 ==>    64.118337475474206        5.3520585330029178     
 Q value wg2 wg2 ==>   2.93454751338267236E-005  2.44951299080545413E-006
 B after wg2 wg2 ==>   61.869914293211522        5.3520609825159084     
 LTM d(wg2)/d(wg2)  0.85316845380330264     
 B before wg2 wg2 ==>    46.433365288171146        3.8540998818526226     
 Q value wg2 wg2 ==>   2.91806760355357335E-005  2.42207816217853024E-006
 B after wg2 wg2 ==>   44.553486965197884        3.8541023039307847     
 LTM d(wg2)/d(wg2)  0.85037915580750345     
 B before wg2 wg2 ==>    61.222784002491878        5.0664998707426658     
 Q value wg2 wg2 ==>   2.90936028119118281E-005  2.40764508324205215E-006
 B after wg2 wg2 ==>   58.568850907012099        5.0665022783877491     
 LTM d(wg2)/d(wg2)  0.84040807497560288     
 B before wg2 wg2 ==>    45.093899876170561        3.7317518570309018     
 Q value wg2 wg2 ==>   2.90936028119118281E-005  2.40764508324205215E-006
 B after wg2 wg2 ==>   43.139141589208059        3.7317542646759851     
 LTM d(wg2)/d(wg2)  0.84035692186515254     
 B before wg2 wg2 ==>    44.859598102918554        3.7123621817125145     
 Q value wg2 wg2 ==>   2.90936028119118281E-005  2.40764508324205215E-006
 B after wg2 wg2 ==>   42.914996618879663        3.7123645893575978     
 LTM d(wg2)/d(wg2)  0.83482394476098021     
 B before wg2 wg2 ==>    58.781528942432061        4.8644734740708069     
 Q value wg2 wg2 ==>   2.90936028119118281E-005  2.40764508324205215E-006
 B after wg2 wg2 ==>   56.233422389308899        4.8644758817158902     
 LTM d(wg2)/d(wg2)  0.83574510701964966     
 B before wg2 wg2 ==>    36.842435346429554        3.0489007803521782     
 Q value wg2 wg2 ==>   2.90936028119118281E-005  2.40764508324205215E-006
 B after wg2 wg2 ==>   35.245371744814427        3.0489031879972615     
 LTM d(wg2)/d(wg2)  0.83682518257274019     
 B before wg2 wg2 ==>    36.887596191769205        3.0526380722902036     
 Q value wg2 wg2 ==>   2.90936028119118281E-005  2.40764508324205215E-006
 B after wg2 wg2 ==>   35.288574901999986        3.0526404799352869     
 LTM d(wg2)/d(wg2)  0.84092418094117738     
 B before wg2 wg2 ==>    51.054492723392315        4.2250215340316979     
 Q value wg2 wg2 ==>   2.90936028119118281E-005  2.40764508324205215E-006
 B after wg2 wg2 ==>   48.841347288877266        4.2250239416767812     
 LTM d(wg2)/d(wg2)  0.83661082964499844     
 B before wg2 wg2 ==>    66.167845307893970        5.4757290959868898     
 Q value wg2 wg2 ==>   2.90936028119118281E-005  2.40764508324205215E-006
 B after wg2 wg2 ==>   63.299547581592122        5.4757315036319731     
 LTM d(wg2)/d(wg2)  0.83806532030676373     
 B before wg2 wg2 ==>    55.142952862256870        4.5633626124813595     
 Q value wg2 wg2 ==>   2.90936028119118281E-005  2.40764508324205215E-006
 B after wg2 wg2 ==>   52.752575803264079        4.5633650201264429     
 LTM d(wg2)/d(wg2)  0.91315113189556485     
 B before wg2 wg2 ==>    51.832753749019659        4.4409312505167176     
 Q value wg2 wg2 ==>   3.01212029042410758E-005  2.58072708095562267E-006
 B after wg2 wg2 ==>   51.337269216188460        4.4409338312437985     
 LTM d(wg2)/d(wg2)  0.97374045916729124     
 B before wg2 wg2 ==>    51.410939216775475        4.4936151821088322     
 Q value wg2 wg2 ==>   3.07286077929626550E-005  2.68585909160881841E-006
 B after wg2 wg2 ==>   51.946297560108739        4.4936178679679237     
 LTM d(wg2)/d(wg2)  0.95222313500307521     
 B before wg2 wg2 ==>   -5.1647574467107731      -0.44500484728468465     
 Q value wg2 wg2 ==>   3.02912611555760042E-005  2.60994987347998664E-006
 B after wg2 wg2 ==>  -5.1442332914618092      -0.44500223733481115     
 LTM d(wg2)/d(wg2)  0.97807997905700284     
 B before wg2 wg2 ==>    7.7034438486010028       0.67332580886405979     
 Q value wg2 wg2 ==>   3.07286077929626550E-005  2.68585909160881841E-006
 B after wg2 wg2 ==>   7.7836886380385479       0.67332849472315137     
 LTM d(wg2)/d(wg2)  0.84666717513335354     
 B before wg2 wg2 ==>    23.313444160458722        1.9293072628112253     
 Q value wg2 wg2 ==>   2.90936028119118281E-005  2.40764508324205215E-006
 B after wg2 wg2 ==>   22.302851994052588        1.9293096704563086     
 LTM d(wg2)/d(wg2)  0.89968493485579937     
 B before wg2 wg2 ==>    49.554945223539619        4.2057365787060652     
 Q value wg2 wg2 ==>   2.98371688089162803E-005  2.53228556097924718E-006
 B after wg2 wg2 ==>   48.618414324259071        4.2057391109916260     
 LTM d(wg2)/d(wg2)  0.84789766838621417     
 B before wg2 wg2 ==>    63.518750715337127        5.2565029103526655     
 Q value wg2 wg2 ==>   2.90936028119118281E-005  2.40764508324205215E-006
 B after wg2 wg2 ==>   60.765289216389199        5.2565053179977488     
 LTM d(wg2)/d(wg2)  0.85492808077408988     
 B before wg2 wg2 ==>    96.643484067891663        7.9977447532958408     
 Q value wg2 wg2 ==>   2.90936028119118281E-005  2.40764508324205215E-006
 B after wg2 wg2 ==>   92.454090676968463        7.9977471609409241     
 LTM d(wg2)/d(wg2)  0.86732575291381930     
 B before wg2 wg2 ==>    96.774477602792572        8.0085851412079059     
 Q value wg2 wg2 ==>   2.90936028119118281E-005  2.40764508324205215E-006
 B after wg2 wg2 ==>   92.579405742177102        8.0085875488529883     
 LTM d(wg2)/d(wg2)  0.93581469218893154     
 B before wg2 wg2 ==>    51.999351863277575        4.4905234184527352     
 Q value wg2 wg2 ==>   3.03599868600416512E-005  2.62180637053696517E-006
 B after wg2 wg2 ==>   51.910555980186750        4.4905260402591054     
 LTM d(wg2)/d(wg2)  0.95368734221325480     
 B before wg2 wg2 ==>    62.264892323611122        5.4423138289302679     
 Q value wg2 wg2 ==>   3.07286077929626550E-005  2.68585909160881841E-006
 B after wg2 wg2 ==>   62.913269752816475        5.4423165147893595     
 LTM d(wg2)/d(wg2)  0.94757865881379999     
 B before wg2 wg2 ==>    147.91338017722146        12.928489946445413     
 Q value wg2 wg2 ==>   3.07286077929626550E-005  2.68585909160881841E-006
 B after wg2 wg2 ==>   149.45359062876091        12.928492632304506     
 LTM d(wg2)/d(wg2)  0.97470353023168654     
 B before wg2 wg2 ==>    194.38442679871824        16.990329776804046     
 Q value wg2 wg2 ==>   3.07286077929626550E-005  2.68585909160881841E-006
 B after wg2 wg2 ==>   196.40852686697002        16.990332462663137     
 LTM d(wg2)/d(wg2)  0.97310249737886279     
 B before wg2 wg2 ==>    139.85030862932004        12.223730584448445     
 Q value wg2 wg2 ==>   3.07286077929626550E-005  2.68585909160881841E-006
 B after wg2 wg2 ==>   141.30656064040048        12.223733270307537     
 LTM d(wg2)/d(wg2)  0.95739114360941924     
 B before wg2 wg2 ==>    149.24008201061503        12.818880085203228     
 Q value wg2 wg2 ==>   3.01972330036224107E-005  2.59377175061351132E-006
 B after wg2 wg2 ==>   148.18649773868830        12.818882678974978     
 LTM d(wg2)/d(wg2)  0.89001371802009788     
 B before wg2 wg2 ==>    203.24210353989676        16.964938227418102     
 Q value wg2 wg2 ==>   2.93454751338267236E-005  2.44951299080545413E-006
 B after wg2 wg2 ==>   196.11499740007395        16.964940676931093     
 LTM d(wg2)/d(wg2)  0.87545305630116876     
 B before wg2 wg2 ==>    202.40184721636135        16.894800709769463     
 Q value wg2 wg2 ==>   2.93454751338267236E-005  2.44951299080545413E-006
 B after wg2 wg2 ==>   195.30420652533692        16.894803159282453     
 LTM d(wg2)/d(wg2)  0.86873529618320389     
 B before wg2 wg2 ==>    140.01389844331078        11.687180444894768     
 Q value wg2 wg2 ==>   2.93454751338267236E-005  2.44951299080545413E-006
 B after wg2 wg2 ==>   135.10402933902790        11.687182894407758     
 LTM d(wg2)/d(wg2)  0.80245389385460386     
 B before wg2 wg2 ==>    43.039038936751425        3.4884799691297554     
 Q value wg2 wg2 ==>   2.84954954721335405E-005  2.30966972359789013E-006
 B after wg2 wg2 ==>   40.326913371837584        3.4884822787994789     
 LTM d(wg2)/d(wg2)  0.78830382846887193     
 B before wg2 wg2 ==>    15.028645417235083        1.2181296282712828     
 Q value wg2 wg2 ==>   2.84954954721335405E-005  2.30966972359789013E-006
 B after wg2 wg2 ==>   14.081625535366312        1.2181319379410065     
 LTM d(wg2)/d(wg2)  0.87285846049613292     
 B before wg2 wg2 ==>    15.098358447113281        1.2602837400785505     
 Q value wg2 wg2 ==>   2.93454751338267236E-005  2.44951299080545413E-006
 B after wg2 wg2 ==>   14.568929388075228        1.2602861895915414     
 LTM d(wg2)/d(wg2)  0.85740148889697232     
 B before wg2 wg2 ==>    64.145963362069963        5.3543645092323100     
 Q value wg2 wg2 ==>   2.93454751338267236E-005  2.44951299080545413E-006
 B after wg2 wg2 ==>   61.896571416914099        5.3543669587453007     
 LTM d(wg2)/d(wg2)  0.86268008120530781     
 B before wg2 wg2 ==>    124.04375654282579        10.354127568025458     
 Q value wg2 wg2 ==>   2.93454751338267236E-005  2.44951299080545413E-006
 B after wg2 wg2 ==>   119.69391583141746        10.354130017538449     
 LTM d(wg2)/d(wg2)  0.84932102330943515     
 B before wg2 wg2 ==>    45.901220482778278        3.7985617843425934     
 Q value wg2 wg2 ==>   2.90936028119118281E-005  2.40764508324205215E-006
 B after wg2 wg2 ==>   43.911465464106612        3.7985641919876767     
 LTM d(wg2)/d(wg2)  0.84407375161266018     
 B before wg2 wg2 ==>    60.096043980754850        4.9732563460075134     
 Q value wg2 wg2 ==>   2.90936028119118281E-005  2.40764508324205215E-006
 B after wg2 wg2 ==>   57.490954204675027        4.9732587536525967     
 LTM d(wg2)/d(wg2)  0.83715246570009560     
 B before wg2 wg2 ==>    44.288216579587527        3.6650774255344296     
 Q value wg2 wg2 ==>   2.90936028119118281E-005  2.40764508324205215E-006
 B after wg2 wg2 ==>   42.368384048195104        3.6650798331795129     
 LTM d(wg2)/d(wg2)  0.83611818832217821     
 B before wg2 wg2 ==>    44.137152953844314        3.6525761345073708     
 Q value wg2 wg2 ==>   2.90936028119118281E-005  2.40764508324205215E-006
 B after wg2 wg2 ==>   42.223868915253732        3.6525785421524541     
 LTM d(wg2)/d(wg2)  0.83622048733231669     
 B before wg2 wg2 ==>    36.855475882189317        3.0499799516740604     
 Q value wg2 wg2 ==>   2.90936028119118281E-005  2.40764508324205215E-006
 B after wg2 wg2 ==>   35.257846983308660        3.0499823593191437     
 LTM d(wg2)/d(wg2)  0.84440712438591914     
 B before wg2 wg2 ==>    60.682879387647837        5.0218199904352074     
 Q value wg2 wg2 ==>   2.90936028119118281E-005  2.40764508324205215E-006
 B after wg2 wg2 ==>   58.052350744871958        5.0218223980802907     
 LTM d(wg2)/d(wg2)  0.84405104139858467     
 B before wg2 wg2 ==>    65.749846132822000        5.4411375170350658     
 Q value wg2 wg2 ==>   2.90936028119118281E-005  2.40764508324205215E-006
 B after wg2 wg2 ==>   62.899668351514634        5.4411399246801491     
 LTM d(wg2)/d(wg2)  0.83640838188778810     
 B before wg2 wg2 ==>    110.40178020568905        9.1363144335141175     
 Q value wg2 wg2 ==>   2.90936028119118281E-005  2.40764508324205215E-006
 B after wg2 wg2 ==>   105.61597518502575        9.1363168411592000     
 LTM d(wg2)/d(wg2)  0.83481223543168470     
 B before wg2 wg2 ==>    96.971971266899558        8.0249287564154379     
 Q value wg2 wg2 ==>   2.90936028119118281E-005  2.40764508324205215E-006
 B after wg2 wg2 ==>   92.768338206779916        8.0249311640605203     
 LTM d(wg2)/d(wg2)  0.92848546530370712     
 B before wg2 wg2 ==>    121.97618578974007        10.533533576005711     
 Q value wg2 wg2 ==>   3.03599868600416512E-005  2.62180637053696517E-006
 B after wg2 wg2 ==>   121.76785426998589        10.533536197812081     
 LTM d(wg2)/d(wg2)  0.96835937258531279     
 B before wg2 wg2 ==>    53.206025516436043        4.6505161680125910     
 Q value wg2 wg2 ==>   3.07286077929626550E-005  2.68585909160881841E-006
 B after wg2 wg2 ==>   53.760075576110097        4.6505188538716826     
 LTM d(wg2)/d(wg2)  0.88951485384477313     
 B before wg2 wg2 ==>    175.71417312699174        14.972656368602403     
 Q value wg2 wg2 ==>   2.99567440173566616E-005  2.55262296781207919E-006
 B after wg2 wg2 ==>   173.08418704942309        14.972658921225371     
 LTM d(wg2)/d(wg2)  0.87803893867421656     
 B before wg2 wg2 ==>    3.8997951017938037       0.33032122457425628     
 Q value wg2 wg2 ==>   2.97781171787643064E-005  2.52227203615919790E-006
 B after wg2 wg2 ==>   3.8185480272284749       0.33032374684629245     
 LTM d(wg2)/d(wg2)  0.92578725053843791     
 B before wg2 wg2 ==>    16.857927407919007        1.4558050263949003     
 Q value wg2 wg2 ==>   3.03599868600416512E-005  2.62180637053696517E-006
 B after wg2 wg2 ==>   16.829160713201333        1.4558076482012707     
 LTM d(wg2)/d(wg2)  0.83839314377727614     
 B before wg2 wg2 ==>    44.321232278306290        3.6678096442013279     
 Q value wg2 wg2 ==>   2.90936028119118281E-005  2.40764508324205215E-006
 B after wg2 wg2 ==>   42.399968541589992        3.6678120518464112     
 LTM d(wg2)/d(wg2)  0.84323460075492973     
 B before wg2 wg2 ==>    45.630860414685579        3.7761880998987452     
 Q value wg2 wg2 ==>   2.90936028119118281E-005  2.40764508324205215E-006
 B after wg2 wg2 ==>   43.652825298479513        3.7761905075438285     
 LTM d(wg2)/d(wg2)  0.84407244517570201     
 B before wg2 wg2 ==>    46.012493548178519        3.8077702021016506     
 Q value wg2 wg2 ==>   2.90936028119118281E-005  2.40764508324205215E-006
 B after wg2 wg2 ==>   44.017914927106034        3.8077726097467339     
 LTM d(wg2)/d(wg2)  0.84228280014034751     
 B before wg2 wg2 ==>    45.532010797577584        3.7680077863037242     
 Q value wg2 wg2 ==>   2.90936028119118281E-005  2.40764508324205215E-006
 B after wg2 wg2 ==>   43.558260736777228        3.7680101939488075     
 LTM d(wg2)/d(wg2)  0.83740546373982605     
 B before wg2 wg2 ==>    44.485310203516576        3.6813879353622756     
 Q value wg2 wg2 ==>   2.90936028119118281E-005  2.40764508324205215E-006
 B after wg2 wg2 ==>   42.556933814056151        3.6813903430073589     
 LTM d(wg2)/d(wg2)  0.84896970389040405     
 B before wg2 wg2 ==>    74.998845442336716        6.2065397209637210     
 Q value wg2 wg2 ==>   2.90936028119118281E-005  2.40764508324205215E-006
 B after wg2 wg2 ==>   71.747730604841237        6.2065421286088043     
 LTM d(wg2)/d(wg2)  0.86312424100494167     
 B before wg2 wg2 ==>    90.865702868787878        7.5196036792596255     
 Q value wg2 wg2 ==>   2.90936028119118281E-005  2.40764508324205215E-006
 B after wg2 wg2 ==>   86.926771880092858        7.5196060869047088     
 LTM d(wg2)/d(wg2)  0.93865554553897712     
 B before wg2 wg2 ==>    84.563502897904328        7.3026754469531587     
 Q value wg2 wg2 ==>   3.03599868600416512E-005  2.62180637053696517E-006
 B after wg2 wg2 ==>   84.419080369423753        7.3026780687595290     
 LTM d(wg2)/d(wg2)  0.95483974486715006     
 B before wg2 wg2 ==>    54.557918066935223        4.7686794418615293     
 Q value wg2 wg2 ==>   3.07286077929626550E-005  2.68585909160881841E-006
 B after wg2 wg2 ==>   55.126044994157056        4.7686821277206208     
 LTM d(wg2)/d(wg2)  0.97220937184799494     
 B before wg2 wg2 ==>    163.84859810181047        14.321320699725652     
 Q value wg2 wg2 ==>   3.07286077929626550E-005  2.68585909160881841E-006
 B after wg2 wg2 ==>   165.55473738547977        14.321323385584744     
 LTM d(wg2)/d(wg2)  0.97591841632161425     
 B before wg2 wg2 ==>    194.28930500487456        16.982015578629937     
 Q value wg2 wg2 ==>   3.07286077929626550E-005  2.68585909160881841E-006
 B after wg2 wg2 ==>   196.31241459729870        16.982018264489028     
 LTM d(wg2)/d(wg2)  0.94583250019213538     
 B before wg2 wg2 ==>    186.05086609312576        16.261928088794100     
 Q value wg2 wg2 ==>   3.07286077929626550E-005  2.68585909160881841E-006
 B after wg2 wg2 ==>   187.98819119526749        16.261930774653191     
 LTM d(wg2)/d(wg2)  0.89130814996083585     
 B before wg2 wg2 ==>    159.04853326418629        13.276031368464473     
 Q value wg2 wg2 ==>   2.93454751338267236E-005  2.44951299080545413E-006
 B after wg2 wg2 ==>   153.47117253621502        13.276033817977464     
 LTM d(wg2)/d(wg2)  0.86624183281183353     
 B before wg2 wg2 ==>    155.69681495400383        12.996258166467527     
 Q value wg2 wg2 ==>   2.93454751338267236E-005  2.44951299080545413E-006
 B after wg2 wg2 ==>   150.23698965122264        12.996260615980518     
 LTM d(wg2)/d(wg2)  0.83105369141612606     
 B before wg2 wg2 ==>    157.92067030281677        12.908207241203831     
 Q value wg2 wg2 ==>   2.87362103993980932E-005  2.34885628620366283E-006
 B after wg2 wg2 ==>   149.21911832185606        12.908209590060117     
 LTM d(wg2)/d(wg2)  0.81126642814559968     
 B before wg2 wg2 ==>    158.14677300023951        12.818405415710879     
 Q value wg2 wg2 ==>   2.84954954721335405E-005  2.30966972359789013E-006
 B after wg2 wg2 ==>   148.18100726720951        12.818407725380602     
 LTM d(wg2)/d(wg2)  0.83348027482327502     
 B before wg2 wg2 ==>    175.72047803878104        14.242821934407758     
 Q value wg2 wg2 ==>   2.84954954721335405E-005  2.30966972359789013E-006
 B after wg2 wg2 ==>   164.64728599936680        14.242824244077481     
 LTM d(wg2)/d(wg2)  0.87837736215790041     
 B before wg2 wg2 ==>    86.974656115527267        7.2599114191966878     
 Q value wg2 wg2 ==>   2.93454751338267236E-005  2.44951299080545413E-006
 B after wg2 wg2 ==>   83.924725503037635        7.2599138687096785     
 LTM d(wg2)/d(wg2)  0.85664414626155971     
 B before wg2 wg2 ==>    45.634589735396311        3.8091910210060989     
 Q value wg2 wg2 ==>   2.93454751338267236E-005  2.44951299080545413E-006
 B after wg2 wg2 ==>   44.034340101351134        3.8091934705190895     
 LTM d(wg2)/d(wg2)  0.85994648423647824     
 B before wg2 wg2 ==>    45.871383261365814        3.8289565492640594     
 Q value wg2 wg2 ==>   2.93454751338267236E-005  2.44951299080545413E-006
 B after wg2 wg2 ==>   44.262829937934647        3.8289589987770500     
 LTM d(wg2)/d(wg2)  0.83709259543892611     
 B before wg2 wg2 ==>    44.388557563734111        3.6733811574128779     
 Q value wg2 wg2 ==>   2.90936028119118281E-005  2.40764508324205215E-006
 B after wg2 wg2 ==>   42.464375327313881        3.6733835650579612     
 LTM d(wg2)/d(wg2)  0.83694029836049988     
 B before wg2 wg2 ==>    44.147500839702111        3.6534324752180263     
 Q value wg2 wg2 ==>   2.90936028119118281E-005  2.40764508324205215E-006
 B after wg2 wg2 ==>   42.233768228162745        3.6534348828631096     
 LTM d(wg2)/d(wg2)  0.83791521328106200     
 B before wg2 wg2 ==>    37.067401900491355        3.0675179183286079     
 Q value wg2 wg2 ==>   2.90936028119118281E-005  2.40764508324205215E-006
 B after wg2 wg2 ==>   35.460586170574793        3.0675203259736912     
 LTM d(wg2)/d(wg2)  0.83616123879781257     
 B before wg2 wg2 ==>    56.591971516924303        4.6832763496004928     
 Q value wg2 wg2 ==>   2.90936028119118281E-005  2.40764508324205215E-006
 B after wg2 wg2 ==>   54.138780605932808        4.6832787572455761     
 LTM d(wg2)/d(wg2)  0.84216354571057817     
 B before wg2 wg2 ==>    65.290392887523680        5.4031154008271276     
 Q value wg2 wg2 ==>   2.90936028119118281E-005  2.40764508324205215E-006
 B after wg2 wg2 ==>   62.460132053494760        5.4031178084722109     
 LTM d(wg2)/d(wg2)  0.83555389109272926     
 B before wg2 wg2 ==>    12.992206776169168        1.0751718502288932     
 Q value wg2 wg2 ==>   2.90936028119118281E-005  2.40764508324205215E-006
 B after wg2 wg2 ==>   12.429032367575887        1.0751742578739765     
 LTM d(wg2)/d(wg2)  0.91829365333393076     
 B before wg2 wg2 ==>    99.142866041008560        8.4142718016436504     
 Q value wg2 wg2 ==>   2.98371688089162803E-005  2.53228556097924718E-006
 B after wg2 wg2 ==>   97.269151749285470        8.4142743339292121     
 LTM d(wg2)/d(wg2)  0.97433524529373106     
 B before wg2 wg2 ==>    69.854278192901219        6.1056703068449165     
 Q value wg2 wg2 ==>   3.07286077929626550E-005  2.68585909160881841E-006
 B after wg2 wg2 ==>   70.581681710098195        6.1056729927040081     
 LTM d(wg2)/d(wg2)  0.97470831637456479     
 B before wg2 wg2 ==>    91.406538600582820        7.9894632515402275     
 Q value wg2 wg2 ==>   3.07286077929626550E-005  2.68585909160881841E-006
 B after wg2 wg2 ==>   92.358359594599307        7.9894659373993191     
 LTM d(wg2)/d(wg2)  0.96291562956435883     
 B before wg2 wg2 ==>    57.559589263242017        5.0310429673079131     
 Q value wg2 wg2 ==>   3.07286077929626550E-005  2.68585909160881841E-006
 B after wg2 wg2 ==>   58.158971727626749        5.0310456531670047     
 LTM d(wg2)/d(wg2)  0.89823484139994891     
 B before wg2 wg2 ==>    168.42185983982156        14.351276208778401     
 Q value wg2 wg2 ==>   2.99567440173566616E-005  2.55262296781207919E-006
 B after wg2 wg2 ==>   165.90102202992796        14.351278761401369     
 LTM d(wg2)/d(wg2)  0.89391285179033564     
 B before wg2 wg2 ==>    175.76221039220479        14.976749638098671     
 Q value wg2 wg2 ==>   2.99567440173566616E-005  2.55262296781207919E-006
 B after wg2 wg2 ==>   173.13150531312382        14.976752190721639     
 LTM d(wg2)/d(wg2)  0.80841011618586922     
 B before wg2 wg2 ==>    37.010817760002887        3.0628352900368392     
 Q value wg2 wg2 ==>   2.90936028119118281E-005  2.40764508324205215E-006
 B after wg2 wg2 ==>   35.406454909360626        3.0628376976819225     
 LTM d(wg2)/d(wg2)  0.84591245434536966     
 B before wg2 wg2 ==>    30.045940412804708        2.4864559117667850     
 Q value wg2 wg2 ==>   2.90936028119118281E-005  2.40764508324205215E-006
 B after wg2 wg2 ==>   28.743499675771453        2.4864583194118683     
 LTM d(wg2)/d(wg2)  0.84296141627106203     
 B before wg2 wg2 ==>    44.569535766264572        3.6883580333368888     
 Q value wg2 wg2 ==>   2.90936028119118281E-005  2.40764508324205215E-006
 B after wg2 wg2 ==>   42.637508262985897        3.6883604409819721     
 LTM d(wg2)/d(wg2)  0.83953407644958566     
 B before wg2 wg2 ==>    44.768154916295565        3.7047947882861259     
 Q value wg2 wg2 ==>   2.90936028119118281E-005  2.40764508324205215E-006
 B after wg2 wg2 ==>   42.827517424557477        3.7047971959312092     
 LTM d(wg2)/d(wg2)  0.83916435654091703     
 B before wg2 wg2 ==>    45.002074410888866        3.7241528280817828     
 Q value wg2 wg2 ==>   2.90936028119118281E-005  2.40764508324205215E-006
 B after wg2 wg2 ==>   43.051296687715066        3.7241552357268661     
 LTM d(wg2)/d(wg2)  0.83927464517144923     
 B before wg2 wg2 ==>    73.690079642308888        6.0982326280291126     
 Q value wg2 wg2 ==>   2.90936028119118281E-005  2.40764508324205215E-006
 B after wg2 wg2 ==>   70.495698802680963        6.0982350356741959     
 LTM d(wg2)/d(wg2)  0.84296968102983816     
 B before wg2 wg2 ==>    37.695541301780828        3.1194996804665722     
 Q value wg2 wg2 ==>   2.90936028119118281E-005  2.40764508324205215E-006
 B after wg2 wg2 ==>   36.061496208556854        3.1195020881116555     
 LTM d(wg2)/d(wg2)  0.84131345054578988     
 B before wg2 wg2 ==>    36.895816012724218        3.0533183046985242     
 Q value wg2 wg2 ==>   2.90936028119118281E-005  2.40764508324205215E-006
 B after wg2 wg2 ==>   35.296438399994450        3.0533207123436075     
 LTM d(wg2)/d(wg2)  0.85802348221922886     
 B before wg2 wg2 ==>    5.0291472744950818       0.41618777112680916     
 Q value wg2 wg2 ==>   2.90936028119118281E-005  2.40764508324205215E-006
 B after wg2 wg2 ==>   4.8111654135504471       0.41619017877189241     
 LTM d(wg2)/d(wg2)  0.86723783400274645     
 B before wg2 wg2 ==>    5.8852730405786655       0.48703657609172868     
 Q value wg2 wg2 ==>   2.90936028119118281E-005  2.40764508324205215E-006
 B after wg2 wg2 ==>   5.6301787815363005       0.48703898373681193     
 LTM d(wg2)/d(wg2)  0.97119590860854177     
 B before wg2 wg2 ==>   -1.5521714194871710      -0.13566881216531168     
 Q value wg2 wg2 ==>   3.07286077929626550E-005  2.68585909160881841E-006
 B after wg2 wg2 ==>  -1.5683026846065828      -0.13566612630622008     
 LTM d(wg2)/d(wg2)  0.97201702122277889     
 B before wg2 wg2 ==>    197.31671142208089        17.246628512103307     
 Q value wg2 wg2 ==>   3.07286077929626550E-005  2.68585909160881841E-006
 B after wg2 wg2 ==>   199.37134452510693        17.246631197962397     
 LTM d(wg2)/d(wg2)  0.97777282462494997     
 B before wg2 wg2 ==>    212.61728283723590        18.583987468261924     
 Q value wg2 wg2 ==>   3.07286077929626550E-005  2.68585909160881841E-006
 B after wg2 wg2 ==>   214.83123638117783        18.583990154121015     
 LTM d(wg2)/d(wg2)  0.94340343458243270     
 B before wg2 wg2 ==>    204.73114518144260        17.894693157787437     
 Q value wg2 wg2 ==>   3.07286077929626550E-005  2.68585909160881841E-006
 B after wg2 wg2 ==>   206.86298264655625        17.894695843646527     
 LTM d(wg2)/d(wg2)  0.94537009902556313     
 B before wg2 wg2 ==>    219.89459885748872        19.016385457539016     
 Q value wg2 wg2 ==>   3.04029659989458205E-005  2.62923474924958071E-006
 B after wg2 wg2 ==>   219.82976370012696        19.016388086773766     
 LTM d(wg2)/d(wg2)  0.87121256178983153     
 B before wg2 wg2 ==>    157.32077955654117        13.131813047497143     
 Q value wg2 wg2 ==>   2.93454751338267236E-005  2.44951299080545413E-006
 B after wg2 wg2 ==>   151.80400633857479        13.131815497010134     
 LTM d(wg2)/d(wg2)  0.82610528702861930     
 B before wg2 wg2 ==>    254.54409400403108        20.631779777849466     
 Q value wg2 wg2 ==>   2.84954954721335405E-005  2.30966972359789013E-006
 B after wg2 wg2 ==>   238.50374531251612        20.631782087519191     
 LTM d(wg2)/d(wg2)  0.81618620748345960     
 B before wg2 wg2 ==>    158.59721778578719        12.854915701497960     
 Q value wg2 wg2 ==>   2.84954954721335405E-005  2.30966972359789013E-006
 B after wg2 wg2 ==>   148.60306678032916        12.854918011167683     
 LTM d(wg2)/d(wg2)  0.82394658514132613     
 B before wg2 wg2 ==>    168.52291477969794        13.659431694380459     
 Q value wg2 wg2 ==>   2.84954954721335405E-005  2.30966972359789013E-006
 B after wg2 wg2 ==>   157.90328508684024        13.659434004050182     
 LTM d(wg2)/d(wg2)  0.79758870752418609     
 B before wg2 wg2 ==>    62.404825882403394        5.1591780748755243     
 Q value wg2 wg2 ==>   2.90646358883578842E-005  2.40285314651824650E-006
 B after wg2 wg2 ==>   59.640212438355597        5.1591804777286709     
 LTM d(wg2)/d(wg2)  0.88207079055789739     
 B before wg2 wg2 ==>    158.60745474667215        13.239213850476130     
 Q value wg2 wg2 ==>   2.93454751338267236E-005  2.44951299080545413E-006
 B after wg2 wg2 ==>   153.04556141372052        13.239216299989121     
 LTM d(wg2)/d(wg2)  0.85353488977020131     
 B before wg2 wg2 ==>    44.878349042541387        3.7460664202669354     
 Q value wg2 wg2 ==>   2.93454751338267236E-005  2.44951299080545413E-006
 B after wg2 wg2 ==>   43.304618663145597        3.7460688697799260     
 LTM d(wg2)/d(wg2)  0.86020830359802480     
 B before wg2 wg2 ==>    57.229451560879873        4.7770323845755485     
 Q value wg2 wg2 ==>   2.93454751338267236E-005  2.44951299080545413E-006
 B after wg2 wg2 ==>   55.222602419191574        4.7770348340885391     
 LTM d(wg2)/d(wg2)  0.84495491846212067     
 B before wg2 wg2 ==>    60.259099696687947        4.9867500440998000     
 Q value wg2 wg2 ==>   2.90936028119118281E-005  2.40764508324205215E-006
 B after wg2 wg2 ==>   57.646941579855458        4.9867524517448834     
 LTM d(wg2)/d(wg2)  0.83179070608026384     
 B before wg2 wg2 ==>    12.331429676562337        1.0204891508989924     
 Q value wg2 wg2 ==>   2.90936028119118281E-005  2.40764508324205215E-006
 B after wg2 wg2 ==>   11.796899450571637        1.0204915585440757     
 LTM d(wg2)/d(wg2)  0.83623049448446019     
 B before wg2 wg2 ==>    12.544872387359771        1.0381526316486125     
 Q value wg2 wg2 ==>   2.90936028119118281E-005  2.40764508324205215E-006
 B after wg2 wg2 ==>   12.001089582871860        1.0381550392936958     
 LTM d(wg2)/d(wg2)  0.83876574238500179     
 B before wg2 wg2 ==>    54.029149201940129        4.4711896381063658     
 Q value wg2 wg2 ==>   2.90936028119118281E-005  2.40764508324205215E-006
 B after wg2 wg2 ==>   51.687054680959811        4.4711920457514491     
 LTM d(wg2)/d(wg2)  0.84075539563487078     
 B before wg2 wg2 ==>    13.383232151358735        1.1075312086790807     
 Q value wg2 wg2 ==>   2.90936028119118281E-005  2.40764508324205215E-006
 B after wg2 wg2 ==>   12.803107091394761        1.1075336163241640     
 LTM d(wg2)/d(wg2)  0.83490943941041773     
 B before wg2 wg2 ==>    54.366455370129323        4.4991034562277648     
 Q value wg2 wg2 ==>   2.90936028119118281E-005  2.40764508324205215E-006
 B after wg2 wg2 ==>   52.009738884373988        4.4991058638728481     
 LTM d(wg2)/d(wg2)  0.93646648615957573     
 B before wg2 wg2 ==>    158.70046515535131        13.597152460634391     
 Q value wg2 wg2 ==>   3.01212029042410758E-005  2.58072708095562267E-006
 B after wg2 wg2 ==>   157.18333923861314        13.597155041361471     
 LTM d(wg2)/d(wg2)  0.97033832083008886     
 B before wg2 wg2 ==>    95.570644946189091        8.3534303717601652     
 Q value wg2 wg2 ==>   3.07286077929626550E-005  2.68585909160881841E-006
 B after wg2 wg2 ==>   96.565825579594303        8.3534330576192577     
 LTM d(wg2)/d(wg2)  0.96685590104983510     
 B before wg2 wg2 ==>    104.60882345167660        9.1434197547515570     
 Q value wg2 wg2 ==>   3.07286077929626550E-005  2.68585909160881841E-006
 B after wg2 wg2 ==>   105.69811603328948        9.1434224406106495     
 LTM d(wg2)/d(wg2)  0.95782075660554367     
 B before wg2 wg2 ==>    46.696351411421297        4.0815327797587146     
 Q value wg2 wg2 ==>   3.07286077929626550E-005  2.68585909160881841E-006
 B after wg2 wg2 ==>   47.182618110560036        4.0815354656178062     
 LTM d(wg2)/d(wg2)  0.90556523007531808     
 B before wg2 wg2 ==>    87.127059675582814        7.4241223784857384     
 Q value wg2 wg2 ==>   2.99567440173566616E-005  2.55262296781207919E-006
 B after wg2 wg2 ==>   85.823008125342355        7.4241249311087065     
 LTM d(wg2)/d(wg2)  0.89014698667025061     
 B before wg2 wg2 ==>    94.816568690899871        8.0793477031179428     
 Q value wg2 wg2 ==>   2.99567440173566616E-005  2.55262296781207919E-006
 B after wg2 wg2 ==>   93.397423814955744        8.0793502557409109     
 LTM d(wg2)/d(wg2)  0.92489994709203527     
 B before wg2 wg2 ==>    181.78965450834789        15.490349923869257     
 Q value wg2 wg2 ==>   2.99567440173566616E-005  2.55262296781207919E-006
 B after wg2 wg2 ==>   179.06873318952549        15.490352476492225     
 LTM d(wg2)/d(wg2)  0.97644808586307696     
 B before wg2 wg2 ==>    176.76102540987577        14.932371127577019     
 Q value wg2 wg2 ==>   2.96992038395670736E-005  2.50892148253626505E-006
 B after wg2 wg2 ==>   172.61848848554811        14.932373636498502     
 LTM d(wg2)/d(wg2)  0.90016765361962714     
 B before wg2 wg2 ==>    44.606762765531570        3.7317780032232921     
 Q value wg2 wg2 ==>   2.94115314118234576E-005  2.46055304530112829E-006
 B after wg2 wg2 ==>   43.139444451245446        3.7317804637763374     
 LTM d(wg2)/d(wg2)  0.84538947332561210     
 B before wg2 wg2 ==>    35.244684179403237        2.9166786638132067     
 Q value wg2 wg2 ==>   2.90936028119118281E-005  2.40764508324205215E-006
 B after wg2 wg2 ==>   33.716881870603828        2.9166810714582900     
 LTM d(wg2)/d(wg2)  0.84522277279667946     
 B before wg2 wg2 ==>    37.868106351702913        3.1337803247948237     
 Q value wg2 wg2 ==>   2.90936028119118281E-005  2.40764508324205215E-006
 B after wg2 wg2 ==>   36.226580695360553        3.1337827324399070     
 LTM d(wg2)/d(wg2)  0.84522777050941500     
 B before wg2 wg2 ==>    14.864136526692109        1.2300836529766710     
 Q value wg2 wg2 ==>   2.90936028119118281E-005  2.40764508324205215E-006
 B after wg2 wg2 ==>   14.219815393091126        1.2300860606217543     
 LTM d(wg2)/d(wg2)  0.84033827111518178     
 B before wg2 wg2 ==>    51.668541285647436        4.2758372068565187     
 Q value wg2 wg2 ==>   2.90936028119118281E-005  2.40764508324205215E-006
 B after wg2 wg2 ==>   49.428777314935310        4.2758396145016020     
 LTM d(wg2)/d(wg2)  0.84166665324052681     
 B before wg2 wg2 ==>    14.130260631451003        1.1693516528077652     
 Q value wg2 wg2 ==>   2.90936028119118281E-005  2.40764508324205215E-006
 B after wg2 wg2 ==>   13.517752457414488        1.1693540604528485     
 LTM d(wg2)/d(wg2)  0.84739204866769380     
 B before wg2 wg2 ==>    13.031448203656032        1.0784192799322183     
 Q value wg2 wg2 ==>   2.90936028119118281E-005  2.40764508324205215E-006
 B after wg2 wg2 ==>   12.466572709151649        1.0784216875773016     
 LTM d(wg2)/d(wg2)  0.83830669922097167     
 B before wg2 wg2 ==>    1.2820864304240738       0.10609923805098620     
 Q value wg2 wg2 ==>   2.90936028119118281E-005  2.40764508324205215E-006
 B after wg2 wg2 ==>   1.2265367952699704       0.10610164569606945     
 LTM d(wg2)/d(wg2)  0.81591112438975888     
 B before wg2 wg2 ==>    63.562415335289167        5.2601163819539245     
 Q value wg2 wg2 ==>   2.90936028119118281E-005  2.40764508324205215E-006
 B after wg2 wg2 ==>   60.807061008414955        5.2601187895990078     
 LTM d(wg2)/d(wg2)  0.97304378747241460     
 B before wg2 wg2 ==>    10.876618409305770       0.95067972611775819     
 Q value wg2 wg2 ==>   3.07286077929626550E-005  2.68585909160881841E-006
 B after wg2 wg2 ==>   10.989904551016851       0.95068241197684977     
 LTM d(wg2)/d(wg2)  0.96893391583149380     
 B before wg2 wg2 ==>    104.59800482408392        9.1424741437601860     
 Q value wg2 wg2 ==>   3.07286077929626550E-005  2.68585909160881841E-006
 B after wg2 wg2 ==>   105.68718475444533        9.1424768296192784     
 LTM d(wg2)/d(wg2)  0.97327815285120090     
 B before wg2 wg2 ==>    169.02488352900619        14.773758160253227     
 Q value wg2 wg2 ==>   3.07286077929626550E-005  2.68585909160881841E-006
 B after wg2 wg2 ==>   170.78492198115688        14.773760846112319     
 LTM d(wg2)/d(wg2)  0.97350830931447729     
 B before wg2 wg2 ==>    168.35930877477256        14.715583054604179     
 Q value wg2 wg2 ==>   3.07286077929626550E-005  2.68585909160881841E-006
 B after wg2 wg2 ==>   170.11241678880890        14.715585740463272     
 LTM d(wg2)/d(wg2)  0.94004096634797896     
 B before wg2 wg2 ==>    158.99253005348081        13.656560286891802     
 Q value wg2 wg2 ==>   3.01972330036224107E-005  2.59377175061351132E-006
 B after wg2 wg2 ==>   157.87009485256669        13.656562880663552     
 LTM d(wg2)/d(wg2)  0.85983609408692285     
 B before wg2 wg2 ==>    154.71327877613015        12.914160853895762     
 Q value wg2 wg2 ==>   2.93454751338267236E-005  2.44951299080545413E-006
 B after wg2 wg2 ==>   149.28794334754423        12.914163303408753     
 LTM d(wg2)/d(wg2)  0.82438564318129770     
 B before wg2 wg2 ==>    209.48421090766013        16.979502601678785     
 Q value wg2 wg2 ==>   2.84954954721335405E-005  2.30966972359789013E-006
 B after wg2 wg2 ==>   196.28336019304203        16.979504911348510     
 LTM d(wg2)/d(wg2)  0.80236098989170246     
 B before wg2 wg2 ==>    148.59424471879038        12.044136185086280     
 Q value wg2 wg2 ==>   2.84954954721335405E-005  2.30966972359789013E-006
 B after wg2 wg2 ==>   139.23044203727150        12.044138494756004     
 LTM d(wg2)/d(wg2)  0.78996959076300799     
 B before wg2 wg2 ==>    63.834143349460803        5.1740033216912611     
 Q value wg2 wg2 ==>   2.84954954721335405E-005  2.30966972359789013E-006
 B after wg2 wg2 ==>   59.811591461803083        5.1740056313609850     
 LTM d(wg2)/d(wg2)  0.82728948681151904     
 B before wg2 wg2 ==>    33.683620331059416        2.8116247974182809     
 Q value wg2 wg2 ==>   2.93454751338267236E-005  2.44951299080545413E-006
 B after wg2 wg2 ==>   32.502457905538073        2.8116272469312715     
 LTM d(wg2)/d(wg2)  0.89265873372695326     
 B before wg2 wg2 ==>    179.32746960070543        14.968746097719661     
 Q value wg2 wg2 ==>   2.93454751338267236E-005  2.44951299080545413E-006
 B after wg2 wg2 ==>   173.03898306079623        14.968748547232652     
 LTM d(wg2)/d(wg2)  0.85985967923766193     
 B before wg2 wg2 ==>    149.35105266344223        12.466567401659418     
 Q value wg2 wg2 ==>   2.93454751338267236E-005  2.44951299080545413E-006
 B after wg2 wg2 ==>   144.11375556856876        12.466569851172409     
 LTM d(wg2)/d(wg2)  0.87496287669077377     
 B before wg2 wg2 ==>    73.696565759379752        6.1515683212524213     
 Q value wg2 wg2 ==>   2.93454751338267236E-005  2.44951299080545413E-006
 B after wg2 wg2 ==>   71.112260790602804        6.1515707707654119     
 LTM d(wg2)/d(wg2)  0.85474569694171476     
 B before wg2 wg2 ==>    53.305583691927303        4.4245133329045832     
 Q value wg2 wg2 ==>   2.91806760355357335E-005  2.42207816217853024E-006
 B after wg2 wg2 ==>   51.147475980564060        4.4245157549827452     
 LTM d(wg2)/d(wg2)  0.84208401536783950     
 B before wg2 wg2 ==>   0.82662105292162413       6.84071383883835260E-002
 Q value wg2 wg2 ==>   2.90936028119118281E-005  2.40764508324205215E-006
 B after wg2 wg2 ==>  0.79081549402273033       6.84095460334667727E-002
 LTM d(wg2)/d(wg2)  0.83862698224897003     
 B before wg2 wg2 ==>    12.084453051762564        1.0000505665057446     
 Q value wg2 wg2 ==>   2.90936028119118281E-005  2.40764508324205215E-006
 B after wg2 wg2 ==>   11.560629073829707        1.0000529741508279     
 LTM d(wg2)/d(wg2)  0.84669836096142248     
 B before wg2 wg2 ==>    97.848905473858508        8.0974995667534078     
 Q value wg2 wg2 ==>   2.90936028119118281E-005  2.40764508324205215E-006
 B after wg2 wg2 ==>   93.607257985621530        8.0975019743984902     
 LTM d(wg2)/d(wg2)  0.83532512259076230     
 B before wg2 wg2 ==>    20.723183505618657        1.7149498877463660     
 Q value wg2 wg2 ==>   2.90936028119118281E-005  2.40764508324205215E-006
 B after wg2 wg2 ==>   19.824877160300549        1.7149522953914493     
 LTM d(wg2)/d(wg2)  0.83273423232958843     
 B before wg2 wg2 ==>    61.717723668422899        5.1074586705477003     
 Q value wg2 wg2 ==>   2.90936028119118281E-005  2.40764508324205215E-006
 B after wg2 wg2 ==>   59.042335316432833        5.1074610781927836     
 LTM d(wg2)/d(wg2)  0.96980049697702853     
 B before wg2 wg2 ==>    170.84509948531630        14.932855624345516     
 Q value wg2 wg2 ==>   3.07286077929626550E-005  2.68585909160881841E-006
 B after wg2 wg2 ==>   172.62409132168074        14.932858310204608     
 LTM d(wg2)/d(wg2)  0.96487335691617537     
 B before wg2 wg2 ==>    238.43065777946137        20.840226613257013     
 Q value wg2 wg2 ==>   3.07286077929626550E-005  2.68585909160881841E-006
 B after wg2 wg2 ==>   240.91339855792765        20.840229299116103     
 LTM d(wg2)/d(wg2)  0.96199357192837498     
 B before wg2 wg2 ==>    167.39517399507542        14.631312065790334     
 Q value wg2 wg2 ==>   3.07286077929626550E-005  2.68585909160881841E-006
 B after wg2 wg2 ==>   169.13824275148957        14.631314751649427     
 LTM d(wg2)/d(wg2)  0.96014104033019443     
 B before wg2 wg2 ==>    66.292172078545065        5.7943215091063500     
 Q value wg2 wg2 ==>   3.07286077929626550E-005  2.68585909160881841E-006
 B after wg2 wg2 ==>   66.982484411280367        5.7943241949654416     
 LTM d(wg2)/d(wg2)  0.90676128523495358     
 B before wg2 wg2 ==>    98.400842958671689        8.3847647675876704     
 Q value wg2 wg2 ==>   2.99567440173566616E-005  2.55262296781207919E-006
 B after wg2 wg2 ==>   96.928050178174715        8.3847673202106385     
 LTM d(wg2)/d(wg2)  0.89360393101349955     
 B before wg2 wg2 ==>    158.47782548198185        13.503942116667883     
 Q value wg2 wg2 ==>   2.99567440173566616E-005  2.55262296781207919E-006
 B after wg2 wg2 ==>   156.10582578163144        13.503944669290851     
 LTM d(wg2)/d(wg2)  0.88510160550925143     
 B before wg2 wg2 ==>    37.504432246724903        3.1957637015649691     
 Q value wg2 wg2 ==>   2.99567440173566616E-005  2.55262296781207919E-006
 B after wg2 wg2 ==>   36.943111241381970        3.1957662541879368     
 LTM d(wg2)/d(wg2)  0.99842299678705904     
 B before wg2 wg2 ==>    170.39082491609327        14.519052301987962     
 Q value wg2 wg2 ==>   2.99567440173566616E-005  2.55262296781207919E-006
 B after wg2 wg2 ==>   167.84051646790908        14.519054854610930     
 LTM d(wg2)/d(wg2)  0.96707632156178658     
 B before wg2 wg2 ==>    69.668717822869297        5.9364919348256686     
 Q value wg2 wg2 ==>   2.99567440173566616E-005  2.55262296781207919E-006
 B after wg2 wg2 ==>   68.625975365458771        5.9364944874486367     
 LTM d(wg2)/d(wg2)  0.91236485411554513     
 B before wg2 wg2 ==>    9.3210058356889967       0.79424564850922064     
 Q value wg2 wg2 ==>   2.99567440173566616E-005  2.55262296781207919E-006
 B after wg2 wg2 ==>   9.1815224624899656       0.79424820113218841     
 LTM d(wg2)/d(wg2)  0.89773913075525258     
 B before wg2 wg2 ==>    11.415707254309526       0.97273577242860632     
 Q value wg2 wg2 ==>   2.99567440173566616E-005  2.55262296781207919E-006
 B after wg2 wg2 ==>   11.244871274312715       0.97273832505157409     
 LTM d(wg2)/d(wg2)  0.90607844153539074     
 B before wg2 wg2 ==>    13.165288509233955        1.1218181057017420     
 Q value wg2 wg2 ==>   2.99567440173566616E-005  2.55262296781207919E-006
 B after wg2 wg2 ==>   12.968265535396975        1.1218206583247099     
 LTM d(wg2)/d(wg2)  0.84725302849231487     
 B before wg2 wg2 ==>    15.301354933461297        1.2662657220784657     
 Q value wg2 wg2 ==>   2.90936028119118281E-005  2.40764508324205215E-006
 B after wg2 wg2 ==>   14.638080715850355        1.2662681297235490     
 LTM d(wg2)/d(wg2)  0.84074804502623735     
 B before wg2 wg2 ==>    21.889273421340967        1.8114498183447678     
 Q value wg2 wg2 ==>   2.90936028119118281E-005  2.40764508324205215E-006
 B after wg2 wg2 ==>   20.940417968771936        1.8114522259898511     
 LTM d(wg2)/d(wg2)  0.87282815193198071     
 B before wg2 wg2 ==>    19.261997430348845        1.6259067290867906     
 Q value wg2 wg2 ==>   2.96754184767961874E-005  2.50490442459868871E-006
 B after wg2 wg2 ==>   18.795537884228260        1.6259092339912151     
 LTM d(wg2)/d(wg2)  0.90869588405038759     
 B before wg2 wg2 ==>    43.985573803086304        3.7330630847139035     
 Q value wg2 wg2 ==>   2.98371688089162803E-005  2.53228556097924718E-006
 B after wg2 wg2 ==>   43.154300843956264        3.7330656169994643     
 LTM d(wg2)/d(wg2)  0.92648505815153970     
 B before wg2 wg2 ==>    43.378338210111657        3.7165730897793905     
 Q value wg2 wg2 ==>   3.01212029042410758E-005  2.58072708095562267E-006
 B after wg2 wg2 ==>   42.963676787251003        3.7165756705064714     
 LTM d(wg2)/d(wg2)  0.81685037030082053     
 B before wg2 wg2 ==>    38.336023340782546        3.1725028592779627     
 Q value wg2 wg2 ==>   2.90936028119118281E-005  2.40764508324205215E-006
 B after wg2 wg2 ==>   36.674213840332968        3.1725052669230460     
 LTM d(wg2)/d(wg2)  0.93982449587737049     
 B before wg2 wg2 ==>    66.707178393396887        5.7805176780659391     
 Q value wg2 wg2 ==>   3.04646860373908176E-005  2.63992062679266189E-006
 B after wg2 wg2 ==>   66.822911362993537        5.7805203179865661     
 LTM d(wg2)/d(wg2)  0.96327846486452040     
 B before wg2 wg2 ==>    47.642302071287475        4.1642143707091774     
 Q value wg2 wg2 ==>   3.07286077929626550E-005  2.68585909160881841E-006
 B after wg2 wg2 ==>   48.138418682048815        4.1642170565682690     
 LTM d(wg2)/d(wg2)  0.96630578409381584     
 B before wg2 wg2 ==>    153.97030629976609        13.457900527069411     
 Q value wg2 wg2 ==>   3.07286077929626550E-005  2.68585909160881841E-006
 B after wg2 wg2 ==>   155.57358577756966        13.457903212928503     
 LTM d(wg2)/d(wg2)  0.96589199809767645     
 B before wg2 wg2 ==>    151.09243310260601        13.206357666970817     
 Q value wg2 wg2 ==>   3.07286077929626550E-005  2.68585909160881841E-006
 B after wg2 wg2 ==>   152.66574611613640        13.206360352829909     
 LTM d(wg2)/d(wg2)  0.96914590068104345     
 B before wg2 wg2 ==>    149.40102713462858        13.058518945239532     
 Q value wg2 wg2 ==>   3.07286077929626550E-005  2.68585909160881841E-006
 B after wg2 wg2 ==>   150.95672802523399        13.058521631098625     
 LTM d(wg2)/d(wg2)  0.97716841220895312     
 B before wg2 wg2 ==>    159.31006674346403        13.924626655091512     
 Q value wg2 wg2 ==>   3.07286077929626550E-005  2.68585909160881841E-006
 B after wg2 wg2 ==>   160.96894760798656        13.924629340950604     
 LTM d(wg2)/d(wg2)  0.91566317923366669     
 B before wg2 wg2 ==>    117.97422049611524        10.071656404500239     
 Q value wg2 wg2 ==>   3.00134782820939280E-005  2.56230081021077037E-006
 B after wg2 wg2 ==>   116.42854576995359        10.071658966801049     
 LTM d(wg2)/d(wg2)  0.88436607107491816     
 B before wg2 wg2 ==>    102.53068132570203        8.5922139965290114     
 Q value wg2 wg2 ==>   2.94614274878276054E-005  2.46890868514282399E-006
 B after wg2 wg2 ==>   99.326165759691236        8.5922164654376960     
 LTM d(wg2)/d(wg2)  0.78229277057270674     
 B before wg2 wg2 ==>    6.5462638352606914       0.53059991175697807     
 Q value wg2 wg2 ==>   2.84954954721335405E-005  2.30966972359789013E-006
 B after wg2 wg2 ==>   6.1337705363786172       0.53060222142670166     
 LTM d(wg2)/d(wg2)  0.83529256224624104     
 B before wg2 wg2 ==>    64.982228228380961        5.4241688536650141     
 Q value wg2 wg2 ==>   2.93454751338267236E-005  2.44951299080545413E-006
 B after wg2 wg2 ==>   62.703510803713662        5.4241713031780048     
 LTM d(wg2)/d(wg2)  0.88072165515861822     
 B before wg2 wg2 ==>    164.10773196434479        13.698330645698505     
 Q value wg2 wg2 ==>   2.93454751338267236E-005  2.44951299080545413E-006
 B after wg2 wg2 ==>   158.35295922995940        13.698333095211495     
 LTM d(wg2)/d(wg2)  0.91629384309814410     
 B before wg2 wg2 ==>    215.37432878656361        18.499438334198452     
 Q value wg2 wg2 ==>   3.01972330036224107E-005  2.59377175061351132E-006
 B after wg2 wg2 ==>   213.85384591559887        18.499440927970202     
 LTM d(wg2)/d(wg2)  0.91632921225935060     
 B before wg2 wg2 ==>    210.63518427627352        17.948285998686078     
 Q value wg2 wg2 ==>   2.99567440173566616E-005  2.55262296781207919E-006
 B after wg2 wg2 ==>   207.48251524169166        17.948288551309044     
 LTM d(wg2)/d(wg2)  0.85848341545477291     
 B before wg2 wg2 ==>    152.71360195867464        12.712107798187944     
 Q value wg2 wg2 ==>   2.92645863923098242E-005  2.43602778087243465E-006
 B after wg2 wg2 ==>   146.95220649505112        12.712110234215725     
 LTM d(wg2)/d(wg2)  0.84915404768193148     
 B before wg2 wg2 ==>    65.090961916430004        5.3866114635147202     
 Q value wg2 wg2 ==>   2.90936028119118281E-005  2.40764508324205215E-006
 B after wg2 wg2 ==>   62.269346262683541        5.3866138711598035     
 LTM d(wg2)/d(wg2)  0.84132600397762514     
 B before wg2 wg2 ==>    44.504549829868175        3.6829801132746609     
 Q value wg2 wg2 ==>   2.90936028119118281E-005  2.40764508324205215E-006
 B after wg2 wg2 ==>   42.575339417299581        3.6829825209197442     
 LTM d(wg2)/d(wg2)  0.84333845920463757     
 B before wg2 wg2 ==>    45.264791508365199        3.7458940174460489     
 Q value wg2 wg2 ==>   2.90936028119118281E-005  2.40764508324205215E-006
 B after wg2 wg2 ==>   43.302625199664739        3.7458964250911322     
 LTM d(wg2)/d(wg2)  0.83911159971411764     
 B before wg2 wg2 ==>    44.831942648238858        3.7100735507748182     
 Q value wg2 wg2 ==>   2.90936028119118281E-005  2.40764508324205215E-006
 B after wg2 wg2 ==>   42.888540007038607        3.7100759584199015     
 LTM d(wg2)/d(wg2)  0.84059380605443235     
 B before wg2 wg2 ==>    93.778261418231708        7.7606328607108805     
 Q value wg2 wg2 ==>   2.90936028119118281E-005  2.40764508324205215E-006
 B after wg2 wg2 ==>   89.713073240871068        7.7606352683559638     
 LTM d(wg2)/d(wg2)  0.94289209950674768     
 B before wg2 wg2 ==>    153.22707588810047        13.232275941163621     
 Q value wg2 wg2 ==>   3.03599868600416512E-005  2.62180637053696517E-006
 B after wg2 wg2 ==>   152.96536105797634        13.232278562969991     
 LTM d(wg2)/d(wg2)  0.96156606015990354     
 B before wg2 wg2 ==>    192.37433528031445        16.814636083941494     
 Q value wg2 wg2 ==>   3.07286077929626550E-005  2.68585909160881841E-006
 B after wg2 wg2 ==>   194.37750484484161        16.814638769800585     
 LTM d(wg2)/d(wg2)  0.96012984177962246     
 B before wg2 wg2 ==>    104.37717293312798        9.1231721517520423     
 Q value wg2 wg2 ==>   3.07286077929626550E-005  2.68585909160881841E-006
 B after wg2 wg2 ==>   105.46405340464692        9.1231748376111348     
 LTM d(wg2)/d(wg2)  0.89433513170962120     
 B before wg2 wg2 ==>    139.56822252931826        11.892649287874157     
 Q value wg2 wg2 ==>   2.99567440173566616E-005  2.55262296781207919E-006
 B after wg2 wg2 ==>   137.47925378545972        11.892651840497125     
 LTM d(wg2)/d(wg2)  0.89378104381338386     
 B before wg2 wg2 ==>    160.59429435429882        13.684287051718417     
 Q value wg2 wg2 ==>   2.99567440173566616E-005  2.55262296781207919E-006
 B after wg2 wg2 ==>   158.19061624109034        13.684289604341386     
 LTM d(wg2)/d(wg2)  0.90910109539094508     
 B before wg2 wg2 ==>    156.89069088742232        13.368701911099000     
 Q value wg2 wg2 ==>   2.99567440173566616E-005  2.55262296781207919E-006
 B after wg2 wg2 ==>   154.54244674785784        13.368704463721969     
 LTM d(wg2)/d(wg2)  0.89885248773231152     
 B before wg2 wg2 ==>    89.947027421947766        7.6644126594885664     
 Q value wg2 wg2 ==>   2.99567440173566616E-005  2.55262296781207919E-006
 B after wg2 wg2 ==>   88.600767784603207        7.6644152121115345     
 LTM d(wg2)/d(wg2)  0.90562688813697168     
 B before wg2 wg2 ==>    51.377656711108799        4.3779052382046233     
 Q value wg2 wg2 ==>   2.99567440173566616E-005  2.55262296781207919E-006
 B after wg2 wg2 ==>   50.608687136961443        4.3779077908275914     
 LTM d(wg2)/d(wg2)  0.89917732074191703     
 B before wg2 wg2 ==>    93.872058939895197        7.9988657494603590     
 Q value wg2 wg2 ==>   2.99567440173566616E-005  2.55262296781207919E-006
 B after wg2 wg2 ==>   92.467051087288468        7.9988683020833271     
 LTM d(wg2)/d(wg2)  0.90152661953730151     
 B before wg2 wg2 ==>    19.462190743791808        1.6583789969884144     
 Q value wg2 wg2 ==>   2.99567440173566616E-005  2.55262296781207919E-006
 B after wg2 wg2 ==>   19.170918394817551        1.6583815496113823     
 LTM d(wg2)/d(wg2)  0.87651206549826111     
 B before wg2 wg2 ==>    47.223584652484078        3.9721587188096481     
 Q value wg2 wg2 ==>   2.95712843456931351E-005  2.48735532900646641E-006
 B after wg2 wg2 ==>   45.918249845636232        3.9721612061649769     
 LTM d(wg2)/d(wg2)  0.87173810395413764     
 B before wg2 wg2 ==>    64.241456374463141        5.3903352555036648     
 Q value wg2 wg2 ==>   2.94987045003592283E-005  2.47516036892306162E-006
 B after wg2 wg2 ==>   62.312394140710218        5.3903377306640339     
 LTM d(wg2)/d(wg2)  0.83549546599060398     
 B before wg2 wg2 ==>    44.437638906438721        3.6774428906470065     
 Q value wg2 wg2 ==>   2.90936028119118281E-005  2.40764508324205215E-006
 B after wg2 wg2 ==>   42.511329031297898        3.6774452982920898     
 LTM d(wg2)/d(wg2)  0.92471830720094561     
 B before wg2 wg2 ==>    48.745616399840586        4.1764312242400701     
 Q value wg2 wg2 ==>   3.01212029042410758E-005  2.58072708095562267E-006
 B after wg2 wg2 ==>   48.279644497458946        4.1764338049671510     
 LTM d(wg2)/d(wg2)  0.91626158615317743     
 B before wg2 wg2 ==>    48.359392321616824        4.1433402835775102     
 Q value wg2 wg2 ==>   3.01212029042410758E-005  2.58072708095562267E-006
 B after wg2 wg2 ==>   47.897112671053655        4.1433428643045911     
 LTM d(wg2)/d(wg2)  0.93458258678994699     
 B before wg2 wg2 ==>    48.893737603562847        4.1891219658059047     
 Q value wg2 wg2 ==>   3.01212029042410758E-005  2.58072708095562267E-006
 B after wg2 wg2 ==>   48.426349681790832        4.1891245465329856     
 LTM d(wg2)/d(wg2)  0.87930438354029861     
 B before wg2 wg2 ==>    37.800002370135552        3.1907011946884554     
 Q value wg2 wg2 ==>   2.96754184767961874E-005  2.50490442459868871E-006
 B after wg2 wg2 ==>   36.884588025760159        3.1907036995928801     
 LTM d(wg2)/d(wg2)  0.94882386320949363     
 B before wg2 wg2 ==>    65.323608610881180        5.6856831562713843     
 Q value wg2 wg2 ==>   3.05995493380275234E-005  2.66334554934152743E-006
 B after wg2 wg2 ==>   65.726622978885715        5.6856858196169338     
 LTM d(wg2)/d(wg2)  0.96727201469170776     
 B before wg2 wg2 ==>    134.46765513258842        11.753255354051333     
 Q value wg2 wg2 ==>   3.07286077929626550E-005  2.68585909160881841E-006
 B after wg2 wg2 ==>   135.86785912394933        11.753258039910426     
 LTM d(wg2)/d(wg2)  0.97662574951380055     
 B before wg2 wg2 ==>    136.30328443001869        11.913700033828061     
 Q value wg2 wg2 ==>   3.07286077929626550E-005  2.68585909160881841E-006
 B after wg2 wg2 ==>   137.72260230027268        11.913702719687153     
 LTM d(wg2)/d(wg2)  0.91468008787427846     
 B before wg2 wg2 ==>    190.91475241051091        16.357211007345629     
 Q value wg2 wg2 ==>   3.01212029042410758E-005  2.58072708095562267E-006
 B after wg2 wg2 ==>   189.08966210883517        16.357213588072710     
 LTM d(wg2)/d(wg2)  0.92923322285746890     
 B before wg2 wg2 ==>    53.921340110988936        4.6198773371781430     
 Q value wg2 wg2 ==>   3.01212029042410758E-005  2.58072708095562267E-006
 B after wg2 wg2 ==>   53.405888964920010        4.6198799179052239     
 LTM d(wg2)/d(wg2)  0.84514154536259956     
 B before wg2 wg2 ==>    6.8830326950007930       0.57622658220545631     
 Q value wg2 wg2 ==>   2.94317442300893191E-005  2.46393619463223729E-006
 B after wg2 wg2 ==>   6.6612173916755255       0.57622904614165094     
 LTM d(wg2)/d(wg2)  0.88557829382958231     
 B before wg2 wg2 ==>    162.37923281277108        13.554050101353340     
 Q value wg2 wg2 ==>   2.93454751338267236E-005  2.44951299080545413E-006
 B after wg2 wg2 ==>   156.68507372903281        13.554052550866331     
 LTM d(wg2)/d(wg2)  0.94782701268170877     
 B before wg2 wg2 ==>    202.43173014479279        17.693710906226329     
 Q value wg2 wg2 ==>   3.07286077929626550E-005  2.68585909160881841E-006
 B after wg2 wg2 ==>   204.53962446376195        17.693713592085420     
 LTM d(wg2)/d(wg2)  0.95184015349087314     
 B before wg2 wg2 ==>    147.81938514160444        12.920274233495480     
 Q value wg2 wg2 ==>   3.07286077929626550E-005  2.68585909160881841E-006
 B after wg2 wg2 ==>   149.35861684992494        12.920276919354572     
 LTM d(wg2)/d(wg2)  0.94511864448793259     
 B before wg2 wg2 ==>    155.63052895664535        13.603013645994874     
 Q value wg2 wg2 ==>   3.07286077929626550E-005  2.68585909160881841E-006
 B after wg2 wg2 ==>   157.25109585454166        13.603016331853967     
 LTM d(wg2)/d(wg2)  0.96311992862523355     
 B before wg2 wg2 ==>    89.763556888424390        7.7784706224506861     
 Q value wg2 wg2 ==>   3.04646860373908176E-005  2.63992062679266189E-006
 B after wg2 wg2 ==>   89.919280749436055        7.7784732623713131     
 LTM d(wg2)/d(wg2)  0.85733238929340438     
 B before wg2 wg2 ==>    61.320775705734214        5.0746091875582966     
 Q value wg2 wg2 ==>   2.90936028119118281E-005  2.40764508324205215E-006
 B after wg2 wg2 ==>   58.662594744759581        5.0746115952033799     
 LTM d(wg2)/d(wg2)  0.85035586025349919     
 B before wg2 wg2 ==>    93.956363495578699        7.7753717225016281     
 Q value wg2 wg2 ==>   2.90936028119118281E-005  2.40764508324205215E-006
 B after wg2 wg2 ==>   89.883454729189680        7.7753741301467114     
 LTM d(wg2)/d(wg2)  0.84601624628968719     
 B before wg2 wg2 ==>    60.687100759789139        5.0221693306646129     
 Q value wg2 wg2 ==>   2.90936028119118281E-005  2.40764508324205215E-006
 B after wg2 wg2 ==>   58.056389123754990        5.0221717383096962     
 LTM d(wg2)/d(wg2)  0.84138797447438951     
 B before wg2 wg2 ==>    98.596160446122582        8.1593387542727740     
 Q value wg2 wg2 ==>   2.90936028119118281E-005  2.40764508324205215E-006
 B after wg2 wg2 ==>   94.322120025550390        8.1593411619178564     
 LTM d(wg2)/d(wg2)  0.96819933662696100     
 B before wg2 wg2 ==>    150.45838630264956        13.150938287946477     
 Q value wg2 wg2 ==>   3.07286077929626550E-005  2.68585909160881841E-006
 B after wg2 wg2 ==>   152.02509716956794        13.150940973805570     
 LTM d(wg2)/d(wg2)  0.96177349127378331     
 B before wg2 wg2 ==>    154.39708400733559        13.495203381585132     
 Q value wg2 wg2 ==>   3.07286077929626550E-005  2.68585909160881841E-006
 B after wg2 wg2 ==>   156.00480739842178        13.495206067444224     
 LTM d(wg2)/d(wg2)  0.96008608912232285     
 B before wg2 wg2 ==>    73.310553844367888        6.4077689064347068     
 Q value wg2 wg2 ==>   3.07286077929626550E-005  2.68585909160881841E-006
 B after wg2 wg2 ==>   74.073946563914063        6.4077715922937983     
 LTM d(wg2)/d(wg2)  0.89090400173670792     
 B before wg2 wg2 ==>    139.92875916437995        11.923370720579356     
 Q value wg2 wg2 ==>   2.99567440173566616E-005  2.55262296781207919E-006
 B after wg2 wg2 ==>   137.83439406032664        11.923373273202325     
 LTM d(wg2)/d(wg2)  0.88836204357831650     
 B before wg2 wg2 ==>    94.670941179441868        8.0669387400384558     
 Q value wg2 wg2 ==>   2.99567440173566616E-005  2.55262296781207919E-006
 B after wg2 wg2 ==>   93.253975994629414        8.0669412926614239     
 LTM d(wg2)/d(wg2)  0.91547498811194183     
 B before wg2 wg2 ==>    101.30021477000969        8.6318210923190968     
 Q value wg2 wg2 ==>   2.99567440173566616E-005  2.55262296781207919E-006
 B after wg2 wg2 ==>   99.784025415875362        8.6318236449420649     
 LTM d(wg2)/d(wg2)  0.90198429027252292     
 B before wg2 wg2 ==>    36.884947131014336        3.1429771926685310     
 Q value wg2 wg2 ==>   2.99567440173566616E-005  2.55262296781207919E-006
 B after wg2 wg2 ==>   36.332898317439309        3.1429797452914987     
 LTM d(wg2)/d(wg2)  0.90540170022531075     
 B before wg2 wg2 ==>    12.714605163123201        1.0834152452364603     
 Q value wg2 wg2 ==>   2.99567440173566616E-005  2.55262296781207919E-006
 B after wg2 wg2 ==>   12.524327827406914        1.0834177978594282     
 LTM d(wg2)/d(wg2)  0.84368496190046716     
 B before wg2 wg2 ==>    56.797298493355001        4.7002682116416530     
 Q value wg2 wg2 ==>   2.90936028119118281E-005  2.40764508324205215E-006
 B after wg2 wg2 ==>   54.335206814752738        4.7002706192867363     
 LTM d(wg2)/d(wg2)  0.85850304558232737     
 B before wg2 wg2 ==>    20.388610755336064        1.7063928842348965     
 Q value wg2 wg2 ==>   2.94234735050216768E-005  2.46255158926424969E-006
 B after wg2 wg2 ==>   19.725958691596620        1.7063953467864859     
 LTM d(wg2)/d(wg2)  0.83845680539230893     
 B before wg2 wg2 ==>    44.906178889632514        3.7162169810933428     
 Q value wg2 wg2 ==>   2.90936028119118281E-005  2.40764508324205215E-006
 B after wg2 wg2 ==>   42.959558164065427        3.7162193887384261     
 LTM d(wg2)/d(wg2)  0.91436698528590377     
 B before wg2 wg2 ==>    49.598559632278587        4.2495097697904756     
 Q value wg2 wg2 ==>   3.01212029042410758E-005  2.58072708095562267E-006
 B after wg2 wg2 ==>   49.124433703831322        4.2495123505175565     
 LTM d(wg2)/d(wg2)  0.90832333660486320     
 B before wg2 wg2 ==>    48.211024619455969        4.1306284224966978     
 Q value wg2 wg2 ==>   3.01212029042410758E-005  2.58072708095562267E-006
 B after wg2 wg2 ==>   47.750163344776105        4.1306310032237787     
 LTM d(wg2)/d(wg2)  0.91357441556434493     
 B before wg2 wg2 ==>    48.408040281499204        4.1475083477780279     
 Q value wg2 wg2 ==>   3.01212029042410758E-005  2.58072708095562267E-006
 B after wg2 wg2 ==>   47.945295562783976        4.1475109285051088     
 LTM d(wg2)/d(wg2)  0.90945962726378515     
 B before wg2 wg2 ==>    60.151612778562253        5.1536751886802890     
 Q value wg2 wg2 ==>   3.01212029042410758E-005  2.58072708095562267E-006
 B after wg2 wg2 ==>   59.576601038311459        5.1536777694073699     
 LTM d(wg2)/d(wg2)  0.90854142507290403     
 B before wg2 wg2 ==>    47.208218416438463        4.0447099041259333     
 Q value wg2 wg2 ==>   3.01212029042410758E-005  2.58072708095562267E-006
 B after wg2 wg2 ==>   46.756943838278616        4.0447124848530143     
 LTM d(wg2)/d(wg2)  0.92568991638213727     
 B before wg2 wg2 ==>    100.53921320346504        8.6140075825331888     
 Q value wg2 wg2 ==>   3.01212029042410758E-005  2.58072708095562267E-006
 B after wg2 wg2 ==>   99.578101270295406        8.6140101632602697     
 LTM d(wg2)/d(wg2)  0.83392990368502795     
 B before wg2 wg2 ==>    33.915556859123114        2.8495859486918880     
 Q value wg2 wg2 ==>   2.95382901789952674E-005  2.48180789105359139E-006
 B after wg2 wg2 ==>   32.941289821229056        2.8495884304997792     
 LTM d(wg2)/d(wg2)  0.81041485426762216     
 B before wg2 wg2 ==>    6.2705954659622174       0.51892398615005852     
 Q value wg2 wg2 ==>   2.90936028119118281E-005  2.40764508324205215E-006
 B after wg2 wg2 ==>   5.9987977740676497       0.51892639379514172     
 LTM d(wg2)/d(wg2)  0.80973490828027650     
 B before wg2 wg2 ==>    10.844449208666463       0.89743387872965297     
 Q value wg2 wg2 ==>   2.90936028119118281E-005  2.40764508324205215E-006
 B after wg2 wg2 ==>   10.374378450284768       0.89743628637473616     
 LTM d(wg2)/d(wg2)  0.89934322120357513     
 B before wg2 wg2 ==>    5.6824436023653746       0.48686090450134484     
 Q value wg2 wg2 ==>   3.01212029042410758E-005  2.58072708095562267E-006
 B after wg2 wg2 ==>   5.6281500158499780       0.48686348522842582     
 LTM d(wg2)/d(wg2)  0.92265665803852570     
 B before wg2 wg2 ==>    5.4838389934195044       0.47315131735951288     
 Q value wg2 wg2 ==>   3.03331772155986096E-005  2.61717799820205730E-006
 B after wg2 wg2 ==>   5.4696673810264480       0.47315393453751109     
 LTM d(wg2)/d(wg2)  0.91850585504519500     
 B before wg2 wg2 ==>    165.38706252211551        14.170047339989466     
 Q value wg2 wg2 ==>   3.01212029042410758E-005  2.58072708095562267E-006
 B after wg2 wg2 ==>   163.80601360658275        14.170049920716547     
 LTM d(wg2)/d(wg2)  0.94185486250202388     
 B before wg2 wg2 ==>    156.87475453374907        13.440729064857795     
 Q value wg2 wg2 ==>   3.01212029042410758E-005  2.58072708095562267E-006
 B after wg2 wg2 ==>   155.37508217245363        13.440731645584876     
 LTM d(wg2)/d(wg2)  0.92057571312273201     
 B before wg2 wg2 ==>    88.184908823838640        7.5555144014928866     
 Q value wg2 wg2 ==>   3.01212029042410758E-005  2.58072708095562267E-006
 B after wg2 wg2 ==>   87.341902429353354        7.5555169822199675     
 LTM d(wg2)/d(wg2)  0.93506989592197043     
 B before wg2 wg2 ==>    55.123288049717715        4.7228579387576168     
 Q value wg2 wg2 ==>   3.01212029042410758E-005  2.58072708095562267E-006
 B after wg2 wg2 ==>   54.596346438106409        4.7228605194846978     
 LTM d(wg2)/d(wg2)  0.90826231163165072     
 B before wg2 wg2 ==>    45.894061690847842        3.9096309630984440     
 Q value wg2 wg2 ==>   2.99489647423905026E-005  2.55129739133425656E-006
 B after wg2 wg2 ==>   45.195428685087613        3.9096335143958352     
 LTM d(wg2)/d(wg2)  0.85248844194788809     
 B before wg2 wg2 ==>    42.212546682987089        3.5235477021044543     
 Q value wg2 wg2 ==>   2.93454751338267236E-005  2.44951299080545413E-006
 B after wg2 wg2 ==>   40.732298566957859        3.5235501516174450     
 LTM d(wg2)/d(wg2)  0.85958943421773237     
 B before wg2 wg2 ==>    103.06299601405060        8.6028304689721011     
 Q value wg2 wg2 ==>   2.93454751338267236E-005  2.44951299080545413E-006
 B after wg2 wg2 ==>   99.448892134126439        8.6028329184850918     
 LTM d(wg2)/d(wg2)  0.94908422381586532     
 B before wg2 wg2 ==>    147.57828654652528        12.899200813640912     
 Q value wg2 wg2 ==>   3.07286077929626550E-005  2.68585909160881841E-006
 B after wg2 wg2 ==>   149.11500776465363        12.899203499500004     
 LTM d(wg2)/d(wg2)  0.91490507146037625     
 B before wg2 wg2 ==>    153.66208226877600        13.093591221190323     
 Q value wg2 wg2 ==>   2.99567440173566616E-005  2.55262296781207919E-006
 B after wg2 wg2 ==>   151.36216258043140        13.093593773813291     
 LTM d(wg2)/d(wg2)  0.94862452558343580     
 B before wg2 wg2 ==>    147.54633902869580        12.896408414720829     
 Q value wg2 wg2 ==>   3.07286077929626550E-005  2.68585909160881841E-006
 B after wg2 wg2 ==>   149.08272758652743        12.896411100579922     
 LTM d(wg2)/d(wg2)  0.94592299511238054     
 B before wg2 wg2 ==>    146.37170357952630        12.793738442760681     
 Q value wg2 wg2 ==>   3.07286077929626550E-005  2.68585909160881841E-006
 B after wg2 wg2 ==>   147.89586099692536        12.793741128619773     
 LTM d(wg2)/d(wg2)  0.94835223336283003     
 B before wg2 wg2 ==>    184.30834114084578        16.109621270438723     
 Q value wg2 wg2 ==>   3.07286077929626550E-005  2.68585909160881841E-006
 B after wg2 wg2 ==>   186.22752183281017        16.109623956297813     
 LTM d(wg2)/d(wg2)  0.85616150827948656     
 B before wg2 wg2 ==>    159.52234307123013        13.201293337429062     
 Q value wg2 wg2 ==>   2.90936028119118281E-005  2.40764508324205215E-006
 B after wg2 wg2 ==>   152.60719916594252        13.201295745074145     
 LTM d(wg2)/d(wg2)  0.84161369017997267     
 B before wg2 wg2 ==>    53.505825617990276        4.4278819232802871     
 Q value wg2 wg2 ==>   2.90936028119118281E-005  2.40764508324205215E-006
 B after wg2 wg2 ==>   51.186416774688276        4.4278843309253704     
 LTM d(wg2)/d(wg2)  0.91110205617590578     
 B before wg2 wg2 ==>    108.35623258023442        9.2837548586336105     
 Q value wg2 wg2 ==>   3.01212029042410758E-005  2.58072708095562267E-006
 B after wg2 wg2 ==>   107.32039096127835        9.2837574393606914     
 LTM d(wg2)/d(wg2)  0.97079922516733741     
 B before wg2 wg2 ==>    150.62073271158869        13.165128308574063     
 Q value wg2 wg2 ==>   3.07286077929626550E-005  2.68585909160881841E-006
 B after wg2 wg2 ==>   152.18913404487930        13.165130994433156     
 LTM d(wg2)/d(wg2)  0.95994138245613492     
 B before wg2 wg2 ==>    167.89173866690723        14.674714706983751     
 Q value wg2 wg2 ==>   3.07286077929626550E-005  2.68585909160881841E-006
 B after wg2 wg2 ==>   169.63997800815201        14.674717392842844     
 LTM d(wg2)/d(wg2)  0.95974757376799158     
 B before wg2 wg2 ==>    60.956416028857426        5.3279453884172003     
 Q value wg2 wg2 ==>   3.07286077929626550E-005  2.68585909160881841E-006
 B after wg2 wg2 ==>   61.591168671474634        5.3279480742762919     
 LTM d(wg2)/d(wg2)  0.88711827850912417     
 B before wg2 wg2 ==>    64.125416935301629        5.4641456359455249     
 Q value wg2 wg2 ==>   2.99567440173566616E-005  2.55262296781207919E-006
 B after wg2 wg2 ==>   63.165644266112359        5.4641481885684930     
 LTM d(wg2)/d(wg2)  0.88904470143905368     
 B before wg2 wg2 ==>    93.716619340492500        7.9856206954814297     
 Q value wg2 wg2 ==>   2.99567440173566616E-005  2.55262296781207919E-006
 B after wg2 wg2 ==>   92.313938042208761        7.9856232481043978     
 LTM d(wg2)/d(wg2)  0.93069296867406770     
 B before wg2 wg2 ==>    70.157655128474644        5.9781544264297377     
 Q value wg2 wg2 ==>   2.99567440173566616E-005  2.55262296781207919E-006
 B after wg2 wg2 ==>   69.107594463822210        5.9781569790527058     
 LTM d(wg2)/d(wg2)  0.83472874009267384     
 B before wg2 wg2 ==>    43.432636445092399        3.5942737743863029     
 Q value wg2 wg2 ==>   2.90936028119118281E-005  2.40764508324205215E-006
 B after wg2 wg2 ==>   41.549892659085074        3.5942761820313862     
 LTM d(wg2)/d(wg2)  0.84008139245015190     
 B before wg2 wg2 ==>    44.953713274947091        3.7201506956568999     
 Q value wg2 wg2 ==>   2.90936028119118281E-005  2.40764508324205215E-006
 B after wg2 wg2 ==>   43.005031970080779        3.7201531033019832     
 LTM d(wg2)/d(wg2)  0.83974639393797545     
 B before wg2 wg2 ==>    44.950931163981963        3.7199204616831456     
 Q value wg2 wg2 ==>   2.90936028119118281E-005  2.40764508324205215E-006
 B after wg2 wg2 ==>   43.002370461501165        3.7199228693282289     
 LTM d(wg2)/d(wg2)  0.84249710785093279     
 B before wg2 wg2 ==>    45.017689001867268        3.7254450156956382     
 Q value wg2 wg2 ==>   2.90936028119118281E-005  2.40764508324205215E-006
 B after wg2 wg2 ==>   43.066234398100121        3.7254474233407215     
 LTM d(wg2)/d(wg2)  0.83748927869272349     
 B before wg2 wg2 ==>    44.981751837470519        3.7224710307366471     
 Q value wg2 wg2 ==>   2.90936028119118281E-005  2.40764508324205215E-006
 B after wg2 wg2 ==>   43.031855082333131        3.7224734383817304     
 LTM d(wg2)/d(wg2)  0.91240529656861091     
 B before wg2 wg2 ==>    41.688398978791241        3.5717823271626736     
 Q value wg2 wg2 ==>   3.01212029042410758E-005  2.58072708095562267E-006
 B after wg2 wg2 ==>   41.289893154588817        3.5717849078897546     
 LTM d(wg2)/d(wg2)  0.91188163979696801     
 B before wg2 wg2 ==>    41.284116326620975        3.5371441624076581     
 Q value wg2 wg2 ==>   3.01212029042410758E-005  2.58072708095562267E-006
 B after wg2 wg2 ==>   40.889475391848841        3.5371467431347390     
 LTM d(wg2)/d(wg2)  0.90947066689320899     
 B before wg2 wg2 ==>    12.135468284144874        1.0397437227369530     
 Q value wg2 wg2 ==>   3.01212029042410758E-005  2.58072708095562267E-006
 B after wg2 wg2 ==>   12.019484623241972        1.0397463034640340     
 LTM d(wg2)/d(wg2)  0.91162218397518435     
 B before wg2 wg2 ==>    11.763585885918516        1.0078815497990206     
 Q value wg2 wg2 ==>   3.01212029042410758E-005  2.58072708095562267E-006
 B after wg2 wg2 ==>   11.651157372243668        1.0078841305261015     
 LTM d(wg2)/d(wg2)  0.90974396212306152     
 B before wg2 wg2 ==>    50.150318502663723        4.2967834149860966     
 Q value wg2 wg2 ==>   3.01212029042410758E-005  2.58072708095562267E-006
 B after wg2 wg2 ==>   49.670917831373131        4.2967859957131775     
 LTM d(wg2)/d(wg2)  0.88881641991162263     
 B before wg2 wg2 ==>    1.1304300214703429       9.48514735265802988E-002
 Q value wg2 wg2 ==>   2.94987045003592283E-005  2.47516036892306162E-006
 B after wg2 wg2 ==>   1.0965132301006604       9.48539486869492271E-002
 LTM d(wg2)/d(wg2)  0.84658711866288727     
 B before wg2 wg2 ==>    8.9148873650756322       0.73775272423094518     
 Q value wg2 wg2 ==>   2.90936028119118281E-005  2.40764508324205215E-006
 B after wg2 wg2 ==>   8.5284616389198931       0.73775513187602837     
 LTM d(wg2)/d(wg2)  0.82828580493540893     
 B before wg2 wg2 ==>    63.610754439056478        5.2641166911031938     
 Q value wg2 wg2 ==>   2.90936028119118281E-005  2.40764508324205215E-006
 B after wg2 wg2 ==>   60.853304648952722        5.2641190987482771     
 LTM d(wg2)/d(wg2)  0.80384928183939297     
 B before wg2 wg2 ==>    10.643317989934804       0.88078923719122204     
 Q value wg2 wg2 ==>   2.90936028119118281E-005  2.40764508324205215E-006
 B after wg2 wg2 ==>   10.181966116272111       0.88079164483630523     
 LTM d(wg2)/d(wg2)  0.91390033519849068     
 B before wg2 wg2 ==>    11.076538730107764       0.94901666294403064     
 Q value wg2 wg2 ==>   3.01212029042410758E-005  2.58072708095562267E-006
 B after wg2 wg2 ==>   10.970678297641308       0.94901924367111157     
 LTM d(wg2)/d(wg2)  0.94260962284801408     
 B before wg2 wg2 ==>    165.97285019171449        14.220236507647543     
 Q value wg2 wg2 ==>   3.01212029042410758E-005  2.58072708095562267E-006
 B after wg2 wg2 ==>   164.38620122245575        14.220239088374624     
 LTM d(wg2)/d(wg2)  0.91572900821904779     
 B before wg2 wg2 ==>    141.90717014650204        12.158335048673992     
 Q value wg2 wg2 ==>   3.01212029042410758E-005  2.58072708095562267E-006
 B after wg2 wg2 ==>   140.55058593995327        12.158337629401073     
 LTM d(wg2)/d(wg2)  0.91265703054271907     
 B before wg2 wg2 ==>    59.447303155418140        5.0933312866255092     
 Q value wg2 wg2 ==>   3.01212029042410758E-005  2.58072708095562267E-006
 B after wg2 wg2 ==>   58.879024523312161        5.0933338673525901     
 LTM d(wg2)/d(wg2)  0.91905918745482273     
 B before wg2 wg2 ==>    47.948423899648205        4.1081292948476182     
 Q value wg2 wg2 ==>   3.01212029042410758E-005  2.58072708095562267E-006
 B after wg2 wg2 ==>   47.490073053602664        4.1081318755746992     
 LTM d(wg2)/d(wg2)  0.85854824600932333     
 B before wg2 wg2 ==>    44.500499992587031        3.7145267654409073     
 Q value wg2 wg2 ==>   2.93454751338267236E-005  2.44951299080545413E-006
 B after wg2 wg2 ==>   42.940019726904303        3.7145292149538980     
 LTM d(wg2)/d(wg2)  0.86045363270283715     
 B before wg2 wg2 ==>    95.925825243156012        8.0070795928599967     
 Q value wg2 wg2 ==>   2.93454751338267236E-005  2.44951299080545413E-006
 B after wg2 wg2 ==>   92.562002062138745        8.0070820423729874     
 LTM d(wg2)/d(wg2)  0.86380969730889212     
 B before wg2 wg2 ==>    112.53022292776977        9.3930747981677385     
 Q value wg2 wg2 ==>   2.93454751338267236E-005  2.44951299080545413E-006
 B after wg2 wg2 ==>   108.58412977019820        9.3930772476807292     
 LTM d(wg2)/d(wg2)  0.87068101578980195     
 B before wg2 wg2 ==>    93.133989847929982        7.7740406988700439     
 Q value wg2 wg2 ==>   2.93454751338267236E-005  2.44951299080545413E-006
 B after wg2 wg2 ==>   89.868068557785151        7.7740431483830346     
 LTM d(wg2)/d(wg2)  0.86808745682053789     
 B before wg2 wg2 ==>    103.39639492635528        8.6306598008567086     
 Q value wg2 wg2 ==>   2.93454751338267236E-005  2.44951299080545413E-006
 B after wg2 wg2 ==>   99.770599675233086        8.6306622503696993     
 LTM d(wg2)/d(wg2)  0.91689933139476565     
 B before wg2 wg2 ==>    59.203295232514527        5.0852286598214800     
 Q value wg2 wg2 ==>   3.01972330036224107E-005  2.59377175061351132E-006
 B after wg2 wg2 ==>   58.785358173007062        5.0852312535932302     
 LTM d(wg2)/d(wg2)  0.95007105664443281     
 B before wg2 wg2 ==>    148.67756720460508        12.995284338466579     
 Q value wg2 wg2 ==>   3.07286077929626550E-005  2.68585909160881841E-006
 B after wg2 wg2 ==>   150.22573491544165        12.995287024325672     
 LTM d(wg2)/d(wg2)  0.94548760619554484     
 B before wg2 wg2 ==>    147.86620346019998        12.924366426916702     
 Q value wg2 wg2 ==>   3.07286077929626550E-005  2.68585909160881841E-006
 B after wg2 wg2 ==>   149.40592267418018        12.924369112775794     
 LTM d(wg2)/d(wg2)  0.85837389858864621     
 B before wg2 wg2 ==>    162.70131510841767        13.464369603527150     
 Q value wg2 wg2 ==>   2.90936028119118281E-005  2.40764508324205215E-006
 B after wg2 wg2 ==>   155.64836519324282        13.464372011172232     
 LTM d(wg2)/d(wg2)  0.95882550119995258     
 B before wg2 wg2 ==>    221.88800034734624        19.161647715402950     
 Q value wg2 wg2 ==>   3.03599868600416512E-005  2.62180637053696517E-006
 B after wg2 wg2 ==>   221.50899773984486        19.161650337209320     
 LTM d(wg2)/d(wg2)  0.97208508033364716     
 B before wg2 wg2 ==>    158.33018103935126        13.838978943849238     
 Q value wg2 wg2 ==>   3.07286077929626550E-005  2.68585909160881841E-006
 B after wg2 wg2 ==>   159.97885863641466        13.838981629708330     
 LTM d(wg2)/d(wg2)  0.96301605859388351     
 B before wg2 wg2 ==>    167.27374808501318        14.620698734828681     
 Q value wg2 wg2 ==>   3.07286077929626550E-005  2.68585909160881841E-006
 B after wg2 wg2 ==>   169.01555246841767        14.620701420687773     
 LTM d(wg2)/d(wg2)  0.95782184946058491     
 B before wg2 wg2 ==>    46.696474002038016        4.0815434948918146     
 Q value wg2 wg2 ==>   3.07286077929626550E-005  2.68585909160881841E-006
 B after wg2 wg2 ==>   47.182741977677530        4.0815461807509061     
 LTM d(wg2)/d(wg2)  0.90394121614033784     
 B before wg2 wg2 ==>    67.700513832220068        5.7687806939458293     
 Q value wg2 wg2 ==>   2.99567440173566616E-005  2.55262296781207919E-006
 B after wg2 wg2 ==>   66.687230621491736        5.7687832465687974     
 LTM d(wg2)/d(wg2)  0.90735896575053054     
 B before wg2 wg2 ==>    62.610588694749964        5.3350666760665018     
 Q value wg2 wg2 ==>   2.99567440173566616E-005  2.55262296781207919E-006
 B after wg2 wg2 ==>   61.673489335355583        5.3350692286894699     
 LTM d(wg2)/d(wg2)  0.84799721536076045     
 B before wg2 wg2 ==>    60.432622987967306        5.0011099878227432     
 Q value wg2 wg2 ==>   2.90936028119118281E-005  2.40764508324205215E-006
 B after wg2 wg2 ==>   57.812942768985437        5.0011123954678265     
 LTM d(wg2)/d(wg2)  0.83431589387594962     
 B before wg2 wg2 ==>    43.585530671331000        3.6069265570079430     
 Q value wg2 wg2 ==>   2.90936028119118281E-005  2.40764508324205215E-006
 B after wg2 wg2 ==>   41.696159037388469        3.6069289646530263     
 LTM d(wg2)/d(wg2)  0.84298377397243318     
 B before wg2 wg2 ==>    60.570604392933795        5.0125286578786357     
 Q value wg2 wg2 ==>   2.90936028119118281E-005  2.40764508324205215E-006
 B after wg2 wg2 ==>   57.944942785429276        5.0125310655237190     
 LTM d(wg2)/d(wg2)  0.84763715409881280     
 B before wg2 wg2 ==>    38.271087141005303        3.1671290551764613     
 Q value wg2 wg2 ==>   2.90936028119118281E-005  2.40764508324205215E-006
 B after wg2 wg2 ==>   36.612092575221354        3.1671314628215446     
 LTM d(wg2)/d(wg2)  0.83428699997289946     
 B before wg2 wg2 ==>    37.047115294257466        3.0658390974527454     
 Q value wg2 wg2 ==>   2.90936028119118281E-005  2.40764508324205215E-006
 B after wg2 wg2 ==>   35.441178973227345        3.0658415050978287     
 LTM d(wg2)/d(wg2)  0.88072010137219459     
 B before wg2 wg2 ==>    14.049141882956725        1.1858891793539561     
 Q value wg2 wg2 ==>   2.96754184767961874E-005  2.50490442459868871E-006
 B after wg2 wg2 ==>   13.708927664648519        1.1858916842583807     
 LTM d(wg2)/d(wg2)  0.91064081535542740     
 B before wg2 wg2 ==>    17.569299295965600        1.5053039757628295     
 Q value wg2 wg2 ==>   3.01212029042410758E-005  2.58072708095562267E-006
 B after wg2 wg2 ==>   17.401368919242000        1.5053065564899104     
 LTM d(wg2)/d(wg2)  0.90932828686962597     
 B before wg2 wg2 ==>    12.307713791806867        1.0545013885449699     
 Q value wg2 wg2 ==>   3.01212029042410758E-005  2.58072708095562267E-006
 B after wg2 wg2 ==>   12.190083486314091        1.0545039692720508     
 LTM d(wg2)/d(wg2)  0.91233138088411370     
 B before wg2 wg2 ==>    51.880117458754547        4.4449892826197495     
 Q value wg2 wg2 ==>   3.01212029042410758E-005  2.58072708095562267E-006
 B after wg2 wg2 ==>   51.384180135035209        4.4449918633468304     
 LTM d(wg2)/d(wg2)  0.91166894421496447     
 B before wg2 wg2 ==>    11.861775021785212        1.0162942072480738     
 Q value wg2 wg2 ==>   3.01212029042410758E-005  2.58072708095562267E-006
 B after wg2 wg2 ==>   11.748407832776799        1.0162967879751548     
 LTM d(wg2)/d(wg2)  0.91523078938713254     
 B before wg2 wg2 ==>    12.152385593284079        1.0411931654425197     
 Q value wg2 wg2 ==>   3.01212029042410758E-005  2.58072708095562267E-006
 B after wg2 wg2 ==>   12.036240205112074        1.0411957461696006     
 LTM d(wg2)/d(wg2)  0.88773967887010141     
 B before wg2 wg2 ==>    54.985215541708072        4.6413063999630921     
 Q value wg2 wg2 ==>   2.96754184767961874E-005  2.50490442459868871E-006
 B after wg2 wg2 ==>   53.653608411891661        4.6413089048675165     
 LTM d(wg2)/d(wg2)  0.86092124722913077     
 B before wg2 wg2 ==>    18.833050885106363        1.5585317040008793     
 Q value wg2 wg2 ==>   2.90936028119118281E-005  2.40764508324205215E-006
 B after wg2 wg2 ==>   18.016680345307641        1.5585341116459626     
 LTM d(wg2)/d(wg2)  0.82479766895128859     
 B before wg2 wg2 ==>    63.888554801528876        5.2871060981269151     
 Q value wg2 wg2 ==>   2.90936028119118281E-005  2.40764508324205215E-006
 B after wg2 wg2 ==>   61.119062577880648        5.2871085057719984     
 LTM d(wg2)/d(wg2)  0.78598214397637844     
 B before wg2 wg2 ==>    35.137275087179304        2.9077900096832838     
 Q value wg2 wg2 ==>   2.90936028119118281E-005  2.40764508324205215E-006
 B after wg2 wg2 ==>   33.614128880494626        2.9077924173283671     
 LTM d(wg2)/d(wg2)  0.83025290174930622     
 B before wg2 wg2 ==>    167.82865823072092        13.888683585481079     
 Q value wg2 wg2 ==>   2.90936028119118281E-005  2.40764508324205215E-006
 B after wg2 wg2 ==>   160.55344190717818        13.888685993126161     
 LTM d(wg2)/d(wg2)  0.91443485779223954     
 B before wg2 wg2 ==>    60.038389489887301        5.1439744337600013     
 Q value wg2 wg2 ==>   3.01212029042410758E-005  2.58072708095562267E-006
 B after wg2 wg2 ==>   59.464460149510238        5.1439770144870822     
 LTM d(wg2)/d(wg2)  0.91564088077000361     
 B before wg2 wg2 ==>    85.412719223108184        7.3179984962054085     
 Q value wg2 wg2 ==>   3.01212029042410758E-005  2.58072708095562267E-006
 B after wg2 wg2 ==>   84.596214599671171        7.3180010769324895     
 LTM d(wg2)/d(wg2)  0.91420469321325681     
 B before wg2 wg2 ==>    59.759781984836792        5.1201038753521200     
 Q value wg2 wg2 ==>   3.01212029042410758E-005  2.58072708095562267E-006
 B after wg2 wg2 ==>   59.188516095873453        5.1201064560792009     
 LTM d(wg2)/d(wg2)  0.91007850555736602     
 B before wg2 wg2 ==>    40.647328963599016        3.4825854385152031     
 Q value wg2 wg2 ==>   3.01212029042410758E-005  2.58072708095562267E-006
 B after wg2 wg2 ==>   40.258775632970831        3.4825880192422840     
 LTM d(wg2)/d(wg2)  0.86203980441573058     
 B before wg2 wg2 ==>    38.463641945264811        3.2106207239429203     
 Q value wg2 wg2 ==>   2.93454751338267236E-005  2.44951299080545413E-006
 B after wg2 wg2 ==>   37.114857476107908        3.2106231734559110     
 LTM d(wg2)/d(wg2)  0.85676995576179293     
 B before wg2 wg2 ==>    18.960087298469698        1.5826283245580128     
 Q value wg2 wg2 ==>   2.93454751338267236E-005  2.44951299080545413E-006
 B after wg2 wg2 ==>   18.295238165156867        1.5826307740710037     
 LTM d(wg2)/d(wg2)  0.86523742231031675     
 B before wg2 wg2 ==>    51.912661741269353        4.3332315712261051     
 Q value wg2 wg2 ==>   2.93454751338267236E-005  2.44951299080545413E-006
 B after wg2 wg2 ==>   50.092257609054499        4.3332340207390958     
 LTM d(wg2)/d(wg2)  0.86703482709021185     
 B before wg2 wg2 ==>    111.18278088449229        9.2806016903269644     
 Q value wg2 wg2 ==>   2.93454751338267236E-005  2.44951299080545413E-006
 B after wg2 wg2 ==>   107.28393876618452        9.2806041398399550     
 LTM d(wg2)/d(wg2)  0.85860361822704134     
 B before wg2 wg2 ==>    95.815593701030878        7.9978783925658909     
 Q value wg2 wg2 ==>   2.93454751338267236E-005  2.44951299080545413E-006
 B after wg2 wg2 ==>   92.455636033154633        7.9978808420788816     
 LTM d(wg2)/d(wg2)  0.86399280696270608     
 B before wg2 wg2 ==>    96.704057173202656        8.0720398367754704     
 Q value wg2 wg2 ==>   2.93454751338267236E-005  2.44951299080545413E-006
 B after wg2 wg2 ==>   93.312943566102533        8.0720422862884611     
 LTM d(wg2)/d(wg2)  0.95049345277745001     
 B before wg2 wg2 ==>    112.13361817831296        9.8011305910249433     
 Q value wg2 wg2 ==>   3.07286077929626550E-005  2.68585909160881841E-006
 B after wg2 wg2 ==>   113.30126427896251        9.8011332768840358     
 LTM d(wg2)/d(wg2)  0.97682215138426776     
 B before wg2 wg2 ==>    156.77142591017989        13.702734677155332     
 Q value wg2 wg2 ==>   3.07286077929626550E-005  2.68585909160881841E-006
 B after wg2 wg2 ==>   158.40387263927627        13.702737363014425     
 LTM d(wg2)/d(wg2)  0.97536928360287278     
 B before wg2 wg2 ==>    226.09856879053973        19.762330290957319     
 Q value wg2 wg2 ==>   3.07286077929626550E-005  2.68585909160881841E-006
 B after wg2 wg2 ==>   228.45289908015442        19.762332976816410     
 LTM d(wg2)/d(wg2)  0.96390638167011478     
 B before wg2 wg2 ==>    239.72814397856885        20.953634455473278     
 Q value wg2 wg2 ==>   3.07286077929626550E-005  2.68585909160881841E-006
 B after wg2 wg2 ==>   242.22439510692439        20.953637141332369     
 LTM d(wg2)/d(wg2)  0.97467143695645786     
 B before wg2 wg2 ==>    254.90658734540364        22.280318709701650     
 Q value wg2 wg2 ==>   3.07286077929626550E-005  2.68585909160881841E-006
 B after wg2 wg2 ==>   257.56088723050203        22.280321395560740     
 LTM d(wg2)/d(wg2)  0.96396442193769805     
 B before wg2 wg2 ==>    99.335841569344780        8.6825304614919734     
 Q value wg2 wg2 ==>   3.07286077929626550E-005  2.68585909160881841E-006
 B after wg2 wg2 ==>   100.37022811015434        8.6825331473510658     
 LTM d(wg2)/d(wg2)  0.92395333569776550     
 B before wg2 wg2 ==>    95.906567188701999        8.1722267956774779     
 Q value wg2 wg2 ==>   2.99567440173566616E-005  2.55262296781207919E-006
 B after wg2 wg2 ==>   94.471107675259674        8.1722293483004460     
 LTM d(wg2)/d(wg2)  0.84796061432042902     
 B before wg2 wg2 ==>    98.313715930035727        8.1359650196809632     
 Q value wg2 wg2 ==>   2.90936028119118281E-005  2.40764508324205215E-006
 B after wg2 wg2 ==>   94.051919263520247        8.1359674273260456     
 LTM d(wg2)/d(wg2)  0.84657572903053036     
 B before wg2 wg2 ==>    100.14619959896933        8.2876124565471514     
 Q value wg2 wg2 ==>   2.90936028119118281E-005  2.40764508324205215E-006
 B after wg2 wg2 ==>   95.804966164956298        8.2876148641922338     
 LTM d(wg2)/d(wg2)  0.83945015877690843     
 B before wg2 wg2 ==>    35.204519922923680        2.9133548652702674     
 Q value wg2 wg2 ==>   2.90936028119118281E-005  2.40764508324205215E-006
 B after wg2 wg2 ==>   33.678458703967401        2.9133572729153507     
 LTM d(wg2)/d(wg2)  0.84436287038686064     
 B before wg2 wg2 ==>    37.930297402849682        3.1389269537456346     
 Q value wg2 wg2 ==>   2.90936028119118281E-005  2.40764508324205215E-006
 B after wg2 wg2 ==>   36.286075811938233        3.1389293613907179     
 LTM d(wg2)/d(wg2)  0.84531200556220065     
 B before wg2 wg2 ==>    20.246687129845313        1.6755173649429809     
 Q value wg2 wg2 ==>   2.90936028119118281E-005  2.40764508324205215E-006
 B after wg2 wg2 ==>   19.369036538495134        1.6755197725880642     
 LTM d(wg2)/d(wg2)  0.85393843486135790     
 B before wg2 wg2 ==>    14.121731205555017        1.1787631272937233     
 Q value wg2 wg2 ==>   2.93454751338267236E-005  2.44951299080545413E-006
 B after wg2 wg2 ==>   13.626549743559966        1.1787655768067142     
 LTM d(wg2)/d(wg2)  0.91326328167518822     
 B before wg2 wg2 ==>    13.486284825031840        1.1554791015514210     
 Q value wg2 wg2 ==>   3.01212029042410758E-005  2.58072708095562267E-006
 B after wg2 wg2 ==>   13.357387534164609        1.1554816822785019     
 LTM d(wg2)/d(wg2)  0.90886130162594492     
 B before wg2 wg2 ==>    12.668670727075639        1.0854274887033306     
 Q value wg2 wg2 ==>   3.01212029042410758E-005  2.58072708095562267E-006
 B after wg2 wg2 ==>   12.547589720355841        1.0854300694304115     
 LTM d(wg2)/d(wg2)  0.90927839699808788     
 B before wg2 wg2 ==>    12.584684093762425        1.0782316745215808     
 Q value wg2 wg2 ==>   3.01212029042410758E-005  2.58072708095562267E-006
 B after wg2 wg2 ==>   12.464405988303996        1.0782342552486617     
 LTM d(wg2)/d(wg2)  0.91237657065661604     
 B before wg2 wg2 ==>    12.784925848274881        1.0953880052382270     
 Q value wg2 wg2 ==>   3.01212029042410758E-005  2.58072708095562267E-006
 B after wg2 wg2 ==>   12.662733457757813        1.0953905859653079     
 LTM d(wg2)/d(wg2)  0.91168136561454749     
 B before wg2 wg2 ==>    19.238379152548237        1.6483075470296944     
 Q value wg2 wg2 ==>   3.01212029042410758E-005  2.58072708095562267E-006
 B after wg2 wg2 ==>   19.054492590068520        1.6483101277567753     
 LTM d(wg2)/d(wg2)  0.91963279594379010     
 B before wg2 wg2 ==>    88.064672132420398        7.5452127516333505     
 Q value wg2 wg2 ==>   3.01212029042410758E-005  2.58072708095562267E-006
 B after wg2 wg2 ==>   87.222815185024430        7.5452153323604314     
 LTM d(wg2)/d(wg2)  0.89412992940555380     
 B before wg2 wg2 ==>    49.010597700967963        4.1369884346997461     
 Q value wg2 wg2 ==>   2.96754184767961874E-005  2.50490442459868871E-006
 B after wg2 wg2 ==>   47.823684315491974        4.1369909396041704     
 LTM d(wg2)/d(wg2)  0.83914548432757829     
 B before wg2 wg2 ==>    43.827252671613714        3.6269302942299908     
 Q value wg2 wg2 ==>   2.90936028119118281E-005  2.40764508324205215E-006
 B after wg2 wg2 ==>   41.927402573572962        3.6269327018750741     
 LTM d(wg2)/d(wg2)  0.81773946923165852     
 B before wg2 wg2 ==>    62.927069188321425        5.2075382245908441     
 Q value wg2 wg2 ==>   2.90936028119118281E-005  2.40764508324205215E-006
 B after wg2 wg2 ==>   60.199256631675667        5.2075406322359274     
 LTM d(wg2)/d(wg2)  0.79828982494015377     
 B before wg2 wg2 ==>    63.276003511112918        5.2364143322381018     
 Q value wg2 wg2 ==>   2.90936028119118281E-005  2.40764508324205215E-006
 B after wg2 wg2 ==>   60.533064918071076        5.2364167398831851     
 LTM d(wg2)/d(wg2)  0.85315183064049782     
 B before wg2 wg2 ==>    159.63319930431265        13.210467260172608     
 Q value wg2 wg2 ==>   2.90936028119118281E-005  2.40764508324205215E-006
 B after wg2 wg2 ==>   152.71324986598685        13.210469667817691     
 LTM d(wg2)/d(wg2)  0.92039329229315514     
 B before wg2 wg2 ==>    107.32785158600886        9.1956451410444675     
 Q value wg2 wg2 ==>   3.01212029042410758E-005  2.58072708095562267E-006
 B after wg2 wg2 ==>   106.30184115524143        9.1956477217715484     
 LTM d(wg2)/d(wg2)  0.91334610406906636     
 B before wg2 wg2 ==>    57.041115868752762        4.8871737599062115     
 Q value wg2 wg2 ==>   3.01212029042410758E-005  2.58072708095562267E-006
 B after wg2 wg2 ==>   56.495840073304727        4.8871763406332924     
 LTM d(wg2)/d(wg2)  0.92549134806910116     
 B before wg2 wg2 ==>    58.687344325079721        5.0282194668850844     
 Q value wg2 wg2 ==>   3.01212029042410758E-005  2.58072708095562267E-006
 B after wg2 wg2 ==>   58.126330800281856        5.0282220476121653     
 LTM d(wg2)/d(wg2)  0.87903329778110662     
 B before wg2 wg2 ==>    12.077643914259697        1.0183035029977590     
 Q value wg2 wg2 ==>   2.96413214211402085E-005  2.49915146123760432E-006
 B after wg2 wg2 ==>   11.771634382166321        1.0183060021492203     
 LTM d(wg2)/d(wg2)  0.85846962649670566     
 B before wg2 wg2 ==>    14.007667187999763        1.1692420242442454     
 Q value wg2 wg2 ==>   2.93454751338267236E-005  2.44951299080545413E-006
 B after wg2 wg2 ==>   13.516485633384017        1.1692444737572363     
 LTM d(wg2)/d(wg2)  0.86570672487875977     
 B before wg2 wg2 ==>    14.528013127077324        1.2126761186547366     
 Q value wg2 wg2 ==>   2.93454751338267236E-005  2.44951299080545413E-006
 B after wg2 wg2 ==>   14.018584489760856        1.2126785681677275     
 LTM d(wg2)/d(wg2)  0.86891935932352371     
 B before wg2 wg2 ==>    56.505894989353621        4.7166359788791485     
 Q value wg2 wg2 ==>   2.93454751338267236E-005  2.44951299080545413E-006
 B after wg2 wg2 ==>   54.524418961218771        4.7166384283921392     
 LTM d(wg2)/d(wg2)  0.86083380857998970     
 B before wg2 wg2 ==>    91.964938835325867        7.6764581710960371     
 Q value wg2 wg2 ==>   2.93454751338267236E-005  2.44951299080545413E-006
 B after wg2 wg2 ==>   88.740012907893316        7.6764606206090278     
 LTM d(wg2)/d(wg2)  0.85560958434384871     
 B before wg2 wg2 ==>    55.853070975838740        4.6621437311127742     
 Q value wg2 wg2 ==>   2.93454751338267236E-005  2.44951299080545413E-006
 B after wg2 wg2 ==>   53.894487667467857        4.6621461806257649     
 LTM d(wg2)/d(wg2)  0.86179745013347042     
 B before wg2 wg2 ==>    58.399532423478817        4.8747008755493120     
 Q value wg2 wg2 ==>   2.93454751338267236E-005  2.44951299080545413E-006
 B after wg2 wg2 ==>   56.351651805107480        4.8747033250623026     
 LTM d(wg2)/d(wg2)  0.90430009915750820     
 B before wg2 wg2 ==>    22.985841403439377        1.9586303059808472     
 Q value wg2 wg2 ==>   2.99567440173566616E-005  2.55262296781207919E-006
 B after wg2 wg2 ==>   22.641828538493439        1.9586328586038151     
 LTM d(wg2)/d(wg2)  0.95550302058266923     
 B before wg2 wg2 ==>    68.766846711313789        6.0106224689798982     
 Q value wg2 wg2 ==>   3.07286077929626550E-005  2.68585909160881841E-006
 B after wg2 wg2 ==>   69.482927117862701        6.0106251548389897     
 LTM d(wg2)/d(wg2)  0.94380147287262850     
 B before wg2 wg2 ==>    156.23045700338832        13.655450847494928     
 Q value wg2 wg2 ==>   3.07286077929626550E-005  2.68585909160881841E-006
 B after wg2 wg2 ==>   157.85727077915155        13.655453533354020     
 LTM d(wg2)/d(wg2)  0.94579152435447122     
 B before wg2 wg2 ==>    207.33656998690859        18.122422443422909     
 Q value wg2 wg2 ==>   3.07286077929626550E-005  2.68585909160881841E-006
 B after wg2 wg2 ==>   209.49553698970533        18.122425129282000     
 LTM d(wg2)/d(wg2)  0.97675565421844179     
 B before wg2 wg2 ==>    155.63325419282518        13.603251847491658     
 Q value wg2 wg2 ==>   3.07286077929626550E-005  2.68585909160881841E-006
 B after wg2 wg2 ==>   157.25384946782046        13.603254533350750     
 LTM d(wg2)/d(wg2)  0.94370429313414961     
 B before wg2 wg2 ==>    157.02816523693107        13.599934549811859     
 Q value wg2 wg2 ==>   3.04482127964375285E-005  2.63706641776964904E-006
 B after wg2 wg2 ==>   157.21550088722634        13.599937186878277     
 LTM d(wg2)/d(wg2)  0.91362381115184754     
 B before wg2 wg2 ==>    96.592151083567231        8.2306456009849267     
 Q value wg2 wg2 ==>   2.99567440173566616E-005  2.55262296781207919E-006
 B after wg2 wg2 ==>   95.146430039726567        8.2306481536078948     
 LTM d(wg2)/d(wg2)  0.83594544378086788     
 B before wg2 wg2 ==>    36.770896175004737        3.0429805464281197     
 Q value wg2 wg2 ==>   2.90936028119118281E-005  2.40764508324205215E-006
 B after wg2 wg2 ==>   35.176933741833174        3.0429829540732030     
 LTM d(wg2)/d(wg2)  0.83874865815698496     
 B before wg2 wg2 ==>    37.253704084857063        3.0829353810981797     
 Q value wg2 wg2 ==>   2.90936028119118281E-005  2.40764508324205215E-006
 B after wg2 wg2 ==>   35.638812297535658        3.0829377887432630     
 LTM d(wg2)/d(wg2)  0.83776636189584286     
 B before wg2 wg2 ==>    7.6151241732010471       0.63019064336639929     
 Q value wg2 wg2 ==>   2.90936028119118281E-005  2.40764508324205215E-006
 B after wg2 wg2 ==>   7.2850421887250993       0.63019305101148249     
 LTM d(wg2)/d(wg2)  0.84552425787350460     
 B before wg2 wg2 ==>    14.402855206056701        1.1919102541439721     
 Q value wg2 wg2 ==>   2.90936028119118281E-005  2.40764508324205215E-006
 B after wg2 wg2 ==>   13.778530265403843        1.1919126617890554     
 LTM d(wg2)/d(wg2)  0.85360971655339823     
 B before wg2 wg2 ==>    14.075454017206638        1.1724825339815113     
 Q value wg2 wg2 ==>   2.92850866727977044E-005  2.43944192407686732E-006
 B after wg2 wg2 ==>   13.553945863614926        1.1724849734234353     
 LTM d(wg2)/d(wg2)  0.87155741171808143     
 B before wg2 wg2 ==>    54.708759128557169        4.6017657525777036     
 Q value wg2 wg2 ==>   2.95712843456931351E-005  2.48735532900646641E-006
 B after wg2 wg2 ==>   53.196517665245658        4.6017682399330324     
 LTM d(wg2)/d(wg2)  0.91156891857031597     
 B before wg2 wg2 ==>    13.386556731640493        1.1469345891637406     
 Q value wg2 wg2 ==>   3.01212029042410758E-005  2.58072708095562267E-006
 B after wg2 wg2 ==>   13.258612828340056        1.1469371698908215     
 LTM d(wg2)/d(wg2)  0.91865828801225513     
 B before wg2 wg2 ==>    8.6153119360410741       0.73814345645176382     
 Q value wg2 wg2 ==>   3.01212029042410758E-005  2.58072708095562267E-006
 B after wg2 wg2 ==>   8.5329805107453485       0.73814603717884475     
 LTM d(wg2)/d(wg2)  0.91091365354062970     
 B before wg2 wg2 ==>    19.915310478502622        1.7063057289214179     
 Q value wg2 wg2 ==>   3.01212029042410758E-005  2.58072708095562267E-006
 B after wg2 wg2 ==>   19.724952540828689        1.7063083096484988     
 LTM d(wg2)/d(wg2)  0.91049041084404980     
 B before wg2 wg2 ==>    20.015752569176094        1.7149114152312541     
 Q value wg2 wg2 ==>   3.01212029042410758E-005  2.58072708095562267E-006
 B after wg2 wg2 ==>   19.824434418214462        1.7149139959583350     
 LTM d(wg2)/d(wg2)  0.91276865289353004     
 B before wg2 wg2 ==>    48.973764594711724        4.1959785254168169     
 Q value wg2 wg2 ==>   3.01212029042410758E-005  2.58072708095562267E-006
 B after wg2 wg2 ==>   48.505611625341039        4.1959811061438979     
 LTM d(wg2)/d(wg2)  0.89166173198588272     
 B before wg2 wg2 ==>    49.151227583212624        4.1488590142011228     
 Q value wg2 wg2 ==>   2.96754184767961874E-005  2.50490442459868871E-006
 B after wg2 wg2 ==>   47.960908412668779        4.1488615191055471     
 LTM d(wg2)/d(wg2)  0.87391463323429608     
 B before wg2 wg2 ==>    95.554604759182240        7.9920649505378352     
 Q value wg2 wg2 ==>   2.94042379355188607E-005  2.45933285992848086E-006
 B after wg2 wg2 ==>   92.388432659791576        7.9920674098706952     
 LTM d(wg2)/d(wg2)  0.85007476986622266     
 B before wg2 wg2 ==>    44.285757327998809        3.6648739098325653     
 Q value wg2 wg2 ==>   2.90936028119118281E-005  2.40764508324205215E-006
 B after wg2 wg2 ==>   42.366031403284524        3.6648763174776486     
 LTM d(wg2)/d(wg2)  0.83912982587229079     
 B before wg2 wg2 ==>    41.395765433579122        3.4257122350069196     
 Q value wg2 wg2 ==>   2.90936028119118281E-005  2.40764508324205215E-006
 B after wg2 wg2 ==>   39.601318450270320        3.4257146426520029     
 LTM d(wg2)/d(wg2)  0.81949612463742894     
 B before wg2 wg2 ==>    38.859185826544930        3.2157972424014849     
 Q value wg2 wg2 ==>   2.90936028119118281E-005  2.40764508324205215E-006
 B after wg2 wg2 ==>   37.174697631900422        3.2157996500465682     
 LTM d(wg2)/d(wg2)  0.80902127461544371     
 B before wg2 wg2 ==>    32.677261777366880        2.7042112714853834     
 Q value wg2 wg2 ==>   2.90936028119118281E-005  2.40764508324205215E-006
 B after wg2 wg2 ==>   31.260755268839066        2.7042136791304667     
 LTM d(wg2)/d(wg2)  0.80080973048953752     
 B before wg2 wg2 ==>    93.587517459088005        7.7448478182615332     
 Q value wg2 wg2 ==>   2.90936028119118281E-005  2.40764508324205215E-006
 B after wg2 wg2 ==>   89.530597886676446        7.7448502259066165     
 LTM d(wg2)/d(wg2)  0.84987905353057247     
 B before wg2 wg2 ==>    115.11482882255173        9.5263434169586922     
 Q value wg2 wg2 ==>   2.90936028119118281E-005  2.40764508324205215E-006
 B after wg2 wg2 ==>   110.12471674391597        9.5263458246037747     
 LTM d(wg2)/d(wg2)  0.90771648353228873     
 B before wg2 wg2 ==>    127.97701763230043        10.861431121796560     
 Q value wg2 wg2 ==>   2.98371688089162803E-005  2.53228556097924718E-006
 B after wg2 wg2 ==>   125.55835433765382        10.861433654082122     
 LTM d(wg2)/d(wg2)  0.91086052175986998     
 B before wg2 wg2 ==>    51.216724653048729        4.3881510552608054     
 Q value wg2 wg2 ==>   3.01212029042410758E-005  2.58072708095562267E-006
 B after wg2 wg2 ==>   50.727129278035662        4.3881536359878863     
 LTM d(wg2)/d(wg2)  0.94668260016140515     
 B before wg2 wg2 ==>    97.015026660934652        8.3120620168942096     
 Q value wg2 wg2 ==>   3.01212029042410758E-005  2.58072708095562267E-006
 B after wg2 wg2 ==>   96.087605491505315        8.3120645976212906     
 LTM d(wg2)/d(wg2)  0.86229181906888486     
 B before wg2 wg2 ==>    40.979415439468561        3.4206162966120663     
 Q value wg2 wg2 ==>   2.93454751338267236E-005  2.44951299080545413E-006
 B after wg2 wg2 ==>   39.542409801359334        3.4206187461250570     
 LTM d(wg2)/d(wg2)  0.86413519556143958     
 B before wg2 wg2 ==>    14.791542336644646        1.2346733164969264     
 Q value wg2 wg2 ==>   2.93454751338267236E-005  2.44951299080545413E-006
 B after wg2 wg2 ==>   14.272872463988559        1.2346757660099172     
 LTM d(wg2)/d(wg2)  0.85698057862414101     
 B before wg2 wg2 ==>    22.793754384296683        1.9026305493075402     
 Q value wg2 wg2 ==>   2.93454751338267236E-005  2.44951299080545413E-006
 B after wg2 wg2 ==>   21.994469224662346        1.9026329988205311     
 LTM d(wg2)/d(wg2)  0.86425547028521976     
 B before wg2 wg2 ==>    23.063355757019316        1.9251346001641521     
 Q value wg2 wg2 ==>   2.93454751338267236E-005  2.44951299080545413E-006
 B after wg2 wg2 ==>   22.254616428197039        1.9251370496771429     
 LTM d(wg2)/d(wg2)  0.86092363014544482     
 B before wg2 wg2 ==>    47.110036110426883        3.9323488518605116     
 Q value wg2 wg2 ==>   2.93454751338267236E-005  2.44951299080545413E-006
 B after wg2 wg2 ==>   45.458046681749337        3.9323513013735023     
 LTM d(wg2)/d(wg2)  0.85525208128699570     
 B before wg2 wg2 ==>    46.654722657973551        3.8943431214510791     
 Q value wg2 wg2 ==>   2.93454751338267236E-005  2.44951299080545413E-006
 B after wg2 wg2 ==>   45.018699803833691        3.8943455709640697     
 LTM d(wg2)/d(wg2)  0.85668354389786416     
 B before wg2 wg2 ==>    46.869550829722392        3.9122751670250557     
 Q value wg2 wg2 ==>   2.93454751338267236E-005  2.44951299080545413E-006
 B after wg2 wg2 ==>   45.225994549986297        3.9122776165380464     
 LTM d(wg2)/d(wg2)  0.86281097959286202     
 B before wg2 wg2 ==>    48.137857422090711        4.0181427142418746     
 Q value wg2 wg2 ==>   2.93454751338267236E-005  2.44951299080545413E-006
 B after wg2 wg2 ==>   46.449825162928619        4.0181451637548653     
 LTM d(wg2)/d(wg2)  0.86418468601322140     
 B before wg2 wg2 ==>    48.266679333993665        4.0288956819572599     
 Q value wg2 wg2 ==>   2.93454751338267236E-005  2.44951299080545413E-006
 B after wg2 wg2 ==>   46.574129649204444        4.0288981314702506     
 LTM d(wg2)/d(wg2)  0.86533098206166259     
 B before wg2 wg2 ==>    47.901193739144880        3.9983880241854362     
 Q value wg2 wg2 ==>   2.93454751338267236E-005  2.44951299080545413E-006
 B after wg2 wg2 ==>   46.221460616135602        3.9983904736984268     
 LTM d(wg2)/d(wg2)  0.86550178001588796     
 B before wg2 wg2 ==>    90.905037963731459        7.5879865773632167     
 Q value wg2 wg2 ==>   2.93454751338267236E-005  2.44951299080545413E-006
 B after wg2 wg2 ==>   87.717279807595133        7.5879890268762074     
 LTM d(wg2)/d(wg2)  0.87137959794287823     
 B before wg2 wg2 ==>    148.51852429723644        12.397074948770680     
 Q value wg2 wg2 ==>   2.93454751338267236E-005  2.44951299080545413E-006
 B after wg2 wg2 ==>   143.31042165322347        12.397077398283670     
 LTM d(wg2)/d(wg2)  0.83117871660244191     
 B before wg2 wg2 ==>    7.4784847205589502       0.62424088862112925     
 Q value wg2 wg2 ==>   2.93454751338267236E-005  2.44951299080545413E-006
 B after wg2 wg2 ==>   7.2162634085515984       0.62424333813412003     
 LTM d(wg2)/d(wg2)  0.89979000082910876     
 B before wg2 wg2 ==>    44.889124010938232        3.8250154585857570     
 Q value wg2 wg2 ==>   2.99567440173566616E-005  2.55262296781207919E-006
 B after wg2 wg2 ==>   44.217272055862779        3.8250180112087246     
 LTM d(wg2)/d(wg2)  0.86871992142264409     
 B before wg2 wg2 ==>    78.967543622600516        6.5349698821354973     
 Q value wg2 wg2 ==>   2.90936028119118281E-005  2.40764508324205215E-006
 B after wg2 wg2 ==>   75.544388750065025        6.5349722897805806     
 LTM d(wg2)/d(wg2)  0.83663631288348328     
 B before wg2 wg2 ==>    13.903321376462278        1.1505712636960905     
 Q value wg2 wg2 ==>   2.90936028119118281E-005  2.40764508324205215E-006
 B after wg2 wg2 ==>   13.300650845805746        1.1505736713411738     
 LTM d(wg2)/d(wg2)  0.83711247316047155     
 B before wg2 wg2 ==>    13.795211690934464        1.1416246318714023     
 Q value wg2 wg2 ==>   2.90936028119118281E-005  2.40764508324205215E-006
 B after wg2 wg2 ==>   13.197227632577301        1.1416270395164856     
 LTM d(wg2)/d(wg2)  0.86316094137900023     
 B before wg2 wg2 ==>    4.0627009892866726       0.34046000526391407     
 Q value wg2 wg2 ==>   2.94614274878276054E-005  2.46890868514282399E-006
 B after wg2 wg2 ==>   3.9357518843538037       0.34046247417259923     
 LTM d(wg2)/d(wg2)  0.88556807573678953     
 B before wg2 wg2 ==>    20.722705287070312        1.7550260616849178     
 Q value wg2 wg2 ==>   2.97741699871625668E-005  2.52160340885177527E-006
 B after wg2 wg2 ==>   20.288159717332302        1.7550285832883266     
 LTM d(wg2)/d(wg2)  0.88731806869851781     
 B before wg2 wg2 ==>    22.103925258480920        1.8720029241729343     
 Q value wg2 wg2 ==>   2.97741699871625668E-005  2.52160340885177527E-006
 B after wg2 wg2 ==>   21.640414200243711        1.8720054457763431     
 LTM d(wg2)/d(wg2)  0.90932105663874951     
 B before wg2 wg2 ==>    48.828593085103257        4.1835405080036070     
 Q value wg2 wg2 ==>   3.01212029042410758E-005  2.58072708095562267E-006
 B after wg2 wg2 ==>   48.361827936431908        4.1835430887306879     
 LTM d(wg2)/d(wg2)  0.93834069296715172     
 B before wg2 wg2 ==>    46.560074790816110        3.9891781973640876     
 Q value wg2 wg2 ==>   3.01212029042410758E-005  2.58072708095562267E-006
 B after wg2 wg2 ==>   46.114996381189655        3.9891807780911686     
 LTM d(wg2)/d(wg2)  0.93009386753490986     
 B before wg2 wg2 ==>    49.689009468714318        4.2572593388598046     
 Q value wg2 wg2 ==>   3.01212029042410758E-005  2.58072708095562267E-006
 B after wg2 wg2 ==>   49.214018851626726        4.2572619195868855     
 LTM d(wg2)/d(wg2)  0.88786514144932915     
 B before wg2 wg2 ==>    47.385310903944223        4.0215993472112785     
 Q value wg2 wg2 ==>   2.98371688089162803E-005  2.53228556097924718E-006
 B after wg2 wg2 ==>   46.489784854604508        4.0216018794968393     
 LTM d(wg2)/d(wg2)  0.88541024701371185     
 B before wg2 wg2 ==>    48.294802645607362        4.0765681173694066     
 Q value wg2 wg2 ==>   2.96754184767961874E-005  2.50490442459868871E-006
 B after wg2 wg2 ==>   47.125224438631705        4.0765706222738309     
 LTM d(wg2)/d(wg2)  0.85352914605014174     
 B before wg2 wg2 ==>    47.656208014739796        3.9437960177854263     
 Q value wg2 wg2 ==>   2.90936028119118281E-005  2.40764508324205215E-006
 B after wg2 wg2 ==>   45.590375626921009        3.9437984254305096     
 LTM d(wg2)/d(wg2)  0.84449161367602277     
 B before wg2 wg2 ==>    38.412259505881487        3.1788117935564815     
 Q value wg2 wg2 ==>   2.90936028119118281E-005  2.40764508324205215E-006
 B after wg2 wg2 ==>   36.747145225899878        3.1788142012015648     
 LTM d(wg2)/d(wg2)  0.84677511175643871     
 B before wg2 wg2 ==>    38.029187912205714        3.1471106513842391     
 Q value wg2 wg2 ==>   2.90936028119118281E-005  2.40764508324205215E-006
 B after wg2 wg2 ==>   36.380679493240834        3.1471130590293224     
 LTM d(wg2)/d(wg2)  0.87672745392138729     
 B before wg2 wg2 ==>    6.7274564307583073       0.55673157783018445     
 Q value wg2 wg2 ==>   2.90936028119118281E-005  2.40764508324205215E-006
 B after wg2 wg2 ==>   6.4358541649652237       0.55673398547526765     
 LTM d(wg2)/d(wg2)  0.86171785977633419     
 B before wg2 wg2 ==>    5.7128496933859969       0.47276765839224744     
 Q value wg2 wg2 ==>   2.90936028119118281E-005  2.40764508324205215E-006
 B after wg2 wg2 ==>   5.4652298547569211       0.47277006603733068     
 LTM d(wg2)/d(wg2)  0.84925815737443844     
 B before wg2 wg2 ==>    10.217957529382879       0.84558847405183835     
 Q value wg2 wg2 ==>   2.90936028119118281E-005  2.40764508324205215E-006
 B after wg2 wg2 ==>   9.7750447068180790       0.84559088169692154     
 LTM d(wg2)/d(wg2)  0.83044076201270167     
 B before wg2 wg2 ==>    8.3969131405249264       0.69488769637420200     
 Q value wg2 wg2 ==>   2.90936028119118281E-005  2.40764508324205215E-006
 B after wg2 wg2 ==>   8.0329412014031032       0.69489010401928519     
 LTM d(wg2)/d(wg2)  0.84621504000988601     
 B before wg2 wg2 ==>    60.733134570595084        5.0259788649792991     
 Q value wg2 wg2 ==>   2.90936028119118281E-005  2.40764508324205215E-006
 B after wg2 wg2 ==>   58.100427404020600        5.0259812726243824     
 LTM d(wg2)/d(wg2)  0.91796986701916239     
 B before wg2 wg2 ==>    14.301764480410911        1.2253478394400001     
 Q value wg2 wg2 ==>   3.01212029042410758E-005  2.58072708095562267E-006
 B after wg2 wg2 ==>   14.165071310388921        1.2253504201670811     
 LTM d(wg2)/d(wg2)  0.91360753858568178     
 B before wg2 wg2 ==>    20.767783757297767        1.7793440097421318     
 Q value wg2 wg2 ==>   3.01212029042410758E-005  2.58072708095562267E-006
 B after wg2 wg2 ==>   20.569276286253732        1.7793465904692127     
 LTM d(wg2)/d(wg2)  0.92047740378194698     
 B before wg2 wg2 ==>    18.626346700750322        1.5958697766059855     
 Q value wg2 wg2 ==>   3.01212029042410758E-005  2.58072708095562267E-006
 B after wg2 wg2 ==>   18.448311088691668        1.5958723573330664     
 LTM d(wg2)/d(wg2)  0.95018621465414554     
 B before wg2 wg2 ==>    51.569993804605659        4.4184184808077722     
 Q value wg2 wg2 ==>   3.01212029042410758E-005  2.58072708095562267E-006
 B after wg2 wg2 ==>   51.077021222575254        4.4184210615348531     
 LTM d(wg2)/d(wg2)  0.88632420203497098     
 B before wg2 wg2 ==>    47.516047421681186        4.0062248797530806     
 Q value wg2 wg2 ==>   2.96413214211402085E-005  2.49915146123760432E-006
 B after wg2 wg2 ==>   46.312055371130043        4.0062273789045415     
 LTM d(wg2)/d(wg2)  0.86648250392902904     
 B before wg2 wg2 ==>    47.237720245653357        3.9430068475661759     
 Q value wg2 wg2 ==>   2.93454751338267236E-005  2.44951299080545413E-006
 B after wg2 wg2 ==>   45.581253290007538        3.9430092970791666     
 LTM d(wg2)/d(wg2)  0.86510441896604373     
 B before wg2 wg2 ==>    62.266541231475244        5.1974861863186579     
 Q value wg2 wg2 ==>   2.93454751338267236E-005  2.44951299080545413E-006
 B after wg2 wg2 ==>   60.083055385456667        5.1974886358316486     
 LTM d(wg2)/d(wg2)  0.85706918623630801     
 B before wg2 wg2 ==>    47.010894721633846        3.9240733641177656     
 Q value wg2 wg2 ==>   2.93454751338267236E-005  2.44951299080545413E-006
 B after wg2 wg2 ==>   45.362381905310720        3.9240758136307563     
 LTM d(wg2)/d(wg2)  0.85717825715813900     
 B before wg2 wg2 ==>    47.016860904921458        3.9245713708258485     
 Q value wg2 wg2 ==>   2.93454751338267236E-005  2.44951299080545413E-006
 B after wg2 wg2 ==>   45.368138871168767        3.9245738203388392     
 LTM d(wg2)/d(wg2)  0.85580145849187772     
 B before wg2 wg2 ==>    39.047729637741575        3.2593754428209323     
 Q value wg2 wg2 ==>   2.93454751338267236E-005  2.44951299080545413E-006
 B after wg2 wg2 ==>   37.678462840139886        3.2593778923339229     
 LTM d(wg2)/d(wg2)  0.85763362391879394     
 B before wg2 wg2 ==>    39.230351779297109        3.2746192003715930     
 Q value wg2 wg2 ==>   2.93454751338267236E-005  2.44951299080545413E-006
 B after wg2 wg2 ==>   37.854680931870696        3.2746216498845837     
 LTM d(wg2)/d(wg2)  0.86299359143397147     
 B before wg2 wg2 ==>    16.879318503873968        1.4089432787381329     
 Q value wg2 wg2 ==>   2.93454751338267236E-005  2.44951299080545413E-006
 B after wg2 wg2 ==>   16.287436136369625        1.4089457282511237     
 LTM d(wg2)/d(wg2)  0.86817504116728716     
 B before wg2 wg2 ==>    53.741000104042428        4.4858458516484445     
 Q value wg2 wg2 ==>   2.93454751338267236E-005  2.44951299080545413E-006
 B after wg2 wg2 ==>   51.856481238137974        4.4858483011614352     
 LTM d(wg2)/d(wg2)  0.87030322732031218     
 B before wg2 wg2 ==>    56.797045546910987        4.7409387741061693     
 Q value wg2 wg2 ==>   2.93454751338267236E-005  2.44951299080545413E-006
 B after wg2 wg2 ==>   54.805359679699599        4.7409412236191599     
 LTM d(wg2)/d(wg2)  0.86871518385634583     
 B before wg2 wg2 ==>    158.50798896111016        13.230911284824572     
 Q value wg2 wg2 ==>   2.93454751338267236E-005  2.44951299080545413E-006
 B after wg2 wg2 ==>   152.94958361620405        13.230913734337562     
 LTM d(wg2)/d(wg2)  0.86299221328464293     
 B before wg2 wg2 ==>    108.00732038250852        9.0155410049597435     
 Q value wg2 wg2 ==>   2.93454751338267236E-005  2.44951299080545413E-006
 B after wg2 wg2 ==>   104.21983281900960        9.0155434544727342     
 LTM d(wg2)/d(wg2)  0.85816229946874778     
 B before wg2 wg2 ==>    98.883579429507037        8.2539679894538764     
 Q value wg2 wg2 ==>   2.93454751338267236E-005  2.44951299080545413E-006
 B after wg2 wg2 ==>   95.416036047766326        8.2539704389668671     
 LTM d(wg2)/d(wg2)  0.88596197043955571     
 B before wg2 wg2 ==>    17.604018501832599        1.4909014452073777     
 Q value wg2 wg2 ==>   2.97741699871625668E-005  2.52160340885177527E-006
 B after wg2 wg2 ==>   17.234874742146729        1.4909039668107864     
 LTM d(wg2)/d(wg2)  0.87282480161140230     
 B before wg2 wg2 ==>    58.251060881950522        4.8205745171113614     
 Q value wg2 wg2 ==>   2.90936028119118281E-005  2.40764508324205215E-006
 B after wg2 wg2 ==>   55.725949714106775        4.8205769247564447     
 LTM d(wg2)/d(wg2)  0.85923190845705544     
 B before wg2 wg2 ==>    46.572521298135385        3.8541153752099708     
 Q value wg2 wg2 ==>   2.90936028119118281E-005  2.40764508324205215E-006
 B after wg2 wg2 ==>   44.553665901820814        3.8541177828550541     
 LTM d(wg2)/d(wg2)  0.84335321026699195     
 B before wg2 wg2 ==>    44.900144918683480        3.7157176390014821     
 Q value wg2 wg2 ==>   2.90936028119118281E-005  2.40764508324205215E-006
 B after wg2 wg2 ==>   42.953785761148623        3.7157200466465654     
 LTM d(wg2)/d(wg2)  0.87227085286277017     
 B before wg2 wg2 ==>    46.460451934210255        3.9079686683760073     
 Q value wg2 wg2 ==>   2.95712843456931351E-005  2.48735532900646641E-006
 B after wg2 wg2 ==>   45.176211791178311        3.9079711557313361     
 LTM d(wg2)/d(wg2)  0.88556963635607211     
 B before wg2 wg2 ==>    47.477247134995707        4.0208942271143515     
 Q value wg2 wg2 ==>   2.97741699871625668E-005  2.52160340885177527E-006
 B after wg2 wg2 ==>   46.481633531028486        4.0208967487177603     
 LTM d(wg2)/d(wg2)  0.88659385064914598     
 B before wg2 wg2 ==>    48.122017458218082        4.0755004527678294     
 Q value wg2 wg2 ==>   2.97741699871625668E-005  2.52160340885177527E-006
 B after wg2 wg2 ==>   47.112882411056802        4.0755029743712381     
 LTM d(wg2)/d(wg2)  0.90042357820705976     
 B before wg2 wg2 ==>    48.184484349991941        4.1058140822216158     
 Q value wg2 wg2 ==>   2.99567440173566616E-005  2.55262296781207919E-006
 B after wg2 wg2 ==>   47.463308832117086        4.1058166348445839     
 LTM d(wg2)/d(wg2)  0.93738789651902321     
 B before wg2 wg2 ==>    41.635769178049522        3.5672731064495684     
 Q value wg2 wg2 ==>   3.01212029042410758E-005  2.58072708095562267E-006
 B after wg2 wg2 ==>   41.237766487878488        3.5672756871766493     
 LTM d(wg2)/d(wg2)  0.91442737222575532     
 B before wg2 wg2 ==>    40.235429148134003        3.4147876738618734     
 Q value wg2 wg2 ==>   2.98371688089162803E-005  2.53228556097924718E-006
 B after wg2 wg2 ==>   39.475031781929417        3.4147902061474342     
 LTM d(wg2)/d(wg2)  0.84866209901610301     
 B before wg2 wg2 ==>    15.152535732089731        1.2539501686975156     
 Q value wg2 wg2 ==>   2.90936028119118281E-005  2.40764508324205215E-006
 B after wg2 wg2 ==>   14.495712713198287        1.2539525763425989     
 LTM d(wg2)/d(wg2)  0.85012355811902984     
 B before wg2 wg2 ==>    15.908764995004779        1.3165320248681687     
 Q value wg2 wg2 ==>   2.90936028119118281E-005  2.40764508324205215E-006
 B after wg2 wg2 ==>   15.219160015132481        1.3165344325132520     
 LTM d(wg2)/d(wg2)  0.85106466108150303     
 B before wg2 wg2 ==>    16.088390305307922        1.3313969420107139     
 Q value wg2 wg2 ==>   2.90936028119118281E-005  2.40764508324205215E-006
 B after wg2 wg2 ==>   15.390998705421961        1.3313993496557972     
 LTM d(wg2)/d(wg2)  0.84547738753408308     
 B before wg2 wg2 ==>    15.416908110180852        1.2758283410356450     
 Q value wg2 wg2 ==>   2.90936028119118281E-005  2.40764508324205215E-006
 B after wg2 wg2 ==>   14.748624750612308        1.2758307486807283     
 LTM d(wg2)/d(wg2)  0.85639436648442535     
 B before wg2 wg2 ==>    15.468036233432109        1.2800594558740892     
 Q value wg2 wg2 ==>   2.90936028119118281E-005  2.40764508324205215E-006
 B after wg2 wg2 ==>   14.797536508769484        1.2800618635191725     
 LTM d(wg2)/d(wg2)  0.85073879465781510     
 B before wg2 wg2 ==>    15.132005785539020        1.2522512101604242     
 Q value wg2 wg2 ==>   2.90936028119118281E-005  2.40764508324205215E-006
 B after wg2 wg2 ==>   14.476072724150900        1.2522536178055075     
 LTM d(wg2)/d(wg2)  0.84767783981481215     
 B before wg2 wg2 ==>    58.881536391113031        4.8727496041761418     
 Q value wg2 wg2 ==>   2.90936028119118281E-005  2.40764508324205215E-006
 B after wg2 wg2 ==>   56.329094591469762        4.8727520118212251     
 LTM d(wg2)/d(wg2)  0.85361542596167872     
 B before wg2 wg2 ==>    13.042736449481058        1.0793534402606850     
 Q value wg2 wg2 ==>   2.90936028119118281E-005  2.40764508324205215E-006
 B after wg2 wg2 ==>   12.477371618141506        1.0793558479057683     
 LTM d(wg2)/d(wg2)  0.87768993202687440     
 B before wg2 wg2 ==>    43.134070183086074        3.5695658825040648     
 Q value wg2 wg2 ==>   2.90936028119118281E-005  2.40764508324205215E-006
 B after wg2 wg2 ==>   41.264269016508152        3.5695682901491481     
 LTM d(wg2)/d(wg2)  0.90782176483045340     
 B before wg2 wg2 ==>    49.203422145806904        4.1759027556716379     
 Q value wg2 wg2 ==>   2.98371688089162803E-005  2.53228556097924718E-006
 B after wg2 wg2 ==>   48.273534832002021        4.1759052879571987     
 LTM d(wg2)/d(wg2)  0.91660734070523997     
 B before wg2 wg2 ==>    50.485068061342197        4.3254641172198660     
 Q value wg2 wg2 ==>   3.01212029042410758E-005  2.58072708095562267E-006
 B after wg2 wg2 ==>   50.002467227926957        4.3254666979469469     
 LTM d(wg2)/d(wg2)  0.87294297685819511     
 B before wg2 wg2 ==>    46.956007097728403        3.9399576971169017     
 Q value wg2 wg2 ==>   2.94987045003592283E-005  2.47516036892306162E-006
 B after wg2 wg2 ==>   45.546005356402361        3.9399601722772708     
 LTM d(wg2)/d(wg2)  0.91624635125453369     
 B before wg2 wg2 ==>    48.705176143160450        4.1729663803589343     
 Q value wg2 wg2 ==>   3.01212029042410758E-005  2.58072708095562267E-006
 B after wg2 wg2 ==>   48.239590844358673        4.1729689610860152     
 LTM d(wg2)/d(wg2)  0.91315330966084096     
 B before wg2 wg2 ==>    48.169218312531157        4.1270465380421291     
 Q value wg2 wg2 ==>   3.01212029042410758E-005  2.58072708095562267E-006
 B after wg2 wg2 ==>   47.708756700693328        4.1270491187692100     
 LTM d(wg2)/d(wg2)  0.88602498344625269     
 B before wg2 wg2 ==>    62.845176945656540        5.2986711882371864     
 Q value wg2 wg2 ==>   2.96413214211402085E-005  2.49915146123760432E-006
 B after wg2 wg2 ==>   61.252756270412362        5.2986736873886473     
 LTM d(wg2)/d(wg2)  0.86859498817724934     
 B before wg2 wg2 ==>    63.341060456058074        5.2871779969805290     
 Q value wg2 wg2 ==>   2.93454751338267236E-005  2.44951299080545413E-006
 B after wg2 wg2 ==>   61.119894213822249        5.2871804464935197     
 LTM d(wg2)/d(wg2)  0.86697889779380999     
 B before wg2 wg2 ==>    21.313133575763160        1.7790408003455580     
 Q value wg2 wg2 ==>   2.93454751338267236E-005  2.44951299080545413E-006
 B after wg2 wg2 ==>   20.565769663731171        1.7790432498585489     
 LTM d(wg2)/d(wg2)  0.86502941054045268     
 B before wg2 wg2 ==>    7.8878429503189933       0.65841066427197559     
 Q value wg2 wg2 ==>   2.93454751338267236E-005  2.44951299080545413E-006
 B after wg2 wg2 ==>   7.6112665854291413       0.65841311378496636     
 LTM d(wg2)/d(wg2)  0.88504173005015030     
 B before wg2 wg2 ==>    3.6286544671347696       0.30288949883606081     
 Q value wg2 wg2 ==>   2.93454751338267236E-005  2.44951299080545413E-006
 B after wg2 wg2 ==>   3.5014359787153220       0.30289194834905164     
 LTM d(wg2)/d(wg2)  0.85600956682331242     
 B before wg2 wg2 ==>    14.819412400218566        1.2369996745629506     
 Q value wg2 wg2 ==>   2.93454751338267236E-005  2.44951299080545413E-006
 B after wg2 wg2 ==>   14.299765202062813        1.2370021240759415     
 LTM d(wg2)/d(wg2)  0.86494963298271887     
 B before wg2 wg2 ==>    15.506153999517093        1.2943230765912650     
 Q value wg2 wg2 ==>   2.93454751338267236E-005  2.44951299080545413E-006
 B after wg2 wg2 ==>   14.962424686338707        1.2943255261042559     
 LTM d(wg2)/d(wg2)  0.86356468452181601     
 B before wg2 wg2 ==>    42.292449842835225        3.5302173446016996     
 Q value wg2 wg2 ==>   2.93454751338267236E-005  2.44951299080545413E-006
 B after wg2 wg2 ==>   40.809399745554096        3.5302197941146902     
 LTM d(wg2)/d(wg2)  0.87129052916486471     
 B before wg2 wg2 ==>    100.29161388819519        8.3714988415641098     
 Q value wg2 wg2 ==>   2.93454751338267236E-005  2.44951299080545413E-006
 B after wg2 wg2 ==>   96.774694659957618        8.3715012910771005     
 LTM d(wg2)/d(wg2)  0.87109891525445826     
 B before wg2 wg2 ==>    100.25963966132247        8.3688299025287556     
 Q value wg2 wg2 ==>   2.93454751338267236E-005  2.44951299080545413E-006
 B after wg2 wg2 ==>   96.743841680159633        8.3688323520417462     
 LTM d(wg2)/d(wg2)  0.86836464234645416     
 B before wg2 wg2 ==>    160.00138633800083        13.355567514053989     
 Q value wg2 wg2 ==>   2.93454751338267236E-005  2.44951299080545413E-006
 B after wg2 wg2 ==>   154.39061170682822        13.355569963566980     
 LTM d(wg2)/d(wg2)  0.86372420755380919     
 B before wg2 wg2 ==>    161.23957206158801        13.458920824952015     
 Q value wg2 wg2 ==>   2.93454751338267236E-005  2.44951299080545413E-006
 B after wg2 wg2 ==>   155.58537770595825        13.458923274465006     
 LTM d(wg2)/d(wg2)  0.85110195041806835     
 B before wg2 wg2 ==>    62.726909769011577        5.2359138726352263     
 Q value wg2 wg2 ==>   2.93454751338267236E-005  2.44951299080545413E-006
 B after wg2 wg2 ==>   60.527280080701992        5.2359163221482170     
 LTM d(wg2)/d(wg2)  0.83234945621737799     
 B before wg2 wg2 ==>    119.58068846182481        9.9815882517116012     
 Q value wg2 wg2 ==>   2.93454751338267236E-005  2.44951299080545413E-006
 B after wg2 wg2 ==>   115.38735511649170        9.9815907012245919     
 LTM d(wg2)/d(wg2)  0.90052529960639316     
 B before wg2 wg2 ==>    59.158360206753564        5.0409012713252839     
 Q value wg2 wg2 ==>   2.99567440173566616E-005  2.55262296781207919E-006
 B after wg2 wg2 ==>   58.272932346408211        5.0409038239482520     
 LTM d(wg2)/d(wg2)  0.90229010951173005     
 B before wg2 wg2 ==>    47.923252980972613        4.0835544804409487     
 Q value wg2 wg2 ==>   2.99567440173566616E-005  2.55262296781207919E-006
 B after wg2 wg2 ==>   47.205987463980598        4.0835570330639168     
 LTM d(wg2)/d(wg2)  0.85055658240500176     
 B before wg2 wg2 ==>    92.317380219791900        7.6397374371580336     
 Q value wg2 wg2 ==>   2.90936028119118281E-005  2.40764508324205215E-006
 B after wg2 wg2 ==>   88.315520126642539        7.6397398448031169     
 LTM d(wg2)/d(wg2)  0.84891310643094120     
 B before wg2 wg2 ==>    37.947332658949769        3.1403367086961058     
 Q value wg2 wg2 ==>   2.90936028119118281E-005  2.40764508324205215E-006
 B after wg2 wg2 ==>   36.302372602696977        3.1403391163411891     
 LTM d(wg2)/d(wg2)  0.86744650565538040     
 B before wg2 wg2 ==>    13.364853486834443        1.1199933493697789     
 Q value wg2 wg2 ==>   2.94614274878276054E-005  2.46890868514282399E-006
 B after wg2 wg2 ==>   12.947170354002576        1.1199958182784640     
 LTM d(wg2)/d(wg2)  0.88539435726115190     
 B before wg2 wg2 ==>    13.230274048564572        1.1204847743963224     
 Q value wg2 wg2 ==>   2.97741699871625668E-005  2.52160340885177527E-006
 B after wg2 wg2 ==>   12.952851844664055        1.1204872959997312     
 LTM d(wg2)/d(wg2)  0.88403059866852440     
 B before wg2 wg2 ==>    13.397914109800062        1.1346823741968808     
 Q value wg2 wg2 ==>   2.97741699871625668E-005  2.52160340885177527E-006
 B after wg2 wg2 ==>   13.116976335341464        1.1346848958002895     
 LTM d(wg2)/d(wg2)  0.90129250695419594     
 B before wg2 wg2 ==>    12.880214895310520        1.0975268992209395     
 Q value wg2 wg2 ==>   2.99567440173566616E-005  2.55262296781207919E-006
 B after wg2 wg2 ==>   12.687458783015863        1.0975294518439074     
 LTM d(wg2)/d(wg2)  0.92221094827450256     
 B before wg2 wg2 ==>    2.8956803032387572       0.24638046639296385     
 Q value wg2 wg2 ==>   2.99128783724487075E-005  2.54515283207085452E-006
 B after wg2 wg2 ==>   2.8481917260359668       0.24638301154579592     
 LTM d(wg2)/d(wg2)  0.84018805035973232     
 B before wg2 wg2 ==>    4.8743353883333214       0.40337629229572458     
 Q value wg2 wg2 ==>   2.90936028119118281E-005  2.40764508324205215E-006
 B after wg2 wg2 ==>   4.6630645044169556       0.40337869994080783     
 LTM d(wg2)/d(wg2)  0.85884637841002320     
 B before wg2 wg2 ==>    22.844167405547452        1.9068386035270191     
 Q value wg2 wg2 ==>   2.93454751338267236E-005  2.44951299080545413E-006
 B after wg2 wg2 ==>   22.043114401679365        1.9068410530400099     
 LTM d(wg2)/d(wg2)  0.87598477609267034     
 B before wg2 wg2 ==>    21.968646949426546        1.8511649590092856     
 Q value wg2 wg2 ==>   2.96240447761708892E-005  2.49623901553942117E-006
 B after wg2 wg2 ==>   21.399526681916768        1.8511674552483011     
 LTM d(wg2)/d(wg2)  0.88795515655952473     
 B before wg2 wg2 ==>    65.532885812956479        5.5500438241970649     
 Q value wg2 wg2 ==>   2.97741699871625668E-005  2.52160340885177527E-006
 B after wg2 wg2 ==>   64.158628397505638        5.5500463458004736     
 LTM d(wg2)/d(wg2)  0.87137414131738655     
 B before wg2 wg2 ==>    47.294107744156250        3.9633121447991906     
 Q value wg2 wg2 ==>   2.94614274878276054E-005  2.46890868514282399E-006
 B after wg2 wg2 ==>   45.815983089166927        3.9633146137078756     
 LTM d(wg2)/d(wg2)  0.84269724358158160     
 B before wg2 wg2 ==>    45.731989773527935        3.7845570738330609     
 Q value wg2 wg2 ==>   2.90936028119118281E-005  2.40764508324205215E-006
 B after wg2 wg2 ==>   43.749570776853126        3.7845594814781442     
 LTM d(wg2)/d(wg2)  0.85046802791968290     
 B before wg2 wg2 ==>    46.365785783507540        3.8370069493974945     
 Q value wg2 wg2 ==>   2.90936028119118281E-005  2.40764508324205215E-006
 B after wg2 wg2 ==>   44.355892213858816        3.8370093570425778     
 LTM d(wg2)/d(wg2)  0.85180408766154592     
 B before wg2 wg2 ==>    46.570730972292850        3.8539672165497989     
 Q value wg2 wg2 ==>   2.90936028119118281E-005  2.40764508324205215E-006
 B after wg2 wg2 ==>   44.551953185236194        3.8539696241948822     
 LTM d(wg2)/d(wg2)  0.86348230954792371     
 B before wg2 wg2 ==>    47.833101150881234        3.9584348334812196     
 Q value wg2 wg2 ==>   2.90936028119118281E-005  2.40764508324205215E-006
 B after wg2 wg2 ==>   45.759600580712004        3.9584372411263029     
 LTM d(wg2)/d(wg2)  0.86687293384161868     
 B before wg2 wg2 ==>    39.839526868214712        3.3321270820166600     
 Q value wg2 wg2 ==>   2.94042379355188607E-005  2.45933285992848086E-006
 B after wg2 wg2 ==>   38.519473117113392        3.3321295413495200     
 LTM d(wg2)/d(wg2)  0.91185955043799205     
 B before wg2 wg2 ==>    42.012696026641997        3.5995674782511973     
 Q value wg2 wg2 ==>   3.01212029042410758E-005  2.58072708095562267E-006
 B after wg2 wg2 ==>   41.611089964955283        3.5995700589782782     
 LTM d(wg2)/d(wg2)  0.84980092227174531     
 B before wg2 wg2 ==>    15.732606281088684        1.3019539863841663     
 Q value wg2 wg2 ==>   2.90936028119118281E-005  2.40764508324205215E-006
 B after wg2 wg2 ==>   15.050637646924265        1.3019563940292496     
 LTM d(wg2)/d(wg2)  0.87391077273553042     
 B before wg2 wg2 ==>    14.260187369084345        1.1965356183335090     
 Q value wg2 wg2 ==>   2.94987045003592283E-005  2.47516036892306162E-006
 B after wg2 wg2 ==>   13.832000333118195        1.1965380934938779     
 LTM d(wg2)/d(wg2)  0.91892586464488335     
 B before wg2 wg2 ==>    13.056189344643299        1.1186293430220549     
 Q value wg2 wg2 ==>   3.01212029042410758E-005  2.58072708095562267E-006
 B after wg2 wg2 ==>   12.931403710477740        1.1186319237491358     
 LTM d(wg2)/d(wg2)  0.91173464474223576     
 B before wg2 wg2 ==>    12.175220551294409        1.0431496209903639     
 Q value wg2 wg2 ==>   3.01212029042410758E-005  2.58072708095562267E-006
 B after wg2 wg2 ==>   12.058856863901845        1.0431522017174448     
 LTM d(wg2)/d(wg2)  0.86876687597880298     
 B before wg2 wg2 ==>    14.143531434492935        1.1805828267104967     
 Q value wg2 wg2 ==>   2.93454751338267236E-005  2.44951299080545413E-006
 B after wg2 wg2 ==>   13.647585499191857        1.1805852762234876     
 LTM d(wg2)/d(wg2)  0.86704362030583804     
 B before wg2 wg2 ==>    56.464048650143432        4.7131429990911045     
 Q value wg2 wg2 ==>   2.93454751338267236E-005  2.44951299080545413E-006
 B after wg2 wg2 ==>   54.484040056564993        4.7131454486040951     
 LTM d(wg2)/d(wg2)  0.86446858062625764     
 B before wg2 wg2 ==>    56.204081368671552        4.6914431209924974     
 Q value wg2 wg2 ==>   2.93454751338267236E-005  2.44951299080545413E-006
 B after wg2 wg2 ==>   54.233189103535892        4.6914455705054880     
 LTM d(wg2)/d(wg2)  0.87299443314508762     
 B before wg2 wg2 ==>    16.536854011361143        1.3803572286069223     
 Q value wg2 wg2 ==>   2.93454751338267236E-005  2.44951299080545413E-006
 B after wg2 wg2 ==>   15.956980919701287        1.3803596781199132     
 LTM d(wg2)/d(wg2)  0.85788881292866459     
 B before wg2 wg2 ==>    39.191147612222714        3.2713467668497471     
 Q value wg2 wg2 ==>   2.93454751338267236E-005  2.44951299080545413E-006
 B after wg2 wg2 ==>   37.816851545735474        3.2713492163627378     
 LTM d(wg2)/d(wg2)  0.86616626109769135     
 B before wg2 wg2 ==>    42.619793725209185        3.5575412536091031     
 Q value wg2 wg2 ==>   2.93454751338267236E-005  2.44951299080545413E-006
 B after wg2 wg2 ==>   41.125264589763866        3.5575437031220938     
 LTM d(wg2)/d(wg2)  0.86089744029387250     
 B before wg2 wg2 ==>    46.998464064582322        3.9230357576113755     
 Q value wg2 wg2 ==>   2.93454751338267236E-005  2.44951299080545413E-006
 B after wg2 wg2 ==>   45.350387156777373        3.9230382071243661     
 LTM d(wg2)/d(wg2)  0.86233307790733926     
 B before wg2 wg2 ==>    46.127751409941816        3.8503560020758414     
 Q value wg2 wg2 ==>   2.93454751338267236E-005  2.44951299080545413E-006
 B after wg2 wg2 ==>   44.510207969633420        3.8503584515888321     
 LTM d(wg2)/d(wg2)  0.86346594881101257     
 B before wg2 wg2 ==>    77.027867014704995        6.4296372795498291     
 Q value wg2 wg2 ==>   2.93454751338267236E-005  2.44951299080545413E-006
 B after wg2 wg2 ==>   74.326742589981691        6.4296397290628198     
 LTM d(wg2)/d(wg2)  0.86405230616853779     
 B before wg2 wg2 ==>    100.87533068613101        8.4202226012911083     
 Q value wg2 wg2 ==>   2.93454751338267236E-005  2.44951299080545413E-006
 B after wg2 wg2 ==>   97.337942135687115        8.4202250508040990     
 LTM d(wg2)/d(wg2)  0.86140175717292000     
 B before wg2 wg2 ==>    92.323162088894179        7.7063596298123320     
 Q value wg2 wg2 ==>   2.93454751338267236E-005  2.44951299080545413E-006
 B after wg2 wg2 ==>   89.085674269761711        7.7063620793253227     
 LTM d(wg2)/d(wg2)  0.87071584350168429     
 B before wg2 wg2 ==>    158.18246258443583        13.203739085878150     
 Q value wg2 wg2 ==>   2.93454751338267236E-005  2.44951299080545413E-006
 B after wg2 wg2 ==>   152.63547254283154        13.203741535391140     
 LTM d(wg2)/d(wg2)  0.86741097163932623     
 B before wg2 wg2 ==>    147.37679049780488        12.301772631769667     
 Q value wg2 wg2 ==>   2.93454751338267236E-005  2.44951299080545413E-006
 B after wg2 wg2 ==>   142.20872527792818        12.301775081282658     
 LTM d(wg2)/d(wg2)  0.83873349382612383     
 B before wg2 wg2 ==>    59.707406104941747        4.9838711499601400     
 Q value wg2 wg2 ==>   2.93454751338267236E-005  2.44951299080545413E-006
 B after wg2 wg2 ==>   57.613661999540881        4.9838735994731307     
 LTM d(wg2)/d(wg2)  0.86454781269842140     
 B before wg2 wg2 ==>    6.0758081699440263       0.51469503533822514     
 Q value wg2 wg2 ==>   2.97816304102902185E-005  2.52286722814612773E-006
 B after wg2 wg2 ==>   5.9499123640641347       0.51469755820545326     
 LTM d(wg2)/d(wg2)  0.89948774710642654     
 B before wg2 wg2 ==>    70.798372899056602        6.0327501760921596     
 Q value wg2 wg2 ==>   2.99567440173566616E-005  2.55262296781207919E-006
 B after wg2 wg2 ==>   69.738722241219051        6.0327527287151277     
 LTM d(wg2)/d(wg2)  0.90276289070855997     
 B before wg2 wg2 ==>    52.225143551948833        4.4501198411532403     
 Q value wg2 wg2 ==>   2.99567440173566616E-005  2.55262296781207919E-006
 B after wg2 wg2 ==>   51.443489152436413        4.4501223937762084     
 LTM d(wg2)/d(wg2)  0.85066639147550582     
 B before wg2 wg2 ==>    56.532823581853314        4.6783815541370970     
 Q value wg2 wg2 ==>   2.90936028119118281E-005  2.40764508324205215E-006
 B after wg2 wg2 ==>   54.082196688673193        4.6783839617821803     
 LTM d(wg2)/d(wg2)  0.84811953786439775     
 B before wg2 wg2 ==>    20.984936453929159        1.7366112888144341     
 Q value wg2 wg2 ==>   2.90936028119118281E-005  2.40764508324205215E-006
 B after wg2 wg2 ==>   20.075283318214364        1.7366136964595174     
 LTM d(wg2)/d(wg2)  0.87145664196617112     
 B before wg2 wg2 ==>    11.980512518878797        1.0095253028998865     
 Q value wg2 wg2 ==>   2.96240447761708892E-005  2.49623901553942117E-006
 B after wg2 wg2 ==>   11.670158208843366        1.0095277991389020     
 LTM d(wg2)/d(wg2)  0.88392595519065842     
 B before wg2 wg2 ==>    46.798711006132820        3.9634283425470418     
 Q value wg2 wg2 ==>   2.97741699871625668E-005  2.52160340885177527E-006
 B after wg2 wg2 ==>   45.817326946223517        3.9634308641504505     
 LTM d(wg2)/d(wg2)  0.88393920907776435     
 B before wg2 wg2 ==>    46.517802263995634        3.9396379080175552     
 Q value wg2 wg2 ==>   2.97741699871625668E-005  2.52160340885177527E-006
 B after wg2 wg2 ==>   45.542309125958383        3.9396404296209639     
 LTM d(wg2)/d(wg2)  0.88759667503946993     
 B before wg2 wg2 ==>    47.828414189815561        4.0506349064646736     
 Q value wg2 wg2 ==>   2.97741699871625668E-005  2.52160340885177527E-006
 B after wg2 wg2 ==>   46.825436280742544        4.0506374280680824     
 LTM d(wg2)/d(wg2)  0.88987152066375930     
 B before wg2 wg2 ==>    47.922146223309547        4.0585731635270514     
 Q value wg2 wg2 ==>   2.97741699871625668E-005  2.52160340885177527E-006
 B after wg2 wg2 ==>   46.917202664887128        4.0585756851304602     
 LTM d(wg2)/d(wg2)  0.87142151747476781     
 B before wg2 wg2 ==>    47.104907843795189        3.9621763525021536     
 Q value wg2 wg2 ==>   2.95712843456931351E-005  2.48735532900646641E-006
 B after wg2 wg2 ==>   45.802853524498317        3.9621788398574824     
 LTM d(wg2)/d(wg2)  0.88575179990844344     
 B before wg2 wg2 ==>    47.285797415030913        4.0046801641633074     
 Q value wg2 wg2 ==>   2.97741699871625668E-005  2.52160340885177527E-006
 B after wg2 wg2 ==>   46.294198692673135        4.0046826857667162     
 LTM d(wg2)/d(wg2)  0.88492301107009985     
 B before wg2 wg2 ==>    39.395152251375620        3.3364137523274180     
 Q value wg2 wg2 ==>   2.97741699871625668E-005  2.52160340885177527E-006
 B after wg2 wg2 ==>   38.569027817306420        3.3364162739308267     
 LTM d(wg2)/d(wg2)  0.88760176673221614     
 B before wg2 wg2 ==>    39.711912084154292        3.3632404505852169     
 Q value wg2 wg2 ==>   2.97741699871625668E-005  2.52160340885177527E-006
 B after wg2 wg2 ==>   38.879144896951431        3.3632429721886257     
 LTM d(wg2)/d(wg2)  0.85112695181985265     
 B before wg2 wg2 ==>    14.450910267738001        1.1958870573515317     
 Q value wg2 wg2 ==>   2.90936028119118281E-005  2.40764508324205215E-006
 B after wg2 wg2 ==>   13.824502176863083        1.1958894649966150     
 LTM d(wg2)/d(wg2)  0.87165889462302537     
 B before wg2 wg2 ==>    14.199520089100885        1.1899395739505696     
 Q value wg2 wg2 ==>   2.94614274878276054E-005  2.46890868514282399E-006
 B after wg2 wg2 ==>   13.755749877682243        1.1899420428592546     
 LTM d(wg2)/d(wg2)  0.84627245422869068     
 B before wg2 wg2 ==>    15.396516223407989        1.2741408076543681     
 Q value wg2 wg2 ==>   2.90936028119118281E-005  2.40764508324205215E-006
 B after wg2 wg2 ==>   14.729116836556841        1.2741432152994514     
 LTM d(wg2)/d(wg2)  0.79439783710298462     
 B before wg2 wg2 ==>    17.307779835942753        1.3913924888084823     
 Q value wg2 wg2 ==>   2.82625170000660235E-005  2.27205651108699338E-006
 B after wg2 wg2 ==>   16.084546660429389        1.3913947608649935     
 LTM d(wg2)/d(wg2)  0.77789397378428671     
 B before wg2 wg2 ==>    18.266779939650100        1.4410118185605423     
 Q value wg2 wg2 ==>   2.77337176632344430E-005  2.18783031587271753E-006
 B after wg2 wg2 ==>   16.658145966941017        1.4410140063908581     
 LTM d(wg2)/d(wg2)  0.78365681222320882     
 B before wg2 wg2 ==>    19.228418777838154        1.5168726399857746     
 Q value wg2 wg2 ==>   2.77337176632344430E-005  2.18783031587271753E-006
 B after wg2 wg2 ==>   17.535098328867470        1.5168748278160904     
 LTM d(wg2)/d(wg2)  0.84076977353993276     
 B before wg2 wg2 ==>    23.629953827989706        1.9555000636738789     
 Q value wg2 wg2 ==>   2.90936028119118281E-005  2.40764508324205215E-006
 B after wg2 wg2 ==>   22.605641209228857        1.9555024713189622     
 LTM d(wg2)/d(wg2)  0.75818699540662937     
 B before wg2 wg2 ==>    25.029311207106158        1.9744877520301851     
 Q value wg2 wg2 ==>   2.77337176632344430E-005  2.18783031587271753E-006
 B after wg2 wg2 ==>   22.825136662503350        1.9744899398605009     
 LTM d(wg2)/d(wg2)  0.87935600944946835     
 B before wg2 wg2 ==>    48.442811093017070        4.0747125798010462     
 Q value wg2 wg2 ==>   2.95712843456931351E-005  2.48735532900646641E-006
 B after wg2 wg2 ==>   47.103774190501426        4.0747150671563750     
 LTM d(wg2)/d(wg2)  0.91606543605732116     
 B before wg2 wg2 ==>    50.021561779761193        4.2857517851170623     
 Q value wg2 wg2 ==>   3.01212029042410758E-005  2.58072708095562267E-006
 B after wg2 wg2 ==>   49.543392005949755        4.2857543658441433     
 LTM d(wg2)/d(wg2)  0.89782501473764764     
 B before wg2 wg2 ==>    48.079278207453072        4.0888156263996347     
 Q value wg2 wg2 ==>   2.98979996632580410E-005  2.54262153632477297E-006
 B after wg2 wg2 ==>   47.266806283464085        4.0888181690211711     
 LTM d(wg2)/d(wg2)  0.87331536523572928     
 B before wg2 wg2 ==>    61.971378009811289        5.1728484477038741     
 Q value wg2 wg2 ==>   2.93454751338267236E-005  2.44951299080545413E-006
 B after wg2 wg2 ==>   59.798242715822504        5.1728508972168648     
 LTM d(wg2)/d(wg2)  0.87017376098451404     
 B before wg2 wg2 ==>    77.121391272190252        6.4374438965025575     
 Q value wg2 wg2 ==>   2.93454751338267236E-005  2.44951299080545413E-006
 B after wg2 wg2 ==>   74.416987212261418        6.4374463460155482     
 LTM d(wg2)/d(wg2)  0.85926807563770924     
 B before wg2 wg2 ==>    45.324668918257359        3.7728929827873632     
 Q value wg2 wg2 ==>   2.92645863923098242E-005  2.43602778087243465E-006
 B after wg2 wg2 ==>   43.614734017775085        3.7728954188151440     
 LTM d(wg2)/d(wg2)  0.84274440976226606     
 B before wg2 wg2 ==>    35.073226334078690        2.9276173973327153     
 Q value wg2 wg2 ==>   2.93454751338267236E-005  2.44951299080545413E-006
 B after wg2 wg2 ==>   33.843334296669795        2.9276198468457060     
 LTM d(wg2)/d(wg2)  0.85830590787965533     
 B before wg2 wg2 ==>    36.966065760537759        3.0856156830471515     
 Q value wg2 wg2 ==>   2.93454751338267236E-005  2.44951299080545413E-006
 B after wg2 wg2 ==>   35.669797116798442        3.0856181325601422     
 LTM d(wg2)/d(wg2)  0.86198390028013672     
 B before wg2 wg2 ==>    7.9965180116149996       0.66748194266181826     
 Q value wg2 wg2 ==>   2.93454751338267236E-005  2.44951299080545413E-006
 B after wg2 wg2 ==>   7.7161307150313423       0.66748439217480904     
 LTM d(wg2)/d(wg2)  0.85893691757006407     
 B before wg2 wg2 ==>    8.8696943432730997       0.74036734519513403     
 Q value wg2 wg2 ==>   2.93454751338267236E-005  2.44951299080545413E-006
 B after wg2 wg2 ==>   8.5586871849022579       0.74036979470812481     
 LTM d(wg2)/d(wg2)  0.86896890933346782     
 B before wg2 wg2 ==>    13.827364710105858        1.1541918926699082     
 Q value wg2 wg2 ==>   2.93454751338267236E-005  2.44951299080545413E-006
 B after wg2 wg2 ==>   13.342505861171466        1.1541943421828991     
 LTM d(wg2)/d(wg2)  0.86045597885466185     
 B before wg2 wg2 ==>    4.4142473838673384       0.36846417589429659     
 Q value wg2 wg2 ==>   2.93454751338267236E-005  2.44951299080545413E-006
 B after wg2 wg2 ==>   4.2594803400654238       0.36846662540728742     
 LTM d(wg2)/d(wg2)  0.86120320709237219     
 B before wg2 wg2 ==>    14.812566786227281        1.2364282603900594     
 Q value wg2 wg2 ==>   2.93454751338267236E-005  2.44951299080545413E-006
 B after wg2 wg2 ==>   14.293159644686282        1.2364307099030503     
 LTM d(wg2)/d(wg2)  0.85620776842587509     
 B before wg2 wg2 ==>    56.415249695775209        4.7090696735743913     
 Q value wg2 wg2 ==>   2.93454751338267236E-005  2.44951299080545413E-006
 B after wg2 wg2 ==>   54.436952345600808        4.7090721230873820     
 LTM d(wg2)/d(wg2)  0.85830876344101470     
 B before wg2 wg2 ==>    148.22081416050645        12.372224615147218     
 Q value wg2 wg2 ==>   2.93454751338267236E-005  2.44951299080545413E-006
 B after wg2 wg2 ==>   143.02315138174040        12.372227064660208     
 LTM d(wg2)/d(wg2)  0.88364891890036279     
 B before wg2 wg2 ==>    101.15955579581355        8.4439473184853426     
 Q value wg2 wg2 ==>   2.93454751338267236E-005  2.44951299080545413E-006
 B after wg2 wg2 ==>   97.612200262459794        8.4439497679983333     
 LTM d(wg2)/d(wg2)  0.87816637609791282     
 B before wg2 wg2 ==>    87.440530047774416        7.2987986494736852     
 Q value wg2 wg2 ==>   2.93454751338267236E-005  2.44951299080545413E-006
 B after wg2 wg2 ==>   84.374262534136108        7.2988010989866758     
 LTM d(wg2)/d(wg2)  0.90106929062745045     
 B before wg2 wg2 ==>    68.905984219158512        5.8823320297450366     
 Q value wg2 wg2 ==>   3.00120138713910692E-005  2.56205077793157664E-006
 B after wg2 wg2 ==>   67.999886067688067        5.8823345917958143     
 LTM d(wg2)/d(wg2)  0.89672060842746282     
 B before wg2 wg2 ==>    59.423763036922971        5.0635163245373498     
 Q value wg2 wg2 ==>   2.99567440173566616E-005  2.55262296781207919E-006
 B after wg2 wg2 ==>   58.534362739024772        5.0635188771603179     
 LTM d(wg2)/d(wg2)  0.92541067257570675     
 B before wg2 wg2 ==>    49.047221929073977        4.1793282050609815     
 Q value wg2 wg2 ==>   2.99567440173566616E-005  2.55262296781207919E-006
 B after wg2 wg2 ==>   48.313133319220384        4.1793307576839496     
 LTM d(wg2)/d(wg2)  0.84510648134508204     
 B before wg2 wg2 ==>    44.731355120856875        3.7017494161771758     
 Q value wg2 wg2 ==>   2.90936028119118281E-005  2.40764508324205215E-006
 B after wg2 wg2 ==>   42.792312872145388        3.7017518238222591     
 LTM d(wg2)/d(wg2)  0.86312417464916558     
 B before wg2 wg2 ==>    46.143584609714885        3.8516776241778277     
 Q value wg2 wg2 ==>   2.93454751338267236E-005  2.44951299080545413E-006
 B after wg2 wg2 ==>   44.525485943192585        3.8516800736908183     
 LTM d(wg2)/d(wg2)  0.88580912841334658     
 B before wg2 wg2 ==>    62.892495093947645        5.3264265666673349     
 Q value wg2 wg2 ==>   2.97741699871625668E-005  2.52160340885177527E-006
 B after wg2 wg2 ==>   61.573609167895945        5.3264290882707437     
 LTM d(wg2)/d(wg2)  0.88397135380158487     
 B before wg2 wg2 ==>    39.126296070491499        3.3136440609304594     
 Q value wg2 wg2 ==>   2.97741699871625668E-005  2.52160340885177527E-006
 B after wg2 wg2 ==>   38.305809804691307        3.3136465825338681     
 LTM d(wg2)/d(wg2)  0.88284723733214865     
 B before wg2 wg2 ==>    11.008721800198089       0.93233935422714376     
 Q value wg2 wg2 ==>   2.97741699871625668E-005  2.52160340885177527E-006
 B after wg2 wg2 ==>   10.777887647029793       0.93234187583055261     
 LTM d(wg2)/d(wg2)  0.88639466924297017     
 B before wg2 wg2 ==>    12.317173346147039        1.0431533880022184     
 Q value wg2 wg2 ==>   2.97741699871625668E-005  2.52160340885177527E-006
 B after wg2 wg2 ==>   12.058899727151122        1.0431559096056271     
 LTM d(wg2)/d(wg2)  0.88613994226478110     
 B before wg2 wg2 ==>    12.565137504777853        1.0641537137189760     
 Q value wg2 wg2 ==>   2.97741699871625668E-005  2.52160340885177527E-006
 B after wg2 wg2 ==>   12.301663842969278        1.0641562353223848     
 LTM d(wg2)/d(wg2)  0.88498764688955056     
 B before wg2 wg2 ==>    11.820090990450600        1.0010549999314629     
 Q value wg2 wg2 ==>   2.97741699871625668E-005  2.52160340885177527E-006
 B after wg2 wg2 ==>   11.572241658356917        1.0010575215348716     
 LTM d(wg2)/d(wg2)  0.88464966152018798     
 B before wg2 wg2 ==>    10.983278725513062       0.93018455549102119     
 Q value wg2 wg2 ==>   2.97741699871625668E-005  2.52160340885177527E-006
 B after wg2 wg2 ==>   10.752978137672828       0.93018707709443005     
 LTM d(wg2)/d(wg2)  0.88532957020815350     
 B before wg2 wg2 ==>    10.996102181617985       0.93127058645817751     
 Q value wg2 wg2 ==>   2.97741699871625668E-005  2.52160340885177527E-006
 B after wg2 wg2 ==>   10.765532673780926       0.93127310806158636     
 LTM d(wg2)/d(wg2)  0.87264278791767624     
 B before wg2 wg2 ==>    18.921913395127593        1.5915954670133983     
 Q value wg2 wg2 ==>   2.95712843456931351E-005  2.48735532900646641E-006
 B after wg2 wg2 ==>   18.398898919076590        1.5915979543687273     
 LTM d(wg2)/d(wg2)  0.87121747127095295     
 B before wg2 wg2 ==>    20.053148534462636        1.6804817961264567     
 Q value wg2 wg2 ==>   2.94614274878276054E-005  2.46890868514282399E-006
 B after wg2 wg2 ==>   19.426426154049476        1.6804842650351417     
 LTM d(wg2)/d(wg2)  0.88931392275305365     
 B before wg2 wg2 ==>    48.124594540770204        4.0757187083951436     
 Q value wg2 wg2 ==>   2.97741699871625668E-005  2.52160340885177527E-006
 B after wg2 wg2 ==>   47.115405449751627        4.0757212299985524     
 LTM d(wg2)/d(wg2)  0.76773868913688659     
 B before wg2 wg2 ==>    42.716684086814602        3.3697918747684863     
 Q value wg2 wg2 ==>   2.77337176632344430E-005  2.18783031587271753E-006
 B after wg2 wg2 ==>   38.954875611442318        3.3697940625988023     
 LTM d(wg2)/d(wg2)  0.76984333916068093     
 B before wg2 wg2 ==>    43.118881902189614        3.4015200615244123     
 Q value wg2 wg2 ==>   2.77337176632344430E-005  2.18783031587271753E-006
 B after wg2 wg2 ==>   39.321653979940159        3.4015222493547284     
 LTM d(wg2)/d(wg2)  0.76990576371657016     
 B before wg2 wg2 ==>    42.975610364652916        3.3902177970018301     
 Q value wg2 wg2 ==>   2.77337176632344430E-005  2.18783031587271753E-006
 B after wg2 wg2 ==>   39.190999613404401        3.3902199848321461     
 LTM d(wg2)/d(wg2)  0.75959470942395824     
 B before wg2 wg2 ==>    41.908839711661983        3.3060634400909685     
 Q value wg2 wg2 ==>   2.77337176632344430E-005  2.18783031587271753E-006
 B after wg2 wg2 ==>   38.218173842830353        3.3060656279212846     
 LTM d(wg2)/d(wg2)  0.75971863831487674     
 B before wg2 wg2 ==>    41.723712143406765        3.2914592780723479     
 Q value wg2 wg2 ==>   2.77337176632344430E-005  2.18783031587271753E-006
 B after wg2 wg2 ==>   38.049349486125905        3.2914614659026640     
 LTM d(wg2)/d(wg2)  0.75675234371189770     
 B before wg2 wg2 ==>    34.298336593505496        2.7056935350125904     
 Q value wg2 wg2 ==>   2.77337176632344430E-005  2.18783031587271753E-006
 B after wg2 wg2 ==>   31.277887718892792        2.7056957228429064     
 LTM d(wg2)/d(wg2)  0.76780306696831191     
 B before wg2 wg2 ==>    35.515438390302059        2.8017070677408284     
 Q value wg2 wg2 ==>   2.77337176632344430E-005  2.18783031587271753E-006
 B after wg2 wg2 ==>   32.387805759866254        2.8017092555711445     
 LTM d(wg2)/d(wg2)  0.82538295961153330     
 B before wg2 wg2 ==>    15.654503439760511        1.2829444676817547     
 Q value wg2 wg2 ==>   2.88118474121506190E-005  2.36123747925632112E-006
 B after wg2 wg2 ==>   14.830886756949351        1.2829468289192341     
 LTM d(wg2)/d(wg2)  0.88781160720937025     
 B before wg2 wg2 ==>    13.687692245384511        1.1566834417166758     
 Q value wg2 wg2 ==>   2.97089177041980957E-005  2.51056296150702921E-006
 B after wg2 wg2 ==>   13.371308915479121        1.1566859522796373     
 LTM d(wg2)/d(wg2)  0.83392504807963252     
 B before wg2 wg2 ==>    17.895045788919429        1.4504624248939408     
 Q value wg2 wg2 ==>   2.84954954721335405E-005  2.30966972359789013E-006
 B after wg2 wg2 ==>   16.767396542367962        1.4504647345636645     
 LTM d(wg2)/d(wg2)  0.83418454349268423     
 B before wg2 wg2 ==>    18.230219364115865        1.4776295348513135     
 Q value wg2 wg2 ==>   2.84954954721335405E-005  2.30966972359789013E-006
 B after wg2 wg2 ==>   17.081448786942122        1.4776318445210372     
 LTM d(wg2)/d(wg2)  0.87726135644759895     
 B before wg2 wg2 ==>    3.6994526609646350       0.30614871136590338     
 Q value wg2 wg2 ==>   2.90936028119118281E-005  2.40764508324205215E-006
 B after wg2 wg2 ==>   3.5391120459685910       0.30615111901098663     
 LTM d(wg2)/d(wg2)  0.85772484723349685     
 B before wg2 wg2 ==>    8.7245677918127242       0.72825340355705115     
 Q value wg2 wg2 ==>   2.93454751338267236E-005  2.44951299080545413E-006
 B after wg2 wg2 ==>   8.4186498173629900       0.72825585307004193     
 LTM d(wg2)/d(wg2)  0.88407029921456459     
 B before wg2 wg2 ==>    19.858763986418420        1.6576422819611745     
 Q value wg2 wg2 ==>   2.93454751338267236E-005  2.44951299080545413E-006
 B after wg2 wg2 ==>   19.162400764852531        1.6576447314741654     
 LTM d(wg2)/d(wg2)  0.86391145027409366     
 B before wg2 wg2 ==>    22.742022647297752        1.8983124198092809     
 Q value wg2 wg2 ==>   2.93454751338267236E-005  2.44951299080545413E-006
 B after wg2 wg2 ==>   21.944551575585280        1.8983148693222718     
 LTM d(wg2)/d(wg2)  0.86166472347329948     
 B before wg2 wg2 ==>    42.450266778181060        3.5433905725537365     
 Q value wg2 wg2 ==>   2.93454751338267236E-005  2.44951299080545413E-006
 B after wg2 wg2 ==>   40.961682480564022        3.5433930220667271     
 LTM d(wg2)/d(wg2)  0.86981379855035368     
 B before wg2 wg2 ==>    105.92167403665601        8.8414488222605900     
 Q value wg2 wg2 ==>   2.93454751338267236E-005  2.44951299080545413E-006
 B after wg2 wg2 ==>   102.20732428110212        8.8414512717735807     
 LTM d(wg2)/d(wg2)  0.88704648152004539     
 B before wg2 wg2 ==>    47.767385137444428        3.9872188096250301     
 Q value wg2 wg2 ==>   2.93454751338267236E-005  2.44951299080545413E-006
 B after wg2 wg2 ==>   46.092344309383442        3.9872212591380207     
 LTM d(wg2)/d(wg2)  0.86089812014494371     
 B before wg2 wg2 ==>    47.110801210667475        3.9324127159816427     
 Q value wg2 wg2 ==>   2.93454751338267236E-005  2.44951299080545413E-006
 B after wg2 wg2 ==>   45.458784952055616        3.9324151654946333     
 LTM d(wg2)/d(wg2)  0.86779915377458339     
 B before wg2 wg2 ==>    62.534751651257707        5.2198741321443913     
 Q value wg2 wg2 ==>   2.93454751338267236E-005  2.44951299080545413E-006
 B after wg2 wg2 ==>   60.341860412896409        5.2198765816573820     
 LTM d(wg2)/d(wg2)  0.86688510202418101     
 B before wg2 wg2 ==>    158.43101416801144        13.224486077708313     
 Q value wg2 wg2 ==>   2.93454751338267236E-005  2.44951299080545413E-006
 B after wg2 wg2 ==>   152.87530811469207        13.224488527221304     
 LTM d(wg2)/d(wg2)  0.86198699478212149     
 B before wg2 wg2 ==>    96.413628921183175        8.0477973335283988     
 Q value wg2 wg2 ==>   2.93454751338267236E-005  2.44951299080545413E-006
 B after wg2 wg2 ==>   93.032699823916303        8.0477997830413894     
 LTM d(wg2)/d(wg2)  0.89238448453906782     
 B before wg2 wg2 ==>    158.86142705059481        13.260413318364325     
 Q value wg2 wg2 ==>   2.93454751338267236E-005  2.44951299080545413E-006
 B after wg2 wg2 ==>   153.29062761636453        13.260415767877316     
 LTM d(wg2)/d(wg2)  0.96514423855495779     
 B before wg2 wg2 ==>    134.30429508153000        11.738976735205430     
 Q value wg2 wg2 ==>   3.07286077929626550E-005  2.68585909160881841E-006
 B after wg2 wg2 ==>   135.70279805175539        11.738979421064522     
 LTM d(wg2)/d(wg2)  0.89956461931163034     
 B before wg2 wg2 ==>    46.762167583674525        3.9846180522691457     
 Q value wg2 wg2 ==>   2.99567440173566616E-005  2.55262296781207919E-006
 B after wg2 wg2 ==>   46.062280702891250        3.9846206048921133     
 LTM d(wg2)/d(wg2)  0.91644277840215249     
 B before wg2 wg2 ==>    11.462671344813824       0.97673759639232616     
 Q value wg2 wg2 ==>   2.99567440173566616E-005  2.55262296781207919E-006
 B after wg2 wg2 ==>   11.291132426130808       0.97674014901529393     
 LTM d(wg2)/d(wg2)  0.87735536751506615     
 B before wg2 wg2 ==>    13.476665107182262        1.1335745306059881     
 Q value wg2 wg2 ==>   2.95712843456931351E-005  2.48735532900646641E-006
 B after wg2 wg2 ==>   13.104169249030511        1.1335770179613172     
 LTM d(wg2)/d(wg2)  0.88393628274037483     
 B before wg2 wg2 ==>    13.027822279099038        1.1033389371745803     
 Q value wg2 wg2 ==>   2.97741699871625668E-005  2.52160340885177527E-006
 B after wg2 wg2 ==>   12.754645680186483        1.1033414587779891     
 LTM d(wg2)/d(wg2)  0.88945563400444116     
 B before wg2 wg2 ==>    11.759880174371549       0.99595568736825313     
 Q value wg2 wg2 ==>   2.97741699871625668E-005  2.52160340885177527E-006
 B after wg2 wg2 ==>   11.513293520009704       0.99595820897166198     
 LTM d(wg2)/d(wg2)  0.88517885994137113     
 B before wg2 wg2 ==>    16.010609394155917        1.3559540784345889     
 Q value wg2 wg2 ==>   2.97741699871625668E-005  2.52160340885177527E-006
 B after wg2 wg2 ==>   15.674880929743974        1.3559566000379977     
 LTM d(wg2)/d(wg2)  0.88501491799871135     
 B before wg2 wg2 ==>    16.986560500313331        1.4386083266376544     
 Q value wg2 wg2 ==>   2.97741699871625668E-005  2.52160340885177527E-006
 B after wg2 wg2 ==>   16.630365418616442        1.4386108482410631     
 LTM d(wg2)/d(wg2)  0.88292858221441084     
 B before wg2 wg2 ==>    45.525538550514234        3.8556021292377127     
 Q value wg2 wg2 ==>   2.97741699871625668E-005  2.52160340885177527E-006
 B after wg2 wg2 ==>   44.570854120558195        3.8556046508411215     
 LTM d(wg2)/d(wg2)  0.88233834599465066     
 B before wg2 wg2 ==>    45.088023598556802        3.8185485625134294     
 Q value wg2 wg2 ==>   2.97741699871625668E-005  2.52160340885177527E-006
 B after wg2 wg2 ==>   44.142514270736164        3.8185510841168382     
 LTM d(wg2)/d(wg2)  0.88156298251330489     
 B before wg2 wg2 ==>    44.425769800464948        3.7624616443721863     
 Q value wg2 wg2 ==>   2.97741699871625668E-005  2.52160340885177527E-006
 B after wg2 wg2 ==>   43.494148560833914        3.7624641659755951     
 LTM d(wg2)/d(wg2)  0.88267685011731534     
 B before wg2 wg2 ==>    44.441490260936952        3.7637930254562604     
 Q value wg2 wg2 ==>   2.97741699871625668E-005  2.52160340885177527E-006
 B after wg2 wg2 ==>   43.509539348388905        3.7637955470596691     
 LTM d(wg2)/d(wg2)  0.88576342998486890     
 B before wg2 wg2 ==>    45.403852187299364        3.8452963928082609     
 Q value wg2 wg2 ==>   2.97741699871625668E-005  2.52160340885177527E-006
 B after wg2 wg2 ==>   44.451719635412836        3.8452989144116696     
 LTM d(wg2)/d(wg2)  0.88828229535593695     
 B before wg2 wg2 ==>    45.821188737462755        3.8806410310629689     
 Q value wg2 wg2 ==>   2.97741699871625668E-005  2.52160340885177527E-006
 B after wg2 wg2 ==>   44.860304243601547        3.8806435526663776     
 LTM d(wg2)/d(wg2)  0.88820902933286372     
 B before wg2 wg2 ==>    39.259504268620475        3.3249255927627108     
 Q value wg2 wg2 ==>   2.97741699871625668E-005  2.52160340885177527E-006
 B after wg2 wg2 ==>   38.436224500980778        3.3249281143661196     
 LTM d(wg2)/d(wg2)  0.81719978472882504     
 B before wg2 wg2 ==>    36.538561005640204        2.9729853285804388     
 Q value wg2 wg2 ==>   2.86051263600042045E-005  2.32747592269314131E-006
 B after wg2 wg2 ==>   34.367786928413643        2.9729876560563615     
 LTM d(wg2)/d(wg2)  0.76808752336818287     
 B before wg2 wg2 ==>    17.869347929053323        1.4096595919373311     
 Q value wg2 wg2 ==>   2.77337176632344430E-005  2.18783031587271753E-006
 B after wg2 wg2 ==>   16.295713703852794        1.4096617797676469     
 LTM d(wg2)/d(wg2)  0.77037815966545420     
 B before wg2 wg2 ==>    17.827595525768352        1.4063658693006256     
 Q value wg2 wg2 ==>   2.77337176632344430E-005  2.18783031587271753E-006
 B after wg2 wg2 ==>   16.257638215194444        1.4063680571309414     
 LTM d(wg2)/d(wg2)  0.75928975393484976     
 B before wg2 wg2 ==>    17.811167673532424        1.4050699250070089     
 Q value wg2 wg2 ==>   2.77337176632344430E-005  2.18783031587271753E-006
 B after wg2 wg2 ==>   16.242657077528641        1.4050721128373247     
 LTM d(wg2)/d(wg2)  0.75495272921271739     
 B before wg2 wg2 ==>    17.293158030446907        1.3642056883828908     
 Q value wg2 wg2 ==>   2.77337176632344430E-005  2.18783031587271753E-006
 B after wg2 wg2 ==>   15.770265820057727        1.3642078762132066     
 LTM d(wg2)/d(wg2)  0.76888411225588993     
 B before wg2 wg2 ==>    17.428261958098943        1.3748636345082472     
 Q value wg2 wg2 ==>   2.77337176632344430E-005  2.18783031587271753E-006
 B after wg2 wg2 ==>   15.893471855166746        1.3748658223385630     
 LTM d(wg2)/d(wg2)  0.75890415506329600     
 B before wg2 wg2 ==>    17.137713626457561        1.3519431427115798     
 Q value wg2 wg2 ==>   2.77337176632344430E-005  2.18783031587271753E-006
 B after wg2 wg2 ==>   15.628510587413880        1.3519453305418956     
 LTM d(wg2)/d(wg2)  0.76442602579943575     
 B before wg2 wg2 ==>    24.539593647901853        1.9358553935684593     
 Q value wg2 wg2 ==>   2.77337176632344430E-005  2.18783031587271753E-006
 B after wg2 wg2 ==>   22.378545953843670        1.9358575813987751     
 LTM d(wg2)/d(wg2)  0.82415045132433873     
 B before wg2 wg2 ==>    21.996538559196377        1.8026977068460188     
 Q value wg2 wg2 ==>   2.88118474121506190E-005  2.36123747925632112E-006
 B after wg2 wg2 ==>   20.839242877285560        1.8027000680834981     
 LTM d(wg2)/d(wg2)  0.81498377746507855     
 B before wg2 wg2 ==>    61.912131937175388        5.0182168897021606     
 Q value wg2 wg2 ==>   2.84954954721335405E-005  2.30966972359789013E-006
 B after wg2 wg2 ==>   58.010697707659048        5.0182191993718845     
 LTM d(wg2)/d(wg2)  0.83054853844388554     
 B before wg2 wg2 ==>    63.982279837397037        5.1860103549250240     
 Q value wg2 wg2 ==>   2.84954954721335405E-005  2.30966972359789013E-006
 B after wg2 wg2 ==>   59.950392966403918        5.1860126645947480     
 LTM d(wg2)/d(wg2)  0.82983011709299681     
 B before wg2 wg2 ==>    46.613687589579023        3.7782190183773769     
 Q value wg2 wg2 ==>   2.84954954721335405E-005  2.30966972359789013E-006
 B after wg2 wg2 ==>   43.676301617395310        3.7782213280471004     
 LTM d(wg2)/d(wg2)  0.90569486935964838     
 B before wg2 wg2 ==>    49.369631651366618        4.1526710488311291     
 Q value wg2 wg2 ==>   2.95712843456931351E-005  2.48735532900646641E-006
 B after wg2 wg2 ==>   48.004975393753391        4.1526735361864580     
 LTM d(wg2)/d(wg2)  0.97491917318910271     
 B before wg2 wg2 ==>    64.513588954554621        5.6388629967670525     
 Q value wg2 wg2 ==>   3.07286077929626550E-005  2.68585909160881841E-006
 B after wg2 wg2 ==>   65.185381413761618        5.6388656826261441     
 LTM d(wg2)/d(wg2)  0.97807806132679520     
 B before wg2 wg2 ==>    79.824286218711237        6.9771070110377860     
 Q value wg2 wg2 ==>   3.07286077929626550E-005  2.68585909160881841E-006
 B after wg2 wg2 ==>   80.655504556381743        6.9771096968968775     
 LTM d(wg2)/d(wg2)  0.94589653009835140     
 B before wg2 wg2 ==>    43.492793122020650        3.8015231478529032     
 Q value wg2 wg2 ==>   3.07286077929626550E-005  2.68585909160881841E-006
 B after wg2 wg2 ==>   43.945702091874750        3.8015258337119948     
 LTM d(wg2)/d(wg2)  0.97715527663031754     
 B before wg2 wg2 ==>    68.276059914579108        5.9677248476840417     
 Q value wg2 wg2 ==>   3.07286077929626550E-005  2.68585909160881841E-006
 B after wg2 wg2 ==>   68.987029899645719        5.9677275335431332     
 LTM d(wg2)/d(wg2)  0.97429816444995365     
 B before wg2 wg2 ==>    10.219338025098304       0.89322959666333968     
 Q value wg2 wg2 ==>   3.07286077929626550E-005  2.68585909160881841E-006
 B after wg2 wg2 ==>   10.325780095579891       0.89323228252243125     
 LTM d(wg2)/d(wg2)  0.97718810941354184     
 B before wg2 wg2 ==>    11.611164124274147        1.0148832949889108     
 Q value wg2 wg2 ==>   3.07286077929626550E-005  2.68585909160881841E-006
 B after wg2 wg2 ==>   11.732098878838061        1.0148859808480024     
 LTM d(wg2)/d(wg2)  0.86546066460625803     
 B before wg2 wg2 ==>    16.693818519081855        1.3934593030836129     
 Q value wg2 wg2 ==>   2.93454751338267236E-005  2.44951299080545413E-006
 B after wg2 wg2 ==>   16.108441119348537        1.3934617525966038     
 LTM d(wg2)/d(wg2)  0.86278408815689245     
 B before wg2 wg2 ==>    56.416912984680060        4.7092085109168202     
 Q value wg2 wg2 ==>   2.93454751338267236E-005  2.44951299080545413E-006
 B after wg2 wg2 ==>   54.438557307596724        4.7092109604298109     
 LTM d(wg2)/d(wg2)  0.85967532500838817     
 B before wg2 wg2 ==>    55.680140639620205        4.6477089638057230     
 Q value wg2 wg2 ==>   2.93454751338267236E-005  2.44951299080545413E-006
 B after wg2 wg2 ==>   53.727621516456644        4.6477114133187136     
 LTM d(wg2)/d(wg2)  0.86313025927818354     
 B before wg2 wg2 ==>    95.300682587991759        7.9548979516376894     
 Q value wg2 wg2 ==>   2.93454751338267236E-005  2.44951299080545413E-006
 B after wg2 wg2 ==>   91.958781418605341        7.9549004011506801     
 LTM d(wg2)/d(wg2)  0.88466050924728667     
 B before wg2 wg2 ==>    165.23537698403334        13.792456950082657     
 Q value wg2 wg2 ==>   2.93454751338267236E-005  2.44951299080545413E-006
 B after wg2 wg2 ==>   159.44106087977408        13.792459399595648     
 LTM d(wg2)/d(wg2)  0.96538098140791184     
 B before wg2 wg2 ==>    98.782780053638433        8.6341896674609782     
 Q value wg2 wg2 ==>   3.07286077929626550E-005  2.68585909160881841E-006
 B after wg2 wg2 ==>   99.811407724263020        8.6341923533200706     
 LTM d(wg2)/d(wg2)  0.89539530439513038     
 B before wg2 wg2 ==>    46.869342414143311        3.9937504510928457     
 Q value wg2 wg2 ==>   2.99567440173566616E-005  2.55262296781207919E-006
 B after wg2 wg2 ==>   46.167851385729044        3.9937530037158133     
 LTM d(wg2)/d(wg2)  0.89896564493458075     
 B before wg2 wg2 ==>    47.730144906959019        4.0670996846623604     
 Q value wg2 wg2 ==>   2.99567440173566616E-005  2.55262296781207919E-006
 B after wg2 wg2 ==>   47.015769750120583        4.0671022372853285     
 LTM d(wg2)/d(wg2)  0.89008326428982953     
 B before wg2 wg2 ==>    48.233146888863516        4.0849121123123302     
 Q value wg2 wg2 ==>   2.97741699871625668E-005  2.52160340885177527E-006
 B after wg2 wg2 ==>   47.221681352488410        4.0849146339157389     
 LTM d(wg2)/d(wg2)  0.88508990159114398     
 B before wg2 wg2 ==>    47.325611310908862        4.0080520417205587     
 Q value wg2 wg2 ==>   2.97741699871625668E-005  2.52160340885177527E-006
 B after wg2 wg2 ==>   46.333177653517538        4.0080545633239675     
 LTM d(wg2)/d(wg2)  0.88487866912171864     
 B before wg2 wg2 ==>    45.387180300890968        3.8438844345364593     
 Q value wg2 wg2 ==>   2.97741699871625668E-005  2.52160340885177527E-006
 B after wg2 wg2 ==>   44.435397374222738        3.8438869561398681     
 LTM d(wg2)/d(wg2)  0.87596694679031406     
 B before wg2 wg2 ==>    43.066143747584519        3.6473135918425879     
 Q value wg2 wg2 ==>   2.97741699871625668E-005  2.52160340885177527E-006
 B after wg2 wg2 ==>   42.163035151567875        3.6473161134459966     
 LTM d(wg2)/d(wg2)  0.88192969299340251     
 B before wg2 wg2 ==>    38.220098600147239        3.2368973159733989     
 Q value wg2 wg2 ==>   2.97741699871625668E-005  2.52160340885177527E-006
 B after wg2 wg2 ==>   37.418616151949294        3.2368998375768077     
 LTM d(wg2)/d(wg2)  0.88036454066905123     
 B before wg2 wg2 ==>    38.056193723532509        3.2230160525904954     
 Q value wg2 wg2 ==>   2.97741699871625668E-005  2.52160340885177527E-006
 B after wg2 wg2 ==>   37.258148515540185        3.2230185741939041     
 LTM d(wg2)/d(wg2)  0.87943321692410037     
 B before wg2 wg2 ==>    8.0913407269038036       0.68526351424536291     
 Q value wg2 wg2 ==>   2.97741699871625668E-005  2.52160340885177527E-006
 B after wg2 wg2 ==>   7.9216868127093134       0.68526603584877177     
 LTM d(wg2)/d(wg2)  0.88105860839079608     
 B before wg2 wg2 ==>    7.8015928928874354       0.66072448842942544     
 Q value wg2 wg2 ==>   2.97741699871625668E-005  2.52160340885177527E-006
 B after wg2 wg2 ==>   7.6380152646774997       0.66072701003283429     
 LTM d(wg2)/d(wg2)  0.88203617798746325     
 B before wg2 wg2 ==>    8.6879229313672912       0.73578864126264154     
 Q value wg2 wg2 ==>   2.97741699871625668E-005  2.52160340885177527E-006
 B after wg2 wg2 ==>   8.5057581243824441       0.73579116286605040     
 LTM d(wg2)/d(wg2)  0.88430326318851571     
 B before wg2 wg2 ==>    9.1676582725266584       0.77641789380387805     
 Q value wg2 wg2 ==>   2.97741699871625668E-005  2.52160340885177527E-006
 B after wg2 wg2 ==>   8.9754329619329489       0.77642041540728690     
 LTM d(wg2)/d(wg2)  0.88541317083201410     
 B before wg2 wg2 ==>    9.1439017676183578       0.77440593230218024     
 Q value wg2 wg2 ==>   2.97741699871625668E-005  2.52160340885177527E-006
 B after wg2 wg2 ==>   8.9521746533901396       0.77440845390558910     
 LTM d(wg2)/d(wg2)  0.88763107096731420     
 B before wg2 wg2 ==>    9.5581573706500667       0.80948964214836883     
 Q value wg2 wg2 ==>   2.97741699871625668E-005  2.52160340885177527E-006
 B after wg2 wg2 ==>   9.3577429248210109       0.80949216375177768     
 LTM d(wg2)/d(wg2)  0.84983552492419701     
 B before wg2 wg2 ==>    20.445268057638632        1.6839911248646904     
 Q value wg2 wg2 ==>   2.89567311206786931E-005  2.38504469957769137E-006
 B after wg2 wg2 ==>   19.466993083371264        1.6839935099093899     
 LTM d(wg2)/d(wg2)  0.76676835126597509     
 B before wg2 wg2 ==>    23.579216373148721        1.8600940931220524     
 Q value wg2 wg2 ==>   2.77337176632344430E-005  2.18783031587271753E-006
 B after wg2 wg2 ==>   21.502744056093618        1.8600962809523682     
 LTM d(wg2)/d(wg2)  0.76945967406521221     
 B before wg2 wg2 ==>    41.862299962398907        3.3023920580005015     
 Q value wg2 wg2 ==>   2.77337176632344430E-005  2.18783031587271753E-006
 B after wg2 wg2 ==>   38.175732604582720        3.3023942458308175     
 LTM d(wg2)/d(wg2)  0.76562256962197206     
 B before wg2 wg2 ==>    41.526965063076688        3.2759384873823847     
 Q value wg2 wg2 ==>   2.77337176632344430E-005  2.18783031587271753E-006
 B after wg2 wg2 ==>   37.869928886680583        3.2759406752127007     
 LTM d(wg2)/d(wg2)  0.75739187878609771     
 B before wg2 wg2 ==>    40.627776662242155        3.2050041948033976     
 Q value wg2 wg2 ==>   2.77337176632344430E-005  2.18783031587271753E-006
 B after wg2 wg2 ==>   37.049927280449175        3.2050063826337136     
 LTM d(wg2)/d(wg2)  0.75859435799443520     
 B before wg2 wg2 ==>    41.160669842920377        3.2470425493423281     
 Q value wg2 wg2 ==>   2.77337176632344430E-005  2.18783031587271753E-006
 B after wg2 wg2 ==>   37.535891360613412        3.2470447371726441     
 LTM d(wg2)/d(wg2)  0.75283320099106332     
 B before wg2 wg2 ==>    40.455607529253733        3.1914222851155762     
 Q value wg2 wg2 ==>   2.77337176632344430E-005  2.18783031587271753E-006
 B after wg2 wg2 ==>   36.892920177751954        3.1914244729458923     
 LTM d(wg2)/d(wg2)  0.75894316867816547     
 B before wg2 wg2 ==>    40.822201700020770        3.2203418064781806     
 Q value wg2 wg2 ==>   2.77337176632344430E-005  2.18783031587271753E-006
 B after wg2 wg2 ==>   37.227230327421424        3.2203439943084966     
 LTM d(wg2)/d(wg2)  0.76439464345330843     
 B before wg2 wg2 ==>    34.097751517819376        2.6898699763095508     
 Q value wg2 wg2 ==>   2.77337176632344430E-005  2.18783031587271753E-006
 B after wg2 wg2 ==>   31.094967116162579        2.6898721641398669     
 LTM d(wg2)/d(wg2)  0.80189421669837979     
 B before wg2 wg2 ==>    35.990349389692987        2.8933059030820605     
 Q value wg2 wg2 ==>   2.82625168635786852E-005  2.27205648914224251E-006
 B after wg2 wg2 ==>   33.446690799012813        2.8933081751385497     
 LTM d(wg2)/d(wg2)  0.81939141233405988     
 B before wg2 wg2 ==>    15.465364576559821        1.2535273991573472     
 Q value wg2 wg2 ==>   2.84954954721335405E-005  2.30966972359789013E-006
 B after wg2 wg2 ==>   14.490824357660381        1.2535297088270709     
 LTM d(wg2)/d(wg2)  0.81520138642306694     
 B before wg2 wg2 ==>    15.545116907982543        1.2599916329676890     
 Q value wg2 wg2 ==>   2.84954954721335405E-005  2.30966972359789013E-006
 B after wg2 wg2 ==>   14.565551008407382        1.2599939426374127     
 LTM d(wg2)/d(wg2)  0.81780521669236872     
 B before wg2 wg2 ==>    14.908620644232800        1.2084011578694895     
 Q value wg2 wg2 ==>   2.84954954721335405E-005  2.30966972359789013E-006
 B after wg2 wg2 ==>   13.969164255136270        1.2084034675392132     
 LTM d(wg2)/d(wg2)  0.94428783735715516     
 B before wg2 wg2 ==>    12.032207743887840        1.0516849568579627     
 Q value wg2 wg2 ==>   3.07286077929626550E-005  2.68585909160881841E-006
 B after wg2 wg2 ==>   12.157526704328879        1.0516876427170543     
 LTM d(wg2)/d(wg2)  0.94522596982070306     
 B before wg2 wg2 ==>    12.503543412917432        1.0928824364311367     
 Q value wg2 wg2 ==>   3.07286077929626550E-005  2.68585909160881841E-006
 B after wg2 wg2 ==>   12.633770255853289        1.0928851222902283     
 LTM d(wg2)/d(wg2)  0.94609518984566032     
 B before wg2 wg2 ==>    12.702183218846589        1.1102447111005547     
 Q value wg2 wg2 ==>   3.07286077929626550E-005  2.68585909160881841E-006
 B after wg2 wg2 ==>   12.834478440838716        1.1102473969596462     
 LTM d(wg2)/d(wg2)  0.95126667202260284     
 B before wg2 wg2 ==>    19.460281050907060        1.7009417783584602     
 Q value wg2 wg2 ==>   3.07286077929626550E-005  2.68585909160881841E-006
 B after wg2 wg2 ==>   19.662946398114908        1.7009444642175517     
 LTM d(wg2)/d(wg2)  0.97600581882188520     
 B before wg2 wg2 ==>    49.271945822837324        4.3066547154092740     
 Q value wg2 wg2 ==>   3.07286077929626550E-005  2.68585909160881841E-006
 B after wg2 wg2 ==>   49.785031444362254        4.3066574012683656     
 LTM d(wg2)/d(wg2)  0.94444860588368573     
 B before wg2 wg2 ==>    95.570496251362883        8.3534173749672895     
 Q value wg2 wg2 ==>   3.07286077929626550E-005  2.68585909160881841E-006
 B after wg2 wg2 ==>   96.565675336451719        8.3534200608263820     
 LTM d(wg2)/d(wg2)  0.95149207241884681     
 B before wg2 wg2 ==>    68.386804004265642        5.9774045254009947     
 Q value wg2 wg2 ==>   3.07286077929626550E-005  2.68585909160881841E-006
 B after wg2 wg2 ==>   69.098927135624578        5.9774072112600862     
 LTM d(wg2)/d(wg2)  0.94605829082005499     
 B before wg2 wg2 ==>    151.15342693230352        13.211688882531536     
 Q value wg2 wg2 ==>   3.07286077929626550E-005  2.68585909160881841E-006
 B after wg2 wg2 ==>   152.72737505700570        13.211691568390629     
 LTM d(wg2)/d(wg2)  0.86292292398593029     
 B before wg2 wg2 ==>    107.04967896751396        8.9356051689964495     
 Q value wg2 wg2 ==>   2.93454751338267236E-005  2.44951299080545413E-006
 B after wg2 wg2 ==>   103.29577322100397        8.9356076185094402     
 LTM d(wg2)/d(wg2)  0.90390317824258748     
 B before wg2 wg2 ==>    105.55380946475464        8.9942711472142030     
 Q value wg2 wg2 ==>   2.99567440173566616E-005  2.55262296781207919E-006
 B after wg2 wg2 ==>   103.97395410039280        8.9942736998371711     
 LTM d(wg2)/d(wg2)  0.97108660750606290     
 B before wg2 wg2 ==>    151.33339749539712        13.227419356764658     
 Q value wg2 wg2 ==>   3.07286077929626550E-005  2.68585909160881841E-006
 B after wg2 wg2 ==>   152.90921960170991        13.227422042623751     
 LTM d(wg2)/d(wg2)  0.96866441797067315     
 B before wg2 wg2 ==>    102.15274231410484        8.9287439745300148     
 Q value wg2 wg2 ==>   3.07286077929626550E-005  2.68585909160881841E-006
 B after wg2 wg2 ==>   103.21646043061145        8.9287466603891072     
 LTM d(wg2)/d(wg2)  0.90438100192978366     
 B before wg2 wg2 ==>    58.728093688918683        5.0042381348018523     
 Q value wg2 wg2 ==>   2.99567440173566616E-005  2.55262296781207919E-006
 B after wg2 wg2 ==>   57.849105876224996        5.0042406874248204     
 LTM d(wg2)/d(wg2)  0.90412722164261927     
 B before wg2 wg2 ==>    13.570193171465213        1.1563201510504242     
 Q value wg2 wg2 ==>   2.99567440173566616E-005  2.55262296781207919E-006
 B after wg2 wg2 ==>   13.367109755527668        1.1563227036733921     
 LTM d(wg2)/d(wg2)  0.89052900769706522     
 B before wg2 wg2 ==>    14.319411011575703        1.2127248428791537     
 Q value wg2 wg2 ==>   2.97741699871625668E-005  2.52160340885177527E-006
 B after wg2 wg2 ==>   14.019148575974846        1.2127273644825625     
 LTM d(wg2)/d(wg2)  0.88388801836429010     
 B before wg2 wg2 ==>    12.584236396657394        1.0657712174441683     
 Q value wg2 wg2 ==>   2.97741699871625668E-005  2.52160340885177527E-006
 B after wg2 wg2 ==>   12.320362213031487        1.0657737390475770     
 LTM d(wg2)/d(wg2)  0.87984732693160905     
 B before wg2 wg2 ==>    8.0979476020317254       0.68582305692452428     
 Q value wg2 wg2 ==>   2.97741699871625668E-005  2.52160340885177527E-006
 B after wg2 wg2 ==>   7.9281551354201723       0.68582557852793313     
 LTM d(wg2)/d(wg2)  0.87881934716650167     
 B before wg2 wg2 ==>    6.7042405200134692       0.56778864889658087     
 Q value wg2 wg2 ==>   2.97741699871625668E-005  2.52160340885177527E-006
 B after wg2 wg2 ==>   6.5636754084149107       0.56779117049998973     
 LTM d(wg2)/d(wg2)  0.87827569253515991     
 B before wg2 wg2 ==>    7.1478887885035070       0.60536165216209614     
 Q value wg2 wg2 ==>   2.97741699871625668E-005  2.52160340885177527E-006
 B after wg2 wg2 ==>   6.9980199533238920       0.60536417376550500     
 LTM d(wg2)/d(wg2)  0.87879690232185093     
 B before wg2 wg2 ==>    12.560088934603082        1.0637261454016049     
 Q value wg2 wg2 ==>   2.97741699871625668E-005  2.52160340885177527E-006
 B after wg2 wg2 ==>   12.296721146083598        1.0637286670050137     
 LTM d(wg2)/d(wg2)  0.87882095884393496     
 B before wg2 wg2 ==>    12.594891382860315        1.0666735985866866     
 Q value wg2 wg2 ==>   2.97741699871625668E-005  2.52160340885177527E-006
 B after wg2 wg2 ==>   12.330793754101331        1.0666761201900954     
 LTM d(wg2)/d(wg2)  0.87927286636450375     
 B before wg2 wg2 ==>    42.944518402752614        3.6370130231193243     
 Q value wg2 wg2 ==>   2.97741699871625668E-005  2.52160340885177527E-006
 B after wg2 wg2 ==>   42.043960405192308        3.6370155447227330     
 LTM d(wg2)/d(wg2)  0.88099514227977294     
 B before wg2 wg2 ==>    43.588028804104653        3.6915125447644455     
 Q value wg2 wg2 ==>   2.97741699871625668E-005  2.52160340885177527E-006
 B after wg2 wg2 ==>   42.673975785102954        3.6915150663678542     
 LTM d(wg2)/d(wg2)  0.89060383620234473     
 B before wg2 wg2 ==>    44.275304614911413        3.7497186014941177     
 Q value wg2 wg2 ==>   2.97741699871625668E-005  2.52160340885177527E-006
 B after wg2 wg2 ==>   43.346838772459606        3.7497211230975265     
 LTM d(wg2)/d(wg2)  0.88739935950295878     
 B before wg2 wg2 ==>    44.090711074174919        3.7340851950289213     
 Q value wg2 wg2 ==>   2.97741699871625668E-005  2.52160340885177527E-006
 B after wg2 wg2 ==>   43.166116332772830        3.7340877166323301     
 LTM d(wg2)/d(wg2)  0.88493318061234838     
 B before wg2 wg2 ==>    44.362946347936024        3.7571410650874881     
 Q value wg2 wg2 ==>   2.97741699871625668E-005  2.52160340885177527E-006
 B after wg2 wg2 ==>   43.432642575492963        3.7571435866908969     
 LTM d(wg2)/d(wg2)  0.83195405489906371     
 B before wg2 wg2 ==>    43.025609458924514        3.5008085199323817     
 Q value wg2 wg2 ==>   2.86051263600042045E-005  2.32747592269314131E-006
 B after wg2 wg2 ==>   40.469431830741136        3.5008108474083044     
 LTM d(wg2)/d(wg2)  0.79255220018896422     
 B before wg2 wg2 ==>    34.595404983966354        2.7291283748140849     
 Q value wg2 wg2 ==>   2.77337176632344430E-005  2.18783031587271753E-006
 B after wg2 wg2 ==>   31.548794858166833        2.7291305626444009     
 LTM d(wg2)/d(wg2)  0.77165142578215185     
 B before wg2 wg2 ==>    33.416674102920197        2.6361418092507223     
 Q value wg2 wg2 ==>   2.77337176632344430E-005  2.18783031587271753E-006
 B after wg2 wg2 ==>   30.473868608144748        2.6361439970810383     
 LTM d(wg2)/d(wg2)  0.75558828458068772     
 B before wg2 wg2 ==>    13.012896472875180        1.0265486130051402     
 Q value wg2 wg2 ==>   2.77337176632344430E-005  2.18783031587271753E-006
 B after wg2 wg2 ==>   11.866944392599423        1.0265508008354560     
 LTM d(wg2)/d(wg2)  0.77538076618152374     
 B before wg2 wg2 ==>    13.137408158096166        1.0363709686991984     
 Q value wg2 wg2 ==>   2.77337176632344430E-005  2.18783031587271753E-006
 B after wg2 wg2 ==>   11.980490988375157        1.0363731565295142     
 LTM d(wg2)/d(wg2)  0.76508846456351454     
 B before wg2 wg2 ==>    13.612430615525286        1.0738440743860536     
 Q value wg2 wg2 ==>   2.77337176632344430E-005  2.18783031587271753E-006
 B after wg2 wg2 ==>   12.413680715607361        1.0738462622163694     
 LTM d(wg2)/d(wg2)  0.75567837339188770     
 B before wg2 wg2 ==>    13.637968246065153        1.0758586619350119     
 Q value wg2 wg2 ==>   2.77337176632344430E-005  2.18783031587271753E-006
 B after wg2 wg2 ==>   12.436969381300335        1.0758608497653277     
 LTM d(wg2)/d(wg2)  0.77153765334265123     
 B before wg2 wg2 ==>    14.882854994549401        1.1740640666785898     
 Q value wg2 wg2 ==>   2.77337176632344430E-005  2.18783031587271753E-006
 B after wg2 wg2 ==>   13.572225499357328        1.1740662545089056     
 LTM d(wg2)/d(wg2)  0.76429041038941681     
 B before wg2 wg2 ==>    15.651168274522680        1.2346740110944263     
 Q value wg2 wg2 ==>   2.77337176632344430E-005  2.18783031587271753E-006
 B after wg2 wg2 ==>   14.272877468491162        1.2346761989247421     
 LTM d(wg2)/d(wg2)  0.78693059648151387     
 B before wg2 wg2 ==>    23.109779249982488        1.8230615978060465     
 Q value wg2 wg2 ==>   2.77337176632344430E-005  2.18783031587271753E-006
 B after wg2 wg2 ==>   21.074647792102997        1.8230637856363623     
 LTM d(wg2)/d(wg2)  0.83513974870347008     
 B before wg2 wg2 ==>    22.015616944615878        1.7844505968683471     
 Q value wg2 wg2 ==>   2.84954954721335405E-005  2.30966972359789013E-006
 B after wg2 wg2 ==>   20.628305385243145        1.7844529065380708     
 LTM d(wg2)/d(wg2)  0.82401537634785249     
 B before wg2 wg2 ==>    44.784772724708617        3.6299784203305649     
 Q value wg2 wg2 ==>   2.84954954721335405E-005  2.30966972359789013E-006
 B after wg2 wg2 ==>   41.962637829577396        3.6299807300002884     
 LTM d(wg2)/d(wg2)  0.81722033270637540     
 B before wg2 wg2 ==>    45.202650524935166        3.6638490264511288     
 Q value wg2 wg2 ==>   2.84954954721335405E-005  2.30966972359789013E-006
 B after wg2 wg2 ==>   42.354182601691207        3.6638513361208522     
 LTM d(wg2)/d(wg2)  0.90813549115730186     
 B before wg2 wg2 ==>    50.608747061429504        4.3123862208238783     
 Q value wg2 wg2 ==>   2.99567440173566616E-005  2.55262296781207919E-006
 B after wg2 wg2 ==>   49.851286202412190        4.3123887734468465     
 LTM d(wg2)/d(wg2)  0.94509729008804411     
 B before wg2 wg2 ==>    95.645609324391287        8.3599826945369653     
 Q value wg2 wg2 ==>   3.07286077929626550E-005  2.68585909160881841E-006
 B after wg2 wg2 ==>   96.641570540263928        8.3599853803960578     
 LTM d(wg2)/d(wg2)  0.94352331689831537     
 B before wg2 wg2 ==>    49.817136633002967        4.3543075639864330     
 Q value wg2 wg2 ==>   3.07286077929626550E-005  2.68585909160881841E-006
 B after wg2 wg2 ==>   50.335899169324215        4.3543102498455246     
 LTM d(wg2)/d(wg2)  0.95073767262900455     
 B before wg2 wg2 ==>    51.002419925859826        4.4579082194310544     
 Q value wg2 wg2 ==>   3.07286077929626550E-005  2.68585909160881841E-006
 B after wg2 wg2 ==>   51.533524475541512        4.4579109052901460     
 LTM d(wg2)/d(wg2)  0.97615963947868389     
 B before wg2 wg2 ==>    45.525867309479409        3.9792256596976436     
 Q value wg2 wg2 ==>   3.07286077929626550E-005  2.68585909160881841E-006
 B after wg2 wg2 ==>   45.999946094967967        3.9792283455567352     
 LTM d(wg2)/d(wg2)  0.94796573258391137     
 B before wg2 wg2 ==>    85.212948243706023        7.4481074217610477     
 Q value wg2 wg2 ==>   3.07286077929626550E-005  2.68585909160881841E-006
 B after wg2 wg2 ==>   86.100277166169363        7.4481101076201393     
 LTM d(wg2)/d(wg2)  0.95051009568684464     
 B before wg2 wg2 ==>    147.75235818060685        12.914415687160052     
 Q value wg2 wg2 ==>   3.07286077929626550E-005  2.68585909160881841E-006
 B after wg2 wg2 ==>   149.29089195649792        12.914418373019144     
 LTM d(wg2)/d(wg2)  0.94323915324326479     
 B before wg2 wg2 ==>    145.55281343350748        12.620261583608812     
 Q value wg2 wg2 ==>   3.04824799213814582E-005  2.64300538924778329E-006
 B after wg2 wg2 ==>   145.89046511410581        12.620264226614202     
 LTM d(wg2)/d(wg2)  0.98003766347783106     
 B before wg2 wg2 ==>    106.82484991058385        9.3371133594863878     
 Q value wg2 wg2 ==>   3.07286077929626550E-005  2.68585909160881841E-006
 B after wg2 wg2 ==>   107.93721733711166        9.3371160453454802     
 LTM d(wg2)/d(wg2)  0.97232449385255681     
 B before wg2 wg2 ==>    95.395543384747043        8.3381254765978881     
 Q value wg2 wg2 ==>   3.07286077929626550E-005  2.68585909160881841E-006
 B after wg2 wg2 ==>   96.388900736052719        8.3381281624569805     
 LTM d(wg2)/d(wg2)  0.97223054059737191     
 B before wg2 wg2 ==>    104.16603775660418        9.1047177089980575     
 Q value wg2 wg2 ==>   3.07286077929626550E-005  2.68585909160881841E-006
 B after wg2 wg2 ==>   105.25071973837369        9.1047203948571500     
 LTM d(wg2)/d(wg2)  0.97447914278733994     
 B before wg2 wg2 ==>    90.627553795284072        7.9213754476399174     
 Q value wg2 wg2 ==>   3.07286077929626550E-005  2.68585909160881841E-006
 B after wg2 wg2 ==>   91.571263445006309        7.9213781334990090     
 LTM d(wg2)/d(wg2)  0.90605973531673090     
 B before wg2 wg2 ==>    93.531956239291290        7.9698854983197993     
 Q value wg2 wg2 ==>   2.99567440173566616E-005  2.55262296781207919E-006
 B after wg2 wg2 ==>   92.132038900372152        7.9698880509427674     
 LTM d(wg2)/d(wg2)  0.90015581230121078     
 B before wg2 wg2 ==>    56.475401657788538        4.7980055530589434     
 Q value wg2 wg2 ==>   2.98678500326284569E-005  2.53749607984806053E-006
 B after wg2 wg2 ==>   55.465053614024733        4.7980080905550233     
 LTM d(wg2)/d(wg2)  0.88698483551806750     
 B before wg2 wg2 ==>    48.107237573972547        4.0742487299989980     
 Q value wg2 wg2 ==>   2.97741699871625668E-005  2.52160340885177527E-006
 B after wg2 wg2 ==>   47.098412474955651        4.0742512516024068     
 LTM d(wg2)/d(wg2)  0.88147680092500857     
 B before wg2 wg2 ==>    45.895526031115665        3.8869367287486076     
 Q value wg2 wg2 ==>   2.97741699871625668E-005  2.52160340885177527E-006
 B after wg2 wg2 ==>   44.933082613933813        3.8869392503520164     
 LTM d(wg2)/d(wg2)  0.87928900501959362     
 B before wg2 wg2 ==>    42.727495709070894        3.6186331601568313     
 Q value wg2 wg2 ==>   2.97741699871625668E-005  2.52160340885177527E-006
 B after wg2 wg2 ==>   41.831488882553593        3.6186356817602401     
 LTM d(wg2)/d(wg2)  0.88242733008500474     
 B before wg2 wg2 ==>    42.721638462504266        3.6181371042494708     
 Q value wg2 wg2 ==>   2.97741699871625668E-005  2.52160340885177527E-006
 B after wg2 wg2 ==>   41.825754467984460        3.6181396258528795     
 LTM d(wg2)/d(wg2)  0.87620934920950044     
 B before wg2 wg2 ==>    42.354855171151641        3.5870738706418361     
 Q value wg2 wg2 ==>   2.97741699871625668E-005  2.52160340885177527E-006
 B after wg2 wg2 ==>   41.466662968980103        3.5870763922452449     
 LTM d(wg2)/d(wg2)  0.87851040255624668     
 B before wg2 wg2 ==>    42.651354247327745        3.6121846657212431     
 Q value wg2 wg2 ==>   2.97741699871625668E-005  2.52160340885177527E-006
 B after wg2 wg2 ==>   41.756944179241465        3.6121871873246518     
 LTM d(wg2)/d(wg2)  0.88258494184207326     
 B before wg2 wg2 ==>    37.857973720131255        3.2062286077517403     
 Q value wg2 wg2 ==>   2.97741699871625668E-005  2.52160340885177527E-006
 B after wg2 wg2 ==>   37.064085372992146        3.2062311293551491     
 LTM d(wg2)/d(wg2)  0.88086984041201921     
 B before wg2 wg2 ==>    37.676909199477315        3.1908940774289825     
 Q value wg2 wg2 ==>   2.97741699871625668E-005  2.52160340885177527E-006
 B after wg2 wg2 ==>   36.886817946500734        3.1908965990323912     
 LTM d(wg2)/d(wg2)  0.88079557850060319     
 B before wg2 wg2 ==>    7.1775540022764606       0.60787402796321666     
 Q value wg2 wg2 ==>   2.97741699871625668E-005  2.52160340885177527E-006
 B after wg2 wg2 ==>   7.0270630595208239       0.60787654956662551     
 LTM d(wg2)/d(wg2)  0.89447521592098933     
 B before wg2 wg2 ==>    7.1374503252434627       0.60447760855815857     
 Q value wg2 wg2 ==>   2.97741699871625668E-005  2.52160340885177527E-006
 B after wg2 wg2 ==>   6.9878003945061282       0.60448013016156743     
 LTM d(wg2)/d(wg2)  0.89981377137018737     
 B before wg2 wg2 ==>    8.2725372631928717       0.70060922510063273     
 Q value wg2 wg2 ==>   2.97741699871625668E-005  2.52160340885177527E-006
 B after wg2 wg2 ==>   8.0990834863431846       0.70061174670404158     
 LTM d(wg2)/d(wg2)  0.90446528042380914     
 B before wg2 wg2 ==>    8.8142846262150858       0.74649033607441528     
 Q value wg2 wg2 ==>   2.97741699871625668E-005  2.52160340885177527E-006
 B after wg2 wg2 ==>   8.6294698950366904       0.74649285767782414     
 LTM d(wg2)/d(wg2)  0.85827472317180076     
 B before wg2 wg2 ==>    9.2441229472083943       0.76949456955651918     
 Q value wg2 wg2 ==>   2.92645863923098242E-005  2.43602778087243465E-006
 B after wg2 wg2 ==>   8.8953982288153117       0.76949700558430001     
 LTM d(wg2)/d(wg2)  0.81984525300771360     
 B before wg2 wg2 ==>    11.361858995728452       0.89630318795950470     
 Q value wg2 wg2 ==>   2.77337176632344430E-005  2.18783031587271753E-006
 B after wg2 wg2 ==>   10.361305105046252       0.89630537578982061     
 LTM d(wg2)/d(wg2)  0.77905965778443209     
 B before wg2 wg2 ==>    18.851370504189298        1.4871284256091353     
 Q value wg2 wg2 ==>   2.77337176632344430E-005  2.18783031587271753E-006
 B after wg2 wg2 ==>   17.191254714190176        1.4871306134394511     
 LTM d(wg2)/d(wg2)  0.79051283026674835     
 B before wg2 wg2 ==>    19.792844420051829        1.5613984964210994     
 Q value wg2 wg2 ==>   2.77337176632344430E-005  2.18783031587271753E-006
 B after wg2 wg2 ==>   18.049817972474820        1.5614006842514152     
 LTM d(wg2)/d(wg2)  0.78342288422278827     
 B before wg2 wg2 ==>    40.911346722353422        3.2273741915603678     
 Q value wg2 wg2 ==>   2.77337176632344430E-005  2.18783031587271753E-006
 B after wg2 wg2 ==>   37.308524816354407        3.2273763793906838     
 LTM d(wg2)/d(wg2)  0.77825129174276053     
 B before wg2 wg2 ==>    40.635535883144499        3.2056162966111623     
 Q value wg2 wg2 ==>   2.77337176632344430E-005  2.18783031587271753E-006
 B after wg2 wg2 ==>   37.057003187563993        3.2056184844414783     
 LTM d(wg2)/d(wg2)  0.75908292887056406     
 B before wg2 wg2 ==>    38.967948169700854        3.0740652727581494     
 Q value wg2 wg2 ==>   2.77337176632344430E-005  2.18783031587271753E-006
 B after wg2 wg2 ==>   35.536271156004794        3.0740674605884655     
 LTM d(wg2)/d(wg2)  0.77276385038475137     
 B before wg2 wg2 ==>    40.499681613029118        3.1948991582055450     
 Q value wg2 wg2 ==>   2.77337176632344430E-005  2.18783031587271753E-006
 B after wg2 wg2 ==>   36.933112888707129        3.1949013460358611     
 LTM d(wg2)/d(wg2)  0.75546008089165440     
 B before wg2 wg2 ==>    55.972649841134860        4.4155154988291372     
 Q value wg2 wg2 ==>   2.77337176632344430E-005  2.18783031587271753E-006
 B after wg2 wg2 ==>   51.043458160553193        4.4155176866594532     
 LTM d(wg2)/d(wg2)  0.75405248269460601     
 B before wg2 wg2 ==>    39.806809995118428        3.1402405816281127     
 Q value wg2 wg2 ==>   2.77337176632344430E-005  2.18783031587271753E-006
 B after wg2 wg2 ==>   36.301258831124066        3.1402427694584287     
 LTM d(wg2)/d(wg2)  0.78852136354906710     
 B before wg2 wg2 ==>    35.232963044468462        2.8200037142764707     
 Q value wg2 wg2 ==>   2.81386369505465605E-005  2.25218244105860065E-006
 B after wg2 wg2 ==>   32.599316043133179        2.8200059664589117     
 LTM d(wg2)/d(wg2)  0.82401793419695157     
 B before wg2 wg2 ==>    37.590401124971621        3.0468468765932446     
 Q value wg2 wg2 ==>   2.84954954721335405E-005  2.30966972359789013E-006
 B after wg2 wg2 ==>   35.221627450481087        3.0468491862629681     
 LTM d(wg2)/d(wg2)  0.82265290271358682     
 B before wg2 wg2 ==>    18.431999093473170        1.4939845595319021     
 Q value wg2 wg2 ==>   2.84954954721335405E-005  2.30966972359789013E-006
 B after wg2 wg2 ==>   17.270513145243903        1.4939868692016258     
 LTM d(wg2)/d(wg2)  0.82113831104880031     
 B before wg2 wg2 ==>    17.807624647051149        1.4433766044430214     
 Q value wg2 wg2 ==>   2.84954954721335405E-005  2.30966972359789013E-006
 B after wg2 wg2 ==>   16.685484339680507        1.4433789141127451     
 LTM d(wg2)/d(wg2)  0.94869191891033711     
 B before wg2 wg2 ==>    1.8766132965914062       0.16157576492594505     
 Q value wg2 wg2 ==>   3.02694113699149907E-005  2.60618599731523946E-006
 B after wg2 wg2 ==>   1.8678486670817533       0.16157837111194237     
 LTM d(wg2)/d(wg2)  0.97652564480272974     
 B before wg2 wg2 ==>    1.3935149276557730       0.12180131175985204     
 Q value wg2 wg2 ==>   3.07286077929626550E-005  2.68585909160881841E-006
 B after wg2 wg2 ==>   1.4080562455983159       0.12180399761894364     
 LTM d(wg2)/d(wg2)  0.97691769887681190     
 B before wg2 wg2 ==>    1.1616715875917814       0.10153685503811161     
 Q value wg2 wg2 ==>   3.07286077929626550E-005  2.68585909160881841E-006
 B after wg2 wg2 ==>   1.1737987876455098       0.10153954089720321     
 LTM d(wg2)/d(wg2)  0.97741759311021303     
 B before wg2 wg2 ==>    37.595456766765935        3.2860616413389776     
 Q value wg2 wg2 ==>   3.07286077929626550E-005  2.68585909160881841E-006
 B after wg2 wg2 ==>   37.986958472613033        3.2860643271980692     
 LTM d(wg2)/d(wg2)  0.94829321864045768     
 B before wg2 wg2 ==>    85.962697407283457        7.5136398604900725     
 Q value wg2 wg2 ==>   3.07286077929626550E-005  2.68585909160881841E-006
 B after wg2 wg2 ==>   86.857833251728763        7.5136425463491641     
 LTM d(wg2)/d(wg2)  0.94731768792509463     
 B before wg2 wg2 ==>    151.20089146823668        13.215837559107579     
 Q value wg2 wg2 ==>   3.07286077929626550E-005  2.68585909160881841E-006
 B after wg2 wg2 ==>   152.77533382747345        13.215840244966671     
 LTM d(wg2)/d(wg2)  0.97210704822678573     
 B before wg2 wg2 ==>    95.151837683320139        8.3168241804811061     
 Q value wg2 wg2 ==>   3.07286077929626550E-005  2.68585909160881841E-006
 B after wg2 wg2 ==>   96.142657397386557        8.3168268663401985     
 LTM d(wg2)/d(wg2)  0.96528621058742081     
 B before wg2 wg2 ==>    180.64624443855161        15.789532713596911     
 Q value wg2 wg2 ==>   3.07286077929626550E-005  2.68585909160881841E-006
 B after wg2 wg2 ==>   182.52729277287688        15.789535399456003     
 LTM d(wg2)/d(wg2)  0.97128598406802147     
 B before wg2 wg2 ==>    102.35171948608976        8.9461357369554086     
 Q value wg2 wg2 ==>   3.07286077929626550E-005  2.68585909160881841E-006
 B after wg2 wg2 ==>   103.41750949454816        8.9461384228145011     
 LTM d(wg2)/d(wg2)  0.97425053286671826     
 B before wg2 wg2 ==>    91.111590167929194        7.9636830425982543     
 Q value wg2 wg2 ==>   3.07286077929626550E-005  2.68585909160881841E-006
 B after wg2 wg2 ==>   92.060339948912983        7.9636857284573459     
 LTM d(wg2)/d(wg2)  0.94586479538296575     
 B before wg2 wg2 ==>    59.772181813640337        5.2244364284615372     
 Q value wg2 wg2 ==>   3.07286077929626550E-005  2.68585909160881841E-006
 B after wg2 wg2 ==>   60.394603366640254        5.2244391143206288     
 LTM d(wg2)/d(wg2)  0.90455830284754823     
 B before wg2 wg2 ==>    155.07470067745248        13.213960851235981     
 Q value wg2 wg2 ==>   2.99567440173566616E-005  2.55262296781207919E-006
 B after wg2 wg2 ==>   152.75363751294040        13.213963403858950     
 LTM d(wg2)/d(wg2)  0.89414228398055084     
 B before wg2 wg2 ==>    94.288346838278983        7.9853717804699329     
 Q value wg2 wg2 ==>   2.97741699871625668E-005  2.52160340885177527E-006
 B after wg2 wg2 ==>   92.311060221934397        7.9853743020733416     
 LTM d(wg2)/d(wg2)  0.88446008743869131     
 B before wg2 wg2 ==>    40.091542234595700        3.3953916971814677     
 Q value wg2 wg2 ==>   2.97741699871625668E-005  2.52160340885177527E-006
 B after wg2 wg2 ==>   39.250813844265046        3.3953942187848765     
 LTM d(wg2)/d(wg2)  0.88287288647003925     
 B before wg2 wg2 ==>    11.824143246185132        1.0013981894100661     
 Q value wg2 wg2 ==>   2.97741699871625668E-005  2.52160340885177527E-006
 B after wg2 wg2 ==>   11.576208934458009        1.0014007110134748     
 LTM d(wg2)/d(wg2)  0.88792203081582466     
 B before wg2 wg2 ==>    8.4226499871371878       0.71332241766227988     
 Q value wg2 wg2 ==>   2.97741699871625668E-005  2.52160340885177527E-006
 B after wg2 wg2 ==>   8.2460482045614096       0.71332493926568874     
 LTM d(wg2)/d(wg2)  0.88535612735452396     
 B before wg2 wg2 ==>    7.5725670402815357       0.64132806626567673     
 Q value wg2 wg2 ==>   2.97741699871625668E-005  2.52160340885177527E-006
 B after wg2 wg2 ==>   7.4137923007041042       0.64133058786908559     
 LTM d(wg2)/d(wg2)  0.88041291882694939     
 B before wg2 wg2 ==>    7.4882432802983194       0.63418660503560531     
 Q value wg2 wg2 ==>   2.97741699871625668E-005  2.52160340885177527E-006
 B after wg2 wg2 ==>   7.3312368896809081       0.63418912663901417     
 LTM d(wg2)/d(wg2)  0.88180292875641131     
 B before wg2 wg2 ==>    7.5911200343409453       0.64289933737364668     
 Q value wg2 wg2 ==>   2.97741699871625668E-005  2.52160340885177527E-006
 B after wg2 wg2 ==>   7.4319562209395205       0.64290185897705554     
 LTM d(wg2)/d(wg2)  0.89502325501643476     
 B before wg2 wg2 ==>    7.2235324658365263       0.61176798875194116     
 Q value wg2 wg2 ==>   2.97741699871625668E-005  2.52160340885177527E-006
 B after wg2 wg2 ==>   7.0720773112355451       0.61177051035535002     
 LTM d(wg2)/d(wg2)  0.88930180257217795     
 B before wg2 wg2 ==>    11.674479836337101       0.98872304969614988     
 Q value wg2 wg2 ==>   2.97741699871625668E-005  2.52160340885177527E-006
 B after wg2 wg2 ==>   11.429684107794724       0.98872557129955874     
 LTM d(wg2)/d(wg2)  0.88820263417933731     
 B before wg2 wg2 ==>    11.670399859316621       0.98837751247488348     
 Q value wg2 wg2 ==>   2.97741699871625668E-005  2.52160340885177527E-006
 B after wg2 wg2 ==>   11.425689691749259       0.98838003407829234     
 LTM d(wg2)/d(wg2)  0.90067310676553347     
 B before wg2 wg2 ==>    44.870889286691046        3.8001592464983918     
 Q value wg2 wg2 ==>   2.97741699871625668E-005  2.52160340885177527E-006
 B after wg2 wg2 ==>   43.929933470652244        3.8001617681018005     
 LTM d(wg2)/d(wg2)  0.89554192488688000     
 B before wg2 wg2 ==>    45.440334513609770        3.8483861164991926     
 Q value wg2 wg2 ==>   2.97741699871625668E-005  2.52160340885177527E-006
 B after wg2 wg2 ==>   44.487436892852934        3.8483886381026013     
 LTM d(wg2)/d(wg2)  0.91168950695575912     
 B before wg2 wg2 ==>    47.071760088716978        3.9865531348661869     
 Q value wg2 wg2 ==>   2.97741699871625668E-005  2.52160340885177527E-006
 B after wg2 wg2 ==>   46.084649931426362        3.9865556564695956     
 LTM d(wg2)/d(wg2)  0.89746506181718944     
 B before wg2 wg2 ==>    45.912537656447626        3.8883774598402105     
 Q value wg2 wg2 ==>   2.97741699871625668E-005  2.52160340885177527E-006
 B after wg2 wg2 ==>   44.949737489401087        3.8883799814436193     
 LTM d(wg2)/d(wg2)  0.77160386229592581     
 B before wg2 wg2 ==>    33.470381449291644        2.6403786217114003     
 Q value wg2 wg2 ==>   2.77337176632344430E-005  2.18783031587271753E-006
 B after wg2 wg2 ==>   30.522846230910051        2.6403808095417163     
 LTM d(wg2)/d(wg2)  0.78464836416298045     
 B before wg2 wg2 ==>    41.175012315110052        3.2481739842203408     
 Q value wg2 wg2 ==>   2.77337176632344430E-005  2.18783031587271753E-006
 B after wg2 wg2 ==>   37.548970766688882        3.2481761720506568     
 LTM d(wg2)/d(wg2)  0.77732453594005690     
 B before wg2 wg2 ==>    56.875848355755785        4.4867661373311094     
 Q value wg2 wg2 ==>   2.77337176632344430E-005  2.18783031587271753E-006
 B after wg2 wg2 ==>   51.867116730934683        4.4867683251614254     
 LTM d(wg2)/d(wg2)  0.76921725474700287     
 B before wg2 wg2 ==>    33.067967355164718        2.6086333733694342     
 Q value wg2 wg2 ==>   2.77337176632344430E-005  2.18783031587271753E-006
 B after wg2 wg2 ==>   30.155870630192798        2.6086355611997503     
 LTM d(wg2)/d(wg2)  0.79158423557442004     
 B before wg2 wg2 ==>    12.621011594471740       0.99563398310538709     
 Q value wg2 wg2 ==>   2.77337176632344430E-005  2.18783031587271753E-006
 B after wg2 wg2 ==>   11.509570754938636       0.99563617093570300     
 LTM d(wg2)/d(wg2)  0.75399334467279766     
 B before wg2 wg2 ==>    12.197148512836765       0.96219668807553349     
 Q value wg2 wg2 ==>   2.77337176632344430E-005  2.18783031587271753E-006
 B after wg2 wg2 ==>   11.123035066266160       0.96219887590584940     
 LTM d(wg2)/d(wg2)  0.75571999259973044     
 B before wg2 wg2 ==>    12.379269742280353       0.97656368898680712     
 Q value wg2 wg2 ==>   2.77337176632344430E-005  2.18783031587271753E-006
 B after wg2 wg2 ==>   11.289117836611043       0.97656587681712304     
 LTM d(wg2)/d(wg2)  0.77243760756908963     
 B before wg2 wg2 ==>    13.266154235414501        1.0465273629636482     
 Q value wg2 wg2 ==>   2.77337176632344430E-005  2.18783031587271753E-006
 B after wg2 wg2 ==>   12.097899075600312        1.0465295507939640     
 LTM d(wg2)/d(wg2)  0.76075786219395625     
 B before wg2 wg2 ==>    14.992476226597610        1.1827117589083382     
 Q value wg2 wg2 ==>   2.77337176632344430E-005  2.18783031587271753E-006
 B after wg2 wg2 ==>   13.672192965878441        1.1827139467386540     
 LTM d(wg2)/d(wg2)  0.81495780539946350     
 B before wg2 wg2 ==>    16.575462001468438        1.3075887880146393     
 Q value wg2 wg2 ==>   2.77337176632344430E-005  2.18783031587271753E-006
 B after wg2 wg2 ==>   15.115773506764919        1.3075909758449551     
 LTM d(wg2)/d(wg2)  0.81131070313205944     
 B before wg2 wg2 ==>    24.220764842586473        1.9631863321700527     
 Q value wg2 wg2 ==>   2.84954954721335405E-005  2.30966972359789013E-006
 B after wg2 wg2 ==>   22.694493468745200        1.9631886418397764     
 LTM d(wg2)/d(wg2)  0.82493418995218748     
 B before wg2 wg2 ==>    26.445774620286457        2.1435319493672873     
 Q value wg2 wg2 ==>   2.84954954721335405E-005  2.30966972359789013E-006
 B after wg2 wg2 ==>   24.779291813831332        2.1435342590370108     
 LTM d(wg2)/d(wg2)  0.80838877632605743     
 B before wg2 wg2 ==>    39.964675867008076        3.2392909943853891     
 Q value wg2 wg2 ==>   2.84954954721335405E-005  2.30966972359789013E-006
 B after wg2 wg2 ==>   37.446284664389673        3.2392933040551126     
 LTM d(wg2)/d(wg2)  0.80948609775192981     
 B before wg2 wg2 ==>    43.057237549250360        3.4899550368063776     
 Q value wg2 wg2 ==>   2.84954954721335405E-005  2.30966972359789013E-006
 B after wg2 wg2 ==>   40.343965178800815        3.4899573464761011     
 LTM d(wg2)/d(wg2)  0.97550926456879716     
 B before wg2 wg2 ==>    102.93745088801350        8.9973320691061254     
 Q value wg2 wg2 ==>   3.07286077929626550E-005  2.68585909160881841E-006
 B after wg2 wg2 ==>   104.00933994876743        8.9973347549652178     
 LTM d(wg2)/d(wg2)  0.97491196376883082     
 B before wg2 wg2 ==>    52.149569676993231        4.5581757814786936     
 Q value wg2 wg2 ==>   3.07286077929626550E-005  2.68585909160881841E-006
 B after wg2 wg2 ==>   52.692619166454492        4.5581784673377852     
 LTM d(wg2)/d(wg2)  0.97639119682347530     
 B before wg2 wg2 ==>    52.541691450878993        4.5924495057718602     
 Q value wg2 wg2 ==>   3.07286077929626550E-005  2.68585909160881841E-006
 B after wg2 wg2 ==>   53.088823991372344        4.5924521916309518     
 LTM d(wg2)/d(wg2)  0.94872399005952002     
 B before wg2 wg2 ==>    50.467032631189610        4.4111122551423252     
 Q value wg2 wg2 ==>   3.07286077929626550E-005  2.68585909160881841E-006
 B after wg2 wg2 ==>   50.992562347256708        4.4111149410014168     
 LTM d(wg2)/d(wg2)  0.97793753381308479     
 B before wg2 wg2 ==>    128.77577996584199        11.255752350729150     
 Q value wg2 wg2 ==>   3.07286077929626550E-005  2.68585909160881841E-006
 B after wg2 wg2 ==>   130.11671610134320        11.255755036588242     
 LTM d(wg2)/d(wg2)  0.96879298026289806     
 B before wg2 wg2 ==>    151.33114903158861        13.227222827946857     
 Q value wg2 wg2 ==>   3.07286077929626550E-005  2.68585909160881841E-006
 B after wg2 wg2 ==>   152.90694772529571        13.227225513805950     
 LTM d(wg2)/d(wg2)  0.96583723883457739     
 B before wg2 wg2 ==>    107.52868034260212        9.3986322339347161     
 Q value wg2 wg2 ==>   3.07286077929626550E-005  2.68585909160881841E-006
 B after wg2 wg2 ==>   108.64837655259274        9.3986349197938086     
 LTM d(wg2)/d(wg2)  0.97317845256142910     
 B before wg2 wg2 ==>    114.27168638553790        9.9880101910232888     
 Q value wg2 wg2 ==>   3.07286077929626550E-005  2.68585909160881841E-006
 B after wg2 wg2 ==>   115.46159557429317        9.9880128768823813     
 LTM d(wg2)/d(wg2)  0.97589086036965711     
 B before wg2 wg2 ==>    107.97237804458314        9.4374139943978310     
 Q value wg2 wg2 ==>   3.07286077929626550E-005  2.68585909160881841E-006
 B after wg2 wg2 ==>   109.09669435088226        9.4374166802569235     
 LTM d(wg2)/d(wg2)  0.94539074291776537     
 B before wg2 wg2 ==>    116.47888103941153        10.180931844617191     
 Q value wg2 wg2 ==>   3.07286077929626550E-005  2.68585909160881841E-006
 B after wg2 wg2 ==>   117.69177311004100        10.180934530476284     
 LTM d(wg2)/d(wg2)  0.89881146670256429     
 B before wg2 wg2 ==>    219.74947440271913        18.688198291039654     
 Q value wg2 wg2 ==>   2.98979996632580410E-005  2.54262153632477297E-006
 B after wg2 wg2 ==>   216.03591357612211        18.688200833661192     
 LTM d(wg2)/d(wg2)  0.89179609808030857     
 B before wg2 wg2 ==>    111.08779677105730        9.4081335311952472     
 Q value wg2 wg2 ==>   2.97741699871625668E-005  2.52160340885177527E-006
 B after wg2 wg2 ==>   108.75820980871944        9.4081360527986568     
 LTM d(wg2)/d(wg2)  0.88553137352388667     
 B before wg2 wg2 ==>    13.216505411939556        1.1193186951718184     
 Q value wg2 wg2 ==>   2.97741699871625668E-005  2.52160340885177527E-006
 B after wg2 wg2 ==>   12.939371949364871        1.1193212167752271     
 LTM d(wg2)/d(wg2)  0.88689194501922686     
 B before wg2 wg2 ==>    20.726594109690986        1.7553554098541846     
 Q value wg2 wg2 ==>   2.97741699871625668E-005  2.52160340885177527E-006
 B after wg2 wg2 ==>   20.291966987666427        1.7553579314575933     
 LTM d(wg2)/d(wg2)  0.88256664626847592     
 B before wg2 wg2 ==>    62.100949684052722        5.2593898161983015     
 Q value wg2 wg2 ==>   2.97741699871625668E-005  2.52160340885177527E-006
 B after wg2 wg2 ==>   60.798663213512441        5.2593923378017102     
 LTM d(wg2)/d(wg2)  0.88637936168502462     
 B before wg2 wg2 ==>    43.704352791590544        3.7013641363789933     
 Q value wg2 wg2 ==>   2.97741699871625668E-005  2.52160340885177527E-006
 B after wg2 wg2 ==>   42.787860348607545        3.7013666579824021     
 LTM d(wg2)/d(wg2)  0.88296671630331081     
 B before wg2 wg2 ==>    43.797825721387333        3.7092804496973013     
 Q value wg2 wg2 ==>   2.97741699871625668E-005  2.52160340885177527E-006
 B after wg2 wg2 ==>   42.879373062704403        3.7092829713007101     
 LTM d(wg2)/d(wg2)  0.89199944513159379     
 B before wg2 wg2 ==>    44.351154911394829        3.7561424368607281     
 Q value wg2 wg2 ==>   2.97741699871625668E-005  2.52160340885177527E-006
 B after wg2 wg2 ==>   43.421098416522746        3.7561449584641369     
 LTM d(wg2)/d(wg2)  0.88426220055064708     
 B before wg2 wg2 ==>    43.322091088045752        3.6689900209914734     
 Q value wg2 wg2 ==>   2.97741699871625668E-005  2.52160340885177527E-006
 B after wg2 wg2 ==>   42.413615034346790        3.6689925425948822     
 LTM d(wg2)/d(wg2)  0.89928221086325677     
 B before wg2 wg2 ==>    44.669105307464157        3.7830699650813253     
 Q value wg2 wg2 ==>   2.97741699871625668E-005  2.52160340885177527E-006
 B after wg2 wg2 ==>   43.732381092220741        3.7830724866847341     
 LTM d(wg2)/d(wg2)  0.89581119720766578     
 B before wg2 wg2 ==>    39.180904673099306        3.3182689165871531     
 Q value wg2 wg2 ==>   2.97741699871625668E-005  2.52160340885177527E-006
 B after wg2 wg2 ==>   38.359273213279678        3.3182714381905618     
 LTM d(wg2)/d(wg2)  0.91486247090965434     
 B before wg2 wg2 ==>    41.049667797532003        3.4765362827954380     
 Q value wg2 wg2 ==>   2.97741699871625668E-005  2.52160340885177527E-006
 B after wg2 wg2 ==>   40.188846608408646        3.4765388043988468     
 LTM d(wg2)/d(wg2)  0.93058020689699594     
 B before wg2 wg2 ==>    9.9368490363216786       0.84156140755687603     
 Q value wg2 wg2 ==>   2.97741699871625668E-005  2.52160340885177527E-006
 B after wg2 wg2 ==>   9.7284930682776274       0.84156392916028488     
 LTM d(wg2)/d(wg2)  0.91263739700028901     
 B before wg2 wg2 ==>    9.9354720552405205       0.84144478969012537     
 Q value wg2 wg2 ==>   2.97741699871625668E-005  2.52160340885177527E-006
 B after wg2 wg2 ==>   9.7271449637914316       0.84144731129353423     
 LTM d(wg2)/d(wg2)  0.90261723046224807     
 B before wg2 wg2 ==>    10.277495680962488       0.87041110313900438     
 Q value wg2 wg2 ==>   2.97741699871625668E-005  2.52160340885177527E-006
 B after wg2 wg2 ==>   10.061996030759280       0.87041362474241324     
 LTM d(wg2)/d(wg2)  0.78268615149282406     
 B before wg2 wg2 ==>    12.646572584344668       0.99765041340249949     
 Q value wg2 wg2 ==>   2.77337176632344430E-005  2.18783031587271753E-006
 B after wg2 wg2 ==>   11.532880722831029       0.99765260123281541     
 LTM d(wg2)/d(wg2)  0.76969643827540768     
 B before wg2 wg2 ==>    12.349395149286483       0.97420697139776946     
 Q value wg2 wg2 ==>   2.77337176632344430E-005  2.18783031587271753E-006
 B after wg2 wg2 ==>   11.261874141943998       0.97420915922808538     
 LTM d(wg2)/d(wg2)  0.78125018417341463     
 B before wg2 wg2 ==>    12.157207052985266       0.95904582536810912     
 Q value wg2 wg2 ==>   2.77337176632344430E-005  2.18783031587271753E-006
 B after wg2 wg2 ==>   11.086611040774885       0.95904801319842503     
 LTM d(wg2)/d(wg2)  0.76931695424912283     
 B before wg2 wg2 ==>    18.261190559196628        1.4405708889977789     
 Q value wg2 wg2 ==>   2.77337176632344430E-005  2.18783031587271753E-006
 B after wg2 wg2 ==>   16.653048813835579        1.4405730768280947     
 LTM d(wg2)/d(wg2)  0.76441488418640213     
 B before wg2 wg2 ==>    18.136954246553330        1.4307702566255249     
 Q value wg2 wg2 ==>   2.77337176632344430E-005  2.18783031587271753E-006
 B after wg2 wg2 ==>   16.539753340022500        1.4307724444558407     
 LTM d(wg2)/d(wg2)  0.75406444630554559     
 B before wg2 wg2 ==>    37.695451861181105        2.9736818321238534     
 Q value wg2 wg2 ==>   2.77337176632344430E-005  2.18783031587271753E-006
 B after wg2 wg2 ==>   34.375836906695838        2.9736840199541694     
 LTM d(wg2)/d(wg2)  0.75602142143276474     
 B before wg2 wg2 ==>    38.519471134489002        3.0386862563015882     
 Q value wg2 wg2 ==>   2.77337176632344430E-005  2.18783031587271753E-006
 B after wg2 wg2 ==>   35.127289135228828        3.0386884441319042     
 LTM d(wg2)/d(wg2)  0.75722759013450780     
 B before wg2 wg2 ==>    39.460787199905845        3.1129438747624234     
 Q value wg2 wg2 ==>   2.77337176632344430E-005  2.18783031587271753E-006
 B after wg2 wg2 ==>   35.985708444126566        3.1129460625927394     
 LTM d(wg2)/d(wg2)  0.76072754242323704     
 B before wg2 wg2 ==>    41.070799481930948        3.2399529444556472     
 Q value wg2 wg2 ==>   2.77337176632344430E-005  2.18783031587271753E-006
 B after wg2 wg2 ==>   37.453935409785387        3.2399551322859632     
 LTM d(wg2)/d(wg2)  0.76364957257275023     
 B before wg2 wg2 ==>    41.866256600077882        3.3027041853527770     
 Q value wg2 wg2 ==>   2.77337176632344430E-005  2.18783031587271753E-006
 B after wg2 wg2 ==>   38.179340801984978        3.3027063731830930     
 LTM d(wg2)/d(wg2)  0.78182584227114371     
 B before wg2 wg2 ==>    42.681270400203722        3.4161572192126339     
 Q value wg2 wg2 ==>   2.81386369505465605E-005  2.25218244105860065E-006
 B after wg2 wg2 ==>   39.490860511047593        3.4161594713950749     
 LTM d(wg2)/d(wg2)  0.81668227392858972     
 B before wg2 wg2 ==>    37.055967267510717        3.0261916842176335     
 Q value wg2 wg2 ==>   2.87105044729339884E-005  2.34465583527925338E-006
 B after wg2 wg2 ==>   34.982853486287510        3.0261940288734688     
 LTM d(wg2)/d(wg2)  0.82727902809487142     
 B before wg2 wg2 ==>    34.954875842395879        2.8646813840548409     
 Q value wg2 wg2 ==>   2.88118474121506190E-005  2.36123747925632112E-006
 B after wg2 wg2 ==>   33.115791912198233        2.8646837452923202     
 LTM d(wg2)/d(wg2)  0.85650674363162227     
 B before wg2 wg2 ==>    8.0586770173553948       0.66689691970110632     
 Q value wg2 wg2 ==>   2.90936028119118281E-005  2.40764508324205215E-006
 B after wg2 wg2 ==>   7.7093673558467373       0.66689932734618951     
 LTM d(wg2)/d(wg2)  0.91802893320441614     
 B before wg2 wg2 ==>    13.342067464850112        1.1262049717051001     
 Q value wg2 wg2 ==>   2.96754184767961874E-005  2.50490442459868871E-006
 B after wg2 wg2 ==>   13.018977227993160        1.1262074766095247     
 LTM d(wg2)/d(wg2)  0.97495279344141128     
 B before wg2 wg2 ==>    10.564369820937610       0.92338738291883504     
 Q value wg2 wg2 ==>   3.07286077929626550E-005  2.68585909160881841E-006
 B after wg2 wg2 ==>   10.674404608080005       0.92339006877792662     
 LTM d(wg2)/d(wg2)  0.97522829079659368     
 B before wg2 wg2 ==>    13.651409488777068        1.1932126094272266     
 Q value wg2 wg2 ==>   3.07286077929626550E-005  2.68585909160881841E-006
 B after wg2 wg2 ==>   13.793588730375449        1.1932152952863182     
 LTM d(wg2)/d(wg2)  0.97649251662870906     
 B before wg2 wg2 ==>    10.310224213108409       0.90117357824601696     
 Q value wg2 wg2 ==>   3.07286077929626550E-005  2.68585909160881841E-006
 B after wg2 wg2 ==>   10.417612655274690       0.90117626410510854     
 LTM d(wg2)/d(wg2)  0.97591370879056816     
 B before wg2 wg2 ==>    87.373093832739684        7.6369167133695495     
 Q value wg2 wg2 ==>   3.07286077929626550E-005  2.68585909160881841E-006
 B after wg2 wg2 ==>   88.282915728723395        7.6369193992286410     
 LTM d(wg2)/d(wg2)  0.97181171377485109     
 B before wg2 wg2 ==>    158.31157129632069        13.837352344042049     
 Q value wg2 wg2 ==>   3.07286077929626550E-005  2.68585909160881841E-006
 B after wg2 wg2 ==>   159.96005511549276        13.837355029901142     
 LTM d(wg2)/d(wg2)  0.97565940598721879     
 B before wg2 wg2 ==>    106.09394778066104        9.2732282611455830     
 Q value wg2 wg2 ==>   3.07286077929626550E-005  2.68585909160881841E-006
 B after wg2 wg2 ==>   107.19870453393710        9.2732309470046754     
 LTM d(wg2)/d(wg2)  0.97616760605626163     
 B before wg2 wg2 ==>    152.16907399126057        13.300462344236831     
 Q value wg2 wg2 ==>   3.07286077929626550E-005  2.68585909160881841E-006
 B after wg2 wg2 ==>   153.75359775610437        13.300465030095923     
 LTM d(wg2)/d(wg2)  0.97762315674730305     
 B before wg2 wg2 ==>    163.57452702568807        14.297365293203169     
 Q value wg2 wg2 ==>   3.07286077929626550E-005  2.68585909160881841E-006
 B after wg2 wg2 ==>   165.27781248622193        14.297367979062262     
 LTM d(wg2)/d(wg2)  0.97644296066800196     
 B before wg2 wg2 ==>    136.75907522288051        11.953538800788401     
 Q value wg2 wg2 ==>   3.07286077929626550E-005  2.68585909160881841E-006
 B after wg2 wg2 ==>   138.18313911131344        11.953541486647493     
 LTM d(wg2)/d(wg2)  0.90035068981654409     
 B before wg2 wg2 ==>    63.697046929214039        5.3945648439486300     
 Q value wg2 wg2 ==>   2.97741699871625668E-005  2.52160340885177527E-006
 B after wg2 wg2 ==>   62.361288790615610        5.3945673655520388     
 LTM d(wg2)/d(wg2)  0.88850719802483458     
 B before wg2 wg2 ==>    48.273809904103835        4.0883559026140714     
 Q value wg2 wg2 ==>   2.97741699871625668E-005  2.52160340885177527E-006
 B after wg2 wg2 ==>   47.261491625859470        4.0883584242174802     
 LTM d(wg2)/d(wg2)  0.88594914461853547     
 B before wg2 wg2 ==>    47.898620480263808        4.0565807454718890     
 Q value wg2 wg2 ==>   2.97741699871625668E-005  2.52160340885177527E-006
 B after wg2 wg2 ==>   46.894170278912483        4.0565832670752977     
 LTM d(wg2)/d(wg2)  0.88725980655969006     
 B before wg2 wg2 ==>    40.202296081704162        3.4047715481910026     
 Q value wg2 wg2 ==>   2.97741699871625668E-005  2.52160340885177527E-006
 B after wg2 wg2 ==>   39.359245078501509        3.4047740697944113     
 LTM d(wg2)/d(wg2)  0.88376342577458111     
 B before wg2 wg2 ==>    38.458566753411958        3.2570934157617106     
 Q value wg2 wg2 ==>   2.97741699871625668E-005  2.52160340885177527E-006
 B after wg2 wg2 ==>   37.652083402610671        3.2570959373651194     
 LTM d(wg2)/d(wg2)  0.88438397269445845     
 B before wg2 wg2 ==>    8.0964666364678148       0.68569763251081406     
 Q value wg2 wg2 ==>   2.97741699871625668E-005  2.52160340885177527E-006
 B after wg2 wg2 ==>   7.9267052271041276       0.68570015411422292     
 LTM d(wg2)/d(wg2)  0.90668081847893556     
 B before wg2 wg2 ==>    8.6177322136311414       0.72984412112355668     
 Q value wg2 wg2 ==>   2.97741699871625668E-005  2.52160340885177527E-006
 B after wg2 wg2 ==>   8.4370393723501085       0.72984664272696553     
 LTM d(wg2)/d(wg2)  0.91052914619653558     
 B before wg2 wg2 ==>    8.8287479710596219       0.74771525081357026     
 Q value wg2 wg2 ==>   2.97741699871625668E-005  2.52160340885177527E-006
 B after wg2 wg2 ==>   8.6436299298673074       0.74771777241697912     
 LTM d(wg2)/d(wg2)  0.90635307315077585     
 B before wg2 wg2 ==>    8.5634718518767077       0.72524875832336766     
 Q value wg2 wg2 ==>   2.97741699871625668E-005  2.52160340885177527E-006
 B after wg2 wg2 ==>   8.3839169016752226       0.72525127992677652     
 LTM d(wg2)/d(wg2)  0.89491733125723483     
 B before wg2 wg2 ==>    8.4762297677590510       0.71786014138454890     
 Q value wg2 wg2 ==>   2.97741699871625668E-005  2.52160340885177527E-006
 B after wg2 wg2 ==>   8.2985043665334430       0.71786266298795776     
 LTM d(wg2)/d(wg2)  0.92201870097715610     
 B before wg2 wg2 ==>    9.2753172279668572       0.78553563542853033     
 Q value wg2 wg2 ==>   2.97741699871625668E-005  2.52160340885177527E-006
 B after wg2 wg2 ==>   9.0808342073051023       0.78553815703193919     
 LTM d(wg2)/d(wg2)  0.92597026331565613     
 B before wg2 wg2 ==>    15.528861012206420        1.3151543395113396     
 Q value wg2 wg2 ==>   2.97741699871625668E-005  2.52160340885177527E-006
 B after wg2 wg2 ==>   15.203235266771685        1.3151568611147484     
 LTM d(wg2)/d(wg2)  0.92311985919789530     
 B before wg2 wg2 ==>    15.487889464579654        1.3116844193017709     
 Q value wg2 wg2 ==>   2.97741699871625668E-005  2.52160340885177527E-006
 B after wg2 wg2 ==>   15.163122931229989        1.3116869409051797     
 LTM d(wg2)/d(wg2)  0.89255942400871346     
 B before wg2 wg2 ==>    45.271816782524070        3.8341141859855665     
 Q value wg2 wg2 ==>   2.97741699871625668E-005  2.52160340885177527E-006
 B after wg2 wg2 ==>   44.322453137891756        3.8341167075889753     
 LTM d(wg2)/d(wg2)  0.91457992983033054     
 B before wg2 wg2 ==>    47.599482507349080        4.0312464596616042     
 Q value wg2 wg2 ==>   2.97741699871625668E-005  2.52160340885177527E-006
 B after wg2 wg2 ==>   46.601305512071725        4.0312489812650130     
 LTM d(wg2)/d(wg2)  0.77368440193098786     
 B before wg2 wg2 ==>    39.516941007313058        3.1173736812416335     
 Q value wg2 wg2 ==>   2.77337176632344430E-005  2.18783031587271753E-006
 B after wg2 wg2 ==>   36.036917080967513        3.1173758690719495     
 LTM d(wg2)/d(wg2)  0.75495718759788843     
 B before wg2 wg2 ==>    37.898389426291786        2.9896909717051336     
 Q value wg2 wg2 ==>   2.77337176632344430E-005  2.18783031587271753E-006
 B after wg2 wg2 ==>   34.560902827476184        2.9896931595354497     
 LTM d(wg2)/d(wg2)  0.76384356539952536     
 B before wg2 wg2 ==>    39.331421192863644        3.1027385760899868     
 Q value wg2 wg2 ==>   2.77337176632344430E-005  2.18783031587271753E-006
 B after wg2 wg2 ==>   35.867735021128787        3.1027407639203028     
 LTM d(wg2)/d(wg2)  0.79279299587473018     
 B before wg2 wg2 ==>    42.083238123234814        3.3198212109211269     
 Q value wg2 wg2 ==>   2.77337176632344430E-005  2.18783031587271753E-006
 B after wg2 wg2 ==>   38.377213903268419        3.3198233987514429     
 LTM d(wg2)/d(wg2)  0.75192580777479046     
 B before wg2 wg2 ==>    32.020469947616007        2.5259994253404896     
 Q value wg2 wg2 ==>   2.77337176632344430E-005  2.18783031587271753E-006
 B after wg2 wg2 ==>   29.200620811672010        2.5260016131708056     
 LTM d(wg2)/d(wg2)  0.75177090326704310     
 B before wg2 wg2 ==>    31.876422788773855        2.5146359743651456     
 Q value wg2 wg2 ==>   2.77337176632344430E-005  2.18783031587271753E-006
 B after wg2 wg2 ==>   29.069259128721018        2.5146381621954617     
 LTM d(wg2)/d(wg2)  0.75231047715157651     
 B before wg2 wg2 ==>    13.594008783610827        1.0723908309793899     
 Q value wg2 wg2 ==>   2.77337176632344430E-005  2.18783031587271753E-006
 B after wg2 wg2 ==>   12.396881197569137        1.0723930188097057     
 LTM d(wg2)/d(wg2)  0.75491398646807784     
 B before wg2 wg2 ==>    15.595347636224206        1.2302704873330712     
 Q value wg2 wg2 ==>   2.77337176632344430E-005  2.18783031587271753E-006
 B after wg2 wg2 ==>   14.221972660307326        1.2302726751633870     
 LTM d(wg2)/d(wg2)  0.75659892500752923     
 B before wg2 wg2 ==>    17.115598272637399        1.3501985283716802     
 Q value wg2 wg2 ==>   2.77337176632344430E-005  2.18783031587271753E-006
 B after wg2 wg2 ==>   15.608342816523953        1.3502007162019960     
 LTM d(wg2)/d(wg2)  0.75234179138105861     
 B before wg2 wg2 ==>    17.175393801017727        1.3549156193629661     
 Q value wg2 wg2 ==>   2.77337176632344430E-005  2.18783031587271753E-006
 B after wg2 wg2 ==>   15.662872467119778        1.3549178071932819     
 LTM d(wg2)/d(wg2)  0.76230816540861601     
 B before wg2 wg2 ==>    17.435368659157927        1.3754242609706453     
 Q value wg2 wg2 ==>   2.77337176632344430E-005  2.18783031587271753E-006
 B after wg2 wg2 ==>   15.899952706429911        1.3754264488009611     
 LTM d(wg2)/d(wg2)  0.84455301027598706     
 B before wg2 wg2 ==>    5.7795731987346617       0.47828937121097109     
 Q value wg2 wg2 ==>   2.90936028119118281E-005  2.40764508324205215E-006
 B after wg2 wg2 ==>   5.5290609471084817       0.47829177885605434     
 LTM d(wg2)/d(wg2)  0.84890511420264148     
 B before wg2 wg2 ==>    14.905430022424675        1.2335009018685712     
 Q value wg2 wg2 ==>   2.90936028119118281E-005  2.40764508324205215E-006
 B after wg2 wg2 ==>   14.259318847321397        1.2335033095136545     
 LTM d(wg2)/d(wg2)  0.84158984317118757     
 B before wg2 wg2 ==>    14.357276475212718        1.1881383800338328     
 Q value wg2 wg2 ==>   2.90936028119118281E-005  2.40764508324205215E-006
 B after wg2 wg2 ==>   13.734927337731408        1.1881407876789161     
 LTM d(wg2)/d(wg2)  0.85017577834047875     
 B before wg2 wg2 ==>    41.936276165514215        3.4704422746172172     
 Q value wg2 wg2 ==>   2.90936028119118281E-005  2.40764508324205215E-006
 B after wg2 wg2 ==>   40.118398454788533        3.4704446822623005     
 LTM d(wg2)/d(wg2)  0.85124121432878286     
 B before wg2 wg2 ==>    41.460203423541607        3.4310448096870019     
 Q value wg2 wg2 ==>   2.90936028119118281E-005  2.40764508324205215E-006
 B after wg2 wg2 ==>   39.662963102582140        3.4310472173320852     
 LTM d(wg2)/d(wg2)  0.85280548936824396     
 B before wg2 wg2 ==>    44.772614908619644        3.7051638755614209     
 Q value wg2 wg2 ==>   2.90936028119118281E-005  2.40764508324205215E-006
 B after wg2 wg2 ==>   42.831784079620604        3.7051662832065042     
 LTM d(wg2)/d(wg2)  0.95474254440823214     
 B before wg2 wg2 ==>    51.094794159820495        4.4276248525483846     
 Q value wg2 wg2 ==>   3.04646860373908176E-005  2.63992062679266189E-006
 B after wg2 wg2 ==>   51.183447717845681        4.4276274924690115     
 LTM d(wg2)/d(wg2)  0.97752443240843145     
 B before wg2 wg2 ==>    52.803626903736095        4.6153441882192716     
 Q value wg2 wg2 ==>   3.07286077929626550E-005  2.68585909160881841E-006
 B after wg2 wg2 ==>   53.353486902617007        4.6153468740783632     
 LTM d(wg2)/d(wg2)  0.93037926212115951     
 B before wg2 wg2 ==>    61.675123767883903        5.3336368096590210     
 Q value wg2 wg2 ==>   3.04029659989458205E-005  2.62923474924958071E-006
 B after wg2 wg2 ==>   61.656960941451580        5.3336394388937700     
 LTM d(wg2)/d(wg2)  0.87720734561062397     
 B before wg2 wg2 ==>    116.88495998147819        9.7565715531514297     
 Q value wg2 wg2 ==>   2.93454751338267236E-005  2.44951299080545413E-006
 B after wg2 wg2 ==>   112.78615832521096        9.7565740026644203     
 LTM d(wg2)/d(wg2)  0.92951631212413688     
 B before wg2 wg2 ==>    150.27547018846681        12.995754696862017     
 Q value wg2 wg2 ==>   3.04029659989458205E-005  2.62923474924958071E-006
 B after wg2 wg2 ==>   150.23117161176569        12.995757326096767     
 LTM d(wg2)/d(wg2)  0.90731729922947479     
 B before wg2 wg2 ==>    149.31434732326633        12.723119447841489     
 Q value wg2 wg2 ==>   2.99567440173566616E-005  2.55262296781207919E-006
 B after wg2 wg2 ==>   147.07950269669223        12.723122000464457     
 LTM d(wg2)/d(wg2)  0.95595325287306654     
 B before wg2 wg2 ==>    101.99555693080494        8.8205296338796249     
 Q value wg2 wg2 ==>   3.04029659989458205E-005  2.62923474924958071E-006
 B after wg2 wg2 ==>   101.96550019182658        8.8205322631143748     
 LTM d(wg2)/d(wg2)  0.88766758221731468     
 B before wg2 wg2 ==>    14.460796745786983        1.2246989381941160     
 Q value wg2 wg2 ==>   2.97741699871625668E-005  2.52160340885177527E-006
 B after wg2 wg2 ==>   14.157569317684558        1.2247014597975248     
 LTM d(wg2)/d(wg2)  0.88573570232242460     
 B before wg2 wg2 ==>    14.190938868342093        1.2018444121413685     
 Q value wg2 wg2 ==>   2.97741699871625668E-005  2.52160340885177527E-006
 B after wg2 wg2 ==>   13.893370615032490        1.2018469337447772     
 LTM d(wg2)/d(wg2)  0.88544052997614908     
 B before wg2 wg2 ==>    14.059462650534707        1.1907095634067444     
 Q value wg2 wg2 ==>   2.97741699871625668E-005  2.52160340885177527E-006
 B after wg2 wg2 ==>   13.764651577799990        1.1907120850101531     
 LTM d(wg2)/d(wg2)  0.88513265295621191     
 B before wg2 wg2 ==>    14.187802411975403        1.2015787826017585     
 Q value wg2 wg2 ==>   2.97741699871625668E-005  2.52160340885177527E-006
 B after wg2 wg2 ==>   13.890299933120772        1.2015813042051673     
 LTM d(wg2)/d(wg2)  0.88443914669660650     
 B before wg2 wg2 ==>    16.596420891246961        1.4055670237709741     
 Q value wg2 wg2 ==>   2.97741699871625668E-005  2.52160340885177527E-006
 B after wg2 wg2 ==>   16.248407405960059        1.4055695453743828     
 LTM d(wg2)/d(wg2)  0.88392997599116030     
 B before wg2 wg2 ==>    14.098339352344977        1.1940020690870692     
 Q value wg2 wg2 ==>   2.97741699871625668E-005  2.52160340885177527E-006
 B after wg2 wg2 ==>   13.802712998422265        1.1940045906904779     
 LTM d(wg2)/d(wg2)  0.90446155076911716     
 B before wg2 wg2 ==>    46.346008767673702        3.9250885497606931     
 Q value wg2 wg2 ==>   2.97741699871625668E-005  2.52160340885177527E-006
 B after wg2 wg2 ==>   45.374118301654633        3.9250910713641018     
 LTM d(wg2)/d(wg2)  0.89461769104755717     
 B before wg2 wg2 ==>    45.780234452636456        3.8771725728567583     
 Q value wg2 wg2 ==>   2.97741699871625668E-005  2.52160340885177527E-006
 B after wg2 wg2 ==>   44.820208808843070        3.8771750944601671     
 LTM d(wg2)/d(wg2)  0.89543184123655717     
 B before wg2 wg2 ==>    58.262717378946611        4.9343261899513378     
 Q value wg2 wg2 ==>   2.97741699871625668E-005  2.52160340885177527E-006
 B after wg2 wg2 ==>   57.040922268212881        4.9343287115547465     
 LTM d(wg2)/d(wg2)  0.88578900736704758     
 B before wg2 wg2 ==>    44.391398265848011        3.7595506856823251     
 Q value wg2 wg2 ==>   2.97741699871625668E-005  2.52160340885177527E-006
 B after wg2 wg2 ==>   43.460497829790086        3.7595532072857338     
 LTM d(wg2)/d(wg2)  0.90699411979147238     
 B before wg2 wg2 ==>    46.114438233293733        3.9054766160230292     
 Q value wg2 wg2 ==>   2.97741699871625668E-005  2.52160340885177527E-006
 B after wg2 wg2 ==>   45.147404020289514        3.9054791376264379     
 LTM d(wg2)/d(wg2)  0.91498279727147303     
 B before wg2 wg2 ==>    46.684045381024397        3.9537171992548461     
 Q value wg2 wg2 ==>   2.97741699871625668E-005  2.52160340885177527E-006
 B after wg2 wg2 ==>   45.705065967669647        3.9537197208582548     
 LTM d(wg2)/d(wg2)  0.89962857074367797     
 B before wg2 wg2 ==>    39.589417220450976        3.3528662414632060     
 Q value wg2 wg2 ==>   2.97741699871625668E-005  2.52160340885177527E-006
 B after wg2 wg2 ==>   38.759218866337157        3.3528687630666147     
 LTM d(wg2)/d(wg2)  0.88694242330167672     
 B before wg2 wg2 ==>    38.558713885825462        3.2655749737896764     
 Q value wg2 wg2 ==>   2.97741699871625668E-005  2.52160340885177527E-006
 B after wg2 wg2 ==>   37.750130354986098        3.2655774953930852     
 LTM d(wg2)/d(wg2)  0.88635162417784241     
 B before wg2 wg2 ==>    8.7959757830221097       0.74493974234073790     
 Q value wg2 wg2 ==>   2.97741699871625668E-005  2.52160340885177527E-006
 B after wg2 wg2 ==>   8.6115450055932392       0.74494226394414675     
 LTM d(wg2)/d(wg2)  0.75820410233612223     
 B before wg2 wg2 ==>    11.526182977146753       0.90926621702532873     
 Q value wg2 wg2 ==>   2.77337176632344430E-005  2.18783031587271753E-006
 B after wg2 wg2 ==>   10.511157937422974       0.90926840485564464     
 LTM d(wg2)/d(wg2)  0.77673808744656914     
 B before wg2 wg2 ==>    12.282382875355850       0.96892057286219335     
 Q value wg2 wg2 ==>   2.77337176632344430E-005  2.18783031587271753E-006
 B after wg2 wg2 ==>   11.200763286633434       0.96892276069250927     
 LTM d(wg2)/d(wg2)  0.77766611411935405     
 B before wg2 wg2 ==>    13.411891444186836        1.0580241369401668     
 Q value wg2 wg2 ==>   2.77337176632344430E-005  2.18783031587271753E-006
 B after wg2 wg2 ==>   12.230801974670282        1.0580263247704826     
 LTM d(wg2)/d(wg2)  0.75581330098250432     
 B before wg2 wg2 ==>    14.173656137408177        1.1181174828676224     
 Q value wg2 wg2 ==>   2.77337176632344430E-005  2.18783031587271753E-006
 B after wg2 wg2 ==>   12.925482056655490        1.1181196706979382     
 LTM d(wg2)/d(wg2)  0.75029689229577046     
 B before wg2 wg2 ==>    14.038990829164536        1.1074941381199273     
 Q value wg2 wg2 ==>   2.77337176632344430E-005  2.18783031587271753E-006
 B after wg2 wg2 ==>   12.802676014049792        1.1074963259502431     
 LTM d(wg2)/d(wg2)  0.74901213057983906     
 B before wg2 wg2 ==>    19.432774332420841        1.5329936405296607     
 Q value wg2 wg2 ==>   2.77337176632344430E-005  2.18783031587271753E-006
 B after wg2 wg2 ==>   17.721457364242696        1.5329958283599765     
 LTM d(wg2)/d(wg2)  0.74862705907731975     
 B before wg2 wg2 ==>    20.476639727584242        1.6153410699280819     
 Q value wg2 wg2 ==>   2.77337176632344430E-005  2.18783031587271753E-006
 B after wg2 wg2 ==>   18.673395022612130        1.6153432577583977     
 LTM d(wg2)/d(wg2)  0.74965151616297243     
 B before wg2 wg2 ==>    39.982066470882252        3.1540660425845215     
 Q value wg2 wg2 ==>   2.77337176632344430E-005  2.18783031587271753E-006
 B after wg2 wg2 ==>   36.461081390551456        3.1540682304148375     
 LTM d(wg2)/d(wg2)  0.77591856927235892     
 B before wg2 wg2 ==>    41.682735179946853        3.3362356801097297     
 Q value wg2 wg2 ==>   2.81386370454126277E-005  2.25218245624453090E-006
 B after wg2 wg2 ==>   38.566966184986889        3.3362379322921858     
 LTM d(wg2)/d(wg2)  0.75955632913859983     
 B before wg2 wg2 ==>    41.326948508688290        3.2601597776298350     
 Q value wg2 wg2 ==>   2.77337176632344430E-005  2.18783031587271753E-006
 B after wg2 wg2 ==>   37.687526738566646        3.2601619654601510     
 LTM d(wg2)/d(wg2)  0.82149804411353100     
 B before wg2 wg2 ==>    44.377121405419466        3.6368692637110862     
 Q value wg2 wg2 ==>   2.88118474121506190E-005  2.36123747925632112E-006
 B after wg2 wg2 ==>   42.042296690200658        3.6368716249485655     
 LTM d(wg2)/d(wg2)  0.84980344501559468     
 B before wg2 wg2 ==>    45.693491005328788        3.7813711030007511     
 Q value wg2 wg2 ==>   2.90936028119118281E-005  2.40764508324205215E-006
 B after wg2 wg2 ==>   43.712740900852161        3.7813735106458344     
 LTM d(wg2)/d(wg2)  0.84422715338591592     
 B before wg2 wg2 ==>    46.096310628102508        3.8147064960242472     
 Q value wg2 wg2 ==>   2.90936028119118281E-005  2.40764508324205215E-006
 B after wg2 wg2 ==>   44.098098600630216        3.8147089036693305     
 LTM d(wg2)/d(wg2)  0.84510599297924272     
 B before wg2 wg2 ==>    36.138632504200174        2.9906574798018748     
 Q value wg2 wg2 ==>   2.90936028119118281E-005  2.40764508324205215E-006
 B after wg2 wg2 ==>   34.572078218269617        2.9906598874469581     
 LTM d(wg2)/d(wg2)  0.84434439391713290     
 B before wg2 wg2 ==>    36.011943023487767        2.9801732744833487     
 Q value wg2 wg2 ==>   2.90936028119118281E-005  2.40764508324205215E-006
 B after wg2 wg2 ==>   34.450880629787598        2.9801756821284320     
 LTM d(wg2)/d(wg2)  0.84353044764362228     
 B before wg2 wg2 ==>    8.2782053395842787       0.68506401605777834     
 Q value wg2 wg2 ==>   2.90936028119118281E-005  2.40764508324205215E-006
 B after wg2 wg2 ==>   7.9193792929707127       0.68506642370286153     
 LTM d(wg2)/d(wg2)  0.84655183829393277     
 B before wg2 wg2 ==>    15.446025176602443        1.2782379278531180     
 Q value wg2 wg2 ==>   2.90936028119118281E-005  2.40764508324205215E-006
 B after wg2 wg2 ==>   14.776479614442543        1.2782403354982013     
 LTM d(wg2)/d(wg2)  0.92604570023352695     
 B before wg2 wg2 ==>    12.479540818461935        1.0776993998730178     
 Q value wg2 wg2 ==>   3.03599868600416512E-005  2.62180637053696517E-006
 B after wg2 wg2 ==>   12.458253359359277        1.0777020216793882     
 LTM d(wg2)/d(wg2)  0.97675404479649375     
 B before wg2 wg2 ==>    10.605632805173622       0.92699400779764218     
 Q value wg2 wg2 ==>   3.07286077929626550E-005  2.68585909160881841E-006
 B after wg2 wg2 ==>   10.716097251879939       0.92699669365673376     
 LTM d(wg2)/d(wg2)  0.93970578060268506     
 B before wg2 wg2 ==>    36.590986837129712        3.1738834516826837     
 Q value wg2 wg2 ==>   3.04943511348523377E-005  2.64506439434146153E-006
 B after wg2 wg2 ==>   36.690176256147261        3.1738860967470779     
 LTM d(wg2)/d(wg2)  0.87686546282992350     
 B before wg2 wg2 ==>    96.379547118203476        8.0449524717986733     
 Q value wg2 wg2 ==>   2.93454751338267236E-005  2.44951299080545413E-006
 B after wg2 wg2 ==>   92.999813174834912        8.0449549213116640     
 LTM d(wg2)/d(wg2)  0.86302783350438284     
 B before wg2 wg2 ==>    104.31001129360841        8.7069207968021907     
 Q value wg2 wg2 ==>   2.93454751338267236E-005  2.44951299080545413E-006
 B after wg2 wg2 ==>   100.65217806129324        8.7069232463151813     
 LTM d(wg2)/d(wg2)  0.86238542801720375     
 B before wg2 wg2 ==>    148.80698275965577        12.421153030579939     
 Q value wg2 wg2 ==>   2.93454751338267236E-005  2.44951299080545413E-006
 B after wg2 wg2 ==>   143.58876468084412        12.421155480092930     
 LTM d(wg2)/d(wg2)  0.88200284526153161     
 B before wg2 wg2 ==>    164.93846508202131        13.767673246367298     
 Q value wg2 wg2 ==>   2.93454751338267236E-005  2.44951299080545413E-006
 B after wg2 wg2 ==>   159.15456085114084        13.767675695880289     
 LTM d(wg2)/d(wg2)  0.88641605652836708     
 B before wg2 wg2 ==>    48.215610906310559        4.0834269728977919     
 Q value wg2 wg2 ==>   2.97741699871625668E-005  2.52160340885177527E-006
 B after wg2 wg2 ==>   47.204513116066757        4.0834294945012006     
 LTM d(wg2)/d(wg2)  0.88357753442438691     
 B before wg2 wg2 ==>    61.863103696102137        5.2392464081954415     
 Q value wg2 wg2 ==>   2.97741699871625668E-005  2.52160340885177527E-006
 B after wg2 wg2 ==>   60.565805080770403        5.2392489297988503     
 LTM d(wg2)/d(wg2)  0.88412906386718160     
 B before wg2 wg2 ==>    47.779584033132423        4.0464994330123467     
 Q value wg2 wg2 ==>   2.97741699871625668E-005  2.52160340885177527E-006
 B after wg2 wg2 ==>   46.777630138605311        4.0465019546157555     
 LTM d(wg2)/d(wg2)  0.88789252391940654     
 B before wg2 wg2 ==>    47.622089605916216        4.0331610768225765     
 Q value wg2 wg2 ==>   2.97741699871625668E-005  2.52160340885177527E-006
 B after wg2 wg2 ==>   46.623438518410900        4.0331635984259853     
 LTM d(wg2)/d(wg2)  0.89017730315513832     
 B before wg2 wg2 ==>    47.887771086362520        4.0556618997523524     
 Q value wg2 wg2 ==>   2.97741699871625668E-005  2.52160340885177527E-006
 B after wg2 wg2 ==>   46.883548407057489        4.0556644213557611     
 LTM d(wg2)/d(wg2)  0.90017255916512939     
 B before wg2 wg2 ==>    40.338363014093709        3.4162951890076374     
 Q value wg2 wg2 ==>   2.97741699871625668E-005  2.52160340885177527E-006
 B after wg2 wg2 ==>   39.492458558691673        3.4162977106110461     
 LTM d(wg2)/d(wg2)  0.88911108441522890     
 B before wg2 wg2 ==>    39.323502857107620        3.3303456954544219     
 Q value wg2 wg2 ==>   2.97741699871625668E-005  2.52160340885177527E-006
 B after wg2 wg2 ==>   38.498880978568025        3.3303482170578307     
 LTM d(wg2)/d(wg2)  0.88869953880126629     
 B before wg2 wg2 ==>    10.500315320451241       0.88928191507889109     
 Q value wg2 wg2 ==>   2.97741699871625668E-005  2.52160340885177527E-006
 B after wg2 wg2 ==>   10.280142931771470       0.88928443668229995     
 LTM d(wg2)/d(wg2)  0.89560005656322150     
 B before wg2 wg2 ==>    45.363957082618519        3.8419176375985242     
 Q value wg2 wg2 ==>   2.97741699871625668E-005  2.52160340885177527E-006
 B after wg2 wg2 ==>   44.412661168790898        3.8419201592019330     
 LTM d(wg2)/d(wg2)  0.88909463514667175     
 B before wg2 wg2 ==>    9.5972084634900572       0.81279691717457991     
 Q value wg2 wg2 ==>   2.97741699871625668E-005  2.52160340885177527E-006
 B after wg2 wg2 ==>   9.3959750793282595       0.81279943877798877     
 LTM d(wg2)/d(wg2)  0.91637349069595442     
 B before wg2 wg2 ==>    9.6214460818651961       0.81484962464362265     
 Q value wg2 wg2 ==>   2.97741699871625668E-005  2.52160340885177527E-006
 B after wg2 wg2 ==>   9.4197044119336972       0.81485214624703151     
 LTM d(wg2)/d(wg2)  0.90591473437651227     
 B before wg2 wg2 ==>    9.8104164393770841       0.83085370797757852     
 Q value wg2 wg2 ==>   2.97741699871625668E-005  2.52160340885177527E-006
 B after wg2 wg2 ==>   9.6047118824105748       0.83085622958098737     
 LTM d(wg2)/d(wg2)  0.90396567506906522     
 B before wg2 wg2 ==>    9.2739833893631332       0.78542267134014576     
 Q value wg2 wg2 ==>   2.97741699871625668E-005  2.52160340885177527E-006
 B after wg2 wg2 ==>   9.0795283405578058       0.78542519294355462     
 LTM d(wg2)/d(wg2)  0.90877574591768939     
 B before wg2 wg2 ==>    53.380329865154430        4.5208320437359468     
 Q value wg2 wg2 ==>   2.97741699871625668E-005  2.52160340885177527E-006
 B after wg2 wg2 ==>   52.260923036017125        4.5208345653393556     
 LTM d(wg2)/d(wg2)  0.89956414412591290     
 B before wg2 wg2 ==>    15.303453328361980        1.2960643435783350     
 Q value wg2 wg2 ==>   2.97741699871625668E-005  2.52160340885177527E-006
 B after wg2 wg2 ==>   14.982554595140485        1.2960668651817437     
 LTM d(wg2)/d(wg2)  0.79886730891269175     
 B before wg2 wg2 ==>    39.766848816680216        3.2356572027458030     
 Q value wg2 wg2 ==>   2.86051263600042045E-005  2.32747592269314131E-006
 B after wg2 wg2 ==>   37.404278178221631        3.2356595302217257     
 LTM d(wg2)/d(wg2)  0.76332675582760590     
 B before wg2 wg2 ==>    38.697452828047119        3.0527267015662711     
 Q value wg2 wg2 ==>   2.77337176632344430E-005  2.18783031587271753E-006
 B after wg2 wg2 ==>   35.289596916848332        3.0527288893965872     
 LTM d(wg2)/d(wg2)  0.75305041511195281     
 B before wg2 wg2 ==>    37.857554767989328        2.9864696472344208     
 Q value wg2 wg2 ==>   2.77337176632344430E-005  2.18783031587271753E-006
 B after wg2 wg2 ==>   34.523664262825164        2.9864718350647368     
 LTM d(wg2)/d(wg2)  0.75252575197793647     
 B before wg2 wg2 ==>    38.855424254010906        3.0651885964684245     
 Q value wg2 wg2 ==>   2.77337176632344430E-005  2.18783031587271753E-006
 B after wg2 wg2 ==>   35.433656629928201        3.0651907842987405     
 LTM d(wg2)/d(wg2)  0.75118807794697151     
 B before wg2 wg2 ==>    39.692224858744211        3.1312013017828346     
 Q value wg2 wg2 ==>   2.77337176632344430E-005  2.18783031587271753E-006
 B after wg2 wg2 ==>   36.196764605231145        3.1312034896131506     
 LTM d(wg2)/d(wg2)  0.74769195388806675     
 B before wg2 wg2 ==>    39.262856324375932        3.0973296979978842     
 Q value wg2 wg2 ==>   2.77337176632344430E-005  2.18783031587271753E-006
 B after wg2 wg2 ==>   35.805208300100375        3.0973318858282002     
 LTM d(wg2)/d(wg2)  0.84033684510748796     
 B before wg2 wg2 ==>    37.569158257627699        3.1090408343474571     
 Q value wg2 wg2 ==>   2.90936028119118281E-005  2.40764508324205215E-006
 B after wg2 wg2 ==>   35.940591772843312        3.1090432419925405     
 LTM d(wg2)/d(wg2)  0.84183396335100902     
 B before wg2 wg2 ==>    37.695847460889553        3.1195250167055240     
 Q value wg2 wg2 ==>   2.90936028119118281E-005  2.40764508324205215E-006
 B after wg2 wg2 ==>   36.061789095902043        3.1195274243506073     
 LTM d(wg2)/d(wg2)  0.84095292030333391     
 B before wg2 wg2 ==>    14.278254922306600        1.1815989406060465     
 Q value wg2 wg2 ==>   2.90936028119118281E-005  2.40764508324205215E-006
 B after wg2 wg2 ==>   13.659331308791433        1.1816013482511298     
 LTM d(wg2)/d(wg2)  0.84705836075611285     
 B before wg2 wg2 ==>    14.699092543169547        1.2164254155278500     
 Q value wg2 wg2 ==>   2.90936028119118281E-005  2.40764508324205215E-006
 B after wg2 wg2 ==>   14.061925940202707        1.2164278231729333     
 LTM d(wg2)/d(wg2)  0.84152835404291570     
 B before wg2 wg2 ==>    5.7610081446353050       0.47675301761766020     
 Q value wg2 wg2 ==>   2.90936028119118281E-005  2.40764508324205215E-006
 B after wg2 wg2 ==>   5.5113006739253594       0.47675542526274345     
 LTM d(wg2)/d(wg2)  0.84167641009852823     
 B before wg2 wg2 ==>    6.1578150207572868       0.50959082496892338     
 Q value wg2 wg2 ==>   2.90936028119118281E-005  2.40764508324205215E-006
 B after wg2 wg2 ==>   5.8909062750268228       0.50959323261400657     
 LTM d(wg2)/d(wg2)  0.83997199324998528     
 B before wg2 wg2 ==>    6.0854564978530297       0.50360278550102477     
 Q value wg2 wg2 ==>   2.90936028119118281E-005  2.40764508324205215E-006
 B after wg2 wg2 ==>   5.8216844388269866       0.50360519314610797     
 LTM d(wg2)/d(wg2)  0.84262306383285190     
 B before wg2 wg2 ==>    15.545941792918136        1.2865065411136305     
 Q value wg2 wg2 ==>   2.90936028119118281E-005  2.40764508324205215E-006
 B after wg2 wg2 ==>   14.872064921751793        1.2865089487587138     
 LTM d(wg2)/d(wg2)  0.84636960866920052     
 B before wg2 wg2 ==>    14.792112765081297        1.2241233167254362     
 Q value wg2 wg2 ==>   2.90936028119118281E-005  2.40764508324205215E-006
 B after wg2 wg2 ==>   14.150913806538338        1.2241257243705195     
 LTM d(wg2)/d(wg2)  0.84438709121841493     
 B before wg2 wg2 ==>    56.300242755973919        4.6591342960541056     
 Q value wg2 wg2 ==>   2.90936028119118281E-005  2.40764508324205215E-006
 B after wg2 wg2 ==>   53.859698063963165        4.6591367036991889     
 LTM d(wg2)/d(wg2)  0.85424071807936652     
 B before wg2 wg2 ==>    47.857259222234866        3.9604340379830205     
 Q value wg2 wg2 ==>   2.90936028119118281E-005  2.40764508324205215E-006
 B after wg2 wg2 ==>   45.782711418123071        3.9604364456281038     
 LTM d(wg2)/d(wg2)  0.93386644574995237     
 B before wg2 wg2 ==>    46.308135377853958        3.9675925101039038     
 Q value wg2 wg2 ==>   3.01212029042410758E-005  2.58072708095562267E-006
 B after wg2 wg2 ==>   45.865465476158775        3.9675950908309847     
 LTM d(wg2)/d(wg2)  0.97666848896952552     
 B before wg2 wg2 ==>    52.447722784175163        4.5842360976183469     
 Q value wg2 wg2 ==>   3.07286077929626550E-005  2.68585909160881841E-006
 B after wg2 wg2 ==>   52.993876856021480        4.5842387834774385     
 LTM d(wg2)/d(wg2)  0.91485336565430653     
 B before wg2 wg2 ==>    51.873688157888864        4.4201722236645331     
 Q value wg2 wg2 ==>   2.99567440173566616E-005  2.55262296781207919E-006
 B after wg2 wg2 ==>   51.097294194388461        4.4201747762875012     
 LTM d(wg2)/d(wg2)  0.86439195528566304     
 B before wg2 wg2 ==>    61.996508433101681        5.1749461236840224     
 Q value wg2 wg2 ==>   2.93454751338267236E-005  2.44951299080545413E-006
 B after wg2 wg2 ==>   59.822491885166926        5.1749485731970131     
 LTM d(wg2)/d(wg2)  0.85507563544798859     
 B before wg2 wg2 ==>    100.40160083259778        8.3806796249013882     
 Q value wg2 wg2 ==>   2.93454751338267236E-005  2.44951299080545413E-006
 B after wg2 wg2 ==>   96.880824668580004        8.3806820744143788     
 LTM d(wg2)/d(wg2)  0.85687024974153769     
 B before wg2 wg2 ==>    92.524533833024449        7.7231684461964178     
 Q value wg2 wg2 ==>   2.93454751338267236E-005  2.44951299080545413E-006
 B after wg2 wg2 ==>   89.279984467730500        7.7231708957094085     
 LTM d(wg2)/d(wg2)  0.85981800415479714     
 B before wg2 wg2 ==>    141.89843054930762        11.844485305496875     
 Q value wg2 wg2 ==>   2.93454751338267236E-005  2.44951299080545413E-006
 B after wg2 wg2 ==>   136.92247615328353        11.844487755009865     
 LTM d(wg2)/d(wg2)  0.88420414512133227     
 B before wg2 wg2 ==>    19.740323204820378        1.6718271678630447     
 Q value wg2 wg2 ==>   2.97741699871625668E-005  2.52160340885177527E-006
 B after wg2 wg2 ==>   19.326379116015325        1.6718296894664535     
 LTM d(wg2)/d(wg2)  0.88334318390913757     
 B before wg2 wg2 ==>    19.456030731522297        1.6477501618511752     
 Q value wg2 wg2 ==>   2.97741699871625668E-005  2.52160340885177527E-006
 B after wg2 wg2 ==>   19.048048524630460        1.6477526834545839     
 LTM d(wg2)/d(wg2)  0.88558275160673849     
 B before wg2 wg2 ==>    14.182846161512218        1.2011590329305342     
 Q value wg2 wg2 ==>   2.97741699871625668E-005  2.52160340885177527E-006
 B after wg2 wg2 ==>   13.885447619915057        1.2011615545339429     
 LTM d(wg2)/d(wg2)  0.88782068286726179     
 B before wg2 wg2 ==>    14.664768116033480        1.2419734718836697     
 Q value wg2 wg2 ==>   2.97741699871625668E-005  2.52160340885177527E-006
 B after wg2 wg2 ==>   14.357263215478202        1.2419759934870784     
 LTM d(wg2)/d(wg2)  0.88733105379478117     
 B before wg2 wg2 ==>    14.745692687334808        1.2488270525188738     
 Q value wg2 wg2 ==>   2.97741699871625668E-005  2.52160340885177527E-006
 B after wg2 wg2 ==>   14.436490722019498        1.2488295741222826     
 LTM d(wg2)/d(wg2)  0.88643693176288207     
 B before wg2 wg2 ==>    14.168898539211943        1.1999777952351454     
 Q value wg2 wg2 ==>   2.97741699871625668E-005  2.52160340885177527E-006
 B after wg2 wg2 ==>   13.871792492439425        1.1999803168385541     
 LTM d(wg2)/d(wg2)  0.88524125432933609     
 B before wg2 wg2 ==>    21.124669892378986        1.7890688349820789     
 Q value wg2 wg2 ==>   2.97741699871625668E-005  2.52160340885177527E-006
 B after wg2 wg2 ==>   20.681694744881352        1.7890713565854877     
 LTM d(wg2)/d(wg2)  0.89235167166058849     
 B before wg2 wg2 ==>    20.831635454126484        1.7642514634574633     
 Q value wg2 wg2 ==>   2.97741699871625668E-005  2.52160340885177527E-006
 B after wg2 wg2 ==>   20.394805515811139        1.7642539850608721     
 LTM d(wg2)/d(wg2)  0.88741984953063280     
 B before wg2 wg2 ==>    47.662964153439567        4.0366227819990632     
 Q value wg2 wg2 ==>   2.97741699871625668E-005  2.52160340885177527E-006
 B after wg2 wg2 ==>   46.663455888033042        4.0366253036024720     
 LTM d(wg2)/d(wg2)  0.89599448639996448     
 B before wg2 wg2 ==>    48.172181023284175        4.0797488538727249     
 Q value wg2 wg2 ==>   2.97741699871625668E-005  2.52160340885177527E-006
 B after wg2 wg2 ==>   47.161993998742695        4.0797513754761336     
 LTM d(wg2)/d(wg2)  0.88297128710925343     
 B before wg2 wg2 ==>    46.630562405834191        3.9491876740787184     
 Q value wg2 wg2 ==>   2.97741699871625668E-005  2.52160340885177527E-006
 B after wg2 wg2 ==>   45.652704581027855        3.9491901956821271     
 LTM d(wg2)/d(wg2)  0.91452365421689008     
 B before wg2 wg2 ==>    48.986726987173192        4.1487335436254398     
 Q value wg2 wg2 ==>   2.97741699871625668E-005  2.52160340885177527E-006
 B after wg2 wg2 ==>   47.959458163760097        4.1487360652288485     
 LTM d(wg2)/d(wg2)  0.90145341926898148     
 B before wg2 wg2 ==>    47.625499016561513        4.0334498231254647     
 Q value wg2 wg2 ==>   2.97741699871625668E-005  2.52160340885177527E-006
 B after wg2 wg2 ==>   46.626776430491972        4.0334523447288735     
 LTM d(wg2)/d(wg2)  0.91461692425598051     
 B before wg2 wg2 ==>    48.822895403459036        4.1348584874895566     
 Q value wg2 wg2 ==>   2.97741699871625668E-005  2.52160340885177527E-006
 B after wg2 wg2 ==>   47.799062283230157        4.1348610090929654     
 LTM d(wg2)/d(wg2)  0.84637000564624065     
 B before wg2 wg2 ==>    36.797641522152048        3.0630905155079562     
 Q value wg2 wg2 ==>   2.92645863923098242E-005  2.43602778087243465E-006
 B after wg2 wg2 ==>   35.409405648171358        3.0630929515357370     
 LTM d(wg2)/d(wg2)  0.75428712097504502     
 B before wg2 wg2 ==>    32.628357857367149        2.5739538905065178     
 Q value wg2 wg2 ==>   2.77337176632344430E-005  2.18783031587271753E-006
 B after wg2 wg2 ==>   29.754975229435811        2.5739560783368338     
 LTM d(wg2)/d(wg2)  0.74983794882605337     
 B before wg2 wg2 ==>    14.441503392706982        1.1392471544205591     
 Q value wg2 wg2 ==>   2.77337176632344430E-005  2.18783031587271753E-006
 B after wg2 wg2 ==>   13.169741412498885        1.1392493422508749     
 LTM d(wg2)/d(wg2)  0.75586492496567015     
 B before wg2 wg2 ==>    15.933961893324634        1.2569827567109746     
 Q value wg2 wg2 ==>   2.77337176632344430E-005  2.18783031587271753E-006
 B after wg2 wg2 ==>   14.530766940190729        1.2569849445412904     
 LTM d(wg2)/d(wg2)  0.75298813519827701     
 B before wg2 wg2 ==>    17.009732646378772        1.3418471046877030     
 Q value wg2 wg2 ==>   2.77337176632344430E-005  2.18783031587271753E-006
 B after wg2 wg2 ==>   15.511800219337200        1.3418492925180188     
 LTM d(wg2)/d(wg2)  0.82518560675147967     
 B before wg2 wg2 ==>    15.036785979514265        1.2323202366888699     
 Q value wg2 wg2 ==>   2.88118474121506190E-005  2.36123747925632112E-006
 B after wg2 wg2 ==>   14.245669801663992        1.2323225979263492     
 LTM d(wg2)/d(wg2)  0.83440476806188502     
 B before wg2 wg2 ==>    14.353513053296229        1.1878269375379693     
 Q value wg2 wg2 ==>   2.90936028119118281E-005  2.40764508324205215E-006
 B after wg2 wg2 ==>   13.731327057280701        1.1878293451830526     
 LTM d(wg2)/d(wg2)  0.84106535779078706     
 B before wg2 wg2 ==>    4.8586262327912673       0.40207627897845932     
 Q value wg2 wg2 ==>   2.90936028119118281E-005  2.40764508324205215E-006
 B after wg2 wg2 ==>   4.6480363287698561       0.40207868662354257     
 LTM d(wg2)/d(wg2)  0.84658378122919986     
 B before wg2 wg2 ==>    21.713965666234433        1.7969422010735361     
 Q value wg2 wg2 ==>   2.90936028119118281E-005  2.40764508324205215E-006
 B after wg2 wg2 ==>   20.772709670958804        1.7969446087186194     
 LTM d(wg2)/d(wg2)  0.81677592179740566     
 B before wg2 wg2 ==>    14.904771553393278        1.2080891831132656     
 Q value wg2 wg2 ==>   2.84954956818217237E-005  2.30966975758996054E-006
 B after wg2 wg2 ==>   13.965557821747307        1.2080914927830233     
 LTM d(wg2)/d(wg2)  0.83504793934386046     
 B before wg2 wg2 ==>    41.408438907593876        3.3935747509502741     
 Q value wg2 wg2 ==>   2.88118474121506190E-005  2.36123747925632112E-006
 B after wg2 wg2 ==>   39.229808061671591        3.3935771121877534     
 LTM d(wg2)/d(wg2)  0.83677730815433615     
 B before wg2 wg2 ==>    41.307774487933088        3.4184305322551465     
 Q value wg2 wg2 ==>   2.90936028119118281E-005  2.40764508324205215E-006
 B after wg2 wg2 ==>   39.517141844915379        3.4184329399002298     
 LTM d(wg2)/d(wg2)  0.83702799730467570     
 B before wg2 wg2 ==>    45.540625435392244        3.7687206918353104     
 Q value wg2 wg2 ==>   2.90936028119118281E-005  2.40764508324205215E-006
 B after wg2 wg2 ==>   43.566501936622011        3.7687230994803937     
 LTM d(wg2)/d(wg2)  0.83716980793545592     
 B before wg2 wg2 ==>    44.586795390885293        3.6897863559349982     
 Q value wg2 wg2 ==>   2.90936028119118281E-005  2.40764508324205215E-006
 B after wg2 wg2 ==>   42.654019696061262        3.6897887635800815     
 LTM d(wg2)/d(wg2)  0.84622441978660790     
 B before wg2 wg2 ==>    46.260140727973479        3.8282642783653156     
 Q value wg2 wg2 ==>   2.90936028119118281E-005  2.40764508324205215E-006
 B after wg2 wg2 ==>   44.254826790796244        3.8282666860103989     
 LTM d(wg2)/d(wg2)  0.85783716387400055     
 B before wg2 wg2 ==>    46.389520588511495        3.8389711264345880     
 Q value wg2 wg2 ==>   2.90936028119118281E-005  2.40764508324205215E-006
 B after wg2 wg2 ==>   44.378598133193194        3.8389735340796713     
 LTM d(wg2)/d(wg2)  0.85494881296199920     
 B before wg2 wg2 ==>    63.598942443419006        5.2631391877873037     
 Q value wg2 wg2 ==>   2.90936028119118281E-005  2.40764508324205215E-006
 B after wg2 wg2 ==>   60.842004694304777        5.2631415954323870     
 LTM d(wg2)/d(wg2)  0.85435427612439141     
 B before wg2 wg2 ==>    63.155416969310906        5.2264351764645207     
 Q value wg2 wg2 ==>   2.90936028119118281E-005  2.40764508324205215E-006
 B after wg2 wg2 ==>   60.417705710758788        5.2264375841096040     
 LTM d(wg2)/d(wg2)  0.91831247047488618     
 B before wg2 wg2 ==>    12.100293653494150        1.0269539680050155     
 Q value wg2 wg2 ==>   2.98371688089162803E-005  2.53228556097924718E-006
 B after wg2 wg2 ==>   11.871634285072455        1.0269565002905765     
 LTM d(wg2)/d(wg2)  0.92621889831790283     
 B before wg2 wg2 ==>    46.262399412537391        4.0007513781163393     
 Q value wg2 wg2 ==>   3.04029659989458205E-005  2.62923474924958071E-006
 B after wg2 wg2 ==>   46.248783104611910        4.0007540073510883     
 LTM d(wg2)/d(wg2)  0.87210371265548148     
 B before wg2 wg2 ==>    78.471133295978859        6.5501089873361060     
 Q value wg2 wg2 ==>   2.93454751338267236E-005  2.44951299080545413E-006
 B after wg2 wg2 ==>   75.719397542876109        6.5501114368490967     
 LTM d(wg2)/d(wg2)  0.86209753788469268     
 B before wg2 wg2 ==>    142.84114919249532        11.923175514213275     
 Q value wg2 wg2 ==>   2.93454751338267236E-005  2.44951299080545413E-006
 B after wg2 wg2 ==>   137.83213627952335        11.923177963726266     
 LTM d(wg2)/d(wg2)  0.85947666832152703     
 B before wg2 wg2 ==>    145.22037536649040        12.121773267178174     
 Q value wg2 wg2 ==>   2.93454751338267236E-005  2.44951299080545413E-006
 B after wg2 wg2 ==>   140.12792961874399        12.121775716691165     
 LTM d(wg2)/d(wg2)  0.85598790121690427     
 B before wg2 wg2 ==>    56.326150901353415        4.7016324569879844     
 Q value wg2 wg2 ==>   2.93454751338267236E-005  2.44951299080545413E-006
 B after wg2 wg2 ==>   54.350977997721692        4.7016349065009750     
 LTM d(wg2)/d(wg2)  0.85847211855368322     
 B before wg2 wg2 ==>    94.857450449194701        7.9179006674916792     
 Q value wg2 wg2 ==>   2.93454751338267236E-005  2.44951299080545413E-006
 B after wg2 wg2 ==>   91.531092196327606        7.9179031170046699     
 LTM d(wg2)/d(wg2)  0.88687859258830815     
 B before wg2 wg2 ==>    22.549308280882986        1.9097228454341477     
 Q value wg2 wg2 ==>   2.97741699871625668E-005  2.52160340885177527E-006
 B after wg2 wg2 ==>   22.076457119635283        1.9097253670375565     
 LTM d(wg2)/d(wg2)  0.88485175157624774     
 B before wg2 wg2 ==>    65.967553969345360        5.5868562930364005     
 Q value wg2 wg2 ==>   2.97741699871625668E-005  2.52160340885177527E-006
 B after wg2 wg2 ==>   64.584181151753327        5.5868588146398093     
 LTM d(wg2)/d(wg2)  0.88399462387265870     
 B before wg2 wg2 ==>    48.000820315969136        4.0652361489377036     
 Q value wg2 wg2 ==>   2.97741699871625668E-005  2.52160340885177527E-006
 B after wg2 wg2 ==>   46.994226887451234        4.0652386705411123     
 LTM d(wg2)/d(wg2)  0.88616251254807910     
 B before wg2 wg2 ==>    62.438841100926979        5.2880061688616751     
 Q value wg2 wg2 ==>   2.97741699871625668E-005  2.52160340885177527E-006
 B after wg2 wg2 ==>   61.129468727958383        5.2880086904650838     
 LTM d(wg2)/d(wg2)  0.88441853451003027     
 B before wg2 wg2 ==>    47.426191783479410        4.0165702997478077     
 Q value wg2 wg2 ==>   2.97741699871625668E-005  2.52160340885177527E-006
 B after wg2 wg2 ==>   46.431648858497269        4.0165728213512164     
 LTM d(wg2)/d(wg2)  0.88242129864713581     
 B before wg2 wg2 ==>    47.751013119748855        4.0440797345753099     
 Q value wg2 wg2 ==>   2.97741699871625668E-005  2.52160340885177527E-006
 B after wg2 wg2 ==>   46.749658384284132        4.0440822561787186     
 LTM d(wg2)/d(wg2)  0.89164326975457442     
 B before wg2 wg2 ==>    48.388504274369247        4.0980694803615645     
 Q value wg2 wg2 ==>   2.97741699871625668E-005  2.52160340885177527E-006
 B after wg2 wg2 ==>   47.373780746757220        4.0980720019649732     
 LTM d(wg2)/d(wg2)  0.88943654717392517     
 B before wg2 wg2 ==>    38.541359040100573        3.2641051750292460     
 Q value wg2 wg2 ==>   2.97741699871625668E-005  2.52160340885177527E-006
 B after wg2 wg2 ==>   37.733139456781991        3.2641076966326548     
 LTM d(wg2)/d(wg2)  0.89809845574861702     
 B before wg2 wg2 ==>    41.359496153383574        3.5027759475320575     
 Q value wg2 wg2 ==>   2.97741699871625668E-005  2.52160340885177527E-006
 B after wg2 wg2 ==>   40.492177570750201        3.5027784691354662     
 LTM d(wg2)/d(wg2)  0.88743413541060812     
 B before wg2 wg2 ==>    14.360936843361353        1.2162417059531285     
 Q value wg2 wg2 ==>   2.97741699871625668E-005  2.52160340885177527E-006
 B after wg2 wg2 ==>   14.059803571812635        1.2162442275565373     
 LTM d(wg2)/d(wg2)  0.90414474290526825     
 B before wg2 wg2 ==>    14.365714106564916        1.2166462970192868     
 Q value wg2 wg2 ==>   2.97741699871625668E-005  2.52160340885177527E-006
 B after wg2 wg2 ==>   14.064480651290763        1.2166488186226956     
 LTM d(wg2)/d(wg2)  0.92145200092671553     
 B before wg2 wg2 ==>    14.400856802390969        1.2196225661018314     
 Q value wg2 wg2 ==>   2.97741699871625668E-005  2.52160340885177527E-006
 B after wg2 wg2 ==>   14.098886371564154        1.2196250877052401     
 LTM d(wg2)/d(wg2)  0.88946213665514540     
 B before wg2 wg2 ==>    13.880638942702364        1.1755648097008318     
 Q value wg2 wg2 ==>   2.97741699871625668E-005  2.52160340885177527E-006
 B after wg2 wg2 ==>   13.589577972167017        1.1755673313042405     
 LTM d(wg2)/d(wg2)  0.89044541582770986     
 B before wg2 wg2 ==>    13.835956154761909        1.1717805809402575     
 Q value wg2 wg2 ==>   2.97741699871625668E-005  2.52160340885177527E-006
 B after wg2 wg2 ==>   13.545832224529333        1.1717831025436662     
 LTM d(wg2)/d(wg2)  0.79838351573059807     
 B before wg2 wg2 ==>    15.573011136173854        1.2671088394126386     
 Q value wg2 wg2 ==>   2.86051263600042045E-005  2.32747592269314131E-006
 B after wg2 wg2 ==>   14.647826239549673        1.2671111668885613     
 LTM d(wg2)/d(wg2)  0.74766825658897196     
 B before wg2 wg2 ==>    24.072337613869507        1.8989949578726848     
 Q value wg2 wg2 ==>   2.77337176632344430E-005  2.18783031587271753E-006
 B after wg2 wg2 ==>   21.952438701934902        1.8989971457030006     
 LTM d(wg2)/d(wg2)  0.82326094197171928     
 B before wg2 wg2 ==>    22.409859314085853        1.8458062808468516     
 Q value wg2 wg2 ==>   2.89567311206786931E-005  2.38504469957769137E-006
 B after wg2 wg2 ==>   21.337578987505104        1.8458086658915511     
 LTM d(wg2)/d(wg2)  0.82746000516402762     
 B before wg2 wg2 ==>    40.503153933780155        3.3360752014220281     
 Q value wg2 wg2 ==>   2.89567311206786931E-005  2.38504469957769137E-006
 B after wg2 wg2 ==>   38.565112584568141        3.3360775864667276     
 LTM d(wg2)/d(wg2)  0.78365592838706444     
 B before wg2 wg2 ==>    42.327502364114160        3.4027569923871610     
 Q value wg2 wg2 ==>   2.82625170000660235E-005  2.27205651108699338E-006
 B after wg2 wg2 ==>   39.335953895016310        3.4027592644436719     
 LTM d(wg2)/d(wg2)  0.76064831003341749     
 B before wg2 wg2 ==>    41.542266808202328        3.2771455964428484     
 Q value wg2 wg2 ==>   2.77337176632344430E-005  2.18783031587271753E-006
 B after wg2 wg2 ==>   37.883883087568321        3.2771477842731644     
 LTM d(wg2)/d(wg2)  0.78052553031626160     
 B before wg2 wg2 ==>    41.854290265358216        3.3647149230944273     
 Q value wg2 wg2 ==>   2.82625170000660235E-005  2.27205651108699338E-006
 B after wg2 wg2 ==>   38.896186939003144        3.3647171951509383     
 LTM d(wg2)/d(wg2)  0.78380016458945112     
 B before wg2 wg2 ==>    42.017398677004437        3.3778273974254640     
 Q value wg2 wg2 ==>   2.82625170000660235E-005  2.27205651108699338E-006
 B after wg2 wg2 ==>   39.047767361140231        3.3778296694819749     
 LTM d(wg2)/d(wg2)  0.86816502058788791     
 B before wg2 wg2 ==>    47.441098286822061        3.9259945828058225     
 Q value wg2 wg2 ==>   2.90936028119118281E-005  2.40764508324205215E-006
 B after wg2 wg2 ==>   45.384590741419473        3.9259969904509058     
 LTM d(wg2)/d(wg2)  0.78010900071986133     
 B before wg2 wg2 ==>    34.594277615028375        2.7810740883903802     
 Q value wg2 wg2 ==>   2.82625170000660235E-005  2.27205651108699338E-006
 B after wg2 wg2 ==>   32.149289147830508        2.7810763604468911     
 LTM d(wg2)/d(wg2)  0.75476790421665962     
 B before wg2 wg2 ==>    34.038108968041819        2.6851649533442283     
 Q value wg2 wg2 ==>   2.77337176632344430E-005  2.18783031587271753E-006
 B after wg2 wg2 ==>   31.040576972148330        2.6851671411745444     
 LTM d(wg2)/d(wg2)  0.83532211149649638     
 B before wg2 wg2 ==>    15.548634165716830        1.2867293487931379     
 Q value wg2 wg2 ==>   2.90936028119118281E-005  2.40764508324205215E-006
 B after wg2 wg2 ==>   14.874640582245952        1.2867317564382212     
 LTM d(wg2)/d(wg2)  0.79681501912179553     
 B before wg2 wg2 ==>    10.286549192690037       0.83376445424121726     
 Q value wg2 wg2 ==>   2.84954954721335405E-005  2.30966972359789013E-006
 B after wg2 wg2 ==>   9.6383577078467830       0.83376676391094084     
 LTM d(wg2)/d(wg2)  0.79744426141210123     
 B before wg2 wg2 ==>    9.6575766299856873       0.78278380410749127     
 Q value wg2 wg2 ==>   2.84954954721335405E-005  2.30966972359789013E-006
 B after wg2 wg2 ==>   9.0490205413440368       0.78278611377721485     
 LTM d(wg2)/d(wg2)  0.84617385412175139     
 B before wg2 wg2 ==>    15.576303837349066        1.2890191562566879     
 Q value wg2 wg2 ==>   2.90936028119118281E-005  2.40764508324205215E-006
 B after wg2 wg2 ==>   14.901110794745511        1.2890215639017713     
 LTM d(wg2)/d(wg2)  0.85894248174050336     
 B before wg2 wg2 ==>    15.632218744829025        1.2936464020792280     
 Q value wg2 wg2 ==>   2.90936028119118281E-005  2.40764508324205215E-006
 B after wg2 wg2 ==>   14.954601833690958        1.2936488097243113     
 LTM d(wg2)/d(wg2)  0.83912667757377812     
 B before wg2 wg2 ==>    15.247834514520045        1.2618366324827213     
 Q value wg2 wg2 ==>   2.90936028119118281E-005  2.40764508324205215E-006
 B after wg2 wg2 ==>   14.586880366194240        1.2618390401278046     
 LTM d(wg2)/d(wg2)  0.84659910835592289     
 B before wg2 wg2 ==>    59.389944197646770        4.9148229618003709     
 Q value wg2 wg2 ==>   2.90936028119118281E-005  2.40764508324205215E-006
 B after wg2 wg2 ==>   56.815463307884322        4.9148253694454542     
 LTM d(wg2)/d(wg2)  0.85961084097600593     
 B before wg2 wg2 ==>    59.319714226005196        4.9378614093768798     
 Q value wg2 wg2 ==>   2.92645863923098242E-005  2.43602778087243465E-006
 B after wg2 wg2 ==>   57.081788474525510        4.9378638454046611     
 LTM d(wg2)/d(wg2)  0.86687966366393021     
 B before wg2 wg2 ==>    150.52073949733301        12.564203002436823     
 Q value wg2 wg2 ==>   2.93454751338267236E-005  2.44951299080545413E-006
 B after wg2 wg2 ==>   145.24242474326579        12.564205451949814     
 LTM d(wg2)/d(wg2)  0.85983604075390752     
 B before wg2 wg2 ==>    64.629224738900348        5.3947030968715346     
 Q value wg2 wg2 ==>   2.93454751338267236E-005  2.44951299080545413E-006
 B after wg2 wg2 ==>   62.362886163345642        5.3947055463845253     
 LTM d(wg2)/d(wg2)  0.86540160020997181     
 B before wg2 wg2 ==>    159.86366132833655        13.344071390757538     
 Q value wg2 wg2 ==>   2.93454751338267236E-005  2.44951299080545413E-006
 B after wg2 wg2 ==>   154.25771632963068        13.344073840270529     
 LTM d(wg2)/d(wg2)  0.85521270890986334     
 B before wg2 wg2 ==>    61.194834851713075        5.1080291682405798     
 Q value wg2 wg2 ==>   2.93454751338267236E-005  2.44951299080545413E-006
 B after wg2 wg2 ==>   59.048930763278840        5.1080316177535705     
 LTM d(wg2)/d(wg2)  0.85500059481253299     
 B before wg2 wg2 ==>    61.116240992082311        5.1014688150929430     
 Q value wg2 wg2 ==>   2.93454751338267236E-005  2.44951299080545413E-006
 B after wg2 wg2 ==>   58.973092971388304        5.1014712646059337     
 LTM d(wg2)/d(wg2)  0.87147111531907540     
 B before wg2 wg2 ==>    62.634628350941341        5.2282109974443447     
 Q value wg2 wg2 ==>   2.93454751338267236E-005  2.44951299080545413E-006
 B after wg2 wg2 ==>   60.438234714920839        5.2282134469573354     
 LTM d(wg2)/d(wg2)  0.88591942299259674     
 B before wg2 wg2 ==>    52.848698845879404        4.4758076957513264     
 Q value wg2 wg2 ==>   2.97741699871625668E-005  2.52160340885177527E-006
 B after wg2 wg2 ==>   51.740440821779217        4.4758102173547352     
 LTM d(wg2)/d(wg2)  0.88543897532736970     
 B before wg2 wg2 ==>    40.393315086208560        3.4209491334308746     
 Q value wg2 wg2 ==>   2.97741699871625668E-005  2.52160340885177527E-006
 B after wg2 wg2 ==>   39.546258233906826        3.4209516550342833     
 LTM d(wg2)/d(wg2)  0.88902322263480882     
 B before wg2 wg2 ==>    52.200868081355353        4.4209422783480123     
 Q value wg2 wg2 ==>   2.97741699871625668E-005  2.52160340885177527E-006
 B after wg2 wg2 ==>   51.106195680796425        4.4209447999514211     
 LTM d(wg2)/d(wg2)  0.89087149588636061     
 B before wg2 wg2 ==>    52.399587280776842        4.4377720005831431     
 Q value wg2 wg2 ==>   2.97741699871625668E-005  2.52160340885177527E-006
 B after wg2 wg2 ==>   51.300747550752249        4.4377745221865519     
 LTM d(wg2)/d(wg2)  0.88465571019940847     
 B before wg2 wg2 ==>    15.015305813984071        1.2716608503887421     
 Q value wg2 wg2 ==>   2.97741699871625668E-005  2.52160340885177527E-006
 B after wg2 wg2 ==>   14.700449806531493        1.2716633719921508     
 LTM d(wg2)/d(wg2)  0.88318762663954631     
 B before wg2 wg2 ==>    14.486807237800850        1.2269017920555791     
 Q value wg2 wg2 ==>   2.97741699871625668E-005  2.52160340885177527E-006
 B after wg2 wg2 ==>   14.183034345092583        1.2269043136589879     
 LTM d(wg2)/d(wg2)  0.88430215639387710     
 B before wg2 wg2 ==>    55.462137621555115        4.6971423669918897     
 Q value wg2 wg2 ==>   2.97741699871625668E-005  2.52160340885177527E-006
 B after wg2 wg2 ==>   54.299073315785762        4.6971448885952984     
 LTM d(wg2)/d(wg2)  0.88861072521708095     
 B before wg2 wg2 ==>    13.795555433160137        1.1683590045418213     
 Q value wg2 wg2 ==>   2.97741699871625668E-005  2.52160340885177527E-006
 B after wg2 wg2 ==>   13.506278744251272        1.1683615261452300     
 LTM d(wg2)/d(wg2)  0.88609404652285539     
 B before wg2 wg2 ==>    21.456825581049856        1.8171994232464401     
 Q value wg2 wg2 ==>   2.97741699871625668E-005  2.52160340885177527E-006
 B after wg2 wg2 ==>   21.006884814766451        1.8172019448498489     
 LTM d(wg2)/d(wg2)  0.89394595813265687     
 B before wg2 wg2 ==>    21.836934725312464        1.8493912362951863     
 Q value wg2 wg2 ==>   2.97741699871625668E-005  2.52160340885177527E-006
 B after wg2 wg2 ==>   21.379022710948036        1.8493937578985951     
 LTM d(wg2)/d(wg2)  0.90767961188771251     
 B before wg2 wg2 ==>    45.697735597001177        3.8701856645504651     
 Q value wg2 wg2 ==>   2.97741699871625668E-005  2.52160340885177527E-006
 B after wg2 wg2 ==>   44.739440032198509        3.8701881861538738     
 LTM d(wg2)/d(wg2)  0.89148301971172217     
 B before wg2 wg2 ==>    48.439548139862332        4.1023924349656333     
 Q value wg2 wg2 ==>   2.97741699871625668E-005  2.52160340885177527E-006
 B after wg2 wg2 ==>   47.423754174137983        4.1023949565690421     
 LTM d(wg2)/d(wg2)  0.88726828894880194     
 B before wg2 wg2 ==>    48.022665487606801        4.0670862377661159     
 Q value wg2 wg2 ==>   2.97741699871625668E-005  2.52160340885177527E-006
 B after wg2 wg2 ==>   47.015613945188925        4.0670887593695246     
 LTM d(wg2)/d(wg2)  0.85686115858922063     
 B before wg2 wg2 ==>    47.445846125685534        3.9079156879774470     
 Q value wg2 wg2 ==>   2.89567311206786931E-005  2.38504469957769137E-006
 B after wg2 wg2 ==>   45.175598154174033        3.9079180730221466     
 LTM d(wg2)/d(wg2)  0.80172994490187854     
 B before wg2 wg2 ==>    43.237377302340803        3.5180391572156773     
 Q value wg2 wg2 ==>   2.86051263600042045E-005  2.32747592269314131E-006
 B after wg2 wg2 ==>   40.668618285345730        3.5180414846915999     
 LTM d(wg2)/d(wg2)  0.84439742309765531     
 B before wg2 wg2 ==>    45.347151264546234        3.7747644467952495     
 Q value wg2 wg2 ==>   2.92645863923098242E-005  2.43602778087243465E-006
 B after wg2 wg2 ==>   43.636368172944287        3.7747668828230303     
 LTM d(wg2)/d(wg2)  0.88017673395452267     
 B before wg2 wg2 ==>    39.632076940260951        3.3564791346165626     
 Q value wg2 wg2 ==>   2.97741699871625668E-005  2.52160340885177527E-006
 B after wg2 wg2 ==>   38.800983971495512        3.3564816562199713     
 LTM d(wg2)/d(wg2)  0.88416199920154093     
 B before wg2 wg2 ==>    39.987004075439636        3.3865382588288062     
 Q value wg2 wg2 ==>   2.97741699871625668E-005  2.52160340885177527E-006
 B after wg2 wg2 ==>   39.148467949128793        3.3865407804322150     
 LTM d(wg2)/d(wg2)  0.76731206876373093     
 B before wg2 wg2 ==>    62.794121968649904        4.9536411010538499     
 Q value wg2 wg2 ==>   2.77337176632344430E-005  2.18783031587271753E-006
 B after wg2 wg2 ==>   57.264199104535301        4.9536432888841659     
 LTM d(wg2)/d(wg2)  0.75230254138909491     
 B before wg2 wg2 ==>    17.255267840311543        1.3612166442288058     
 Q value wg2 wg2 ==>   2.77337176632344430E-005  2.18783031587271753E-006
 B after wg2 wg2 ==>   15.735712419744091        1.3612188320591216     
 LTM d(wg2)/d(wg2)  0.75884509133747624     
 B before wg2 wg2 ==>    17.106914375731325        1.3495134816303194     
 Q value wg2 wg2 ==>   2.77337176632344430E-005  2.18783031587271753E-006
 B after wg2 wg2 ==>   15.600423664759184        1.3495156694606352     
 LTM d(wg2)/d(wg2)  0.75182969727238225     
 B before wg2 wg2 ==>    16.780917587026540        1.3237965667231275     
 Q value wg2 wg2 ==>   2.77337176632344430E-005  2.18783031587271753E-006
 B after wg2 wg2 ==>   15.303135699171426        1.3237987545534433     
 LTM d(wg2)/d(wg2)  0.81377704198890644     
 B before wg2 wg2 ==>    15.011124573206192        1.2258900222512943     
 Q value wg2 wg2 ==>   2.87105045891754403E-005  2.34465585426507126E-006
 B after wg2 wg2 ==>   14.171336223750147        1.2258923669071486     
 LTM d(wg2)/d(wg2)  0.75001659226003736     
 B before wg2 wg2 ==>    16.923592472917971        1.3350517631759549     
 Q value wg2 wg2 ==>   2.77337176632344430E-005  2.18783031587271753E-006
 B after wg2 wg2 ==>   15.433245958035169        1.3350539510062707     
 LTM d(wg2)/d(wg2)  0.75214227230079655     
 B before wg2 wg2 ==>    16.884417736244380        1.3319613849745344     
 Q value wg2 wg2 ==>   2.77337176632344430E-005  2.18783031587271753E-006
 B after wg2 wg2 ==>   15.397521134442892        1.3319635728048502     
 LTM d(wg2)/d(wg2)  0.77799940547481605     
 B before wg2 wg2 ==>    24.563948709423258        1.9660687212268311     
 Q value wg2 wg2 ==>   2.81386369505465605E-005  2.25218244105860065E-006
 B after wg2 wg2 ==>   22.727813269799761        1.9660709734092721     
 LTM d(wg2)/d(wg2)  0.80822923648541267     
 B before wg2 wg2 ==>    62.634461719303999        5.0767645022490990     
 Q value wg2 wg2 ==>   2.84954954721335405E-005  2.30966972359789013E-006
 B after wg2 wg2 ==>   58.687509085964464        5.0767668119188230     
 LTM d(wg2)/d(wg2)  0.82103869469276403     
 B before wg2 wg2 ==>    44.948712011480538        3.6707561166456424     
 Q value wg2 wg2 ==>   2.87105044729339884E-005  2.34465583527925338E-006
 B after wg2 wg2 ==>   42.434029084071327        3.6707584613014776     
 LTM d(wg2)/d(wg2)  0.84010760845083021     
 B before wg2 wg2 ==>    113.13019914314560        9.3621051161690065     
 Q value wg2 wg2 ==>   2.90936028119118281E-005  2.40764508324205215E-006
 B after wg2 wg2 ==>   108.22611924536058        9.3621075238140889     
 LTM d(wg2)/d(wg2)  0.83966801625802279     
 B before wg2 wg2 ==>    45.612976797446578        3.7747081387060932     
 Q value wg2 wg2 ==>   2.90936028119118281E-005  2.40764508324205215E-006
 B after wg2 wg2 ==>   43.635716922389300        3.7747105463511765     
 LTM d(wg2)/d(wg2)  0.86071448050247645     
 B before wg2 wg2 ==>    63.616459755137960        5.2645888353165020     
 Q value wg2 wg2 ==>   2.90936028119118281E-005  2.40764508324205215E-006
 B after wg2 wg2 ==>   60.858762643939478        5.2645912429615853     
 LTM d(wg2)/d(wg2)  0.85186590455678479     
 B before wg2 wg2 ==>    160.83002875375615        13.309511045091956     
 Q value wg2 wg2 ==>   2.90936028119118281E-005  2.40764508324205215E-006
 B after wg2 wg2 ==>   153.85819767286978        13.309513452737038     
 LTM d(wg2)/d(wg2)  0.86264532089799284     
 B before wg2 wg2 ==>    158.08134865047521        13.195298946686044     
 Q value wg2 wg2 ==>   2.93454751338267236E-005  2.44951299080545413E-006
 B after wg2 wg2 ==>   152.53790439289003        13.195301396199035     
 LTM d(wg2)/d(wg2)  0.86583277506755363     
 B before wg2 wg2 ==>    142.20275718264017        11.869887928504225     
 Q value wg2 wg2 ==>   2.93454751338267236E-005  2.44951299080545413E-006
 B after wg2 wg2 ==>   137.21613089926305        11.869890378017216     
 LTM d(wg2)/d(wg2)  0.85705612343624027     
 B before wg2 wg2 ==>    53.374191860072003        4.4552277902729660     
 Q value wg2 wg2 ==>   2.93454751338267236E-005  2.44951299080545413E-006
 B after wg2 wg2 ==>   51.502535937568055        4.4552302397859567     
 LTM d(wg2)/d(wg2)  0.86000328245449664     
 B before wg2 wg2 ==>    110.73074360724927        9.2428694274180998     
 Q value wg2 wg2 ==>   2.93454751338267236E-005  2.44951299080545413E-006
 B after wg2 wg2 ==>   106.84775317714009        9.2428718769310905     
 LTM d(wg2)/d(wg2)  0.87381992823325727     
 B before wg2 wg2 ==>    58.213978995811566        4.8592124389339002     
 Q value wg2 wg2 ==>   2.93454751338267236E-005  2.44951299080545413E-006
 B after wg2 wg2 ==>   56.172605219304025        4.8592148884468909     
 LTM d(wg2)/d(wg2)  0.86655429111321369     
 B before wg2 wg2 ==>    10.593920823623186       0.88429124294930006     
 Q value wg2 wg2 ==>   2.93454751338267236E-005  2.44951299080545413E-006
 B after wg2 wg2 ==>   10.222449845283851       0.88429369246229084     
 LTM d(wg2)/d(wg2)  0.86117776978252059     
 B before wg2 wg2 ==>    59.097846304562395        4.9329902341496865     
 Q value wg2 wg2 ==>   2.93454751338267236E-005  2.44951299080545413E-006
 B after wg2 wg2 ==>   57.025477763479905        4.9329926836626772     
 LTM d(wg2)/d(wg2)  0.88611202586030580     
 B before wg2 wg2 ==>    11.672695490000068       0.98857193166975399     
 Q value wg2 wg2 ==>   2.97741699871625668E-005  2.52160340885177527E-006
 B after wg2 wg2 ==>   11.427937180887161       0.98857445327316285     
 LTM d(wg2)/d(wg2)  0.89800404289719671     
 B before wg2 wg2 ==>    53.894939262722055        4.5644148140262075     
 Q value wg2 wg2 ==>   2.97741699871625668E-005  2.52160340885177527E-006
 B after wg2 wg2 ==>   52.764740588045768        4.5644173356296163     
 LTM d(wg2)/d(wg2)  0.88927991741878576     
 B before wg2 wg2 ==>    23.715584922693228        2.0084959483257112     
 Q value wg2 wg2 ==>   2.97741699871625668E-005  2.52160340885177527E-006
 B after wg2 wg2 ==>   23.218275837758874        2.0084984699291200     
 LTM d(wg2)/d(wg2)  0.88782616487888766     
 B before wg2 wg2 ==>    49.153014278831627        4.1628165760550733     
 Q value wg2 wg2 ==>   2.97741699871625668E-005  2.52160340885177527E-006
 B after wg2 wg2 ==>   48.122258253717284        4.1628190976584820     
 LTM d(wg2)/d(wg2)  0.88810680673729436     
 B before wg2 wg2 ==>    48.972352996409924        4.1475161963703160     
 Q value wg2 wg2 ==>   2.97741699871625668E-005  2.52160340885177527E-006
 B after wg2 wg2 ==>   47.945385609171197        4.1475187179737247     
 LTM d(wg2)/d(wg2)  0.88362414829977276     
 B before wg2 wg2 ==>    48.182220769440107        4.0805991297373998     
 Q value wg2 wg2 ==>   2.97741699871625668E-005  2.52160340885177527E-006
 B after wg2 wg2 ==>   47.171823201930941        4.0806016513408085     
 LTM d(wg2)/d(wg2)  0.88422758823075653     
 B before wg2 wg2 ==>    47.706148156808119        4.0402800772368135     
 Q value wg2 wg2 ==>   2.97741699871625668E-005  2.52160340885177527E-006
 B after wg2 wg2 ==>   46.705734282028139        4.0402825988402222     
 LTM d(wg2)/d(wg2)  0.89154074442460940     
 B before wg2 wg2 ==>    48.015572016286320        4.0664854847822367     
 Q value wg2 wg2 ==>   2.97741699871625668E-005  2.52160340885177527E-006
 B after wg2 wg2 ==>   47.008669230667650        4.0664880063856454     
 LTM d(wg2)/d(wg2)  0.89493151814919714     
 B before wg2 wg2 ==>    48.414394694969843        4.1002621652582789     
 Q value wg2 wg2 ==>   2.97741699871625668E-005  2.52160340885177527E-006
 B after wg2 wg2 ==>   47.399128220763011        4.1002646868616877     
 LTM d(wg2)/d(wg2)  0.91592349848630639     
 B before wg2 wg2 ==>    42.692245367246635        3.6156477744300228     
 Q value wg2 wg2 ==>   2.97741699871625668E-005  2.52160340885177527E-006
 B after wg2 wg2 ==>   41.796977773720343        3.6156502960334316     
 LTM d(wg2)/d(wg2)  0.90006016191591465     
 B before wg2 wg2 ==>    41.393538072645420        3.5056589907769751     
 Q value wg2 wg2 ==>   2.97741699871625668E-005  2.52160340885177527E-006
 B after wg2 wg2 ==>   40.525505598784520        3.5056615123803838     
 LTM d(wg2)/d(wg2)  0.88195574643578323     
 B before wg2 wg2 ==>    13.856944793307759        1.1735581291482240     
 Q value wg2 wg2 ==>   2.97741699871625668E-005  2.52160340885177527E-006
 B after wg2 wg2 ==>   13.566380711483838        1.1735606507516327     
 LTM d(wg2)/d(wg2)  0.85104456099785719     
 B before wg2 wg2 ==>    14.894288706869213        1.2398227871692193     
 Q value wg2 wg2 ==>   2.92645863923098242E-005  2.43602778087243465E-006
 B after wg2 wg2 ==>   14.332400275024751        1.2398252231970002     
 LTM d(wg2)/d(wg2)  0.78913876494670876     
 B before wg2 wg2 ==>    16.480447757477734        1.3318119688408780     
 Q value wg2 wg2 ==>   2.84103412835477284E-005  2.29588619903333363E-006
 B after wg2 wg2 ==>   15.395795130571619        1.3318142647270770     
 LTM d(wg2)/d(wg2)  0.82391539781549095     
 B before wg2 wg2 ==>    15.520476136428366        1.2783566345883488     
 Q value wg2 wg2 ==>   2.89567311206786931E-005  2.38504469957769137E-006
 B after wg2 wg2 ==>   14.777851605022423        1.2783590196330483     
 LTM d(wg2)/d(wg2)  0.88783654825057379     
 B before wg2 wg2 ==>    41.072452127520471        3.4784659098578246     
 Q value wg2 wg2 ==>   2.97741699871625668E-005  2.52160340885177527E-006
 B after wg2 wg2 ==>   40.211153129458708        3.4784684314612333     
 LTM d(wg2)/d(wg2)  0.89024529882341596     
 B before wg2 wg2 ==>    13.837544599482081        1.1719151078682251     
 Q value wg2 wg2 ==>   2.97741699871625668E-005  2.52160340885177527E-006
 B after wg2 wg2 ==>   13.547387358062130        1.1719176294716338     
 LTM d(wg2)/d(wg2)  0.88656841499284167     
 B before wg2 wg2 ==>    21.333191019184966        1.8067286919788743     
 Q value wg2 wg2 ==>   2.97741699871625668E-005  2.52160340885177527E-006
 B after wg2 wg2 ==>   20.885842986538435        1.8067312135822831     
 LTM d(wg2)/d(wg2)  0.88668410277339260     
 B before wg2 wg2 ==>    21.224890007066680        1.7975565739498141     
 Q value wg2 wg2 ==>   2.97741699871625668E-005  2.52160340885177527E-006
 B after wg2 wg2 ==>   20.779813149023688        1.7975590955532228     
 LTM d(wg2)/d(wg2)  0.75513337660026214     
 B before wg2 wg2 ==>    41.080857013379742        3.2407463531314589     
 Q value wg2 wg2 ==>   2.77337176632344430E-005  2.18783031587271753E-006
 B after wg2 wg2 ==>   37.463107227321160        3.2407485409617749     
 LTM d(wg2)/d(wg2)  0.76221169507032949     
 B before wg2 wg2 ==>    41.674088443032581        3.2875446122715797     
 Q value wg2 wg2 ==>   2.77337176632344430E-005  2.18783031587271753E-006
 B after wg2 wg2 ==>   38.004095884126350        3.2875468001018957     
 LTM d(wg2)/d(wg2)  0.75641101579428849     
 B before wg2 wg2 ==>    41.079258489217985        3.2406202503253287     
 Q value wg2 wg2 ==>   2.77337176632344430E-005  2.18783031587271753E-006
 B after wg2 wg2 ==>   37.461649476777417        3.2406224381556448     
 LTM d(wg2)/d(wg2)  0.76197737589198233     
 B before wg2 wg2 ==>    41.575792332928103        3.2797903251532667     
 Q value wg2 wg2 ==>   2.77337176632344430E-005  2.18783031587271753E-006
 B after wg2 wg2 ==>   37.914456195605943        3.2797925129835828     
 LTM d(wg2)/d(wg2)  0.75002695047423629     
 B before wg2 wg2 ==>    40.574995580481641        3.2008404525968022     
 Q value wg2 wg2 ==>   2.77337176632344430E-005  2.18783031587271753E-006
 B after wg2 wg2 ==>   37.001794351040736        3.2008426404271182     
 LTM d(wg2)/d(wg2)  0.75169847010875779     
 B before wg2 wg2 ==>    40.945635816908705        3.2300791560185345     
 Q value wg2 wg2 ==>   2.77337176632344430E-005  2.18783031587271753E-006
 B after wg2 wg2 ==>   37.339794250641440        3.2300813438488505     
 LTM d(wg2)/d(wg2)  0.79648338789393358     
 B before wg2 wg2 ==>    35.866491513384410        2.9071173589929575     
 Q value wg2 wg2 ==>   2.84954954721335405E-005  2.30966972359789013E-006
 B after wg2 wg2 ==>   33.606351894689929        2.9071196686626810     
 LTM d(wg2)/d(wg2)  0.80777196537957718     
 B before wg2 wg2 ==>    60.822753041749294        4.9299185319932128     
 Q value wg2 wg2 ==>   2.84954954721335405E-005  2.30966972359789013E-006
 B after wg2 wg2 ==>   56.989967218688449        4.9299208416629368     
 LTM d(wg2)/d(wg2)  0.84195358383023222     
 B before wg2 wg2 ==>    21.507544041290775        1.7798597512448422     
 Q value wg2 wg2 ==>   2.90936028119118281E-005  2.40764508324205215E-006
 B after wg2 wg2 ==>   20.575236265802918        1.7798621588899255     
 LTM d(wg2)/d(wg2)  0.85344102305271075     
 B before wg2 wg2 ==>    15.587299713523421        1.2899291214946915     
 Q value wg2 wg2 ==>   2.90936028119118281E-005  2.40764508324205215E-006
 B after wg2 wg2 ==>   14.911630008085755        1.2899315291397748     
 LTM d(wg2)/d(wg2)  0.83890968713596814     
 B before wg2 wg2 ==>    82.740560137274144        6.8472063802850389     
 Q value wg2 wg2 ==>   2.90936028119118281E-005  2.40764508324205215E-006
 B after wg2 wg2 ==>   79.153847880451011        6.8472087879301222     
 LTM d(wg2)/d(wg2)  0.84324464528586207     
 B before wg2 wg2 ==>    83.135344301472927        6.8798767978342141     
 Q value wg2 wg2 ==>   2.90936028119118281E-005  2.40764508324205215E-006
 B after wg2 wg2 ==>   79.531518452646310        6.8798792054792974     
 LTM d(wg2)/d(wg2)  0.85512859749212033     
 B before wg2 wg2 ==>    99.664701786801373        8.2844539063414189     
 Q value wg2 wg2 ==>   2.92230175200690624E-005  2.42911218624928276E-006
 B after wg2 wg2 ==>   95.768453520016337        8.2844563354536049     
 LTM d(wg2)/d(wg2)  0.86258139432584946     
 B before wg2 wg2 ==>    95.047929899085958        7.9338002869342787     
 Q value wg2 wg2 ==>   2.93454751338267236E-005  2.44951299080545413E-006
 B after wg2 wg2 ==>   91.714892062476707        7.9338027364472694     
 LTM d(wg2)/d(wg2)  0.91182515976392065     
 B before wg2 wg2 ==>    105.42146675632590        8.7996957333882371     
 Q value wg2 wg2 ==>   2.93454751338267236E-005  2.44951299080545413E-006
 B after wg2 wg2 ==>   101.72465787680510        8.7996981829012277     
 LTM d(wg2)/d(wg2)  0.86856512622770965     
 B before wg2 wg2 ==>    105.22876085912787        8.7836102688851501     
 Q value wg2 wg2 ==>   2.93454751338267236E-005  2.44951299080545413E-006
 B after wg2 wg2 ==>   101.53870963865467        8.7836127183981407     
 LTM d(wg2)/d(wg2)  0.87204861986410298     
 B before wg2 wg2 ==>    165.72591586391482        13.833403002354267     
 Q value wg2 wg2 ==>   2.93454751338267236E-005  2.44951299080545413E-006
 B after wg2 wg2 ==>   159.91439792749563        13.833405451867257     
 LTM d(wg2)/d(wg2)  0.85853434281143148     
 B before wg2 wg2 ==>    42.556128411817880        3.5522270097093362     
 Q value wg2 wg2 ==>   2.93454751338267236E-005  2.44951299080545413E-006
 B after wg2 wg2 ==>   41.063831841578462        3.5522294592223269     
 LTM d(wg2)/d(wg2)  0.83309226096005962     
 B before wg2 wg2 ==>    39.539473181839355        3.3004220503104720     
 Q value wg2 wg2 ==>   2.93454751338267236E-005  2.44951299080545413E-006
 B after wg2 wg2 ==>   38.152962307859163        3.3004244998234626     
 LTM d(wg2)/d(wg2)  0.83343596321867308     
 B before wg2 wg2 ==>    39.568866432157307        3.3028755511710810     
 Q value wg2 wg2 ==>   2.93454751338267236E-005  2.44951299080545413E-006
 B after wg2 wg2 ==>   38.181324818761055        3.3028780006840717     
 LTM d(wg2)/d(wg2)  0.89651062546514093     
 B before wg2 wg2 ==>    55.390012475175944        4.6910340182099732     
 Q value wg2 wg2 ==>   2.97741699871625668E-005  2.52160340885177527E-006
 B after wg2 wg2 ==>   54.228460701907707        4.6910365398133820     
 LTM d(wg2)/d(wg2)  0.90798082658393586     
 B before wg2 wg2 ==>    86.904282960401645        7.3600082303302372     
 Q value wg2 wg2 ==>   2.97741699871625668E-005  2.52160340885177527E-006
 B after wg2 wg2 ==>   85.081847143900035        7.3600107519336460     
 LTM d(wg2)/d(wg2)  0.89182980351109831     
 B before wg2 wg2 ==>    60.891205528682917        5.1569354073152240     
 Q value wg2 wg2 ==>   2.97741699871625668E-005  2.52160340885177527E-006
 B after wg2 wg2 ==>   59.614288536679460        5.1569379289186328     
 LTM d(wg2)/d(wg2)  0.89990649176064963     
 B before wg2 wg2 ==>    36.812604634822605        3.1176952833917637     
 Q value wg2 wg2 ==>   2.97741699871625668E-005  2.52160340885177527E-006
 B after wg2 wg2 ==>   36.040638665613649        3.1176978049951725     
 LTM d(wg2)/d(wg2)  0.89018218155677209     
 B before wg2 wg2 ==>    14.871401984071332        1.2594734951002069     
 Q value wg2 wg2 ==>   2.97741699871625668E-005  2.52160340885177527E-006
 B after wg2 wg2 ==>   14.559563775967593        1.2594760167036156     
 LTM d(wg2)/d(wg2)  0.88649668735272491     
 B before wg2 wg2 ==>    13.989834645562542        1.1848126999588275     
 Q value wg2 wg2 ==>   2.97741699871625668E-005  2.52160340885177527E-006
 B after wg2 wg2 ==>   13.696483737913031        1.1848152215622363     
 LTM d(wg2)/d(wg2)  0.88991047954517466     
 B before wg2 wg2 ==>    12.901867343447092        1.0926716911946390     
 Q value wg2 wg2 ==>   2.97741699871625668E-005  2.52160340885177527E-006
 B after wg2 wg2 ==>   12.631332138603232        1.0926742127980478     
 LTM d(wg2)/d(wg2)  0.89352384692845377     
 B before wg2 wg2 ==>    55.731120124263704        4.7199227567069988     
 Q value wg2 wg2 ==>   2.97741699871625668E-005  2.52160340885177527E-006
 B after wg2 wg2 ==>   54.562415001137268        4.7199252783104075     
 LTM d(wg2)/d(wg2)  0.93842869553156916     
 B before wg2 wg2 ==>    14.025916422495790        1.1878685007335104     
 Q value wg2 wg2 ==>   2.97741699871625668E-005  2.52160340885177527E-006
 B after wg2 wg2 ==>   13.731808845875063        1.1878710223369191     
 LTM d(wg2)/d(wg2)  0.92199836076299146     
 B before wg2 wg2 ==>    58.303055951035113        4.9377425028470601     
 Q value wg2 wg2 ==>   2.97741699871625668E-005  2.52160340885177527E-006
 B after wg2 wg2 ==>   57.080414902311716        4.9377450244504688     
 LTM d(wg2)/d(wg2)  0.83830752684861110     
 B before wg2 wg2 ==>    23.124423247249574        1.9046619201176966     
 Q value wg2 wg2 ==>   2.89567311206786931E-005  2.38504469957769137E-006
 B after wg2 wg2 ==>   22.017951159880390        1.9046643051623962     
 LTM d(wg2)/d(wg2)  0.85661537372372376     
 B before wg2 wg2 ==>    22.187886007115630        1.8557664126276197     
 Q value wg2 wg2 ==>   2.94042379355188607E-005  2.45933285992848086E-006
 B after wg2 wg2 ==>   21.452719135915306        1.8557688719604797     
 LTM d(wg2)/d(wg2)  0.74799727603269239     
 B before wg2 wg2 ==>    58.486679457431997        4.6138398012658151     
 Q value wg2 wg2 ==>   2.77337176632344430E-005  2.18783031587271753E-006
 B after wg2 wg2 ==>   53.336090407103221        4.6138419890961311     
 LTM d(wg2)/d(wg2)  0.74911259868812097     
 B before wg2 wg2 ==>    58.688029438956825        4.6297237011103860     
 Q value wg2 wg2 ==>   2.77337176632344430E-005  2.18783031587271753E-006
 B after wg2 wg2 ==>   53.519708554436740        4.6297258889407020     
 LTM d(wg2)/d(wg2)  0.82886713439429172     
 B before wg2 wg2 ==>    97.304168464833779        8.0145369405366473     
 Q value wg2 wg2 ==>   2.89567311206786931E-005  2.38504469957769137E-006
 B after wg2 wg2 ==>   92.648208380502581        8.0145393255813477     
 LTM d(wg2)/d(wg2)  0.89086944735635609     
 B before wg2 wg2 ==>    62.643943052006648        5.3053764525413758     
 Q value wg2 wg2 ==>   2.97741699871625668E-005  2.52160340885177527E-006
 B after wg2 wg2 ==>   61.330269497236358        5.3053789741447845     
 LTM d(wg2)/d(wg2)  0.89365590329007583     
 B before wg2 wg2 ==>    48.575060368337773        4.1138690973683838     
 Q value wg2 wg2 ==>   2.97741699871625668E-005  2.52160340885177527E-006
 B after wg2 wg2 ==>   47.556424583079490        4.1138716189717925     
 LTM d(wg2)/d(wg2)  0.88797457506404154     
 B before wg2 wg2 ==>    61.934626241021199        5.2453037220737269     
 Q value wg2 wg2 ==>   2.97741699871625668E-005  2.52160340885177527E-006
 B after wg2 wg2 ==>   60.635827730310623        5.2453062436771356     
 LTM d(wg2)/d(wg2)  0.88556808030494305     
 B before wg2 wg2 ==>    40.084528376333161        3.3947976867048824     
 Q value wg2 wg2 ==>   2.97741699871625668E-005  2.52160340885177527E-006
 B after wg2 wg2 ==>   39.243947073240633        3.3948002083082911     
 LTM d(wg2)/d(wg2)  0.75553992655377711     
 B before wg2 wg2 ==>    34.105470767450420        2.6904789249028718     
 Q value wg2 wg2 ==>   2.77337176632344430E-005  2.18783031587271753E-006
 B after wg2 wg2 ==>   31.102006572065793        2.6904811127331878     
 LTM d(wg2)/d(wg2)  0.75306753069150789     
 B before wg2 wg2 ==>    17.386389542024997        1.3715604444203613     
 Q value wg2 wg2 ==>   2.77337176632344430E-005  2.18783031587271753E-006
 B after wg2 wg2 ==>   15.855286922614722        1.3715626322506771     
 LTM d(wg2)/d(wg2)  0.82657145179446101     
 B before wg2 wg2 ==>    15.156237907538140        1.2483558567526964     
 Q value wg2 wg2 ==>   2.89567311206786931E-005  2.38504469957769137E-006
 B after wg2 wg2 ==>   14.431042112476442        1.2483582417973960     
 LTM d(wg2)/d(wg2)  0.84651052734789589     
 B before wg2 wg2 ==>    14.608315923576594        1.2160179865362846     
 Q value wg2 wg2 ==>   2.92645863923098242E-005  2.43602778087243465E-006
 B after wg2 wg2 ==>   14.057216382363961        1.2160204225640654     
 LTM d(wg2)/d(wg2)  0.88620867117754953     
 B before wg2 wg2 ==>    18.999114491005187        1.6090534811328059     
 Q value wg2 wg2 ==>   2.97741699871625668E-005  2.52160340885177527E-006
 B after wg2 wg2 ==>   18.600714249610331        1.6090560027362146     
 LTM d(wg2)/d(wg2)  0.83053443377530167     
 B before wg2 wg2 ==>    15.461073933356666        1.2734639238404073     
 Q value wg2 wg2 ==>   2.89567311206786931E-005  2.38504469957769137E-006
 B after wg2 wg2 ==>   14.721291787108257        1.2734663088851068     
 LTM d(wg2)/d(wg2)  0.78582575495443685     
 B before wg2 wg2 ==>    59.908552084605937        4.8161179408035766     
 Q value wg2 wg2 ==>   2.82625168635786852E-005  2.27205648914224251E-006
 B after wg2 wg2 ==>   55.674430050194253        4.8161202128600653     
 LTM d(wg2)/d(wg2)  0.80507218333890240     
 B before wg2 wg2 ==>    60.485331638932927        4.9025692269445944     
 Q value wg2 wg2 ==>   2.84954954721335405E-005  2.30966972359789013E-006
 B after wg2 wg2 ==>   56.673808795818331        4.9025715366143183     
 LTM d(wg2)/d(wg2)  0.82511643585814010     
 B before wg2 wg2 ==>    60.017918628762843        4.9186904562539731     
 Q value wg2 wg2 ==>   2.88118474121506190E-005  2.36123747925632112E-006
 B after wg2 wg2 ==>   56.860171071850580        4.9186928174914524     
 LTM d(wg2)/d(wg2)  0.84768191119930769     
 B before wg2 wg2 ==>    126.58955393376489        10.475935864280311     
 Q value wg2 wg2 ==>   2.90936028119118281E-005  2.40764508324205215E-006
 B after wg2 wg2 ==>   121.10202128532491        10.475938271925394     
 LTM d(wg2)/d(wg2)  0.83570873254545031     
 B before wg2 wg2 ==>    45.249389747225997        3.7446194425946699     
 Q value wg2 wg2 ==>   2.90936028119118281E-005  2.40764508324205215E-006
 B after wg2 wg2 ==>   43.287891093107895        3.7446218502397532     
 LTM d(wg2)/d(wg2)  0.83959833947983620     
 B before wg2 wg2 ==>    61.291682507962356        5.0722015759941996     
 Q value wg2 wg2 ==>   2.90936028119118281E-005  2.40764508324205215E-006
 B after wg2 wg2 ==>   58.634762714891338        5.0722039836392829     
 LTM d(wg2)/d(wg2)  0.84981255379226783     
 B before wg2 wg2 ==>    160.66046291305190        13.325460341943838     
 Q value wg2 wg2 ==>   2.91592098424362670E-005  2.41851596411799392E-006
 B after wg2 wg2 ==>   154.04257193636698        13.325462760459802     
 LTM d(wg2)/d(wg2)  0.88440638224949331     
 B before wg2 wg2 ==>    64.283964249654304        5.3658836604929032     
 Q value wg2 wg2 ==>   2.93454751338267236E-005  2.44951299080545413E-006
 B after wg2 wg2 ==>   62.029732997761492        5.3658861100058939     
 LTM d(wg2)/d(wg2)  0.85041802048652315     
 B before wg2 wg2 ==>    42.117437424512538        3.5156087826248124     
 Q value wg2 wg2 ==>   2.93454751338267236E-005  2.44951299080545413E-006
 B after wg2 wg2 ==>   40.640524525258641        3.5156112321378030     
 LTM d(wg2)/d(wg2)  0.86574329080323476     
 B before wg2 wg2 ==>    103.84751106875414        8.6683151751905285     
 Q value wg2 wg2 ==>   2.93454751338267236E-005  2.44951299080545413E-006
 B after wg2 wg2 ==>   100.20589643106659        8.6683176247035192     
 LTM d(wg2)/d(wg2)  0.86446800230249654     
 B before wg2 wg2 ==>    37.345602911532467        3.1172962463236060     
 Q value wg2 wg2 ==>   2.93454751338267236E-005  2.44951299080545413E-006
 B after wg2 wg2 ==>   36.036024957078673        3.1172986958365967     
 LTM d(wg2)/d(wg2)  0.82748158904576685     
 B before wg2 wg2 ==>    6.1784930555167934       0.51572853852498246     
 Q value wg2 wg2 ==>   2.93454751338267236E-005  2.44951299080545413E-006
 B after wg2 wg2 ==>   5.9618588301778299       0.51573098803797324     
 LTM d(wg2)/d(wg2)  0.81472703277674585     
 B before wg2 wg2 ==>    1.3838654739301304       0.11551342891741290     
 Q value wg2 wg2 ==>   2.93454751338267236E-005  2.44951299080545413E-006
 B after wg2 wg2 ==>   1.3353654828190058       0.11551587843040370     
 store B matrix after TL evolution ==>  0.47708882644803585     
 writing out B
 OBSERVATION FOR POINT         1224  REMOVED
 OBSERVATION FOR POINT         1263  REMOVED
 OBSERVATION FOR POINT         1302  REMOVED
 OBSERVATION FOR POINT         1303  REMOVED
 OBSERVATION FOR POINT         1341  REMOVED
 OBSERVATION FOR POINT         1342  REMOVED
 OBSERVATION FOR POINT         1343  REMOVED
 OBSERVATION FOR POINT         1344  REMOVED
 OBSERVATION FOR POINT         1345  REMOVED
 OBSERVATION FOR POINT         1346  REMOVED
 OBSERVATION FOR POINT         1347  REMOVED
 calculating jacobians           2
  and then PERFORMING ANALYSIS
 read in sim obs yf   284.00366000000002        284.00366000000002        284.00366000000002        284.00367000000000        284.00366000000002     
 read in sim obs yf   283.47494999999998        283.47494999999998        283.47494999999998        283.47494999999998        283.47494999999998     
 read in sim obs yf   281.94579999999996        281.94579999999996        281.94579999999996        281.94600999999994        281.94580999999994     
 read in sim obs yf   279.35728999999992        279.35729999999995        279.35727999999995        279.35783999999995        279.35730999999993     
 read in sim obs yf   278.68570000000000        278.68570000000000        278.68570000000000        278.68623000000002        278.68574000000001     
 read in sim obs yf   278.53935999999999        278.53935999999999        278.53935999999999        278.53982000000002        278.53939000000003     
 read in sim obs yf   277.75101000000001        277.75101999999998        277.75101000000001        277.75151000000000        277.75103999999999     
 read in sim obs yf   277.50477999999998        277.50479000000001        277.50477999999998        277.50533999999999        277.50481000000002     
 read in sim obs yf   277.58265000000000        277.58265999999998        277.58265000000000        277.58321000000001        277.58269000000001     
 read in sim obs yf   277.48615000000001        277.48615999999998        277.48615000000001        277.48674999999997        277.48619000000002     
 read in sim obs yf   277.67169000000001        277.67169999999999        277.67169000000001        277.67228000000000        277.67173000000003     
 read in sim obs yf   277.85991999999999        277.85993000000002        277.85991999999999        277.86043999999998        277.85995000000003     
 read in sim obs yf   277.68858000000000        277.68858000000000        277.68858000000000        277.68912999999998        277.68860999999998     
 read in sim obs yf   277.74503999999996        277.74504999999994        277.74503999999996        277.74559999999997        277.74507999999992     
 read in sim obs yf   278.18597999999997        278.18599000000000        278.18597999999997        278.18680000000001        278.18603000000002     
 read in sim obs yf   278.65192000000002        278.65192999999999        278.65192000000002        278.65267999999998        278.65197000000001     
 read in sim obs yf   278.83265000000000        278.83265999999998        278.83265000000000        278.83328000000000        278.83267999999998     
 read in sim obs yf   278.52283999999997        278.52285000000001        278.52283999999997        278.52366000000001        278.52287999999999     
 read in sim obs yf   278.61921000000001        278.61921999999998        278.61921000000001        278.62009000000000        278.61926000000000     
 read in sim obs yf   279.10548000000006        279.10549000000003        279.10548000000006        279.10619000000008        279.10552000000007     
 read in sim obs yf   278.87173000000001        278.87173999999999        278.87173000000001        278.87258000000003        278.87177000000003     
 read in sim obs yf   278.63035000000002        278.63036000000000        278.63035000000002        278.63125000000002        278.63038999999998     
 read in sim obs yf   278.28800000000001        278.28800000000001        278.28800000000001        278.28861999999998        278.28802000000002     
 read in sim obs yf   278.41674999999992        278.41674999999992        278.41674999999992        278.41735999999992        278.41676999999993     
 read in sim obs yf   278.54786999999999        278.54786999999999        278.54786999999999        278.54849999999999        278.54789000000000     
 read in sim obs yf   278.53957000000008        278.53957000000008        278.53957000000008        278.54019000000005        278.53960000000006     
 read in sim obs yf   278.55970000000002        278.55970000000002        278.55968999999999        278.56031999999999        278.55973000000000     
 read in sim obs yf   283.55405000000002        283.55405000000002        283.55405000000002        283.55405999999999        283.55405000000002     
 read in sim obs yf   281.45654000000002        281.45654999999999        281.45654000000002        281.45672999999999        281.45654999999999     
 read in sim obs yf   280.19842000000000        280.19842000000000        280.19842000000000        280.19864000000001        280.19844000000001     
 read in sim obs yf   278.62675000000002        278.62675000000002        278.62675000000002        278.62725999999998        278.62678000000000     
 read in sim obs yf   278.09757000000002        278.09757999999999        278.09757000000002        278.09809999999999        278.09760999999997     
 read in sim obs yf   277.63779999999997        277.63780999999994        277.63779999999997        277.63837999999993        277.63783999999993     
 read in sim obs yf   277.70028000000002        277.70029000000000        277.70028000000002        277.70082000000002        277.70031999999998     
 read in sim obs yf   277.36273999999997        277.36275000000001        277.36273999999997        277.36331999999999        277.36277999999999     
 read in sim obs yf   277.26466999999997        277.26467999999994        277.26466999999997        277.26522999999992        277.26469999999995     
 read in sim obs yf   277.41732000000002        277.41732000000002        277.41732000000002        277.41789000000000        277.41735000000000     
 read in sim obs yf   277.36015999999995        277.36015999999995        277.36015999999995        277.36073999999996        277.36018999999993     
 read in sim obs yf   277.57358999999997        277.57358999999997        277.57358999999997        277.57414999999992        277.57361999999995     
 read in sim obs yf   277.64686000000000        277.64686999999998        277.64686000000000        277.64758000000000        277.64690000000002     
 read in sim obs yf   277.85851000000002        277.85852000000000        277.85851000000002        277.85923000000003        277.85854999999998     
 read in sim obs yf   278.16387999999995        278.16388999999992        278.16387999999995        278.16485999999992        278.16394999999994     
 read in sim obs yf   278.47883999999999        278.47885000000002        278.47883999999999        278.47969000000001        278.47890000000001     
 read in sim obs yf   278.96800000000007        278.96801000000005        278.96800000000007        278.96856000000008        278.96803000000006     
 read in sim obs yf   278.75865999999996        278.75865999999996        278.75865999999996        278.75933999999995        278.75868999999994     
 read in sim obs yf   278.70744999999999        278.70744999999999        278.70744999999999        278.70825000000002        278.70749000000001     
 read in sim obs yf   279.02051000000000        279.02051999999998        279.02051000000000        279.02120000000002        279.02053999999998     
 read in sim obs yf   279.10984000000002        279.10984000000002        279.10984000000002        279.11041999999998        279.10986000000003     
 read in sim obs yf   278.51197000000002        278.51197999999999        278.51197000000002        278.51285000000001        278.51200000000000     
 read in sim obs yf   278.39726000000002        278.39726999999999        278.39726000000002        278.39787000000001        278.39728000000002     
 read in sim obs yf   278.39440000000002        278.39440999999999        278.39440000000002        278.39503000000002        278.39443000000000     
 read in sim obs yf   278.57074000000000        278.57074999999998        278.57074000000000        278.57139000000001        278.57076999999998     
 read in sim obs yf   278.79675999999995        278.79675999999995        278.79675999999995        278.79734999999994        278.79678999999993     
 read in sim obs yf   278.55966999999998        278.55968000000001        278.55966999999998        278.56031000000002        278.55971000000000     
 read in sim obs yf   283.85674000000000        283.85674000000000        283.85674000000000        283.85674000000000        283.85674000000000     
 read in sim obs yf   282.40255999999999        282.40257000000003        282.40255999999999        282.40271999999999        282.40257000000003     
 read in sim obs yf   279.42685000000000        279.42685999999998        279.42684000000003        279.42732999999998        279.42687999999998     
 read in sim obs yf   278.50516999999996        278.50517999999994        278.50516999999996        278.50561999999996        278.50520999999992     
 read in sim obs yf   277.77183000000008        277.77185000000003        277.77183000000008        277.77237000000008        277.77187000000004     
 read in sim obs yf   277.69685999999996        277.69686999999993        277.69685999999996        277.69739999999996        277.69689999999997     
 read in sim obs yf   277.51038999999997        277.51040000000000        277.51038999999997        277.51092999999997        277.51042999999999     
 read in sim obs yf   277.39267999999998        277.39269000000002        277.39267999999998        277.39326000000000        277.39272000000000     
 read in sim obs yf   277.47262000000001        277.47262999999998        277.47262000000001        277.47316999999998        277.47266000000002     
 read in sim obs yf   277.22269000000000        277.22269000000000        277.22269000000000        277.22327000000001        277.22271999999998     
 read in sim obs yf   277.00735999999995        277.00737999999996        277.00735999999995        277.00796999999994        277.00739999999996     
 read in sim obs yf   277.07520000000000        277.07521000000003        277.07520000000000        277.07578999999998        277.07524000000001     
 read in sim obs yf   277.36610000000002        277.36610999999999        277.36610000000002        277.36667000000000        277.36613999999997     
 read in sim obs yf   277.91113999999999        277.91115000000002        277.91113999999999        277.91210000000001        277.91120999999998     
 read in sim obs yf   278.68331000000001        278.68331000000001        278.68331000000001        278.68383000000000        278.68333999999999     
 read in sim obs yf   278.56315999999998        278.56317000000001        278.56315999999998        278.56396999999998        278.56322000000000     
 read in sim obs yf   278.76533000000001        278.76533999999998        278.76533000000001        278.76600999999999        278.76537999999999     
 read in sim obs yf   278.76842999999997        278.76843999999994        278.76842999999997        278.76910999999996        278.76846999999992     
 read in sim obs yf   278.69830000000007        278.69831000000005        278.69830000000007        278.69901000000004        278.69834000000003     
 read in sim obs yf   278.89055999999999        278.89057000000003        278.89055999999999        278.89118999999999        278.89058999999997     
 read in sim obs yf   279.31686999999999        279.31686999999999        279.31686999999999        279.31716999999998        279.31688000000003     
 read in sim obs yf   279.04410999999999        279.04412000000002        279.04410999999999        279.04457000000002        279.04413000000000     
 read in sim obs yf   278.34406999999993        278.34407999999996        278.34406999999993        278.34502999999995        278.34411999999992     
 read in sim obs yf   278.24810000000002        278.24810000000002        278.24810000000002        278.24871000000002        278.24813000000000     
 read in sim obs yf   278.43844000000001        278.43844000000001        278.43844000000001        278.43905999999998        278.43847000000000     
 read in sim obs yf   278.57141999999999        278.57141999999999        278.57141999999999        278.57204999999999        278.57145000000003     
 read in sim obs yf   279.15555999999998        279.15557000000001        279.15555999999998        279.15607000000000        279.15559000000002     
 read in sim obs yf   278.58294999999998        278.58296000000001        278.58294999999998        278.58357999999998        278.58299000000000     
 read in sim obs yf   282.46151999999995        282.46152999999993        282.46151999999995        282.46173999999996        282.46152999999993     
 read in sim obs yf   281.52175999999992        281.52176999999995        281.52175999999992        281.52192999999994        281.52176999999995     
 read in sim obs yf   278.62872999999996        278.62872999999996        278.62871999999993        278.62925999999993        278.62874999999997     
 read in sim obs yf   277.77830000000006        277.77831000000003        277.77830000000006        277.77885000000003        277.77833000000004     
 read in sim obs yf   277.42432000000002        277.42433999999997        277.42432000000002        277.42489999999998        277.42435999999998     
 read in sim obs yf   277.79945999999995        277.79946999999993        277.79945999999995        277.79994999999997        277.79949999999997     
 read in sim obs yf   277.31607000000002        277.31607000000002        277.31607000000002        277.31662999999998        277.31610000000001     
 read in sim obs yf   277.10503000000000        277.10503000000000        277.10503000000000        277.10559999999998        277.10505999999998     
 read in sim obs yf   277.28028000000000        277.28028999999998        277.28028000000000        277.28077000000002        277.28030999999999     
 read in sim obs yf   277.34429000000000        277.34429999999998        277.34429000000000        277.34487000000001        277.34433000000001     
 read in sim obs yf   277.80264999999997        277.80264999999997        277.80264999999997        277.80314999999996        277.80267999999995     
 read in sim obs yf   278.07943000000000        278.07945999999998        278.07943000000000        278.08030000000002        278.07947999999999     
 read in sim obs yf   278.58517999999998        278.58517999999998        278.58517999999998        278.58553000000001        278.58519000000001     
 read in sim obs yf   278.50009999999992        278.50009999999992        278.50009999999992        278.50059999999996        278.50011999999992     
 read in sim obs yf   278.79381999999998        278.79381999999998        278.79381999999998        278.79410999999999        278.79383000000001     
 read in sim obs yf   279.15963999999997        279.15964999999994        279.15963999999997        279.15984999999995        279.15964999999994     
 read in sim obs yf   279.32484999999997        279.32484999999997        279.32484999999997        279.32497999999993        279.32485999999994     
 read in sim obs yf   279.28850999999997        279.28850999999997        279.28850999999997        279.28861999999998        279.28850999999997     
 read in sim obs yf   278.91104999999993        278.91105999999996        278.91104999999993        278.91160999999994        278.91107999999997     
 read in sim obs yf   278.54803999999996        278.54804999999993        278.54803999999996        278.54889999999995        278.54808999999995     
 read in sim obs yf   278.87714999999997        278.87714999999997        278.87714999999997        278.87779000000000        278.87716999999998     
 read in sim obs yf   278.42651999999998        278.42653000000001        278.42651999999998        278.42739999999998        278.42655999999999     
 read in sim obs yf   278.20679000000001        278.20679999999999        278.20679000000001        278.20733999999999        278.20681999999999     
 read in sim obs yf   278.28098999999997        278.28098999999997        278.28098999999997        278.28160000000003        278.28102000000001     
 read in sim obs yf   278.63031000000001        278.63031000000001        278.63031000000001        278.63089000000002        278.63033999999999     
 read in sim obs yf   278.55817999999999        278.55819000000002        278.55817999999999        278.55883000000000        278.55822000000001     
 read in sim obs yf   278.88984999999997        278.88984999999997        278.88983999999994        278.89040999999992        278.88987999999995     
 read in sim obs yf   278.43270000000001        278.43270999999999        278.43270000000001        278.43333999999999        278.43274000000002     
 read in sim obs yf   282.64032999999995        282.64032999999995        282.64032999999995        282.64047999999997        282.64032999999995     
 read in sim obs yf   281.42939999999999        281.42939999999999        281.42939999999999        281.42968000000002        281.42941000000002     
 read in sim obs yf   280.27737999999999        280.27737999999999        280.27737999999999        280.27755999999999        280.27739000000003     
 read in sim obs yf   278.00483000000003        278.00483000000003        278.00483000000003        278.00542000000002        278.00486000000001     
 read in sim obs yf   277.23755999999997        277.23759000000001        277.23755999999997        277.23815999999999        277.23761000000002     
 read in sim obs yf   277.89010000000002        277.89010999999999        277.89010000000002        277.89058000000000        277.89013000000000     
 read in sim obs yf   278.31979000000001        278.31979999999999        278.31979000000001        278.32015000000001        278.31981999999999     
 read in sim obs yf   277.27157999999997        277.27157999999997        277.27157999999997        277.27215000000001        277.27161000000001     
 read in sim obs yf   277.07995000000000        277.07996000000003        277.07995000000000        277.08051000000000        277.07999000000001     
 read in sim obs yf   276.96062000000001        276.96064000000001        276.96062000000001        276.96114000000000        276.96064999999999     
 read in sim obs yf   277.29282000000001        277.29284000000001        277.29282000000001        277.29343999999998        277.29286999999999     
 read in sim obs yf   278.69353999999998        278.69355000000002        278.69353999999998        278.69376000000000        278.69355000000002     
 read in sim obs yf   278.59376999999995        278.59376999999995        278.59376999999995        278.59389999999996        278.59376999999995     
 read in sim obs yf   278.63043999999996        278.63043999999996        278.63043999999996        278.63054999999997        278.63043999999996     
 read in sim obs yf   278.75058999999999        278.75058999999999        278.75058999999999        278.75076000000001        278.75058999999999     
 read in sim obs yf   278.63558000000000        278.63558000000000        278.63558000000000        278.63616999999999        278.63562000000002     
 read in sim obs yf   279.23910000000001        279.23910000000001        279.23910000000001        279.23921999999999        279.23910000000001     
 read in sim obs yf   279.14483000000001        279.14483000000001        279.14483000000001        279.14494999999999        279.14483000000001     
 read in sim obs yf   279.16840999999999        279.16840999999999        279.16840999999999        279.16852000000000        279.16840999999999     
 read in sim obs yf   279.38715999999999        279.38715999999999        279.38715999999999        279.38736999999998        279.38717000000003     
 read in sim obs yf   278.45004000000000        278.45006000000001        278.45004000000000        278.45082000000002        278.45008999999999     
 read in sim obs yf   278.35633999999999        278.35636000000000        278.35633999999999        278.35696000000002        278.35638000000000     
 read in sim obs yf   277.97966999999994        277.97967999999992        277.97966999999994        277.98020999999994        277.97969999999992     
 read in sim obs yf   278.25850000000003        278.25851000000000        278.25850000000003        278.25902000000002        278.25853000000001     
 read in sim obs yf   278.11232000000001        278.11232999999999        278.11232000000001        278.11293000000001        278.11236000000002     
 read in sim obs yf   278.45114999999998        278.45114999999998        278.45114999999998        278.45177000000001        278.45118000000002     
 read in sim obs yf   278.32467000000003        278.32468000000000        278.32467000000003        278.32531000000000        278.32470999999998     
 read in sim obs yf   278.29341999999997        278.29342999999994        278.29341999999997        278.29406999999992        278.29345999999993     
 read in sim obs yf   278.56342000000001        278.56342999999998        278.56342000000001        278.56403000000000        278.56344999999999     
 read in sim obs yf   281.83049999999997        281.83051000000000        281.83049999999997        281.83082999999999        281.83051000000000     
 read in sim obs yf   280.77411999999993        280.77412999999996        280.77411999999993        280.77483999999993        280.77413999999993     
 read in sim obs yf   279.78183000000001        279.78183000000001        279.78183000000001        279.78244999999998        279.78185999999999     
 read in sim obs yf   277.98865999999998        277.98865999999998        277.98865999999998        277.98926000000000        277.98869000000002     
 read in sim obs yf   277.17718000000008        277.17721000000006        277.17718000000008        277.17781000000008        277.17723000000007     
 read in sim obs yf   277.57625999999999        277.57627000000002        277.57625999999999        277.57679999999999        277.57628999999997     
 read in sim obs yf   277.27664999999996        277.27666999999997        277.27664999999996        277.27722999999992        277.27668999999992     
 read in sim obs yf   277.03989999999993        277.03991999999994        277.03989999999993        277.04048999999992        277.03993999999994     
 read in sim obs yf   277.33159999999992        277.33161999999993        277.33159999999992        277.33209999999997        277.33162999999996     
 read in sim obs yf   276.70301000000001        276.70303000000001        276.70301000000001        276.70361000000003        276.70305000000002     
 read in sim obs yf   276.81488000000002        276.81490000000002        276.81488000000002        276.81547000000000        276.81491999999997     
 read in sim obs yf   278.58554999999996        278.58555999999993        278.58554999999996        278.58584999999994        278.58555999999993     
 read in sim obs yf   278.63407999999998        278.63407999999998        278.63407999999998        278.63420000000002        278.63407999999998     
 read in sim obs yf   278.72169000000002        278.72169000000002        278.72169000000002        278.72181999999998        278.72169000000002     
 read in sim obs yf   278.43525000000000        278.43526000000003        278.43525000000000        278.43592999999998        278.43529999999998     
 read in sim obs yf   277.84733000000000        277.84735000000001        277.84733000000000        277.84802999999999        277.84737999999999     
 read in sim obs yf   279.30813000000001        279.30813999999998        279.30813000000001        279.30824999999999        279.30813999999998     
 read in sim obs yf   279.07117000000005        279.07117000000005        279.07117000000005        279.07128000000006        279.07117000000005     
 read in sim obs yf   279.20148999999998        279.20148999999998        279.20148999999998        279.20159000000001        279.20148999999998     
 read in sim obs yf   279.57560999999993        279.57560999999993        279.57560999999993        279.57571999999993        279.57560999999993     
 read in sim obs yf   279.60010000000000        279.60010000000000        279.60010000000000        279.60043000000002        279.60012000000000     
 read in sim obs yf   279.69310000000002        279.69310000000002        279.69310000000002        279.69324000000000        279.69310000000002     
 read in sim obs yf   279.39051999999998        279.39051999999998        279.39051999999998        279.39109999999999        279.39055000000002     
 read in sim obs yf   278.57148999999998        278.57148999999998        278.57148999999998        278.57209000000000        278.57152000000002     
 read in sim obs yf   278.38348000000002        278.38348999999999        278.38348000000002        278.38407000000001        278.38351000000000     
 read in sim obs yf   278.21321999999992        278.21323999999993        278.21321999999992        278.21384999999992        278.21326999999997     
 read in sim obs yf   278.46161000000001        278.46161999999998        278.46161000000001        278.46224999999998        278.46165000000002     
 read in sim obs yf   278.51571999999993        278.51571999999993        278.51571999999993        278.51634999999993        278.51575999999994     
 read in sim obs yf   278.73547000000002        278.73548000000000        278.73547000000002        278.73608000000002        278.73550000000000     
 read in sim obs yf   283.34724999999992        283.34724999999992        283.34724999999992        283.34725999999995        283.34724999999992     
 read in sim obs yf   282.72045000000008        282.72045000000008        282.72045000000008        282.72048000000007        282.72045000000008     
 read in sim obs yf   281.90807999999998        281.90807999999998        281.90807999999998        281.90816999999998        281.90807999999998     
 read in sim obs yf   281.06337000000002        281.06337000000002        281.06337000000002        281.06346000000002        281.06337000000002     
 read in sim obs yf   280.17388000000000        280.17388000000000        280.17387000000002        280.17399000000000        280.17388000000000     
 read in sim obs yf   279.34487000000007        279.34487000000007        279.34487000000007        279.34503000000007        279.34488000000005     
 read in sim obs yf   277.38055000000003        277.38056999999998        277.38055000000003        277.38119000000000        277.38058999999998     
 read in sim obs yf   277.49274000000003        277.49275000000000        277.49274000000003        277.49327000000000        277.49277000000001     
 read in sim obs yf   277.03465999999997        277.03467999999998        277.03465999999997        277.03525000000002        277.03469999999999     
 read in sim obs yf   276.44492000000002        276.44497999999999        276.44492000000002        276.44556999999998        276.44497999999999     
 read in sim obs yf   276.81254999999999        276.81258000000003        276.81254999999999        276.81313999999998        276.81259000000000     
 read in sim obs yf   276.61663999999996        276.61666999999994        276.61663999999996        276.61721999999992        276.61667999999992     
 read in sim obs yf   276.18430000000001        276.18434000000002        276.18430000000001        276.18493000000001        276.18434999999999     
 read in sim obs yf   278.57814000000002        278.57814000000002        278.57814000000002        278.57843000000003        278.57814999999999     
 read in sim obs yf   278.84786999999994        278.84787999999992        278.84786999999994        278.84798999999992        278.84787999999992     
 read in sim obs yf   278.86502000000002        278.86502000000002        278.86502000000002        278.86514000000000        278.86502999999999     
 read in sim obs yf   277.35359999999997        277.35361000000000        277.35359999999997        277.35415999999998        277.35363000000001     
 read in sim obs yf   278.43405000000001        278.43405999999999        278.43403999999998        278.43439999999998        278.43407999999999     
 read in sim obs yf   279.47746000000006        279.47746000000006        279.47746000000006        279.47759000000008        279.47747000000004     
 read in sim obs yf   279.26663000000002        279.26664000000000        279.26663000000002        279.26675000000000        279.26664000000000     
 read in sim obs yf   279.38413999999995        279.38413999999995        279.38413999999995        279.38425999999993        279.38414999999992     
 read in sim obs yf   279.57846000000001        279.57846000000001        279.57846000000001        279.57855999999998        279.57846000000001     
 read in sim obs yf   279.61243000000002        279.61243000000002        279.61243000000002        279.61254000000002        279.61243000000002     
 read in sim obs yf   279.73320000000001        279.73320000000001        279.73320000000001        279.73329000000001        279.73320000000001     
 read in sim obs yf   279.64143000000007        279.64143000000007        279.64143000000007        279.64155000000005        279.64143000000007     
 read in sim obs yf   279.65996999999999        279.65996999999999        279.65996999999999        279.66010000000000        279.65996999999999     
 read in sim obs yf   279.34843999999998        279.34843999999998        279.34843999999998        279.34911000000000        279.34848000000000     
 read in sim obs yf   278.85426000000001        278.85426999999999        278.85426000000001        278.85487000000001        278.85430000000002     
 read in sim obs yf   278.46956000000000        278.46956999999998        278.46956000000000        278.47017000000000        278.46960000000001     
 read in sim obs yf   278.57998999999995        278.57999999999993        278.57998999999995        278.58055999999993        278.58002999999997     
 read in sim obs yf   279.01150999999999        279.01152000000002        279.01150999999999        279.01206000000002        279.01152999999999     
 read in sim obs yf   282.98527999999999        282.98529000000002        282.98527999999999        282.98536000000001        282.98529000000002     
 read in sim obs yf   282.30315000000002        282.30313999999998        282.30313000000001        282.30326000000002        282.30315000000002     
 read in sim obs yf   281.72568000000001        281.72566999999998        281.72566999999998        281.72577000000001        281.72568000000001     
 read in sim obs yf   281.10970999999995        281.10970999999995        281.10970999999995        281.10980999999992        281.10971999999992     
 read in sim obs yf   280.58416999999997        280.58416999999997        280.58416999999997        280.58431000000002        280.58418000000000     
 read in sim obs yf   280.13765000000001        280.13765000000001        280.13765000000001        280.13776999999999        280.13765000000001     
 read in sim obs yf   279.52996000000002        279.52996999999999        279.52996000000002        279.53010000000000        279.52998000000002     
 read in sim obs yf   277.15209999999996        277.15211999999997        277.15209999999996        277.15270999999996        277.15213999999992     
 read in sim obs yf   276.68775999999997        276.68779999999992        276.68775999999997        276.68835999999993        276.68779999999992     
 read in sim obs yf   276.04181999999997        276.04189000000002        276.04181999999997        276.04250999999999        276.04189000000002     
 read in sim obs yf   276.86851999999999        276.86856000000000        276.86851999999999        276.86934000000002        276.86858999999998     
 read in sim obs yf   276.57091000000003        276.57094000000001        276.57091000000003        276.57148999999998        276.57094999999998     
 read in sim obs yf   275.97768999999994        275.97774999999996        275.97768999999994        275.97835999999995        275.97775999999993     
 read in sim obs yf   276.54692000000000        276.54696999999999        276.54692000000000        276.54773000000000        276.54700000000003     
 read in sim obs yf   278.96601000000004        278.96601000000004        278.96601000000004        278.96613000000008        278.96602000000007     
 read in sim obs yf   278.91896000000003        278.91896000000003        278.91896000000003        278.91906999999998        278.91896000000003     
 read in sim obs yf   278.19141999999999        278.19144000000000        278.19141000000002        278.19188000000003        278.19144999999997     
 read in sim obs yf   280.12939000000000        280.12939000000000        280.12938000000003        280.12952000000001        280.12939000000000     
 read in sim obs yf   279.49966000000001        279.49966000000001        279.49964999999997        279.49977000000001        279.49966999999998     
 read in sim obs yf   279.39068000000003        279.39068000000003        279.39068000000003        279.39078000000006        279.39068000000003     
 read in sim obs yf   279.53297999999995        279.53297999999995        279.53297999999995        279.53301999999996        279.53290999999996     
 read in sim obs yf   279.47448000000003        279.47448000000003        279.47448000000003        279.47458999999998        279.47448000000003     
 read in sim obs yf   279.44018000000000        279.44018000000000        279.44018000000000        279.44029999999998        279.44018999999997     
 read in sim obs yf   279.53181999999998        279.53181999999998        279.53181999999998        279.53194999999999        279.53183000000001     
 read in sim obs yf   279.72192000000001        279.72192000000001        279.72192000000001        279.72205000000002        279.72192999999999     
 read in sim obs yf   279.72683000000001        279.72683000000001        279.72683000000001        279.72696000000002        279.72683000000001     
 read in sim obs yf   279.14932999999996        279.14933999999994        279.14932999999996        279.15013999999996        279.14937999999995     
 read in sim obs yf   278.29289000000000        278.29289999999997        278.29289000000000        278.29349999999999        278.29293000000001     
 read in sim obs yf   278.08924999999994        278.08925999999997        278.08924999999994        278.08990999999992        278.08928999999995     
 read in sim obs yf   278.56848000000002        278.56849000000000        278.56848000000002        278.56891000000002        278.56835000000001     
 read in sim obs yf   279.17362000000003        279.17363000000000        279.17362000000003        279.17439999999999        279.17363999999998     
 read in sim obs yf   282.69074999999998        282.69074000000001        282.69072000000000        282.69083000000001        282.69074999999998     
 read in sim obs yf   281.92057000000005        281.92057000000005        281.92057000000005        281.92072000000007        281.92058000000003     
 read in sim obs yf   281.45540999999997        281.45540999999997        281.45540999999997        281.45553000000001        281.45542000000000     
 read in sim obs yf   281.00114000000002        281.00114000000002        281.00114000000002        281.00126999999998        281.00115000000000     
 read in sim obs yf   280.76457999999997        280.76457999999997        280.76457999999997        280.76472999999993        280.76457999999997     
 read in sim obs yf   280.68408000000005        280.68408000000005        280.68408000000005        280.68422000000004        280.68408000000005     
 read in sim obs yf   280.26172000000003        280.26173000000000        280.26172000000003        280.26184999999998        280.26173999999997     
 read in sim obs yf   279.17808999999994        279.17809999999992        279.17808999999994        279.17824999999993        279.17810999999995     
 read in sim obs yf   276.21706999999998        276.21713000000000        276.21706999999998        276.21778999999998        276.21713999999997     
 read in sim obs yf   276.34210999999999        276.34219000000002        276.34210999999999        276.34311000000002        276.34221000000002     
 read in sim obs yf   276.15217000000001        276.15222999999997        276.15217000000001        276.15282000000002        276.15222999999997     
 read in sim obs yf   277.21247999999997        277.21249999999992        277.21247999999997        277.21333999999996        277.21254999999996     
 read in sim obs yf   276.31576000000001        276.31583999999998        276.31576000000001        276.31675999999999        276.31587000000002     
 read in sim obs yf   276.57294000000002        276.57301000000001        276.57294000000002        276.57393999999999        276.57305000000002     
 read in sim obs yf   278.97489000000002        278.97489000000002        278.97489000000002        278.97505999999998        278.97489999999999     
 read in sim obs yf   279.06441000000007        279.06441000000007        279.06441000000007        279.06453000000005        279.06441000000007     
 read in sim obs yf   279.61984999999999        279.61984999999999        279.61984999999999        279.62007999999997        279.61984999999999     
 read in sim obs yf   280.47467999999998        280.47467999999998        280.47467999999998        280.47476000000000        280.47467999999998     
 read in sim obs yf   279.46380999999997        279.46380999999997        279.46379999999994        279.46398999999997        279.46380999999997     
 read in sim obs yf   279.52476000000001        279.52476000000001        279.52476000000001        279.52488000000000        279.52476999999999     
 read in sim obs yf   279.62739999999997        279.62739999999997        279.62739999999997        279.62751999999995        279.62740999999994     
 read in sim obs yf   279.54324999999994        279.54324999999994        279.54324999999994        279.54334999999992        279.54324999999994     
 read in sim obs yf   279.56810999999993        279.56810999999993        279.56810999999993        279.56819999999993        279.56811999999996     
 read in sim obs yf   279.54133999999999        279.54133999999999        279.54133999999999        279.54145999999997        279.54133999999999     
 read in sim obs yf   279.75952000000001        279.75952000000001        279.75952000000001        279.75965000000002        279.75952000000001     
 read in sim obs yf   279.79244000000000        279.79244000000000        279.79244000000000        279.79257999999999        279.79244000000000     
 read in sim obs yf   279.44842999999997        279.44844000000001        279.44842999999997        279.44884999999999        279.44846000000001     
 read in sim obs yf   278.17298000000000        278.17299000000003        278.17298000000000        278.17362000000003        278.17302000000001     
 read in sim obs yf   278.06851999999998        278.06851999999998        278.06851999999998        278.06914999999998        278.06855999999999     
 read in sim obs yf   278.60798000000000        278.60798999999997        278.60798000000000        278.60856000000001        278.60800999999998     
 read in sim obs yf   279.55390000000000        279.55390999999997        279.55389000000002        279.55450000000002        279.55390999999997     
 read in sim obs yf   283.23860999999999        283.23860999999999        283.23860999999999        283.23863000000000        283.23860999999999     
 read in sim obs yf   282.26544999999999        282.26544999999999        282.26544999999999        282.26558000000000        282.26546000000002     
 read in sim obs yf   281.60705999999999        281.60705999999999        281.60705999999999        281.60719000000000        281.60705999999999     
 read in sim obs yf   281.27548999999993        281.27548999999993        281.27548999999993        281.27561999999995        281.27549999999997     
 read in sim obs yf   281.00125000000008        281.00125000000008        281.00125000000008        281.00139000000007        281.00126000000006     
 read in sim obs yf   280.85095000000007        280.85095000000007        280.85095000000007        280.85109000000006        280.85095000000007     
 read in sim obs yf   280.86721999999997        280.86721999999997        280.86721999999997        280.86736000000002        280.86723000000001     
 read in sim obs yf   280.93331999999998        280.93331999999998        280.93331999999998        280.93333999999999        280.93331999999998     
 read in sim obs yf   279.98736000000002        279.98737000000000        279.98736000000002        279.98743999999999        279.98737000000000     
 read in sim obs yf   278.38846000000001        278.38848999999999        278.38846000000001        278.38896000000000        278.38852000000003     
 read in sim obs yf   276.24666999999999        276.24675999999999        276.24666999999999        276.24765000000002        276.24675999999999     
 read in sim obs yf   276.29404000000000        276.29413000000000        276.29404000000000        276.29503999999997        276.29415000000000     
 read in sim obs yf   276.67572999999999        276.67577999999997        276.67572999999999        276.67675000000003        276.67583999999999     
 read in sim obs yf   276.07576000000000        276.07585000000000        276.07576000000000        276.07681000000002        276.07587999999998     
 read in sim obs yf   276.56401000000000        276.56407999999999        276.56401000000000        276.56504000000001        276.56412000000000     
 read in sim obs yf   278.95355999999998        278.95357000000001        278.95355999999998        278.95407999999998        278.95361000000003     
 read in sim obs yf   279.36115000000001        279.36115000000001        279.36115000000001        279.36131000000000        279.36115999999998     
 read in sim obs yf   280.21266000000003        280.21266000000003        280.21266000000003        280.21280999999999        280.21266000000003     
 read in sim obs yf   281.01186000000001        281.01186000000001        281.01186000000001        281.01188999999999        281.01186000000001     
 read in sim obs yf   278.99698999999998        278.99700000000001        278.99698999999998        278.99727999999999        278.99700000000001     
 read in sim obs yf   279.70963000000000        279.70963999999998        279.70963000000000        279.70974000000001        279.70963999999998     
 read in sim obs yf   279.69702999999998        279.69702999999998        279.69702999999998        279.69716000000000        279.69704000000002     
 read in sim obs yf   279.62857000000008        279.62857000000008        279.62857000000008        279.62869000000006        279.62858000000006     
 read in sim obs yf   279.70528000000002        279.70528000000002        279.70528000000002        279.70539000000002        279.70528000000002     
 read in sim obs yf   279.64758000000000        279.64758000000000        279.64758000000000        279.64769999999999        279.64758999999998     
 read in sim obs yf   279.76269000000002        279.76269000000002        279.76269000000002        279.76281000000000        279.76270000000000     
 read in sim obs yf   279.77497999999997        279.77498999999995        279.77497999999997        279.77510999999993        279.77498999999995     
 read in sim obs yf   279.39446999999996        279.39447999999993        279.39446999999996        279.39472999999992        279.39448999999996     
 read in sim obs yf   278.29037000000000        278.29038000000003        278.29037000000000        278.29088999999999        278.29039999999998     
 read in sim obs yf   278.16124999999994        278.16125999999997        278.16124999999994        278.16182999999995        278.16128999999995     
 read in sim obs yf   278.62301000000002        278.62302000000000        278.62301000000002        278.62362000000002        278.62303000000003     
 read in sim obs yf   281.01069000000001        281.01069000000001        281.01069000000001        281.01074999999997        281.01069000000001     
 read in sim obs yf   280.85039999999998        280.85041000000001        280.85039999999998        280.85064000000000        280.85041999999999     
 read in sim obs yf   283.14650999999998        283.14650999999998        283.14650999999998        283.14650999999998        283.14650999999998     
 read in sim obs yf   282.51184999999998        282.51184999999998        282.51184999999998        282.51195000000001        282.51184999999998     
 read in sim obs yf   281.83957000000004        281.83957000000004        281.83957000000004        281.83970000000005        281.83958000000007     
 read in sim obs yf   281.35440999999992        281.35440999999992        281.35440999999992        281.35452999999995        281.35440999999992     
 read in sim obs yf   281.09431999999993        281.09431999999993        281.09431999999993        281.09445999999997        281.09431999999993     
 read in sim obs yf   280.87400000000002        280.87400000000002        280.87400000000002        280.87414999999999        280.87401000000000     
 read in sim obs yf   280.70924000000008        280.70924000000008        280.70924000000008        280.70939000000004        280.70925000000005     
 read in sim obs yf   280.78714999999994        280.78714999999994        280.78714999999994        280.78723999999994        280.78714999999994     
 read in sim obs yf   280.99072000000001        280.99072000000001        280.99072000000001        280.99077000000000        280.99072000000001     
 read in sim obs yf   280.81301000000002        280.81301000000002        280.81301000000002        280.81301999999999        280.81301999999999     
 read in sim obs yf   279.42272999999994        279.42272999999994        279.42272999999994        279.42286999999993        279.42275999999993     
 read in sim obs yf   276.95855000000000        276.95862000000000        276.95854000000003        276.95954000000000        276.95864999999998     
 read in sim obs yf   276.23401000000001        276.23410000000001        276.23399999999998        276.23502000000002        276.23410999999999     
 read in sim obs yf   276.43991999999997        276.43997999999999        276.43991999999997        276.44083999999998        276.44002000000000     
 read in sim obs yf   276.80252000000007        276.80257000000006        276.80252000000007        276.80340000000007        276.80260000000004     
 read in sim obs yf   276.66330000000005        276.66337000000004        276.66330000000005        276.66437000000008        276.66343000000006     
 read in sim obs yf   278.66577000000001        278.66579000000002        278.66577000000001        278.66662000000002        278.66586999999998     
 read in sim obs yf   278.95619999999997        278.95620999999994        278.95619999999997        278.95702999999992        278.95627999999994     
 read in sim obs yf   280.60905000000002        280.60906000000000        280.60905000000002        280.60921999999999        280.60906000000000     
 read in sim obs yf   278.34460999999999        278.34462000000002        278.34460999999999        278.34519999999998        278.34464000000003     
 read in sim obs yf   279.79719999999998        279.79719999999998        279.79719999999998        279.79732999999999        279.79719999999998     
 read in sim obs yf   280.09214999999995        280.09214999999995        280.09214999999995        280.09218999999996        280.09215999999992     
 read in sim obs yf   280.18110999999999        280.18110999999999        280.18110999999999        280.18117000000001        280.18110999999999     
 read in sim obs yf   280.04134999999997        280.04134999999997        280.04134999999997        280.04142999999993        280.04135999999994     
 read in sim obs yf   279.86756999999994        279.86756999999994        279.86756999999994        279.86769999999996        279.86756999999994     
 read in sim obs yf   279.85255999999998        279.85257000000001        279.85255999999998        279.85269000000000        279.85257000000001     
 read in sim obs yf   279.66620000000006        279.66620000000006        279.66620000000006        279.66633000000007        279.66621000000004     
 read in sim obs yf   279.33154999999999        279.33154999999999        279.33154999999999        279.33172999999999        279.33156000000002     
 read in sim obs yf   277.40517999999997        277.40519999999998        277.40517999999997        277.40582999999998        277.40523000000002     
 read in sim obs yf   278.23916000000003        278.23917000000000        278.23916000000003        278.23970000000003        278.23919000000001     
 read in sim obs yf   279.00013999999999        279.00015999999999        279.00013999999999        279.00083000000001        279.00017000000003     
 read in sim obs yf   281.26438000000002        281.26438000000002        281.26438000000002        281.26443000000000        281.26438000000002     
 read in sim obs yf   279.32011999999997        279.32013999999998        279.32011999999997        279.32069999999999        279.32015999999999     
 read in sim obs yf   281.61488999999995        281.61489999999992        281.61488999999995        281.61505999999997        281.61489999999992     
 read in sim obs yf   282.86586999999997        282.86586999999997        282.86586999999997        282.86588000000000        282.86586999999997     
 read in sim obs yf   282.41205000000008        282.41205000000008        282.41205000000008        282.41206000000005        282.41205000000008     
 read in sim obs yf   282.03555000000006        282.03555000000006        282.03555000000006        282.03569000000005        282.03556000000003     
 read in sim obs yf   281.70121000000000        281.70121000000000        281.70121000000000        281.70132999999998        281.70121000000000     
 read in sim obs yf   281.23880000000003        281.23880000000003        281.23880000000003        281.23892000000001        281.23880000000003     
 read in sim obs yf   280.98833000000002        280.98833999999999        280.98833000000002        280.98847000000001        280.98833999999999     
 read in sim obs yf   280.80579999999998        280.80579999999998        280.80579999999998        280.80595000000000        280.80579999999998     
 read in sim obs yf   280.64982999999995        280.64982999999995        280.64981999999992        280.64996999999994        280.64982999999995     
 read in sim obs yf   280.90724000000000        280.90724000000000        280.90722000000000        280.90739000000002        280.90724999999998     
 read in sim obs yf   281.18155000000002        281.18155000000002        281.18153999999998        281.18162999999998        281.18155999999999     
 read in sim obs yf   280.38291999999996        280.38291999999996        280.38290999999992        280.38297999999992        280.38292999999993     
 read in sim obs yf   279.21278999999993        279.21280999999993        279.21278999999993        279.21320999999995        279.21282999999994     
 read in sim obs yf   277.54641999999996        277.54646999999994        277.54641999999996        277.54711999999995        277.54647999999992     
 read in sim obs yf   276.28886999999997        276.28895999999997        276.28886999999997        276.28989999999999        276.28899000000001     
 read in sim obs yf   276.69150999999994        276.69156999999996        276.69150999999994        276.69243999999992        276.69159999999994     
 read in sim obs yf   277.44247000000001        277.44249000000002        277.44247000000001        277.44322000000000        277.44254000000001     
 read in sim obs yf   277.45847999999995        277.45851999999996        277.45847999999995        277.45935999999995        277.45858999999996     
 read in sim obs yf   278.26605999999998        278.26609999999999        278.26605999999998        278.26702999999998        278.26616000000001     
 read in sim obs yf   280.86612000000008        280.86613000000006        280.86612000000008        280.86624000000006        280.86613000000006     
 read in sim obs yf   281.10914000000002        281.10914000000002        281.10914000000002        281.10915999999997        281.10914000000002     
 read in sim obs yf   277.80612999999994        277.80615999999992        277.80612999999994        277.80693999999994        277.80617999999993     
 read in sim obs yf   279.64807999999999        279.64807999999999        279.64807999999999        279.64841999999999        279.64809000000002     
 read in sim obs yf   280.13335999999998        280.13335999999998        280.13335999999998        280.13348000000002        280.13337000000001     
 read in sim obs yf   280.16525000000001        280.16525000000001        280.16525000000001        280.16537000000000        280.16525000000001     
 read in sim obs yf   280.07690999999994        280.07690999999994        280.07690999999994        280.07703999999995        280.07691999999992     
 read in sim obs yf   280.08855000000000        280.08855000000000        280.08855000000000        280.08868000000001        280.08855999999997     
 read in sim obs yf   280.01616999999999        280.01616999999999        280.01616999999999        280.01627000000002        280.01618000000002     
 read in sim obs yf   279.59483000000000        279.59483000000000        279.59483000000000        279.59494999999998        279.59483999999998     
 read in sim obs yf   278.93601000000001        278.93601999999998        278.93601000000001        278.93669000000000        278.93606000000000     
 read in sim obs yf   277.18065999999999        277.18069000000003        277.18065999999999        277.18128999999999        277.18070999999998     
 read in sim obs yf   278.68850000000003        278.68851000000006        278.68850000000003        278.68900000000008        278.68853000000007     
 read in sim obs yf   280.48298000000000        280.48298999999997        280.48298000000000        280.48313999999999        280.48298999999997     
 read in sim obs yf   281.77415000000002        281.77415000000002        281.77415000000002        281.77415000000002        281.77415000000002     
 read in sim obs yf   278.32747999999998        278.32749000000001        278.32747999999998        278.32823999999999        278.32753000000002     
 read in sim obs yf   280.61932000000002        280.61932999999999        280.61932000000002        280.61962000000000        280.61932999999999     
 read in sim obs yf   282.39371999999997        282.39371999999997        282.39371999999997        282.39377999999999        282.39371999999997     
 read in sim obs yf   282.52269999999999        282.52269999999999        282.52269999999999        282.52273000000002        282.52269999999999     
 read in sim obs yf   282.10093999999992        282.10093999999992        282.10093999999992        282.10094999999995        282.10093999999992     
 read in sim obs yf   281.53760999999992        281.53760999999992        281.53760999999992        281.53769999999992        281.53760999999992     
 read in sim obs yf   281.63049000000001        281.63049000000001        281.63049000000001        281.63063000000000        281.63049000000001     
 read in sim obs yf   281.50540000000001        281.50540000000001        281.50540000000001        281.50555000000003        281.50540999999998     
 read in sim obs yf   281.03987000000001        281.03987000000001        281.03987000000001        281.04000000000002        281.03987999999998     
 read in sim obs yf   280.91238000000004        280.91238000000004        280.91238000000004        280.91255000000007        280.91239000000007     
 read in sim obs yf   280.87157999999999        280.87157999999999        280.87157000000002        280.87173999999999        280.87157999999999     
 read in sim obs yf   280.85377000000000        280.85376000000002        280.85376000000002        280.85392000000002        280.85377000000000     
 read in sim obs yf   281.31028999999995        281.31028999999995        281.31028999999995        281.31039999999996        281.31028999999995     
 read in sim obs yf   280.94677000000001        280.94677000000001        280.94677000000001        280.94679000000002        280.94677000000001     
 read in sim obs yf   280.10815000000002        280.10815000000002        280.10815000000002        280.10834000000000        280.10816000000000     
 read in sim obs yf   278.69587000000001        278.69589000000002        278.69587000000001        278.69639999999998        278.69592000000000     
 read in sim obs yf   276.13803999999999        276.13810000000001        276.13803999999999        276.13871999999998        276.13812000000001     
 read in sim obs yf   276.92491999999999        276.92496999999997        276.92491999999999        276.92581999999999        276.92500999999999     
 read in sim obs yf   276.44220999999999        276.44227999999998        276.44220999999999        276.44326999999998        276.44234999999998     
 read in sim obs yf   277.42094000000003        277.42098000000004        277.42094000000003        277.42195000000004        277.42106000000007     
 read in sim obs yf   278.26575000000003        278.26576999999997        278.26575000000003        278.26663000000002        278.26582999999999     
 read in sim obs yf   280.81799999999998        280.81799999999998        280.81799999999998        280.81812000000002        280.81801000000002     
 read in sim obs yf   280.84690999999998        280.84690999999998        280.84690999999998        280.84697999999997        280.84690999999998     
 read in sim obs yf   277.46544000000000        277.46548000000001        277.46543000000003        277.46598000000000        277.46548999999999     
 read in sim obs yf   277.88067999999998        277.88072000000000        277.88067999999998        277.88157000000001        277.88076000000001     
 read in sim obs yf   279.55552000000006        279.55553000000003        279.55552000000006        279.55604000000005        279.55556000000007     
 read in sim obs yf   280.16878000000003        280.16878000000003        280.16878000000003        280.16890000000001        280.16878000000003     
 read in sim obs yf   280.28728999999998        280.28728999999998        280.28728000000001        280.28742000000000        280.28730000000002     
 read in sim obs yf   280.25472000000002        280.25472000000002        280.25472000000002        280.25484000000000        280.25473000000000     
 read in sim obs yf   279.77771999999999        279.77773000000002        279.77771999999999        279.77785999999998        279.77773000000002     
 read in sim obs yf   279.42480000000000        279.42480000000000        279.42480000000000        279.42493999999999        279.42480999999998     
 read in sim obs yf   278.05180999999999        278.05182000000002        278.05180999999999        278.05245000000002        278.05185999999998     
 read in sim obs yf   277.47089000000000        277.47091000000000        277.47089000000000        277.47147999999999        277.47093000000001     
 read in sim obs yf   278.71190999999999        278.71194000000003        278.71190999999999        278.71231000000000        278.71194000000003     
 read in sim obs yf   280.56063000000006        280.56065000000007        280.56063000000006        280.56086000000005        280.56064000000003     
 read in sim obs yf   282.03207000000003        282.03207000000003        282.03207000000003        282.03207000000003        282.03207000000003     
 read in sim obs yf   277.86313000000001        277.86315999999999        277.86313000000001        277.86392999999998        277.86317000000003     
 read in sim obs yf   278.87004000000002        278.87007000000000        278.87004000000002        278.87056000000001        278.87006000000002     
 read in sim obs yf   282.14404999999999        282.14404999999999        282.14404999999999        282.14409000000001        282.14406000000002     
 read in sim obs yf   282.04216000000002        282.04216000000002        282.04216000000002        282.04216000000002        282.04216000000002     
 read in sim obs yf   281.48221000000001        281.48221999999998        281.48221000000001        281.48228999999998        281.48221999999998     
 read in sim obs yf   281.40814999999998        281.40814999999998        281.40814999999998        281.40816000000001        281.40814999999998     
 read in sim obs yf   281.04843000000000        281.04843000000000        281.04843000000000        281.04852000000000        281.04843000000000     
 read in sim obs yf   281.38848999999993        281.38848999999993        281.38848999999993        281.38860999999997        281.38848999999993     
 read in sim obs yf   281.33348999999998        281.33348999999998        281.33348999999998        281.33363000000003        281.33348999999998     
 read in sim obs yf   280.95330999999999        280.95330999999999        280.95330999999999        280.95346999999998        280.95332000000002     
 read in sim obs yf   280.96116000000001        280.96116000000001        280.96116000000001        280.96136999999999        280.96116999999998     
 read in sim obs yf   280.98306999999994        280.98306999999994        280.98306999999994        280.98329999999993        280.98308999999995     
 read in sim obs yf   281.02692999999994        281.02691999999996        281.02691999999996        281.02709999999996        281.02693999999997     
 read in sim obs yf   281.50308000000001        281.50308000000001        281.50308000000001        281.50319999999999        281.50308999999999     
 read in sim obs yf   281.30417000000000        281.30417000000000        281.30417000000000        281.30417000000000        281.30417000000000     
 read in sim obs yf   280.73642000000001        280.73642000000001        280.73642000000001        280.73644999999999        280.73642000000001     
 read in sim obs yf   279.95729000000000        279.95729000000000        279.95729000000000        279.95735999999999        279.95729999999998     
 read in sim obs yf   277.56072999999998        277.56076000000002        277.56072999999998        277.56150000000002        277.56079000000000     
 read in sim obs yf   276.51747000000000        276.51753000000002        276.51746000000003        276.51844999999997        276.51756999999998     
 read in sim obs yf   276.39785999999992        276.39793999999995        276.39785999999992        276.39883999999995        276.39798999999994     
 read in sim obs yf   276.91360999999995        276.91363999999993        276.91360999999995        276.91418999999996        276.91365999999994     
 read in sim obs yf   278.17908999999997        278.17910999999998        278.17908999999997        278.17995000000002        278.17916000000002     
 read in sim obs yf   280.70744000000002        280.70744000000002        280.70744000000002        280.70758999999998        280.70744999999999     
 read in sim obs yf   280.91912000000002        280.91912000000002        280.91912000000002        280.91914000000003        280.91912000000002     
 read in sim obs yf   277.43116999999995        277.43121999999994        277.43116999999995        277.43181999999996        277.43123999999995     
 read in sim obs yf   276.50283999999999        276.50290999999999        276.50283999999999        276.50369999999998        276.50294000000002     
 read in sim obs yf   277.28316999999993        277.28321999999991        277.28316999999993        277.28387999999995        277.28324999999995     
 read in sim obs yf   279.90543999999994        279.90544999999992        279.90543999999994        279.90588999999994        279.90547999999995     
 read in sim obs yf   280.29634999999996        280.29634999999996        280.29633999999993        280.29663999999997        280.29637999999994     
 read in sim obs yf   280.26925999999997        280.26925999999997        280.26925999999997        280.26938000000001        280.26927000000001     
 read in sim obs yf   279.72703999999993        279.72703999999993        279.72703999999993        279.72719999999993        279.72704999999996     
 read in sim obs yf   279.32384000000002        279.32384000000002        279.32384000000002        279.32402999999999        279.32384999999999     
 read in sim obs yf   277.57617000000005        277.57619000000005        277.57617000000005        277.57675000000006        277.57622000000003     
 read in sim obs yf   278.19556999999992        278.19558999999992        278.19556999999992        278.19603999999993        278.19559999999996     
 read in sim obs yf   277.95486000000000        277.95490000000001        277.95486000000000        277.95544999999998        277.95490000000001     
 read in sim obs yf   281.15793000000002        281.15793000000002        281.15793000000002        281.15800999999999        281.15793000000002     
 read in sim obs yf   277.87398999999999        277.87401000000000        277.87398999999999        277.87470000000002        277.87401999999997     
 read in sim obs yf   278.25183000000004        278.25187000000005        278.25183000000004        278.25244000000004        278.25186000000008     
 read in sim obs yf   281.50075000000004        281.50075000000004        281.50075000000004        281.50078000000008        281.50076000000007     
 read in sim obs yf   280.78690999999998        280.78692000000001        280.78690999999998        280.78723000000002        280.78692000000001     
 read in sim obs yf   280.73871000000003        280.73871000000003        280.73871000000003        280.73880000000003        280.73872000000000     
 read in sim obs yf   280.61331999999999        280.61331999999999        280.61331999999999        280.61340999999999        280.61331999999999     
 read in sim obs yf   280.53176999999999        280.53176999999999        280.53176999999999        280.53188999999998        280.53178000000003     
 read in sim obs yf   281.08787000000001        281.08787000000001        281.08787000000001        281.08798000000002        281.08787000000001     
 read in sim obs yf   281.23638999999997        281.23638999999997        281.23638999999997        281.23658999999998        281.23640000000000     
 read in sim obs yf   281.01209999999998        281.01209999999998        281.01209999999998        281.01224000000002        281.01211000000001     
 read in sim obs yf   280.94655999999998        280.94655999999998        280.94655999999998        280.94686999999999        280.94659000000001     
 read in sim obs yf   280.94288999999992        280.94288999999992        280.94288999999992        280.94321999999994        280.94291999999996     
 read in sim obs yf   280.97471000000002        280.97471000000002        280.97471000000002        280.97510000000000        280.97474000000000     
 read in sim obs yf   281.45666999999992        281.45666999999992        281.45666999999992        281.45693999999992        281.45668999999992     
 read in sim obs yf   279.81414999999993        279.81414999999993        279.81414999999993        279.81418999999994        279.81414999999993     
 read in sim obs yf   277.40942000000001        277.40944999999999        277.40942000000001        277.40987000000001        277.40946000000002     
 read in sim obs yf   277.15814999999998        277.15821000000000        277.15814999999998        277.15899000000002        277.15823000000000     
 read in sim obs yf   277.39026000000001        277.39028999999999        277.39026000000001        277.39073000000002        277.39030000000002     
 read in sim obs yf   278.23475999999994        278.23476999999997        278.23475999999994        278.23561999999993        278.23481999999996     
 read in sim obs yf   280.76385999999997        280.76385999999997        280.76385999999997        280.76390999999995        280.76385999999997     
 read in sim obs yf   278.73653999999999        278.73656000000000        278.73653999999999        278.73678999999998        278.73656000000000     
 read in sim obs yf   276.36110000000002        276.36117999999999        276.36110000000002        276.36191000000002        276.36117000000002     
 read in sim obs yf   276.99775000000000        276.99783000000002        276.99775000000000        276.99869000000001        276.99783000000002     
 read in sim obs yf   277.51558999999997        277.51566000000003        277.51558999999997        277.51652999999999        277.51567999999997     
 read in sim obs yf   279.98860000000002        279.98860999999999        279.98858999999999        279.98910999999998        279.98863999999998     
 read in sim obs yf   280.09773999999999        280.09773999999999        280.09773999999999        280.09811999999999        280.09775999999999     
 read in sim obs yf   279.45244999999994        279.45244999999994        279.45244999999994        279.45297999999997        279.45247999999992     
 read in sim obs yf   278.83145000000002        278.83145000000002        278.83145000000002        278.83213000000001        278.83148999999997     
 read in sim obs yf   277.78064000000001        277.78064999999998        277.78064000000001        277.78118999999998        277.78068000000002     
 read in sim obs yf   277.75144000000000        277.75146000000001        277.75144000000000        277.75198999999998        277.75146999999998     
 read in sim obs yf   278.40811000000002        278.40816999999998        278.40811000000002        278.40892000000002        278.40814999999998     
 read in sim obs yf   281.51497999999998        281.51497999999998        281.51497999999998        281.51501000000002        281.51497999999998     
 read in sim obs yf   277.78039000000001        277.78043000000002        277.78039000000001        277.78104000000002        277.78041999999999     
 read in sim obs yf   280.16725999999994        280.16725999999994        280.16725999999994        280.16751999999997        280.16725999999994     
 read in sim obs yf   280.27237000000002        280.27238000000000        280.27237000000002        280.27258999999998        280.27238000000000     
 read in sim obs yf   280.68955999999997        280.68955999999997        280.68955999999997        280.68966000000000        280.68955999999997     
 read in sim obs yf   280.27371000000005        280.27371000000005        280.27371000000005        280.27381000000008        280.27372000000008     
 read in sim obs yf   280.09184000000005        280.09184000000005        280.09184000000005        280.09193000000005        280.09184000000005     
 read in sim obs yf   280.19794999999993        280.19794999999993        280.19794999999993        280.19808999999992        280.19795999999997     
 read in sim obs yf   280.82592000000000        280.82592000000000        280.82592000000000        280.82605000000001        280.82592000000000     
 read in sim obs yf   281.15552000000002        281.15552000000002        281.15552000000002        281.15570000000002        281.15552000000002     
 read in sim obs yf   281.02740999999997        281.02740999999997        281.02740999999997        281.02758999999998        281.02742000000001     
 read in sim obs yf   280.94135000000000        280.94135000000000        280.94135000000000        280.94157999999999        280.94137000000001     
 read in sim obs yf   280.81690999999995        280.81690999999995        280.81690999999995        280.81728999999996        280.81693999999993     
 read in sim obs yf   280.82708000000002        280.82708000000002        280.82708000000002        280.82747000000001        280.82711000000000     
 read in sim obs yf   281.17295999999999        281.17295999999999        281.17295999999999        281.17347999999998        281.17302000000001     
 read in sim obs yf   281.91690999999997        281.91690999999997        281.91690999999997        281.91690999999997        281.91690999999997     
 read in sim obs yf   281.65053999999998        281.65053999999998        281.65053999999998        281.65055999999998        281.65053999999998     
 read in sim obs yf   281.20031999999992        281.20031999999992        281.20031999999992        281.20048999999995        281.20033999999993     
 read in sim obs yf   280.88573000000002        280.88573000000002        280.88573000000002        280.88573000000002        280.88573000000002     
 read in sim obs yf   280.02571999999998        280.02571999999998        280.02571999999998        280.02584999999999        280.02573000000001     
 read in sim obs yf   278.20692000000003        278.20695000000001        278.20692000000003        278.20758000000001        278.20697000000001     
 read in sim obs yf   276.58474000000001        276.58479999999997        276.58474000000001        276.58546999999999        276.58481000000000     
 read in sim obs yf   277.60728000000000        277.60730000000001        277.60728000000000        277.60815000000002        277.60734000000002     
 read in sim obs yf   278.24977000000007        278.24978000000004        278.24977000000007        278.25025000000005        278.24980000000005     
 read in sim obs yf   280.38684999999998        280.38684999999998        280.38684999999998        280.38697999999999        280.38686000000001     
 read in sim obs yf   280.68860000000001        280.68860000000001        280.68860000000001        280.68860000000001        280.68860000000001     
 read in sim obs yf   278.30725999999999        278.30727999999999        278.30725999999999        278.30777000000000        278.30729000000002     
 read in sim obs yf   277.58717999999999        277.58721000000003        277.58717999999999        277.58767000000000        277.58720000000000     
 read in sim obs yf   277.01052000000004        277.01060000000007        277.01052000000004        277.01142000000004        277.01059000000004     
 read in sim obs yf   278.05096000000003        278.05100000000004        278.05096000000003        278.05150000000003        278.05100000000004     
 read in sim obs yf   278.83279000000005        278.83283000000006        278.83279000000005        278.83345000000008        278.83284000000003     
 read in sim obs yf   279.51539000000002        279.51542000000001        279.51539000000002        279.51616999999999        279.51546000000002     
 read in sim obs yf   278.73086000000001        278.73088000000001        278.73086000000001        278.73158000000001        278.73090000000002     
 read in sim obs yf   278.54606000000001        278.54606000000001        278.54606000000001        278.54678000000001        278.54610000000002     
 read in sim obs yf   277.91685999999999        277.91687999999999        277.91685999999999        277.91732000000002        277.91690000000000     
 read in sim obs yf   277.37948999999998        277.37952000000001        277.37948000000000        277.38006000000001        277.37952999999999     
 read in sim obs yf   279.56578999999999        279.56580000000002        279.56578999999999        279.56623999999999        279.56580000000002     
 read in sim obs yf   281.80140000000000        281.80140000000000        281.80140000000000        281.80142000000001        281.80140000000000     
 read in sim obs yf   279.63032999999996        279.63033999999993        279.63032999999996        279.63059999999996        279.63033999999993     
 read in sim obs yf   280.49750000000000        280.49750000000000        280.49750000000000        280.49761000000001        280.49750000000000     
 read in sim obs yf   279.87907999999993        279.87907999999993        279.87907999999993        279.87945999999994        279.87908999999996     
 read in sim obs yf   280.28696000000002        280.28696000000002        280.28696000000002        280.28707000000003        280.28696000000002     
 read in sim obs yf   279.86460000000000        279.86460000000000        279.86460000000000        279.86473000000001        279.86460000000000     
 read in sim obs yf   279.75826999999992        279.75826999999992        279.75826999999992        279.75837999999993        279.75826999999992     
 read in sim obs yf   280.03820000000002        280.03820999999999        280.03820000000002        280.03834000000001        280.03820999999999     
 read in sim obs yf   280.78717999999998        280.78717999999998        280.78717999999998        280.78728999999998        280.78717999999998     
 read in sim obs yf   281.16764999999998        281.16764999999998        281.16764999999998        281.16775999999999        281.16764999999998     
 read in sim obs yf   281.03966000000003        281.03966000000003        281.03966000000003        281.03980999999999        281.03967000000000     
 read in sim obs yf   281.02336000000003        281.02336000000003        281.02336000000003        281.02352000000002        281.02337000000000     
 read in sim obs yf   280.91962000000001        280.91962000000001        280.91962000000001        280.91980999999998        280.91964000000002     
 read in sim obs yf   280.89163000000002        280.89163000000002        280.89163000000002        280.89184000000000        280.89164000000000     
 read in sim obs yf   281.05419999999998        281.05419000000001        281.05417999999997        281.05482000000001        281.05425000000002     
 read in sim obs yf   281.40028000000001        281.40028000000001        281.40028000000001        281.40064999999998        281.40033000000000     
 read in sim obs yf   280.72549000000004        280.72549000000004        280.72549000000004        280.72611000000006        280.72555000000006     
 read in sim obs yf   281.29272000000003        281.29272000000003        281.29272000000003        281.29288000000008        281.29273000000006     
 read in sim obs yf   279.51409000000001        279.51409000000001        279.51409000000001        279.51423000000000        279.51409000000001     
 read in sim obs yf   277.17525999999998        277.17529000000002        277.17525999999998        277.17604999999998        277.17531000000002     
 read in sim obs yf   278.01846999999992        278.01847999999995        278.01846999999992        278.01897999999994        278.01849999999996     
 read in sim obs yf   279.18999000000002        279.19000000000000        279.18999000000002        279.19027999999997        279.19000999999997     
 read in sim obs yf   279.88216999999997        279.88216999999997        279.88216999999997        279.88261000000000        279.88218999999998     
 read in sim obs yf   280.39693999999997        280.39693999999997        280.39693999999997        280.39695999999998        280.39693999999997     
 read in sim obs yf   278.57900999999998        278.57902000000001        278.57900999999998        278.57958000000002        278.57902999999999     
 read in sim obs yf   277.74198000000001        277.74200000000002        277.74198000000001        277.74257000000000        277.74200000000002     
 read in sim obs yf   277.74209000000002        277.74211000000003        277.74209000000002        277.74277999999998        277.74211000000003     
 read in sim obs yf   278.30887999999999        278.30889999999999        278.30887999999999        278.30950999999999        278.30891000000003     
 read in sim obs yf   279.41685000000007        279.41686000000004        279.41685000000007        279.41722000000004        279.41687000000007     
 read in sim obs yf   278.99844999999999        278.99847999999997        278.99844999999999        278.99921999999998        278.99851000000001     
 read in sim obs yf   277.64425999999997        277.64429999999999        277.64425999999997        277.64496000000003        277.64431999999999     
 read in sim obs yf   277.56799999999998        277.56803000000002        277.56799000000001        277.56867999999997        277.56806000000000     
 read in sim obs yf   276.81711000000001        276.81716000000000        276.81711000000001        276.81777000000000        276.81716999999998     
 read in sim obs yf   277.49969000000004        277.49972000000008        277.49968000000007        277.50022000000007        277.49973000000006     
 read in sim obs yf   280.44538000000000        280.44538999999997        280.44538000000000        280.44556999999998        280.44538999999997     
 read in sim obs yf   282.10111000000001        282.10111000000001        282.10111000000001        282.10111000000001        282.10111000000001     
 read in sim obs yf   278.48334999999997        278.48336000000000        278.48334999999997        278.48383999999999        278.48336999999998     
 read in sim obs yf   278.83418999999992        278.83419999999995        278.83418999999992        278.83462999999995        278.83419999999995     
 read in sim obs yf   279.95704999999998        279.95704999999998        279.95704999999998        279.95753999999999        279.95706000000001     
 read in sim obs yf   279.88378000000000        279.88378000000000        279.88378000000000        279.88391999999999        279.88378000000000     
 read in sim obs yf   279.65463999999997        279.65463999999997        279.65463999999997        279.65476999999998        279.65465000000000     
 read in sim obs yf   279.71508000000006        279.71508000000006        279.71507000000008        279.71522000000004        279.71509000000003     
 read in sim obs yf   279.92126999999994        279.92126999999994        279.92126999999994        279.92140999999992        279.92126999999994     
 read in sim obs yf   280.64104999999995        280.64104999999995        280.64104999999995        280.64116999999993        280.64104999999995     
 read in sim obs yf   281.08119000000005        281.08119000000005        281.08119000000005        281.08128000000005        281.08120000000008     
 read in sim obs yf   280.88461000000001        280.88461000000001        280.88461000000001        280.88477000000000        280.88461999999998     
 read in sim obs yf   280.75887999999992        280.75887999999992        280.75887999999992        280.75904999999995        280.75888999999995     
 read in sim obs yf   280.69933999999995        280.69934999999992        280.69933999999995        280.69949999999994        280.69934999999992     
 read in sim obs yf   280.81270000000001        280.81270000000001        280.81270000000001        280.81286000000000        280.81270999999998     
 read in sim obs yf   281.06070999999997        281.06070999999997        281.06070999999997        281.06108999999998        281.06074000000001     
 read in sim obs yf   280.79392999999999        280.79394000000002        280.79392999999999        280.79466000000002        280.79399000000001     
 read in sim obs yf   280.95832000000001        280.95832000000001        280.95832000000001        280.95888000000002        280.95837000000000     
 read in sim obs yf   280.51729999999998        280.51729999999998        280.51729999999998        280.51729999999998        280.51729999999998     
 read in sim obs yf   279.15640999999999        279.15642000000003        279.15640999999999        279.15685000000002        279.15643999999998     
 read in sim obs yf   278.95366999999999        278.95366999999999        278.95366999999999        278.95405000000000        278.95368999999999     
 read in sim obs yf   277.90158000000002        277.90159000000000        277.90158000000002        277.90221000000003        277.90161999999998     
 read in sim obs yf   278.44227000000001        278.44227000000001        278.44227000000001        278.44283000000001        278.44229000000001     
 read in sim obs yf   280.19439000000000        280.19439000000000        280.19439000000000        280.19452999999999        280.19439999999997     
 read in sim obs yf   280.24790000000007        280.24790000000007        280.24790000000007        280.24798000000004        280.24790000000007     
 read in sim obs yf   279.51636999999994        279.51636999999994        279.51636999999994        279.51650999999993        279.51636999999994     
 read in sim obs yf   278.95166000000000        278.95166999999998        278.95166000000000        278.95179999999999        278.95166999999998     
 read in sim obs yf   277.94249000000002        277.94252000000000        277.94249000000002        277.94313000000000        277.94252999999998     
 read in sim obs yf   278.53865000000002        278.53865999999999        278.53865000000002        278.53928000000002        278.53868000000000     
 read in sim obs yf   279.40748000000002        279.40749000000000        279.40748000000002        279.40791999999999        279.40750000000003     
 read in sim obs yf   279.32839999999999        279.32841999999999        279.32839999999999        279.32888000000003        279.32844000000000     
 read in sim obs yf   277.57920000000001        277.57924000000003        277.57920000000001        277.57979000000000        277.57925999999998     
 read in sim obs yf   276.88401999999996        276.88406999999995        276.88401999999996        276.88471999999996        276.88409999999993     
 read in sim obs yf   277.14076000000000        277.14080000000001        277.14076000000000        277.14132000000001        277.14082000000002     
 read in sim obs yf   278.52778999999992        278.52780999999993        278.52778999999992        278.52812999999992        278.52781999999996     
 read in sim obs yf   281.04107999999997        281.04107999999997        281.04107999999997        281.04113999999993        281.04107999999997     
 read in sim obs yf   278.34231000000005        278.34232000000003        278.34231000000005        278.34281000000004        278.34234000000004     
 read in sim obs yf   278.64473000000004        278.64474000000007        278.64475000000004        278.64521000000008        278.64477000000005     
 read in sim obs yf   279.68443000000002        279.68444000000000        279.68443000000002        279.68495000000001        279.68446999999998     
 read in sim obs yf   279.70672000000002        279.70672000000002        279.70670999999999        279.70686000000001        279.70672000000002     
 read in sim obs yf   279.64098999999999        279.64098999999999        279.64098000000001        279.64111000000003        279.64098999999999     
 read in sim obs yf   279.71307000000002        279.71307000000002        279.71305999999998        279.71319999999997        279.71307000000002     
 read in sim obs yf   279.86869000000002        279.86869000000002        279.86869000000002        279.86881000000000        279.86869000000002     
 read in sim obs yf   280.47394999999995        280.47394999999995        280.47394999999995        280.47407999999996        280.47394999999995     
 read in sim obs yf   280.83409000000000        280.83409000000000        280.83409000000000        280.83425999999997        280.83409000000000     
 read in sim obs yf   280.60870000000000        280.60870000000000        280.60870000000000        280.60888999999997        280.60870999999997     
 read in sim obs yf   280.51767000000001        280.51767000000001        280.51767000000001        280.51781999999997        280.51767999999998     
 read in sim obs yf   280.51448999999997        280.51448999999997        280.51448999999997        280.51459999999992        280.51449999999994     
 read in sim obs yf   280.75621999999998        280.75621999999998        280.75621999999998        280.75634000000002        280.75621999999998     
 read in sim obs yf   281.06427000000002        281.06427000000002        281.06427000000002        281.06446999999997        281.06428000000000     
 read in sim obs yf   281.20563000000004        281.20563000000004        281.20563000000004        281.20608000000004        281.20567000000005     
 read in sim obs yf   281.50450999999998        281.50450999999998        281.50450999999998        281.50457999999998        281.50450999999998     
 read in sim obs yf   280.06342000000006        280.06342000000006        280.06342000000006        280.06361000000004        280.06343000000004     
 read in sim obs yf   278.83353000000000        278.83354000000003        278.83353000000000        278.83395999999999        278.83355999999998     
 read in sim obs yf   278.96310000000000        278.96310999999997        278.96310000000000        278.96343000000002        278.96312000000000     
 read in sim obs yf   278.06075999999996        278.06076999999993        278.06075999999996        278.06140999999997        278.06080999999995     
 read in sim obs yf   278.71420999999998        278.71422000000001        278.71420999999998        278.71490999999997        278.71424999999999     
 read in sim obs yf   280.41043000000002        280.41043000000002        280.41043000000002        280.41055000000000        280.41043999999999     
 read in sim obs yf   280.40460999999999        280.40460999999999        280.40460999999999        280.40472000000000        280.40462000000002     
 read in sim obs yf   280.05486999999999        280.05486999999999        280.05486999999999        280.05497000000003        280.05486999999999     
 read in sim obs yf   279.80360000000002        279.80360000000002        279.80360000000002        279.80372000000000        279.80360000000002     
 read in sim obs yf   279.50168000000002        279.50168000000002        279.50168000000002        279.50182000000001        279.50169000000000     
 read in sim obs yf   279.85555999999997        279.85555999999997        279.85555999999997        279.85568999999992        279.85555999999997     
 read in sim obs yf   280.16482000000002        280.16482000000002        280.16482000000002        280.16493000000003        280.16482000000002     
 read in sim obs yf   279.96871999999996        279.96871999999996        279.96871999999996        279.96882999999997        279.96871999999996     
 read in sim obs yf   279.54687999999999        279.54687999999999        279.54687999999999        279.54694999999998        279.54689000000002     
 read in sim obs yf   278.95643000000007        278.95644000000004        278.95643000000007        278.95686000000006        278.95648000000006     
 read in sim obs yf   276.83681000000001        276.83686000000000        276.83681000000001        276.83751999999998        276.83688999999998     
 read in sim obs yf   277.72510000000000        277.72514000000001        277.72510000000000        277.72564999999997        277.72514999999999     
 read in sim obs yf   281.14299999999997        281.14299999999997        281.14299999999997        281.14310000000000        281.14301000000000     
 read in sim obs yf   279.55683999999997        279.55683999999997        279.55683999999997        279.55706999999995        279.55685999999992     
 read in sim obs yf   279.17916000000002        279.17916000000002        279.17916000000002        279.17955999999998        279.17917999999997     
 read in sim obs yf   279.52782000000002        279.52782000000002        279.52782000000002        279.52794000000000        279.52782999999999     
 read in sim obs yf   279.47412000000008        279.47412000000008        279.47411000000005        279.47424000000007        279.47412000000008     
 read in sim obs yf   279.64263999999997        279.64263999999997        279.64263999999997        279.64276000000001        279.64265000000000     
 read in sim obs yf   279.70526000000001        279.70526000000001        279.70526000000001        279.70537999999999        279.70526999999998     
 read in sim obs yf   279.89532000000008        279.89532000000008        279.89532000000008        279.89546000000007        279.89532000000008     
 read in sim obs yf   280.35325000000006        280.35325000000006        280.35325000000006        280.35338000000007        280.35326000000003     
 read in sim obs yf   280.55524000000003        280.55524000000003        280.55524000000003        280.55540999999999        280.55525000000000     
 read in sim obs yf   280.35939000000002        280.35939000000002        280.35939000000002        280.35951000000000        280.35939000000002     
 read in sim obs yf   280.52075000000002        280.52075000000002        280.52075000000002        280.52085000000000        280.52075000000002     
 read in sim obs yf   280.76018999999997        280.76018999999997        280.76018999999997        280.76032999999995        280.76019999999994     
 read in sim obs yf   280.99279000000001        280.99279000000001        280.99279000000001        280.99295000000001        280.99279000000001     
 read in sim obs yf   281.15582999999998        281.15582999999998        281.15582999999998        281.15598000000000        281.15584000000001     
 read in sim obs yf   281.25991999999997        281.25991999999997        281.25990999999993        281.26007999999996        281.25993999999992     
 read in sim obs yf   281.26758000000007        281.26758000000007        281.26758000000007        281.26782000000003        281.26760000000007     
 read in sim obs yf   281.37558999999999        281.37558999999999        281.37558999999999        281.37569000000002        281.37558999999999     
 read in sim obs yf   281.06762999999995        281.06762999999995        281.06762999999995        281.06763999999993        281.06762999999995     
 read in sim obs yf   280.04596999999995        280.04596999999995        280.04596999999995        280.04614999999995        280.04597999999993     
 read in sim obs yf   278.43493999999998        278.43495999999999        278.43493999999998        278.43576999999999        278.43498000000000     
 read in sim obs yf   278.23383999999993        278.23386999999997        278.23383999999993        278.23450999999994        278.23388999999992     
 read in sim obs yf   278.93164000000002        278.93164999999999        278.93164000000002        278.93223999999998        278.93169000000000     
 read in sim obs yf   279.21487000000002        279.21487999999999        279.21485999999999        279.21555000000001        279.21492999999998     
 read in sim obs yf   280.74900000000008        280.74901000000006        280.74900000000008        280.74916000000007        280.74902000000003     
 read in sim obs yf   280.70981000000000        280.70981999999998        280.70981000000000        280.70994000000002        280.70983000000001     
 read in sim obs yf   280.59107000000000        280.59107000000000        280.59107000000000        280.59120999999999        280.59107999999998     
 read in sim obs yf   280.44994000000003        280.44994000000003        280.44994000000003        280.45006999999998        280.44995000000000     
 read in sim obs yf   280.43455000000000        280.43455000000000        280.43455000000000        280.43468000000001        280.43455999999998     
 read in sim obs yf   280.59155999999996        280.59155999999996        280.59155999999996        280.59167999999994        280.59156999999993     
 read in sim obs yf   280.51733000000002        280.51733000000002        280.51733000000002        280.51744000000002        280.51733000000002     
 read in sim obs yf   280.13249000000002        280.13249000000002        280.13249000000002        280.13261000000000        280.13249000000002     
 read in sim obs yf   279.81513999999999        279.81513999999999        279.81513999999999        279.81527000000000        279.81513999999999     
 read in sim obs yf   279.52397999999994        279.52398999999997        279.52397999999994        279.52409999999992        279.52398999999997     
 read in sim obs yf   278.75927999999999        278.75929000000002        278.75927999999999        278.75977000000000        278.75932000000000     
 read in sim obs yf   279.52819000000000        279.52820000000003        279.52819000000000        279.52841999999998        279.52821000000000     
 read in sim obs yf   281.49648000000002        281.49648000000002        281.49648000000002        281.49648000000002        281.49648000000002     
 read in sim obs yf   278.63337999999999        278.63337999999999        278.63337999999999        278.63367000000000        278.63339999999999     
 read in sim obs yf   279.07580000000002        279.07580000000002        279.07580000000002        279.07602000000003        279.07580999999999     
 read in sim obs yf   279.18214999999998        279.18214999999998        279.18214999999998        279.18230999999997        279.18216000000001     
 read in sim obs yf   279.31225999999992        279.31225999999992        279.31224999999995        279.31234999999992        279.31225999999992     
 read in sim obs yf   279.53618000000000        279.53618000000000        279.53618000000000        279.53629999999998        279.53618000000000     
 read in sim obs yf   279.64531999999997        279.64531999999997        279.64531999999997        279.64544999999993        279.64532999999994     
 read in sim obs yf   279.87144000000001        279.87144000000001        279.87144000000001        279.87155999999999        279.87144000000001     
 read in sim obs yf   280.23998000000000        280.23998000000000        280.23998000000000        280.24011000000002        280.23998000000000     
 read in sim obs yf   280.46273000000002        280.46273000000002        280.46271999999999        280.46287999999998        280.46274000000000     
 read in sim obs yf   280.40150999999997        280.40150999999997        280.40150999999997        280.40165000000002        280.40152000000000     
 read in sim obs yf   280.76343999999995        280.76343999999995        280.76343999999995        280.76357999999993        280.76344999999992     
 read in sim obs yf   281.07260000000002        281.07260000000002        281.07260000000002        281.07272999999998        281.07261000000000     
 read in sim obs yf   281.20807000000002        281.20807000000002        281.20807000000002        281.20825000000002        281.20808000000000     
 read in sim obs yf   281.17830000000004        281.17830000000004        281.17830000000004        281.17839000000004        281.17831000000007     
 read in sim obs yf   281.15289000000001        281.15289000000001        281.15287999999998        281.15300000000002        281.15289999999999     
 read in sim obs yf   281.14739999999995        281.14739999999995        281.14737999999994        281.14752999999996        281.14740999999992     
 read in sim obs yf   281.16721000000001        281.16721000000001        281.16719999999998        281.16728999999998        281.16721999999999     
 read in sim obs yf   280.96170999999993        280.96170999999993        280.96170999999993        280.96175999999997        280.96171999999996     
 read in sim obs yf   280.76756999999998        280.76756999999998        280.76756999999998        280.76763000000000        280.76756999999998     
 read in sim obs yf   280.59790999999996        280.59790999999996        280.59790999999996        280.59801999999996        280.59790999999996     
 read in sim obs yf   280.33056000000005        280.33056000000005        280.33056000000005        280.33069000000006        280.33057000000008     
 read in sim obs yf   280.37482000000000        280.37482000000000        280.37482000000000        280.37495999999999        280.37482999999997     
 read in sim obs yf   280.49882999999994        280.49882999999994        280.49882999999994        280.49897999999996        280.49883999999992     
 read in sim obs yf   280.75650000000002        280.75650000000002        280.75648999999999        280.75679000000002        280.75653000000000     
 read in sim obs yf   281.06122999999997        281.06122999999997        281.06122999999997        281.06168999999994        281.06129999999996     
 read in sim obs yf   281.18293999999992        281.18293999999992        281.18293999999992        281.18320999999992        281.18296999999995     
 read in sim obs yf   281.01960000000008        281.01960000000008        281.01960000000008        281.01980000000003        281.01963000000006     
 read in sim obs yf   280.93499000000003        280.93499000000003        280.93499000000003        280.93511000000001        280.93500000000000     
 read in sim obs yf   280.96386999999993        280.96386999999993        280.96386999999993        280.96400999999992        280.96387999999996     
 read in sim obs yf   281.03089999999992        281.03089999999992        281.03089999999992        281.03100999999992        281.03090999999995     
 read in sim obs yf   280.89857999999998        280.89857999999998        280.89857999999998        280.89870000000002        280.89859000000001     
 read in sim obs yf   280.50650000000002        280.50650000000002        280.50650000000002        280.50662000000000        280.50650000000002     
 read in sim obs yf   280.12025000000000        280.12025000000000        280.12025000000000        280.12038000000001        280.12025999999997     
 read in sim obs yf   279.60066999999992        279.60066999999992        279.60066999999992        279.60111999999992        279.60070999999994     
 read in sim obs yf   277.60156000000001        277.60158999999999        277.60156000000001        277.60223999999999        277.60163000000000     
 read in sim obs yf   278.18054999999993        278.18057999999996        278.18054999999993        278.18111999999996        278.18058999999994     
 read in sim obs yf   281.03980999999999        281.03982000000002        281.03980999999999        281.03996999999998        281.03982000000002     
 read in sim obs yf   277.80765999999994        277.80765999999994        277.80765999999994        277.80816999999996        277.80766999999992     
 read in sim obs yf   278.65601999999996        278.65601999999996        278.65601999999996        278.65621999999996        278.65602999999993     
 read in sim obs yf   279.03904000000000        279.03904999999997        279.03904000000000        279.03921000000003        279.03904999999997     
 read in sim obs yf   279.31656000000004        279.31656000000004        279.31656000000004        279.31666000000007        279.31656000000004     
 read in sim obs yf   279.32545000000005        279.32545000000005        279.32544000000007        279.32557000000008        279.32545000000005     
 read in sim obs yf   279.44018999999997        279.44018999999997        279.44018000000000        279.44031000000001        279.44018999999997     
 read in sim obs yf   279.72564999999997        279.72564999999997        279.72564999999997        279.72577000000001        279.72564999999997     
 read in sim obs yf   280.11993999999999        280.11993999999999        280.11993999999999        280.12007999999997        280.11993999999999     
 read in sim obs yf   280.51603000000000        280.51602000000003        280.51600999999999        280.51620000000003        280.51603000000000     
 read in sim obs yf   280.75126999999998        280.75126999999998        280.75126000000000        280.75137999999998        280.75126999999998     
 read in sim obs yf   280.96182000000005        280.96182000000005        280.96182000000005        280.96196000000003        280.96183000000008     
 read in sim obs yf   281.02609000000001        281.02609000000001        281.02609000000001        281.02623999999997        281.02609999999999     
 read in sim obs yf   281.04403999999994        281.04403999999994        281.04403999999994        281.04413999999997        281.04403999999994     
 read in sim obs yf   281.06295000000000        281.06295000000000        281.06295000000000        281.06308999999999        281.06295999999998     
 read in sim obs yf   281.00635999999997        281.00637000000000        281.00635999999997        281.00650000000002        281.00637000000000     
 read in sim obs yf   281.06597000000005        281.06597000000005        281.06597000000005        281.06609000000003        281.06598000000008     
 read in sim obs yf   281.00633000000005        281.00633000000005        281.00633000000005        281.00645000000003        281.00634000000008     
 read in sim obs yf   280.89420000000007        280.89419000000004        280.89418000000006        280.89431000000008        280.89420000000007     
 read in sim obs yf   280.83942000000008        280.83941000000004        280.83939000000004        280.83957000000004        280.83943000000005     
 read in sim obs yf   280.83310999999998        280.83310999999998        280.83310000000000        280.83326000000000        280.83312000000001     
 read in sim obs yf   280.75222000000002        280.75222000000002        280.75222000000002        280.75234999999998        280.75222000000002     
 read in sim obs yf   280.78980999999993        280.78980999999993        280.78980999999993        280.78990999999996        280.78981999999996     
 read in sim obs yf   280.65935999999999        280.65935999999999        280.65935999999999        280.65953000000002        280.65937000000002     
 read in sim obs yf   280.84111999999993        280.84111999999993        280.84111999999993        280.84138999999993        280.84114999999997     
 read in sim obs yf   281.10604999999998        281.10606000000001        281.10604999999998        281.10674000000000        281.10615000000001     
 read in sim obs yf   281.25868000000003        281.25868000000003        281.25868000000003        281.25932000000000        281.25878000000000     
 read in sim obs yf   281.26542999999998        281.26542999999998        281.26542000000001        281.26585999999998        281.26548000000003     
 read in sim obs yf   281.25961999999998        281.25961000000001        281.25959999999998        281.25979999999998        281.25963999999999     
 read in sim obs yf   281.27746999999999        281.27746000000002        281.27744999999999        281.27762000000001        281.27749000000000     
 read in sim obs yf   281.27596000000000        281.27596000000000        281.27596000000000        281.27609000000001        281.27598000000000     
 read in sim obs yf   281.05837000000002        281.05837000000002        281.05837000000002        281.05847999999997        281.05838999999997     
 read in sim obs yf   280.69108999999997        280.69108999999997        280.69108999999997        280.69123999999999        280.69110000000001     
 read in sim obs yf   280.26201000000003        280.26202000000006        280.26201000000003        280.26215000000008        280.26203000000004     
 read in sim obs yf   279.76566000000003        279.76566000000003        279.76566000000003        279.76603999999998        279.76569999999998     
 read in sim obs yf   278.46958999999998        278.46962000000002        278.46958999999998        278.47010999999998        278.46964000000003     
 read in sim obs yf   277.86462000000000        277.86466000000001        277.86461000000003        277.86525000000000        277.86466999999999     
 read in sim obs yf   280.45544000000001        280.45544999999998        280.45544000000001        280.45582000000002        280.45544999999998     
 read in sim obs yf   282.46275000000003        282.46275000000003        282.46275000000003        282.46276999999998        282.46275000000003     
 read in sim obs yf   277.09413999999998        277.09413999999998        277.09413999999998        277.09460999999999        277.09415000000001     
 read in sim obs yf   278.13203999999996        278.13203999999996        278.13203999999996        278.13229999999993        278.13203999999996     
 read in sim obs yf   278.87612000000001        278.87612000000001        278.87612000000001        278.87626999999998        278.87612999999999     
 read in sim obs yf   279.32727000000000        279.32727000000000        279.32727000000000        279.32742999999999        279.32727999999997     
 read in sim obs yf   279.31562000000008        279.31562000000008        279.31562000000008        279.31576000000007        279.31562000000008     
 read in sim obs yf   279.20544000000001        279.20544000000001        279.20542999999998        279.20555000000002        279.20544000000001     
 read in sim obs yf   279.41820000000007        279.41820000000007        279.41820000000007        279.41827000000006        279.41820000000007     
 read in sim obs yf   280.05246000000005        280.05246000000005        280.05245000000008        280.05259000000007        280.05246000000005     
 read in sim obs yf   280.51247999999993        280.51247999999993        280.51246999999995        280.51265999999993        280.51248999999996     
 read in sim obs yf   280.70407999999998        280.70407999999998        280.70407000000000        280.70425000000000        280.70409000000001     
 read in sim obs yf   280.70332999999999        280.70332999999999        280.70332999999999        280.70348000000001        280.70332999999999     
 read in sim obs yf   280.43594999999999        280.43594999999999        280.43594999999999        280.43608999999998        280.43594999999999     
 read in sim obs yf   280.61950000000002        280.61950000000002        280.61950000000002        280.61964000000000        280.61950000000002     
 read in sim obs yf   280.87128999999999        280.87128999999999        280.87128999999999        280.87139000000002        280.87128999999999     
 read in sim obs yf   280.93260999999995        280.93260999999995        280.93260999999995        280.93272999999994        280.93261999999993     
 read in sim obs yf   280.96802000000002        280.96802000000002        280.96802000000002        280.96814000000001        280.96802000000002     
 read in sim obs yf   280.87819999999999        280.87819999999999        280.87819999999999        280.87831999999997        280.87819999999999     
 read in sim obs yf   280.75983000000002        280.75983000000002        280.75983000000002        280.75997000000001        280.75984000000000     
 read in sim obs yf   280.75954999999993        280.75954999999993        280.75954999999993        280.75969999999995        280.75955999999996     
 read in sim obs yf   280.79274999999996        280.79274999999996        280.79274999999996        280.79286999999994        280.79274999999996     
 read in sim obs yf   280.67856000000000        280.67856000000000        280.67856000000000        280.67865999999998        280.67856000000000     
 read in sim obs yf   280.62671000000000        280.62671000000000        280.62671000000000        280.62689000000000        280.62673000000001     
 read in sim obs yf   280.51906000000002        280.51906000000002        280.51906000000002        280.51920999999999        280.51907000000000     
 read in sim obs yf   280.65789000000001        280.65789000000001        280.65789000000001        280.65807999999998        280.65791000000002     
 read in sim obs yf   281.14920999999998        281.14920999999998        281.14920999999998        281.14974999999998        281.14927999999998     
 read in sim obs yf   281.41718999999995        281.41718999999995        281.41718999999995        281.41758999999996        281.41723999999994     
 read in sim obs yf   281.48194999999998        281.48194999999998        281.48194999999998        281.48228999999998        281.48200000000003     
 read in sim obs yf   281.68221999999992        281.68221999999992        281.68221999999992        281.68232999999992        281.68222999999995     
 read in sim obs yf   281.71248999999995        281.71248999999995        281.71248999999995        281.71255999999994        281.71249999999992     
 read in sim obs yf   281.41294999999997        281.41294999999997        281.41293999999994        281.41313999999994        281.41296999999992     
 read in sim obs yf   281.02296000000001        281.02294999999998        281.02294999999998        281.02305999999999        281.02296999999999     
 read in sim obs yf   280.64407000000000        280.64407000000000        280.64407000000000        280.64425000000000        280.64409999999998     
 read in sim obs yf   280.33598999999992        280.33598999999992        280.33598999999992        280.33613999999994        280.33599999999996     
 read in sim obs yf   280.09170999999998        280.09170999999998        280.09170999999998        280.09188000000000        280.09172999999998     
 read in sim obs yf   279.44671000000005        279.44672000000008        279.44671000000005        279.44733000000008        279.44676000000004     
 read in sim obs yf   278.15765999999996        278.15768999999995        278.15765999999996        278.15826999999996        278.15770999999995     
 read in sim obs yf   278.51688000000001        278.51692000000003        278.51688000000001        278.51749000000001        278.51691000000000     
 read in sim obs yf   281.65818999999993        281.65818999999993        281.65818999999993        281.65836999999993        281.65818999999993     
 read in sim obs yf   283.38551000000001        283.38551000000001        283.38551000000001        283.38551000000001        283.38551000000001     
 read in sim obs yf   277.01907999999997        277.01907999999997        277.01907999999997        277.01949999999999        277.01909000000001     
 read in sim obs yf   278.01644000000005        278.01645000000008        278.01644000000005        278.01665000000008        278.01645000000008     
 read in sim obs yf   278.75849999999997        278.75849999999997        278.75848999999994        278.75870999999995        278.75850999999994     
 read in sim obs yf   279.14717000000002        279.14717000000002        279.14715999999999        279.14731000000000        279.14717000000002     
 read in sim obs yf   279.25733000000002        279.25733000000002        279.25733000000002        279.25745999999998        279.25733000000002     
 read in sim obs yf   278.84841000000000        278.84841000000000        278.84841000000000        278.84845999999999        278.84841000000000     
 read in sim obs yf   278.92754999999994        278.92754999999994        278.92754999999994        278.92760999999996        278.92754999999994     
 read in sim obs yf   279.71093999999999        279.71093999999999        279.71093999999999        279.71107000000001        279.71095000000003     
 read in sim obs yf   280.11406999999997        280.11406999999997        280.11405999999994        280.11424999999997        280.11406999999997     
 read in sim obs yf   280.20285999999999        280.20285999999999        280.20285999999999        280.20307000000003        280.20285999999999     
 read in sim obs yf   280.19323000000009        280.19323000000009        280.19323000000009        280.19342000000006        280.19324000000006     
 read in sim obs yf   280.04552999999993        280.04552999999993        280.04552999999993        280.04566999999992        280.04552999999993     
 read in sim obs yf   280.38878000000005        280.38878000000005        280.38878000000005        280.38892000000004        280.38879000000003     
 read in sim obs yf   280.70409000000006        280.70409000000006        280.70409000000006        280.70423000000005        280.70409000000006     
 read in sim obs yf   280.76698000000005        280.76698000000005        280.76698000000005        280.76714000000004        280.76699000000008     
 read in sim obs yf   280.73728000000000        280.73728000000000        280.73728000000000        280.73741999999999        280.73728999999997     
 read in sim obs yf   280.58835999999997        280.58835999999997        280.58835999999997        280.58850999999993        280.58835999999997     
 read in sim obs yf   280.55381999999997        280.55381999999997        280.55381999999997        280.55394999999999        280.55381999999997     
 read in sim obs yf   280.62789000000004        280.62789000000004        280.62789000000004        280.62805000000003        280.62790000000007     
 read in sim obs yf   280.61939999999998        280.61939999999998        280.61939999999998        280.61953000000000        280.61941000000002     
 read in sim obs yf   280.45783999999998        280.45783999999998        280.45783999999998        280.45799000000000        280.45783999999998     
 read in sim obs yf   280.40875000000005        280.40875000000005        280.40875000000005        280.40890000000007        280.40876000000003     
 read in sim obs yf   280.42224999999996        280.42224999999996        280.42224999999996        280.42239999999993        280.42225999999994     
 read in sim obs yf   280.56781000000001        280.56781000000001        280.56781000000001        280.56792000000002        280.56781999999998     
 read in sim obs yf   281.01303000000001        281.01303000000001        281.01303000000001        281.01353999999998        281.01308999999998     
 read in sim obs yf   281.33620000000002        281.33620000000002        281.33620000000002        281.33663999999999        281.33625000000001     
 read in sim obs yf   281.54630999999995        281.54629999999992        281.54628999999994        281.54646999999994        281.54632999999995     
 read in sim obs yf   281.79383999999999        281.79383999999999        281.79383999999999        281.79392000000001        281.79385000000002     
 read in sim obs yf   281.85771999999992        281.85771999999992        281.85771999999992        281.85773999999992        281.85771999999992     
 read in sim obs yf   281.46172999999993        281.46172999999993        281.46171999999996        281.46188999999993        281.46174999999994     
 read in sim obs yf   280.99462999999997        280.99462999999997        280.99462999999997        280.99477999999999        280.99464999999998     
 read in sim obs yf   280.67962000000000        280.67962000000000        280.67961000000003        280.67979000000003        280.67964000000001     
 read in sim obs yf   280.46168000000000        280.46168000000000        280.46167000000003        280.46181999999999        280.46168999999998     
 read in sim obs yf   280.37756000000007        280.37756000000007        280.37756000000007        280.37773000000004        280.37758000000008     
 read in sim obs yf   280.36959000000002        280.36959000000002        280.36959000000002        280.36988000000002        280.36961000000002     
 read in sim obs yf   278.77773000000002        278.77773999999999        278.77773000000002        278.77828000000000        278.77776999999998     
 read in sim obs yf   278.77652999999998        278.77654999999999        278.77652999999998        278.77710000000002        278.77656000000002     
 read in sim obs yf   279.99873000000008        279.99875000000003        279.99873000000008        279.99920000000003        279.99874000000005     
 read in sim obs yf   283.04050000000001        283.04050000000001        283.04050000000001        283.04050999999998        283.04050000000001     
 read in sim obs yf   276.46099000000004        276.46099000000004        276.46099000000004        276.46149000000008        276.46100000000007     
 read in sim obs yf   277.84557999999998        277.84557999999998        277.84557999999998        277.84584999999998        277.84557999999998     
 read in sim obs yf   278.66636999999997        278.66636999999997        278.66636999999997        278.66656000000000        278.66638000000000     
 read in sim obs yf   278.96138000000002        278.96138000000002        278.96138000000002        278.96150000000000        278.96138000000002     
 read in sim obs yf   279.09316000000001        279.09316000000001        279.09316000000001        279.09327000000002        279.09316999999999     
 read in sim obs yf   278.77868000000001        278.77868000000001        278.77868000000001        278.77875000000000        278.77868000000001     
 read in sim obs yf   278.70692000000003        278.70692000000003        278.70692000000003        278.70697999999999        278.70693000000000     
 read in sim obs yf   279.28253999999998        279.28253999999998        279.28253999999998        279.28262999999998        279.28253999999998     
 read in sim obs yf   279.60455999999999        279.60455999999999        279.60455999999999        279.60467000000000        279.60455999999999     
 read in sim obs yf   279.66057000000001        279.66057000000001        279.66057000000001        279.66070000000002        279.66057000000001     
 read in sim obs yf   279.74333000000001        279.74333000000001        279.74333000000001        279.74345000000000        279.74333000000001     
 read in sim obs yf   279.97737000000006        279.97737000000006        279.97737000000006        279.97752000000008        279.97737000000006     
 read in sim obs yf   280.36524999999995        280.36524999999995        280.36524999999995        280.36538999999993        280.36524999999995     
 read in sim obs yf   280.48273000000000        280.48273000000000        280.48273000000000        280.48289000000000        280.48273000000000     
 read in sim obs yf   280.50344999999999        280.50344999999999        280.50344999999999        280.50362000000001        280.50344999999999     
 read in sim obs yf   280.43815999999998        280.43815999999998        280.43815999999998        280.43833999999998        280.43817000000001     
 read in sim obs yf   280.25585999999993        280.25585999999993        280.25585999999993        280.25600999999995        280.25585999999993     
 read in sim obs yf   280.36903999999998        280.36903999999998        280.36903999999998        280.36917000000000        280.36903999999998     
 read in sim obs yf   280.44434999999993        280.44434999999993        280.44434999999993        280.44445999999994        280.44434999999993     
 read in sim obs yf   280.37450000000007        280.37450000000007        280.37450000000007        280.37461000000008        280.37450000000007     
 read in sim obs yf   280.25760000000002        280.25760000000002        280.25760000000002        280.25770999999997        280.25761000000000     
 read in sim obs yf   280.29066000000000        280.29066000000000        280.29066000000000        280.29077999999998        280.29066999999998     
 read in sim obs yf   280.44905000000000        280.44905000000000        280.44905000000000        280.44918999999999        280.44905000000000     
 read in sim obs yf   280.59366000000006        280.59366000000006        280.59366000000006        280.59375000000006        280.59367000000003     
 read in sim obs yf   280.95199999999994        280.95199999999994        280.95199999999994        280.95233999999994        280.95203999999995     
 read in sim obs yf   281.16024999999996        281.16024999999996        281.16024999999996        281.16062999999997        281.16028999999992     
 read in sim obs yf   281.27989999999994        281.27989999999994        281.27988999999997        281.28045999999995        281.27996999999993     
 read in sim obs yf   281.56629000000004        281.56629000000004        281.56629000000004        281.56665000000004        281.56634000000008     
 read in sim obs yf   281.53911000000005        281.53911000000005        281.53911000000005        281.53946000000008        281.53915000000006     
 read in sim obs yf   281.26720999999992        281.26720999999992        281.26720999999992        281.26757999999995        281.26725999999996     
 read in sim obs yf   281.02525000000003        281.02525000000003        281.02525000000003        281.02535999999998        281.02526999999998     
 read in sim obs yf   280.76521000000002        280.76521000000002        280.76521000000002        280.76539000000002        280.76522999999997     
 read in sim obs yf   280.59331999999995        280.59331999999995        280.59330999999992        280.59348999999992        280.59333999999996     
 read in sim obs yf   280.60577999999992        280.60577999999992        280.60576999999995        280.60592999999994        280.60578999999996     
 read in sim obs yf   280.12734999999992        280.12735999999995        280.12734999999992        280.12802999999997        280.12741999999992     
 read in sim obs yf   278.73655999999994        278.73657999999995        278.73655999999994        278.73705999999993        278.73660999999993     
 read in sim obs yf   279.26774999999998        279.26776000000001        279.26774999999998        279.26821000000001        279.26776999999998     
 read in sim obs yf   279.36304000000001        279.36306999999999        279.36304000000001        279.36351999999999        279.36308000000002     
 read in sim obs yf   281.15483999999998        281.15485000000001        281.15483999999998        281.15510999999998        281.15483999999998     
 read in sim obs yf   276.27677999999997        276.27677999999997        276.27677999999997        276.27724999999998        276.27679000000001     
 read in sim obs yf   277.91422999999998        277.91422999999998        277.91422999999998        277.91437999999999        277.91422999999998     
 read in sim obs yf   278.44797999999997        278.44797999999997        278.44797999999997        278.44819999999999        278.44797999999997     
 read in sim obs yf   278.65960000000001        278.65960000000001        278.65960000000001        278.65973000000002        278.65960000000001     
 read in sim obs yf   278.83742999999993        278.83743999999996        278.83742999999993        278.83754999999996        278.83743999999996     
 read in sim obs yf   278.74354000000000        278.74354000000000        278.74354000000000        278.74362000000002        278.74354000000000     
 read in sim obs yf   278.88910999999996        278.88910999999996        278.88910999999996        278.88919999999996        278.88911999999993     
 read in sim obs yf   279.06052000000000        279.06052000000000        279.06052000000000        279.06060000000002        279.06052000000000     
 read in sim obs yf   279.13001000000003        279.13001000000003        279.13001000000003        279.13008000000002        279.13001000000003     
 read in sim obs yf   279.10059999999999        279.10059999999999        279.10059999999999        279.10068999999999        279.10059999999999     
 read in sim obs yf   279.27780999999993        279.27780999999993        279.27780999999993        279.27790999999996        279.27780999999993     
 read in sim obs yf   279.81617999999997        279.81617999999997        279.81617999999997        279.81630999999999        279.81617999999997     
 read in sim obs yf   280.11966999999999        280.11966999999999        280.11966999999999        280.11980000000000        280.11966999999999     
 read in sim obs yf   280.13981999999993        280.13981999999993        280.13981999999993        280.13998999999995        280.13981999999993     
 read in sim obs yf   280.22244000000001        280.22244000000001        280.22244000000001        280.22260999999997        280.22244000000001     
 read in sim obs yf   280.14954000000000        280.14954000000000        280.14954000000000        280.14970000000000        280.14954000000000     
 read in sim obs yf   279.94132000000002        279.94132000000002        279.94132000000002        279.94144999999997        279.94132000000002     
 read in sim obs yf   280.05455000000001        280.05455000000001        280.05455000000001        280.05468999999999        280.05455999999998     
 read in sim obs yf   280.05614999999995        280.05614999999995        280.05614999999995        280.05625999999995        280.05614999999995     
 read in sim obs yf   280.14121999999992        280.14121999999992        280.14121999999992        280.14131999999995        280.14121999999992     
 read in sim obs yf   280.18738999999994        280.18738999999994        280.18738999999994        280.18746999999996        280.18739999999997     
 read in sim obs yf   280.28696000000002        280.28696000000002        280.28696000000002        280.28710000000001        280.28697000000000     
 read in sim obs yf   280.37290999999993        280.37290999999993        280.37290999999993        280.37304999999992        280.37291999999997     
 read in sim obs yf   280.51591000000002        280.51591000000002        280.51591000000002        280.51603999999998        280.51591999999999     
 read in sim obs yf   280.73379999999997        280.73379999999997        280.73379999999997        280.73392000000001        280.73381000000001     
 read in sim obs yf   280.86500999999998        280.86502000000002        280.86500999999998        280.86534000000000        280.86505000000000     
 read in sim obs yf   281.01808000000000        281.01808000000000        281.01808000000000        281.01850000000002        281.01812000000001     
 read in sim obs yf   281.12202000000002        281.12202000000002        281.12202000000002        281.12267000000003        281.12211000000002     
 read in sim obs yf   281.25445000000008        281.25445000000008        281.25444000000005        281.25489000000005        281.25450000000006     
 read in sim obs yf   281.11403000000001        281.11403999999999        281.11403000000001        281.11455000000001        281.11410000000001     
 read in sim obs yf   281.07988999999992        281.07988999999992        281.07988999999992        281.08020999999997        281.07992999999993     
 read in sim obs yf   280.80232999999998        280.80232999999998        280.80232999999998        280.80273999999997        280.80238000000003     
 read in sim obs yf   280.78852999999998        280.78852999999998        280.78852000000001        280.78895000000000        280.78856999999999     
 read in sim obs yf   280.85475000000002        280.85475000000002        280.85475000000002        280.85514000000001        280.85478000000001     
 read in sim obs yf   279.38234000000000        279.38234000000000        279.38234000000000        279.38292999999999        279.38238000000001     
 read in sim obs yf   279.20876999999996        279.20877999999993        279.20876999999996        279.20928999999995        279.20879999999994     
 read in sim obs yf   279.21053999999998        279.21055999999999        279.21053999999998        279.21107999999998        279.21057000000002     
 read in sim obs yf   279.90609999999998        279.90611999999999        279.90609999999998        279.90649000000002        279.90613000000002     
 read in sim obs yf   279.90494000000007        279.90496000000007        279.90494000000007        279.90538000000004        279.90495000000004     
 read in sim obs yf   276.06331999999998        276.06331999999998        276.06331999999998        276.06387000000001        276.06333000000001     
 read in sim obs yf   277.56943999999999        277.56943999999999        277.56943999999999        277.56972999999999        277.56945000000002     
 read in sim obs yf   278.12842999999998        278.12842999999998        278.12842999999998        278.12857000000002        278.12842999999998     
 read in sim obs yf   278.40928000000008        278.40928000000008        278.40928000000008        278.40940000000006        278.40929000000006     
 read in sim obs yf   278.69302999999996        278.69302999999996        278.69302999999996        278.69310999999993        278.69302999999996     
 read in sim obs yf   278.46807999999999        278.46807999999999        278.46807999999999        278.46814999999998        278.46807999999999     
 read in sim obs yf   278.80552999999998        278.80552999999998        278.80552000000000        278.80561999999998        278.80552999999998     
 read in sim obs yf   278.87455999999997        278.87455999999997        278.87455999999997        278.87464999999997        278.87455999999997     
 read in sim obs yf   278.81141000000002        278.81141000000002        278.81141000000002        278.81148000000002        278.81141000000002     
 read in sim obs yf   278.89788999999996        278.89788999999996        278.89788999999996        278.89796999999993        278.89788999999996     
 read in sim obs yf   279.36540000000002        279.36540000000002        279.36540000000002        279.36550000000000        279.36540000000002     
 read in sim obs yf   279.90359999999998        279.90359999999998        279.90359999999998        279.90375000000000        279.90359999999998     
 read in sim obs yf   279.88364999999999        279.88364999999999        279.88364999999999        279.88378999999998        279.88366000000002     
 read in sim obs yf   279.83753999999993        279.83753999999993        279.83753999999993        279.83767999999992        279.83753999999993     
 read in sim obs yf   280.06947999999994        280.06947999999994        280.06947999999994        280.06964999999997        280.06948999999992     
 read in sim obs yf   279.98527000000001        279.98527000000001        279.98527000000001        279.98540000000003        279.98527000000001     
 read in sim obs yf   279.65516000000002        279.65516000000002        279.65516000000002        279.65528000000000        279.65516000000002     
 read in sim obs yf   279.74687999999998        279.74687999999998        279.74687999999998        279.74700999999999        279.74689000000001     
 read in sim obs yf   279.81344999999999        279.81344999999999        279.81344999999999        279.81357000000003        279.81344999999999     
 read in sim obs yf   279.92388999999997        279.92388999999997        279.92388999999997        279.92399000000000        279.92388999999997     
 read in sim obs yf   280.01006999999998        280.01006999999998        280.01006999999998        280.01017000000002        280.01008000000002     
 read in sim obs yf   280.12070999999997        280.12070999999997        280.12070999999997        280.12085000000002        280.12072000000001     
 read in sim obs yf   280.25128999999998        280.25128999999998        280.25128999999998        280.25142000000000        280.25128999999998     
 read in sim obs yf   280.34525000000002        280.34525000000002        280.34525000000002        280.34541000000002        280.34526000000000     
 read in sim obs yf   280.54606000000001        280.54606000000001        280.54606000000001        280.54622000000001        280.54606999999999     
 read in sim obs yf   280.67414000000002        280.67414000000002        280.67414000000002        280.67428000000001        280.67415000000000     
 read in sim obs yf   280.79502000000002        280.79502000000002        280.79500999999999        280.79509000000002        280.79502000000002     
 read in sim obs yf   280.98002000000002        280.98002000000002        280.98000999999999        280.98032000000001        280.98003999999997     
 read in sim obs yf   281.10611000000000        281.10611000000000        281.10611000000000        281.10642000000001        281.10613999999998     
 read in sim obs yf   281.14438999999993        281.14438999999993        281.14437999999996        281.14456999999993        281.14439999999996     
 read in sim obs yf   281.13251000000002        281.13251000000002        281.13251000000002        281.13274000000001        281.13254000000001     
 read in sim obs yf   280.89503000000002        280.89503000000002        280.89503000000002        280.89562999999998        280.89512000000002     
 read in sim obs yf   280.81135000000006        280.81135000000006        280.81135000000006        280.81192000000004        280.81141000000008     
 read in sim obs yf   280.31049999999999        280.31049999999999        280.31049999999999        280.31106999999997        280.31054999999998     
 read in sim obs yf   278.89605000000006        278.89608000000004        278.89605000000006        278.89661000000007        278.89611000000008     
 read in sim obs yf   279.50029000000001        279.50029999999998        279.50029000000001        279.50076000000001        279.50031999999999     
 read in sim obs yf   279.35813000000007        279.35815000000008        279.35813000000007        279.35864000000004        279.35816000000005     
 read in sim obs yf   279.38472999999993        279.38474999999994        279.38472999999993        279.38519999999994        279.38475999999997     
 read in sim obs yf   279.32540000000006        279.32542000000007        279.32540000000006        279.32597000000004        279.32542000000007     
 read in sim obs yf   275.77771999999999        275.77773000000002        275.77771999999999        275.77861000000001        275.77775000000003     
 read in sim obs yf   277.55548999999996        277.55548999999996        277.55548999999996        277.55571999999995        277.55549999999994     
 read in sim obs yf   277.90758000000000        277.90758000000000        277.90758000000000        277.90773999999999        277.90759000000003     
 read in sim obs yf   277.96069999999997        277.96069999999997        277.96069999999997        277.96078999999997        277.96069999999997     
 read in sim obs yf   278.04856999999993        278.04856999999993        278.04856999999993        278.04862999999995        278.04856999999993     
 read in sim obs yf   278.18696999999997        278.18696999999997        278.18696999999997        278.18702999999999        278.18696999999997     
 read in sim obs yf   278.67959000000008        278.67959000000008        278.67959000000008        278.67969000000005        278.67959000000008     
 read in sim obs yf   278.64177999999993        278.64177999999993        278.64177999999993        278.64184999999992        278.64177999999993     
 read in sim obs yf   278.60840000000002        278.60840000000002        278.60840000000002        278.60847000000001        278.60840000000002     
 read in sim obs yf   278.87766999999997        278.87766999999997        278.87766999999997        278.87774999999993        278.87766999999997     
 read in sim obs yf   279.48960000000000        279.48960000000000        279.48960000000000        279.48973000000001        279.48960000000000     
 read in sim obs yf   279.75283000000002        279.75283000000002        279.75283000000002        279.75299999999999        279.75283000000002     
 read in sim obs yf   279.66371999999996        279.66371999999996        279.66371999999996        279.66382999999996        279.66371999999996     
 read in sim obs yf   279.77553000000000        279.77553000000000        279.77553000000000        279.77566000000002        279.77553999999998     
 read in sim obs yf   279.89938999999993        279.89938999999993        279.89938999999993        279.89953999999994        279.89938999999993     
 read in sim obs yf   279.79406999999998        279.79406999999998        279.79406999999998        279.79419000000001        279.79406999999998     
 read in sim obs yf   279.59928000000002        279.59928000000002        279.59928000000002        279.59940000000000        279.59928000000002     
 read in sim obs yf   279.70308999999997        279.70308999999997        279.70308999999997        279.70321999999999        279.70310000000001     
 read in sim obs yf   279.74945000000002        279.74945000000002        279.74945000000002        279.74957999999998        279.74945000000002     
 read in sim obs yf   279.83300999999994        279.83300999999994        279.83300999999994        279.83312999999993        279.83300999999994     
 read in sim obs yf   279.89656000000002        279.89656000000002        279.89656000000002        279.89666999999997        279.89656000000002     
 read in sim obs yf   279.99581999999998        279.99581999999998        279.99581999999998        279.99590000000001        279.99583000000001     
 read in sim obs yf   280.16870999999992        280.16870999999992        280.16870999999992        280.16883999999993        280.16871999999995     
 read in sim obs yf   280.22873000000004        280.22873000000004        280.22873000000004        280.22887000000003        280.22874000000007     
 read in sim obs yf   280.43221000000000        280.43221000000000        280.43221000000000        280.43234000000001        280.43221999999997     
 read in sim obs yf   280.61652999999995        280.61652999999995        280.61652999999995        280.61663999999996        280.61653999999993     
 read in sim obs yf   280.76678000000004        280.76678000000004        280.76678000000004        280.76690000000008        280.76679000000007     
 read in sim obs yf   280.88747000000001        280.88747000000001        280.88747000000001        280.88760000000002        280.88747999999998     
 read in sim obs yf   281.04869000000002        281.04869000000002        281.04867999999999        281.04879000000000        281.04870000000000     
 read in sim obs yf   281.12072000000001        281.12072000000001        281.12070999999997        281.12092999999999        281.12074000000001     
 read in sim obs yf   281.22086000000002        281.22086000000002        281.22086000000002        281.22093999999998        281.22086999999999     
 read in sim obs yf   281.21129999999999        281.21129999999999        281.21129999999999        281.21141999999998        281.21131000000003     
 read in sim obs yf   280.84037000000001        280.84037000000001        280.84037000000001        280.84082999999998        280.84041999999999     
 read in sim obs yf   280.55533000000008        280.55534000000006        280.55533000000008        280.55568000000005        280.55536000000006     
 read in sim obs yf   280.14244999999994        280.14246999999995        280.14244999999994        280.14286999999996        280.14247999999992     
 read in sim obs yf   281.53903000000003        281.53903000000003        281.53903000000003        281.53913999999997        281.53903000000003     
 read in sim obs yf   280.92948000000001        280.92948999999999        280.92948000000001        280.92970000000003        280.92948999999999     
 read in sim obs yf   280.46758000000000        280.46758999999997        280.46758000000000        280.46785000000000        280.46760000000000     
 read in sim obs yf   280.07422000000003        280.07423000000000        280.07422000000003        280.07461000000001        280.07423999999997     
 read in sim obs yf   277.61393999999996        277.61393999999996        277.61393999999996        277.61414999999994        277.61394999999993     
 read in sim obs yf   277.12708999999995        277.12709999999993        277.12708999999995        277.12776999999994        277.12714999999992     
 read in sim obs yf   277.82981999999998        277.82981999999998        277.82981999999998        277.82996000000003        277.82981999999998     
 read in sim obs yf   277.33470999999997        277.33470999999997        277.33470999999997        277.33479000000000        277.33470999999997     
 read in sim obs yf   277.57905000000000        277.57905000000000        277.57905000000000        277.57913000000002        277.57905000000000     
 read in sim obs yf   278.47897000000000        278.47897000000000        278.47897000000000        278.47904999999997        278.47897000000000     
 read in sim obs yf   278.75729999999993        278.75729999999993        278.75729999999993        278.75742999999994        278.75729999999993     
 read in sim obs yf   278.32569999999998        278.32569999999998        278.32569999999998        278.32576999999998        278.32569999999998     
 read in sim obs yf   278.31988000000001        278.31988000000001        278.31988000000001        278.31993999999997        278.31988000000001     
 read in sim obs yf   278.60073000000000        278.60073000000000        278.60073000000000        278.60081000000002        278.60073999999997     
 read in sim obs yf   279.14242000000002        279.14242000000002        279.14242000000002        279.14255000000003        279.14242000000002     
 read in sim obs yf   279.27319000000000        279.27319000000000        279.27319000000000        279.27330999999998        279.27319000000000     
 read in sim obs yf   279.29825000000000        279.29825000000000        279.29825000000000        279.29835000000003        279.29825000000000     
 read in sim obs yf   279.57004999999992        279.57004999999992        279.57004999999992        279.57015999999993        279.57004999999992     
 read in sim obs yf   279.56835999999993        279.56835999999993        279.56835999999993        279.56845999999996        279.56835999999993     
 read in sim obs yf   279.50054000000000        279.50054000000000        279.50054000000000        279.50065000000001        279.50054999999998     
 read in sim obs yf   279.49243000000001        279.49243000000001        279.49243000000001        279.49254999999999        279.49243000000001     
 read in sim obs yf   279.48568000000000        279.48568000000000        279.48568000000000        279.48577000000000        279.48568000000000     
 read in sim obs yf   279.49561999999992        279.49561999999992        279.49561999999992        279.49572999999992        279.49561999999992     
 read in sim obs yf   279.56484999999992        279.56484999999992        279.56484999999992        279.56496999999996        279.56484999999992     
 read in sim obs yf   279.63040999999998        279.63040999999998        279.63040999999998        279.63051999999999        279.63040999999998     
 read in sim obs yf   279.79771000000005        279.79771000000005        279.79771000000005        279.79781000000008        279.79771000000005     
 read in sim obs yf   279.79843000000000        279.79843000000000        279.79843000000000        279.79852000000000        279.79844000000003     
 read in sim obs yf   279.91124999999994        279.91124999999994        279.91124999999994        279.91131999999993        279.91124999999994     
 read in sim obs yf   280.30402999999995        280.30402999999995        280.30402999999995        280.30415999999997        280.30402999999995     
 read in sim obs yf   280.56901000000005        280.56901000000005        280.56901000000005        280.56913000000003        280.56902000000008     
 read in sim obs yf   280.78556999999995        280.78556999999995        280.78556999999995        280.78571999999997        280.78557999999992     
 read in sim obs yf   280.85074000000003        280.85074000000003        280.85074000000003        280.85088000000007        280.85075000000006     
 read in sim obs yf   281.00245999999999        281.00245000000001        281.00243999999998        281.00259000000000        281.00247000000002     
 read in sim obs yf   281.15057999999999        281.15057999999999        281.15057000000002        281.15071000000000        281.15059000000002     
 read in sim obs yf   281.24293999999998        281.24293999999998        281.24293000000000        281.24315000000001        281.24295999999998     
 read in sim obs yf   281.01436000000001        281.01436000000001        281.01436000000001        281.01497000000001        281.01443999999998     
 read in sim obs yf   280.96800999999999        280.96802000000002        280.96800999999999        280.96848999999997        280.96807999999999     
 read in sim obs yf   280.95699000000002        280.95699999999999        280.95699000000002        280.95726999999999        280.95701000000003     
 read in sim obs yf   281.07561999999996        281.07563999999996        281.07561999999996        281.07591999999994        281.07563999999996     
 read in sim obs yf   281.70350999999994        281.70351999999997        281.70350999999994        281.70363999999995        281.70351999999997     
 read in sim obs yf   280.04349000000002        280.04351000000003        280.04349000000002        280.04388999999998        280.04352000000000     
 read in sim obs yf   280.68081000000001        280.68081000000001        280.68081000000001        280.68105000000003        280.68083000000001     
 read in sim obs yf   280.83145000000002        280.83145999999999        280.83145000000002        280.83166000000000        280.83147000000002     
 read in sim obs yf   276.48901999999993        276.48904999999996        276.48901999999993        276.48952999999995        276.48907999999994     
 read in sim obs yf   276.57556000000000        276.57557000000003        276.57556000000000        276.57618000000002        276.57562000000001     
 read in sim obs yf   277.59717000000001        277.59717000000001        277.59717000000001        277.59730000000002        277.59717999999998     
 read in sim obs yf   277.33008000000001        277.33008000000001        277.33008000000001        277.33015000000000        277.33008000000001     
 read in sim obs yf   277.90886999999998        277.90886999999998        277.90886999999998        277.90893999999997        277.90886999999998     
 read in sim obs yf   278.58228000000003        278.58228000000003        278.58228000000003        278.58242999999999        278.58229000000000     
 read in sim obs yf   278.42088000000001        278.42088000000001        278.42088000000001        278.42099000000002        278.42088000000001     
 read in sim obs yf   277.75473000000000        277.75473000000000        277.75473000000000        277.75479000000001        277.75473000000000     
 read in sim obs yf   277.78164999999996        277.78164999999996        277.78164999999996        277.78169999999994        277.78164999999996     
 read in sim obs yf   278.13117999999997        278.13117999999997        278.13117999999997        278.13125000000002        278.13119000000000     
 read in sim obs yf   278.61454999999995        278.61455999999993        278.61454999999995        278.61465999999996        278.61455999999993     
 read in sim obs yf   278.73311000000001        278.73311000000001        278.73311000000001        278.73320000000001        278.73311999999999     
 read in sim obs yf   278.68293000000000        278.68293000000000        278.68293000000000        278.68301000000002        278.68293999999997     
 read in sim obs yf   278.83634999999998        278.83634999999998        278.83634999999998        278.83641999999998        278.83634999999998     
 read in sim obs yf   278.95448999999996        278.95448999999996        278.95448999999996        278.95457999999996        278.95448999999996     
 read in sim obs yf   279.01303000000001        279.01303000000001        279.01303000000001        279.01312000000001        279.01303000000001     
 read in sim obs yf   279.05506000000008        279.05506000000008        279.05506000000008        279.05517000000003        279.05506000000008     
 read in sim obs yf   279.09962000000002        279.09962000000002        279.09962000000002        279.09971999999999        279.09962000000002     
 read in sim obs yf   279.13024000000001        279.13024000000001        279.13024000000001        279.13035000000002        279.13024000000001     
 read in sim obs yf   279.34555999999998        279.34555999999998        279.34555999999998        279.34568000000002        279.34555999999998     
 read in sim obs yf   279.50092000000012        279.50092000000012        279.50092000000012        279.50103000000013        279.50092000000012     
 read in sim obs yf   279.75198999999998        279.75198999999998        279.75198999999998        279.75211000000002        279.75200000000001     
 read in sim obs yf   279.89269999999993        279.89269999999993        279.89269999999993        279.89279999999997        279.89269999999993     
 read in sim obs yf   280.06513999999993        280.06513999999993        280.06513999999993        280.06522999999993        280.06514999999996     
 read in sim obs yf   280.33634999999992        280.33634999999992        280.33634999999992        280.33641999999992        280.33634999999992     
 read in sim obs yf   280.61038000000002        280.61038000000002        280.61038000000002        280.61050999999998        280.61039000000000     
 read in sim obs yf   280.76343000000003        280.76343000000003        280.76343000000003        280.76353999999998        280.76343000000003     
 read in sim obs yf   280.85746000000000        280.85746000000000        280.85746000000000        280.85759000000002        280.85746999999998     
 read in sim obs yf   280.99001999999996        280.99001999999996        280.99001999999996        280.99015999999995        280.99002999999993     
 read in sim obs yf   281.11729999999994        281.11729999999994        281.11729999999994        281.11746999999997        281.11731999999995     
 read in sim obs yf   281.22266000000002        281.22266000000002        281.22266000000002        281.22284000000002        281.22268000000003     
 read in sim obs yf   281.22689000000003        281.22689000000003        281.22689000000003        281.22721000000001        281.22690999999998     
 read in sim obs yf   280.96600999999993        280.96601999999996        280.96600999999993        280.96674999999993        280.96610999999996     
 read in sim obs yf   280.41064000000000        280.41066000000001        280.41064000000000        280.41154999999998        280.41073999999998     
 read in sim obs yf   280.17277999999999        280.17280000000000        280.17277999999999        280.17324000000002        280.17281000000003     
 read in sim obs yf   280.85678000000001        280.85678999999999        280.85678000000001        280.85716000000002        280.85678999999999     
 read in sim obs yf   280.47944000000001        280.47944999999999        280.47944000000001        280.47984000000002        280.47944999999999     
 read in sim obs yf   280.00664000000000        280.00664999999998        280.00664000000000        280.00706000000002        280.00666999999999     
 read in sim obs yf   281.00601000000000        281.00601999999998        281.00601000000000        281.00621999999998        281.00603000000001     
 read in sim obs yf   275.12072000000001        275.12076000000002        275.12072000000001        275.12137000000001        275.12079000000000     
 read in sim obs yf   276.21911000000000        276.21913000000001        276.21911000000000        276.21973000000003        276.21917999999999     
 read in sim obs yf   277.91602999999998        277.91602999999998        277.91602000000000        277.91615999999999        277.91602999999998     
 read in sim obs yf   277.86869999999999        277.86869999999999        277.86869000000002        277.86876999999998        277.86869999999999     
 read in sim obs yf   278.03377999999998        278.03377999999998        278.03377999999998        278.03388999999999        278.03379000000001     
 read in sim obs yf   278.17781000000002        278.17782000000000        278.17781000000002        278.17795000000001        278.17782000000000     
 read in sim obs yf   278.14219999999995        278.14219999999995        278.14219999999995        278.14229999999992        278.14219999999995     
 read in sim obs yf   277.59784000000008        277.59784000000008        277.59784000000008        277.59791000000007        277.59784000000008     
 read in sim obs yf   277.41584000000000        277.41584000000000        277.41584000000000        277.41590000000002        277.41584000000000     
 read in sim obs yf   277.81446999999997        277.81446999999997        277.81446999999997        277.81454000000002        277.81446999999997     
 read in sim obs yf   278.21802000000002        278.21802000000002        278.21802000000002        278.21811000000002        278.21802000000002     
 read in sim obs yf   278.18693000000002        278.18693000000002        278.18693000000002        278.18698999999998        278.18693000000002     
 read in sim obs yf   277.95764000000003        277.95764000000003        277.95764000000003        277.95769999999999        277.95764000000003     
 read in sim obs yf   278.05678000000000        278.05678000000000        278.05678000000000        278.05684000000002        278.05678000000000     
 read in sim obs yf   278.41658999999999        278.41658999999999        278.41658999999999        278.41665000000000        278.41660000000002     
 read in sim obs yf   278.57170999999994        278.57170999999994        278.57170999999994        278.57178999999996        278.57170999999994     
 read in sim obs yf   278.72143999999997        278.72143999999997        278.72143999999997        278.72152999999997        278.72145000000000     
 read in sim obs yf   278.97108999999995        278.97108999999995        278.97108999999995        278.97116999999992        278.97108999999995     
 read in sim obs yf   279.13732999999996        279.13732999999996        279.13732999999996        279.13741999999996        279.13732999999996     
 read in sim obs yf   279.44626000000000        279.44626000000000        279.44626000000000        279.44636000000003        279.44626000000000     
 read in sim obs yf   279.63427000000001        279.63427000000001        279.63427000000001        279.63436999999999        279.63427000000001     
 read in sim obs yf   279.84765999999996        279.84765999999996        279.84765999999996        279.84772999999996        279.84766999999994     
 read in sim obs yf   280.16435999999999        280.16435999999999        280.16435999999999        280.16444999999999        280.16435999999999     
 read in sim obs yf   280.36194000000000        280.36194000000000        280.36194000000000        280.36201999999997        280.36194000000000     
 read in sim obs yf   280.47582999999992        280.47582999999992        280.47582999999992        280.47590999999994        280.47582999999992     
 read in sim obs yf   280.63950999999997        280.63950999999997        280.63950000000000        280.63961000000000        280.63950999999997     
 read in sim obs yf   280.77413000000001        280.77413000000001        280.77413000000001        280.77422999999999        280.77413000000001     
 read in sim obs yf   280.89990999999992        280.89990999999992        280.89989999999995        280.90000999999995        280.89991999999995     
 read in sim obs yf   281.01211000000001        281.01211000000001        281.01209999999998        281.01222999999999        281.01211999999998     
 read in sim obs yf   281.13106000000005        281.13106000000005        281.13106000000005        281.13120000000004        281.13107000000008     
 read in sim obs yf   281.17950000000002        281.17950000000002        281.17950000000002        281.17962000000000        281.17950999999999     
 read in sim obs yf   281.20472000000001        281.20472000000001        281.20472000000001        281.20488000000000        281.20472999999998     
 read in sim obs yf   281.24698000000001        281.24698000000001        281.24696999999998        281.24727000000001        281.24700000000001     
 read in sim obs yf   281.03004999999996        281.03004999999996        281.03004999999996        281.03060999999997        281.03010999999992     
 read in sim obs yf   280.13579999999996        280.13581999999997        280.13579999999996        280.13634999999994        280.13584999999995     
 read in sim obs yf   280.16507000000001        280.16509000000002        280.16507000000001        280.16573000000000        280.16510000000000     
 read in sim obs yf   280.40953000000002        280.40953999999999        280.40953000000002        280.41001000000000        280.40955000000002     
 read in sim obs yf   279.34561000000002        279.34563000000003        279.34561000000002        279.34616000000000        279.34566000000001     
 read in sim obs yf   279.80232000000001        279.80234000000002        279.80232000000001        279.80284000000000        279.80237000000000     
 read in sim obs yf   274.45526999999993        274.45527999999996        274.45526999999993        274.45580999999993        274.45531999999992     
 read in sim obs yf   276.59147999999993        276.59147999999993        276.59147999999993        276.59207999999995        276.59153999999995     
 read in sim obs yf   277.80389000000002        277.80389000000002        277.80389000000002        277.80401000000001        277.80390000000000     
 read in sim obs yf   277.61523999999997        277.61523999999997        277.61523999999997        277.61532999999997        277.61525000000000     
 read in sim obs yf   277.49596000000003        277.49596000000003        277.49596000000003        277.49605000000003        277.49596000000003     
 read in sim obs yf   277.59154000000001        277.59154000000001        277.59154000000001        277.59163999999998        277.59154000000001     
 read in sim obs yf   277.77168000000000        277.77168000000000        277.77168000000000        277.77177000000000        277.77168000000000     
 read in sim obs yf   277.50267000000002        277.50267000000002        277.50267000000002        277.50272999999999        277.50268000000000     
 read in sim obs yf   277.40898000000004        277.40898000000004        277.40898000000004        277.40904000000006        277.40898000000004     
 read in sim obs yf   277.52596000000000        277.52596000000000        277.52596000000000        277.52602999999999        277.52596000000000     
 read in sim obs yf   277.62686000000002        277.62686000000002        277.62686000000002        277.62693000000002        277.62686000000002     
 read in sim obs yf   277.49874999999997        277.49874999999997        277.49874999999997        277.49880999999999        277.49876000000000     
 read in sim obs yf   277.36645000000004        277.36645000000004        277.36645000000004        277.36650000000003        277.36645000000004     
 read in sim obs yf   277.74482000000000        277.74482000000000        277.74482000000000        277.74488000000002        277.74482000000000     
 read in sim obs yf   278.23834999999997        278.23834999999997        278.23834999999997        278.23839999999996        278.23834999999997     
 read in sim obs yf   278.52568000000002        278.52568000000002        278.52568000000002        278.52575000000002        278.52568000000002     
 read in sim obs yf   278.76290000000000        278.76290000000000        278.76290000000000        278.76299000000000        278.76290999999998     
 read in sim obs yf   279.04052000000001        279.04052000000001        279.04052000000001        279.04059999999998        279.04052000000001     
 read in sim obs yf   279.18239999999997        279.18239999999997        279.18239999999997        279.18248000000000        279.18241000000000     
 read in sim obs yf   279.31502000000000        279.31502000000000        279.31502000000000        279.31511000000000        279.31502000000000     
 read in sim obs yf   279.45679999999993        279.45679999999993        279.45679999999993        279.45687999999996        279.45679999999993     
 read in sim obs yf   279.74191999999994        279.74191999999994        279.74191999999994        279.74199999999996        279.74191999999994     
 read in sim obs yf   280.00109999999995        280.00109999999995        280.00109999999995        280.00117999999992        280.00109999999995     
 read in sim obs yf   280.22489000000002        280.22489000000002        280.22489000000002        280.22498000000002        280.22489000000002     
 read in sim obs yf   280.28728999999998        280.28728999999998        280.28728999999998        280.28739999999999        280.28728999999998     
 read in sim obs yf   280.45339000000001        280.45339000000001        280.45339000000001        280.45350000000002        280.45339999999999     
 read in sim obs yf   280.69020000000000        280.69020000000000        280.69020000000000        280.69029999999998        280.69020999999998     
 read in sim obs yf   280.85661999999996        280.85661999999996        280.85660999999993        280.85672999999997        280.85662999999994     
 read in sim obs yf   281.01471000000004        281.01471000000004        281.01470000000006        281.01482000000004        281.01472000000007     
 read in sim obs yf   281.10289000000000        281.10289000000000        281.10288000000003        281.10302999999999        281.10289999999998     
 read in sim obs yf   281.13070999999997        281.13069999999993        281.13068999999996        281.13081999999997        281.13071999999994     
 read in sim obs yf   281.12429000000003        281.12428000000006        281.12427000000008        281.12439000000006        281.12429000000003     
 read in sim obs yf   281.21810999999997        281.21810999999997        281.21809999999994        281.21822999999995        281.21811999999994     
 read in sim obs yf   281.24029999999993        281.24029999999993        281.24029999999993        281.24057999999997        281.24031999999994     
 read in sim obs yf   281.18356999999992        281.18356999999992        281.18356999999992        281.18391999999994        281.18359999999996     
 read in sim obs yf   279.85158999999999        279.85160999999999        279.85158999999999        279.85237999999998        279.85165999999998     
 read in sim obs yf   279.34605000000005        279.34607000000005        279.34605000000005        279.34672000000006        279.34612000000004     
 read in sim obs yf   278.92304000000001        278.92307000000000        278.92304000000001        278.92370000000000        278.92311000000001     
 read in sim obs yf   279.84397999999999        279.84399000000002        279.84397999999999        279.84463000000000        279.84402999999998     
 read in sim obs yf   274.48683000000000        274.48683000000000        274.48683000000000        274.48737000000000        274.48687999999999     
 read in sim obs yf   275.94638999999995        275.94639999999993        275.94638999999995        275.94712999999996        275.94648999999993     
 read in sim obs yf   277.12994000000003        277.12994000000003        277.12994000000003        277.13008000000008        277.12995000000006     
 read in sim obs yf   277.02557000000002        277.02557000000002        277.02555999999998        277.02566999999999        277.02557000000002     
 read in sim obs yf   276.77080999999998        276.77080999999998        276.77080999999998        276.77089000000001        276.77080999999998     
 read in sim obs yf   276.97814999999997        276.97814999999997        276.97814999999997        276.97822999999994        276.97815999999995     
 read in sim obs yf   277.19107000000002        277.19107000000002        277.19107000000002        277.19116000000002        277.19108000000000     
 read in sim obs yf   277.13477000000000        277.13477000000000        277.13477000000000        277.13486000000000        277.13477000000000     
 read in sim obs yf   277.30028999999996        277.30028999999996        277.30028999999996        277.30038999999994        277.30029999999994     
 read in sim obs yf   276.98219999999998        276.98219999999998        276.98219999999998        276.98227000000003        276.98219999999998     
 read in sim obs yf   276.83712000000003        276.83712000000003        276.83712000000003        276.83717000000001        276.83712000000003     
 read in sim obs yf   277.09329000000002        277.09329000000002        277.09329000000002        277.09334000000001        277.09329000000002     
 read in sim obs yf   277.28053999999997        277.28053999999997        277.28053999999997        277.28059999999999        277.28053999999997     
 read in sim obs yf   277.68079000000000        277.68079000000000        277.68079000000000        277.68085000000002        277.68079000000000     
 read in sim obs yf   277.97721000000001        277.97721000000001        277.97721000000001        277.97728000000001        277.97721000000001     
 read in sim obs yf   278.39051999999998        278.39051999999998        278.39051999999998        278.39058000000000        278.39051999999998     
 read in sim obs yf   278.77331999999996        278.77331999999996        278.77331999999996        278.77339999999992        278.77331999999996     
 read in sim obs yf   278.96597000000003        278.96597000000003        278.96597000000003        278.96605000000000        278.96597000000003     
 read in sim obs yf   279.13332999999994        279.13332999999994        279.13332999999994        279.13342999999992        279.13332999999994     
 read in sim obs yf   279.10887000000002        279.10887000000002        279.10887000000002        279.10897000000000        279.10887000000002     
 read in sim obs yf   279.00168000000002        279.00168000000002        279.00168000000002        279.00175999999999        279.00168000000002     
 read in sim obs yf   279.37034999999997        279.37034999999997        279.37034999999997        279.37043000000000        279.37034999999997     
 read in sim obs yf   279.76844000000006        279.76844000000006        279.76844000000006        279.76852000000008        279.76844000000006     
 read in sim obs yf   279.89154999999994        279.89154999999994        279.89154999999994        279.89164999999997        279.89155999999997     
 read in sim obs yf   280.06896999999998        280.06896999999998        280.06896999999998        280.06907000000001        280.06896999999998     
 read in sim obs yf   280.31998999999996        280.31998999999996        280.31998999999996        280.32009999999997        280.31998999999996     
 read in sim obs yf   280.62451000000004        280.62451000000004        280.62451000000004        280.62461000000008        280.62452000000008     
 read in sim obs yf   280.79543000000001        280.79543000000001        280.79543000000001        280.79552999999999        280.79543999999999     
 read in sim obs yf   280.95362000000006        280.95362000000006        280.95361000000008        280.95374000000004        280.95363000000003     
 read in sim obs yf   281.07681000000002        281.07679999999999        281.07679999999999        281.07693000000000        281.07682000000000     
 read in sim obs yf   281.10016000000002        281.10016000000002        281.10014999999999        281.10028000000000        281.10016999999999     
 read in sim obs yf   281.09746000000001        281.09746000000001        281.09746000000001        281.09757000000002        281.09746000000001     
 read in sim obs yf   281.14022000000000        281.14022000000000        281.14022000000000        281.14033999999998        281.14022999999997     
 read in sim obs yf   281.20116999999993        281.20116999999993        281.20116999999993        281.20148999999992        281.20119999999991     
 read in sim obs yf   281.24267000000003        281.24267000000003        281.24267000000003        281.24304000000006        281.24271000000005     
 read in sim obs yf   280.24736000000001        280.24738000000002        280.24736000000001        280.24829999999997        280.24745999999999     
 read in sim obs yf   279.43461000000002        279.43463000000003        279.43461000000002        279.43527000000000        279.43468999999999     
 read in sim obs yf   279.42012000000000        279.42014000000000        279.42012000000000        279.42075000000000        279.42018999999999     
 read in sim obs yf   279.72995999999995        279.72996999999992        279.72995999999995        279.73059999999992        279.73001999999997     
 read in sim obs yf   275.02058000000000        275.02059000000003        275.02058000000000        275.02109999999999        275.02062999999998     
 read in sim obs yf   275.61531000000008        275.61531000000008        275.61530000000005        275.61618000000004        275.61543000000006     
 read in sim obs yf   276.40197999999998        276.40197999999998        276.40197999999998        276.40219000000002        276.40199000000001     
 read in sim obs yf   276.36178999999998        276.36178999999998        276.36178999999998        276.36189999999999        276.36180000000002     
 read in sim obs yf   276.15946000000002        276.15946000000002        276.15946000000002        276.15951999999999        276.15946000000002     
 read in sim obs yf   276.49456999999995        276.49456999999995        276.49456999999995        276.49462999999992        276.49456999999995     
 read in sim obs yf   276.98653000000002        276.98653000000002        276.98653000000002        276.98664000000002        276.98653999999999     
 read in sim obs yf   276.79732000000001        276.79732000000001        276.79732000000001        276.79741000000001        276.79732000000001     
 read in sim obs yf   276.73479999999995        276.73479999999995        276.73479999999995        276.73487999999992        276.73480999999992     
 read in sim obs yf   276.42534999999998        276.42534999999998        276.42534999999998        276.42541999999997        276.42534999999998     
 read in sim obs yf   276.52042999999998        276.52042999999998        276.52042999999998        276.52048000000002        276.52042999999998     
 read in sim obs yf   277.03321000000000        277.03321000000000        277.03321000000000        277.03327000000002        277.03321000000000     
 read in sim obs yf   277.19693999999998        277.19693999999998        277.19693999999998        277.19700000000000        277.19695000000002     
 read in sim obs yf   277.50308000000007        277.50308000000007        277.50308000000007        277.50314000000003        277.50308000000007     
 read in sim obs yf   277.65611999999999        277.65611999999999        277.65611999999999        277.65618999999998        277.65613000000002     
 read in sim obs yf   277.95544999999993        277.95544999999993        277.95544999999993        277.95551999999992        277.95544999999993     
 read in sim obs yf   278.37288999999998        278.37288999999998        278.37288999999998        278.37297000000001        278.37288999999998     
 read in sim obs yf   278.57956000000001        278.57956000000001        278.57956000000001        278.57965999999999        278.57956000000001     
 read in sim obs yf   278.90140000000008        278.90140000000008        278.90140000000008        278.90150000000006        278.90140000000008     
 read in sim obs yf   279.23642999999993        279.23642999999993        279.23642999999993        279.23657999999995        279.23643999999996     
 read in sim obs yf   279.08563999999996        279.08563999999996        279.08563999999996        279.08573999999993        279.08563999999996     
 read in sim obs yf   279.44657000000001        279.44657000000001        279.44657000000001        279.44668999999999        279.44657000000001     
 read in sim obs yf   279.89305000000002        279.89305000000002        279.89305000000002        279.89321000000001        279.89305999999999     
 read in sim obs yf   279.86350999999996        279.86350999999996        279.86350999999996        279.86364999999995        279.86351999999994     
 read in sim obs yf   280.15683000000001        280.15683000000001        280.15683000000001        280.15697999999998        280.15683999999999     
 read in sim obs yf   280.29555000000005        280.29554000000007        280.29554000000007        280.29566000000005        280.29555000000005     
 read in sim obs yf   280.44724000000002        280.44724000000002        280.44724000000002        280.44734999999997        280.44725000000000     
 read in sim obs yf   280.65746999999999        280.65746999999999        280.65746000000001        280.65755999999999        280.65746999999999     
 read in sim obs yf   280.89483999999999        280.89483999999999        280.89483999999999        280.89494999999999        280.89485000000002     
 read in sim obs yf   281.03754000000004        281.03754000000004        281.03753000000006        281.03767000000005        281.03755000000007     
 read in sim obs yf   281.08006000000000        281.08006000000000        281.08006000000000        281.08021000000002        281.08006999999998     
 read in sim obs yf   281.12511999999998        281.12511999999998        281.12511999999998        281.12527000000000        281.12513000000001     
 read in sim obs yf   281.10091999999997        281.10091999999997        281.10091000000000        281.10111000000001        281.10093000000001     
 read in sim obs yf   280.89344000000000        280.89344000000000        280.89344000000000        280.89404999999999        280.89352000000002     
 read in sim obs yf   280.79174000000000        280.79174999999998        280.79174000000000        280.79241999999999        280.79181999999997     
 read in sim obs yf   280.30401999999992        280.30402999999995        280.30401999999992        280.30484999999993        280.30408999999992     
 read in sim obs yf   280.11725000000001        280.11725999999999        280.11725000000001        280.11815999999999        280.11732000000001     
 read in sim obs yf   279.94548000000003        279.94549000000006        279.94548000000003        279.94603000000006        279.94553000000008     
 read in sim obs yf   279.30378999999994        279.30379999999997        279.30377999999996        279.30436999999995        279.30382999999995     
 read in sim obs yf   274.65701000000001        274.65701000000001        274.65701000000001        274.65759000000003        274.65706999999998     
 read in sim obs yf   274.86640999999997        274.86642000000001        274.86640999999997        274.86698999999999        274.86646999999999     
 read in sim obs yf   275.38056999999998        275.38058000000001        275.38056999999998        275.38108000000000        275.38060000000002     
 read in sim obs yf   275.73668999999995        275.73668999999995        275.73667999999992        275.73686999999995        275.73668999999995     
 read in sim obs yf   275.94797000000000        275.94797000000000        275.94796000000002        275.94808000000000        275.94797000000000     
 read in sim obs yf   276.25304999999992        276.25304999999992        276.25304999999992        276.25316999999995        276.25305999999995     
 read in sim obs yf   276.83827999999994        276.83827999999994        276.83827999999994        276.83838999999995        276.83828999999992     
 read in sim obs yf   276.56384000000003        276.56384000000003        276.56384000000003        276.56394000000000        276.56385000000000     
 read in sim obs yf   276.28480999999999        276.28480999999999        276.28480000000002        276.28487999999999        276.28480999999999     
 read in sim obs yf   276.27302999999995        276.27302999999995        276.27302999999995        276.27310999999992        276.27303999999992     
 read in sim obs yf   276.33370000000002        276.33370000000002        276.33370000000002        276.33377000000002        276.33370000000002     
 read in sim obs yf   276.48545999999999        276.48545999999999        276.48545999999999        276.48552000000001        276.48547000000002     
 read in sim obs yf   276.67718000000002        276.67718000000002        276.67718000000002        276.67723999999998        276.67718000000002     
 read in sim obs yf   277.31438000000003        277.31438000000003        277.31438000000003        277.31443000000002        277.31438000000003     
 read in sim obs yf   277.59991000000002        277.59991000000002        277.59991000000002        277.60000000000002        277.59992000000000     
 read in sim obs yf   277.55975000000001        277.55975000000001        277.55975000000001        277.55982999999998        277.55975000000001     
 read in sim obs yf   277.82413999999994        277.82413999999994        277.82413999999994        277.82420999999994        277.82413999999994     
 read in sim obs yf   278.22775000000001        278.22775000000001        278.22775000000001        278.22784999999999        278.22775000000001     
 read in sim obs yf   278.69197000000003        278.69197000000003        278.69197000000003        278.69215000000003        278.69197000000003     
 read in sim obs yf   279.20512000000002        279.20512000000002        279.20512000000002        279.20537999999999        279.20513999999997     
 read in sim obs yf   279.19346999999999        279.19346999999999        279.19346999999999        279.19364000000002        279.19348000000002     
 read in sim obs yf   279.59688000000006        279.59688000000006        279.59688000000006        279.59704000000005        279.59689000000003     
 read in sim obs yf   279.64708000000002        279.64708000000002        279.64708000000002        279.64729000000000        279.64710000000002     
 read in sim obs yf   279.85944999999998        279.85944000000001        279.85944999999998        279.85991999999999        279.85948000000002     
 read in sim obs yf   279.85712000000001        279.85712000000001        279.85712000000001        279.85759999999999        279.85718000000003     
 read in sim obs yf   280.20592999999997        280.20592999999997        280.20591999999994        280.20607999999993        280.20593999999994     
 read in sim obs yf   280.24140000000000        280.24140000000000        280.24139000000002        280.24149999999997        280.24140000000000     
 read in sim obs yf   280.50279999999998        280.50279999999998        280.50279999999998        280.50292999999999        280.50281000000001     
 read in sim obs yf   280.73289999999992        280.73289999999992        280.73289999999992        280.73298999999992        280.73290999999995     
 read in sim obs yf   280.89452999999997        280.89452999999997        280.89452000000000        280.89470999999998        280.89454000000001     
 read in sim obs yf   280.82991999999996        280.82991999999996        280.82991999999996        280.83019999999993        280.82994999999994     
 read in sim obs yf   280.86992000000004        280.86992000000004        280.86992000000004        280.87014000000005        280.86994000000004     
 read in sim obs yf   280.86022000000008        280.86022000000008        280.86022000000008        280.86047000000008        280.86024000000003     
 read in sim obs yf   279.78217999999998        279.78219000000001        279.78217999999998        279.78303000000000        279.78228000000001     
 read in sim obs yf   279.95857000000001        279.95857999999998        279.95857000000001        279.95952999999997        279.95868000000002     
 read in sim obs yf   279.02625999999998        279.02627999999999        279.02625999999998        279.02686000000000        279.02632000000000     
 read in sim obs yf   279.30591000000004        279.30593000000005        279.30591000000004        279.30645000000004        279.30596000000008     
 read in sim obs yf   279.55475999999993        279.55476999999996        279.55475999999993        279.55525999999992        279.55479999999994     
 read in sim obs yf   280.12745999999999        280.12747000000002        280.12745999999999        280.12783000000002        280.12749000000002     
 read in sim obs yf   273.48736999999994        273.48737999999992        273.48737999999992        273.48774999999995        273.48739999999992     
 read in sim obs yf   274.64350999999999        274.64350999999999        274.64350999999999        274.64402999999999        274.64355000000000     
 read in sim obs yf   275.31031000000002        275.31031999999999        275.31031000000002        275.31083999999998        275.31035000000003     
 read in sim obs yf   275.17014999999998        275.17014999999998        275.17014999999998        275.17061999999999        275.17018000000002     
 read in sim obs yf   275.81756000000001        275.81756000000001        275.81756000000001        275.81777000000000        275.81756999999999     
 read in sim obs yf   276.21269000000001        276.21267999999998        276.21267999999998        276.21289000000002        276.21269999999998     
 read in sim obs yf   276.55660999999998        276.55660999999998        276.55660000000000        276.55687999999998        276.55662999999998     
 read in sim obs yf   276.32628999999997        276.32628000000000        276.32628000000000        276.32639999999998        276.32628999999997     
 read in sim obs yf   275.89827000000002        275.89825999999999        275.89825999999999        275.89837000000000        275.89827000000002     
 read in sim obs yf   276.08933999999999        276.08933999999999        276.08933999999999        276.08945999999997        276.08935000000002     
 read in sim obs yf   276.07658999999995        276.07658999999995        276.07657999999992        276.07668999999993        276.07658999999995     
 read in sim obs yf   276.22912999999994        276.22912999999994        276.22912999999994        276.22921999999994        276.22912999999994     
 read in sim obs yf   276.69873000000001        276.69873000000001        276.69873000000001        276.69882999999999        276.69873000000001     
 read in sim obs yf   277.17797000000002        277.17797000000002        277.17797000000002        277.17804999999998        277.17797000000002     
 read in sim obs yf   277.32789000000002        277.32789000000002        277.32789000000002        277.32799999999997        277.32789000000002     
 read in sim obs yf   277.24606999999997        277.24606999999997        277.24606999999997        277.24619999999999        277.24606999999997     
 read in sim obs yf   277.67277000000001        277.67277000000001        277.67277000000001        277.67291000000000        277.67277999999999     
 read in sim obs yf   278.35592999999994        278.35592999999994        278.35592999999994        278.35610999999994        278.35593999999992     
 read in sim obs yf   278.69144999999997        278.69144999999997        278.69144000000000        278.69168999999999        278.69146000000001     
 read in sim obs yf   278.93117999999998        278.93117999999998        278.93117999999998        278.93146000000002        278.93119999999999     
 read in sim obs yf   279.02673000000004        279.02673000000004        279.02673000000004        279.02694000000008        279.02674000000007     
 read in sim obs yf   279.41639999999995        279.41638999999992        279.41639999999995        279.41661999999997        279.41640999999993     
 read in sim obs yf   278.99297999999999        278.99297999999999        278.99297999999999        278.99331000000001        278.99302000000000     
 read in sim obs yf   279.51564000000002        279.51562999999999        279.51564000000002        279.51591999999999        279.51566000000003     
 read in sim obs yf   279.59891999999996        279.59891999999996        279.59891999999996        279.59915999999993        279.59893999999997     
 read in sim obs yf   279.89501000000001        279.89501000000001        279.89501000000001        279.89526000000001        279.89503000000002     
 read in sim obs yf   280.16509000000002        280.16509000000002        280.16509000000002        280.16534000000001        280.16511000000003     
 read in sim obs yf   280.40467000000001        280.40467000000001        280.40467000000001        280.40494000000001        280.40469999999999     
 read in sim obs yf   280.51173999999997        280.51173999999997        280.51173999999997        280.51204999999999        280.51177000000001     
 read in sim obs yf   280.57121000000001        280.57121000000001        280.57121000000001        280.57154000000003        280.57123999999999     
 read in sim obs yf   280.51290999999998        280.51290999999998        280.51290999999998        280.51334000000003        280.51294999999999     
 read in sim obs yf   279.72881000000001        279.72881999999998        279.72881000000001        279.72955000000002        279.72888000000000     
 read in sim obs yf   278.67094999999995        278.67096999999995        278.67094999999995        278.67157999999995        278.67100999999997     
 read in sim obs yf   278.70423000000000        278.70425000000000        278.70423000000000        278.70479999999998        278.70427999999998     
 read in sim obs yf   279.18731000000002        279.18731000000002        279.18731000000002        279.18786000000000        279.18736000000001     
 read in sim obs yf   278.07035000000008        278.07038000000006        278.07035000000008        278.07099000000005        278.07041000000004     
 read in sim obs yf   279.44549999999998        279.44549999999998        279.44549999999998        279.44601000000000        279.44553999999999     
 read in sim obs yf   279.82148000000001        279.82148000000001        279.82148000000001        279.82222000000002        279.82153000000000     
 read in sim obs yf   280.39064000000002        280.39064999999999        280.39064000000002        280.39132999999998        280.39067999999997     
 read in sim obs yf   273.35403000000002        273.35403000000002        273.35404000000000        273.35428000000002        273.35403000000002     
 read in sim obs yf   274.03289000000001        274.03289000000001        274.03287999999998        274.03343000000001        274.03291999999999     
 read in sim obs yf   274.19340999999991        274.19341999999995        274.19340999999991        274.19425999999993        274.19349999999991     
 read in sim obs yf   274.36876000000001        274.36876000000001        274.36876000000001        274.36919000000000        274.36878000000002     
 read in sim obs yf   275.18841000000003        275.18841000000003        275.18840000000006        275.18866000000008        275.18842000000006     
 read in sim obs yf   275.20794999999998        275.20794999999998        275.20794999999998        275.20857000000001        275.20801999999998     
 read in sim obs yf   275.08971000000003        275.08971000000003        275.08971000000003        275.09046999999998        275.08980000000003     
 read in sim obs yf   275.13058999999998        275.13058999999998        275.13058999999998        275.13087000000002        275.13060999999999     
 read in sim obs yf   275.11277999999999        275.11277999999999        275.11277999999999        275.11291999999997        275.11277999999999     
 read in sim obs yf   275.66994000000000        275.66994000000000        275.66993000000002        275.67005999999998        275.66994000000000     
 read in sim obs yf   275.95900000000000        275.95900000000000        275.95898999999997        275.95913000000002        275.95900000000000     
 read in sim obs yf   276.25492000000003        276.25492000000003        276.25491000000000        276.25506000000001        276.25493000000000     
 read in sim obs yf   276.43826999999993        276.43826999999993        276.43826999999993        276.43851999999993        276.43828999999994     
 read in sim obs yf   276.53787999999997        276.53787000000000        276.53787000000000        276.53804000000002        276.53789000000000     
 read in sim obs yf   276.83427000000000        276.83427000000000        276.83425999999997        276.83440999999999        276.83427999999998     
 read in sim obs yf   277.35632000000004        277.35632000000004        277.35632000000004        277.35644000000008        277.35633000000007     
 read in sim obs yf   277.76553999999999        277.76553999999999        277.76553999999999        277.76562000000001        277.76553999999999     
 read in sim obs yf   277.88999999999999        277.88999999999999        277.88999999999999        277.89012000000002        277.89001999999999     
 read in sim obs yf   277.93322999999998        277.93322999999998        277.93322999999998        277.93369000000001        277.93328000000002     
 read in sim obs yf   278.37362000000002        278.37362000000002        278.37362000000002        278.37391000000002        278.37364000000002     
 read in sim obs yf   278.65719000000001        278.65719000000001        278.65719000000001        278.65741000000003        278.65721000000002     
 read in sim obs yf   278.79140000000001        278.79138999999998        278.79140000000001        278.79172000000000        278.79144000000002     
 read in sim obs yf   277.64380000000000        277.64380000000000        277.64380000000000        277.64420000000001        277.64382999999998     
 read in sim obs yf   277.86538999999999        277.86538999999999        277.86538999999999        277.86635999999999        277.86554999999998     
 read in sim obs yf   279.10707000000002        279.10707000000002        279.10707000000002        279.10753000000000        279.10712000000001     
 read in sim obs yf   279.51522999999997        279.51522999999997        279.51522999999997        279.51576999999997        279.51528000000002     
 read in sim obs yf   278.93883000000000        278.93883000000000        278.93883000000000        278.93941000000001        278.93887000000001     
 read in sim obs yf   279.08204999999992        279.08204999999992        279.08204999999992        279.08249999999992        279.08207999999996     
 read in sim obs yf   279.39449000000002        279.39449000000002        279.39449000000002        279.39521000000002        279.39454000000001     
 read in sim obs yf   279.87746999999996        279.87746999999996        279.87746999999996        279.87775999999997        279.87748999999997     
 read in sim obs yf   279.37500000000000        279.37500000000000        279.37500000000000        279.37542999999999        279.37502999999998     
 read in sim obs yf   278.00712999999996        278.00714999999997        278.00712999999996        278.00779999999992        278.00719999999995     
 read in sim obs yf   278.31133999999992        278.31134999999995        278.31133999999992        278.31193999999994        278.31138999999996     
 read in sim obs yf   278.27172000000002        278.27174000000002        278.27172000000002        278.27231000000000        278.27177000000000     
 read in sim obs yf   278.85766999999998        278.85768000000002        278.85766999999998        278.85818999999998        278.85771000000000     
 read in sim obs yf   279.10777000000002        279.10777999999999        279.10775999999998        279.10825999999997        279.10764000000000     
 read in sim obs yf   280.45305999999994        280.45305999999994        280.45305999999994        280.45364999999993        280.45297999999997     
 read in sim obs yf   280.85660999999999        280.85662000000002        280.85660999999999        280.85707000000002        280.85663000000000     
 read in sim obs yf   281.61846000000003        281.61846000000003        281.61846000000003        281.61865000000000        281.61847000000000     
 read in sim obs yf   273.39125999999999        273.39125999999999        273.39125999999999        273.39148999999998        273.39125999999999     
 read in sim obs yf   273.24147999999997        273.24147999999997        273.24148999999994        273.24168999999995        273.24146999999994     
 read in sim obs yf   274.29791999999992        274.29791999999992        274.29791999999992        274.29847999999993        274.29796999999996     
 read in sim obs yf   274.36977000000002        274.36977999999999        274.36977000000002        274.37015000000002        274.36979000000002     
 read in sim obs yf   273.93874000000000        273.93875000000003        273.93874000000000        273.93946000000000        273.93880000000001     
 read in sim obs yf   274.16924999999998        274.16924999999998        274.16924999999998        274.17005000000000        274.16932000000003     
 read in sim obs yf   274.26828999999998        274.26830000000001        274.26828999999998        274.26906000000002        274.26828000000000     
 read in sim obs yf   274.50351000000001        274.50351999999998        274.50351000000001        274.50443999999999        274.50362000000001     
 read in sim obs yf   275.31930000000000        275.31930000000000        275.31930000000000        275.31961000000001        275.31932000000000     
 read in sim obs yf   275.41102999999998        275.41102999999998        275.41102999999998        275.41151000000002        275.41108000000003     
 read in sim obs yf   275.59708999999998        275.59708999999998        275.59708999999998        275.59742999999997        275.59712000000002     
 read in sim obs yf   275.70099000000005        275.70099000000005        275.70099000000005        275.70125000000007        275.70101000000005     
 read in sim obs yf   275.75631000000004        275.75631000000004        275.75631000000004        275.75663000000003        275.75634000000008     
 read in sim obs yf   275.84962000000002        275.84962000000002        275.84960999999998        275.85000000000002        275.84965000000000     
 read in sim obs yf   276.33274999999998        276.33274999999998        276.33274999999998        276.33330999999998        276.33282000000003     
 read in sim obs yf   276.86132999999990        276.86132999999990        276.86132999999990        276.86181999999991        276.86139999999989     
 read in sim obs yf   277.05265000000003        277.05266000000000        277.05265000000003        277.05315999999999        277.05270999999999     
 read in sim obs yf   276.96244999999999        276.96244999999999        276.96244999999999        276.96328999999997        276.96258000000000     
 read in sim obs yf   276.75056000000001        276.75056000000001        276.75056000000001        276.75092000000001        276.75058999999999     
 read in sim obs yf   276.57113000000004        276.57113000000004        276.57113000000004        276.57162000000005        276.57117000000005     
 read in sim obs yf   277.02829999999994        277.02829999999994        277.02829999999994        277.02918999999997        277.02841999999993     
 read in sim obs yf   277.56945999999994        277.56945999999994        277.56945999999994        277.57042999999993        277.56959999999992     
 read in sim obs yf   277.42678000000001        277.42678000000001        277.42678000000001        277.42716999999999        277.42680999999999     
 read in sim obs yf   277.62333999999998        277.62335000000002        277.62333999999998        277.62378000000001        277.62338000000000     
 read in sim obs yf   278.04111999999998        278.04111999999998        278.04111999999998        278.04181999999997        278.04118000000000     
 read in sim obs yf   278.43365000000000        278.43365000000000        278.43365000000000        278.43412999999998        278.43369000000001     
 read in sim obs yf   278.94770000000000        278.94770000000000        278.94770000000000        278.94810999999999        278.94772999999998     
 read in sim obs yf   279.74686000000003        279.74686000000003        279.74686000000003        279.74709000000001        279.74687999999998     
 read in sim obs yf   278.82310000000001        278.82310999999999        278.82310000000001        278.82359000000002        278.82314000000002     
 read in sim obs yf   278.95838999999995        278.95839999999993        278.95838999999995        278.95889999999997        278.95842999999996     
 read in sim obs yf   279.55592000000001        279.55592999999999        279.55592000000001        279.55628000000002        279.55595000000000     
 read in sim obs yf   278.53951000000006        278.53953000000007        278.53951000000006        278.54008000000005        278.53956000000005     
 read in sim obs yf   278.93716000000001        278.93716999999998        278.93716000000001        278.93768999999998        278.93722000000002     
 read in sim obs yf   279.14600999999999        279.14602000000002        279.14600999999999        279.14647000000002        279.14605000000000     
 read in sim obs yf   279.03960999999998        279.03962000000001        279.03960999999998        279.04021999999998        279.03967000000000     
 read in sim obs yf   279.46172000000007        279.46174000000008        279.46172000000007        279.46263000000005        279.46180000000004     
 read in sim obs yf   281.86252000000002        281.86252000000002        281.86252000000002        281.86272000000002        281.86252000000002     
 read in sim obs yf   283.14220000000000        283.14220000000000        283.14220000000000        283.14224999999999        283.14220000000000     
 read in sim obs yf   283.37871000000001        283.37871000000001        283.37871000000001        283.37875000000003        283.37871000000001     
 read in sim obs yf   272.70179999999999        272.70181000000002        272.70184000000000        272.70208000000002        272.70181000000002     
 read in sim obs yf   272.72847999999993        272.72848999999997        272.72851999999995        272.72880999999995        272.72847999999993     
 read in sim obs yf   273.50229999999999        273.50229999999999        273.50229999999999        273.50276000000002        273.50229999999999     
 read in sim obs yf   273.22678000000002        273.22678000000002        273.22678999999999        273.22701999999998        273.22678000000002     
 read in sim obs yf   273.19499999999999        273.19501000000002        273.19501000000002        273.19526000000002        273.19499999999999     
 read in sim obs yf   273.26537999999999        273.26537999999999        273.26537999999999        273.26567000000000        273.26537999999999     
 read in sim obs yf   273.39846000000000        273.39846000000000        273.39846000000000        273.39868999999999        273.39846000000000     
 read in sim obs yf   274.17561999999992        274.17562999999996        274.17561999999992        274.17614999999995        274.17566999999997     
 read in sim obs yf   274.83875999999998        274.83875999999998        274.83875999999998        274.83911000000001        274.83879000000002     
 read in sim obs yf   274.48529000000002        274.48529000000002        274.48529000000002        274.48602000000000        274.48534999999998     
 read in sim obs yf   275.39551000000000        275.39551000000000        275.39551000000000        275.39596999999998        275.39557000000002     
 read in sim obs yf   275.52885999999995        275.52885999999995        275.52885999999995        275.52919999999995        275.52889999999996     
 read in sim obs yf   275.84134999999998        275.84134999999998        275.84134999999998        275.84165000000002        275.84138000000002     
 read in sim obs yf   275.92311999999993        275.92311999999993        275.92311999999993        275.92362999999995        275.92317999999995     
 read in sim obs yf   276.00762999999995        276.00763999999992        276.00762999999995        276.00843999999995        276.00776999999994     
 read in sim obs yf   276.24646000000001        276.24646000000001        276.24646000000001        276.24675000000002        276.24648999999999     
 read in sim obs yf   275.68853000000001        275.68853000000001        275.68853000000001        275.68912000000000        275.68860999999998     
 read in sim obs yf   275.74327000000000        275.74327000000000        275.74327000000000        275.74376999999998        275.74331999999998     
 read in sim obs yf   275.88715000000002        275.88715000000002        275.88715000000002        275.88767000000001        275.88718999999998     
 read in sim obs yf   276.36516000000000        276.36516000000000        276.36516000000000        276.36554000000001        276.36518999999998     
 read in sim obs yf   276.22910000000002        276.22910000000002        276.22910000000002        276.22957000000002        276.22913000000000     
 read in sim obs yf   276.69914000000000        276.69914000000000        276.69914000000000        276.69956000000002        276.69916000000001     
 read in sim obs yf   277.01510999999999        277.01510999999999        277.01510999999999        277.01555999999999        277.01513999999997     
 read in sim obs yf   277.20440000000002        277.20440000000002        277.20440000000002        277.20481000000001        277.20443000000000     
 read in sim obs yf   277.60077999999999        277.60077999999999        277.60077999999999        277.60124000000002        277.60082000000000     
 read in sim obs yf   278.09055999999998        278.09057000000001        278.09055999999998        278.09106000000003        278.09059999999999     
 read in sim obs yf   278.32990000000001        278.32990999999998        278.32990000000001        278.33044999999998        278.32995000000000     
 read in sim obs yf   278.93108999999998        278.93108999999998        278.93108999999998        278.93153000000001        278.93112000000002     
 read in sim obs yf   278.93424000000005        278.93424000000005        278.93424000000005        278.93471000000005        278.93428000000006     
 read in sim obs yf   279.17330999999996        279.17331999999993        279.17330999999996        279.17379999999997        279.17335999999995     
 read in sim obs yf   279.78570999999999        279.78572000000003        279.78570999999999        279.78645000000000        279.78579999999999     
 read in sim obs yf   279.60238999999996        279.60240999999996        279.60238999999996        279.60316999999992        279.60247999999996     
 read in sim obs yf   280.33463999999998        280.33465000000001        280.33463999999998        280.33514000000002        280.33467000000002     
 read in sim obs yf   281.00646000000000        281.00646000000000        281.00646000000000        281.00673999999998        281.00646999999998     
 read in sim obs yf   281.41924999999998        281.41924999999998        281.41924999999998        281.41951000000000        281.41926000000001     
 read in sim obs yf   282.33156000000002        282.33156000000002        282.33156000000002        282.33170000000001        282.33156000000002     
 read in sim obs yf   283.03114999999997        283.03114999999997        283.03114999999997        283.03127999999992        283.03115999999994     
 read in sim obs yf   283.92723999999998        283.92723999999998        283.92723999999998        283.92725000000002        283.92723999999998     

    ---------------------------------------
    |   EXITING VARASSIM AFTER ANALYSIS   |
    ---------------------------------------

 Number of assimilated observations =           0

 *********************************************
 *      ASSIMILATIONS FOR URBAN POINTS       *
 *********************************************
 UPDATING TOWN FOR SCHEME: TEB
 Mean T2m increments over TOWN    1.0574937087500893     
 Mean T_ROAD3 increments over TOWN    1.0574937087500893     
  
     -----------------------
     | SODA ENDS CORRECTLY |
     -----------------------
