  
     ----------------------
     | PGD ENDS CORRECTLY |
     ----------------------
  
     -----------------------
     | PREP ENDS CORRECTLY |
     -----------------------
Running offline for perturbation 0
 CAUTION: DID YOU THINK TO SET OMP_NUM_THREADS=1?
 PLEASE VERIFY OMP_NUM_THREADS IS INITIALIZED : TYPE ECHO $OMP_NUM_THREADS IN A TERMINAL
  
     --------------------------
     | OFFLINE ENDS CORRECTLY |
     --------------------------
  
Running offline for perturbation 1
 CAUTION: DID YOU THINK TO SET OMP_NUM_THREADS=1?
 PLEASE VERIFY OMP_NUM_THREADS IS INITIALIZED : TYPE ECHO $OMP_NUM_THREADS IN A TERMINAL
  
     --------------------------
     | OFFLINE ENDS CORRECTLY |
     --------------------------
  
Running offline for perturbation 2
 CAUTION: DID YOU THINK TO SET OMP_NUM_THREADS=1?
 PLEASE VERIFY OMP_NUM_THREADS IS INITIALIZED : TYPE ECHO $OMP_NUM_THREADS IN A TERMINAL
  
     --------------------------
     | OFFLINE ENDS CORRECTLY |
     --------------------------
  
Running offline for perturbation 3
 CAUTION: DID YOU THINK TO SET OMP_NUM_THREADS=1?
 PLEASE VERIFY OMP_NUM_THREADS IS INITIALIZED : TYPE ECHO $OMP_NUM_THREADS IN A TERMINAL
  
     --------------------------
     | OFFLINE ENDS CORRECTLY |
     --------------------------
  
Running offline for perturbation 4
 CAUTION: DID YOU THINK TO SET OMP_NUM_THREADS=1?
 PLEASE VERIFY OMP_NUM_THREADS IS INITIALIZED : TYPE ECHO $OMP_NUM_THREADS IN A TERMINAL
  
     --------------------------
     | OFFLINE ENDS CORRECTLY |
     --------------------------
  
Assuming we are evolving B matrix from initial state for first cycle with assimilation

    ------------------------------------
    |               SODA               |
    | SURFEX OFFLINE DATA ASSIMILATION |
    ------------------------------------

 INITIALIZING SURFEX...
 READING input files...
 READ FG_OI_MAIN OK
 READ CANARI OK
 READING SST FROM SST_SIC
 READ SST_SIC OK
   ECMWF_SST_SIC
  SURFSEA.TEMPERA - min, mean, max:    0.2855E+03   0.2863E+03   0.2880E+03
   Replaced land by UNDEF 
  SST            - min, mean, max:    0.2855E+03   0.2863E+03   0.2880E+03
 PERFORMIMG OFFLINE SURFEX DATA ASSIMILATION...
 *********************************************
 *      ASSIMILATIONS FOR SEA POINTS         *
 *********************************************
 UPDATING SST FOR SCHEME: SEAFLX
 Mean SST increments over SEA     0.52200679072390921     
 *********************************************
 *      ASSIMILATIONS FOR WATER POINTS       *
 *********************************************
 UPDATING LST FOR INLAND_WATER SCHEME : WATFLX
 Lake surface temperature set to    282.73852214389893      from nearest neighbour at I=         299
 Lake surface temperature set to    282.74561901507070      from nearest neighbour at I=         338
 Lake surface temperature set to    282.35893151127277      from nearest neighbour at I=         366
 Lake surface temperature set to    283.08453687067208      from nearest neighbour at I=         376
 Lake surface temperature set to    282.65848194997409      from nearest neighbour at I=         377
 Lake surface temperature set to    282.39804643684425      from nearest neighbour at I=         406
 Lake surface temperature set to    281.90043279187898      from nearest neighbour at I=         415
 Lake surface temperature set to    282.60212526582353      from nearest neighbour at I=         416
 Lake surface temperature set to    282.81197703939927      from nearest neighbour at I=         445
 Lake surface temperature set to    282.40369698488456      from nearest neighbour at I=         446
 Lake surface temperature set to    281.93840672797990      from nearest neighbour at I=         454
 Lake surface temperature set to    282.47851114799244      from nearest neighbour at I=         455
 Lake surface temperature set to    282.80595200814810      from nearest neighbour at I=         483
 Lake surface temperature set to    282.82303332574628      from nearest neighbour at I=         484
 Lake surface temperature set to    282.38569864239440      from nearest neighbour at I=         485
 Lake surface temperature set to    282.16717501869084      from nearest neighbour at I=         493
 Lake surface temperature set to    282.08720687290895      from nearest neighbour at I=         494
 Lake surface temperature set to    283.02552083973131      from nearest neighbour at I=         522
 Lake surface temperature set to    283.03833284734685      from nearest neighbour at I=         523
 Lake surface temperature set to    282.39807252122847      from nearest neighbour at I=         524
 Lake surface temperature set to    282.39479527910464      from nearest neighbour at I=         525
 Lake surface temperature set to    282.04226297682163      from nearest neighbour at I=         526
 Lake surface temperature set to    282.20614349980661      from nearest neighbour at I=         532
 Lake surface temperature set to    281.83521582007097      from nearest neighbour at I=         533
 Lake surface temperature set to    282.99171682351187      from nearest neighbour at I=         561
 Lake surface temperature set to    282.45961449445383      from nearest neighbour at I=         562
 Lake surface temperature set to    282.45642270623574      from nearest neighbour at I=         563
 Lake surface temperature set to    282.45958866843500      from nearest neighbour at I=         564
 Lake surface temperature set to    282.08269538533176      from nearest neighbour at I=         565
 Lake surface temperature set to    282.30010141392899      from nearest neighbour at I=         566
 Lake surface temperature set to    282.43043215444317      from nearest neighbour at I=         571
 Lake surface temperature set to    281.85138476677912      from nearest neighbour at I=         572
 Lake surface temperature set to    281.81339306368250      from nearest neighbour at I=         573
 Lake surface temperature set to    283.00233852176177      from nearest neighbour at I=         588
 Lake surface temperature set to    282.61819657357586      from nearest neighbour at I=         600
 Lake surface temperature set to    282.44181626060487      from nearest neighbour at I=         601
 Lake surface temperature set to    282.45657228524402      from nearest neighbour at I=         603
 Lake surface temperature set to    282.92812527247992      from nearest neighbour at I=         604
 Lake surface temperature set to    282.24977924697862      from nearest neighbour at I=         611
 Lake surface temperature set to    282.42973172473791      from nearest neighbour at I=         641
 Lake surface temperature set to    282.45658793110096      from nearest neighbour at I=         642
 Lake surface temperature set to    282.93069729191268      from nearest neighbour at I=         643
 Lake surface temperature set to    282.92060230508127      from nearest neighbour at I=         644
 Lake surface temperature set to    282.16466109052607      from nearest neighbour at I=         645
 Lake surface temperature set to    282.31293719300692      from nearest neighbour at I=         648
 Lake surface temperature set to    282.32889493281516      from nearest neighbour at I=         650
 Lake surface temperature set to    282.53366226926221      from nearest neighbour at I=         680
 Lake surface temperature set to    282.55337873824033      from nearest neighbour at I=         681
 Lake surface temperature set to    282.11269808827694      from nearest neighbour at I=         682
 Lake surface temperature set to    282.10208390683795      from nearest neighbour at I=         683
 Lake surface temperature set to    282.49396380339658      from nearest neighbour at I=         718
 Lake surface temperature set to    282.54895650899846      from nearest neighbour at I=         719
 Lake surface temperature set to    282.07703699476491      from nearest neighbour at I=         720
 Lake surface temperature set to    282.06314102296426      from nearest neighbour at I=         721
 Lake surface temperature set to    282.05424091424970      from nearest neighbour at I=         722
 Lake surface temperature set to    282.00146231251335      from nearest neighbour at I=         758
 Lake surface temperature set to    282.06956884317964      from nearest neighbour at I=         759
 Lake surface temperature set to    282.02083732551512      from nearest neighbour at I=         760
 Lake surface temperature set to    282.13984783176306      from nearest neighbour at I=         761
 Lake surface temperature set to    281.50180077808028      from nearest neighbour at I=         792
 Lake surface temperature set to    282.66439411394038      from nearest neighbour at I=         857
 Lake surface temperature set to    282.24225842775212      from nearest neighbour at I=         887
 Lake surface temperature set to    282.14175236987376      from nearest neighbour at I=         925
 Lake surface temperature set to    282.35926045897065      from nearest neighbour at I=         926
 Lake surface temperature set to    282.01734954101170      from nearest neighbour at I=        1089
 Lake surface temperature set to    280.20975563792456      from nearest neighbour at I=        1093
 Lake surface temperature set to    278.57618358410406      from nearest neighbour at I=        1422
 Mean LST increments over inland water    -0.11065381728297860     
 *********************************************
 *      ASSIMILATIONS FOR NATURE POINTS      *
 *********************************************
 UPDATE SNOW FROM ANALYSED CANARI VALUES
  SURFRESERV.NEIGE - min, mean, max:    0.0000E+00   0.4167E+00   0.9893E-02
 Mean SN increments over NATURE   -8.7867950290809276     

    --------------------------
    |   ENTERING  VARASSIM   |
    --------------------------

 number of patches =           1
 Initialized B
 LTM d(wg2)/d(wg2)  0.93020181308429151     
 B before wg2 wg2 ==>    21.262040900794666        1.8392742411321785     
 Q value wg2 wg2 ==>   3.04119370955524829E-005  2.63078661092648188E-006
 B after wg2 wg2 ==>   21.262071312731763        1.8392768719187895     
 LTM d(wg2)/d(wg2)  0.89043925178828465     
 B before wg2 wg2 ==>    5.4071127068598335       0.46220222577184367     
 Q value wg2 wg2 ==>   3.00517075946584317E-005  2.56883236794268845E-006
 B after wg2 wg2 ==>   5.3430951337462362       0.46220479460421160     
 LTM d(wg2)/d(wg2)  0.81795215330037474     
 B before wg2 wg2 ==>    43.904557404610337        3.6333276579911558     
 Q value wg2 wg2 ==>   2.90936028119118281E-005  2.40764508324205215E-006
 B after wg2 wg2 ==>   42.001356151267387        3.6333300656362391     
 LTM d(wg2)/d(wg2)  0.96700669849882259     
 B before wg2 wg2 ==>    39.015755455362168        3.4102040096255068     
 Q value wg2 wg2 ==>   3.07286077929626550E-005  2.68585909160881841E-006
 B after wg2 wg2 ==>   39.422046271318713        3.4102066954845984     
 LTM d(wg2)/d(wg2)  0.97365339214864099     
 B before wg2 wg2 ==>    22.788620174653548        1.9918579811263291     
 Q value wg2 wg2 ==>   3.07286077929626550E-005  2.68585909160881841E-006
 B after wg2 wg2 ==>   23.025942528319582        1.9918606669854206     
 LTM d(wg2)/d(wg2)  0.84672021167251910     
 B before wg2 wg2 ==>    46.123140932690703        3.8499711471049096     
 Q value wg2 wg2 ==>   2.93454750486159037E-005  2.44951297658009185E-006
 B after wg2 wg2 ==>   44.505758982347608        3.8499735966178861     
 LTM d(wg2)/d(wg2)  0.94580261203429106     
 B before wg2 wg2 ==>    79.367980689786719        6.9372232531509752     
 Q value wg2 wg2 ==>   3.07286077929626550E-005  2.68585909160881841E-006
 B after wg2 wg2 ==>   80.194447546055613        6.9372259390100668     
 LTM d(wg2)/d(wg2)  0.87890021874201041     
 B before wg2 wg2 ==>    44.667596922883334        3.7571646765753473     
 Q value wg2 wg2 ==>   2.95712842777049175E-005  2.48735531756896147E-006
 B after wg2 wg2 ==>   43.432915072764075        3.7571671639306650     
 LTM d(wg2)/d(wg2)  0.80357952602326155     
 B before wg2 wg2 ==>    53.802801501524144        4.3609244074464462     
 Q value wg2 wg2 ==>   2.84954954799046985E-005  2.30966972485765470E-006
 B after wg2 wg2 ==>   50.412385576398016        4.3609267171161710     
 LTM d(wg2)/d(wg2)  0.80649527550724143     
 B before wg2 wg2 ==>    62.966344182702422        5.1036648563038449     
 Q value wg2 wg2 ==>   2.84954954799046985E-005  2.30966972485765470E-006
 B after wg2 wg2 ==>   58.998477551763045        5.1036671659735697     
 LTM d(wg2)/d(wg2)  0.80075908685022412     
 B before wg2 wg2 ==>    50.158330724437121        4.0655260058674152     
 Q value wg2 wg2 ==>   2.84954954799046985E-005  2.30966972485765470E-006
 B after wg2 wg2 ==>   46.997575127828611        4.0655283155371400     
 LTM d(wg2)/d(wg2)  0.80500951271018217     
 B before wg2 wg2 ==>    50.677839764237675        4.1076342156321264     
 Q value wg2 wg2 ==>   2.84954954799046985E-005  2.30966972485765470E-006
 B after wg2 wg2 ==>   47.484346734941106        4.1076365253018512     
 LTM d(wg2)/d(wg2)  0.82005310947935961     
 B before wg2 wg2 ==>    54.451068369150128        4.4134689353645493     
 Q value wg2 wg2 ==>   2.84954954799046985E-005  2.30966972485765470E-006
 B after wg2 wg2 ==>   51.019801195408668        4.4134712450342741     
 LTM d(wg2)/d(wg2)  0.82864580077627725     
 B before wg2 wg2 ==>    56.889916208455773        4.6111469515952601     
 Q value wg2 wg2 ==>   2.84954954799046985E-005  2.30966972485765470E-006
 B after wg2 wg2 ==>   53.304962359682960        4.6111492612649849     
 LTM d(wg2)/d(wg2)  0.81253966860175653     
 B before wg2 wg2 ==>    51.052518323124183        4.1380033567696701     
 Q value wg2 wg2 ==>   2.84954954799046985E-005  2.30966972485765470E-006
 B after wg2 wg2 ==>   47.835414512952823        4.1380056664393949     
 LTM d(wg2)/d(wg2)  0.81837363035465172     
 B before wg2 wg2 ==>    52.706223277243367        4.3042766470380096     
 Q value wg2 wg2 ==>   2.87105044648049116E-005  2.34465583395152415E-006
 B after wg2 wg2 ==>   49.757536925810101        4.3042789916938435     
 LTM d(wg2)/d(wg2)  0.83526921729299564     
 B before wg2 wg2 ==>    17.083200115263580        1.4137225640103397     
 Q value wg2 wg2 ==>   2.90936028119118281E-005  2.40764508324205215E-006
 B after wg2 wg2 ==>   16.342684248820635        1.4137249716554230     
 LTM d(wg2)/d(wg2)  0.83657604500834715     
 B before wg2 wg2 ==>    18.578511144636487        1.5374672329350580     
 Q value wg2 wg2 ==>   2.90936028119118281E-005  2.40764508324205215E-006
 B after wg2 wg2 ==>   17.773174685262070        1.5374696405801414     
 LTM d(wg2)/d(wg2)  0.83998806071457333     
 B before wg2 wg2 ==>    26.463326067645479        2.1899761712190298     
 Q value wg2 wg2 ==>   2.90936028119118281E-005  2.40764508324205215E-006
 B after wg2 wg2 ==>   25.316188893620620        2.1899785788641131     
 LTM d(wg2)/d(wg2)  0.83621869224062517     
 B before wg2 wg2 ==>    25.083439354119861        2.0757834573523670     
 Q value wg2 wg2 ==>   2.90936028119118281E-005  2.40764508324205215E-006
 B after wg2 wg2 ==>   23.996119216946862        2.0757858649974503     
 LTM d(wg2)/d(wg2)  0.83681956944541824     
 B before wg2 wg2 ==>    23.982019062065291        1.9846352703130337     
 Q value wg2 wg2 ==>   2.90936028119118281E-005  2.40764508324205215E-006
 B after wg2 wg2 ==>   22.942444654707224        1.9846376779581170     
 LTM d(wg2)/d(wg2)  0.83631399247486304     
 B before wg2 wg2 ==>    19.273011051885451        1.5949406678276050     
 Q value wg2 wg2 ==>   2.90936028119118281E-005  2.40764508324205215E-006
 B after wg2 wg2 ==>   18.437568551095953        1.5949430754726883     
 LTM d(wg2)/d(wg2)  0.83596315196980309     
 B before wg2 wg2 ==>    28.787980771840832        2.3823532894802266     
 Q value wg2 wg2 ==>   2.90936028119118281E-005  2.40764508324205215E-006
 B after wg2 wg2 ==>   27.540071588965031        2.3823556971253099     
 LTM d(wg2)/d(wg2)  0.83566454179255922     
 B before wg2 wg2 ==>    35.098063040611265        2.9045450114019173     
 Q value wg2 wg2 ==>   2.90936028119118281E-005  2.40764508324205215E-006
 B after wg2 wg2 ==>   33.576616602894511        2.9045474190470006     
 LTM d(wg2)/d(wg2)  0.83531992964222934     
 B before wg2 wg2 ==>    52.891588995481428        4.3770506875034263     
 Q value wg2 wg2 ==>   2.90936028119118281E-005  2.40764508324205215E-006
 B after wg2 wg2 ==>   50.598806775389086        4.3770530951485096     
 LTM d(wg2)/d(wg2)  0.83595052709203399     
 B before wg2 wg2 ==>    58.811076130493397        4.8669186556634552     
 Q value wg2 wg2 ==>   2.90936028119118281E-005  2.40764508324205215E-006
 B after wg2 wg2 ==>   56.261688656775263        4.8669210633085385     
 LTM d(wg2)/d(wg2)  0.83645309127225698     
 B before wg2 wg2 ==>    60.457071544538969        5.0031332314685262     
 Q value wg2 wg2 ==>   2.90936028119118281E-005  2.40764508324205215E-006
 B after wg2 wg2 ==>   57.836331424712377        5.0031356391136095     
 LTM d(wg2)/d(wg2)  0.97180770925435278     
 B before wg2 wg2 ==>    151.75337137216582        13.264127516885591     
 Q value wg2 wg2 ==>   3.07286077929626550E-005  2.68585909160881841E-006
 B after wg2 wg2 ==>   153.33356634768197        13.264130202744683     
 LTM d(wg2)/d(wg2)  0.95898914838110849     
 B before wg2 wg2 ==>    117.58963332957137        10.278018056825424     
 Q value wg2 wg2 ==>   3.07286077929626550E-005  2.68585909160881841E-006
 B after wg2 wg2 ==>   118.81409119047706        10.278020742684516     
 LTM d(wg2)/d(wg2)  0.91358657850117886     
 B before wg2 wg2 ==>    55.804064145598559        4.7361003457931599     
 Q value wg2 wg2 ==>   2.98371687315400340E-005  2.53228554784537707E-006
 B after wg2 wg2 ==>   54.749428253882726        4.7361028780787073     
 LTM d(wg2)/d(wg2)  0.83262673143672528     
 B before wg2 wg2 ==>    44.743614126867449        3.7027639118976818     
 Q value wg2 wg2 ==>   2.90936028119118281E-005  2.40764508324205215E-006
 B after wg2 wg2 ==>   42.804040404405050        3.7027663195427651     
 LTM d(wg2)/d(wg2)  0.81595871258077690     
 B before wg2 wg2 ==>    48.174262443694140        3.9480590088414509     
 Q value wg2 wg2 ==>   2.88118473410588964E-005  2.36123746760386208E-006
 B after wg2 wg2 ==>   45.639655279352553        3.9480613700789187     
 LTM d(wg2)/d(wg2)  0.79691267492126461     
 B before wg2 wg2 ==>    37.707431421695006        3.0563326339860666     
 Q value wg2 wg2 ==>   2.84954954799046985E-005  2.30966972485765470E-006
 B after wg2 wg2 ==>   35.331282918710414        3.0563349436557914     
 LTM d(wg2)/d(wg2)  0.90056406763007735     
 B before wg2 wg2 ==>    32.963183714804096        2.8088025747355161     
 Q value wg2 wg2 ==>   2.99567439760672274E-005  2.55262296077550968E-006
 B after wg2 wg2 ==>   32.469834114295026        2.8088051273584766     
 LTM d(wg2)/d(wg2)  0.80815159999359476     
 B before wg2 wg2 ==>    37.962352146235617        3.0769949411259949     
 Q value wg2 wg2 ==>   2.84954954799046985E-005  2.30966972485765470E-006
 B after wg2 wg2 ==>   35.570139533830250        3.0769972507957197     
 LTM d(wg2)/d(wg2)  0.81753364881394786     
 B before wg2 wg2 ==>    38.603771170101240        3.1289844249170358     
 Q value wg2 wg2 ==>   2.84954954799046985E-005  2.30966972485765470E-006
 B after wg2 wg2 ==>   36.171138833475673        3.1289867345867606     
 LTM d(wg2)/d(wg2)  0.80937400678334792     
 B before wg2 wg2 ==>    38.850805741594307        3.1490075289607287     
 Q value wg2 wg2 ==>   2.84954954799046985E-005  2.30966972485765470E-006
 B after wg2 wg2 ==>   36.402606250143137        3.1490098386304535     
 LTM d(wg2)/d(wg2)  0.80641846563363195     
 B before wg2 wg2 ==>    46.587525216359182        3.7760984582334842     
 Q value wg2 wg2 ==>   2.84954954799046985E-005  2.30966972485765470E-006
 B after wg2 wg2 ==>   43.651787850439618        3.7761007679032090     
 LTM d(wg2)/d(wg2)  0.80266339784429763     
 B before wg2 wg2 ==>    37.503461279372097        3.0398000678887214     
 Q value wg2 wg2 ==>   2.84954954799046985E-005  2.30966972485765470E-006
 B after wg2 wg2 ==>   35.140166178913923        3.0398023775584462     
 LTM d(wg2)/d(wg2)  0.80604207216107104     
 B before wg2 wg2 ==>    37.714752250949381        3.0569260154102151     
 Q value wg2 wg2 ==>   2.84954954799046985E-005  2.30966972485765470E-006
 B after wg2 wg2 ==>   35.338142417869307        3.0569283250799399     
 LTM d(wg2)/d(wg2)  0.83001086646093281     
 B before wg2 wg2 ==>    64.126027955363313        5.1976616952783576     
 Q value wg2 wg2 ==>   2.84954954799046985E-005  2.30966972485765470E-006
 B after wg2 wg2 ==>   60.085082577879902        5.1976640049480825     
 LTM d(wg2)/d(wg2)  0.83890437985222732     
 B before wg2 wg2 ==>    61.804144926726686        5.0094641277124703     
 Q value wg2 wg2 ==>   2.84954954799046985E-005  2.30966972485765470E-006
 B after wg2 wg2 ==>   57.909515558275018        5.0094664373821951     
 LTM d(wg2)/d(wg2)  0.82923812608200698     
 B before wg2 wg2 ==>    55.999903985940804        4.5390080310228580     
 Q value wg2 wg2 ==>   2.84954954799046985E-005  2.30966972485765470E-006
 B after wg2 wg2 ==>   52.471035234815801        4.5390103406925828     
 LTM d(wg2)/d(wg2)  0.82400288495073082     
 B before wg2 wg2 ==>    48.357054543086640        3.9764516954072704     
 Q value wg2 wg2 ==>   2.89093558814880130E-005  2.37724688350585041E-006
 B after wg2 wg2 ==>   45.967875394623206        3.9764540726541537     
 LTM d(wg2)/d(wg2)  0.85463704753754921     
 B before wg2 wg2 ==>    48.065479927116911        4.0121012586015929     
 Q value wg2 wg2 ==>   2.93454751906339301E-005  2.44951300028902855E-006
 B after wg2 wg2 ==>   46.379985775069628        4.0121037081145934     
 LTM d(wg2)/d(wg2)  0.83645954255997912     
 B before wg2 wg2 ==>    47.498717844464174        3.9307628971858763     
 Q value wg2 wg2 ==>   2.90936028119118281E-005  2.40764508324205215E-006
 B after wg2 wg2 ==>   45.439712476642207        3.9307653048309596     
 LTM d(wg2)/d(wg2)  0.83686245782559210     
 B before wg2 wg2 ==>    41.792691665181252        3.4585599196372807     
 Q value wg2 wg2 ==>   2.90936028119118281E-005  2.40764508324205215E-006
 B after wg2 wg2 ==>   39.981038181320663        3.4585623272823640     
 LTM d(wg2)/d(wg2)  0.83668079717124355     
 B before wg2 wg2 ==>    39.908828080716390        3.3026605308280499     
 Q value wg2 wg2 ==>   2.90936028119118281E-005  2.40764508324205215E-006
 B after wg2 wg2 ==>   38.178838646774715        3.3026629384731332     
 LTM d(wg2)/d(wg2)  0.83652381016416033     
 B before wg2 wg2 ==>    16.534394108875439        1.3683060478271627     
 Q value wg2 wg2 ==>   2.90936028119118281E-005  2.40764508324205215E-006
 B after wg2 wg2 ==>   15.817668564338533        1.3683084554722460     
 LTM d(wg2)/d(wg2)  0.83542952452894104     
 B before wg2 wg2 ==>    18.364038967779006        1.5197185585807182     
 Q value wg2 wg2 ==>   2.90936028119118281E-005  2.40764508324205215E-006
 B after wg2 wg2 ==>   17.567999713733865        1.5197209662258016     
 LTM d(wg2)/d(wg2)  0.83524825259466351     
 B before wg2 wg2 ==>    29.964271863637183        2.4796974198010462     
 Q value wg2 wg2 ==>   2.90936028119118281E-005  2.40764508324205215E-006
 B after wg2 wg2 ==>   28.665371358867485        2.4796998274461295     
 LTM d(wg2)/d(wg2)  0.83495371761747128     
 B before wg2 wg2 ==>    25.180651268499204        2.0838282426338979     
 Q value wg2 wg2 ==>   2.90936028119118281E-005  2.40764508324205215E-006
 B after wg2 wg2 ==>   24.089117068963063        2.0838306502789812     
 LTM d(wg2)/d(wg2)  0.83456055354359293     
 B before wg2 wg2 ==>    30.441453185594021        2.5191866254196071     
 Q value wg2 wg2 ==>   2.90936028119118281E-005  2.40764508324205215E-006
 B after wg2 wg2 ==>   29.121867234373742        2.5191890330646904     
 LTM d(wg2)/d(wg2)  0.83627597438262102     
 B before wg2 wg2 ==>    34.058352180297945        2.8185035968335637     
 Q value wg2 wg2 ==>   2.90936028119118281E-005  2.40764508324205215E-006
 B after wg2 wg2 ==>   32.581976415584300        2.8185060044786470     
 LTM d(wg2)/d(wg2)  0.94616218781012518     
 B before wg2 wg2 ==>    231.52783168478081        20.236879453857284     
 Q value wg2 wg2 ==>   3.07286077929626550E-005  2.68585909160881841E-006
 B after wg2 wg2 ==>   233.93869502263581        20.236882139716375     
 LTM d(wg2)/d(wg2)  0.96176834522276811     
 B before wg2 wg2 ==>    72.989285692478106        6.3796882009106781     
 Q value wg2 wg2 ==>   3.07286077929626550E-005  2.68585909160881841E-006
 B after wg2 wg2 ==>   73.749333044227498        6.3796908867697697     
 LTM d(wg2)/d(wg2)  0.96555278771563380     
 B before wg2 wg2 ==>    74.588925774890555        6.5195060503751545     
 Q value wg2 wg2 ==>   3.07286077929626550E-005  2.68585909160881841E-006
 B after wg2 wg2 ==>   75.365629715758615        6.5195087362342461     
 LTM d(wg2)/d(wg2)  0.85254745320219294     
 B before wg2 wg2 ==>    90.028451546537781        7.4503168314778163     
 Q value wg2 wg2 ==>   2.90936028119118281E-005  2.40764508324205215E-006
 B after wg2 wg2 ==>   86.125814652141642        7.4503192391228996     
 LTM d(wg2)/d(wg2)  0.84866969972880935     
 B before wg2 wg2 ==>    85.481353615931226        7.0740211197908947     
 Q value wg2 wg2 ==>   2.90936028119118281E-005  2.40764508324205215E-006
 B after wg2 wg2 ==>   81.775829949612458        7.0740235274359780     
 LTM d(wg2)/d(wg2)  0.81455014761818223     
 B before wg2 wg2 ==>    55.385394464063950        4.5230723272405022     
 Q value wg2 wg2 ==>   2.87105044648049116E-005  2.34465583395152415E-006
 B after wg2 wg2 ==>   52.286818637774374        4.5230746718963362     
 LTM d(wg2)/d(wg2)  0.80089874769409963     
 B before wg2 wg2 ==>    57.560084172394021        4.6654666477721261     
 Q value wg2 wg2 ==>   2.84954954799046985E-005  2.30966972485765470E-006
 B after wg2 wg2 ==>   53.932898953369133        4.6654689574418509     
 LTM d(wg2)/d(wg2)  0.80063318208640399     
 B before wg2 wg2 ==>    50.334660563516238        4.0798182188663876     
 Q value wg2 wg2 ==>   2.84954954799046985E-005  2.30966972485765470E-006
 B after wg2 wg2 ==>   47.162793348445874        4.0798205285361124     
 LTM d(wg2)/d(wg2)  0.80191665935659362     
 B before wg2 wg2 ==>    46.528453046629856        3.7713104312240335     
 Q value wg2 wg2 ==>   2.84954954799046985E-005  2.30966972485765470E-006
 B after wg2 wg2 ==>   43.596438178361140        3.7713127408937583     
 LTM d(wg2)/d(wg2)  0.80265442566437473     
 B before wg2 wg2 ==>    50.695192363567266        4.1090407106814020     
 Q value wg2 wg2 ==>   2.84954954799046985E-005  2.30966972485765470E-006
 B after wg2 wg2 ==>   47.500605841166646        4.1090430203511268     
 LTM d(wg2)/d(wg2)  0.81372441619691427     
 B before wg2 wg2 ==>    85.257134394605146        6.9104193074377918     
 Q value wg2 wg2 ==>   2.84954954799046985E-005  2.30966972485765470E-006
 B after wg2 wg2 ==>   79.884589137850384        6.9104216171075166     
 LTM d(wg2)/d(wg2)  0.81356624311847803     
 B before wg2 wg2 ==>    79.050817064361922        6.4073733698568489     
 Q value wg2 wg2 ==>   2.84954954799046985E-005  2.30966972485765470E-006
 B after wg2 wg2 ==>   74.069369710191381        6.4073756795265737     
 LTM d(wg2)/d(wg2)  0.81195943374968327     
 B before wg2 wg2 ==>    49.028149499766087        3.9739204621046795     
 Q value wg2 wg2 ==>   2.84954954799046985E-005  2.30966972485765470E-006
 B after wg2 wg2 ==>   45.938613514239172        3.9739227717744043     
 LTM d(wg2)/d(wg2)  0.79956770594955640     
 B before wg2 wg2 ==>    30.250674392698848        2.4519337398648005     
 Q value wg2 wg2 ==>   2.84954954799046985E-005  2.30966972485765470E-006
 B after wg2 wg2 ==>   28.344421623196890        2.4519360495345253     
 LTM d(wg2)/d(wg2)  0.79878416362404225     
 B before wg2 wg2 ==>    28.498496598604802        2.3099129770940379     
 Q value wg2 wg2 ==>   2.84954954799046985E-005  2.30966972485765470E-006
 B after wg2 wg2 ==>   26.702659237107451        2.3099152867637627     
 LTM d(wg2)/d(wg2)  0.80851629250893986     
 B before wg2 wg2 ==>    58.638811947060212        4.7529016911201740     
 Q value wg2 wg2 ==>   2.84954954799046985E-005  2.30966972485765470E-006
 B after wg2 wg2 ==>   54.943649512613959        4.7529040007898988     
 LTM d(wg2)/d(wg2)  0.83019968871672789     
 B before wg2 wg2 ==>    37.409126817299750        3.0494811340442576     
 Q value wg2 wg2 ==>   2.86583329363264429E-005  2.33614235502743622E-006
 B after wg2 wg2 ==>   35.252079771145688        3.0494834701866127     
 LTM d(wg2)/d(wg2)  0.84220540968676139     
 B before wg2 wg2 ==>    44.029740136897679        3.6436871721375104     
 Q value wg2 wg2 ==>   2.90936028119118281E-005  2.40764508324205215E-006
 B after wg2 wg2 ==>   42.121112307563344        3.6436895797825937     
 LTM d(wg2)/d(wg2)  0.84452383233112482     
 B before wg2 wg2 ==>    51.255084101236051        4.2543160886070712     
 Q value wg2 wg2 ==>   2.91806759490782810E-005  2.42207814782610668E-006
 B after wg2 wg2 ==>   49.179992932166790        4.2543185106852190     
 LTM d(wg2)/d(wg2)  0.85438404609700491     
 B before wg2 wg2 ==>    50.310870386924655        4.1995275342469593     
 Q value wg2 wg2 ==>   2.93454751906339267E-005  2.44951300028902770E-006
 B after wg2 wg2 ==>   48.546636647210569        4.1995299837599598     
 LTM d(wg2)/d(wg2)  0.83632574135554416     
 B before wg2 wg2 ==>    46.661103336249148        3.8614459938998240     
 Q value wg2 wg2 ==>   2.90936028119118281E-005  2.40764508324205215E-006
 B after wg2 wg2 ==>   44.638407918667617        3.8614484015449073     
 LTM d(wg2)/d(wg2)  0.83673253513051649     
 B before wg2 wg2 ==>    47.145298772733305        3.9015156535262356     
 Q value wg2 wg2 ==>   2.90936028119118281E-005  2.40764508324205215E-006
 B after wg2 wg2 ==>   45.101613852184769        3.9015180611713189     
 LTM d(wg2)/d(wg2)  0.83613186679778206     
 B before wg2 wg2 ==>    48.816661695365902        4.0398295209769133     
 Q value wg2 wg2 ==>   2.90936028119118281E-005  2.40764508324205215E-006
 B after wg2 wg2 ==>   46.700524466554675        4.0398319286219966     
 LTM d(wg2)/d(wg2)  0.83480383115975854     
 B before wg2 wg2 ==>    49.617437141552479        4.1060978026420045     
 Q value wg2 wg2 ==>   2.90936028119118281E-005  2.40764508324205215E-006
 B after wg2 wg2 ==>   47.466586907749544        4.1061002102870878     
 LTM d(wg2)/d(wg2)  0.83438520055825727     
 B before wg2 wg2 ==>    42.206994491672539        3.4928456067563274     
 Q value wg2 wg2 ==>   2.90936028119118281E-005  2.40764508324205215E-006
 B after wg2 wg2 ==>   40.377381296194216        3.4928480144014107     
 LTM d(wg2)/d(wg2)  0.83419902698255710     
 B before wg2 wg2 ==>    42.596825022953077        3.5251060857352643     
 Q value wg2 wg2 ==>   2.90936028119118281E-005  2.40764508324205215E-006
 B after wg2 wg2 ==>   40.750312971193999        3.5251084933803476     
 LTM d(wg2)/d(wg2)  0.83378786762638712     
 B before wg2 wg2 ==>    22.619665047363188        1.8718934773375131     
 Q value wg2 wg2 ==>   2.90936028119118281E-005  2.40764508324205215E-006
 B after wg2 wg2 ==>   21.639147647731864        1.8718958849825964     
 LTM d(wg2)/d(wg2)  0.83558344889519598     
 B before wg2 wg2 ==>    25.859660878076706        2.1400197758222190     
 Q value wg2 wg2 ==>   2.90936028119118281E-005  2.40764508324205215E-006
 B after wg2 wg2 ==>   24.738692129718011        2.1400221834673023     
 LTM d(wg2)/d(wg2)  0.96360096644360593     
 B before wg2 wg2 ==>    96.362663330259551        8.4226573862708634     
 Q value wg2 wg2 ==>   3.07286077929626550E-005  2.68585909160881841E-006
 B after wg2 wg2 ==>   97.366090897288643        8.4226600721299558     
 LTM d(wg2)/d(wg2)  0.95604861879190539     
 B before wg2 wg2 ==>    85.775840582167888        7.4973074868938712     
 Q value wg2 wg2 ==>   3.07286077929626550E-005  2.68585909160881841E-006
 B after wg2 wg2 ==>   86.669030628566077        7.4973101727529627     
 LTM d(wg2)/d(wg2)  0.94744934314255891     
 B before wg2 wg2 ==>    31.594960228272072        2.7284553361095485     
 Q value wg2 wg2 ==>   3.03599869147065250E-005  2.62180637997838615E-006
 B after wg2 wg2 ==>   31.541019495601208        2.7284579579159285     
 LTM d(wg2)/d(wg2)  0.85520976584777753     
 B before wg2 wg2 ==>    85.011941147480528        7.0351748267076912     
 Q value wg2 wg2 ==>   2.90936028119118281E-005  2.40764508324205215E-006
 B after wg2 wg2 ==>   81.326766153736699        7.0351772343527745     
 LTM d(wg2)/d(wg2)  0.85496440384959593     
 B before wg2 wg2 ==>    113.75459430150460        9.4137770229707201     
 Q value wg2 wg2 ==>   2.90936028119118281E-005  2.40764508324205215E-006
 B after wg2 wg2 ==>   108.82344721013716        9.4137794306158025     
 LTM d(wg2)/d(wg2)  0.81451229266719838     
 B before wg2 wg2 ==>    60.060857103286544        4.8681639313234601     
 Q value wg2 wg2 ==>   2.84954954799046985E-005  2.30966972485765470E-006
 B after wg2 wg2 ==>   56.276082931575417        4.8681662409931850     
 LTM d(wg2)/d(wg2)  0.80603156052552616     
 B before wg2 wg2 ==>    57.692971394757620        4.6762376692667367     
 Q value wg2 wg2 ==>   2.84954954799046985E-005  2.30966972485765470E-006
 B after wg2 wg2 ==>   54.057412141473577        4.6762399789364615     
 LTM d(wg2)/d(wg2)  0.80549182927805507     
 B before wg2 wg2 ==>    63.471130809697556        5.1445797577733030     
 Q value wg2 wg2 ==>   2.84954954799046985E-005  2.30966972485765470E-006
 B after wg2 wg2 ==>   59.471454495081787        5.1445820674430278     
 LTM d(wg2)/d(wg2)  0.80804149305394346     
 B before wg2 wg2 ==>    70.070339246087698        5.6794710336349326     
 Q value wg2 wg2 ==>   2.84954954799046985E-005  2.30966972485765470E-006
 B after wg2 wg2 ==>   65.654806564345563        5.6794733433046574     
 LTM d(wg2)/d(wg2)  0.80752720193969907     
 B before wg2 wg2 ==>    70.488700413985086        5.7133808185772619     
 Q value wg2 wg2 ==>   2.84954954799046985E-005  2.30966972485765470E-006
 B after wg2 wg2 ==>   66.046804243787392        5.7133831282469867     
 LTM d(wg2)/d(wg2)  0.81186108460355166     
 B before wg2 wg2 ==>    65.970692594927840        5.3471788733011882     
 Q value wg2 wg2 ==>   2.84954954799046985E-005  2.30966972485765470E-006
 B after wg2 wg2 ==>   61.813503649299868        5.3471811829709130     
 LTM d(wg2)/d(wg2)  0.81577460860443018     
 B before wg2 wg2 ==>    108.38270411409985        8.7848358547432710     
 Q value wg2 wg2 ==>   2.84954954799046985E-005  2.30966972485765470E-006
 B after wg2 wg2 ==>   101.55287568407149        8.7848381644129958     
 LTM d(wg2)/d(wg2)  0.80165418231620544     
 B before wg2 wg2 ==>    46.842032699009145        3.7967272705256199     
 Q value wg2 wg2 ==>   2.84954954799046985E-005  2.30966972485765470E-006
 B after wg2 wg2 ==>   43.890257264560383        3.7967295801953447     
 LTM d(wg2)/d(wg2)  0.79967682570167908     
 B before wg2 wg2 ==>    45.095103962825185        3.6551319641273392     
 Q value wg2 wg2 ==>   2.84954954799046985E-005  2.30966972485765470E-006
 B after wg2 wg2 ==>   42.253413161232103        3.6551342737970640     
 LTM d(wg2)/d(wg2)  0.80161218720405925     
 B before wg2 wg2 ==>    27.110182133624754        2.1973847394079216     
 Q value wg2 wg2 ==>   2.84954954799046985E-005  2.30966972485765470E-006
 B after wg2 wg2 ==>   25.401830932839033        2.1973870490776464     
 LTM d(wg2)/d(wg2)  0.81143446771861982     
 B before wg2 wg2 ==>    26.599272206939361        2.1559735209005377     
 Q value wg2 wg2 ==>   2.84954954799046985E-005  2.30966972485765470E-006
 B after wg2 wg2 ==>   24.923116556284860        2.1559758305702625     
 LTM d(wg2)/d(wg2)  0.82829373202334966     
 B before wg2 wg2 ==>    17.306541809587809        1.4254673841155721     
 Q value wg2 wg2 ==>   2.89567310871140741E-005  2.38504469404853643E-006
 B after wg2 wg2 ==>   16.478454303842888        1.4254697691602660     
 LTM d(wg2)/d(wg2)  0.84824336632406516     
 B before wg2 wg2 ==>    26.335119416633379        2.1858889550991876     
 Q value wg2 wg2 ==>   2.91806759490782810E-005  2.42207814782610668E-006
 B after wg2 wg2 ==>   25.268940773959805        2.1858913771773354     
 LTM d(wg2)/d(wg2)  0.84810022691341058     
 B before wg2 wg2 ==>    59.862788606705770        4.9539532655984031     
 Q value wg2 wg2 ==>   2.90936028119118281E-005  2.40764508324205215E-006
 B after wg2 wg2 ==>   57.267810199086682        4.9539556732434864     
 LTM d(wg2)/d(wg2)  0.84665232841269034     
 B before wg2 wg2 ==>    45.230260754896094        3.7542388115368839     
 Q value wg2 wg2 ==>   2.91806759490782810E-005  2.42207814782610668E-006
 B after wg2 wg2 ==>   43.399091269520042        3.7542412336150317     
 LTM d(wg2)/d(wg2)  0.85420669302213614     
 B before wg2 wg2 ==>    29.786535182412326        2.4863289719763220     
 Q value wg2 wg2 ==>   2.93454751906339301E-005  2.44951300028902855E-006
 B after wg2 wg2 ==>   28.742032696600919        2.4863314214893224     
 LTM d(wg2)/d(wg2)  0.84558351130618370     
 B before wg2 wg2 ==>    37.924010347271967        3.1523669900731233     
 Q value wg2 wg2 ==>   2.92230175500757331E-005  2.42911219123778632E-006
 B after wg2 wg2 ==>   36.441443057384561        3.1523694191853147     
 LTM d(wg2)/d(wg2)  0.83625734069188096     
 B before wg2 wg2 ==>    57.270994519323452        4.7394689911136023     
 Q value wg2 wg2 ==>   2.90936028119118281E-005  2.40764508324205215E-006
 B after wg2 wg2 ==>   54.788368409119606        4.7394713987586856     
 LTM d(wg2)/d(wg2)  0.83487268779520252     
 B before wg2 wg2 ==>    55.236874348346362        4.5711350979193464     
 Q value wg2 wg2 ==>   2.90936028119118281E-005  2.40764508324205215E-006
 B after wg2 wg2 ==>   52.842425796514362        4.5711375055644297     
 LTM d(wg2)/d(wg2)  0.83390023435997707     
 B before wg2 wg2 ==>    49.872247837084814        4.1271846966311099     
 Q value wg2 wg2 ==>   2.90936028119118281E-005  2.40764508324205215E-006
 B after wg2 wg2 ==>   47.710351753926638        4.1271871042761932     
 LTM d(wg2)/d(wg2)  0.83353071197648687     
 B before wg2 wg2 ==>    49.926832768752632        4.1317018801232592     
 Q value wg2 wg2 ==>   2.90936028119118281E-005  2.40764508324205215E-006
 B after wg2 wg2 ==>   47.762570470428294        4.1317042877683425     
 LTM d(wg2)/d(wg2)  0.83592315999959310     
 B before wg2 wg2 ==>    50.866631805497079        4.2094750780555197     
 Q value wg2 wg2 ==>   2.90936028119118281E-005  2.40764508324205215E-006
 B after wg2 wg2 ==>   48.661629935537434        4.2094774857006030     
 LTM d(wg2)/d(wg2)  0.83863880054268725     
 B before wg2 wg2 ==>    60.488417303165875        5.0057272540145297     
 Q value wg2 wg2 ==>   2.90936028119118281E-005  2.40764508324205215E-006
 B after wg2 wg2 ==>   57.866318368604311        5.0057296616596130     
 LTM d(wg2)/d(wg2)  0.96151213269305658     
 B before wg2 wg2 ==>    64.067967316055899        5.5999130730593620     
 Q value wg2 wg2 ==>   3.07286077929626550E-005  2.68585909160881841E-006
 B after wg2 wg2 ==>   64.735119562070878        5.5999157589184536     
 LTM d(wg2)/d(wg2)  0.95919521648340900     
 B before wg2 wg2 ==>    49.941129984671328        4.3651453042811230     
 Q value wg2 wg2 ==>   3.07286077929626550E-005  2.68585909160881841E-006
 B after wg2 wg2 ==>   50.461183562953508        4.3651479901402146     
 LTM d(wg2)/d(wg2)  0.96477259147729844     
 B before wg2 wg2 ==>    66.575392057202791        5.8190765829361943     
 Q value wg2 wg2 ==>   3.07286077929626550E-005  2.68585909160881841E-006
 B after wg2 wg2 ==>   67.268653391204765        5.8190792687952859     
 LTM d(wg2)/d(wg2)  0.83085236987309574     
 B before wg2 wg2 ==>    26.792173354305941        2.2171899734416058     
 Q value wg2 wg2 ==>   2.90936028119118281E-005  2.40764508324205215E-006
 B after wg2 wg2 ==>   25.630780901154186        2.2171923810866891     
 LTM d(wg2)/d(wg2)  0.93203876981833023     
 B before wg2 wg2 ==>    140.43444930709930        12.127539323271257     
 Q value wg2 wg2 ==>   3.03599869147065250E-005  2.62180637997838615E-006
 B after wg2 wg2 ==>   140.19458713433528        12.127541945077636     
 LTM d(wg2)/d(wg2)  0.92347441501534400     
 B before wg2 wg2 ==>    43.742468136439626        3.7477710457457722     
 Q value wg2 wg2 ==>   3.01212029042410758E-005  2.58072708095562267E-006
 B after wg2 wg2 ==>   43.324325623097124        3.7477736264728532     
 LTM d(wg2)/d(wg2)  0.82841134651698412     
 B before wg2 wg2 ==>    64.005488630998059        5.1878915185029602     
 Q value wg2 wg2 ==>   2.84954954799046985E-005  2.30966972485765470E-006
 B after wg2 wg2 ==>   59.972139171420501        5.1878938281726850     
 LTM d(wg2)/d(wg2)  0.82294706364140024     
 B before wg2 wg2 ==>    43.318740246672419        3.5111508391657806     
 Q value wg2 wg2 ==>   2.84954954799046985E-005  2.30966972485765470E-006
 B after wg2 wg2 ==>   40.588988955524393        3.5111531488355054     
 LTM d(wg2)/d(wg2)  0.82202296116519957     
 B before wg2 wg2 ==>    62.369789928201953        5.0553118349701247     
 Q value wg2 wg2 ==>   2.84954954799046985E-005  2.30966972485765470E-006
 B after wg2 wg2 ==>   58.439515818768996        5.0553141446398495     
 LTM d(wg2)/d(wg2)  0.81881199192479392     
 B before wg2 wg2 ==>    125.01403374601867        10.132869215386535     
 Q value wg2 wg2 ==>   2.84954954799046985E-005  2.30966972485765470E-006
 B after wg2 wg2 ==>   117.13616381406220        10.132871525056260     
 LTM d(wg2)/d(wg2)  0.81278146419929276     
 B before wg2 wg2 ==>    94.694853455524978        7.6753828084967823     
 Q value wg2 wg2 ==>   2.84954954799046985E-005  2.30966972485765470E-006
 B after wg2 wg2 ==>   88.727579967276398        7.6753851181665071     
 LTM d(wg2)/d(wg2)  0.80820143377892306     
 B before wg2 wg2 ==>    71.387966224435544        5.7862697781134012     
 Q value wg2 wg2 ==>   2.84954954799046985E-005  2.30966972485765470E-006
 B after wg2 wg2 ==>   66.889401831583655        5.7862720877831260     
 LTM d(wg2)/d(wg2)  0.81238839810079344     
 B before wg2 wg2 ==>    51.862382008110998        4.2036459294982196     
 Q value wg2 wg2 ==>   2.84954954799046985E-005  2.30966972485765470E-006
 B after wg2 wg2 ==>   48.594243748406413        4.2036482391679444     
 LTM d(wg2)/d(wg2)  0.83971442684677711     
 B before wg2 wg2 ==>    50.635842281859127        4.1042301578350484     
 Q value wg2 wg2 ==>   2.84954954799046985E-005  2.30966972485765470E-006
 B after wg2 wg2 ==>   47.444995770037913        4.1042324675047732     
 LTM d(wg2)/d(wg2)  0.79913876226002789     
 B before wg2 wg2 ==>    48.065885307317124        3.8959252409237988     
 Q value wg2 wg2 ==>   2.84954954799046985E-005  2.30966972485765470E-006
 B after wg2 wg2 ==>   45.036987456673330        3.8959275505935236     
 LTM d(wg2)/d(wg2)  0.80700713163788251     
 B before wg2 wg2 ==>    52.842616887276229        4.2830977440930580     
 Q value wg2 wg2 ==>   2.84954954799046985E-005  2.30966972485765470E-006
 B after wg2 wg2 ==>   49.512708050129000        4.2831000537627828     
 LTM d(wg2)/d(wg2)  0.83255230136074088     
 B before wg2 wg2 ==>    41.213522527527438        3.3945852842164053     
 Q value wg2 wg2 ==>   2.89567310871140741E-005  2.38504469404853643E-006
 B after wg2 wg2 ==>   39.241490067698855        3.3945876692610994     
 LTM d(wg2)/d(wg2)  0.85519313511304640     
 B before wg2 wg2 ==>    39.978481592982128        3.3370667797221611     
 Q value wg2 wg2 ==>   2.93454751906339301E-005  2.44951300028902855E-006
 B after wg2 wg2 ==>   38.576575941772425        3.3370692292351616     
 LTM d(wg2)/d(wg2)  0.84592181183267312     
 B before wg2 wg2 ==>    18.159750642359008        1.5073103610616729     
 Q value wg2 wg2 ==>   2.91806759490782810E-005  2.42207814782610668E-006
 B after wg2 wg2 ==>   17.424560910330477        1.5073127831398208     
 LTM d(wg2)/d(wg2)  0.84578446974773480     
 B before wg2 wg2 ==>    36.391826907427308        3.0116106173000130     
 Q value wg2 wg2 ==>   2.90936028119118281E-005  2.40764508324205215E-006
 B after wg2 wg2 ==>   34.814296792593900        3.0116130249450963     
 LTM d(wg2)/d(wg2)  0.85362931569751532     
 B before wg2 wg2 ==>    67.401341048406351        5.5945008118523845     
 Q value wg2 wg2 ==>   2.91806759490782810E-005  2.42207814782610668E-006
 B after wg2 wg2 ==>   64.672550682946621        5.5945032339305323     
 LTM d(wg2)/d(wg2)  0.85982201830617322     
 B before wg2 wg2 ==>    81.447249374505219        6.7985300931268782     
 Q value wg2 wg2 ==>   2.93454751906339301E-005  2.44951300028902855E-006
 B after wg2 wg2 ==>   78.591149571046813        6.7985325426398786     
 LTM d(wg2)/d(wg2)  0.85758889940156857     
 B before wg2 wg2 ==>    75.715203748678604        6.3200672232124901     
 Q value wg2 wg2 ==>   2.93454751906339267E-005  2.44951300028902770E-006
 B after wg2 wg2 ==>   73.060110815581396        6.3200696727254906     
 LTM d(wg2)/d(wg2)  0.83718491461141753     
 B before wg2 wg2 ==>    47.173095726426041        3.9038159942341251     
 Q value wg2 wg2 ==>   2.90936028119118281E-005  2.40764508324205215E-006
 B after wg2 wg2 ==>   45.128205829130415        3.9038184018792084     
 LTM d(wg2)/d(wg2)  0.83791859002475666     
 B before wg2 wg2 ==>    58.511304477121790        4.8421110114537811     
 Q value wg2 wg2 ==>   2.90936028119118281E-005  2.40764508324205215E-006
 B after wg2 wg2 ==>   55.974911875997982        4.8421134190988644     
 LTM d(wg2)/d(wg2)  0.83369427240253757     
 B before wg2 wg2 ==>    35.401808795841262        2.9296815329548869     
 Q value wg2 wg2 ==>   2.90936028119118281E-005  2.40764508324205215E-006
 B after wg2 wg2 ==>   33.867195211244926        2.9296839405999702     
 LTM d(wg2)/d(wg2)  0.83892558048029464     
 B before wg2 wg2 ==>    73.581270696501790        6.0892281288242920     
 Q value wg2 wg2 ==>   2.90936028119118281E-005  2.40764508324205215E-006
 B after wg2 wg2 ==>   70.391606550790300        6.0892305364693753     
 LTM d(wg2)/d(wg2)  0.84370354091401301     
 B before wg2 wg2 ==>    82.852225140323583        6.8564472328979065     
 Q value wg2 wg2 ==>   2.90936028119118281E-005  2.40764508324205215E-006
 B after wg2 wg2 ==>   79.260672188681724        6.8564496405429898     
 LTM d(wg2)/d(wg2)  0.83279120979421484     
 B before wg2 wg2 ==>    56.941334073191456        4.7121878957676486     
 Q value wg2 wg2 ==>   2.90936028119118281E-005  2.40764508324205215E-006
 B after wg2 wg2 ==>   54.472998491957554        4.7121903034127319     
 LTM d(wg2)/d(wg2)  0.96594592749636510     
 B before wg2 wg2 ==>    64.446363688609864        5.6329871174255581     
 Q value wg2 wg2 ==>   3.07286077929626550E-005  2.68585909160881841E-006
 B after wg2 wg2 ==>   65.117456066515089        5.6329898032846497     
 LTM d(wg2)/d(wg2)  0.95862641725211939     
 B before wg2 wg2 ==>    51.339658921128425        4.4873848695803211     
 Q value wg2 wg2 ==>   3.07286077929626550E-005  2.68585909160881841E-006
 B after wg2 wg2 ==>   51.874274976383539        4.4873875554394127     
 LTM d(wg2)/d(wg2)  0.96768983251368390     
 B before wg2 wg2 ==>    54.878427538935064        4.7966938343493872     
 Q value wg2 wg2 ==>   3.07286077929626550E-005  2.68585909160881841E-006
 B after wg2 wg2 ==>   55.449891767414165        4.7966965202084788     
 LTM d(wg2)/d(wg2)  0.84512703977420323     
 B before wg2 wg2 ==>    50.211747463830307        4.1552800347155916     
 Q value wg2 wg2 ==>   2.90936028119118281E-005  2.40764508324205215E-006
 B after wg2 wg2 ==>   48.035134330725079        4.1552824423606749     
 LTM d(wg2)/d(wg2)  0.92395797711192562     
 B before wg2 wg2 ==>    120.61626504084988        10.334171001876364     
 Q value wg2 wg2 ==>   3.01212029042410758E-005  2.58072708095562267E-006
 B after wg2 wg2 ==>   119.46321895639255        10.334173582603444     
 LTM d(wg2)/d(wg2)  0.93365784452046596     
 B before wg2 wg2 ==>    36.191939528521608        3.1161136499339275     
 Q value wg2 wg2 ==>   3.02694113475616320E-005  2.60618599346600623E-006
 B after wg2 wg2 ==>   36.022355887759929        3.1161162561199212     
 LTM d(wg2)/d(wg2)  0.89760565363842582     
 B before wg2 wg2 ==>    97.638934285969299        8.2127891408854676     
 Q value wg2 wg2 ==>   2.95712842777049175E-005  2.48735531756896147E-006
 B after wg2 wg2 ==>   94.940008185984567        8.2127916282407849     
 LTM d(wg2)/d(wg2)  0.95538530763483165     
 B before wg2 wg2 ==>    87.942923639437240        7.6867231535864349     
 Q value wg2 wg2 ==>   3.07286077929626550E-005  2.68585909160881841E-006
 B after wg2 wg2 ==>   88.858678894389399        7.6867258394455265     
 LTM d(wg2)/d(wg2)  0.82870872228436665     
 B before wg2 wg2 ==>    97.775264613624984        7.9250620041785940     
 Q value wg2 wg2 ==>   2.84954954799046985E-005  2.30966972485765470E-006
 B after wg2 wg2 ==>   91.613875633221454        7.9250643138483188     
 LTM d(wg2)/d(wg2)  0.85388358251304486     
 B before wg2 wg2 ==>    92.938321697725343        7.6911235341633670     
 Q value wg2 wg2 ==>   2.90936028119118349E-005  2.40764508324205300E-006
 B after wg2 wg2 ==>   88.909544151084660        7.6911259418084503     
 LTM d(wg2)/d(wg2)  0.86310063637223999     
 B before wg2 wg2 ==>    89.894246309013411        7.5036142217724837     
 Q value wg2 wg2 ==>   2.93454751906339301E-005  2.44951300028902855E-006
 B after wg2 wg2 ==>   86.741933856774580        7.5036166712854842     
 LTM d(wg2)/d(wg2)  0.85229388413011919     
 B before wg2 wg2 ==>    113.10743777770868        9.3813291083240937     
 Q value wg2 wg2 ==>   2.91592098578612317E-005  2.41851596667674069E-006
 B after wg2 wg2 ==>   108.44834890136066        9.3813315268400608     
 LTM d(wg2)/d(wg2)  0.86512248715562923     
 B before wg2 wg2 ==>    45.411974818572617        3.7906090109045065     
 Q value wg2 wg2 ==>   2.93454751906339301E-005  2.44951300028902855E-006
 B after wg2 wg2 ==>   43.819531697897588        3.7906114604175070     
 LTM d(wg2)/d(wg2)  0.86377619348172130     
 B before wg2 wg2 ==>    54.761887489546361        4.5710609371499213     
 Q value wg2 wg2 ==>   2.93454751906339267E-005  2.44951300028902770E-006
 B after wg2 wg2 ==>   52.841568980776863        4.5710633866629218     
 LTM d(wg2)/d(wg2)  0.81116069513547606     
 B before wg2 wg2 ==>    57.067965412767549        4.6255785257724460     
 Q value wg2 wg2 ==>   2.84954954799046985E-005  2.30966972485765470E-006
 B after wg2 wg2 ==>   53.471791597844479        4.6255808354421708     
 LTM d(wg2)/d(wg2)  0.83111230182190832     
 B before wg2 wg2 ==>    81.334728843807824        6.6656818943266449     
 Q value wg2 wg2 ==>   2.88118473410588964E-005  2.36123746760386208E-006
 B after wg2 wg2 ==>   77.055421156959568        6.6656842555641127     
 LTM d(wg2)/d(wg2)  0.87155768935364353     
 B before wg2 wg2 ==>    59.738790005833316        4.9864908232097331     
 Q value wg2 wg2 ==>   2.93454751906339301E-005  2.44951300028902855E-006
 B after wg2 wg2 ==>   57.643945391691553        4.9864932727227336     
 LTM d(wg2)/d(wg2)  0.85406208892875823     
 B before wg2 wg2 ==>    56.443644560294551        4.6849811948057898     
 Q value wg2 wg2 ==>   2.91806759490782810E-005  2.42207814782610668E-006
 B after wg2 wg2 ==>   54.158488741962771        4.6849836168839376     
 LTM d(wg2)/d(wg2)  0.84042875545954188     
 B before wg2 wg2 ==>    48.648696886019067        4.0259295701871807     
 Q value wg2 wg2 ==>   2.90936028119118281E-005  2.40764508324205215E-006
 B after wg2 wg2 ==>   46.539840803617928        4.0259319778322640     
 LTM d(wg2)/d(wg2)  0.84094132132782107     
 B before wg2 wg2 ==>    46.737353384284518        3.8677560770626478     
 Q value wg2 wg2 ==>   2.90936028119118281E-005  2.40764508324205215E-006
 B after wg2 wg2 ==>   44.711352585262190        3.8677584847077311     
 LTM d(wg2)/d(wg2)  0.84397138097892221     
 B before wg2 wg2 ==>    71.610048870260727        5.9260993967586453     
 Q value wg2 wg2 ==>   2.90936028119118281E-005  2.40764508324205215E-006
 B after wg2 wg2 ==>   68.505835687637486        5.9261018044037286     
 LTM d(wg2)/d(wg2)  0.85494093894641177     
 B before wg2 wg2 ==>    29.419358752366406        2.4556801774703718     
 Q value wg2 wg2 ==>   2.93454751906339301E-005  2.44951300028902855E-006
 B after wg2 wg2 ==>   28.387732120986684        2.4556826269833723     
 LTM d(wg2)/d(wg2)  0.85562023327149295     
 B before wg2 wg2 ==>    42.860589720413330        3.5776408811984473     
 Q value wg2 wg2 ==>   2.93454751906339301E-005  2.44951300028902855E-006
 B after wg2 wg2 ==>   41.357616566857288        3.5776433307114477     
 LTM d(wg2)/d(wg2)  0.84782588928062175     
 B before wg2 wg2 ==>    41.202195545802105        3.4297321726977299     
 Q value wg2 wg2 ==>   2.92645865345613878E-005  2.43602780455489945E-006
 B after wg2 wg2 ==>   39.647789274048073        3.4297346087255343     
 LTM d(wg2)/d(wg2)  0.83848137669220513     
 B before wg2 wg2 ==>    59.644281132571784        4.9358706496655653     
 Q value wg2 wg2 ==>   2.90936028119118281E-005  2.40764508324205215E-006
 B after wg2 wg2 ==>   57.058774857341945        4.9358730573106486     
 LTM d(wg2)/d(wg2)  0.84193656121583171     
 B before wg2 wg2 ==>    94.388215822258701        7.8111097209110945     
 Q value wg2 wg2 ==>   2.90936028119118281E-005  2.40764508324205215E-006
 B after wg2 wg2 ==>   90.296586470880428        7.8111121285561778     
 LTM d(wg2)/d(wg2)  0.83539834879986563     
 B before wg2 wg2 ==>    34.933307780375891        2.8909106672882503     
 Q value wg2 wg2 ==>   2.90936028119118281E-005  2.40764508324205215E-006
 B after wg2 wg2 ==>   33.419003357562566        2.8909130749333336     
 LTM d(wg2)/d(wg2)  0.83848669665168174     
 B before wg2 wg2 ==>    40.256449678746122        3.3314280037579529     
 Q value wg2 wg2 ==>   2.90936028119118281E-005  2.40764508324205215E-006
 B after wg2 wg2 ==>   38.511391113595323        3.3314304114030362     
 LTM d(wg2)/d(wg2)  0.84163071047522753     
 B before wg2 wg2 ==>    39.908783386504965        3.3026568321524650     
 Q value wg2 wg2 ==>   2.90936028119118281E-005  2.40764508324205215E-006
 B after wg2 wg2 ==>   38.178795890023274        3.3026592397975483     
 LTM d(wg2)/d(wg2)  0.93892850637318759     
 B before wg2 wg2 ==>    204.96217045193328        17.914886110469169     
 Q value wg2 wg2 ==>   3.07286077929626550E-005  2.68585909160881841E-006
 B after wg2 wg2 ==>   207.09641324952688        17.914888796328260     
 LTM d(wg2)/d(wg2)  0.97290612360446305     
 B before wg2 wg2 ==>    174.93079172232086        15.289968895282170     
 Q value wg2 wg2 ==>   3.07286077929626617E-005  2.68585909160882010E-006
 B after wg2 wg2 ==>   176.75232646660589        15.289971581141263     
 LTM d(wg2)/d(wg2)  0.96169033677771520     
 B before wg2 wg2 ==>    48.890165171221305        4.2732848653642597     
 Q value wg2 wg2 ==>   3.07286077929626550E-005  2.68585909160881841E-006
 B after wg2 wg2 ==>   49.399275357131508        4.2732875512233512     
 LTM d(wg2)/d(wg2)  0.96543637315892405     
 B before wg2 wg2 ==>    48.695424449577430        4.2562633933451641     
 Q value wg2 wg2 ==>   3.07286077929626550E-005  2.68585909160881841E-006
 B after wg2 wg2 ==>   49.202506856726167        4.2562660792042557     
 LTM d(wg2)/d(wg2)  0.83100258674601002     
 B before wg2 wg2 ==>    44.740026304912156        3.7024670012006444     
 Q value wg2 wg2 ==>   2.90936028119118281E-005  2.40764508324205215E-006
 B after wg2 wg2 ==>   42.800608111795761        3.7024694088457277     
 LTM d(wg2)/d(wg2)  0.85550709695938199     
 B before wg2 wg2 ==>    56.311013981989284        4.6600256703374505     
 Q value wg2 wg2 ==>   2.90936028119118281E-005  2.40764508324205215E-006
 B after wg2 wg2 ==>   53.870002296082681        4.6600280779825338     
 LTM d(wg2)/d(wg2)  0.95570585187838819     
 B before wg2 wg2 ==>    109.08087105909220        9.5343027327703478     
 Q value wg2 wg2 ==>   3.07286077929626550E-005  2.68585909160881841E-006
 B after wg2 wg2 ==>   110.21672964156903        9.5343054186294403     
 LTM d(wg2)/d(wg2)  0.95383724561555350     
 B before wg2 wg2 ==>    78.569680500660496        6.8674471723326072     
 Q value wg2 wg2 ==>   3.07286077929626550E-005  2.68585909160881841E-006
 B after wg2 wg2 ==>   79.387834888149811        6.8674498581916987     
 LTM d(wg2)/d(wg2)  0.93923560902654513     
 B before wg2 wg2 ==>    142.33360064390001        12.308945404399482     
 Q value wg2 wg2 ==>   3.04029659838416442E-005  2.62923474663717567E-006
 B after wg2 wg2 ==>   142.29164454333221        12.308948033634229     
 LTM d(wg2)/d(wg2)  0.95277212732359073     
 B before wg2 wg2 ==>    123.33170517319843        10.779908541737296     
 Q value wg2 wg2 ==>   3.07286077929626550E-005  2.68585909160881841E-006
 B after wg2 wg2 ==>   124.61595356601229        10.779911227596388     
 LTM d(wg2)/d(wg2)  0.92417561112030144     
 B before wg2 wg2 ==>    142.24829722768843        12.218325271509723     
 Q value wg2 wg2 ==>   3.01972330212823327E-005  2.59377175364728646E-006
 B after wg2 wg2 ==>   141.24407388591516        12.218327865281477     
 LTM d(wg2)/d(wg2)  0.86877746599939532     
 B before wg2 wg2 ==>    149.40009371192002        12.470660959293250     
 Q value wg2 wg2 ==>   2.93454751906339267E-005  2.44951300028902770E-006
 B after wg2 wg2 ==>   144.16107697722435        12.470663408806249     
 LTM d(wg2)/d(wg2)  0.86849031622332085     
 B before wg2 wg2 ==>    139.66768598057104        11.658281568358678     
 Q value wg2 wg2 ==>   2.93454751906339301E-005  2.44951300028902855E-006
 B after wg2 wg2 ==>   134.76995767008879        11.658284017871678     
 LTM d(wg2)/d(wg2)  0.86119694254373724     
 B before wg2 wg2 ==>    90.987317981615362        7.5948546346433812     
 Q value wg2 wg2 ==>   2.93454751906339267E-005  2.44951300028902770E-006
 B after wg2 wg2 ==>   87.796674551165140        7.5948570841563816     
 LTM d(wg2)/d(wg2)  0.85791140490202622     
 B before wg2 wg2 ==>    36.274571965592138        3.0278956136310020     
 Q value wg2 wg2 ==>   2.93454751906339301E-005  2.44951300028902855E-006
 B after wg2 wg2 ==>   35.002552105756450        3.0278980631440024     
 LTM d(wg2)/d(wg2)  0.85817232087180295     
 B before wg2 wg2 ==>    38.951404633689229        3.2513350494386373     
 Q value wg2 wg2 ==>   2.93454751906339301E-005  2.44951300028902855E-006
 B after wg2 wg2 ==>   37.585515709959402        3.2513374989516377     
 LTM d(wg2)/d(wg2)  0.85718329008674299     
 B before wg2 wg2 ==>    104.53226217749629        8.6505816656290442     
 Q value wg2 wg2 ==>   2.90936028119118281E-005  2.40764508324205215E-006
 B after wg2 wg2 ==>   100.00089615157039        8.6505840732741266     
 LTM d(wg2)/d(wg2)  0.84422794832364578     
 B before wg2 wg2 ==>    153.23613403848256        12.681077248422387     
 Q value wg2 wg2 ==>   2.90936028119118349E-005  2.40764508324205300E-006
 B after wg2 wg2 ==>   146.59349230464494        12.681079656067469     
 LTM d(wg2)/d(wg2)  0.85574544493053128     
 B before wg2 wg2 ==>    101.41435209126183        8.4298905343786785     
 Q value wg2 wg2 ==>   2.92230175500757331E-005  2.42911219123778632E-006
 B after wg2 wg2 ==>   97.449703242042673        8.4298929634908699     
 LTM d(wg2)/d(wg2)  0.84391997436180943     
 B before wg2 wg2 ==>    60.069014444426031        4.9710195130286241     
 Q value wg2 wg2 ==>   2.90936028119118281E-005  2.40764508324205215E-006
 B after wg2 wg2 ==>   57.465096303991338        4.9710219206737074     
 LTM d(wg2)/d(wg2)  0.84147136451570748     
 B before wg2 wg2 ==>    51.793070470179394        4.2861426365689139     
 Q value wg2 wg2 ==>   2.90936028119118281E-005  2.40764508324205215E-006
 B after wg2 wg2 ==>   49.547908190525895        4.2861450442139972     
 LTM d(wg2)/d(wg2)  0.84054069210791804     
 B before wg2 wg2 ==>    51.511776461727230        4.2628641123939017     
 Q value wg2 wg2 ==>   2.90936028119118281E-005  2.40764508324205215E-006
 B after wg2 wg2 ==>   49.278808062850224        4.2628665200389850     
 LTM d(wg2)/d(wg2)  0.84576991309553295     
 B before wg2 wg2 ==>    66.661712768183747        5.5165991652673121     
 Q value wg2 wg2 ==>   2.90936028119118281E-005  2.40764508324205215E-006
 B after wg2 wg2 ==>   63.772006182422388        5.5166015729123954     
 LTM d(wg2)/d(wg2)  0.83363468108288141     
 B before wg2 wg2 ==>    39.112916871130878        3.2367947897287310     
 Q value wg2 wg2 ==>   2.90936028119118281E-005  2.40764508324205215E-006
 B after wg2 wg2 ==>   37.417429581233286        3.2367971973738143     
 LTM d(wg2)/d(wg2)  0.83432744323540808     
 B before wg2 wg2 ==>    18.045610958035990        1.4933670050457113     
 Q value wg2 wg2 ==>   2.90936028119118281E-005  2.40764508324205215E-006
 B after wg2 wg2 ==>   17.263375315408190        1.4933694126907946     
 LTM d(wg2)/d(wg2)  0.84024916327129850     
 B before wg2 wg2 ==>    21.256661336777150        1.7643626559368395     
 Q value wg2 wg2 ==>   2.91806759490782810E-005  2.42207814782610668E-006
 B after wg2 wg2 ==>   20.396089725910812        1.7643650780149873     
 LTM d(wg2)/d(wg2)  0.83421005237084278     
 B before wg2 wg2 ==>    26.141217571749831        2.1633200385486502     
 Q value wg2 wg2 ==>   2.90936028119118281E-005  2.40764508324205215E-006
 B after wg2 wg2 ==>   25.008043555410616        2.1633224461937335     
 LTM d(wg2)/d(wg2)  0.83532283378785477     
 B before wg2 wg2 ==>    33.938339092583426        2.8085718973314910     
 Q value wg2 wg2 ==>   2.90936028119118281E-005  2.40764508324205215E-006
 B after wg2 wg2 ==>   32.467165803710841        2.8085743049765743     
 LTM d(wg2)/d(wg2)  0.83696329170808959     
 B before wg2 wg2 ==>    31.583699159328862        2.6137133473349050     
 Q value wg2 wg2 ==>   2.90936028119118281E-005  2.40764508324205215E-006
 B after wg2 wg2 ==>   30.214597716122856        2.6137157549799883     
 LTM d(wg2)/d(wg2)  0.83957971210413507     
 B before wg2 wg2 ==>    46.147673472053079        3.8189570352062931     
 Q value wg2 wg2 ==>   2.90936028119118281E-005  2.40764508324205215E-006
 B after wg2 wg2 ==>   44.147234847588265        3.8189594428513765     
 LTM d(wg2)/d(wg2)  0.83682028513306128     
 B before wg2 wg2 ==>    42.444018552076074        3.5124605653205858     
 Q value wg2 wg2 ==>   2.90936028119118281E-005  2.40764508324205215E-006
 B after wg2 wg2 ==>   40.604130544312831        3.5124629729656691     
 LTM d(wg2)/d(wg2)  0.97041659476261732     
 B before wg2 wg2 ==>    150.77351646730779        13.178482497677361     
 Q value wg2 wg2 ==>   3.07286077929626550E-005  2.68585909160881841E-006
 B after wg2 wg2 ==>   152.34350849734543        13.178485183536454     
 LTM d(wg2)/d(wg2)  0.96818927292682744     
 B before wg2 wg2 ==>    36.271941112724427        3.1703786733293411     
 Q value wg2 wg2 ==>   3.07286077929626550E-005  2.68585909160881841E-006
 B after wg2 wg2 ==>   36.649661384203085        3.1703813591884327     
 LTM d(wg2)/d(wg2)  0.97105748649792689     
 B before wg2 wg2 ==>    39.648674612644342        3.4655248261198039     
 Q value wg2 wg2 ==>   3.07286077929626550E-005  2.68585909160881841E-006
 B after wg2 wg2 ==>   40.061555832569930        3.4655275119788955     
 LTM d(wg2)/d(wg2)  0.93484979347706654     
 B before wg2 wg2 ==>    48.777552990242683        4.1791674902512952     
 Q value wg2 wg2 ==>   3.01212029042410758E-005  2.58072708095562267E-006
 B after wg2 wg2 ==>   48.311275715916182        4.1791700709783761     
 LTM d(wg2)/d(wg2)  0.89197024486726151     
 B before wg2 wg2 ==>    52.297591590081012        4.4385054279862510     
 Q value wg2 wg2 ==>   2.98371687315400340E-005  2.53228554784537707E-006
 B after wg2 wg2 ==>   51.309226041088081        4.4385079602717985     
 LTM d(wg2)/d(wg2)  0.86337650615913852     
 B before wg2 wg2 ==>    54.111428213303128        4.4779986489546557     
 Q value wg2 wg2 ==>   2.90936028119118281E-005  2.40764508324205215E-006
 B after wg2 wg2 ==>   51.765766893259645        4.4780010565997390     
 LTM d(wg2)/d(wg2)  0.95232343997813995     
 B before wg2 wg2 ==>    148.61356501277132        12.989690174553335     
 Q value wg2 wg2 ==>   3.07286077929626550E-005  2.68585909160881841E-006
 B after wg2 wg2 ==>   150.16106609356979        12.989692860412427     
 LTM d(wg2)/d(wg2)  0.94797156712741271     
 B before wg2 wg2 ==>    116.28231874523983        10.163751156561762     
 Q value wg2 wg2 ==>   3.07286077929626550E-005  2.68585909160881841E-006
 B after wg2 wg2 ==>   117.49316391781680        10.163753842420855     
 LTM d(wg2)/d(wg2)  0.94799470693654275     
 B before wg2 wg2 ==>    140.27057995296329        12.260464743156676     
 Q value wg2 wg2 ==>   3.07286077929626550E-005  2.68585909160881841E-006
 B after wg2 wg2 ==>   141.73120794543888        12.260467429015769     
 LTM d(wg2)/d(wg2)  0.94564503136595268     
 B before wg2 wg2 ==>    119.53052782123538        10.447663526981840     
 Q value wg2 wg2 ==>   3.07286077929626550E-005  2.68585909160881841E-006
 B after wg2 wg2 ==>   120.77519565463786        10.447666212840932     
 LTM d(wg2)/d(wg2)  0.92706322189845458     
 B before wg2 wg2 ==>    133.56432760214381        11.550582647765221     
 Q value wg2 wg2 ==>   3.04029660090152940E-005  2.62923475099118717E-006
 B after wg2 wg2 ==>   133.52495842953579        11.550585276999973     
 LTM d(wg2)/d(wg2)  0.87248842865324538     
 B before wg2 wg2 ==>    141.22549935168018        11.788314702249583     
 Q value wg2 wg2 ==>   2.93454751906339301E-005  2.44951300028902855E-006
 B after wg2 wg2 ==>   136.27314286641115        11.788317151762582     
 LTM d(wg2)/d(wg2)  0.86838011715551977     
 B before wg2 wg2 ==>    98.487096536588197        8.2208729543452943     
 Q value wg2 wg2 ==>   2.93454751906339267E-005  2.44951300028902770E-006
 B after wg2 wg2 ==>   95.033456766934918        8.2208754038582939     
 LTM d(wg2)/d(wg2)  0.86896712584729063     
 B before wg2 wg2 ==>    101.18446244798454        8.4460263322878895     
 Q value wg2 wg2 ==>   2.93454751906339301E-005  2.44951300028902855E-006
 B after wg2 wg2 ==>   97.636233570801167        8.4460287818008890     
 LTM d(wg2)/d(wg2)  0.85959362855951071     
 B before wg2 wg2 ==>    57.902434086321179        4.8332073044123156     
 Q value wg2 wg2 ==>   2.93454751906339301E-005  2.44951300028902855E-006
 B after wg2 wg2 ==>   55.871985358106649        4.8332097539253160     
 LTM d(wg2)/d(wg2)  0.83215949909267528     
 B before wg2 wg2 ==>    39.312821555423021        3.2380325036262003     
 Q value wg2 wg2 ==>   2.89567310871140741E-005  2.38504469404853643E-006
 B after wg2 wg2 ==>   37.431737313268336        3.2380348886708945     
 LTM d(wg2)/d(wg2)  0.80041622377966271     
 B before wg2 wg2 ==>    141.81340869014537        11.494523296198871     
 Q value wg2 wg2 ==>   2.84954954799046985E-005  2.30966972485765470E-006
 B after wg2 wg2 ==>   132.87690769635816        11.494525605868596     
 LTM d(wg2)/d(wg2)  0.86649087557549320     
 B before wg2 wg2 ==>    150.86866224426325        12.593244686032092     
 Q value wg2 wg2 ==>   2.93454751906339301E-005  2.44951300028902855E-006
 B after wg2 wg2 ==>   145.57814690263621        12.593247135545091     
 LTM d(wg2)/d(wg2)  0.85429160290656636     
 B before wg2 wg2 ==>    72.183091442719132        6.0128372405226136     
 Q value wg2 wg2 ==>   2.92850867165852387E-005  2.43944193137185302E-006
 B after wg2 wg2 ==>   69.508526975635348        6.0128396799645447     
 LTM d(wg2)/d(wg2)  0.84365427410793259     
 B before wg2 wg2 ==>    50.899645414194403        4.2122071237624077     
 Q value wg2 wg2 ==>   2.90936028119118281E-005  2.40764508324205215E-006
 B after wg2 wg2 ==>   48.693212429470982        4.2122095314074910     
 LTM d(wg2)/d(wg2)  0.84603394800619480     
 B before wg2 wg2 ==>    66.489965859662291        5.5023862263426633     
 Q value wg2 wg2 ==>   2.90936028119118281E-005  2.40764508324205215E-006
 B after wg2 wg2 ==>   63.607704371426351        5.5023886339877466     
 LTM d(wg2)/d(wg2)  0.84232827783947184     
 B before wg2 wg2 ==>    54.799698887029471        4.5349565827743357     
 Q value wg2 wg2 ==>   2.90936028119118281E-005  2.40764508324205215E-006
 B after wg2 wg2 ==>   52.424201558094254        4.5349589904194190     
 LTM d(wg2)/d(wg2)  0.83600825909480370     
 B before wg2 wg2 ==>    46.981800684530718        3.8879853468562322     
 Q value wg2 wg2 ==>   2.90936028119118281E-005  2.40764508324205215E-006
 B after wg2 wg2 ==>   44.945203281436591        3.8879877545013155     
 LTM d(wg2)/d(wg2)  0.83491615572200195     
 B before wg2 wg2 ==>    39.700365594483287        3.2854091892439801     
 Q value wg2 wg2 ==>   2.90936028119118281E-005  2.40764508324205215E-006
 B after wg2 wg2 ==>   37.979412850364774        3.2854115968890634     
 LTM d(wg2)/d(wg2)  0.83624808800594153     
 B before wg2 wg2 ==>    43.168349051671193        3.5724026349661653     
 Q value wg2 wg2 ==>   2.90936028119118281E-005  2.40764508324205215E-006
 B after wg2 wg2 ==>   41.297061869060826        3.5724050426112486     
 LTM d(wg2)/d(wg2)  0.83744690549278544     
 B before wg2 wg2 ==>    29.239744533393218        2.4197390614081780     
 Q value wg2 wg2 ==>   2.90936028119118281E-005  2.40764508324205215E-006
 B after wg2 wg2 ==>   27.972251735929184        2.4197414690532613     
 LTM d(wg2)/d(wg2)  0.83745998632824192     
 B before wg2 wg2 ==>    34.789190897856692        2.8789842549476150     
 Q value wg2 wg2 ==>   2.90936028119118281E-005  2.40764508324205215E-006
 B after wg2 wg2 ==>   33.281133832009793        2.8789866625926983     
 LTM d(wg2)/d(wg2)  0.83737446449187802     
 B before wg2 wg2 ==>    45.569695566072355        3.7711263944790718     
 Q value wg2 wg2 ==>   2.90936028119118281E-005  2.40764508324205215E-006
 B after wg2 wg2 ==>   43.594311843117012        3.7711288021241551     
 LTM d(wg2)/d(wg2)  0.84024942694375648     
 B before wg2 wg2 ==>    42.376197279183224        3.5068480065984726     
 Q value wg2 wg2 ==>   2.90936028119118281E-005  2.40764508324205215E-006
 B after wg2 wg2 ==>   40.539249271885382        3.5068504142435559     
 LTM d(wg2)/d(wg2)  0.83882284963054465     
 B before wg2 wg2 ==>    37.806992416934470        3.1287228327573446     
 Q value wg2 wg2 ==>   2.90936028119118281E-005  2.40764508324205215E-006
 B after wg2 wg2 ==>   36.168115956343890        3.1287252404024279     
 LTM d(wg2)/d(wg2)  0.84845022250951296     
 B before wg2 wg2 ==>    37.942185158378159        3.1399107265816752     
 Q value wg2 wg2 ==>   2.90936028119118281E-005  2.40764508324205215E-006
 B after wg2 wg2 ==>   36.297448195532020        3.1399131342267586     
 LTM d(wg2)/d(wg2)  0.96946526112923326     
 B before wg2 wg2 ==>    9.2326333233277804       0.80698586535474282     
 Q value wg2 wg2 ==>   3.07286077929626550E-005  2.68585909160881841E-006
 B after wg2 wg2 ==>   9.3288011100616028       0.80698855121383439     
 LTM d(wg2)/d(wg2)  0.94924613034201599     
 B before wg2 wg2 ==>    25.212242480921446        2.2036966706554506     
 Q value wg2 wg2 ==>   3.07286077929626550E-005  2.68585909160881841E-006
 B after wg2 wg2 ==>   25.474801312078974        2.2036993565145422     
 LTM d(wg2)/d(wg2)  0.95087370214234523     
 B before wg2 wg2 ==>    57.655030900931230        5.0393851216948855     
 Q value wg2 wg2 ==>   3.07286077929626550E-005  2.68585909160881841E-006
 B after wg2 wg2 ==>   58.255407096455123        5.0393878075539771     
 LTM d(wg2)/d(wg2)  0.85112274463471649     
 B before wg2 wg2 ==>    51.058070067828027        4.2253175776601681     
 Q value wg2 wg2 ==>   2.90936028119118281E-005  2.40764508324205215E-006
 B after wg2 wg2 ==>   48.844769495170212        4.2253199853052514     
 LTM d(wg2)/d(wg2)  0.85073657632812516     
 B before wg2 wg2 ==>    50.695085769495577        4.1952787623637562     
 Q value wg2 wg2 ==>   2.90936028119118281E-005  2.40764508324205215E-006
 B after wg2 wg2 ==>   48.497520289390771        4.1952811700088395     
 LTM d(wg2)/d(wg2)  0.86133422669978887     
 B before wg2 wg2 ==>    56.047612210094854        4.6382278206479919     
 Q value wg2 wg2 ==>   2.90936028119118281E-005  2.40764508324205215E-006
 B after wg2 wg2 ==>   53.618018790153002        4.6382302282930752     
 LTM d(wg2)/d(wg2)  0.95426459271497621     
 B before wg2 wg2 ==>    62.345638464813248        5.4493715114299528     
 Q value wg2 wg2 ==>   3.07286077929626550E-005  2.68585909160881841E-006
 B after wg2 wg2 ==>   62.994856599075369        5.4493741972890444     
 LTM d(wg2)/d(wg2)  0.94781776793284778     
 B before wg2 wg2 ==>    133.41236967752698        11.661017265921338     
 Q value wg2 wg2 ==>   3.07286077929626550E-005  2.68585909160881841E-006
 B after wg2 wg2 ==>   134.80158511170075        11.661019951780430     
 LTM d(wg2)/d(wg2)  0.94421966226668552     
 B before wg2 wg2 ==>    99.265495880707562        8.6763818390534055     
 Q value wg2 wg2 ==>   3.07286077929626550E-005  2.68585909160881841E-006
 B after wg2 wg2 ==>   100.29914980278031        8.6763845249124980     
 LTM d(wg2)/d(wg2)  0.97447277551489275     
 B before wg2 wg2 ==>    98.695199105129660        8.6265345830396818     
 Q value wg2 wg2 ==>   3.07286077929626550E-005  2.68585909160881841E-006
 B after wg2 wg2 ==>   99.722914691966281        8.6265372688987743     
 LTM d(wg2)/d(wg2)  0.97133521607586193     
 B before wg2 wg2 ==>    109.43604501589230        9.5653470028980916     
 Q value wg2 wg2 ==>   3.07286077929626550E-005  2.68585909160881841E-006
 B after wg2 wg2 ==>   110.57560192196649        9.5653496887571841     
 LTM d(wg2)/d(wg2)  0.91289579437292301     
 B before wg2 wg2 ==>    90.811364057388815        7.7031608785896859     
 Q value wg2 wg2 ==>   2.98216255695461067E-005  2.52964793346903053E-006
 B after wg2 wg2 ==>   89.048697463752930        7.7031634082376197     
 LTM d(wg2)/d(wg2)  0.87562399193188356     
 B before wg2 wg2 ==>    102.48979732075131        8.5549846885524126     
 Q value wg2 wg2 ==>   2.93454751906339301E-005  2.44951300028902855E-006
 B after wg2 wg2 ==>   98.895793986301584        8.5549871380654121     
 LTM d(wg2)/d(wg2)  0.87409914109248465     
 B before wg2 wg2 ==>    102.17393090396195        8.5286188216085623     
 Q value wg2 wg2 ==>   2.93454751906339267E-005  2.44951300028902770E-006
 B after wg2 wg2 ==>   98.591004124730972        8.5286212711215619     
 LTM d(wg2)/d(wg2)  0.86657898224655472     
 B before wg2 wg2 ==>    152.02593950455326        12.689844440358918     
 Q value wg2 wg2 ==>   2.93454751906339267E-005  2.44951300028902770E-006
 B after wg2 wg2 ==>   146.69484167363424        12.689846889871918     
 LTM d(wg2)/d(wg2)  0.80389826302458500     
 B before wg2 wg2 ==>    40.370700811128934        3.2722008817325787     
 Q value wg2 wg2 ==>   2.84954954799046985E-005  2.30966972485765470E-006
 B after wg2 wg2 ==>   37.826723462663189        3.2722031914023035     
 LTM d(wg2)/d(wg2)  0.78201944356989983     
 B before wg2 wg2 ==>    68.113168757442764        5.5208348229680260     
 Q value wg2 wg2 ==>   2.84954954799046985E-005  2.30966972485765470E-006
 B after wg2 wg2 ==>   63.820969323483304        5.5208371326377508     
 LTM d(wg2)/d(wg2)  0.85129188993606908     
 B before wg2 wg2 ==>    122.57545426499861        10.231566086013727     
 Q value wg2 wg2 ==>   2.93454751906339301E-005  2.44951300028902855E-006
 B after wg2 wg2 ==>   118.27710290105637        10.231568535526726     
 LTM d(wg2)/d(wg2)  0.85534559389827369     
 B before wg2 wg2 ==>    70.468291607281898        5.8820992087832131     
 Q value wg2 wg2 ==>   2.93454751906339301E-005  2.44951300028902855E-006
 B after wg2 wg2 ==>   67.997193264850637        5.8821016582962136     
 LTM d(wg2)/d(wg2)  0.85149783719457639     
 B before wg2 wg2 ==>    61.928604061949770        5.1402482548921720     
 Q value wg2 wg2 ==>   2.91806759490782810E-005  2.42207814782610668E-006
 B after wg2 wg2 ==>   59.421383548983322        5.1402506769703198     
 LTM d(wg2)/d(wg2)  0.84805361746602781     
 B before wg2 wg2 ==>    90.715315529573147        7.5071583544168057     
 Q value wg2 wg2 ==>   2.90936028119118281E-005  2.40764508324205215E-006
 B after wg2 wg2 ==>   86.782903605254106        7.5071607620618890     
 LTM d(wg2)/d(wg2)  0.83928377298924750     
 B before wg2 wg2 ==>    51.999965165049190        4.3032642353641029     
 Q value wg2 wg2 ==>   2.90936028119118281E-005  2.40764508324205215E-006
 B after wg2 wg2 ==>   49.745834158132674        4.3032666430091862     
 LTM d(wg2)/d(wg2)  0.83900699627102293     
 B before wg2 wg2 ==>    50.008455573304552        4.1384565864870719     
 Q value wg2 wg2 ==>   2.90936028119118281E-005  2.40764508324205215E-006
 B after wg2 wg2 ==>   47.840654988641212        4.1384589941321552     
 LTM d(wg2)/d(wg2)  0.83414655781560187     
 B before wg2 wg2 ==>    45.958816330530524        3.8033281366074663     
 Q value wg2 wg2 ==>   2.90936028119118281E-005  2.40764508324205215E-006
 B after wg2 wg2 ==>   43.966564519144981        3.8033305442525496     
 LTM d(wg2)/d(wg2)  0.83477230546538950     
 B before wg2 wg2 ==>    40.573190179310529        3.3576399072398857     
 Q value wg2 wg2 ==>   2.90936028119118281E-005  2.40764508324205215E-006
 B after wg2 wg2 ==>   38.814401154978533        3.3576423148849690     
 LTM d(wg2)/d(wg2)  0.83588182696281998     
 B before wg2 wg2 ==>    44.569997440461904        3.6883962392482861     
 Q value wg2 wg2 ==>   2.90936028119118281E-005  2.40764508324205215E-006
 B after wg2 wg2 ==>   42.637949868970466        3.6883986468933694     
 LTM d(wg2)/d(wg2)  0.83960886883675823     
 B before wg2 wg2 ==>    38.532183656238317        3.1887361330353441     
 Q value wg2 wg2 ==>   2.90936028119118281E-005  2.40764508324205215E-006
 B after wg2 wg2 ==>   36.861870708390569        3.1887385406804274     
 LTM d(wg2)/d(wg2)  0.83590997583950122     
 B before wg2 wg2 ==>    33.152793301270528        2.7435639478402161     
 Q value wg2 wg2 ==>   2.90936028119118281E-005  2.40764508324205215E-006
 B after wg2 wg2 ==>   31.715672823463667        2.7435663554852994     
 LTM d(wg2)/d(wg2)  0.83724105489438549     
 B before wg2 wg2 ==>    44.848928791788381        3.7114792414094451     
 Q value wg2 wg2 ==>   2.90936028119118281E-005  2.40764508324205215E-006
 B after wg2 wg2 ==>   42.904789758905302        3.7114816490545284     
 LTM d(wg2)/d(wg2)  0.91214361474787409     
 B before wg2 wg2 ==>    37.687917787373479        3.2290287465581025     
 Q value wg2 wg2 ==>   3.01212029042410758E-005  2.58072708095562267E-006
 B after wg2 wg2 ==>   37.327655993498439        3.2290313272851834     
 LTM d(wg2)/d(wg2)  0.97209167259412421     
 B before wg2 wg2 ==>    58.301961144870745        5.0959305886756443     
 Q value wg2 wg2 ==>   3.07286077929626550E-005  2.68585909160881841E-006
 B after wg2 wg2 ==>   58.909073637753153        5.0959332745347359     
 LTM d(wg2)/d(wg2)  0.94843566119561384     
 B before wg2 wg2 ==>    17.895031387655603        1.5418682811846360     
 Q value wg2 wg2 ==>   3.02912610691424041E-005  2.60994985858543572E-006
 B after wg2 wg2 ==>   17.824053215069405        1.5418708911344947     
 LTM d(wg2)/d(wg2)  0.97634275531055548     
 B before wg2 wg2 ==>    2.8426426230203017       0.24846350295708286     
 Q value wg2 wg2 ==>   3.07286077929626550E-005  2.68585909160881841E-006
 B after wg2 wg2 ==>   2.8722732863491558       0.24846618881617447     
 LTM d(wg2)/d(wg2)  0.84627277590464078     
 B before wg2 wg2 ==>    28.006322964572416        2.3176670906407679     
 Q value wg2 wg2 ==>   2.90936028119118281E-005  2.40764508324205215E-006
 B after wg2 wg2 ==>   26.792298051618641        2.3176694982858512     
 LTM d(wg2)/d(wg2)  0.89916598740006770     
 B before wg2 wg2 ==>    53.413704215985724        4.5332300949872000     
 Q value wg2 wg2 ==>   2.98371687315400340E-005  2.53228554784537707E-006
 B after wg2 wg2 ==>   52.404244771328422        4.5332326272727475     
 LTM d(wg2)/d(wg2)  0.84706865834993283     
 B before wg2 wg2 ==>    51.082335684282761        4.2273256820715321     
 Q value wg2 wg2 ==>   2.90936028119118281E-005  2.40764508324205215E-006
 B after wg2 wg2 ==>   48.867983215654441        4.2273280897166154     
 LTM d(wg2)/d(wg2)  0.85400641093360230     
 B before wg2 wg2 ==>    53.058247402105408        4.3908425267569990     
 Q value wg2 wg2 ==>   2.90936028119118281E-005  2.40764508324205215E-006
 B after wg2 wg2 ==>   50.758240667164870        4.3908449344020823     
 LTM d(wg2)/d(wg2)  0.86617514987120503     
 B before wg2 wg2 ==>    59.110383109092687        4.8916878456487387     
 Q value wg2 wg2 ==>   2.90936028119118281E-005  2.40764508324205215E-006
 B after wg2 wg2 ==>   56.548020906077284        4.8916902532938220     
 LTM d(wg2)/d(wg2)  0.93511752686833449     
 B before wg2 wg2 ==>    56.026081752897298        4.8382609319829033     
 Q value wg2 wg2 ==>   3.03599869147065149E-005  2.62180637997838445E-006
 B after wg2 wg2 ==>   55.930407368815587        4.8382635537892833     
 LTM d(wg2)/d(wg2)  0.95143279970290684     
 B before wg2 wg2 ==>    100.86953604176081        8.8165842809895221     
 Q value wg2 wg2 ==>   3.07286077929626550E-005  2.68585909160881841E-006
 B after wg2 wg2 ==>   101.91989236969737        8.8165869668486145     
 LTM d(wg2)/d(wg2)  0.94430858762231462     
 B before wg2 wg2 ==>    101.36199779232234        8.8596283029942615     
 Q value wg2 wg2 ==>   3.07286077929626550E-005  2.68585909160881841E-006
 B after wg2 wg2 ==>   102.41748198191100        8.8596309888533540     
 LTM d(wg2)/d(wg2)  0.97092176147888054     
 B before wg2 wg2 ==>    95.960833657585596        8.3875351351457503     
 Q value wg2 wg2 ==>   3.07286077929626550E-005  2.68585909160881841E-006
 B after wg2 wg2 ==>   96.960077088553703        8.3875378210048428     
 LTM d(wg2)/d(wg2)  0.96883490476552403     
 B before wg2 wg2 ==>    107.27169059558094        9.3761698349501081     
 Q value wg2 wg2 ==>   3.07286077929626550E-005  2.68585909160881841E-006
 B after wg2 wg2 ==>   108.38871070560792        9.3761725208092006     
 LTM d(wg2)/d(wg2)  0.95515392075444161     
 B before wg2 wg2 ==>    132.26641386451615        11.360937871235306     
 Q value wg2 wg2 ==>   3.01972330212823327E-005  2.59377175364728646E-006
 B after wg2 wg2 ==>   131.33266124021901        11.360940465007060     
 LTM d(wg2)/d(wg2)  0.88737156944785445     
 B before wg2 wg2 ==>    107.77334908299355        8.9960110697998701     
 Q value wg2 wg2 ==>   2.93454751906339267E-005  2.44951300028902770E-006
 B after wg2 wg2 ==>   103.99406630845445        8.9960135193128696     
 LTM d(wg2)/d(wg2)  0.87265175292127317     
 B before wg2 wg2 ==>    100.24003094207922        8.3671931480722854     
 Q value wg2 wg2 ==>   2.93454751906339267E-005  2.44951300028902770E-006
 B after wg2 wg2 ==>   96.724920646579335        8.3671955975852850     
 LTM d(wg2)/d(wg2)  0.86629874744918223     
 B before wg2 wg2 ==>    98.080154812612605        8.1869048881694102     
 Q value wg2 wg2 ==>   2.93454751906339301E-005  2.44951300028902855E-006
 B after wg2 wg2 ==>   94.640785355461233        8.1869073376824097     
 LTM d(wg2)/d(wg2)  0.80133256216152626     
 B before wg2 wg2 ==>    76.920840027755531        6.2347305225141483     
 Q value wg2 wg2 ==>   2.84954954799046985E-005  2.30966972485765470E-006
 B after wg2 wg2 ==>   72.073615515770328        6.2347328321838731     
 LTM d(wg2)/d(wg2)  0.78623616967038845     
 B before wg2 wg2 ==>    79.041885031458733        6.4066493941676930     
 Q value wg2 wg2 ==>   2.84954954799046985E-005  2.30966972485765470E-006
 B after wg2 wg2 ==>   74.061000539151109        6.4066517038374178     
 LTM d(wg2)/d(wg2)  0.87164284879650267     
 B before wg2 wg2 ==>    19.144796502410085        1.5980462955838874     
 Q value wg2 wg2 ==>   2.93454751906339301E-005  2.44951300028902855E-006
 B after wg2 wg2 ==>   18.473470143744496        1.5980487450968877     
 LTM d(wg2)/d(wg2)  0.85594347115218228     
 B before wg2 wg2 ==>    93.748695167907215        7.8253511344472866     
 Q value wg2 wg2 ==>   2.93454751906339301E-005  2.44951300028902855E-006
 B after wg2 wg2 ==>   90.461217932854595        7.8253535839602870     
 LTM d(wg2)/d(wg2)  0.86024481562280075     
 B before wg2 wg2 ==>    101.14300463035011        8.4425657830004948     
 Q value wg2 wg2 ==>   2.93454751906339267E-005  2.44951300028902770E-006
 B after wg2 wg2 ==>   97.596229563327810        8.4425682325134943     
 LTM d(wg2)/d(wg2)  0.84728828063109851     
 B before wg2 wg2 ==>    89.126857020929620        7.3757052530943481     
 Q value wg2 wg2 ==>   2.90936028119118281E-005  2.40764508324205215E-006
 B after wg2 wg2 ==>   85.263303561742404        7.3757076607394314     
 LTM d(wg2)/d(wg2)  0.84235120268106167     
 B before wg2 wg2 ==>    62.932688552426519        5.2080032558365801     
 Q value wg2 wg2 ==>   2.90936028119118281E-005  2.40764508324205215E-006
 B after wg2 wg2 ==>   60.204632322994421        5.2080056634816634     
 LTM d(wg2)/d(wg2)  0.83624294090438900     
 B before wg2 wg2 ==>    48.849191020897720        4.0425214897641473     
 Q value wg2 wg2 ==>   2.90936028119118281E-005  2.40764508324205215E-006
 B after wg2 wg2 ==>   46.731643670628671        4.0425238974092306     
 LTM d(wg2)/d(wg2)  0.83540554056374416     
 B before wg2 wg2 ==>    46.550998055913809        3.8523342163536674     
 Q value wg2 wg2 ==>   2.90936028119118281E-005  2.40764508324205215E-006
 B after wg2 wg2 ==>   44.533075618278268        3.8523366239987507     
 LTM d(wg2)/d(wg2)  0.83571355498153332     
 B before wg2 wg2 ==>    41.455178812330828        3.4306289972984492     
 Q value wg2 wg2 ==>   2.90936028119118281E-005  2.40764508324205215E-006
 B after wg2 wg2 ==>   39.658156253283870        3.4306314049435325     
 LTM d(wg2)/d(wg2)  0.84247913962490739     
 B before wg2 wg2 ==>    63.801979877386593        5.2799415784285202     
 Q value wg2 wg2 ==>   2.90936028119118281E-005  2.40764508324205215E-006
 B after wg2 wg2 ==>   61.036240531862099        5.2799439860736035     
 LTM d(wg2)/d(wg2)  0.84226853482612696     
 B before wg2 wg2 ==>    52.900713355904728        4.3778057751992652     
 Q value wg2 wg2 ==>   2.90936028119118281E-005  2.40764508324205215E-006
 B after wg2 wg2 ==>   50.607535601745475        4.3778081828443485     
 LTM d(wg2)/d(wg2)  0.83521653075583879     
 B before wg2 wg2 ==>    46.282224382132327        3.8300918141882008     
 Q value wg2 wg2 ==>   2.90936028119118281E-005  2.40764508324205215E-006
 B after wg2 wg2 ==>   44.275953078312192        3.8300942218332841     
 LTM d(wg2)/d(wg2)  0.83393928950759100     
 B before wg2 wg2 ==>    46.954169998051562        3.8856987656143618     
 Q value wg2 wg2 ==>   2.90936028119118281E-005  2.40764508324205215E-006
 B after wg2 wg2 ==>   44.918770364147584        3.8857011732594451     
 LTM d(wg2)/d(wg2)  0.92734442853465737     
 B before wg2 wg2 ==>    47.739948180315693        4.1226928414240769     
 Q value wg2 wg2 ==>   3.03599869147065250E-005  2.62180637997838615E-006
 B after wg2 wg2 ==>   47.658428308531491        4.1226954632304569     
 LTM d(wg2)/d(wg2)  0.96753217227245780     
 B before wg2 wg2 ==>    18.662160234278733        1.6311813757399474     
 Q value wg2 wg2 ==>   3.07286077929626550E-005  2.68585909160881841E-006
 B after wg2 wg2 ==>   18.856514955102178        1.6311840615990389     
 LTM d(wg2)/d(wg2)  0.88488052275651796     
 B before wg2 wg2 ==>    161.50550520571855        13.761931577381272     
 Q value wg2 wg2 ==>   2.99567439760672274E-005  2.55262296077550968E-006
 B after wg2 wg2 ==>   159.08818804860545        13.761934130004233     
 LTM d(wg2)/d(wg2)  0.87691521333153288     
 B before wg2 wg2 ==>   0.45537097195169596       3.85709232771589972E-002
 Q value wg2 wg2 ==>   2.97781172930465440E-005  2.52227205551911170E-006
 B after wg2 wg2 ==>  0.44590967383261221       3.85734455492145190E-002
 LTM d(wg2)/d(wg2)  0.92460904983836412     
 B before wg2 wg2 ==>    22.967970643012883        1.9834518419320455     
 Q value wg2 wg2 ==>   3.03599869147065250E-005  2.62180637997838615E-006
 B after wg2 wg2 ==>   22.928766678595302        1.9834544637384255     
 LTM d(wg2)/d(wg2)  0.83751682573855035     
 B before wg2 wg2 ==>    49.398505725850441        4.0879801033666707     
 Q value wg2 wg2 ==>   2.90936028119118281E-005  2.40764508324205215E-006
 B after wg2 wg2 ==>   47.257146001980473        4.0879825110117540     
 LTM d(wg2)/d(wg2)  0.84260356499742384     
 B before wg2 wg2 ==>    48.638925819425502        4.0251209642336958     
 Q value wg2 wg2 ==>   2.90936028119118281E-005  2.40764508324205215E-006
 B after wg2 wg2 ==>   46.530493305310642        4.0251233718787791     
 LTM d(wg2)/d(wg2)  0.84329202001686299     
 B before wg2 wg2 ==>    48.409023190432173        4.0060953407006226     
 Q value wg2 wg2 ==>   2.90936028119118281E-005  2.40764508324205215E-006
 B after wg2 wg2 ==>   46.310556779980779        4.0060977483457059     
 LTM d(wg2)/d(wg2)  0.84134706813238647     
 B before wg2 wg2 ==>    49.992185156484425        4.1371101259159104     
 Q value wg2 wg2 ==>   2.90936028119118281E-005  2.40764508324205215E-006
 B after wg2 wg2 ==>   47.825089881983864        4.1371125335609937     
 LTM d(wg2)/d(wg2)  0.83667008081318006     
 B before wg2 wg2 ==>    48.816339238963948        4.0398028360532292     
 Q value wg2 wg2 ==>   2.90936028119118281E-005  2.40764508324205215E-006
 B after wg2 wg2 ==>   46.700215988391868        4.0398052436983125     
 LTM d(wg2)/d(wg2)  0.84650560413534359     
 B before wg2 wg2 ==>    75.103145556126393        6.2151710911577380     
 Q value wg2 wg2 ==>   2.90936028119118281E-005  2.40764508324205215E-006
 B after wg2 wg2 ==>   71.847509295697236        6.2151734988028213     
 LTM d(wg2)/d(wg2)  0.85997086746950679     
 B before wg2 wg2 ==>    97.272624974681520        8.0498093951585830     
 Q value wg2 wg2 ==>   2.90936028119118281E-005  2.40764508324205215E-006
 B after wg2 wg2 ==>   93.055958685940837        8.0498118028036654     
 LTM d(wg2)/d(wg2)  0.93560793350147986     
 B before wg2 wg2 ==>    113.73143078760164        9.8215388458735973     
 Q value wg2 wg2 ==>   3.03599869147065250E-005  2.62180637997838615E-006
 B after wg2 wg2 ==>   113.53718315878668        9.8215414676799764     
 LTM d(wg2)/d(wg2)  0.95072147915176763     
 B before wg2 wg2 ==>    111.11437933607915        9.7120431865652641     
 Q value wg2 wg2 ==>   3.07286077929626550E-005  2.68585909160881841E-006
 B after wg2 wg2 ==>   112.27141225158974        9.7120458724243566     
 LTM d(wg2)/d(wg2)  0.96816732226929725     
 B before wg2 wg2 ==>    107.24052760025627        9.3734460078610820     
 Q value wg2 wg2 ==>   3.07286077929626550E-005  2.68585909160881841E-006
 B after wg2 wg2 ==>   108.35722321903391        9.3734486937201744     
 LTM d(wg2)/d(wg2)  0.97178597738438255     
 B before wg2 wg2 ==>    96.720665885225628        8.4539488923343118     
 Q value wg2 wg2 ==>   3.07286077929626550E-005  2.68585909160881841E-006
 B after wg2 wg2 ==>   97.727821229225952        8.4539515781934043     
 LTM d(wg2)/d(wg2)  0.94280542826326275     
 B before wg2 wg2 ==>    119.83973071826348        10.474689659038656     
 Q value wg2 wg2 ==>   3.07286077929626550E-005  2.68585909160881841E-006
 B after wg2 wg2 ==>   121.08761819192549        10.474692344897749     
 LTM d(wg2)/d(wg2)  0.88864400292260881     
 B before wg2 wg2 ==>    160.32867246096845        13.382886627699552     
 Q value wg2 wg2 ==>   2.93454751906339301E-005  2.44951300028902855E-006
 B after wg2 wg2 ==>   154.70642091705486        13.382889077212551     
 LTM d(wg2)/d(wg2)  0.86368417059804281     
 B before wg2 wg2 ==>    97.208345828943877        8.1141336201837113     
 Q value wg2 wg2 ==>   2.93454751906339301E-005  2.44951300028902855E-006
 B after wg2 wg2 ==>   93.799548283950799        8.1141360696967109     
 LTM d(wg2)/d(wg2)  0.82866133141204701     
 B before wg2 wg2 ==>    143.34759452914366        11.717025093756831     
 Q value wg2 wg2 ==>   2.87362103846563453E-005  2.34885628379372450E-006
 B after wg2 wg2 ==>   135.44903263975530        11.717027442613116     
 LTM d(wg2)/d(wg2)  0.80904546893041807     
 B before wg2 wg2 ==>    131.69636167203015        10.674497646208655     
 Q value wg2 wg2 ==>   2.84954954799046985E-005  2.30966972485765470E-006
 B after wg2 wg2 ==>   123.39739750702380        10.674499955878380     
 LTM d(wg2)/d(wg2)  0.82817651992505215     
 B before wg2 wg2 ==>    192.31940765546921        15.588229152837327     
 Q value wg2 wg2 ==>   2.84954954799046985E-005  2.30966972485765470E-006
 B after wg2 wg2 ==>   180.20021566923069        15.588231462507052     
 LTM d(wg2)/d(wg2)  0.87643839170583271     
 B before wg2 wg2 ==>    85.335948459962509        7.1231259261185293     
 Q value wg2 wg2 ==>   2.93454751906339267E-005  2.44951300028902770E-006
 B after wg2 wg2 ==>   82.343482813667379        7.1231283756315298     
 LTM d(wg2)/d(wg2)  0.85559229732717867     
 B before wg2 wg2 ==>    61.226721213822898        5.1106907829592174     
 Q value wg2 wg2 ==>   2.93454751906339267E-005  2.44951300028902770E-006
 B after wg2 wg2 ==>   59.079698997660095        5.1106932324722179     
 LTM d(wg2)/d(wg2)  0.85822486212629134     
 B before wg2 wg2 ==>    66.628926187988796        5.5616213345513383     
 Q value wg2 wg2 ==>   2.93454751906339301E-005  2.44951300028902855E-006
 B after wg2 wg2 ==>   64.292463694167665        5.5616237840643388     
 LTM d(wg2)/d(wg2)  0.83654425313203717     
 B before wg2 wg2 ==>    46.565049920702457        3.8534970803477724     
 Q value wg2 wg2 ==>   2.90936028119118281E-005  2.40764508324205215E-006
 B after wg2 wg2 ==>   44.546518345443033        3.8534994879928557     
 LTM d(wg2)/d(wg2)  0.83602163853050682     
 B before wg2 wg2 ==>    48.340405835217467        4.0004169020769904     
 Q value wg2 wg2 ==>   2.90936028119118281E-005  2.40764508324205215E-006
 B after wg2 wg2 ==>   46.244913934793104        4.0004193097220737     
 LTM d(wg2)/d(wg2)  0.83704173429302275     
 B before wg2 wg2 ==>    41.051006380271417        3.3971816523573333     
 Q value wg2 wg2 ==>   2.90936028119118281E-005  2.40764508324205215E-006
 B after wg2 wg2 ==>   39.271504387968108        3.3971840600024166     
 LTM d(wg2)/d(wg2)  0.83559640738694252     
 B before wg2 wg2 ==>    42.256454307082237        3.4969386605509736     
 Q value wg2 wg2 ==>   2.90936028119118281E-005  2.40764508324205215E-006
 B after wg2 wg2 ==>   40.424697066319581        3.4969410681960569     
 LTM d(wg2)/d(wg2)  0.84086354624530024     
 B before wg2 wg2 ==>    38.187120414882941        3.1601803772622334     
 Q value wg2 wg2 ==>   2.90936028119118281E-005  2.40764508324205215E-006
 B after wg2 wg2 ==>   36.531765695433258        3.1601827849073167     
 LTM d(wg2)/d(wg2)  0.83479974242620825     
 B before wg2 wg2 ==>    27.556591752160426        2.2804495225951600     
 Q value wg2 wg2 ==>   2.90936028119118281E-005  2.40764508324205215E-006
 B after wg2 wg2 ==>   26.362062344339492        2.2804519302402433     
 LTM d(wg2)/d(wg2)  0.91667822004800348     
 B before wg2 wg2 ==>    94.968441740523431        8.0599876846461989     
 Q value wg2 wg2 ==>   2.98371687315400510E-005  2.53228554784538003E-006
 B after wg2 wg2 ==>   93.173621323005364        8.0599902169317463     
 LTM d(wg2)/d(wg2)  0.97301583531632818     
 B before wg2 wg2 ==>    48.013872674933864        4.1966918031624232     
 Q value wg2 wg2 ==>   3.07286077929626550E-005  2.68585909160881841E-006
 B after wg2 wg2 ==>   48.513858280747016        4.1966944890215148     
 LTM d(wg2)/d(wg2)  0.97298753377561864     
 B before wg2 wg2 ==>    65.429083839634714        5.7188825758179735     
 Q value wg2 wg2 ==>   3.07286077929626550E-005  2.68585909160881841E-006
 B after wg2 wg2 ==>   66.110408997997368        5.7188852616770651     
 LTM d(wg2)/d(wg2)  0.96066377721768192     
 B before wg2 wg2 ==>    29.773359749810279        2.6023648552695491     
 Q value wg2 wg2 ==>   3.07286077929626550E-005  2.68585909160881841E-006
 B after wg2 wg2 ==>   30.083412174748780        2.6023675411286407     
 LTM d(wg2)/d(wg2)  0.89612167253518049     
 B before wg2 wg2 ==>    122.17988466840382        10.410983890593549     
 Q value wg2 wg2 ==>   2.99567439760672274E-005  2.55262296077550968E-006
 B after wg2 wg2 ==>   120.35117690607639        10.410986443216510     
 LTM d(wg2)/d(wg2)  0.88873277669868322     
 B before wg2 wg2 ==>    165.18710782312777        14.075642018714882     
 Q value wg2 wg2 ==>   2.99567439760672274E-005  2.55262296077550968E-006
 B after wg2 wg2 ==>   162.71468598212496        14.075644571337843     
 LTM d(wg2)/d(wg2)  0.80639979552506980     
 B before wg2 wg2 ==>    39.875826392214378        3.2999294715785572     
 Q value wg2 wg2 ==>   2.90936028119118349E-005  2.40764508324205300E-006
 B after wg2 wg2 ==>   38.147267556305110        3.2999318792236405     
 LTM d(wg2)/d(wg2)  0.84431730697951668     
 B before wg2 wg2 ==>    43.076509177161903        3.5648024135794447     
 Q value wg2 wg2 ==>   2.90936028119118349E-005  2.40764508324205300E-006
 B after wg2 wg2 ==>   41.209203183082558        3.5648048212245280     
 LTM d(wg2)/d(wg2)  0.84198880427798717     
 B before wg2 wg2 ==>    47.066486495334395        3.8949935327216951     
 Q value wg2 wg2 ==>   2.90936028119118281E-005  2.40764508324205215E-006
 B after wg2 wg2 ==>   45.026218026915828        3.8949959403667784     
 LTM d(wg2)/d(wg2)  0.83899277504739322     
 B before wg2 wg2 ==>    46.664271500198346        3.8617081757411209     
 Q value wg2 wg2 ==>   2.90936028119118281E-005  2.40764508324205215E-006
 B after wg2 wg2 ==>   44.641438745125377        3.8617105833862042     
 LTM d(wg2)/d(wg2)  0.83856614466023827     
 B before wg2 wg2 ==>    46.231826320053955        3.8259211156620547     
 Q value wg2 wg2 ==>   2.90936028119118281E-005  2.40764508324205215E-006
 B after wg2 wg2 ==>   44.227739733795822        3.8259235233071380     
 LTM d(wg2)/d(wg2)  0.83889099108602294     
 B before wg2 wg2 ==>    46.729529373311117        3.8671085999635366     
 Q value wg2 wg2 ==>   2.90936028119118281E-005  2.40764508324205215E-006
 B after wg2 wg2 ==>   44.703867739198586        3.8671110076086199     
 LTM d(wg2)/d(wg2)  0.84252378670567896     
 B before wg2 wg2 ==>    40.819063824861026        3.3779872144343757     
 Q value wg2 wg2 ==>   2.90936028119118281E-005  2.40764508324205215E-006
 B after wg2 wg2 ==>   39.049616365475892        3.3779896220794590     
 LTM d(wg2)/d(wg2)  0.83426137822010915     
 B before wg2 wg2 ==>    38.361079062010397        3.1745763489179812     
 Q value wg2 wg2 ==>   2.90936028119118281E-005  2.40764508324205215E-006
 B after wg2 wg2 ==>   36.698183367853211        3.1745787565630645     
 LTM d(wg2)/d(wg2)  0.85513886086646729     
 B before wg2 wg2 ==>    58.990261330467682        4.8817471514154906     
 Q value wg2 wg2 ==>   2.90936028119118281E-005  2.40764508324205215E-006
 B after wg2 wg2 ==>   56.433106314961435        4.8817495590605740     
 LTM d(wg2)/d(wg2)  0.86401033439548880     
 B before wg2 wg2 ==>    56.627819051889283        4.6862429172635887     
 Q value wg2 wg2 ==>   2.90936028119118281E-005  2.40764508324205215E-006
 B after wg2 wg2 ==>   54.173074107770020        4.6862453249086720     
 LTM d(wg2)/d(wg2)  0.96696486201942522     
 B before wg2 wg2 ==>    139.29767875158524        12.175427518087313     
 Q value wg2 wg2 ==>   3.07286077929626550E-005  2.68585909160881841E-006
 B after wg2 wg2 ==>   140.74817620548373        12.175430203946405     
 LTM d(wg2)/d(wg2)  0.96762368678337807     
 B before wg2 wg2 ==>    92.205581166328400        8.0593042203940684     
 Q value wg2 wg2 ==>   3.07286077929626550E-005  2.68585909160881841E-006
 B after wg2 wg2 ==>   93.165722240165451        8.0593069062531608     
 LTM d(wg2)/d(wg2)  0.97432571297351578     
 B before wg2 wg2 ==>    97.761386174666981        8.5449139002530234     
 Q value wg2 wg2 ==>   3.07286077929626550E-005  2.68585909160881841E-006
 B after wg2 wg2 ==>   98.779378237776356        8.5449165861121159     
 LTM d(wg2)/d(wg2)  0.94021605987195500     
 B before wg2 wg2 ==>    97.273666535502628        8.5022843663726846     
 Q value wg2 wg2 ==>   3.07286077929626550E-005  2.68585909160881841E-006
 B after wg2 wg2 ==>   98.286580115193161        8.5022870522317771     
 LTM d(wg2)/d(wg2)  0.94176830596929451     
 B before wg2 wg2 ==>    150.88954176469065        13.048859333369693     
 Q value wg2 wg2 ==>   3.04029660090152940E-005  2.62923475099118717E-006
 B after wg2 wg2 ==>   150.84506190166397        13.048861962604445     
 LTM d(wg2)/d(wg2)  0.86910413334688386     
 B before wg2 wg2 ==>    135.99101477370752        11.351384036098750     
 Q value wg2 wg2 ==>   2.93454751906339301E-005  2.44951300028902855E-006
 B after wg2 wg2 ==>   131.22221707907892        11.351386485611750     
 LTM d(wg2)/d(wg2)  0.82316920462525933     
 B before wg2 wg2 ==>    71.142033185035231        5.7663359574909210     
 Q value wg2 wg2 ==>   2.84954954799046985E-005  2.30966972485765470E-006
 B after wg2 wg2 ==>   66.658966532754377        5.7663382671606458     
 LTM d(wg2)/d(wg2)  0.81387282506118330     
 B before wg2 wg2 ==>    144.63196730168059        11.722978333851772     
 Q value wg2 wg2 ==>   2.84954954799046985E-005  2.30966972485765470E-006
 B after wg2 wg2 ==>   135.51785174153684        11.722980643521497     
 LTM d(wg2)/d(wg2)  0.81864426639586008     
 B before wg2 wg2 ==>    165.18864708603357        13.389176451901561     
 Q value wg2 wg2 ==>   2.84954954799046985E-005  2.30966972485765470E-006
 B after wg2 wg2 ==>   154.77912977313397        13.389178761571285     
 LTM d(wg2)/d(wg2)  0.79546321891789928     
 B before wg2 wg2 ==>    40.822929087852245        3.3749434730371801     
 Q value wg2 wg2 ==>   2.90646357635494531E-005  2.40285312588173632E-006
 B after wg2 wg2 ==>   39.014430608769175        3.3749458758903059     
 LTM d(wg2)/d(wg2)  0.87989693378190970     
 B before wg2 wg2 ==>    109.69949328920848        9.1567893582039623     
 Q value wg2 wg2 ==>   2.93454751906339267E-005  2.44951300028902770E-006
 B after wg2 wg2 ==>   105.85266600368168        9.1567918077169619     
 LTM d(wg2)/d(wg2)  0.85301757698188785     
 B before wg2 wg2 ==>    52.387146561589297        4.3728375743465877     
 Q value wg2 wg2 ==>   2.93454751906339267E-005  2.44951300028902770E-006
 B after wg2 wg2 ==>   50.550103601028383        4.3728400238595881     
 LTM d(wg2)/d(wg2)  0.85907520260646164     
 B before wg2 wg2 ==>    50.822445689607925        4.2422295299178083     
 Q value wg2 wg2 ==>   2.93454751906339267E-005  2.44951300028902770E-006
 B after wg2 wg2 ==>   49.040272429300501        4.2422319794308088     
 LTM d(wg2)/d(wg2)  0.84428783763756554     
 B before wg2 wg2 ==>    41.616737857135149        3.4439988381665985     
 Q value wg2 wg2 ==>   2.90936028119118281E-005  2.40764508324205215E-006
 B after wg2 wg2 ==>   39.812711836686553        3.4440012458116818     
 LTM d(wg2)/d(wg2)  0.83128900227003844     
 B before wg2 wg2 ==>    15.284061711112976        1.2648346190958093     
 Q value wg2 wg2 ==>   2.90936028119118281E-005  2.40764508324205215E-006
 B after wg2 wg2 ==>   14.621537122626250        1.2648370267408926     
 LTM d(wg2)/d(wg2)  0.83486971340099503     
 B before wg2 wg2 ==>    22.865873998648869        1.8922685328040174     
 Q value wg2 wg2 ==>   2.90936028119118281E-005  2.40764508324205215E-006
 B after wg2 wg2 ==>   21.874683628716465        1.8922709404491007     
 LTM d(wg2)/d(wg2)  0.83781646836703239     
 B before wg2 wg2 ==>    31.582410132633196        2.6136066737542540     
 Q value wg2 wg2 ==>   2.90936028119118281E-005  2.40764508324205215E-006
 B after wg2 wg2 ==>   30.213364567751551        2.6136090813993373     
 LTM d(wg2)/d(wg2)  0.83978264681047055     
 B before wg2 wg2 ==>    36.604298837220554        3.0291937609347439     
 Q value wg2 wg2 ==>   2.90936028119118281E-005  2.40764508324205215E-006
 B after wg2 wg2 ==>   35.017558226242897        3.0291961685798272     
 LTM d(wg2)/d(wg2)  0.83404832794428085     
 B before wg2 wg2 ==>    36.019032962676143        2.9807600033714050     
 Q value wg2 wg2 ==>   2.90936028119118281E-005  2.40764508324205215E-006
 B after wg2 wg2 ==>   34.457663181088030        2.9807624110164883     
 LTM d(wg2)/d(wg2)  0.93404986927384193     
 B before wg2 wg2 ==>    130.47917204621655        11.179206018791735     
 Q value wg2 wg2 ==>   3.01212029042410758E-005  2.58072708095562267E-006
 B after wg2 wg2 ==>   129.23183784445925        11.179208599518816     
 LTM d(wg2)/d(wg2)  0.96873912081340330     
 B before wg2 wg2 ==>    72.308749979387002        6.3202054204187874     
 Q value wg2 wg2 ==>   3.07286077929626550E-005  2.68585909160881841E-006
 B after wg2 wg2 ==>   73.061711109755649        6.3202081062778790     
 LTM d(wg2)/d(wg2)  0.96493085270520662     
 B before wg2 wg2 ==>    87.104028046747416        7.6133987983238267     
 Q value wg2 wg2 ==>   3.07286077929626550E-005  2.68585909160881841E-006
 B after wg2 wg2 ==>   88.011048124734131        7.6134014841829183     
 LTM d(wg2)/d(wg2)  0.95690315031134976     
 B before wg2 wg2 ==>    46.571729027411557        4.0706400583778528     
 Q value wg2 wg2 ==>   3.07286077929626550E-005  2.68585909160881841E-006
 B after wg2 wg2 ==>   47.056698008890926        4.0706427442369444     
 LTM d(wg2)/d(wg2)  0.90412522415279051     
 B before wg2 wg2 ==>    87.903780921748222        7.4903070139765031     
 Q value wg2 wg2 ==>   2.99567439760672274E-005  2.55262296077550968E-006
 B after wg2 wg2 ==>   86.588103504683559        7.4903095665994641     
 LTM d(wg2)/d(wg2)  0.88659719278872895     
 B before wg2 wg2 ==>    125.14089414764629        10.663292378786617     
 Q value wg2 wg2 ==>   2.99567439760672274E-005  2.55262296077550968E-006
 B after wg2 wg2 ==>   123.26786723729990        10.663294931409578     
 LTM d(wg2)/d(wg2)  0.92044642531917253     
 B before wg2 wg2 ==>    99.810114315288274        8.5048491826207098     
 Q value wg2 wg2 ==>   2.99567439760672274E-005  2.55262296077550968E-006
 B after wg2 wg2 ==>   98.316227893581484        8.5048517352436708     
 LTM d(wg2)/d(wg2)  0.95425581225936096     
 B before wg2 wg2 ==>    153.96548452469926        13.006655464410121     
 Q value wg2 wg2 ==>   2.96992038561287700E-005  2.50892148533445407E-006
 B after wg2 wg2 ==>   150.35718308184019        13.006657973331606     
 LTM d(wg2)/d(wg2)  0.89455868083968737     
 B before wg2 wg2 ==>    54.994031816045293        4.6007714018705741     
 Q value wg2 wg2 ==>   2.94115314436394313E-005  2.46055305062454359E-006
 B after wg2 wg2 ==>   53.185022576047828        4.6007738624236243     
 LTM d(wg2)/d(wg2)  0.84380164671200264     
 B before wg2 wg2 ==>    37.611327894263837        3.1125305883997649     
 Q value wg2 wg2 ==>   2.90936028119118281E-005  2.40764508324205215E-006
 B after wg2 wg2 ==>   35.980933341534588        3.1125329960448482     
 LTM d(wg2)/d(wg2)  0.84457818075591518     
 B before wg2 wg2 ==>    40.123259186693936        3.3204058063560984     
 Q value wg2 wg2 ==>   2.90936028119118281E-005  2.40764508324205215E-006
 B after wg2 wg2 ==>   38.383974327814315        3.3204082140011817     
 LTM d(wg2)/d(wg2)  0.84450256182712702     
 B before wg2 wg2 ==>    15.738841268914115        1.3024699636551500     
 Q value wg2 wg2 ==>   2.90936028119118281E-005  2.40764508324205215E-006
 B after wg2 wg2 ==>   15.056602333371350        1.3024723713002333     
 LTM d(wg2)/d(wg2)  0.83995318440092193     
 B before wg2 wg2 ==>    15.747144156729972        1.3031570702729105     
 Q value wg2 wg2 ==>   2.90936028119118281E-005  2.40764508324205215E-006
 B after wg2 wg2 ==>   15.064545297331437        1.3031594779179938     
 LTM d(wg2)/d(wg2)  0.84072600918393903     
 B before wg2 wg2 ==>    18.113902067376625        1.4990184451473751     
 Q value wg2 wg2 ==>   2.90936028119118281E-005  2.40764508324205215E-006
 B after wg2 wg2 ==>   17.328706057231663        1.4990208527924584     
 LTM d(wg2)/d(wg2)  0.84670361191168009     
 B before wg2 wg2 ==>    17.045803580501541        1.4106278086569997     
 Q value wg2 wg2 ==>   2.90936028119118281E-005  2.40764508324205215E-006
 B after wg2 wg2 ==>   16.306908825325245        1.4106302163020830     
 LTM d(wg2)/d(wg2)  0.83744493378739371     
 B before wg2 wg2 ==>    9.4617432055236268       0.78300785416479246     
 Q value wg2 wg2 ==>   2.90936028119118281E-005  2.40764508324205215E-006
 B after wg2 wg2 ==>   9.0516116846694246       0.78301026180987565     
 LTM d(wg2)/d(wg2)  0.81293769725662102     
 B before wg2 wg2 ==>    62.429685093512518        5.1663771357394088     
 Q value wg2 wg2 ==>   2.90936028119118281E-005  2.40764508324205215E-006
 B after wg2 wg2 ==>   59.723433680478422        5.1663795433844921     
 LTM d(wg2)/d(wg2)  0.96865141275878830     
 B before wg2 wg2 ==>    86.757579985214591        7.5831172222072780     
 Q value wg2 wg2 ==>   3.07286077929626550E-005  2.68585909160881841E-006
 B after wg2 wg2 ==>   87.660992599825434        7.5831199080663696     
 LTM d(wg2)/d(wg2)  0.96512849496721731     
 B before wg2 wg2 ==>    142.34356442692118        12.441655646228401     
 Q value wg2 wg2 ==>   3.07286077929626550E-005  2.68585909160881841E-006
 B after wg2 wg2 ==>   143.82577780664215        12.441658332087494     
 LTM d(wg2)/d(wg2)  0.96919441193677502     
 B before wg2 wg2 ==>    79.429925576678883        6.9426375966434950     
 Q value wg2 wg2 ==>   3.07286077929626550E-005  2.68585909160881841E-006
 B after wg2 wg2 ==>   80.257037447123352        6.9426402825025866     
 LTM d(wg2)/d(wg2)  0.96993872521134972     
 B before wg2 wg2 ==>    80.822553383038994        7.0643613688410802     
 Q value wg2 wg2 ==>   3.07286077929626550E-005  2.68585909160881841E-006
 B after wg2 wg2 ==>   81.664166283696929        7.0643640547001718     
 LTM d(wg2)/d(wg2)  0.93735169021784459     
 B before wg2 wg2 ==>    137.35877034053300        11.798342529393436     
 Q value wg2 wg2 ==>   3.01972330212823327E-005  2.59377175364728646E-006
 B after wg2 wg2 ==>   136.38906638306028        11.798345123165189     
 LTM d(wg2)/d(wg2)  0.86278693914140681     
 B before wg2 wg2 ==>    92.409695001232933        7.7135826831153187     
 Q value wg2 wg2 ==>   2.93454751906339267E-005  2.44951300028902770E-006
 B after wg2 wg2 ==>   89.169172771510972        7.7135851326283191     
 LTM d(wg2)/d(wg2)  0.82200591666080736     
 B before wg2 wg2 ==>    145.81961106308216        11.819241437666189     
 Q value wg2 wg2 ==>   2.84954954799046985E-005  2.30966972485765470E-006
 B after wg2 wg2 ==>   136.63065482699716        11.819243747335914     
 LTM d(wg2)/d(wg2)  0.80038903222825064     
 B before wg2 wg2 ==>    91.021698198108069        7.3776594192424918     
 Q value wg2 wg2 ==>   2.84954954799046985E-005  2.30966972485765470E-006
 B after wg2 wg2 ==>   85.285892622407516        7.3776617289122166     
 LTM d(wg2)/d(wg2)  0.78535021209310596     
 B before wg2 wg2 ==>    136.56395717823816        11.069035020772652     
 Q value wg2 wg2 ==>   2.84954954799047053E-005  2.30966972485765555E-006
 B after wg2 wg2 ==>   127.95825613662552        11.069037330442377     
 LTM d(wg2)/d(wg2)  0.82446643875216108     
 B before wg2 wg2 ==>    47.224689153258154        3.9419191294075344     
 Q value wg2 wg2 ==>   2.93454751906339267E-005  2.44951300028902770E-006
 B after wg2 wg2 ==>   45.568679191169245        3.9419215789205349     
 LTM d(wg2)/d(wg2)  0.88826867968362588     
 B before wg2 wg2 ==>    112.11559286511236        9.3584649924447838     
 Q value wg2 wg2 ==>   2.93454751906339301E-005  2.44951300028902855E-006
 B after wg2 wg2 ==>   108.18403969882054        9.3584674419577834     
 LTM d(wg2)/d(wg2)  0.85784351998703134     
 B before wg2 wg2 ==>    133.53763754266188        11.146596777312853     
 Q value wg2 wg2 ==>   2.93454751906339267E-005  2.44951300028902770E-006
 B after wg2 wg2 ==>   128.85487295230686        11.146599226825852     
 LTM d(wg2)/d(wg2)  0.87287815061126028     
 B before wg2 wg2 ==>    118.34314201117914        9.8782883210545087     
 Q value wg2 wg2 ==>   2.93454751906339301E-005  2.44951300028902855E-006
 B after wg2 wg2 ==>   114.19320604656635        9.8782907705675083     
 LTM d(wg2)/d(wg2)  0.85362831434274833     
 B before wg2 wg2 ==>    45.417534792413534        3.7697830831883596     
 Q value wg2 wg2 ==>   2.91806759490782810E-005  2.42207814782610668E-006
 B after wg2 wg2 ==>   43.578783309040638        3.7697855052665075     
 LTM d(wg2)/d(wg2)  0.84097072933194883     
 B before wg2 wg2 ==>    22.840903530262526        1.8902020982745678     
 Q value wg2 wg2 ==>   2.90936028119118281E-005  2.40764508324205215E-006
 B after wg2 wg2 ==>   21.850795611094401        1.8902045059196511     
 LTM d(wg2)/d(wg2)  0.83722529954813707     
 B before wg2 wg2 ==>    37.623124035053635        3.1135067796455651     
 Q value wg2 wg2 ==>   2.90936028119118281E-005  2.40764508324205215E-006
 B after wg2 wg2 ==>   35.992218128615832        3.1135091872906484     
 LTM d(wg2)/d(wg2)  0.84503318003975592     
 B before wg2 wg2 ==>    59.535486928239365        4.9268673703935004     
 Q value wg2 wg2 ==>   2.90936028119118281E-005  2.40764508324205215E-006
 B after wg2 wg2 ==>   56.954696798810502        4.9268697780385837     
 LTM d(wg2)/d(wg2)  0.83458267892782634     
 B before wg2 wg2 ==>    25.525711733861026        2.1123837686792819     
 Q value wg2 wg2 ==>   2.90936028119118281E-005  2.40764508324205215E-006
 B after wg2 wg2 ==>   24.419219426264021        2.1123861763243652     
 LTM d(wg2)/d(wg2)  0.83188773924859338     
 B before wg2 wg2 ==>    55.901391121462161        4.6261272744423954     
 Q value wg2 wg2 ==>   2.90936028119118281E-005  2.40764508324205215E-006
 B after wg2 wg2 ==>   53.478136274217270        4.6261296820874787     
 LTM d(wg2)/d(wg2)  0.96765610668699042     
 B before wg2 wg2 ==>    125.36930587724777        10.958006697466068     
 Q value wg2 wg2 ==>   3.07286077929626550E-005  2.68585909160881841E-006
 B after wg2 wg2 ==>   126.67477121635370        10.958009383325161     
 LTM d(wg2)/d(wg2)  0.95925281809474250     
 B before wg2 wg2 ==>    171.14284343922495        14.958880178108744     
 Q value wg2 wg2 ==>   3.07286077929626550E-005  2.68585909160881841E-006
 B after wg2 wg2 ==>   172.92493537456312        14.958882863967837     
 LTM d(wg2)/d(wg2)  0.95682687226681706     
 B before wg2 wg2 ==>    143.51452850586497        12.544004719071811     
 Q value wg2 wg2 ==>   3.07286077929626550E-005  2.68585909160881841E-006
 B after wg2 wg2 ==>   145.00893479557243        12.544007404930904     
 LTM d(wg2)/d(wg2)  0.95587354564210714     
 B before wg2 wg2 ==>    70.212440489709522        6.1369757752747089     
 Q value wg2 wg2 ==>   3.07286077929626550E-005  2.68585909160881841E-006
 B after wg2 wg2 ==>   70.943573356196183        6.1369784611338005     
 LTM d(wg2)/d(wg2)  0.90489923358761093     
 B before wg2 wg2 ==>    112.70402785899519        9.6035433461858624     
 Q value wg2 wg2 ==>   2.99567439760672274E-005  2.55262296077550968E-006
 B after wg2 wg2 ==>   111.01715074715604        9.6035458988088234     
 LTM d(wg2)/d(wg2)  0.88861314779437106     
 B before wg2 wg2 ==>    141.65640739513600        12.070584117775832     
 Q value wg2 wg2 ==>   2.99567439760672274E-005  2.55262296077550968E-006
 B after wg2 wg2 ==>   139.53618320921311        12.070586670398793     
 LTM d(wg2)/d(wg2)  0.88430615745786767     
 B before wg2 wg2 ==>    43.186032777128780        3.6798945486122507     
 Q value wg2 wg2 ==>   2.99567439760672274E-005  2.55262296077550968E-006
 B after wg2 wg2 ==>   42.539671859383127        3.6798971012352113     
 LTM d(wg2)/d(wg2)  0.96033101138947952     
 B before wg2 wg2 ==>    163.12846283980534        13.900224274493000     
 Q value wg2 wg2 ==>   2.99567439760672274E-005  2.55262296077550968E-006
 B after wg2 wg2 ==>   160.68685393350404        13.900226827115961     
 LTM d(wg2)/d(wg2)  0.96049254740311074     
 B before wg2 wg2 ==>    73.628719056257950        6.2739247958872228     
 Q value wg2 wg2 ==>   2.99567439760672274E-005  2.55262296077550968E-006
 B after wg2 wg2 ==>   72.526704778143682        6.2739273485101839     
 LTM d(wg2)/d(wg2)  0.91163210578119547     
 B before wg2 wg2 ==>    6.6985213375024033       0.57078297237556030     
 Q value wg2 wg2 ==>   2.99567439760672274E-005  2.55262296077550968E-006
 B after wg2 wg2 ==>   6.5982901878893649       0.57078552499852109     
 LTM d(wg2)/d(wg2)  0.89709501809338787     
 B before wg2 wg2 ==>    14.590603230250668        1.2432695905422186     
 Q value wg2 wg2 ==>   2.99567439760672274E-005  2.55262296077550968E-006
 B after wg2 wg2 ==>   14.372246708856608        1.2432721431651794     
 LTM d(wg2)/d(wg2)  0.90512451221624235     
 B before wg2 wg2 ==>    17.672813188672141        1.5059056071962045     
 Q value wg2 wg2 ==>   2.99567439760672274E-005  2.55262296077550968E-006
 B after wg2 wg2 ==>   17.408323441319002        1.5059081598191653     
 LTM d(wg2)/d(wg2)  0.84672294563665229     
 B before wg2 wg2 ==>    17.481992893584451        1.4467247149699165     
 Q value wg2 wg2 ==>   2.90936028119118281E-005  2.40764508324205215E-006
 B after wg2 wg2 ==>   16.724189664285376        1.4467271226149998     
 LTM d(wg2)/d(wg2)  0.83980053922785836     
 B before wg2 wg2 ==>    24.148460267745214        1.9984091350727491     
 Q value wg2 wg2 ==>   2.90936028119118281E-005  2.40764508324205215E-006
 B after wg2 wg2 ==>   23.101670761034256        1.9984115427178324     
 LTM d(wg2)/d(wg2)  0.87195192422707835     
 B before wg2 wg2 ==>    24.332881286249314        2.0539404370934076     
 Q value wg2 wg2 ==>   2.96754184767961874E-005  2.50490442459868871E-006
 B after wg2 wg2 ==>   23.743614662800056        2.0539429419978323     
 LTM d(wg2)/d(wg2)  0.90646994014557181     
 B before wg2 wg2 ==>    54.986154484187487        4.6666842147362981     
 Q value wg2 wg2 ==>   2.98371687315400510E-005  2.53228554784538003E-006
 B after wg2 wg2 ==>   53.946976621222774        4.6666867470218456     
 LTM d(wg2)/d(wg2)  0.92575459719960684     
 B before wg2 wg2 ==>    51.239621928496575        4.3901128500475615     
 Q value wg2 wg2 ==>   3.01212029042410758E-005  2.58072708095562267E-006
 B after wg2 wg2 ==>   50.749807593065839        4.3901154307746424     
 LTM d(wg2)/d(wg2)  0.81492228502398056     
 B before wg2 wg2 ==>    54.584537131439312        4.5171508422375783     
 Q value wg2 wg2 ==>   2.90936028119118281E-005  2.40764508324205215E-006
 B after wg2 wg2 ==>   52.218366900545611        4.5171532498826616     
 LTM d(wg2)/d(wg2)  0.93517345027945120     
 B before wg2 wg2 ==>    118.07737194664770        10.232007294506214     
 Q value wg2 wg2 ==>   3.04646860373908176E-005  2.63992062679266189E-006
 B after wg2 wg2 ==>   118.28220547970284        10.232009934426841     
 LTM d(wg2)/d(wg2)  0.95999319716489218     
 B before wg2 wg2 ==>    104.94832975137226        9.1730945804982955     
 Q value wg2 wg2 ==>   3.07286077929626550E-005  2.68585909160881841E-006
 B after wg2 wg2 ==>   106.04115737748874        9.1730972663573880     
 LTM d(wg2)/d(wg2)  0.96200209358075484     
 B before wg2 wg2 ==>    130.25328450641368        11.384894843286087     
 Q value wg2 wg2 ==>   3.07286077929626550E-005  2.68585909160881841E-006
 B after wg2 wg2 ==>   131.60960530118410        11.384897529145180     
 LTM d(wg2)/d(wg2)  0.96278324617656674     
 B before wg2 wg2 ==>    126.13337630028042        11.024790897588588     
 Q value wg2 wg2 ==>   3.07286077929626550E-005  2.68585909160881841E-006
 B after wg2 wg2 ==>   127.44679768352034        11.024793583447680     
 LTM d(wg2)/d(wg2)  0.96542613214818962     
 B before wg2 wg2 ==>    142.05754284767497        12.416655696208188     
 Q value wg2 wg2 ==>   3.07286077929626550E-005  2.68585909160881841E-006
 B after wg2 wg2 ==>   143.53677796748798        12.416658382067281     
 LTM d(wg2)/d(wg2)  0.97381827713882085     
 B before wg2 wg2 ==>    110.14847483734606        9.6276175140119413     
 Q value wg2 wg2 ==>   3.07286077929626550E-005  2.68585909160881841E-006
 B after wg2 wg2 ==>   111.29545006891877        9.6276201998710338     
 LTM d(wg2)/d(wg2)  0.91327906029401618     
 B before wg2 wg2 ==>    132.03472679558396        11.272025294078546     
 Q value wg2 wg2 ==>   3.00134781858164159E-005  2.56230079377202546E-006
 B after wg2 wg2 ==>   130.30483000170003        11.272027856379340     
 LTM d(wg2)/d(wg2)  0.88236668307236821     
 B before wg2 wg2 ==>    81.749311229559510        6.8507062060683594     
 Q value wg2 wg2 ==>   2.94614274340215179E-005  2.46890867612477336E-006
 B after wg2 wg2 ==>   79.194306530998048        6.8507086749770352     
 LTM d(wg2)/d(wg2)  0.77776174386014207     
 B before wg2 wg2 ==>    128.19149091420749        10.390414364182881     
 Q value wg2 wg2 ==>   2.84954954799046985E-005  2.30966972485765470E-006
 B after wg2 wg2 ==>   120.11339002919063        10.390416673852606     
 LTM d(wg2)/d(wg2)  0.83121779780777250     
 B before wg2 wg2 ==>    120.96518535747855        10.097154405940115     
 Q value wg2 wg2 ==>   2.93454751906339301E-005  2.44951300028902855E-006
 B after wg2 wg2 ==>   116.72330163784154        10.097156855453115     
 LTM d(wg2)/d(wg2)  0.87634946832985816     
 B before wg2 wg2 ==>    89.531819852935058        7.4733619150694732     
 Q value wg2 wg2 ==>   2.93454751906339267E-005  2.44951300028902770E-006
 B after wg2 wg2 ==>   86.392216686774503        7.4733643645824737     
 LTM d(wg2)/d(wg2)  0.91333051449313407     
 B before wg2 wg2 ==>    95.129499267342752        8.1710866675878577     
 Q value wg2 wg2 ==>   3.01972330212823327E-005  2.59377175364728646E-006
 B after wg2 wg2 ==>   94.457928129373954        8.1710892613596116     
 LTM d(wg2)/d(wg2)  0.91305626662338291     
 B before wg2 wg2 ==>    99.060654858093017        8.4409875413401085     
 Q value wg2 wg2 ==>   2.99567440448829352E-005  2.55262297250312341E-006
 B after wg2 wg2 ==>   97.577986255366639        8.4409900939630802     
 LTM d(wg2)/d(wg2)  0.85547428207552578     
 B before wg2 wg2 ==>    152.82498196817431        12.721379297992311     
 Q value wg2 wg2 ==>   2.92645865345613878E-005  2.43602780455489945E-006
 B after wg2 wg2 ==>   147.05938499788937        12.721381734020115     
 LTM d(wg2)/d(wg2)  0.84641311875401071     
 B before wg2 wg2 ==>    135.71261968696859        11.230916419517754     
 Q value wg2 wg2 ==>   2.90936028119118281E-005  2.40764508324205215E-006
 B after wg2 wg2 ==>   129.82960893838799        11.230918827162837     
 LTM d(wg2)/d(wg2)  0.83964657174888724     
 B before wg2 wg2 ==>    66.772098130827175        5.5257341210632145     
 Q value wg2 wg2 ==>   2.90936028119118281E-005  2.40764508324205215E-006
 B after wg2 wg2 ==>   63.877606423765343        5.5257365287082978     
 LTM d(wg2)/d(wg2)  0.84226216177743907     
 B before wg2 wg2 ==>    59.010861793832099        4.8834519455811529     
 Q value wg2 wg2 ==>   2.90936028119118281E-005  2.40764508324205215E-006
 B after wg2 wg2 ==>   56.452813763947098        4.8834543532262362     
 LTM d(wg2)/d(wg2)  0.83822485609999986     
 B before wg2 wg2 ==>    52.588565284927391        4.3519739188564550     
 Q value wg2 wg2 ==>   2.90936028119118281E-005  2.40764508324205215E-006
 B after wg2 wg2 ==>   50.308918911628510        4.3519763265015383     
 LTM d(wg2)/d(wg2)  0.83922181868559564     
 B before wg2 wg2 ==>    78.481758891401981        6.4947687002074428     
 Q value wg2 wg2 ==>   2.90936028119118281E-005  2.40764508324205215E-006
 B after wg2 wg2 ==>   75.079662319120132        6.4947711078525261     
 LTM d(wg2)/d(wg2)  0.94005907201334582     
 B before wg2 wg2 ==>    118.98065303296073        10.274847485678720     
 Q value wg2 wg2 ==>   3.03599869147065250E-005  2.62180637997838615E-006
 B after wg2 wg2 ==>   118.77743859469558        10.274850107485099     
 LTM d(wg2)/d(wg2)  0.95469198063094929     
 B before wg2 wg2 ==>    83.840185720885785        7.3281199909155479     
 Q value wg2 wg2 ==>   3.07286077929626550E-005  2.68585909160881841E-006
 B after wg2 wg2 ==>   84.713220353541615        7.3281226767746395     
 LTM d(wg2)/d(wg2)  0.95578794533516032     
 B before wg2 wg2 ==>    102.79522588406338        8.9849007763353228     
 Q value wg2 wg2 ==>   3.07286077929626550E-005  2.68585909160881841E-006
 B after wg2 wg2 ==>   103.86563386288432        8.9849034621944153     
 LTM d(wg2)/d(wg2)  0.89212249305017310     
 B before wg2 wg2 ==>    110.87592830795232        9.4477704460234317     
 Q value wg2 wg2 ==>   2.99567439760672274E-005  2.55262296077550968E-006
 B after wg2 wg2 ==>   109.21641342347654        9.4477729986463928     
 LTM d(wg2)/d(wg2)  0.88844551145096851     
 B before wg2 wg2 ==>    155.34815077069689        13.237261595856378     
 Q value wg2 wg2 ==>   2.99567439760672274E-005  2.55262296077550968E-006
 B after wg2 wg2 ==>   153.02299431233334        13.237264148479339     
 LTM d(wg2)/d(wg2)  0.90351546873127209     
 B before wg2 wg2 ==>    142.65552088211788        12.155718871717312     
 Q value wg2 wg2 ==>   2.99567439760672274E-005  2.55262296077550968E-006
 B after wg2 wg2 ==>   140.52034238455641        12.155721424340273     
 LTM d(wg2)/d(wg2)  0.89652484299474644     
 B before wg2 wg2 ==>    61.166028684141146        5.2119752855426862     
 Q value wg2 wg2 ==>   2.99567439760672274E-005  2.55262296077550968E-006
 B after wg2 wg2 ==>   60.250550728584649        5.2119778381656472     
 LTM d(wg2)/d(wg2)  0.90308354393677870     
 B before wg2 wg2 ==>    50.937572219534822        4.3404055032690891     
 Q value wg2 wg2 ==>   2.99567439760672274E-005  2.55262296077550968E-006
 B after wg2 wg2 ==>   50.175189510460477        4.3404080558920501     
 LTM d(wg2)/d(wg2)  0.89651825466638113     
 B before wg2 wg2 ==>    67.881436873830111        5.7841971915573991     
 Q value wg2 wg2 ==>   2.99567439760672274E-005  2.55262296077550968E-006
 B after wg2 wg2 ==>   66.865445504975511        5.7841997441803601     
 LTM d(wg2)/d(wg2)  0.89964763287527405     
 B before wg2 wg2 ==>    42.909965825947189        3.6563708025449078     
 Q value wg2 wg2 ==>   2.99567439760672274E-005  2.55262296077550968E-006
 B after wg2 wg2 ==>   42.267736962542578        3.6563733551678683     
 LTM d(wg2)/d(wg2)  0.87579796150154676     
 B before wg2 wg2 ==>    52.424707711905512        4.4096453323434988     
 Q value wg2 wg2 ==>   2.95712843201975552E-005  2.48735532471740243E-006
 B after wg2 wg2 ==>   50.975602334768155        4.4096478196988231     
 LTM d(wg2)/d(wg2)  0.87136858840933951     
 B before wg2 wg2 ==>    50.183873729212628        4.2107996912534498     
 Q value wg2 wg2 ==>   2.94987045927177222E-005  2.47516038442218865E-006
 B after wg2 wg2 ==>   48.676943266673888        4.2108021664138340     
 LTM d(wg2)/d(wg2)  0.83493572364642643     
 B before wg2 wg2 ==>    46.520971617695899        3.8498493743487088     
 Q value wg2 wg2 ==>   2.90936028119118281E-005  2.40764508324205215E-006
 B after wg2 wg2 ==>   44.504350803261602        3.8498517819937921     
 LTM d(wg2)/d(wg2)  0.92158668515937348     
 B before wg2 wg2 ==>    50.915569105538225        4.3623486236809255     
 Q value wg2 wg2 ==>   3.01212029042410758E-005  2.58072708095562267E-006
 B after wg2 wg2 ==>   50.428852673247597        4.3623512044080064     
 LTM d(wg2)/d(wg2)  0.91507497007454097     
 B before wg2 wg2 ==>    52.580548443426181        4.5050008703451514     
 Q value wg2 wg2 ==>   3.01212029042410758E-005  2.58072708095562267E-006
 B after wg2 wg2 ==>   52.077915023676638        4.5050034510722323     
 LTM d(wg2)/d(wg2)  0.93394492632906034     
 B before wg2 wg2 ==>    51.739070290648868        4.4329046309018336     
 Q value wg2 wg2 ==>   3.01212029042410758E-005  2.58072708095562267E-006
 B after wg2 wg2 ==>   51.244481293373475        4.4329072116289145     
 LTM d(wg2)/d(wg2)  0.87717758551749359     
 B before wg2 wg2 ==>    48.507944822142512        4.0945594653764772     
 Q value wg2 wg2 ==>   2.96754184767961874E-005  2.50490442459868871E-006
 B after wg2 wg2 ==>   47.333204660856495        4.0945619702809015     
 LTM d(wg2)/d(wg2)  0.94627361606837235     
 B before wg2 wg2 ==>    76.729052074854749        6.6783983204856412     
 Q value wg2 wg2 ==>   3.05995492718352799E-005  2.66334553781895157E-006
 B after wg2 wg2 ==>   77.202426747801866        6.6784009838311791     
 LTM d(wg2)/d(wg2)  0.96261553880483208     
 B before wg2 wg2 ==>    127.16051614253610        11.114568895416003     
 Q value wg2 wg2 ==>   3.07286077929626550E-005  2.68585909160881841E-006
 B after wg2 wg2 ==>   128.48463283561978        11.114571581275095     
 LTM d(wg2)/d(wg2)  0.97292560850017318     
 B before wg2 wg2 ==>    129.81105978542934        11.346241829931479     
 Q value wg2 wg2 ==>   3.07286077929626550E-005  2.68585909160881841E-006
 B after wg2 wg2 ==>   131.16277582219422        11.346244515790572     
 LTM d(wg2)/d(wg2)  0.91168576296904369     
 B before wg2 wg2 ==>    148.53451908913414        12.726153636316953     
 Q value wg2 wg2 ==>   3.01212029042410758E-005  2.58072708095562267E-006
 B after wg2 wg2 ==>   147.11457810126922        12.726156217044034     
 LTM d(wg2)/d(wg2)  0.92805751774804457     
 B before wg2 wg2 ==>    44.087098791270165        3.7772983414077732     
 Q value wg2 wg2 ==>   3.01212029042410758E-005  2.58072708095562267E-006
 B after wg2 wg2 ==>   43.665661653372233        3.7773009221348541     
 LTM d(wg2)/d(wg2)  0.84321200765542337     
 B before wg2 wg2 ==>    63.018085446004307        5.2756826430239734     
 Q value wg2 wg2 ==>   2.94317443327805172E-005  2.46393621182622727E-006
 B after wg2 wg2 ==>   60.987007818286280        5.2756851069601849     
 LTM d(wg2)/d(wg2)  0.88103676930315500     
 B before wg2 wg2 ==>    160.00988712591408        13.356277114054107     
 Q value wg2 wg2 ==>   2.93454751906339301E-005  2.44951300028902855E-006
 B after wg2 wg2 ==>   154.39881449555057        13.356279563567107     
 LTM d(wg2)/d(wg2)  0.94474300455912807     
 B before wg2 wg2 ==>    96.687845729501930        8.4510802197855117     
 Q value wg2 wg2 ==>   3.07286077929626550E-005  2.68585909160881841E-006
 B after wg2 wg2 ==>   97.694659326721393        8.4510829056446042     
 LTM d(wg2)/d(wg2)  0.94860910337142912     
 B before wg2 wg2 ==>    99.164650187612139        8.6675673387846377     
 Q value wg2 wg2 ==>   3.07286077929626550E-005  2.68585909160881841E-006
 B after wg2 wg2 ==>   100.19725403267522        8.6675700246437302     
 LTM d(wg2)/d(wg2)  0.94145780302789661     
 B before wg2 wg2 ==>    78.606450825088416        6.8706611126071406     
 Q value wg2 wg2 ==>   3.07286077929626550E-005  2.68585909160881841E-006
 B after wg2 wg2 ==>   79.424988091321822        6.8706637984662322     
 LTM d(wg2)/d(wg2)  0.95962655459366286     
 B before wg2 wg2 ==>    163.79626772760130        14.193783098077253     
 Q value wg2 wg2 ==>   3.04646860373908176E-005  2.63992062679266189E-006
 B after wg2 wg2 ==>   164.08039983893789        14.193785737997880     
 LTM d(wg2)/d(wg2)  0.85457058116842188     
 B before wg2 wg2 ==>    141.71394623068213        11.727557019147650     
 Q value wg2 wg2 ==>   2.90936028119118281E-005  2.40764508324205215E-006
 B after wg2 wg2 ==>   135.57078255251201        11.727559426792732     
 LTM d(wg2)/d(wg2)  0.84832410853414386     
 B before wg2 wg2 ==>    116.45628077134018        9.6373554566083026     
 Q value wg2 wg2 ==>   2.90936028119118281E-005  2.40764508324205215E-006
 B after wg2 wg2 ==>   111.40801763157235        9.6373578642533850     
 LTM d(wg2)/d(wg2)  0.84489228131486460     
 B before wg2 wg2 ==>    57.905541593814021        4.7919810211244522     
 Q value wg2 wg2 ==>   2.90936028119118281E-005  2.40764508324205215E-006
 B after wg2 wg2 ==>   55.395408351780446        4.7919834287695355     
 LTM d(wg2)/d(wg2)  0.83999444710837612     
 B before wg2 wg2 ==>    67.593541623108337        5.5937127897120540     
 Q value wg2 wg2 ==>   2.90936028119118281E-005  2.40764508324205215E-006
 B after wg2 wg2 ==>   64.663440967016214        5.5937151973571373     
 LTM d(wg2)/d(wg2)  0.96588407176458213     
 B before wg2 wg2 ==>    122.58872212735263        10.714967501061409     
 Q value wg2 wg2 ==>   3.07286077929626550E-005  2.68585909160881841E-006
 B after wg2 wg2 ==>   123.86523405278683        10.714970186920501     
 LTM d(wg2)/d(wg2)  0.95545213090513925     
 B before wg2 wg2 ==>    151.11142294872687        13.208017489999429     
 Q value wg2 wg2 ==>   3.07286077929626550E-005  2.68585909160881841E-006
 B after wg2 wg2 ==>   152.68493350113926        13.208020175858522     
 LTM d(wg2)/d(wg2)  0.95599239316478446     
 B before wg2 wg2 ==>    81.530557329122146        7.1262450326990265     
 Q value wg2 wg2 ==>   3.07286077929626550E-005  2.68585909160881841E-006
 B after wg2 wg2 ==>   82.379542469919571        7.1262477185581181     
 LTM d(wg2)/d(wg2)  0.88730867935997138     
 B before wg2 wg2 ==>    120.25342161046503        10.246829407091971     
 Q value wg2 wg2 ==>   2.99567439760672274E-005  2.55262296077550968E-006
 B after wg2 wg2 ==>   118.45354833921790        10.246831959714932     
 LTM d(wg2)/d(wg2)  0.88510875251713628     
 B before wg2 wg2 ==>    114.07986134297043        9.7207785218179250     
 Q value wg2 wg2 ==>   2.99567439760672274E-005  2.55262296077550968E-006
 B after wg2 wg2 ==>   112.37239133257650        9.7207810744408860     
 LTM d(wg2)/d(wg2)  0.91157453584317094     
 B before wg2 wg2 ==>    127.92561593998863        10.900579341354508     
 Q value wg2 wg2 ==>   2.99567439760672274E-005  2.55262296077550968E-006
 B after wg2 wg2 ==>   126.01090848178458        10.900581893977469     
 LTM d(wg2)/d(wg2)  0.89901796371046272     
 B before wg2 wg2 ==>    70.734068149700008        6.0272707411804571     
 Q value wg2 wg2 ==>   2.99567439760672274E-005  2.55262296077550968E-006
 B after wg2 wg2 ==>   69.675379792319987        6.0272732938034181     
 LTM d(wg2)/d(wg2)  0.90386257918557589     
 B before wg2 wg2 ==>    42.152192985687329        3.5918007560590568     
 Q value wg2 wg2 ==>   2.99567439760672274E-005  2.55262296077550968E-006
 B after wg2 wg2 ==>   41.521306148340955        3.5918033086820174     
 LTM d(wg2)/d(wg2)  0.84229162680522007     
 B before wg2 wg2 ==>    31.276351367145626        2.5882787387207977     
 Q value wg2 wg2 ==>   2.90936028119118281E-005  2.40764508324205215E-006
 B after wg2 wg2 ==>   29.920573216374539        2.5882811463658810     
 LTM d(wg2)/d(wg2)  0.85786345380511597     
 B before wg2 wg2 ==>    25.363731696106420        2.1227778408028994     
 Q value wg2 wg2 ==>   2.94234733910165037E-005  2.46255157018128052E-006
 B after wg2 wg2 ==>   24.539375708073358        2.1227803033544697     
 LTM d(wg2)/d(wg2)  0.83745654146874604     
 B before wg2 wg2 ==>    48.650966263687046        4.0261173728467430     
 Q value wg2 wg2 ==>   2.90936028119118281E-005  2.40764508324205215E-006
 B after wg2 wg2 ==>   46.542011805494425        4.0261197804918263     
 LTM d(wg2)/d(wg2)  0.91343107559809267     
 B before wg2 wg2 ==>    53.380083373057140        4.5735034946137869     
 Q value wg2 wg2 ==>   3.01212029042410758E-005  2.58072708095562267E-006
 B after wg2 wg2 ==>   52.869806502630283        4.5735060753408678     
 LTM d(wg2)/d(wg2)  0.90759664764558767     
 B before wg2 wg2 ==>    50.143764196825053        4.2962218545919617     
 Q value wg2 wg2 ==>   3.01212029042410758E-005  2.58072708095562267E-006
 B after wg2 wg2 ==>   49.664426119792751        4.2962244353190426     
 LTM d(wg2)/d(wg2)  0.91283822524233860     
 B before wg2 wg2 ==>    50.253652861979106        4.3056369053439090     
 Q value wg2 wg2 ==>   3.01212029042410758E-005  2.58072708095562267E-006
 B after wg2 wg2 ==>   49.773264263498682        4.3056394860709899     
 LTM d(wg2)/d(wg2)  0.90888728995637691     
 B before wg2 wg2 ==>    50.119190288087310        4.2941164090702131     
 Q value wg2 wg2 ==>   3.01212029042410758E-005  2.58072708095562267E-006
 B after wg2 wg2 ==>   49.640087134449132        4.2941189897972940     
 LTM d(wg2)/d(wg2)  0.90781621628779974     
 B before wg2 wg2 ==>    50.799058856265702        4.3523662482604486     
 Q value wg2 wg2 ==>   3.01212029042410758E-005  2.58072708095562267E-006
 B after wg2 wg2 ==>   50.313456246912274        4.3523688289875295     
 LTM d(wg2)/d(wg2)  0.92340574625606420     
 B before wg2 wg2 ==>    64.337796079135003        5.5123393709832857     
 Q value wg2 wg2 ==>   3.01212029042410758E-005  2.58072708095562267E-006
 B after wg2 wg2 ==>   63.722764890289859        5.5123419517103667     
 LTM d(wg2)/d(wg2)  0.83306239530630544     
 B before wg2 wg2 ==>    32.984928697955766        2.7713945533306887     
 Q value wg2 wg2 ==>   2.95382902469546181E-005  2.48180790247348398E-006
 B after wg2 wg2 ==>   32.037395944383881        2.7713970351385910     
 LTM d(wg2)/d(wg2)  0.80642648530075234     
 B before wg2 wg2 ==>    27.526847495031195        2.2779880325248225     
 Q value wg2 wg2 ==>   2.90936028119118349E-005  2.40764508324205300E-006
 B after wg2 wg2 ==>   26.333607478076480        2.2779904401699058     
 LTM d(wg2)/d(wg2)  0.80699092235310199     
 B before wg2 wg2 ==>    41.074368795710278        3.3991150122449927     
 Q value wg2 wg2 ==>   2.90936028119118281E-005  2.40764508324205215E-006
 B after wg2 wg2 ==>   39.293854060511812        3.3991174198900760     
 LTM d(wg2)/d(wg2)  0.89830261279267443     
 B before wg2 wg2 ==>    10.175220363768041       0.87179342840155871     
 Q value wg2 wg2 ==>   3.01212029042410860E-005  2.58072708095562437E-006
 B after wg2 wg2 ==>   10.077976404341218       0.87179600912863964     
 LTM d(wg2)/d(wg2)  0.92132769354535304     
 B before wg2 wg2 ==>    42.967145273025999        3.7072498662892555     
 Q value wg2 wg2 ==>   3.03331771947047056E-005  2.61717799459656162E-006
 B after wg2 wg2 ==>   42.855900534187192        3.7072524834672502     
 LTM d(wg2)/d(wg2)  0.91531390785231537     
 B before wg2 wg2 ==>    130.05736384130978        11.143066298182539     
 Q value wg2 wg2 ==>   3.01212029042410758E-005  2.58072708095562267E-006
 B after wg2 wg2 ==>   128.81406207152011        11.143068878909620     
 LTM d(wg2)/d(wg2)  0.93826141614601488     
 B before wg2 wg2 ==>    155.99044880216954        13.364963440337858     
 Q value wg2 wg2 ==>   3.01212029042410758E-005  2.58072708095562267E-006
 B after wg2 wg2 ==>   154.49923008908829        13.364966021064939     
 LTM d(wg2)/d(wg2)  0.91954959732963826     
 B before wg2 wg2 ==>    58.452235098884813        5.0080757578521924     
 Q value wg2 wg2 ==>   3.01212029042410758E-005  2.58072708095562267E-006
 B after wg2 wg2 ==>   57.893469112964127        5.0080783385792733     
 LTM d(wg2)/d(wg2)  0.93438870335388624     
 B before wg2 wg2 ==>    44.018877180814172        3.7714532442458202     
 Q value wg2 wg2 ==>   3.01212029042410758E-005  2.58072708095562267E-006
 B after wg2 wg2 ==>   43.598092232702228        3.7714558249729011     
 LTM d(wg2)/d(wg2)  0.90773584343413394     
 B before wg2 wg2 ==>    49.811926398942184        4.2433866629120089     
 Q value wg2 wg2 ==>   2.99489646662547768E-005  2.55129737836253058E-006
 B after wg2 wg2 ==>   49.053650082639905        4.2433892142093876     
 LTM d(wg2)/d(wg2)  0.85182914521753283     
 B before wg2 wg2 ==>    31.789161981787188        2.6534913828055586     
 Q value wg2 wg2 ==>   2.93454751906339267E-005  2.44951300028902770E-006
 B after wg2 wg2 ==>   30.674432953529895        2.6534938323185591     
 LTM d(wg2)/d(wg2)  0.85762351589975083     
 B before wg2 wg2 ==>    83.085316782766355        6.9352621578087286     
 Q value wg2 wg2 ==>   2.93454751906339301E-005  2.44951300028902855E-006
 B after wg2 wg2 ==>   80.171774519029583        6.9352646073217290     
 LTM d(wg2)/d(wg2)  0.94662331340123174     
 B before wg2 wg2 ==>    142.05576700500927        12.416500477227849     
 Q value wg2 wg2 ==>   3.07286077929626550E-005  2.68585909160881841E-006
 B after wg2 wg2 ==>   143.53498363348669        12.416503163086942     
 LTM d(wg2)/d(wg2)  0.91145380696162182     
 B before wg2 wg2 ==>    97.685294832985107        8.3237927090081012     
 Q value wg2 wg2 ==>   2.99567440448829352E-005  2.55262297250312341E-006
 B after wg2 wg2 ==>   96.223212039167606        8.3237952616310729     
 LTM d(wg2)/d(wg2)  0.94553456722949769     
 B before wg2 wg2 ==>    95.165550343379053        8.3180227467467027     
 Q value wg2 wg2 ==>   3.07286077929626550E-005  2.68585909160881841E-006
 B after wg2 wg2 ==>   96.156512719412802        8.3180254326057952     
 LTM d(wg2)/d(wg2)  0.94235131928225480     
 B before wg2 wg2 ==>    94.709155970358111        8.2781312233689945     
 Q value wg2 wg2 ==>   3.07286077929626550E-005  2.68585909160881841E-006
 B after wg2 wg2 ==>   95.695366043901416        8.2781339092280870     
 LTM d(wg2)/d(wg2)  0.94464540974529110     
 B before wg2 wg2 ==>    99.447243261821356        8.6922676175185263     
 Q value wg2 wg2 ==>   3.07286077929626550E-005  2.68585909160881841E-006
 B after wg2 wg2 ==>   100.48278966676189        8.6922703033776187     
 LTM d(wg2)/d(wg2)  0.85345219521420124     
 B before wg2 wg2 ==>    143.20940707566632        11.851314086083789     
 Q value wg2 wg2 ==>   2.90936028119118281E-005  2.40764508324205215E-006
 B after wg2 wg2 ==>   137.00141631017223        11.851316493728872     
 LTM d(wg2)/d(wg2)  0.84039540082762121     
 B before wg2 wg2 ==>    37.642143336709054        3.1150807245575587     
 Q value wg2 wg2 ==>   2.90936028119118281E-005  2.40764508324205215E-006
 B after wg2 wg2 ==>   36.010412958046928        3.1150831322026420     
 LTM d(wg2)/d(wg2)  0.90882989507323342     
 B before wg2 wg2 ==>    128.08145395641765        10.973774116669063     
 Q value wg2 wg2 ==>   3.01212029042410758E-005  2.58072708095562267E-006
 B after wg2 wg2 ==>   126.85704162996346        10.973776697396143     
 LTM d(wg2)/d(wg2)  0.96755362990263372     
 B before wg2 wg2 ==>    130.88109063820698        11.439768751606497     
 Q value wg2 wg2 ==>   3.07286077929626550E-005  2.68585909160881841E-006
 B after wg2 wg2 ==>   132.24394859649217        11.439771437465589     
 LTM d(wg2)/d(wg2)  0.95639466430295383     
 B before wg2 wg2 ==>    116.44649994419666        10.178101548511195     
 Q value wg2 wg2 ==>   3.07286077929626550E-005  2.68585909160881841E-006
 B after wg2 wg2 ==>   117.65905468807163        10.178104234370288     
 LTM d(wg2)/d(wg2)  0.95635937394774384     
 B before wg2 wg2 ==>    39.731424688038835        3.4727576641262337     
 Q value wg2 wg2 ==>   3.07286077929626550E-005  2.68585909160881841E-006
 B after wg2 wg2 ==>   40.145167560545232        3.4727603499853252     
 LTM d(wg2)/d(wg2)  0.88515536636231351     
 B before wg2 wg2 ==>    66.144789946271842        5.6362169963270006     
 Q value wg2 wg2 ==>   2.99567439760672274E-005  2.55262296077550968E-006
 B after wg2 wg2 ==>   65.154791980268087        5.6362195489499616     
 LTM d(wg2)/d(wg2)  0.88620356061593497     
 B before wg2 wg2 ==>    97.784291126881669        8.3322281931924387     
 Q value wg2 wg2 ==>   2.99567439760672274E-005  2.55262296077550968E-006
 B after wg2 wg2 ==>   96.320726377015760        8.3322307458153997     
 LTM d(wg2)/d(wg2)  0.92902430345252429     
 B before wg2 wg2 ==>    63.615243101446389        5.4206735660524270     
 Q value wg2 wg2 ==>   2.99567439760672274E-005  2.55262296077550968E-006
 B after wg2 wg2 ==>   62.663106331707858        5.4206761186753880     
 LTM d(wg2)/d(wg2)  0.83394055237105336     
 B before wg2 wg2 ==>    48.549683638849110        4.0177357153639832     
 Q value wg2 wg2 ==>   2.90936028119118281E-005  2.40764508324205215E-006
 B after wg2 wg2 ==>   46.445119705214054        4.0177381230090665     
 LTM d(wg2)/d(wg2)  0.83910901333259391     
 B before wg2 wg2 ==>    47.982253655602570        3.9707779694265048     
 Q value wg2 wg2 ==>   2.90936028119118281E-005  2.40764508324205215E-006
 B after wg2 wg2 ==>   45.902287379069364        3.9707803770715882     
 LTM d(wg2)/d(wg2)  0.83831968074181351     
 B before wg2 wg2 ==>    52.947744681212136        4.3816978589630668     
 Q value wg2 wg2 ==>   2.90936028119118281E-005  2.40764508324205215E-006
 B after wg2 wg2 ==>   50.652528154962731        4.3817002666081502     
 LTM d(wg2)/d(wg2)  0.84025088758903754     
 B before wg2 wg2 ==>    63.683273153161466        5.2701179872158370     
 Q value wg2 wg2 ==>   2.90936028119118281E-005  2.40764508324205215E-006
 B after wg2 wg2 ==>   60.922679653616896        5.2701203948609203     
 LTM d(wg2)/d(wg2)  0.83701420805619531     
 B before wg2 wg2 ==>    46.281730904431299        3.8300509763735016     
 Q value wg2 wg2 ==>   2.90936028119118281E-005  2.40764508324205215E-006
 B after wg2 wg2 ==>   44.275480992493229        3.8300533840185849     
 LTM d(wg2)/d(wg2)  0.91173151653445494     
 B before wg2 wg2 ==>    43.003185058681126        3.6844306849597510     
 Q value wg2 wg2 ==>   3.01212029042410758E-005  2.58072708095562267E-006
 B after wg2 wg2 ==>   42.592109996092809        3.6844332656868319     
 LTM d(wg2)/d(wg2)  0.91083616578919824     
 B before wg2 wg2 ==>    43.884212960932622        3.7599154713292164     
 Q value wg2 wg2 ==>   3.01212029042410758E-005  2.58072708095562267E-006
 B after wg2 wg2 ==>   43.464715385372543        3.7599180520562974     
 LTM d(wg2)/d(wg2)  0.90865978907551426     
 B before wg2 wg2 ==>    14.019959021522583        1.2012032864609477     
 Q value wg2 wg2 ==>   3.01212029042410758E-005  2.58072708095562267E-006
 B after wg2 wg2 ==>   13.885959857027631        1.2012058671880286     
 LTM d(wg2)/d(wg2)  0.91070755292536754     
 B before wg2 wg2 ==>    13.861074671177031        1.1875903790687574     
 Q value wg2 wg2 ==>   3.01212029042410758E-005  2.58072708095562267E-006
 B after wg2 wg2 ==>   13.728594420553453        1.1875929597958383     
 LTM d(wg2)/d(wg2)  0.90898882635332134     
 B before wg2 wg2 ==>    18.085631051888132        1.5495422935186929     
 Q value wg2 wg2 ==>   3.01212029042410758E-005  2.58072708095562267E-006
 B after wg2 wg2 ==>   17.912764587813683        1.5495448742457738     
 LTM d(wg2)/d(wg2)  0.88671432944385586     
 B before wg2 wg2 ==>    44.036402523946748        3.6949812035695340     
 Q value wg2 wg2 ==>   2.94987045927177222E-005  2.47516038442218865E-006
 B after wg2 wg2 ==>   42.714072946818582        3.6949836787299182     
 LTM d(wg2)/d(wg2)  0.84306961144439585     
 B before wg2 wg2 ==>    81.405409278694748        6.7367157882182171     
 Q value wg2 wg2 ==>   2.90936028119118281E-005  2.40764508324205215E-006
 B after wg2 wg2 ==>   77.876574691440780        6.7367181958633005     
 LTM d(wg2)/d(wg2)  0.82375303657096699     
 B before wg2 wg2 ==>    79.994802959749720        6.6199808691999493     
 Q value wg2 wg2 ==>   2.90936028119118281E-005  2.40764508324205215E-006
 B after wg2 wg2 ==>   76.527117080818485        6.6199832768450326     
 LTM d(wg2)/d(wg2)  0.80202109784189723     
 B before wg2 wg2 ==>    39.865271088518902        3.2990559659763514     
 Q value wg2 wg2 ==>   2.90936028119118281E-005  2.40764508324205215E-006
 B after wg2 wg2 ==>   38.137169816976282        3.2990583736214347     
 LTM d(wg2)/d(wg2)  0.91268569119750820     
 B before wg2 wg2 ==>    36.383862692261324        3.1172997990219389     
 Q value wg2 wg2 ==>   3.01212029042410758E-005  2.58072708095562267E-006
 B after wg2 wg2 ==>   36.036067496693121        3.1173023797490198     
 LTM d(wg2)/d(wg2)  0.94088299787635898     
 B before wg2 wg2 ==>    124.69701001166382        10.683801429656198     
 Q value wg2 wg2 ==>   3.01212029042410758E-005  2.58072708095562267E-006
 B after wg2 wg2 ==>   123.50495253226278        10.683804010383279     
 LTM d(wg2)/d(wg2)  0.91459622883767566     
 B before wg2 wg2 ==>    83.361035272112971        7.1422141375684607     
 Q value wg2 wg2 ==>   3.01212029042410758E-005  2.58072708095562267E-006
 B after wg2 wg2 ==>   82.564144373196854        7.1422167182955416     
 LTM d(wg2)/d(wg2)  0.91216536333881204     
 B before wg2 wg2 ==>    55.130309693288318        4.7234595397551962     
 Q value wg2 wg2 ==>   3.01212029042410758E-005  2.58072708095562267E-006
 B after wg2 wg2 ==>   54.603300885259934        4.7234621204822771     
 LTM d(wg2)/d(wg2)  0.92016435244897787     
 B before wg2 wg2 ==>    52.786853136691477        4.5226766620633843     
 Q value wg2 wg2 ==>   3.01212029042410758E-005  2.58072708095562267E-006
 B after wg2 wg2 ==>   52.282247470715994        4.5226792427904652     
 LTM d(wg2)/d(wg2)  0.85740941490628209     
 B before wg2 wg2 ==>    49.042927884159909        4.0936903779574436     
 Q value wg2 wg2 ==>   2.93454751906339301E-005  2.44951300028902855E-006
 B after wg2 wg2 ==>   47.323157355473036        4.0936928274704441     
 LTM d(wg2)/d(wg2)  0.85902205815444999     
 B before wg2 wg2 ==>    58.776982766065068        4.9062072591413486     
 Q value wg2 wg2 ==>   2.93454751906339267E-005  2.44951300028902770E-006
 B after wg2 wg2 ==>   56.715866052183806        4.9062097086543490     
 LTM d(wg2)/d(wg2)  0.86275560518878081     
 B before wg2 wg2 ==>    65.578421438890075        5.4739340497802944     
 Q value wg2 wg2 ==>   2.93454751906339267E-005  2.44951300028902770E-006
 B after wg2 wg2 ==>   63.278797219866412        5.4739364992932948     
 LTM d(wg2)/d(wg2)  0.86928168216327295     
 B before wg2 wg2 ==>    82.703564836739460        6.9033967220437980     
 Q value wg2 wg2 ==>   2.93454751906339301E-005  2.44951300028902855E-006
 B after wg2 wg2 ==>   79.803409550171793        6.9033991715567984     
 LTM d(wg2)/d(wg2)  0.86695093373166043     
 B before wg2 wg2 ==>    76.776922983405456        6.4086905987491187     
 Q value wg2 wg2 ==>   2.93454751906339301E-005  2.44951300028902855E-006
 B after wg2 wg2 ==>   74.084598514743860        6.4086930482621192     
 LTM d(wg2)/d(wg2)  0.91536617063305836     
 B before wg2 wg2 ==>    89.443462607696489        7.6826882349367862     
 Q value wg2 wg2 ==>   3.01972330212823327E-005  2.59377175364728646E-006
 B after wg2 wg2 ==>   88.812034102978558        7.6826908287085400     
 LTM d(wg2)/d(wg2)  0.94724511112831178     
 B before wg2 wg2 ==>    144.73267378910077        12.650477703657483     
 Q value wg2 wg2 ==>   3.07286077929626550E-005  2.68585909160881841E-006
 B after wg2 wg2 ==>   146.23976427301713        12.650480389516575     
 LTM d(wg2)/d(wg2)  0.94202219206736326     
 B before wg2 wg2 ==>    143.47629984031573        12.540663311299053     
 Q value wg2 wg2 ==>   3.07286077929626550E-005  2.68585909160881841E-006
 B after wg2 wg2 ==>   144.97030806599517        12.540665997158145     
 LTM d(wg2)/d(wg2)  0.85460265729975615     
 B before wg2 wg2 ==>    141.18079590857437        11.683436091260159     
 Q value wg2 wg2 ==>   2.90936028119118281E-005  2.40764508324205215E-006
 B after wg2 wg2 ==>   135.06074389033438        11.683438498905241     
 LTM d(wg2)/d(wg2)  0.95547552987172457     
 B before wg2 wg2 ==>    115.44560607907626        9.9695703891089611     
 Q value wg2 wg2 ==>   3.03599869147065250E-005  2.62180637997838615E-006
 B after wg2 wg2 ==>   115.24843026728782        9.9695730109153402     
 LTM d(wg2)/d(wg2)  0.96809108635915753     
 B before wg2 wg2 ==>    152.77207850552560        13.353168446896346     
 Q value wg2 wg2 ==>   3.07286077929626550E-005  2.68585909160881841E-006
 B after wg2 wg2 ==>   154.36288098352884        13.353171132755438     
 LTM d(wg2)/d(wg2)  0.95843898058122012     
 B before wg2 wg2 ==>    127.02212441348881        11.102472653172635     
 Q value wg2 wg2 ==>   3.07286077929626550E-005  2.68585909160881841E-006
 B after wg2 wg2 ==>   128.34480007355916        11.102475339031727     
 LTM d(wg2)/d(wg2)  0.95695713242809310     
 B before wg2 wg2 ==>    46.480917715345214        4.0627026213882678     
 Q value wg2 wg2 ==>   3.07286077929626550E-005  2.68585909160881841E-006
 B after wg2 wg2 ==>   46.964941104919852        4.0627053072473593     
 LTM d(wg2)/d(wg2)  0.90275728405298861     
 B before wg2 wg2 ==>    63.609751742884747        5.4202056457750603     
 Q value wg2 wg2 ==>   2.99567439760672274E-005  2.55262296077550968E-006
 B after wg2 wg2 ==>   62.657697165498064        5.4202081983980213     
 LTM d(wg2)/d(wg2)  0.90629847459761437     
 B before wg2 wg2 ==>    51.590797643923040        4.3960670337140479     
 Q value wg2 wg2 ==>   2.99567439760672274E-005  2.55262296077550968E-006
 B after wg2 wg2 ==>   50.818637730663376        4.3960695863370089     
 LTM d(wg2)/d(wg2)  0.84549713912710311     
 B before wg2 wg2 ==>    53.430879954787009        4.4216797846627980     
 Q value wg2 wg2 ==>   2.90936028119118281E-005  2.40764508324205215E-006
 B after wg2 wg2 ==>   51.114719882824332        4.4216821923078813     
 LTM d(wg2)/d(wg2)  0.83337797027363203     
 B before wg2 wg2 ==>    45.127391258050871        3.7345234409229491     
 Q value wg2 wg2 ==>   2.90936028119118281E-005  2.40764508324205215E-006
 B after wg2 wg2 ==>   43.171181089586142        3.7345258485680324     
 LTM d(wg2)/d(wg2)  0.84064958832671555     
 B before wg2 wg2 ==>    58.438088557082338        4.8360520179685924     
 Q value wg2 wg2 ==>   2.90936028119118281E-005  2.40764508324205215E-006
 B after wg2 wg2 ==>   55.904869810264259        4.8360544256136757     
 LTM d(wg2)/d(wg2)  0.84421613161384590     
 B before wg2 wg2 ==>    106.23706518440406        8.7916628718314342     
 Q value wg2 wg2 ==>   2.90936028119118281E-005  2.40764508324205215E-006
 B after wg2 wg2 ==>   101.63179724806059        8.7916652794765167     
 LTM d(wg2)/d(wg2)  0.83333780318160200     
 B before wg2 wg2 ==>    38.883833559569396        3.2178369689218838     
 Q value wg2 wg2 ==>   2.90936028119118281E-005  2.40764508324205215E-006
 B after wg2 wg2 ==>   37.198276856549342        3.2178393765669671     
 LTM d(wg2)/d(wg2)  0.88019799240786611     
 B before wg2 wg2 ==>    14.762184514018777        1.2460771643311996     
 Q value wg2 wg2 ==>   2.96754184767961874E-005  2.50490442459868871E-006
 B after wg2 wg2 ==>   14.404701757051649        1.2460796692356242     
 LTM d(wg2)/d(wg2)  0.91000888800259416     
 B before wg2 wg2 ==>    13.173160524229651        1.1286512100706421     
 Q value wg2 wg2 ==>   3.01212029042410758E-005  2.58072708095562267E-006
 B after wg2 wg2 ==>   13.047256644015365        1.1286537907977230     
 LTM d(wg2)/d(wg2)  0.90875123064848362     
 B before wg2 wg2 ==>    14.733389473473135        1.2623286436912182     
 Q value wg2 wg2 ==>   3.01212029042410758E-005  2.58072708095562267E-006
 B after wg2 wg2 ==>   14.592570005988174        1.2623312244182991     
 LTM d(wg2)/d(wg2)  0.91093493498443623     
 B before wg2 wg2 ==>    31.223079533546851        2.6751337640539634     
 Q value wg2 wg2 ==>   3.01212029042410758E-005  2.58072708095562267E-006
 B after wg2 wg2 ==>   30.924620758525229        2.6751363447810443     
 LTM d(wg2)/d(wg2)  0.91110242407148889     
 B before wg2 wg2 ==>    18.812816465994146        1.6118461496105450     
 Q value wg2 wg2 ==>   3.01212029042410758E-005  2.58072708095562267E-006
 B after wg2 wg2 ==>   18.632998203267761        1.6118487303376259     
 LTM d(wg2)/d(wg2)  0.91454751136284551     
 B before wg2 wg2 ==>    23.147372351278349        1.9832226113219555     
 Q value wg2 wg2 ==>   3.01212029042410758E-005  2.58072708095562267E-006
 B after wg2 wg2 ==>   22.926116294042433        1.9832251920490365     
 LTM d(wg2)/d(wg2)  0.88562160401825141     
 B before wg2 wg2 ==>    66.268474763354874        5.5937272047546687     
 Q value wg2 wg2 ==>   2.96754184767961874E-005  2.50490442459868871E-006
 B after wg2 wg2 ==>   64.663608729468834        5.5937297096590930     
 LTM d(wg2)/d(wg2)  0.85569948165453213     
 B before wg2 wg2 ==>    70.287545528244209        5.8166554516562679     
 Q value wg2 wg2 ==>   2.90936028119118281E-005  2.40764508324205215E-006
 B after wg2 wg2 ==>   67.240661857073391        5.8166578593013512     
 LTM d(wg2)/d(wg2)  0.82243625608149096     
 B before wg2 wg2 ==>    62.252283888479418        5.1516962747329380     
 Q value wg2 wg2 ==>   2.90936028119118281E-005  2.40764508324205215E-006
 B after wg2 wg2 ==>   59.553722682413053        5.1516986823780213     
 LTM d(wg2)/d(wg2)  0.78521561678001583     
 B before wg2 wg2 ==>    37.995538419469625        3.1443259830066794     
 Q value wg2 wg2 ==>   2.90936028119118349E-005  2.40764508324205300E-006
 B after wg2 wg2 ==>   36.348488633437647        3.1443283906517627     
 LTM d(wg2)/d(wg2)  0.82744207050573748     
 B before wg2 wg2 ==>    112.85687332919142        9.3394860010204184     
 Q value wg2 wg2 ==>   2.90936028119118281E-005  2.40764508324205215E-006
 B after wg2 wg2 ==>   107.96464175745120        9.3394884086655008     
 LTM d(wg2)/d(wg2)  0.91348691657538650     
 B before wg2 wg2 ==>    61.287504418931960        5.2509962128987642     
 Q value wg2 wg2 ==>   3.01212029042410860E-005  2.58072708095562437E-006
 B after wg2 wg2 ==>   60.701633624451283        5.2509987936258451     
 LTM d(wg2)/d(wg2)  0.91459695222252291     
 B before wg2 wg2 ==>    59.788500474511245        5.1225644206451690     
 Q value wg2 wg2 ==>   3.01212029042410758E-005  2.58072708095562267E-006
 B after wg2 wg2 ==>   59.216959964161568        5.1225670013722500     
 LTM d(wg2)/d(wg2)  0.91370483748798970     
 B before wg2 wg2 ==>    53.294125997880833        4.5661388310367519     
 Q value wg2 wg2 ==>   3.01212029042410758E-005  2.58072708095562267E-006
 B after wg2 wg2 ==>   52.784670868860339        4.5661414117638328     
 LTM d(wg2)/d(wg2)  0.90892646825329737     
 B before wg2 wg2 ==>    62.220246451285512        5.3309117670714503     
 Q value wg2 wg2 ==>   3.01212029042410758E-005  2.58072708095562267E-006
 B after wg2 wg2 ==>   61.625458763427510        5.3309143477985312     
 LTM d(wg2)/d(wg2)  0.85977419197989302     
 B before wg2 wg2 ==>    68.324478210597590        5.7031517304664208     
 Q value wg2 wg2 ==>   2.93454751906339471E-005  2.44951300028903109E-006
 B after wg2 wg2 ==>   65.928557431227674        5.7031541799794212     
 LTM d(wg2)/d(wg2)  0.85570078255230497     
 B before wg2 wg2 ==>    21.852710650286642        1.8240801514270961     
 Q value wg2 wg2 ==>   2.93454751906339267E-005  2.44951300028902770E-006
 B after wg2 wg2 ==>   21.086425286825442        1.8240826009400963     
 LTM d(wg2)/d(wg2)  0.86404449494675784     
 B before wg2 wg2 ==>    50.717760716120132        4.2334913104196588     
 Q value wg2 wg2 ==>   2.93454751906339267E-005  2.44951300028902770E-006
 B after wg2 wg2 ==>   48.939258466175886        4.2334937599326592     
 LTM d(wg2)/d(wg2)  0.86522514381842641     
 B before wg2 wg2 ==>    108.37622121463677        9.0463337554738583     
 Q value wg2 wg2 ==>   2.93454751906339301E-005  2.44951300028902855E-006
 B after wg2 wg2 ==>   104.57579739406980        9.0463362049868579     
 LTM d(wg2)/d(wg2)  0.85772124354271961     
 B before wg2 wg2 ==>    52.710641541409558        4.3998402094530347     
 Q value wg2 wg2 ==>   2.93454751906339301E-005  2.44951300028902855E-006
 B after wg2 wg2 ==>   50.862254513177895        4.3998426589660351     
 LTM d(wg2)/d(wg2)  0.86254939459501367     
 B before wg2 wg2 ==>    112.83598300312227        9.4185970910689178     
 Q value wg2 wg2 ==>   2.93454751906339301E-005  2.44951300028902855E-006
 B after wg2 wg2 ==>   108.87916776172972        9.4185995405819174     
 LTM d(wg2)/d(wg2)  0.94760455418610900     
 B before wg2 wg2 ==>    140.82033696408990        12.308516704262715     
 Q value wg2 wg2 ==>   3.07286077929626550E-005  2.68585909160881841E-006
 B after wg2 wg2 ==>   142.28668941718021        12.308519390121807     
 LTM d(wg2)/d(wg2)  0.97335884988887456     
 B before wg2 wg2 ==>    148.80115975539911        13.006087046433104     
 Q value wg2 wg2 ==>   3.07286077929626550E-005  2.68585909160881841E-006
 B after wg2 wg2 ==>   150.35061420594815        13.006089732292196     
 LTM d(wg2)/d(wg2)  0.97097869778326518     
 B before wg2 wg2 ==>    94.393921933968869        8.2505779346445216     
 Q value wg2 wg2 ==>   3.07286077929626550E-005  2.68585909160881841E-006
 B after wg2 wg2 ==>   95.376849566744355        8.2505806205036141     
 LTM d(wg2)/d(wg2)  0.95600416364815233     
 B before wg2 wg2 ==>    79.596350214033151        6.9571840781605658     
 Q value wg2 wg2 ==>   3.07286077929626550E-005  2.68585909160881841E-006
 B after wg2 wg2 ==>   80.425195016050225        6.9571867640196574     
 LTM d(wg2)/d(wg2)  0.97086362385634917     
 B before wg2 wg2 ==>    172.57704449634636        15.084237694284493     
 Q value wg2 wg2 ==>   3.07286077929626550E-005  2.68585909160881841E-006
 B after wg2 wg2 ==>   174.37407035212368        15.084240380143585     
 LTM d(wg2)/d(wg2)  0.96124643436906143     
 B before wg2 wg2 ==>    110.91145163551221        9.6943061249587235     
 Q value wg2 wg2 ==>   3.07286077929626550E-005  2.68585909160881841E-006
 B after wg2 wg2 ==>   112.06637152361975        9.6943088108178159     
 LTM d(wg2)/d(wg2)  0.92254320567115944     
 B before wg2 wg2 ==>    66.949486230081661        5.7047854032321270     
 Q value wg2 wg2 ==>   2.99567439760672274E-005  2.55262296077550968E-006
 B after wg2 wg2 ==>   65.947443907596622        5.7047879558550880     
 LTM d(wg2)/d(wg2)  0.84563158611537981     
 B before wg2 wg2 ==>    56.322404960569209        4.6609683323291113     
 Q value wg2 wg2 ==>   2.90936028119118281E-005  2.40764508324205215E-006
 B after wg2 wg2 ==>   53.880899484426919        4.6609707399741946     
 LTM d(wg2)/d(wg2)  0.84341733398691598     
 B before wg2 wg2 ==>    88.438312419457731        7.3187246503465886     
 Q value wg2 wg2 ==>   2.90936028119118281E-005  2.40764508324205215E-006
 B after wg2 wg2 ==>   84.604606843721157        7.3187270579916719     
 LTM d(wg2)/d(wg2)  0.83787103037129851     
 B before wg2 wg2 ==>    44.158382709227048        3.6543330058201513     
 Q value wg2 wg2 ==>   2.90936028119118281E-005  2.40764508324205215E-006
 B after wg2 wg2 ==>   42.244178322473680        3.6543354134652346     
 LTM d(wg2)/d(wg2)  0.84174066266911707     
 B before wg2 wg2 ==>    62.598136364593337        5.1803173437365277     
 Q value wg2 wg2 ==>   2.90936028119118281E-005  2.40764508324205215E-006
 B after wg2 wg2 ==>   59.884582717403923        5.1803197513816110     
 LTM d(wg2)/d(wg2)  0.84274807197464707     
 B before wg2 wg2 ==>    76.633800938803290        6.3418406868783190     
 Q value wg2 wg2 ==>   2.90936028119118281E-005  2.40764508324205215E-006
 B after wg2 wg2 ==>   73.311811934677422        6.3418430945234023     
 LTM d(wg2)/d(wg2)  0.85333877859916085     
 B before wg2 wg2 ==>    15.262314581962357        1.2739694150303600     
 Q value wg2 wg2 ==>   2.93454750959552436E-005  2.44951298448307019E-006
 B after wg2 wg2 ==>   14.727135999962945        1.2739718645433444     
 LTM d(wg2)/d(wg2)  0.91239849473640444     
 B before wg2 wg2 ==>    15.091946525370860        1.2930491264302983     
 Q value wg2 wg2 ==>   3.01212029042410758E-005  2.58072708095562267E-006
 B after wg2 wg2 ==>   14.947699298772923        1.2930517071573793     
 LTM d(wg2)/d(wg2)  0.90795436461550594     
 B before wg2 wg2 ==>    18.489889834746680        1.5841784131967125     
 Q value wg2 wg2 ==>   3.01212029042410758E-005  2.58072708095562267E-006
 B after wg2 wg2 ==>   18.313158708913075        1.5841809939237934     
 LTM d(wg2)/d(wg2)  0.90802780953818085     
 B before wg2 wg2 ==>    21.940637462024892        1.8798318729729273     
 Q value wg2 wg2 ==>   3.01212029042410758E-005  2.58072708095562267E-006
 B after wg2 wg2 ==>   21.730917634495491        1.8798344537000082     
 LTM d(wg2)/d(wg2)  0.91155005673554801     
 B before wg2 wg2 ==>    15.991000611687063        1.3700783617890679     
 Q value wg2 wg2 ==>   3.01212029042410758E-005  2.58072708095562267E-006
 B after wg2 wg2 ==>   15.838158544125557        1.3700809425161489     
 LTM d(wg2)/d(wg2)  0.91103743645797386     
 B before wg2 wg2 ==>    21.627569744592183        1.8530088294470728     
 Q value wg2 wg2 ==>   3.01212029042410758E-005  2.58072708095562267E-006
 B after wg2 wg2 ==>   21.420842804012651        1.8530114101741537     
 LTM d(wg2)/d(wg2)  0.91827502643196579     
 B before wg2 wg2 ==>    34.715316608882304        2.9743419604227248     
 Q value wg2 wg2 ==>   3.01212029042410758E-005  2.58072708095562267E-006
 B after wg2 wg2 ==>   34.383472498399307        2.9743445411498057     
 LTM d(wg2)/d(wg2)  0.89230583371357897     
 B before wg2 wg2 ==>    68.898856911051766        5.8157579702282298     
 Q value wg2 wg2 ==>   2.96754184767961874E-005  2.50490442459868871E-006
 B after wg2 wg2 ==>   67.230288081117706        5.8157604751326542     
 LTM d(wg2)/d(wg2)  0.83747757727692773     
 B before wg2 wg2 ==>    55.517696749392783        4.5943745941589400     
 Q value wg2 wg2 ==>   2.90936028119118281E-005  2.40764508324205215E-006
 B after wg2 wg2 ==>   53.111074760605739        4.5943770018040233     
 LTM d(wg2)/d(wg2)  0.81479894635271588     
 B before wg2 wg2 ==>    45.722179898438739        3.7837452562772085     
 Q value wg2 wg2 ==>   2.90936028119118349E-005  2.40764508324205300E-006
 B after wg2 wg2 ==>   43.740186095946378        3.7837476639222918     
 LTM d(wg2)/d(wg2)  0.79662111133502400     
 B before wg2 wg2 ==>    57.805104586489719        4.7836693428347870     
 Q value wg2 wg2 ==>   2.90936028119118281E-005  2.40764508324205215E-006
 B after wg2 wg2 ==>   55.299325212139280        4.7836717504798703     
 LTM d(wg2)/d(wg2)  0.85136712864642117     
 B before wg2 wg2 ==>    97.658168542354332        8.0817151058773327     
 Q value wg2 wg2 ==>   2.90936028119118281E-005  2.40764508324205215E-006
 B after wg2 wg2 ==>   93.424789233936437        8.0817175135224151     
 LTM d(wg2)/d(wg2)  0.91864708552581309     
 B before wg2 wg2 ==>    110.02335526254683        9.4265907429506086     
 Q value wg2 wg2 ==>   3.01212029042410758E-005  2.58072708095562267E-006
 B after wg2 wg2 ==>   108.97157602762799        9.4265933236776895     
 LTM d(wg2)/d(wg2)  0.91267922004949509     
 B before wg2 wg2 ==>    48.651177540204294        4.1683398832888887     
 Q value wg2 wg2 ==>   3.01212029042410758E-005  2.58072708095562267E-006
 B after wg2 wg2 ==>   48.186108398860348        4.1683424640159696     
 LTM d(wg2)/d(wg2)  0.92266397379367848     
 B before wg2 wg2 ==>    49.367440402204082        4.2297079159973485     
 Q value wg2 wg2 ==>   3.01212029042410758E-005  2.58072708095562267E-006
 B after wg2 wg2 ==>   48.895523880395828        4.2297104967244294     
 LTM d(wg2)/d(wg2)  0.87761135622721209     
 B before wg2 wg2 ==>    48.588120412692803        4.0966146611686582     
 Q value wg2 wg2 ==>   2.96413213679464513E-005  2.49915145226774437E-006
 B after wg2 wg2 ==>   47.356962691983853        4.0966171603201103     
 LTM d(wg2)/d(wg2)  0.85720032988958061     
 B before wg2 wg2 ==>    23.733391321280791        1.9810635269923615     
 Q value wg2 wg2 ==>   2.93454751906339301E-005  2.44951300028902855E-006
 B after wg2 wg2 ==>   22.901155726348634        1.9810659765053618     
 LTM d(wg2)/d(wg2)  0.86458885500881777     
 B before wg2 wg2 ==>    31.946679738183271        2.6666396378452899     
 Q value wg2 wg2 ==>   2.93454751906339267E-005  2.44951300028902770E-006
 B after wg2 wg2 ==>   30.826427001060708        2.6666420873582903     
 LTM d(wg2)/d(wg2)  0.86854727563733569     
 B before wg2 wg2 ==>    20.624160007704614        1.7215310957049181     
 Q value wg2 wg2 ==>   2.93454751906339301E-005  2.44951300028902855E-006
 B after wg2 wg2 ==>   19.900956492481505        1.7215335452179183     
 LTM d(wg2)/d(wg2)  0.85929714194124440     
 B before wg2 wg2 ==>    58.678741888797717        4.8980069384969251     
 Q value wg2 wg2 ==>   2.93454751906339267E-005  2.44951300028902770E-006
 B after wg2 wg2 ==>   56.621070208778725        4.8980093880099256     
 LTM d(wg2)/d(wg2)  0.85472035661101164     
 B before wg2 wg2 ==>    45.791000127547477        3.8222468499833164     
 Q value wg2 wg2 ==>   2.93454751906339301E-005  2.44951300028902855E-006
 B after wg2 wg2 ==>   44.185265645268238        3.8222492994963169     
 LTM d(wg2)/d(wg2)  0.86059754183025727     
 B before wg2 wg2 ==>    66.480349296993666        5.5492193876184333     
 Q value wg2 wg2 ==>   2.93454751906339267E-005  2.44951300028902770E-006
 B after wg2 wg2 ==>   64.149096980797836        5.5492218371314337     
 LTM d(wg2)/d(wg2)  0.90333851398614118     
 B before wg2 wg2 ==>    52.365374363554167        4.4620689539511948     
 Q value wg2 wg2 ==>   2.99567440448829352E-005  2.55262297250312341E-006
 B after wg2 wg2 ==>   51.581621029309268        4.4620715065741674     
 LTM d(wg2)/d(wg2)  0.95126715414967655     
 B before wg2 wg2 ==>    137.63653120476471        12.030233558400230     
 Q value wg2 wg2 ==>   3.07286077929626550E-005  2.68585909160881841E-006
 B after wg2 wg2 ==>   139.06973161012269        12.030236244259322     
 LTM d(wg2)/d(wg2)  0.93980560561375204     
 B before wg2 wg2 ==>    183.23889943093596        16.016145843277823     
 Q value wg2 wg2 ==>   3.07286077929626550E-005  2.68585909160881841E-006
 B after wg2 wg2 ==>   185.14694409578203        16.016148529136913     
 LTM d(wg2)/d(wg2)  0.94255054749771006     
 B before wg2 wg2 ==>    97.158012811258729        8.4921755580325282     
 Q value wg2 wg2 ==>   3.07286077929626550E-005  2.68585909160881841E-006
 B after wg2 wg2 ==>   98.169722122197840        8.4921782438916207     
 LTM d(wg2)/d(wg2)  0.97312932113828599     
 B before wg2 wg2 ==>    154.51301997997015        13.505336860076675     
 Q value wg2 wg2 ==>   3.07286077929626550E-005  2.68585909160881841E-006
 B after wg2 wg2 ==>   156.12195037758372        13.505339545935767     
 LTM d(wg2)/d(wg2)  0.93903883181169368     
 B before wg2 wg2 ==>    119.04158158936859        10.309983020621480     
 Q value wg2 wg2 ==>   3.04482127782057813E-005  2.63706641461160951E-006
 B after wg2 wg2 ==>   119.18360614099031        10.309985657687895     
 LTM d(wg2)/d(wg2)  0.91194490273012396     
 B before wg2 wg2 ==>    52.902196653098954        4.5078117288062467     
 Q value wg2 wg2 ==>   2.99567439760672274E-005  2.55262296077550968E-006
 B after wg2 wg2 ==>   52.110408269479080        4.5078142814292077     
 LTM d(wg2)/d(wg2)  0.83531626178647067     
 B before wg2 wg2 ==>    37.854615580128730        3.1326638941464879     
 Q value wg2 wg2 ==>   2.90936028119118281E-005  2.40764508324205215E-006
 B after wg2 wg2 ==>   36.213674691726894        3.1326663017915712     
 LTM d(wg2)/d(wg2)  0.83743409594233031     
 B before wg2 wg2 ==>    40.422301451884643        3.3451530899470185     
 Q value wg2 wg2 ==>   2.90936028119118281E-005  2.40764508324205215E-006
 B after wg2 wg2 ==>   38.670053338832169        3.3451554975921018     
 LTM d(wg2)/d(wg2)  0.83624280245468408     
 B before wg2 wg2 ==>    16.423441090650893        1.3591241156159408     
 Q value wg2 wg2 ==>   2.90936028119118281E-005  2.40764508324205215E-006
 B after wg2 wg2 ==>   15.711525274851072        1.3591265232610241     
 LTM d(wg2)/d(wg2)  0.84283044287462816     
 B before wg2 wg2 ==>    69.344660798016079        5.7386268967373733     
 Q value wg2 wg2 ==>   2.90936028119118281E-005  2.40764508324205215E-006
 B after wg2 wg2 ==>   66.338650460940201        5.7386293043824566     
 LTM d(wg2)/d(wg2)  0.85202670116572221     
 B before wg2 wg2 ==>    27.360505024688297        2.2791246514085399     
 Q value wg2 wg2 ==>   2.92850866436060285E-005  2.43944191921354549E-006
 B after wg2 wg2 ==>   26.346747178899435        2.2791270908504591     
 LTM d(wg2)/d(wg2)  0.87064079813968343     
 B before wg2 wg2 ==>    15.744075674188235        1.3242952176387384     
 Q value wg2 wg2 ==>   2.95712842777049175E-005  2.48735531756896147E-006
 B after wg2 wg2 ==>   15.308903554849826        1.3242977049940559     
 LTM d(wg2)/d(wg2)  0.91111170336737646     
 B before wg2 wg2 ==>    15.023542197063925        1.2871883743521857     
 Q value wg2 wg2 ==>   3.01212029042410758E-005  2.58072708095562267E-006
 B after wg2 wg2 ==>   14.879948907011038        1.2871909550792666     
 LTM d(wg2)/d(wg2)  0.91741991175901638     
 B before wg2 wg2 ==>    15.420028316416724        1.3211585470803373     
 Q value wg2 wg2 ==>   3.01212029042410758E-005  2.58072708095562267E-006
 B after wg2 wg2 ==>   15.272644670264057        1.3211611278074182     
 LTM d(wg2)/d(wg2)  0.91015203836069491     
 B before wg2 wg2 ==>    24.271412759512234        2.0795282446274954     
 Q value wg2 wg2 ==>   3.01212029042410758E-005  2.58072708095562267E-006
 B after wg2 wg2 ==>   24.039411021129393        2.0795308253545763     
 LTM d(wg2)/d(wg2)  0.90987375362591771     
 B before wg2 wg2 ==>    21.486510684756105        1.8409231588684303     
 Q value wg2 wg2 ==>   3.01212029042410758E-005  2.58072708095562267E-006
 B after wg2 wg2 ==>   21.281132250572590        1.8409257395955112     
 LTM d(wg2)/d(wg2)  0.91180493636644666     
 B before wg2 wg2 ==>    52.326524115971260        4.4832365515970398     
 Q value wg2 wg2 ==>   3.01212029042410758E-005  2.58072708095562267E-006
 B after wg2 wg2 ==>   51.826319135988115        4.4832391323241207     
 LTM d(wg2)/d(wg2)  0.89066082744220387     
 B before wg2 wg2 ==>    58.472388864266193        4.9356589763841612     
 Q value wg2 wg2 ==>   2.96754184767961874E-005  2.50490442459868871E-006
 B after wg2 wg2 ==>   57.056329034998470        4.9356614812885855     
 LTM d(wg2)/d(wg2)  0.87257511681941036     
 B before wg2 wg2 ==>    54.441841780304067        4.5534460283902085     
 Q value wg2 wg2 ==>   2.94042379355188607E-005  2.45933285992848086E-006
 B after wg2 wg2 ==>   52.637940455271071        4.5534484877230685     
 LTM d(wg2)/d(wg2)  0.84648297587799959     
 B before wg2 wg2 ==>    70.233474633809138        5.8121808073856798     
 Q value wg2 wg2 ==>   2.90936028119118281E-005  2.40764508324205215E-006
 B after wg2 wg2 ==>   67.188934894682404        5.8121832150307631     
 LTM d(wg2)/d(wg2)  0.83609449102895672     
 B before wg2 wg2 ==>    56.819971792364960        4.7021445436049074     
 Q value wg2 wg2 ==>   2.90936028119118281E-005  2.40764508324205215E-006
 B after wg2 wg2 ==>   54.356897173464752        4.7021469512499907     
 LTM d(wg2)/d(wg2)  0.81715775622867004     
 B before wg2 wg2 ==>    37.720860884473005        3.1215950059981905     
 Q value wg2 wg2 ==>   2.90936028119118281E-005  2.40764508324205215E-006
 B after wg2 wg2 ==>   36.085718160138349        3.1215974136432738     
 LTM d(wg2)/d(wg2)  0.80648231641545443     
 B before wg2 wg2 ==>    32.464384675187006        2.6865945977543344     
 Q value wg2 wg2 ==>   2.90936028119118349E-005  2.40764508324205300E-006
 B after wg2 wg2 ==>   31.057106186401381        2.6865970053994177     
 LTM d(wg2)/d(wg2)  0.79892658147876583     
 B before wg2 wg2 ==>    44.874184570740631        3.7135692868538315     
 Q value wg2 wg2 ==>   2.90936028119118281E-005  2.40764508324205215E-006
 B after wg2 wg2 ==>   42.928950719097791        3.7135716944989148     
 LTM d(wg2)/d(wg2)  0.84831229272439945     
 B before wg2 wg2 ==>    62.435380555260693        5.1668484644560149     
 Q value wg2 wg2 ==>   2.90936028119118281E-005  2.40764508324205215E-006
 B after wg2 wg2 ==>   59.728882248302668        5.1668508721010982     
 LTM d(wg2)/d(wg2)  0.90604734463949743     
 B before wg2 wg2 ==>    75.647802672086641        6.4202417848811963     
 Q value wg2 wg2 ==>   2.98371687315400510E-005  2.53228554784538003E-006
 B after wg2 wg2 ==>   74.218131375920137        6.4202443171667438     
 LTM d(wg2)/d(wg2)  0.91030549369023672     
 B before wg2 wg2 ==>    23.103495698773695        1.9794633436160669     
 Q value wg2 wg2 ==>   3.01212029042410758E-005  2.58072708095562267E-006
 B after wg2 wg2 ==>   22.882659096669606        1.9794659243431478     
 LTM d(wg2)/d(wg2)  0.94527218890769560     
 B before wg2 wg2 ==>    31.693156895233077        2.7154090937379918     
 Q value wg2 wg2 ==>   3.01212029042410758E-005  2.58072708095562267E-006
 B after wg2 wg2 ==>   31.390204241338363        2.7154116744650727     
 LTM d(wg2)/d(wg2)  0.85958118022314689     
 B before wg2 wg2 ==>    89.399984945611777        7.4623574478634591     
 Q value wg2 wg2 ==>   2.93454751906339301E-005  2.44951300028902855E-006
 B after wg2 wg2 ==>   86.265004862353095        7.4623598973764595     
 LTM d(wg2)/d(wg2)  0.86297349979712024     
 B before wg2 wg2 ==>    35.065123403180358        2.9269410386049319     
 Q value wg2 wg2 ==>   2.93454751906339301E-005  2.44951300028902855E-006
 B after wg2 wg2 ==>   33.835515534850444        2.9269434881179324     
 LTM d(wg2)/d(wg2)  0.85628448331494078     
 B before wg2 wg2 ==>    30.089584528102030        2.5116249778230064     
 Q value wg2 wg2 ==>   2.93454751906339301E-005  2.44951300028902855E-006
 B after wg2 wg2 ==>   29.034454946046367        2.5116274273360069     
 LTM d(wg2)/d(wg2)  0.86344184111819688     
 B before wg2 wg2 ==>    39.521736988497885        3.2989415887266818     
 Q value wg2 wg2 ==>   2.93454751906339301E-005  2.44951300028902855E-006
 B after wg2 wg2 ==>   38.135848098056471        3.2989440382396822     
 LTM d(wg2)/d(wg2)  0.86029961885800765     
 B before wg2 wg2 ==>    53.413724569172551        4.4585276563456198     
 Q value wg2 wg2 ==>   2.93454751906339267E-005  2.44951300028902770E-006
 B after wg2 wg2 ==>   51.540682377978122        4.4585301058586202     
 LTM d(wg2)/d(wg2)  0.85464909308248105     
 B before wg2 wg2 ==>    51.324250153949031        4.2841159383341543     
 Q value wg2 wg2 ==>   2.93454751906339301E-005  2.44951300028902855E-006
 B after wg2 wg2 ==>   49.524480009126947        4.2841183878471547     
 LTM d(wg2)/d(wg2)  0.85595353404585806     
 B before wg2 wg2 ==>    50.515574427570122        4.2166145026983273     
 Q value wg2 wg2 ==>   2.93454751906339267E-005  2.44951300028902770E-006
 B after wg2 wg2 ==>   48.744162287465251        4.2166169522113277     
 LTM d(wg2)/d(wg2)  0.86220062508142636     
 B before wg2 wg2 ==>    50.971468560041714        4.2546687034563746     
 Q value wg2 wg2 ==>   2.93454751906339301E-005  2.44951300028902855E-006
 B after wg2 wg2 ==>   49.184069482852600        4.2546711529693750     
 LTM d(wg2)/d(wg2)  0.86330101592389608     
 B before wg2 wg2 ==>    50.110027418264721        4.1827628555510703     
 Q value wg2 wg2 ==>   2.93454751906339267E-005  2.44951300028902770E-006
 B after wg2 wg2 ==>   48.352836681904002        4.1827653050640707     
 LTM d(wg2)/d(wg2)  0.86424363599598941     
 B before wg2 wg2 ==>    59.905778685602918        5.0004296311295073     
 Q value wg2 wg2 ==>   2.93454751906339301E-005  2.44951300028902855E-006
 B after wg2 wg2 ==>   57.805078243699590        5.0004320806425078     
 LTM d(wg2)/d(wg2)  0.86431705103067424     
 B before wg2 wg2 ==>    64.984884775629226        5.4243906103450517     
 Q value wg2 wg2 ==>   2.93454751906339301E-005  2.44951300028902855E-006
 B after wg2 wg2 ==>   62.706074233766337        5.4243930598580521     
 LTM d(wg2)/d(wg2)  0.86834013425693424     
 B before wg2 wg2 ==>    85.149491194786620        7.1075620447337622     
 Q value wg2 wg2 ==>   2.93454751906339301E-005  2.44951300028902855E-006
 B after wg2 wg2 ==>   82.163564085302909        7.1075644942467626     
 LTM d(wg2)/d(wg2)  0.83084448356484253     
 B before wg2 wg2 ==>    9.0612475666247150       0.75635659566244295     
 Q value wg2 wg2 ==>   2.93454751906339267E-005  2.44951300028902770E-006
 B after wg2 wg2 ==>   8.7435231759169572       0.75635904517544328     
 LTM d(wg2)/d(wg2)  0.89800366619895056     
 B before wg2 wg2 ==>    18.252811220348988        1.5553274099811041     
 Q value wg2 wg2 ==>   2.99567439760672274E-005  2.55262296077550968E-006
 B after wg2 wg2 ==>   17.979640305712596        1.5553299626040649     
 LTM d(wg2)/d(wg2)  0.86718497520587412     
 B before wg2 wg2 ==>    27.315930780519704        2.2605335909436217     
 Q value wg2 wg2 ==>   2.90936028119118281E-005  2.40764508324205215E-006
 B after wg2 wg2 ==>   26.131833842312638        2.2605359985887050     
 LTM d(wg2)/d(wg2)  0.83598307035546560     
 B before wg2 wg2 ==>    15.347853254803411        1.2701136970261580     
 Q value wg2 wg2 ==>   2.90936028119118281E-005  2.40764508324205215E-006
 B after wg2 wg2 ==>   14.682563351539489        1.2701161046712413     
 LTM d(wg2)/d(wg2)  0.83582771485516816     
 B before wg2 wg2 ==>    18.244408808621440        1.5098185483837945     
 Q value wg2 wg2 ==>   2.90936028119118281E-005  2.40764508324205215E-006
 B after wg2 wg2 ==>   17.453555430756406        1.5098209560288778     
 LTM d(wg2)/d(wg2)  0.86223153726240476     
 B before wg2 wg2 ==>    17.050583527759436        1.4288626611507405     
 Q value wg2 wg2 ==>   2.94614274340215179E-005  2.46890867612477336E-006
 B after wg2 wg2 ==>   16.517704732461002        1.4288651300594166     
 LTM d(wg2)/d(wg2)  0.88422360806948530     
 B before wg2 wg2 ==>    30.082373155754215        2.5477054270514961     
 Q value wg2 wg2 ==>   2.97741698954513687E-005  2.52160339331755398E-006
 B after wg2 wg2 ==>   29.451546374202209        2.5477079486548893     
 LTM d(wg2)/d(wg2)  0.88684621299401112     
 B before wg2 wg2 ==>    22.935258073836067        1.9424093027169218     
 Q value wg2 wg2 ==>   2.97741698954513687E-005  2.52160339331755398E-006
 B after wg2 wg2 ==>   22.454313082459869        1.9424118243203152     
 LTM d(wg2)/d(wg2)  0.90850573533830903     
 B before wg2 wg2 ==>    50.448822031241932        4.3223586266538261     
 Q value wg2 wg2 ==>   3.01212029042410758E-005  2.58072708095562267E-006
 B after wg2 wg2 ==>   49.966567640707012        4.3223612073809070     
 LTM d(wg2)/d(wg2)  0.93694720021766986     
 B before wg2 wg2 ==>    53.059465957686996        4.5460336074017054     
 Q value wg2 wg2 ==>   3.01212029042410758E-005  2.58072708095562267E-006
 B after wg2 wg2 ==>   52.552254148347338        4.5460361881287863     
 LTM d(wg2)/d(wg2)  0.92812150459940390     
 B before wg2 wg2 ==>    50.543373421991753        4.3304596090556853     
 Q value wg2 wg2 ==>   3.01212029042410758E-005  2.58072708095562267E-006
 B after wg2 wg2 ==>   50.060215132371404        4.3304621897827662     
 LTM d(wg2)/d(wg2)  0.88752533412357548     
 B before wg2 wg2 ==>    48.153413053616248        4.0867882959083843     
 Q value wg2 wg2 ==>   2.98371687315400510E-005  2.53228554784538003E-006
 B after wg2 wg2 ==>   47.243370128732927        4.0867908281939318     
 LTM d(wg2)/d(wg2)  0.88415959783242004     
 B before wg2 wg2 ==>    52.741544706945518        4.4519179670507043     
 Q value wg2 wg2 ==>   2.96754184767961874E-005  2.50490442459868871E-006
 B after wg2 wg2 ==>   51.464274899825867        4.4519204719551286     
 LTM d(wg2)/d(wg2)  0.85243451259581404     
 B before wg2 wg2 ==>    52.044080092584963        4.3069149722310955     
 Q value wg2 wg2 ==>   2.90936028119118281E-005  2.40764508324205215E-006
 B after wg2 wg2 ==>   49.788036737197913        4.3069173798761788     
 LTM d(wg2)/d(wg2)  0.84308775267004743     
 B before wg2 wg2 ==>    43.956753540559468        3.6376471563666097     
 Q value wg2 wg2 ==>   2.90936028119118281E-005  2.40764508324205215E-006
 B after wg2 wg2 ==>   42.051289624523278        3.6376495640116930     
 LTM d(wg2)/d(wg2)  0.84357280340390617     
 B before wg2 wg2 ==>    72.385700326524258        5.9902885391985023     
 Q value wg2 wg2 ==>   2.90936028119118281E-005  2.40764508324205215E-006
 B after wg2 wg2 ==>   69.247863244715148        5.9902909468435857     
 LTM d(wg2)/d(wg2)  0.87169258471695965     
 B before wg2 wg2 ==>    117.68008993078011        9.7386319511215831     
 Q value wg2 wg2 ==>   2.90936028119118281E-005  2.40764508324205215E-006
 B after wg2 wg2 ==>   112.57877559711912        9.7386343587666655     
 LTM d(wg2)/d(wg2)  0.85770517307726168     
 B before wg2 wg2 ==>    37.848873687261374        3.1321887230162582     
 Q value wg2 wg2 ==>   2.90936028119118281E-005  2.40764508324205215E-006
 B after wg2 wg2 ==>   36.208181705537072        3.1321911306613415     
 LTM d(wg2)/d(wg2)  0.84528585782768639     
 B before wg2 wg2 ==>    18.986397094095068        1.5712218905168751     
 Q value wg2 wg2 ==>   2.90936028119118281E-005  2.40764508324205215E-006
 B after wg2 wg2 ==>   18.163379089829348        1.5712242981619584     
 LTM d(wg2)/d(wg2)  0.82667981629193599     
 B before wg2 wg2 ==>    11.817466894940447       0.97795609055093857     
 Q value wg2 wg2 ==>   2.90936028119118281E-005  2.40764508324205215E-006
 B after wg2 wg2 ==>   11.305216548416411       0.97795849819602176     
 LTM d(wg2)/d(wg2)  0.84297970403535971     
 B before wg2 wg2 ==>    38.375865682728310        3.1758000177395918     
 Q value wg2 wg2 ==>   2.90936028119118281E-005  2.40764508324205215E-006
 B after wg2 wg2 ==>   36.712328999837972        3.1758024253846751     
 LTM d(wg2)/d(wg2)  0.91638540288698855     
 B before wg2 wg2 ==>    26.645470683039441        2.2829329889360728     
 Q value wg2 wg2 ==>   3.01212029042410758E-005  2.58072708095562267E-006
 B after wg2 wg2 ==>   26.390773257487627        2.2829355696631537     
 LTM d(wg2)/d(wg2)  0.91211514404000726     
 B before wg2 wg2 ==>    32.103792437385465        2.7505915619616079     
 Q value wg2 wg2 ==>   3.01212029042410758E-005  2.58072708095562267E-006
 B after wg2 wg2 ==>   31.796914160736225        2.7505941426886888     
 LTM d(wg2)/d(wg2)  0.91881016286413786     
 B before wg2 wg2 ==>    23.336624061576913        1.9994373360604523     
 Q value wg2 wg2 ==>   3.01212029042410758E-005  2.58072708095562267E-006
 B after wg2 wg2 ==>   23.113558782430040        1.9994399167875332     
 LTM d(wg2)/d(wg2)  0.94601420136254821     
 B before wg2 wg2 ==>    94.211958624655495        8.0719005062804285     
 Q value wg2 wg2 ==>   3.01212029042410758E-005  2.58072708095562267E-006
 B after wg2 wg2 ==>   93.311334299750371        8.0719030870075095     
 LTM d(wg2)/d(wg2)  0.88185369970619554     
 B before wg2 wg2 ==>    137.04098105024084        11.554348828128282     
 Q value wg2 wg2 ==>   2.96413213679464513E-005  2.49915145226774437E-006
 B after wg2 wg2 ==>   133.56849403357569        11.554351327279734     
 LTM d(wg2)/d(wg2)  0.86356450888893310     
 B before wg2 wg2 ==>    79.508920603477691        6.6367347399208878     
 Q value wg2 wg2 ==>   2.93454751906339267E-005  2.44951300028902770E-006
 B after wg2 wg2 ==>   76.720792589748186        6.6367371894338882     
 LTM d(wg2)/d(wg2)  0.86253413327436490     
 B before wg2 wg2 ==>    79.467850957759737        6.6333065919542991     
 Q value wg2 wg2 ==>   2.93454751906339301E-005  2.44951300028902855E-006
 B after wg2 wg2 ==>   76.681163142083705        6.6333090414672995     
 LTM d(wg2)/d(wg2)  0.85610587898104362     
 B before wg2 wg2 ==>    49.058169238674431        4.0949625978067656     
 Q value wg2 wg2 ==>   2.93454751906339267E-005  2.44951300028902770E-006
 B after wg2 wg2 ==>   47.337864238147823        4.0949650473197661     
 LTM d(wg2)/d(wg2)  0.85626835376862531     
 B before wg2 wg2 ==>    49.886352183614704        4.1640923316778444     
 Q value wg2 wg2 ==>   2.93454751906339301E-005  2.44951300028902855E-006
 B after wg2 wg2 ==>   48.137005114563927        4.1640947811908449     
 LTM d(wg2)/d(wg2)  0.85514327552472458     
 B before wg2 wg2 ==>    41.237459415391669        3.4421556400331368     
 Q value wg2 wg2 ==>   2.93454751906339267E-005  2.44951300028902770E-006
 B after wg2 wg2 ==>   39.791404919518811        3.4421580895461372     
 LTM d(wg2)/d(wg2)  0.85692361528897532     
 B before wg2 wg2 ==>    43.082360211925895        3.5961524131641616     
 Q value wg2 wg2 ==>   2.93454751906339267E-005  2.44951300028902770E-006
 B after wg2 wg2 ==>   41.571610185095054        3.5961548626771620     
 LTM d(wg2)/d(wg2)  0.86252717865017281     
 B before wg2 wg2 ==>    26.011031301770984        2.1711817208858255     
 Q value wg2 wg2 ==>   2.93454751906339301E-005  2.44951300028902855E-006
 B after wg2 wg2 ==>   25.098925218330308        2.1711841703988259     
 LTM d(wg2)/d(wg2)  0.86674271640924005     
 B before wg2 wg2 ==>    46.077413363824618        3.8461542135941675     
 Q value wg2 wg2 ==>   2.93454751906339267E-005  2.44951300028902770E-006
 B after wg2 wg2 ==>   44.461635167309268        3.8461566631071680     
 LTM d(wg2)/d(wg2)  0.86812188520045308     
 B before wg2 wg2 ==>    103.51831010415306        8.6408362693341108     
 Q value wg2 wg2 ==>   2.93454751906339301E-005  2.44951300028902855E-006
 B after wg2 wg2 ==>   99.888239691872229        8.6408387188471103     
 LTM d(wg2)/d(wg2)  0.86638055111430035     
 B before wg2 wg2 ==>    144.51206202781776        12.062649261467527     
 Q value wg2 wg2 ==>   2.93454751906339267E-005  2.44951300028902770E-006
 B after wg2 wg2 ==>   139.44445494600780        12.062651710980527     
 LTM d(wg2)/d(wg2)  0.86063451263876045     
 B before wg2 wg2 ==>    127.61814863053787        10.652487721278813     
 Q value wg2 wg2 ==>   2.93454751906339301E-005  2.44951300028902855E-006
 B after wg2 wg2 ==>   123.14296402436912        10.652490170791813     
 LTM d(wg2)/d(wg2)  0.85536245925973586     
 B before wg2 wg2 ==>    107.30063191962307        8.9565526241753375     
 Q value wg2 wg2 ==>   2.93454751906339301E-005  2.44951300028902855E-006
 B after wg2 wg2 ==>   103.53792601899214        8.9565550736883370     
 LTM d(wg2)/d(wg2)  0.88516314245164207     
 B before wg2 wg2 ==>    19.177455546959713        1.6241573567058118     
 Q value wg2 wg2 ==>   2.97741699527708641E-005  2.52160340302644213E-006
 B after wg2 wg2 ==>   18.775315279130535        1.6241598783092148     
 LTM d(wg2)/d(wg2)  0.87156106972874825     
 B before wg2 wg2 ==>    26.799954665600108        2.2178339169229169     
 Q value wg2 wg2 ==>   2.90936028119118281E-005  2.40764508324205215E-006
 B after wg2 wg2 ==>   25.638224898537093        2.2178363245680002     
 LTM d(wg2)/d(wg2)  0.85757228284063691     
 B before wg2 wg2 ==>    52.197452811803394        4.3196073526047813     
 Q value wg2 wg2 ==>   2.90936028119118281E-005  2.40764508324205215E-006
 B after wg2 wg2 ==>   49.934760865986682        4.3196097602498646     
 LTM d(wg2)/d(wg2)  0.84215240134705782     
 B before wg2 wg2 ==>    50.186737226479423        4.1532103091000376     
 Q value wg2 wg2 ==>   2.90936028119118281E-005  2.40764508324205215E-006
 B after wg2 wg2 ==>   48.011208268092766        4.1532127167451209     
 LTM d(wg2)/d(wg2)  0.87070925223931606     
 B before wg2 wg2 ==>    47.841922873436815        4.0241695336744767     
 Q value wg2 wg2 ==>   2.95712842777049175E-005  2.48735531756896147E-006
 B after wg2 wg2 ==>   46.519495673630836        4.0241720210297940     
 LTM d(wg2)/d(wg2)  0.88465203068652953     
 B before wg2 wg2 ==>    48.898905304838372        4.1412958271938729     
 Q value wg2 wg2 ==>   2.97741698954513687E-005  2.52160339331755398E-006
 B after wg2 wg2 ==>   47.873477975921404        4.1412983487972665     
 LTM d(wg2)/d(wg2)  0.88611264217311947     
 B before wg2 wg2 ==>    48.224419445919189        4.0841729641025610     
 Q value wg2 wg2 ==>   2.97741698954513687E-005  2.52160339331755398E-006
 B after wg2 wg2 ==>   47.213136725956225        4.0841754857059547     
 LTM d(wg2)/d(wg2)  0.89987304595242179     
 B before wg2 wg2 ==>    47.644271628760734        4.0597823917766798     
 Q value wg2 wg2 ==>   2.99567439760672274E-005  2.55262296077550968E-006
 B after wg2 wg2 ==>   46.931181661697764        4.0597849443996408     
 LTM d(wg2)/d(wg2)  0.93555090540276487     
 B before wg2 wg2 ==>    50.227502429938248        4.3033963863194504     
 Q value wg2 wg2 ==>   3.01212029042410758E-005  2.58072708095562267E-006
 B after wg2 wg2 ==>   49.747363826211128        4.3033989670465314     
 LTM d(wg2)/d(wg2)  0.91371115681089332     
 B before wg2 wg2 ==>    40.924538737429629        3.4732725121966483     
 Q value wg2 wg2 ==>   2.98371687315400340E-005  2.53228554784537707E-006
 B after wg2 wg2 ==>   40.151117437512546        3.4732750444821963     
 LTM d(wg2)/d(wg2)  0.84704339964622344     
 B before wg2 wg2 ==>    20.998549576061023        1.7377378445999190     
 Q value wg2 wg2 ==>   2.90936028119118281E-005  2.40764508324205215E-006
 B after wg2 wg2 ==>   20.088306295991472        1.7377402522450023     
 LTM d(wg2)/d(wg2)  0.84823350695382438     
 B before wg2 wg2 ==>    27.617297615543283        2.2854732446292649     
 Q value wg2 wg2 ==>   2.90936028119118281E-005  2.40764508324205215E-006
 B after wg2 wg2 ==>   26.420136654833620        2.2854756522743482     
 LTM d(wg2)/d(wg2)  0.84943425868464217     
 B before wg2 wg2 ==>    32.907245276224870        2.7232435874151775     
 Q value wg2 wg2 ==>   2.90936028119118281E-005  2.40764508324205215E-006
 B after wg2 wg2 ==>   31.480769118070551        2.7232459950602608     
 LTM d(wg2)/d(wg2)  0.84321555607394694     
 B before wg2 wg2 ==>    27.690658036949216        2.2915441963448169     
 Q value wg2 wg2 ==>   2.90936028119118281E-005  2.40764508324205215E-006
 B after wg2 wg2 ==>   26.490316957909773        2.2915466039899002     
 LTM d(wg2)/d(wg2)  0.85165724686184974     
 B before wg2 wg2 ==>    76.324254850841285        6.3162241579961211     
 Q value wg2 wg2 ==>   2.90936028119118281E-005  2.40764508324205215E-006
 B after wg2 wg2 ==>   73.015684433596121        6.3162265656412044     
 LTM d(wg2)/d(wg2)  0.84609595373467283     
 B before wg2 wg2 ==>    44.326841174691786        3.6682738091894955     
 Q value wg2 wg2 ==>   2.90936028119118281E-005  2.40764508324205215E-006
 B after wg2 wg2 ==>   42.405334241912030        3.6682762168345788     
 LTM d(wg2)/d(wg2)  0.84346902286643222     
 B before wg2 wg2 ==>    39.287873732472583        3.2512733687384214     
 Q value wg2 wg2 ==>   2.90936028119118281E-005  2.40764508324205215E-006
 B after wg2 wg2 ==>   37.584802196042446        3.2512757763835047     
 LTM d(wg2)/d(wg2)  0.84752584605573789     
 B before wg2 wg2 ==>    74.871224217320290        6.1959784090177727     
 Q value wg2 wg2 ==>   2.90936028119118281E-005  2.40764508324205215E-006
 B after wg2 wg2 ==>   71.625641570085691        6.1959808166628560     
 LTM d(wg2)/d(wg2)  0.87102401156668852     
 B before wg2 wg2 ==>    123.74667949075631        10.240673400595968     
 Q value wg2 wg2 ==>   2.90936028119118281E-005  2.40764508324205215E-006
 B after wg2 wg2 ==>   118.38238312551461        10.240675808241051     
 LTM d(wg2)/d(wg2)  0.90338213563331859     
 B before wg2 wg2 ==>    53.139790583389377        4.5099829987421645     
 Q value wg2 wg2 ==>   2.98371687315400510E-005  2.53228554784538003E-006
 B after wg2 wg2 ==>   52.135507951047401        4.5099855310277119     
 LTM d(wg2)/d(wg2)  0.91448058714408587     
 B before wg2 wg2 ==>    52.401008235675782        4.4896182085791230     
 Q value wg2 wg2 ==>   3.01212029042410758E-005  2.58072708095562267E-006
 B after wg2 wg2 ==>   51.900091197126955        4.4896207893062039     
 LTM d(wg2)/d(wg2)  0.86981697599480468     
 B before wg2 wg2 ==>    61.061387574223588        5.1235038835867490     
 Q value wg2 wg2 ==>   2.94987045927177222E-005  2.47516038442218865E-006
 B after wg2 wg2 ==>   59.227818951080742        5.1235063587471332     
 LTM d(wg2)/d(wg2)  0.91477128928614004     
 B before wg2 wg2 ==>    49.280857644425517        4.2222896708345203     
 Q value wg2 wg2 ==>   3.01212029042410758E-005  2.58072708095562267E-006
 B after wg2 wg2 ==>   48.809768842600548        4.2222922515616013     
 LTM d(wg2)/d(wg2)  0.90988528255358303     
 B before wg2 wg2 ==>    60.130802140461135        5.1518921729922944     
 Q value wg2 wg2 ==>   3.01212029042410758E-005  2.58072708095562267E-006
 B after wg2 wg2 ==>   59.555989270388963        5.1518947537193753     
 LTM d(wg2)/d(wg2)  0.88088588045087912     
 B before wg2 wg2 ==>    122.60203399712549        10.336956558428994     
 Q value wg2 wg2 ==>   2.96413213679464513E-005  2.49915145226774437E-006
 B after wg2 wg2 ==>   119.49541909357966        10.336959057580447     
 LTM d(wg2)/d(wg2)  0.86306886842506625     
 B before wg2 wg2 ==>    137.78585253007142        11.501201968473758     
 Q value wg2 wg2 ==>   2.93454751906339267E-005  2.44951300028902770E-006
 B after wg2 wg2 ==>   132.95411487582567        11.501204417986758     
 LTM d(wg2)/d(wg2)  0.86350884920449911     
 B before wg2 wg2 ==>    91.960019176179628        7.6760475342643186     
 Q value wg2 wg2 ==>   2.93454751906339267E-005  2.44951300028902770E-006
 B after wg2 wg2 ==>   88.735265824825248        7.6760499837773191     
 LTM d(wg2)/d(wg2)  0.86252176541761116     
 B before wg2 wg2 ==>    29.675900382111713        2.4770941110698188     
 Q value wg2 wg2 ==>   2.93454751906339267E-005  2.44951300028902770E-006
 B after wg2 wg2 ==>   28.635277550513322        2.4770965605828192     
 LTM d(wg2)/d(wg2)  0.88255781044550896     
 B before wg2 wg2 ==>    43.883314702543387        3.6630093450987187     
 Q value wg2 wg2 ==>   2.93454751906339301E-005  2.44951300028902855E-006
 B after wg2 wg2 ==>   42.344477433221776        3.6630117946117191     
 LTM d(wg2)/d(wg2)  0.85463364894983085     
 B before wg2 wg2 ==>    28.861762504049018        2.4091367410361997     
 Q value wg2 wg2 ==>   2.93454751906339267E-005  2.44951300028902770E-006
 B after wg2 wg2 ==>   27.849689219609594        2.4091391905492001     
 LTM d(wg2)/d(wg2)  0.86223614489889966     
 B before wg2 wg2 ==>    85.493663894234871        7.1362906816417144     
 Q value wg2 wg2 ==>   2.93454751906339301E-005  2.44951300028902855E-006
 B after wg2 wg2 ==>   82.495667607062103        7.1362931311547149     
 LTM d(wg2)/d(wg2)  0.86198848273319162     
 B before wg2 wg2 ==>    57.424525111286158        4.7933154900968757     
 Q value wg2 wg2 ==>   2.93454751906339267E-005  2.44951300028902770E-006
 B after wg2 wg2 ==>   55.410835319350227        4.7933179396098762     
 LTM d(wg2)/d(wg2)  0.86805010775355440     
 B before wg2 wg2 ==>    139.12337246880656        11.612846862849953     
 Q value wg2 wg2 ==>   2.93454751906339301E-005  2.44951300028902855E-006
 B after wg2 wg2 ==>   134.24473171670002        11.612849312362952     
 LTM d(wg2)/d(wg2)  0.86781233054619000     
 B before wg2 wg2 ==>    156.49872899793652        13.063195218985783     
 Q value wg2 wg2 ==>   2.93454751906339301E-005  2.44951300028902855E-006
 B after wg2 wg2 ==>   151.01078290087696        13.063197668498782     
 LTM d(wg2)/d(wg2)  0.86571135578495872     
 B before wg2 wg2 ==>    149.69384511187212        12.495180850975407     
 Q value wg2 wg2 ==>   2.93454751906339301E-005  2.44951300028902855E-006
 B after wg2 wg2 ==>   144.44452733398472        12.495183300488407     
 LTM d(wg2)/d(wg2)  0.86027742248816186     
 B before wg2 wg2 ==>    168.90140373945201        14.098465999926994     
 Q value wg2 wg2 ==>   2.93454751906339301E-005  2.44951300028902855E-006
 B after wg2 wg2 ==>   162.97853039361630        14.098468449439993     
 LTM d(wg2)/d(wg2)  0.84853107065173272     
 B before wg2 wg2 ==>    90.249520725568516        7.5332695364800673     
 Q value wg2 wg2 ==>   2.93454751906339301E-005  2.44951300028902855E-006
 B after wg2 wg2 ==>   87.084749789351577        7.5332719859930677     
 LTM d(wg2)/d(wg2)  0.82832273100859866     
 B before wg2 wg2 ==>    75.689611918295626        6.3179310328520657     
 Q value wg2 wg2 ==>   2.93454751906339267E-005  2.44951300028902770E-006
 B after wg2 wg2 ==>   73.035416419389961        6.3179334823650661     
 LTM d(wg2)/d(wg2)  0.90020543978996670     
 B before wg2 wg2 ==>    47.667459522516054        4.0617582390202633     
 Q value wg2 wg2 ==>   2.99567439760672274E-005  2.55262296077550968E-006
 B after wg2 wg2 ==>   46.954022488784503        4.0617607916432243     
 LTM d(wg2)/d(wg2)  0.90147362890360638     
 B before wg2 wg2 ==>    48.828597817305130        4.1606991744664601     
 Q value wg2 wg2 ==>   2.99567439760672274E-005  2.55262296077550968E-006
 B after wg2 wg2 ==>   48.097781352566003        4.1607017270894211     
 LTM d(wg2)/d(wg2)  0.84731593350060297     
 B before wg2 wg2 ==>    114.32704008356036        9.4611498520252546     
 Q value wg2 wg2 ==>   2.90936028119118281E-005  2.40764508324205215E-006
 B after wg2 wg2 ==>   109.37107790403731        9.4611522596703370     
 LTM d(wg2)/d(wg2)  0.84578061322413622     
 B before wg2 wg2 ==>    110.04677782557617        9.1069361629525893     
 Q value wg2 wg2 ==>   2.90936028119118281E-005  2.40764508324205215E-006
 B after wg2 wg2 ==>   105.27636175118757        9.1069385705976718     
 LTM d(wg2)/d(wg2)  0.86534902820963433     
 B before wg2 wg2 ==>    26.744940544901979        2.2412632891473052     
 Q value wg2 wg2 ==>   2.94614274340215179E-005  2.46890867612477336E-006
 B after wg2 wg2 ==>   25.909069540387378        2.2412657580559814     
 LTM d(wg2)/d(wg2)  0.88393091543299041     
 B before wg2 wg2 ==>    14.411015619183246        1.2204829224151190     
 Q value wg2 wg2 ==>   2.97741698954513687E-005  2.52160339331755398E-006
 B after wg2 wg2 ==>   14.108832086710699        1.2204854440185124     
 LTM d(wg2)/d(wg2)  0.88336551441172451     
 B before wg2 wg2 ==>    12.828830865306903        1.0864861574930720     
 Q value wg2 wg2 ==>   2.97741698954513687E-005  2.52160339331755398E-006
 B after wg2 wg2 ==>   12.559827249567444        1.0864886790964654     
 LTM d(wg2)/d(wg2)  0.90045656534384144     
 B before wg2 wg2 ==>    11.379046812396000       0.96961192405512775     
 Q value wg2 wg2 ==>   2.99567439760672274E-005  2.55262296077550968E-006
 B after wg2 wg2 ==>   11.208759520517081       0.96961447667808853     
 LTM d(wg2)/d(wg2)  0.91727501424336544     
 B before wg2 wg2 ==>    14.624353303815891        1.2443207158123042     
 Q value wg2 wg2 ==>   2.99128783724487075E-005  2.54515283207085452E-006
 B after wg2 wg2 ==>   14.384397648153445        1.2443232609651362     
 LTM d(wg2)/d(wg2)  0.83876966713046841     
 B before wg2 wg2 ==>    20.257242338219871        1.6763908626568904     
 Q value wg2 wg2 ==>   2.90936028119118281E-005  2.40764508324205215E-006
 B after wg2 wg2 ==>   19.379134161655443        1.6763932703019737     
 LTM d(wg2)/d(wg2)  0.85747586584072688     
 B before wg2 wg2 ==>    27.607760530600171        2.3044632152343421     
 Q value wg2 wg2 ==>   2.93454750959552436E-005  2.44951298448307019E-006
 B after wg2 wg2 ==>   26.639661515714902        2.3044656647473265     
 LTM d(wg2)/d(wg2)  0.87423493796780005     
 B before wg2 wg2 ==>    21.660359335938406        1.8251874225000992     
 Q value wg2 wg2 ==>   2.96240447016984717E-005  2.49623900298874129E-006
 B after wg2 wg2 ==>   21.099225899048527        1.8251899187391023     
 LTM d(wg2)/d(wg2)  0.88532312058120965     
 B before wg2 wg2 ==>    49.889085397068456        4.2251551418055060     
 Q value wg2 wg2 ==>   2.97741698954513687E-005  2.52160339331755398E-006
 B after wg2 wg2 ==>   48.842893051341363        4.2251576634088996     
 LTM d(wg2)/d(wg2)  0.86645389550822638     
 B before wg2 wg2 ==>    57.784946067739106        4.8424590090056325     
 Q value wg2 wg2 ==>   2.94614274340215179E-005  2.46890867612477336E-006
 B after wg2 wg2 ==>   55.978935441709041        4.8424614779143083     
 LTM d(wg2)/d(wg2)  0.83845495488437516     
 B before wg2 wg2 ==>    44.001282413569889        3.6413321493480209     
 Q value wg2 wg2 ==>   2.90936028119118281E-005  2.40764508324205215E-006
 B after wg2 wg2 ==>   42.093888204842479        3.6413345569931042     
 LTM d(wg2)/d(wg2)  0.84456268377302379     
 B before wg2 wg2 ==>    53.158954547434398        4.3991765603542206     
 Q value wg2 wg2 ==>   2.90936028119118281E-005  2.40764508324205215E-006
 B after wg2 wg2 ==>   50.854582234534206        4.3991789679993039     
 LTM d(wg2)/d(wg2)  0.84577498952728702     
 B before wg2 wg2 ==>    56.083055265417670        4.6411609155429323     
 Q value wg2 wg2 ==>   2.90936028119118281E-005  2.40764508324205215E-006
 B after wg2 wg2 ==>   53.651925416053302        4.6411633231880156     
 LTM d(wg2)/d(wg2)  0.85719162279056449     
 B before wg2 wg2 ==>    83.481526148641095        6.9085251239844858     
 Q value wg2 wg2 ==>   2.90936028119118281E-005  2.40764508324205215E-006
 B after wg2 wg2 ==>   79.862693478137928        6.9085275316295691     
 LTM d(wg2)/d(wg2)  0.86311099028444072     
 B before wg2 wg2 ==>    43.230761472217118        3.6157656077162206     
 Q value wg2 wg2 ==>   2.94042379355188607E-005  2.45933285992848086E-006
 B after wg2 wg2 ==>   41.798339154720964        3.6157680670490806     
 LTM d(wg2)/d(wg2)  0.90941823873726768     
 B before wg2 wg2 ==>    41.829307526786451        3.5838551021745300     
 Q value wg2 wg2 ==>   3.01212029042410758E-005  2.58072708095562267E-006
 B after wg2 wg2 ==>   41.429454581811420        3.5838576829016109     
 LTM d(wg2)/d(wg2)  0.84645995263023599     
 B before wg2 wg2 ==>    36.550195920372552        3.0247164666449899     
 Q value wg2 wg2 ==>   2.90936028119118281E-005  2.40764508324205215E-006
 B after wg2 wg2 ==>   34.965800629586163        3.0247188742900732     
 LTM d(wg2)/d(wg2)  0.87099959494358614     
 B before wg2 wg2 ==>    36.903191861718909        3.0964518549539015     
 Q value wg2 wg2 ==>   2.94987045927177222E-005  2.47516038442218865E-006
 B after wg2 wg2 ==>   35.795063695235733        3.0964543301142857     
 LTM d(wg2)/d(wg2)  0.91713859284788490     
 B before wg2 wg2 ==>    14.280971032167498        1.2235662965461513     
 Q value wg2 wg2 ==>   3.01212029042410758E-005  2.58072708095562267E-006
 B after wg2 wg2 ==>   14.144476626557223        1.2235688772732323     
 LTM d(wg2)/d(wg2)  0.90890716994673582     
 B before wg2 wg2 ==>    26.896043366294919        2.3044015774078193     
 Q value wg2 wg2 ==>   3.01212029042410758E-005  2.58072708095562267E-006
 B after wg2 wg2 ==>   26.638950498249518        2.3044041581349002     
 LTM d(wg2)/d(wg2)  0.86403097246043969     
 B before wg2 wg2 ==>    76.548518724001156        6.3896253357367545     
 Q value wg2 wg2 ==>   2.93454751906339267E-005  2.44951300028902770E-006
 B after wg2 wg2 ==>   73.864203756372333        6.3896277852497549     
 LTM d(wg2)/d(wg2)  0.86298722664922423     
 B before wg2 wg2 ==>    70.592141056032659        5.8924371171940617     
 Q value wg2 wg2 ==>   2.93454751906339301E-005  2.44951300028902855E-006
 B after wg2 wg2 ==>   68.116699658483824        5.8924395667070621     
 LTM d(wg2)/d(wg2)  0.86009757659884345     
 B before wg2 wg2 ==>    110.08432665580052        9.1889120049932380     
 Q value wg2 wg2 ==>   2.93454751906339267E-005  2.44951300028902770E-006
 B after wg2 wg2 ==>   106.22400433627037        9.1889144545062376     
 LTM d(wg2)/d(wg2)  0.86874686238349741     
 B before wg2 wg2 ==>    111.01996020375024        9.2670108098114010     
 Q value wg2 wg2 ==>   2.93454751906339471E-005  2.44951300028903109E-006
 B after wg2 wg2 ==>   107.12682782241065        9.2670132593244006     
 LTM d(wg2)/d(wg2)  0.85592463234746852     
 B before wg2 wg2 ==>    41.910671398417527        3.4983497038082061     
 Q value wg2 wg2 ==>   2.93454751906339267E-005  2.44951300028902770E-006
 B after wg2 wg2 ==>   40.441009233898768        3.4983521533212065     
 LTM d(wg2)/d(wg2)  0.86297533296169415     
 B before wg2 wg2 ==>    85.198890292911003        7.1116854652022390     
 Q value wg2 wg2 ==>   2.93454751906339301E-005  2.44951300028902855E-006
 B after wg2 wg2 ==>   82.211230894684178        7.1116879147152394     
 LTM d(wg2)/d(wg2)  0.85866730315729767     
 B before wg2 wg2 ==>    75.282198892092339        6.2839236263374634     
 Q value wg2 wg2 ==>   2.93454751906339267E-005  2.44951300028902770E-006
 B after wg2 wg2 ==>   72.642290232944617        6.2839260758504638     
 LTM d(wg2)/d(wg2)  0.85950681831853282     
 B before wg2 wg2 ==>    109.70623257884581        9.1573518973167936     
 Q value wg2 wg2 ==>   2.93454751906339267E-005  2.44951300028902770E-006
 B after wg2 wg2 ==>   105.85916896520739        9.1573543468297931     
 LTM d(wg2)/d(wg2)  0.86096955448580703     
 B before wg2 wg2 ==>    92.983254519512428        7.7614585988174287     
 Q value wg2 wg2 ==>   2.93454751906339301E-005  2.44951300028902855E-006
 B after wg2 wg2 ==>   89.722619155446992        7.7614610483304292     
 LTM d(wg2)/d(wg2)  0.86185194724571812     
 B before wg2 wg2 ==>    95.093374119946148        7.9375936029313419     
 Q value wg2 wg2 ==>   2.93454751906339267E-005  2.44951300028902770E-006
 B after wg2 wg2 ==>   91.758742740381450        7.9375960524443423     
 LTM d(wg2)/d(wg2)  0.85956473305684233     
 B before wg2 wg2 ==>    83.355719505991814        6.9578330986966010     
 Q value wg2 wg2 ==>   2.93454751906339301E-005  2.44951300028902855E-006
 B after wg2 wg2 ==>   80.432694972105665        6.9578355482096015     
 LTM d(wg2)/d(wg2)  0.86670770170776801     
 B before wg2 wg2 ==>    146.47662180736896        12.226634158239330     
 Q value wg2 wg2 ==>   2.93454751906339267E-005  2.44951300028902770E-006
 B after wg2 wg2 ==>   141.34012308744190        12.226636607752329     
 LTM d(wg2)/d(wg2)  0.86306245782150026     
 B before wg2 wg2 ==>    122.68787303164034        10.240949857398464     
 Q value wg2 wg2 ==>   2.93454751906339301E-005  2.44951300028902855E-006
 B after wg2 wg2 ==>   118.38557945475570        10.240952306911463     
 LTM d(wg2)/d(wg2)  0.83632702778688084     
 B before wg2 wg2 ==>    23.680225162535287        1.9766256640449553     
 Q value wg2 wg2 ==>   2.93454751906339301E-005  2.44951300028902855E-006
 B after wg2 wg2 ==>   22.849853956667030        1.9766281135579555     
 LTM d(wg2)/d(wg2)  0.86321717695444888     
 B before wg2 wg2 ==>    2.1208856830447327       0.17966487733376946     
 Q value wg2 wg2 ==>   2.97816303550016031E-005  2.52286721877888862E-006
 B after wg2 wg2 ==>   2.0769581426102985       0.17966740020098823     
 LTM d(wg2)/d(wg2)  0.89901987641044212     
 B before wg2 wg2 ==>    13.070855608792483        1.1137714489478792     
 Q value wg2 wg2 ==>   2.99567439760672274E-005  2.55262296077550968E-006
 B after wg2 wg2 ==>   12.875246032404535        1.1137740015708399     
 LTM d(wg2)/d(wg2)  0.90186442148790769     
 B before wg2 wg2 ==>    16.442871626374632        1.4011019250990793     
 Q value wg2 wg2 ==>   2.99567439760672274E-005  2.55262296077550968E-006
 B after wg2 wg2 ==>   16.196791128480605        1.4011044777220401     
 LTM d(wg2)/d(wg2)  0.84613511068620695     
 B before wg2 wg2 ==>    134.87911610148026        11.161939716204682     
 Q value wg2 wg2 ==>   2.90936028119118281E-005  2.40764508324205215E-006
 B after wg2 wg2 ==>   129.03223709777453        11.161942123849764     
 LTM d(wg2)/d(wg2)  0.84532649509477875     
 B before wg2 wg2 ==>    108.89807310877171        9.0118749468704458     
 Q value wg2 wg2 ==>   2.90936028119118281E-005  2.40764508324205215E-006
 B after wg2 wg2 ==>   104.17745250795603        9.0118773545155282     
 LTM d(wg2)/d(wg2)  0.87027429313762461     
 B before wg2 wg2 ==>    25.962977826663817        2.1877430491770173     
 Q value wg2 wg2 ==>   2.96240447016984717E-005  2.49623900298874129E-006
 B after wg2 wg2 ==>   25.290374989720696        2.1877455454160204     
 LTM d(wg2)/d(wg2)  0.88267762194867994     
 B before wg2 wg2 ==>    46.775214318074362        3.9614383729848761     
 Q value wg2 wg2 ==>   2.97741698954513687E-005  2.52160339331755398E-006
 B after wg2 wg2 ==>   45.794322805809017        3.9614408945882693     
 LTM d(wg2)/d(wg2)  0.88281764085607051     
 B before wg2 wg2 ==>    46.622093126679701        3.9484703904293461     
 Q value wg2 wg2 ==>   2.97741698954513687E-005  2.52160339331755398E-006
 B after wg2 wg2 ==>   45.644412711201944        3.9484729120327393     
 LTM d(wg2)/d(wg2)  0.88603743836023652     
 B before wg2 wg2 ==>    48.107622831526349        4.0742813452861464     
 Q value wg2 wg2 ==>   2.97741698954513687E-005  2.52160339331755398E-006
 B after wg2 wg2 ==>   47.098789447477401        4.0742838668895400     
 LTM d(wg2)/d(wg2)  0.88809054377067909     
 B before wg2 wg2 ==>    48.618121505404005        4.1175159742566310     
 Q value wg2 wg2 ==>   2.97741698954513687E-005  2.52160339331755398E-006
 B after wg2 wg2 ==>   47.598582479393762        4.1175184958600246     
 LTM d(wg2)/d(wg2)  0.86968953324481768     
 B before wg2 wg2 ==>    45.800390086616410        3.8524482994662739     
 Q value wg2 wg2 ==>   2.95712842777049175E-005  2.48735531756896147E-006
 B after wg2 wg2 ==>   44.534395342414186        3.8524507868215916     
 LTM d(wg2)/d(wg2)  0.88356719366356662     
 B before wg2 wg2 ==>    46.308229648804364        3.9218889873666258     
 Q value wg2 wg2 ==>   2.97741698954513687E-005  2.52160339331755398E-006
 B after wg2 wg2 ==>   45.337131248502743        3.9218915089700190     
 LTM d(wg2)/d(wg2)  0.88186551150672587     
 B before wg2 wg2 ==>    38.908660771678100        3.2952123056936613     
 Q value wg2 wg2 ==>   2.97741698954513687E-005  2.52160339331755398E-006
 B after wg2 wg2 ==>   38.092738357368191        3.2952148272970545     
 LTM d(wg2)/d(wg2)  0.88326089862458346     
 B before wg2 wg2 ==>    39.829098254625436        3.3731650509250652     
 Q value wg2 wg2 ==>   2.97741698954513687E-005  2.52160339331755398E-006
 B after wg2 wg2 ==>   38.993873392249718        3.3731675725284584     
 LTM d(wg2)/d(wg2)  0.84380304350013347     
 B before wg2 wg2 ==>    33.052263353008868        2.7352445782105579     
 Q value wg2 wg2 ==>   2.90936028119118281E-005  2.40764508324205215E-006
 B after wg2 wg2 ==>   31.619500771803910        2.7352469858556412     
 LTM d(wg2)/d(wg2)  0.86508894400071323     
 B before wg2 wg2 ==>    21.275854076686024        1.7829462214460192     
 Q value wg2 wg2 ==>   2.94614274340215179E-005  2.46890867612477336E-006
 B after wg2 wg2 ==>   20.610916594474013        1.7829486903546954     
 LTM d(wg2)/d(wg2)  0.84025847382901875     
 B before wg2 wg2 ==>    18.418419578856120        1.5242188334944151     
 Q value wg2 wg2 ==>   2.90936028119118281E-005  2.40764508324205215E-006
 B after wg2 wg2 ==>   17.620022966786625        1.5242212411394984     
 LTM d(wg2)/d(wg2)  0.78972499919566030     
 B before wg2 wg2 ==>    14.169289209395204        1.1390855882512103     
 Q value wg2 wg2 ==>   2.82625169972558664E-005  2.27205651063516949E-006
 B after wg2 wg2 ==>   13.167874661558388        1.1390878603077210     
 LTM d(wg2)/d(wg2)  0.77364401401217353     
 B before wg2 wg2 ==>    19.710530648064541        1.5549050080350875     
 Q value wg2 wg2 ==>   2.77337176582312260E-005  2.18783031508334000E-006
 B after wg2 wg2 ==>   17.974753115163242        1.5549071958654026     
 LTM d(wg2)/d(wg2)  0.77982195537617860     
 B before wg2 wg2 ==>    22.633765313635038        1.7855102769806837     
 Q value wg2 wg2 ==>   2.77337176582312260E-005  2.18783031508334000E-006
 B after wg2 wg2 ==>   20.640553869944572        1.7855124648109988     
 LTM d(wg2)/d(wg2)  0.83795232649699658     
 B before wg2 wg2 ==>    21.215819329829440        1.7557180328144759     
 Q value wg2 wg2 ==>   2.90936028119118281E-005  2.40764508324205215E-006
 B after wg2 wg2 ==>   20.296157571604713        1.7557204404595592     
 LTM d(wg2)/d(wg2)  0.75607586381057257     
 B before wg2 wg2 ==>    22.620084734827469        1.7844310568987629     
 Q value wg2 wg2 ==>   2.77337176582312260E-005  2.18783031508334000E-006
 B after wg2 wg2 ==>   20.628078067799574        1.7844332447290780     
 LTM d(wg2)/d(wg2)  0.87752539835717214     
 B before wg2 wg2 ==>    48.575063548476422        4.0858368487189134     
 Q value wg2 wg2 ==>   2.95712843626901861E-005  2.48735533186584212E-006
 B after wg2 wg2 ==>   47.232370863961449        4.0858393360742449     
 LTM d(wg2)/d(wg2)  0.91378943701206894     
 B before wg2 wg2 ==>    53.150355426753706        4.5538208433543943     
 Q value wg2 wg2 ==>   3.01212029042410758E-005  2.58072708095562267E-006
 B after wg2 wg2 ==>   52.642274725827015        4.5538234240814752     
 LTM d(wg2)/d(wg2)  0.89523693446518282     
 B before wg2 wg2 ==>    50.453106180926596        4.2906935640076895     
 Q value wg2 wg2 ==>   2.98979997522275425E-005  2.54262155145727492E-006
 B after wg2 wg2 ==>   49.600518547943516        4.2906961066292411     
 LTM d(wg2)/d(wg2)  0.86792241099414935     
 B before wg2 wg2 ==>    92.139368581945732        7.6910181114372662     
 Q value wg2 wg2 ==>   2.93454751906339301E-005  2.44951300028902855E-006
 B after wg2 wg2 ==>   88.908325946606638        7.6910205609502666     
 LTM d(wg2)/d(wg2)  0.86665346921826758     
 B before wg2 wg2 ==>    57.250163354665446        4.7787612398480341     
 Q value wg2 wg2 ==>   2.93454751906339267E-005  2.44951300028902770E-006
 B after wg2 wg2 ==>   55.242587943754522        4.7787636893610346     
 LTM d(wg2)/d(wg2)  0.85546822561362101     
 B before wg2 wg2 ==>    61.355889897161219        5.1073557313436311     
 Q value wg2 wg2 ==>   2.92645865345613878E-005  2.43602780455489902E-006
 B after wg2 wg2 ==>   59.041145589476656        5.1073581673714354     
 LTM d(wg2)/d(wg2)  0.83860813398696643     
 B before wg2 wg2 ==>    52.313433579576440        4.3666846357229128     
 Q value wg2 wg2 ==>   2.93454751906339301E-005  2.44951300028902855E-006
 B after wg2 wg2 ==>   50.478975527927048        4.3666870852359132     
 LTM d(wg2)/d(wg2)  0.85519582217743906     
 B before wg2 wg2 ==>    43.001353947214106        3.5893906927548875     
 Q value wg2 wg2 ==>   2.93454751906339301E-005  2.44951300028902855E-006
 B after wg2 wg2 ==>   41.493444584399626        3.5893931422678880     
 LTM d(wg2)/d(wg2)  0.85960093231666190     
 B before wg2 wg2 ==>    43.004039155628860        3.5896148313274505     
 Q value wg2 wg2 ==>   2.93454751906339301E-005  2.44951300028902855E-006
 B after wg2 wg2 ==>   41.496035630036381        3.5896172808404510     
 LTM d(wg2)/d(wg2)  0.85711529113080598     
 B before wg2 wg2 ==>    33.092509477605823        2.7622838495883375     
 Q value wg2 wg2 ==>   2.93454751906339301E-005  2.44951300028902855E-006
 B after wg2 wg2 ==>   31.932075683854826        2.7622862991013379     
 LTM d(wg2)/d(wg2)  0.86735080953703814     
 B before wg2 wg2 ==>    21.609936878265295        1.8038154425807631     
 Q value wg2 wg2 ==>   2.93454751906339301E-005  2.44951300028902855E-006
 B after wg2 wg2 ==>   20.852164914610256        1.8038178920937633     
 LTM d(wg2)/d(wg2)  0.86350741517561858     
 B before wg2 wg2 ==>    40.629204670977316        3.3913836591995814     
 Q value wg2 wg2 ==>   2.93454751906339267E-005  2.44951300028902770E-006
 B after wg2 wg2 ==>   39.204479974366038        3.3913861087125818     
 LTM d(wg2)/d(wg2)  0.85894449115025351     
 B before wg2 wg2 ==>    73.840987207196903        6.1636234187113654     
 Q value wg2 wg2 ==>   2.93454751906339301E-005  2.44951300028902855E-006
 B after wg2 wg2 ==>   71.251617826558018        6.1636258682243659     
 LTM d(wg2)/d(wg2)  0.85492486228729414     
 B before wg2 wg2 ==>    36.252050371575955        3.0260157007322861     
 Q value wg2 wg2 ==>   2.93454751906339471E-005  2.44951300028903109E-006
 B after wg2 wg2 ==>   34.980820281296261        3.0260181502452865     
 LTM d(wg2)/d(wg2)  0.85638272861255460     
 B before wg2 wg2 ==>    84.093206332414937        7.0193922848106451     
 Q value wg2 wg2 ==>   2.93454751906339267E-005  2.44951300028902770E-006
 B after wg2 wg2 ==>   81.144320190197519        7.0193947343236456     
 LTM d(wg2)/d(wg2)  0.88144256673846499     
 B before wg2 wg2 ==>    115.58613149310007        9.6481563139189159     
 Q value wg2 wg2 ==>   2.93454751906339267E-005  2.44951300028902770E-006
 B after wg2 wg2 ==>   111.53287620620118        9.6481587634319155     
 LTM d(wg2)/d(wg2)  0.87456912763498440     
 B before wg2 wg2 ==>    115.72229179091551        9.6595218282769384     
 Q value wg2 wg2 ==>   2.93454751906339267E-005  2.44951300028902770E-006
 B after wg2 wg2 ==>   111.66426174172094        9.6595242777899379     
 LTM d(wg2)/d(wg2)  0.89919153135811869     
 B before wg2 wg2 ==>    51.462913033593821        4.3932605487263867     
 Q value wg2 wg2 ==>   3.00120139070519016E-005  2.56205078402012951E-006
 B after wg2 wg2 ==>   50.786194826388460        4.3932631107771707     
 LTM d(wg2)/d(wg2)  0.89602104714878761     
 B before wg2 wg2 ==>    47.608844792922831        4.0567636606802795     
 Q value wg2 wg2 ==>   2.99567439760672274E-005  2.55262296077550968E-006
 B after wg2 wg2 ==>   46.896285079880435        4.0567662133032405     
 LTM d(wg2)/d(wg2)  0.92449186080020440     
 B before wg2 wg2 ==>    50.459952917056633        4.2997074220961347     
 Q value wg2 wg2 ==>   2.99567439760672274E-005  2.55262296077550968E-006
 B after wg2 wg2 ==>   49.704719013385194        4.2997099747190957     
 LTM d(wg2)/d(wg2)  0.84365496427674835     
 B before wg2 wg2 ==>    48.308499474067311        3.9977764867924366     
 Q value wg2 wg2 ==>   2.90936028119118281E-005  2.40764508324205215E-006
 B after wg2 wg2 ==>   46.214390690069848        3.9977788944375199     
 LTM d(wg2)/d(wg2)  0.86054921917760885     
 B before wg2 wg2 ==>    86.641351773046040        7.2320899718707778     
 Q value wg2 wg2 ==>   2.93454750959552436E-005  2.44951298448307019E-006
 B after wg2 wg2 ==>   83.603108999740599        7.2320924213837623     
 LTM d(wg2)/d(wg2)  0.88300253358916403     
 B before wg2 wg2 ==>    61.613780710341011        5.2181309860146561     
 Q value wg2 wg2 ==>   2.97741698954513687E-005  2.52160339331755398E-006
 B after wg2 wg2 ==>   60.321710370111617        5.2181335076180497     
 LTM d(wg2)/d(wg2)  0.88222106476838758     
 B before wg2 wg2 ==>    38.958800470409173        3.2994586855223562     
 Q value wg2 wg2 ==>   2.97741698954513687E-005  2.52160339331755398E-006
 B after wg2 wg2 ==>   38.141826579004153        3.2994612071257494     
 LTM d(wg2)/d(wg2)  0.88134346879609760     
 B before wg2 wg2 ==>    10.129467878099707       0.85787448192869820     
 Q value wg2 wg2 ==>   2.97741698954513687E-005  2.52160339331755398E-006
 B after wg2 wg2 ==>   9.9170724675199082       0.85787700353209151     
 LTM d(wg2)/d(wg2)  0.88465584873916381     
 B before wg2 wg2 ==>    11.313155786516855       0.95812216161126851     
 Q value wg2 wg2 ==>   2.97741698954513687E-005  2.52160339331755398E-006
 B after wg2 wg2 ==>   11.075937316466268       0.95812468321466182     
 LTM d(wg2)/d(wg2)  0.88400828736036419     
 B before wg2 wg2 ==>    11.535111262709513       0.97691978666338875     
 Q value wg2 wg2 ==>   2.97741698954513687E-005  2.52160339331755398E-006
 B after wg2 wg2 ==>   11.293238175554013       0.97692230826678206     
 LTM d(wg2)/d(wg2)  0.88261731498136542     
 B before wg2 wg2 ==>    10.590416830934990       0.89691269685448838     
 Q value wg2 wg2 ==>   2.97741698954513687E-005  2.52160339331755398E-006
 B after wg2 wg2 ==>   10.368354883096625       0.89691521845788169     
 LTM d(wg2)/d(wg2)  0.88155441435191495     
 B before wg2 wg2 ==>    9.7041849739671289       0.82185685934018449     
 Q value wg2 wg2 ==>   2.97741698954513687E-005  2.52160339331755398E-006
 B after wg2 wg2 ==>   9.5007081497360826       0.82185938094357780     
 LTM d(wg2)/d(wg2)  0.88116037090151933     
 B before wg2 wg2 ==>    9.7336952046347722       0.82435610946371118     
 Q value wg2 wg2 ==>   2.97741698954513687E-005  2.52160339331755398E-006
 B after wg2 wg2 ==>   9.5295995228436787       0.82435863106710450     
 LTM d(wg2)/d(wg2)  0.86832750973436890     
 B before wg2 wg2 ==>    15.420905840450949        1.2971121505498882     
 Q value wg2 wg2 ==>   2.95712842777049175E-005  2.48735531756896147E-006
 B after wg2 wg2 ==>   14.994666845974697        1.2971146379052056     
 LTM d(wg2)/d(wg2)  0.86496720952091632     
 B before wg2 wg2 ==>    17.768004600101047        1.4889835468038757     
 Q value wg2 wg2 ==>   2.94614274340215179E-005  2.46890867612477336E-006
 B after wg2 wg2 ==>   17.212703173238438        1.4889860157125518     
 LTM d(wg2)/d(wg2)  0.88303090618442504     
 B before wg2 wg2 ==>    47.039367885603852        3.9838097954150631     
 Q value wg2 wg2 ==>   2.97741698954513687E-005  2.52160339331755398E-006
 B after wg2 wg2 ==>   46.052936822186908        3.9838123170184563     
 LTM d(wg2)/d(wg2)  0.76220745484056796     
 B before wg2 wg2 ==>    39.516580474731583        3.1173452393386065     
 Q value wg2 wg2 ==>   2.77337176582312260E-005  2.18783031508334000E-006
 B after wg2 wg2 ==>   36.036588245618439        3.1173474271689217     
 LTM d(wg2)/d(wg2)  0.76501247552405338     
 B before wg2 wg2 ==>    39.461635896816190        3.1130108253702331     
 Q value wg2 wg2 ==>   2.77337176582312260E-005  2.18783031508334000E-006
 B after wg2 wg2 ==>   35.986482347859656        3.1130130132005482     
 LTM d(wg2)/d(wg2)  0.76626037829409943     
 B before wg2 wg2 ==>    39.996051451096996        3.1551692754170699     
 Q value wg2 wg2 ==>   2.77337176582312260E-005  2.18783031508334000E-006
 B after wg2 wg2 ==>   36.473834733471371        3.1551714632473851     
 LTM d(wg2)/d(wg2)  0.75637987935610507     
 B before wg2 wg2 ==>    39.329349529307905        3.1025751481677220     
 Q value wg2 wg2 ==>   2.77337176582312260E-005  2.18783031508334000E-006
 B after wg2 wg2 ==>   35.865845745364368        3.1025773359980371     
 LTM d(wg2)/d(wg2)  0.75730524040930036     
 B before wg2 wg2 ==>    39.507379415036020        3.1166193951665084     
 Q value wg2 wg2 ==>   2.77337176582312260E-005  2.18783031508334000E-006
 B after wg2 wg2 ==>   36.028197474884188        3.1166215829968236     
 LTM d(wg2)/d(wg2)  0.75414682133932076     
 B before wg2 wg2 ==>    33.050103479322672        2.6072241449837814     
 Q value wg2 wg2 ==>   2.77337176582312260E-005  2.18783031508334000E-006
 B after wg2 wg2 ==>   30.139579887662006        2.6072263328140965     
 LTM d(wg2)/d(wg2)  0.76563664205768722     
 B before wg2 wg2 ==>    34.694372015486110        2.7369355884291715     
 Q value wg2 wg2 ==>   2.77337176582312260E-005  2.18783031508334000E-006
 B after wg2 wg2 ==>   31.639046337069427        2.7369377762594866     
 LTM d(wg2)/d(wg2)  0.82288184592828950     
 B before wg2 wg2 ==>    13.948285494982725        1.1431135971658755     
 Q value wg2 wg2 ==>   2.88118474595451211E-005  2.36123748702463053E-006
 B after wg2 wg2 ==>   13.214439542720005        1.1431159584033626     
 LTM d(wg2)/d(wg2)  0.88409333327433481     
 B before wg2 wg2 ==>    24.370910427216153        2.0594727068725103     
 Q value wg2 wg2 ==>   2.97089177555428681E-005  2.51056297018484745E-006
 B after wg2 wg2 ==>   23.807567859120216        2.0594752174354807     
 LTM d(wg2)/d(wg2)  0.82953052968091212     
 B before wg2 wg2 ==>    51.353013437261318        4.1623596438214125     
 Q value wg2 wg2 ==>   2.84954954799046985E-005  2.30966972485765470E-006
 B after wg2 wg2 ==>   48.116973597457196        4.1623619534911374     
 LTM d(wg2)/d(wg2)  0.82933105711170496     
 B before wg2 wg2 ==>    66.928812254678547        5.4248381641346359     
 Q value wg2 wg2 ==>   2.84954954799046985E-005  2.30966972485765470E-006
 B after wg2 wg2 ==>   62.711246346447126        5.4248404738043607     
 LTM d(wg2)/d(wg2)  0.86606132165465521     
 B before wg2 wg2 ==>    83.049862822181751        6.8728027663141527     
 Q value wg2 wg2 ==>   2.90936028119118349E-005  2.40764508324205300E-006
 B after wg2 wg2 ==>   79.449742427732360        6.8728051739592360     
 LTM d(wg2)/d(wg2)  0.85309591274236751     
 B before wg2 wg2 ==>    46.777475729579976        3.9045895210748300     
 Q value wg2 wg2 ==>   2.93454751906339267E-005  2.44951300028902770E-006
 B after wg2 wg2 ==>   45.137148296302776        3.9045919705878305     
 LTM d(wg2)/d(wg2)  0.87977345101910254     
 B before wg2 wg2 ==>    71.279855716129290        5.9498417422496379     
 Q value wg2 wg2 ==>   2.93454751906339301E-005  2.44951300028902855E-006
 B after wg2 wg2 ==>   68.780298081454788        5.9498441917626383     
 LTM d(wg2)/d(wg2)  0.85937267827303021     
 B before wg2 wg2 ==>    113.49621360287261        9.4737075783508988     
 Q value wg2 wg2 ==>   2.93454751906339301E-005  2.44951300028902855E-006
 B after wg2 wg2 ==>   109.51624591377893        9.4737100278638984     
 LTM d(wg2)/d(wg2)  0.85978499978910417     
 B before wg2 wg2 ==>    65.946347776112788        5.5046454402185523     
 Q value wg2 wg2 ==>   2.93454751906339301E-005  2.44951300028902855E-006
 B after wg2 wg2 ==>   63.633821405502026        5.5046478897315527     
 LTM d(wg2)/d(wg2)  0.86804757554414835     
 B before wg2 wg2 ==>    55.093423939517734        4.5987348064261555     
 Q value wg2 wg2 ==>   2.93454751906339301E-005  2.44951300028902855E-006
 B after wg2 wg2 ==>   53.161479371123185        4.5987372559391559     
 LTM d(wg2)/d(wg2)  0.87623347056945322     
 B before wg2 wg2 ==>    72.979811749052445        6.0917397478370221     
 Q value wg2 wg2 ==>   2.93454751906339301E-005  2.44951300028902855E-006
 B after wg2 wg2 ==>   70.420641392457171        6.0917421973500225     
 LTM d(wg2)/d(wg2)  0.85923677183308611     
 B before wg2 wg2 ==>    61.372908486866322        5.1228932647207319     
 Q value wg2 wg2 ==>   2.93454751906339301E-005  2.44951300028902855E-006
 B after wg2 wg2 ==>   59.220759890322199        5.1228957142337324     
 LTM d(wg2)/d(wg2)  0.86573400527802358     
 B before wg2 wg2 ==>    96.031825327681730        8.0159276022464709     
 Q value wg2 wg2 ==>   2.93454751906339267E-005  2.44951300028902770E-006
 B after wg2 wg2 ==>   92.664285078828954        8.0159300517594705     
 LTM d(wg2)/d(wg2)  0.86363902133383308     
 B before wg2 wg2 ==>    147.00122932451234        12.270423973362247     
 Q value wg2 wg2 ==>   2.93454751906339267E-005  2.44951300028902770E-006
 B after wg2 wg2 ==>   141.84633408053912        12.270426422875246     
 LTM d(wg2)/d(wg2)  0.86021009147952654     
 B before wg2 wg2 ==>    93.124953282023995        7.7732864175404917     
 Q value wg2 wg2 ==>   2.93454751906339301E-005  2.44951300028902855E-006
 B after wg2 wg2 ==>   89.859348937136403        7.7732888670534921     
 LTM d(wg2)/d(wg2)  0.88756586383179781     
 B before wg2 wg2 ==>    151.24240742660817        12.624441784630839     
 Q value wg2 wg2 ==>   2.93454751906339301E-005  2.44951300028902855E-006
 B after wg2 wg2 ==>   145.93878588270715        12.624444234143839     
 LTM d(wg2)/d(wg2)  0.95931977339848751     
 B before wg2 wg2 ==>    115.80662003320784        10.122172321647206     
 Q value wg2 wg2 ==>   3.07286077929626550E-005  2.68585909160881841E-006
 B after wg2 wg2 ==>   117.01251189280040        10.122175007506298     
 LTM d(wg2)/d(wg2)  0.89924414420858123     
 B before wg2 wg2 ==>    12.537180026076602        1.0682967956566489     
 Q value wg2 wg2 ==>   2.99567439760672274E-005  2.55262296077550968E-006
 B after wg2 wg2 ==>   12.349558281983791        1.0682993482796097     
 LTM d(wg2)/d(wg2)  0.91517174690188707     
 B before wg2 wg2 ==>    11.575876085210211       0.98638380425478167     
 Q value wg2 wg2 ==>   2.99567439760672274E-005  2.55262296077550968E-006
 B after wg2 wg2 ==>   11.402642735327266       0.98638635687774245     
 LTM d(wg2)/d(wg2)  0.87465808347229501     
 B before wg2 wg2 ==>    35.762528944835672        3.0081249036431084     
 Q value wg2 wg2 ==>   2.95712843201975552E-005  2.48735532471740243E-006
 B after wg2 wg2 ==>   34.774002806041068        3.0081273909984332     
 LTM d(wg2)/d(wg2)  0.88184743289060541     
 B before wg2 wg2 ==>    12.192124655058173        1.0325628895750356     
 Q value wg2 wg2 ==>   2.97741698954513687E-005  2.52160339331755398E-006
 B after wg2 wg2 ==>   11.936473373164516        1.0325654111784290     
 LTM d(wg2)/d(wg2)  0.88509211890977035     
 B before wg2 wg2 ==>    29.995333067827918        2.5403339173892521     
 Q value wg2 wg2 ==>   2.97741698954513687E-005  2.52160339331755398E-006
 B after wg2 wg2 ==>   29.366331599573083        2.5403364389926453     
 LTM d(wg2)/d(wg2)  0.88262502348966598     
 B before wg2 wg2 ==>    25.902050297974185        2.1936698203375222     
 Q value wg2 wg2 ==>   2.97741698954513687E-005  2.52160339331755398E-006
 B after wg2 wg2 ==>   25.358888856388798        2.1936723419409154     
 LTM d(wg2)/d(wg2)  0.88268242607534586     
 B before wg2 wg2 ==>    18.176925805987842        1.5394215171541228     
 Q value wg2 wg2 ==>   2.97741698954513687E-005  2.52160339331755398E-006
 B after wg2 wg2 ==>   17.795767560785734        1.5394240387575162     
 LTM d(wg2)/d(wg2)  0.88044945935533903     
 B before wg2 wg2 ==>    44.757415563413289        3.7905490348554993     
 Q value wg2 wg2 ==>   2.97741698954513687E-005  2.52160339331755398E-006
 B after wg2 wg2 ==>   43.818839207136996        3.7905515564588925     
 LTM d(wg2)/d(wg2)  0.87914808243925047     
 B before wg2 wg2 ==>    44.021046687264736        3.7281852388756391     
 Q value wg2 wg2 ==>   2.97741698954513687E-005  2.52160339331755398E-006
 B after wg2 wg2 ==>   43.097912685577938        3.7281877604790323     
 LTM d(wg2)/d(wg2)  0.87746369815473624     
 B before wg2 wg2 ==>    42.779017564152483        3.6229965850042998     
 Q value wg2 wg2 ==>   2.97741698954513687E-005  2.52160339331755398E-006
 B after wg2 wg2 ==>   41.881930092609508        3.6229991066076930     
 LTM d(wg2)/d(wg2)  0.87809435325440921     
 B before wg2 wg2 ==>    42.789306014831325        3.6238679238941782     
 Q value wg2 wg2 ==>   2.97741698954513687E-005  2.52160339331755398E-006
 B after wg2 wg2 ==>   41.892002784707692        3.6238704454975714     
 LTM d(wg2)/d(wg2)  0.88079152534374161     
 B before wg2 wg2 ==>    43.296759913781081        3.6668446879160501     
 Q value wg2 wg2 ==>   2.97741698954513687E-005  2.52160339331755398E-006
 B after wg2 wg2 ==>   42.388814893517718        3.6668472095194433     
 LTM d(wg2)/d(wg2)  0.88265092261930855     
 B before wg2 wg2 ==>    43.833281495394893        3.7122832222408029     
 Q value wg2 wg2 ==>   2.97741698954513687E-005  2.52160339331755398E-006
 B after wg2 wg2 ==>   42.914085108083633        3.7122857438441961     
 LTM d(wg2)/d(wg2)  0.88284322364090428     
 B before wg2 wg2 ==>    38.548118531450207        3.2646776328686813     
 Q value wg2 wg2 ==>   2.97741698954513687E-005  2.52160339331755398E-006
 B after wg2 wg2 ==>   37.739757030289162        3.2646801544720745     
 LTM d(wg2)/d(wg2)  0.81139749297153874     
 B before wg2 wg2 ==>    34.848727258770957        2.8354908337900970     
 Q value wg2 wg2 ==>   2.86051263465708515E-005  2.32747592050711275E-006
 B after wg2 wg2 ==>   32.778348231338619        2.8354931612660175     
 LTM d(wg2)/d(wg2)  0.76292988998738243     
 B before wg2 wg2 ==>    10.791654786295675       0.85132147742783704     
 Q value wg2 wg2 ==>   2.77337176582312260E-005  2.18783031508334000E-006
 B after wg2 wg2 ==>   9.8413157677841081       0.85132366525815217     
 LTM d(wg2)/d(wg2)  0.76627102948094683     
 B before wg2 wg2 ==>    11.838405412239384       0.93389651406712493     
 Q value wg2 wg2 ==>   2.77337176582312260E-005  2.18783031508334000E-006
 B after wg2 wg2 ==>   10.795884568426048       0.93389870189744006     
 LTM d(wg2)/d(wg2)  0.75612271188339897     
 B before wg2 wg2 ==>    12.711504781445615        1.0027727206965162     
 Q value wg2 wg2 ==>   2.77337176582312260E-005  2.18783031508334000E-006
 B after wg2 wg2 ==>   11.592094665700206        1.0027749085268314     
 LTM d(wg2)/d(wg2)  0.75165187296782698     
 B before wg2 wg2 ==>    12.468360775958784       0.98359181488755421     
 Q value wg2 wg2 ==>   2.77337176582312260E-005  2.18783031508334000E-006
 B after wg2 wg2 ==>   11.370363074671452       0.98359400271786934     
 LTM d(wg2)/d(wg2)  0.76553206503079574     
 B before wg2 wg2 ==>    13.467769859517773        1.0624322183677224     
 Q value wg2 wg2 ==>   2.77337176582312260E-005  2.18783031508334000E-006
 B after wg2 wg2 ==>   12.281759453712038        1.0624344061980375     
 LTM d(wg2)/d(wg2)  0.75636889817745789     
 B before wg2 wg2 ==>    13.773525246607965        1.0865523494341547     
 Q value wg2 wg2 ==>   2.77337176582312260E-005  2.18783031508334000E-006
 B after wg2 wg2 ==>   12.560588571087882        1.0865545372644698     
 LTM d(wg2)/d(wg2)  0.76191787094279806     
 B before wg2 wg2 ==>    21.114845381698476        1.6656872112731966     
 Q value wg2 wg2 ==>   2.77337176582312260E-005  2.18783031508334000E-006
 B after wg2 wg2 ==>   19.255397232094335        1.6656893991035118     
 LTM d(wg2)/d(wg2)  0.82119584038700733     
 B before wg2 wg2 ==>    21.027644578126587        1.7232932636971072     
 Q value wg2 wg2 ==>   2.88118474595451211E-005  2.36123748702463053E-006
 B after wg2 wg2 ==>   19.921326163392227        1.7232956249345943     
 LTM d(wg2)/d(wg2)  0.81140623282243973     
 B before wg2 wg2 ==>    52.814531010016346        4.2808212755035235     
 Q value wg2 wg2 ==>   2.84954954799046985E-005  2.30966972485765470E-006
 B after wg2 wg2 ==>   49.486392035269645        4.2808235851732483     
 LTM d(wg2)/d(wg2)  0.82660493835593651     
 B before wg2 wg2 ==>    68.256174047529385        5.5324259528446929     
 Q value wg2 wg2 ==>   2.84954954799046985E-005  2.30966972485765470E-006
 B after wg2 wg2 ==>   63.954962978161149        5.5324282625144177     
 LTM d(wg2)/d(wg2)  0.82546013387060613     
 B before wg2 wg2 ==>    74.268053556677543        6.0197119556995560     
 Q value wg2 wg2 ==>   2.84954954799046985E-005  2.30966972485765470E-006
 B after wg2 wg2 ==>   69.587997297560548        6.0197142653692808     
 LTM d(wg2)/d(wg2)  0.89436895781027359     
 B before wg2 wg2 ==>    76.300058038109611        6.4178935655831424     
 Q value wg2 wg2 ==>   2.95712842777049175E-005  2.48735531756896147E-006
 B after wg2 wg2 ==>   74.190985402279509        6.4178960529384597     
 LTM d(wg2)/d(wg2)  0.96676256477056854     
 B before wg2 wg2 ==>    132.76210815537536        11.604180625844389     
 Q value wg2 wg2 ==>   3.07286077929626550E-005  2.68585909160881841E-006
 B after wg2 wg2 ==>   134.14455260455492        11.604183311703482     
 LTM d(wg2)/d(wg2)  0.96290009893708717     
 B before wg2 wg2 ==>    97.075708507877977        8.4849816830934763     
 Q value wg2 wg2 ==>   3.07286077929626550E-005  2.68585909160881841E-006
 B after wg2 wg2 ==>   98.086560807931193        8.4849843689525688     
 LTM d(wg2)/d(wg2)  0.94128266214997014     
 B before wg2 wg2 ==>    81.584151580578322        7.1309294820727631     
 Q value wg2 wg2 ==>   3.07286077929626550E-005  2.68585909160881841E-006
 B after wg2 wg2 ==>   82.433694782801837        7.1309321679318547     
 LTM d(wg2)/d(wg2)  0.97391210893030622     
 B before wg2 wg2 ==>    66.858290627283353        5.8438035637865280     
 Q value wg2 wg2 ==>   3.07286077929626550E-005  2.68585909160881841E-006
 B after wg2 wg2 ==>   67.554497702202852        5.8438062496456196     
 LTM d(wg2)/d(wg2)  0.96978359483962728     
 B before wg2 wg2 ==>    88.249211500781328        7.7134944945656008     
 Q value wg2 wg2 ==>   3.07286077929626550E-005  2.68585909160881841E-006
 B after wg2 wg2 ==>   89.168156042570288        7.7134971804246923     
 LTM d(wg2)/d(wg2)  0.97363498681685257     
 B before wg2 wg2 ==>    48.502516847792982        4.2394021466663654     
 Q value wg2 wg2 ==>   3.07286077929626550E-005  2.68585909160881841E-006
 B after wg2 wg2 ==>   49.007590563926719        4.2394048325254570     
 LTM d(wg2)/d(wg2)  0.86426218139552224     
 B before wg2 wg2 ==>    25.328774946197285        2.1142327090994710     
 Q value wg2 wg2 ==>   2.93454751906339301E-005  2.44951300028902855E-006
 B after wg2 wg2 ==>   24.440593692349733        2.1142351586124715     
 LTM d(wg2)/d(wg2)  0.86142396345034444     
 B before wg2 wg2 ==>    35.835058613115166        2.9912087423604161     
 Q value wg2 wg2 ==>   2.93454751906339267E-005  2.44951300028902770E-006
 B after wg2 wg2 ==>   34.578451262046904        2.9912111918734166     
 LTM d(wg2)/d(wg2)  0.85845962928984498     
 B before wg2 wg2 ==>    53.769200167145428        4.4881997639827800     
 Q value wg2 wg2 ==>   2.93454751906339301E-005  2.44951300028902855E-006
 B after wg2 wg2 ==>   51.883692437101082        4.4882022134957804     
 LTM d(wg2)/d(wg2)  0.86203712406832111     
 B before wg2 wg2 ==>    68.986820772217570        5.7584385065296217     
 Q value wg2 wg2 ==>   2.93454751906339301E-005  2.44951300028902855E-006
 B after wg2 wg2 ==>   66.567673484527731        5.7584409560426222     
 LTM d(wg2)/d(wg2)  0.88048563686043446     
 B before wg2 wg2 ==>    144.00120434141297        12.020007166356883     
 Q value wg2 wg2 ==>   2.93454751906339301E-005  2.44951300028902855E-006
 B after wg2 wg2 ==>   138.95151161539277        12.020009615869883     
 LTM d(wg2)/d(wg2)  0.96101159350498988     
 B before wg2 wg2 ==>    126.71752944740808        11.075849281088281     
 Q value wg2 wg2 ==>   3.07286077929626550E-005  2.68585909160881841E-006
 B after wg2 wg2 ==>   128.03703344826997        11.075851966947374     
 LTM d(wg2)/d(wg2)  0.89466785033052398     
 B before wg2 wg2 ==>    48.267298989940116        4.1128707363780963     
 Q value wg2 wg2 ==>   2.99567439760672274E-005  2.55262296077550968E-006
 B after wg2 wg2 ==>   47.544883810636669        4.1128732890010573     
 LTM d(wg2)/d(wg2)  0.89758891831169008     
 B before wg2 wg2 ==>    48.484998848279488        4.1314210053058078     
 Q value wg2 wg2 ==>   2.99567439760672274E-005  2.55262296077550968E-006
 B after wg2 wg2 ==>   47.759325228801131        4.1314235579287688     
 LTM d(wg2)/d(wg2)  0.88738088044252661     
 B before wg2 wg2 ==>    47.424286902621063        4.0164089611641423     
 Q value wg2 wg2 ==>   2.97741698954513687E-005  2.52160339331755398E-006
 B after wg2 wg2 ==>   46.429783721897770        4.0164114827675359     
 LTM d(wg2)/d(wg2)  0.88059175958823610     
 B before wg2 wg2 ==>    45.250983717577647        3.8323498016525095     
 Q value wg2 wg2 ==>   2.97741698954513687E-005  2.52160339331755398E-006
 B after wg2 wg2 ==>   44.302056768415689        3.8323523232559027     
 LTM d(wg2)/d(wg2)  0.88064107214516185     
 B before wg2 wg2 ==>    43.773080752892170        3.7071847628342720     
 Q value wg2 wg2 ==>   2.97741698954513687E-005  2.52160339331755398E-006
 B after wg2 wg2 ==>   42.855146832317878        3.7071872844376652     
 LTM d(wg2)/d(wg2)  0.87358915112990065     
 B before wg2 wg2 ==>    42.312878936105491        3.5835188514397029     
 Q value wg2 wg2 ==>   2.97741698954513687E-005  2.52160339331755398E-006
 B after wg2 wg2 ==>   41.425566834238396        3.5835213730430961     
 LTM d(wg2)/d(wg2)  0.87850481288645588     
 B before wg2 wg2 ==>    38.336221968949502        3.2467319069958758     
 Q value wg2 wg2 ==>   2.97741698954513687E-005  2.52160339331755398E-006
 B after wg2 wg2 ==>   37.532304139921294        3.2467344285992690     
 LTM d(wg2)/d(wg2)  0.87639165345410164     
 B before wg2 wg2 ==>    37.532604917529241        3.1786727976771392     
 Q value wg2 wg2 ==>   2.97741698954513687E-005  2.52160339331755398E-006
 B after wg2 wg2 ==>   36.745539701184917        3.1786753192805324     
 LTM d(wg2)/d(wg2)  0.87507001290835240     
 B before wg2 wg2 ==>    6.3580072842748647       0.53846581782333780     
 Q value wg2 wg2 ==>   2.97741698954513687E-005  2.52160339331755398E-006
 B after wg2 wg2 ==>   6.2247029837305101       0.53846833942673111     
 LTM d(wg2)/d(wg2)  0.87624125100674033     
 B before wg2 wg2 ==>    5.9614683963791686       0.50488255391333658     
 Q value wg2 wg2 ==>   2.97741698954513687E-005  2.52160339331755398E-006
 B after wg2 wg2 ==>   5.8364798928677315       0.50488507551672990     
 LTM d(wg2)/d(wg2)  0.87744379597952338     
 B before wg2 wg2 ==>    7.0057920339502466       0.59332733801538684     
 Q value wg2 wg2 ==>   2.97741698954513687E-005  2.52160339331755398E-006
 B after wg2 wg2 ==>   6.8589030720681210       0.59332985961878015     
 LTM d(wg2)/d(wg2)  0.87991725433723589     
 B before wg2 wg2 ==>    7.8188257183136090       0.66218395113242734     
 Q value wg2 wg2 ==>   2.97741698954513687E-005  2.52160339331755398E-006
 B after wg2 wg2 ==>   7.6548866680127441       0.66218647273582065     
 LTM d(wg2)/d(wg2)  0.88157449644242258     
 B before wg2 wg2 ==>    7.7553484925583431       0.65680800317401533     
 Q value wg2 wg2 ==>   2.97741698954513687E-005  2.52160339331755398E-006
 B after wg2 wg2 ==>   7.5927406199596064       0.65681052477740864     
 LTM d(wg2)/d(wg2)  0.88363358555004456     
 B before wg2 wg2 ==>    7.9095369554097825       0.66986637398676485     
 Q value wg2 wg2 ==>   2.97741698954513687E-005  2.52160339331755398E-006
 B after wg2 wg2 ==>   7.7436956043275247       0.66986889559015816     
 LTM d(wg2)/d(wg2)  0.84407157712060910     
 B before wg2 wg2 ==>    16.162606776200679        1.3312462452201552     
 Q value wg2 wg2 ==>   2.89567310871140741E-005  2.38504469404853643E-006
 B after wg2 wg2 ==>   15.389256366899758        1.3312486302648492     
 LTM d(wg2)/d(wg2)  0.76200877311332471     
 B before wg2 wg2 ==>    17.000757057520968        1.3411390469958215     
 Q value wg2 wg2 ==>   2.77337176582312260E-005  2.18783031508334000E-006
 B after wg2 wg2 ==>   15.503615040605757        1.3411412348261367     
 LTM d(wg2)/d(wg2)  0.76596540475272012     
 B before wg2 wg2 ==>    39.292133268045056        3.0996392682540259     
 Q value wg2 wg2 ==>   2.77337176582312260E-005  2.18783031508334000E-006
 B after wg2 wg2 ==>   35.831906924600801        3.0996414560843411     
 LTM d(wg2)/d(wg2)  0.76277110127536207     
 B before wg2 wg2 ==>    39.278826558641001        3.0985895416148872     
 Q value wg2 wg2 ==>   2.77337176582312260E-005  2.18783031508334000E-006
 B after wg2 wg2 ==>   35.819772067146225        3.0985917294452023     
 LTM d(wg2)/d(wg2)  0.75411317833351366     
 B before wg2 wg2 ==>    37.881817274788986        2.9883836435333810     
 Q value wg2 wg2 ==>   2.77337176582312260E-005  2.18783031508334000E-006
 B after wg2 wg2 ==>   34.545790047436419        2.9883858313636962     
 LTM d(wg2)/d(wg2)  0.75520664075502542     
 B before wg2 wg2 ==>    38.028695242509755        2.9999704085807983     
 Q value wg2 wg2 ==>   2.77337176582312260E-005  2.18783031508334000E-006
 B after wg2 wg2 ==>   34.679733244615342        2.9999725964111135     
 LTM d(wg2)/d(wg2)  0.74945543398326597     
 B before wg2 wg2 ==>    37.367233654234560        2.9477896756215394     
 Q value wg2 wg2 ==>   2.77337176582312260E-005  2.18783031508334000E-006
 B after wg2 wg2 ==>   34.076523101395878        2.9477918634518545     
 LTM d(wg2)/d(wg2)  0.75558449643848058     
 B before wg2 wg2 ==>    38.031751717430225        3.0002115247762791     
 Q value wg2 wg2 ==>   2.77337176582312260E-005  2.18783031508334000E-006
 B after wg2 wg2 ==>   34.682520551856157        3.0002137126065942     
 LTM d(wg2)/d(wg2)  0.76063879478908458     
 B before wg2 wg2 ==>    33.504185595485197        2.6430453295620673     
 Q value wg2 wg2 ==>   2.77337176582312260E-005  2.18783031508334000E-006
 B after wg2 wg2 ==>   30.553673378771631        2.6430475173923824     
 LTM d(wg2)/d(wg2)  0.79766858809219188     
 B before wg2 wg2 ==>    43.543016239920625        3.5004735439503394     
 Q value wg2 wg2 ==>   2.82625168526286871E-005  2.27205648738167606E-006
 B after wg2 wg2 ==>   40.465558809960555        3.5004758160068268     
 LTM d(wg2)/d(wg2)  0.81617762602277366     
 B before wg2 wg2 ==>    14.152123825886576        1.1470841756774472     
 Q value wg2 wg2 ==>   2.84954954799046985E-005  2.30966972485765470E-006
 B after wg2 wg2 ==>   13.260338900406339        1.1470864853471721     
 LTM d(wg2)/d(wg2)  0.81178967454685014     
 B before wg2 wg2 ==>    14.501127102487596        1.1753722362381052     
 Q value wg2 wg2 ==>   2.84954954799046985E-005  2.30966972485765470E-006
 B after wg2 wg2 ==>   13.587349352243379        1.1753745459078300     
 LTM d(wg2)/d(wg2)  0.81268177839593647     
 B before wg2 wg2 ==>    46.784741082443830        3.7920835642120250     
 Q value wg2 wg2 ==>   2.84954954799046985E-005  2.30966972485765470E-006
 B after wg2 wg2 ==>   43.836575942132818        3.7920858738817498     
 LTM d(wg2)/d(wg2)  0.93658567660075864     
 B before wg2 wg2 ==>    94.754996387181777        8.2821379424861927     
 Q value wg2 wg2 ==>   3.07286077929626550E-005  2.68585909160881841E-006
 B after wg2 wg2 ==>   95.741683783715700        8.2821406283452852     
 LTM d(wg2)/d(wg2)  0.93866185782652833     
 B before wg2 wg2 ==>    89.253579139782872        7.8012820693462501     
 Q value wg2 wg2 ==>   3.07286077929626550E-005  2.68585909160881841E-006
 B after wg2 wg2 ==>   90.182981871055105        7.8012847552053417     
 LTM d(wg2)/d(wg2)  0.94165141141578823     
 B before wg2 wg2 ==>    71.660917085748679        6.2635810566029875     
 Q value wg2 wg2 ==>   3.07286077929626550E-005  2.68585909160881841E-006
 B after wg2 wg2 ==>   72.407132519728790        6.2635837424620791     
 LTM d(wg2)/d(wg2)  0.94722949993814665     
 B before wg2 wg2 ==>    74.701168465929953        6.5293167145687931     
 Q value wg2 wg2 ==>   3.07286077929626550E-005  2.68585909160881841E-006
 B after wg2 wg2 ==>   75.479041157448080        6.5293194004278847     
 LTM d(wg2)/d(wg2)  0.97213145270856438     
 B before wg2 wg2 ==>    89.644514844286007        7.8354521242751529     
 Q value wg2 wg2 ==>   3.07286077929626550E-005  2.68585909160881841E-006
 B after wg2 wg2 ==>   90.577988275882205        7.8354548101342445     
 LTM d(wg2)/d(wg2)  0.94175416972097936     
 B before wg2 wg2 ==>    103.53662324888987        9.0497032192650693     
 Q value wg2 wg2 ==>   3.07286077929626550E-005  2.68585909160881841E-006
 B after wg2 wg2 ==>   104.61475118385302        9.0497059051241617     
 LTM d(wg2)/d(wg2)  0.94943403942939975     
 B before wg2 wg2 ==>    89.509430238116423        7.8236449438112192     
 Q value wg2 wg2 ==>   3.07286077929626550E-005  2.68585909160881841E-006
 B after wg2 wg2 ==>   90.441497072812524        7.8236476296703108     
 LTM d(wg2)/d(wg2)  0.94289930487435991     
 B before wg2 wg2 ==>    146.27607972577277        12.785380361629606     
 Q value wg2 wg2 ==>   3.07286077929626550E-005  2.68585909160881841E-006
 B after wg2 wg2 ==>   147.79924124892671        12.785383047488699     
 LTM d(wg2)/d(wg2)  0.86076803921435363     
 B before wg2 wg2 ==>    127.79582630390614        10.667318756317414     
 Q value wg2 wg2 ==>   2.93454751906339301E-005  2.44951300028902855E-006
 B after wg2 wg2 ==>   123.31441103675034        10.667321205830413     
 LTM d(wg2)/d(wg2)  0.89804583917915559     
 B before wg2 wg2 ==>    119.95361086141980        10.221282468508567     
 Q value wg2 wg2 ==>   2.99567440448829352E-005  2.55262297250312341E-006
 B after wg2 wg2 ==>   118.15822530315134        10.221285021131539     
 LTM d(wg2)/d(wg2)  0.96726870109774943     
 B before wg2 wg2 ==>    128.13833078386156        11.200035583721800     
 Q value wg2 wg2 ==>   3.07286077929626550E-005  2.68585909160881841E-006
 B after wg2 wg2 ==>   129.47262917775021        11.200038269580892     
 LTM d(wg2)/d(wg2)  0.96596901733727736     
 B before wg2 wg2 ==>    111.32151595835671        9.7301481324156498     
 Q value wg2 wg2 ==>   3.07286077929626550E-005  2.68585909160881841E-006
 B after wg2 wg2 ==>   112.48070572755373        9.7301508182747423     
 LTM d(wg2)/d(wg2)  0.90299762279722828     
 B before wg2 wg2 ==>    41.051312718935485        3.4979944248963486     
 Q value wg2 wg2 ==>   2.99567439760672274E-005  2.55262296077550968E-006
 B after wg2 wg2 ==>   40.436903395705620        3.4979969775193092     
 LTM d(wg2)/d(wg2)  0.90124756710162157     
 B before wg2 wg2 ==>    11.503466005739812       0.98021372009625674     
 Q value wg2 wg2 ==>   2.99567439760672274E-005  2.55262296077550968E-006
 B after wg2 wg2 ==>   11.331316459557129       0.98021627271921752     
 LTM d(wg2)/d(wg2)  0.88591020815023636     
 B before wg2 wg2 ==>    10.310289410201856       0.87318843326755025     
 Q value wg2 wg2 ==>   2.97741698954513687E-005  2.52160339331755398E-006
 B after wg2 wg2 ==>   10.094102000385558       0.87319095487094356     
 LTM d(wg2)/d(wg2)  0.87728451268144925     
 B before wg2 wg2 ==>    7.9878937745021625       0.67650248917004996     
 Q value wg2 wg2 ==>   2.97741698954513687E-005  2.52160339331755398E-006
 B after wg2 wg2 ==>   7.8204092065158202       0.67650501077344327     
 LTM d(wg2)/d(wg2)  0.87419115724810370     
 B before wg2 wg2 ==>    6.6357665432999839       0.56198951949302267     
 Q value wg2 wg2 ==>   2.97741698954513687E-005  2.52160339331755398E-006
 B after wg2 wg2 ==>   6.4966373673333893       0.56199204109641598     
 LTM d(wg2)/d(wg2)  0.87507082408908954     
 B before wg2 wg2 ==>    7.3667015703160263       0.62389311750735010     
 Q value wg2 wg2 ==>   2.97741698954513687E-005  2.52160339331755398E-006
 B after wg2 wg2 ==>   7.2122439927362363       0.62389563911074342     
 LTM d(wg2)/d(wg2)  0.87448311136351697     
 B before wg2 wg2 ==>    7.8007636852561575       0.66065425999383942     
 Q value wg2 wg2 ==>   2.97741698954513687E-005  2.52160339331755398E-006
 B after wg2 wg2 ==>   7.6372034129402335       0.66065678159723273     
 LTM d(wg2)/d(wg2)  0.87417156394919948     
 B before wg2 wg2 ==>    10.666254714706902       0.90333548095670746     
 Q value wg2 wg2 ==>   2.97741698954513687E-005  2.52160339331755398E-006
 B after wg2 wg2 ==>   10.442602374430107       0.90333800256010077     
 LTM d(wg2)/d(wg2)  0.87465208555138552     
 B before wg2 wg2 ==>    10.683176718317020       0.90476862189312446     
 Q value wg2 wg2 ==>   2.97741698954513687E-005  2.52160339331755398E-006
 B after wg2 wg2 ==>   10.459169507555368       0.90477114349651777     
 LTM d(wg2)/d(wg2)  0.87506674713404420     
 B before wg2 wg2 ==>    42.103722027552202        3.5658051495230505     
 Q value wg2 wg2 ==>   2.97741698954513687E-005  2.52160339331755398E-006
 B after wg2 wg2 ==>   41.220796144673088        3.5658076711264437     
 LTM d(wg2)/d(wg2)  0.87688432884608802     
 B before wg2 wg2 ==>    42.780924304437079        3.6231580686926343     
 Q value wg2 wg2 ==>   2.97741698954513687E-005  2.52160339331755398E-006
 B after wg2 wg2 ==>   41.883796846739692        3.6231605902960276     
 LTM d(wg2)/d(wg2)  0.88691185081041468     
 B before wg2 wg2 ==>    43.658170263158226        3.6974528817488097     
 Q value wg2 wg2 ==>   2.97741698954513687E-005  2.52160339331755398E-006
 B after wg2 wg2 ==>   42.742646124672781        3.6974554033522029     
 LTM d(wg2)/d(wg2)  0.88394843613373075     
 B before wg2 wg2 ==>    43.072424712829239        3.6478455216606318     
 Q value wg2 wg2 ==>   2.97741698954513687E-005  2.52160339331755398E-006
 B after wg2 wg2 ==>   42.169184214758779        3.6478480432640250     
 LTM d(wg2)/d(wg2)  0.88130926768658813     
 B before wg2 wg2 ==>    43.008668654841756        3.6424459591294078     
 Q value wg2 wg2 ==>   2.97741698954513687E-005  2.52160339331755398E-006
 B after wg2 wg2 ==>   42.106765181850115        3.6424484807328010     
 LTM d(wg2)/d(wg2)  0.82819283032179614     
 B before wg2 wg2 ==>    41.300832736268497        3.3604708654636086     
 Q value wg2 wg2 ==>   2.86051263465708515E-005  2.32747592050711275E-006
 B after wg2 wg2 ==>   38.847126152499385        3.3604731929395291     
 LTM d(wg2)/d(wg2)  0.78957096163521800     
 B before wg2 wg2 ==>    34.081396650668246        2.6885797891066900     
 Q value wg2 wg2 ==>   2.77337176582312260E-005  2.18783031508334000E-006
 B after wg2 wg2 ==>   31.080052490478973        2.6885819769370052     
 LTM d(wg2)/d(wg2)  0.76935055241270245     
 B before wg2 wg2 ==>    32.775751634479050        2.5855813457548877     
 Q value wg2 wg2 ==>   2.77337176582312260E-005  2.18783031508334000E-006
 B after wg2 wg2 ==>   29.889388767642210        2.5855835335852029     
 LTM d(wg2)/d(wg2)  0.75352015773827818     
 B before wg2 wg2 ==>    11.016033491432191       0.86902204462933219     
 Q value wg2 wg2 ==>   2.77337176582312260E-005  2.18783031508334000E-006
 B after wg2 wg2 ==>   10.045934619823155       0.86902423245964733     
 LTM d(wg2)/d(wg2)  0.77310146010162373     
 B before wg2 wg2 ==>    10.907184288362043       0.86043525546589483     
 Q value wg2 wg2 ==>   2.77337176582312260E-005  2.18783031508334000E-006
 B after wg2 wg2 ==>   9.9466711938931951       0.86043744329620997     
 LTM d(wg2)/d(wg2)  0.76256186685362848     
 B before wg2 wg2 ==>    11.329465483953236       0.89374776021513980     
 Q value wg2 wg2 ==>   2.77337176582312260E-005  2.18783031508334000E-006
 B after wg2 wg2 ==>   10.331764304342222       0.89374994804545493     
 LTM d(wg2)/d(wg2)  0.75241809729187703     
 B before wg2 wg2 ==>    10.826376115409433       0.85406053958139283     
 Q value wg2 wg2 ==>   2.77337176582312260E-005  2.18783031508334000E-006
 B after wg2 wg2 ==>   9.8729793719581505       0.85406272741170797     
 LTM d(wg2)/d(wg2)  0.76754663070049345     
 B before wg2 wg2 ==>    11.790479700174549       0.93011579750328255     
 Q value wg2 wg2 ==>   2.77337176582312260E-005  2.18783031508334000E-006
 B after wg2 wg2 ==>   10.752179421897575       0.93011798533359769     
 LTM d(wg2)/d(wg2)  0.75975539564221595     
 B before wg2 wg2 ==>    11.654941368777257       0.91942358256329237     
 Q value wg2 wg2 ==>   2.77337176582312260E-005  2.18783031508334000E-006
 B after wg2 wg2 ==>   10.628577238878789       0.91942577039360751     
 LTM d(wg2)/d(wg2)  0.78045852344335820     
 B before wg2 wg2 ==>    22.119179921349676        1.7449161693022699     
 Q value wg2 wg2 ==>   2.77337176582312260E-005  2.18783031508334000E-006
 B after wg2 wg2 ==>   20.171285308200130        1.7449183571325850     
 LTM d(wg2)/d(wg2)  0.82826033728144532     
 B before wg2 wg2 ==>    30.911184312652061        2.5054706143564172     
 Q value wg2 wg2 ==>   2.84954954799046985E-005  2.30966972485765470E-006
 B after wg2 wg2 ==>   28.963308785146580        2.5054729240261420     
 LTM d(wg2)/d(wg2)  0.81619246491628095     
 B before wg2 wg2 ==>    73.429596424998209        5.9517517739228811     
 Q value wg2 wg2 ==>   2.84954954799046985E-005  2.30966972485765470E-006
 B after wg2 wg2 ==>   68.802376462860209        5.9517540835926059     
 LTM d(wg2)/d(wg2)  0.81119356894979011     
 B before wg2 wg2 ==>    63.921426242744907        5.1810779379746110     
 Q value wg2 wg2 ==>   2.84954954799046985E-005  2.30966972485765470E-006
 B after wg2 wg2 ==>   59.893374066883702        5.1810802476443358     
 LTM d(wg2)/d(wg2)  0.90313759296973739     
 B before wg2 wg2 ==>    55.230234367720968        4.7061845068572623     
 Q value wg2 wg2 ==>   2.99567439760672274E-005  2.55262296077550968E-006
 B after wg2 wg2 ==>   54.403600891982535        4.7061870594802233     
 LTM d(wg2)/d(wg2)  0.93941678169282194     
 B before wg2 wg2 ==>    72.821732107454238        6.3650430427993809     
 Q value wg2 wg2 ==>   3.07286077929626550E-005  2.68585909160881841E-006
 B after wg2 wg2 ==>   73.580034772225758        6.3650457286584725     
 LTM d(wg2)/d(wg2)  0.93644321771068773     
 B before wg2 wg2 ==>    114.35437981224095        9.9952380776045189     
 Q value wg2 wg2 ==>   3.07286077929626550E-005  2.68585909160881841E-006
 B after wg2 wg2 ==>   115.54514991480318        9.9952407634636113     
 LTM d(wg2)/d(wg2)  0.94443587094559445     
 B before wg2 wg2 ==>    88.870863818204569        7.7678305237088825     
 Q value wg2 wg2 ==>   3.07286077929626550E-005  2.68585909160881841E-006
 B after wg2 wg2 ==>   89.796281445620608        7.7678332095679741     
 LTM d(wg2)/d(wg2)  0.97117426974419430     
 B before wg2 wg2 ==>    74.541047515480926        6.5153212119603392     
 Q value wg2 wg2 ==>   3.07286077929626550E-005  2.68585909160881841E-006
 B after wg2 wg2 ==>   75.317252913893412        6.5153238978194308     
 LTM d(wg2)/d(wg2)  0.94251565425055839     
 B before wg2 wg2 ==>    124.72559107208231        10.901742278540691     
 Q value wg2 wg2 ==>   3.07286077929626550E-005  2.68585909160881841E-006
 B after wg2 wg2 ==>   126.02435359526289        10.901744964399784     
 LTM d(wg2)/d(wg2)  0.94676583695932048     
 B before wg2 wg2 ==>    107.86500567439896        9.4280290245811109     
 Q value wg2 wg2 ==>   3.07286077929626550E-005  2.68585909160881841E-006
 B after wg2 wg2 ==>   108.98820380259042        9.4280317104402034     
 LTM d(wg2)/d(wg2)  0.93597436033740011     
 B before wg2 wg2 ==>    124.82553709151546        10.823088158832000     
 Q value wg2 wg2 ==>   3.04824799435852309E-005  2.64300539309817188E-006
 B after wg2 wg2 ==>   125.11511016433774        10.823090801837393     
 LTM d(wg2)/d(wg2)  0.97486027289005994     
 B before wg2 wg2 ==>    109.04163152430381        9.5308729691451290     
 Q value wg2 wg2 ==>   3.07286077929626550E-005  2.68585909160881841E-006
 B after wg2 wg2 ==>   110.17708151686384        9.5308756550042215     
 LTM d(wg2)/d(wg2)  0.96859807940012665     
 B before wg2 wg2 ==>    96.853227580379439        8.4655355556978726     
 Q value wg2 wg2 ==>   3.07286077929626550E-005  2.68585909160881841E-006
 B after wg2 wg2 ==>   97.861763250937813        8.4655382415569651     
 LTM d(wg2)/d(wg2)  0.96845028407639255     
 B before wg2 wg2 ==>    106.77967583572050        9.3331648825331115     
 Q value wg2 wg2 ==>   3.07286077929626550E-005  2.68585909160881841E-006
 B after wg2 wg2 ==>   107.89157273848016        9.3331675683922040     
 LTM d(wg2)/d(wg2)  0.97205758617934779     
 B before wg2 wg2 ==>    65.263244745840012        5.7043872742145378     
 Q value wg2 wg2 ==>   3.07286077929626550E-005  2.68585909160881841E-006
 B after wg2 wg2 ==>   65.942843069725640        5.7043899600736294     
 LTM d(wg2)/d(wg2)  0.90328856443071937     
 B before wg2 wg2 ==>    48.269600111094469        4.1130668155881338     
 Q value wg2 wg2 ==>   2.99567439760672274E-005  2.55262296077550968E-006
 B after wg2 wg2 ==>   47.547150489574690        4.1130693682110948     
 LTM d(wg2)/d(wg2)  0.89619472210728746     
 B before wg2 wg2 ==>    23.556121343399234        2.0012677634780487     
 Q value wg2 wg2 ==>   2.98678499673674923E-005  2.53749606875925152E-006
 B after wg2 wg2 ==>   23.134718054152003        2.0012703009741175     
 LTM d(wg2)/d(wg2)  0.88131998186109495     
 B before wg2 wg2 ==>    44.967514268975542        3.8083424984764056     
 Q value wg2 wg2 ==>   2.97741698954513687E-005  2.52160339331755398E-006
 B after wg2 wg2 ==>   44.024531943333656        3.8083450200797988     
 LTM d(wg2)/d(wg2)  0.87229817718192681     
 B before wg2 wg2 ==>    41.671103802961419        3.5291662915139210     
 Q value wg2 wg2 ==>   2.97741698954513687E-005  2.52160339331755398E-006
 B after wg2 wg2 ==>   40.797250335066693        3.5291688131173142     
 LTM d(wg2)/d(wg2)  0.87235367255433338     
 B before wg2 wg2 ==>    41.106168990175696        3.4813214130193799     
 Q value wg2 wg2 ==>   2.97741698954513687E-005  2.52160339331755398E-006
 B after wg2 wg2 ==>   40.244162741767774        3.4813239346227731     
 LTM d(wg2)/d(wg2)  0.87729159269237766     
 B before wg2 wg2 ==>    47.959284755626115        4.0617184494317309     
 Q value wg2 wg2 ==>   2.97741698954513687E-005  2.52160339331755398E-006
 B after wg2 wg2 ==>   46.953562161890787        4.0617209710351245     
 LTM d(wg2)/d(wg2)  0.87200305823954316     
 B before wg2 wg2 ==>    41.409289756622968        3.5069930054077623     
 Q value wg2 wg2 ==>   2.97741698954513687E-005  2.52160339331755398E-006
 B after wg2 wg2 ==>   40.540926777898854        3.5069955270111555     
 LTM d(wg2)/d(wg2)  0.87466285734998928     
 B before wg2 wg2 ==>    41.331592009052201        3.5004127076323570     
 Q value wg2 wg2 ==>   2.97741698954513687E-005  2.52160339331755398E-006
 B after wg2 wg2 ==>   40.464858425876507        3.5004152292357502     
 LTM d(wg2)/d(wg2)  0.87877379136149991     
 B before wg2 wg2 ==>    37.552756213362912        3.1803794305113153     
 Q value wg2 wg2 ==>   2.97741698954513687E-005  2.52160339331755398E-006
 B after wg2 wg2 ==>   36.765268405209255        3.1803819521147085     
 LTM d(wg2)/d(wg2)  0.87715986709871596     
 B before wg2 wg2 ==>    37.451522499718209        3.1718058488886882     
 Q value wg2 wg2 ==>   2.97741698954513687E-005  2.52160339331755398E-006
 B after wg2 wg2 ==>   36.666157658671324        3.1718083704920814     
 LTM d(wg2)/d(wg2)  0.87719628485696088     
 B before wg2 wg2 ==>    6.3708586104155760       0.53955420912757357     
 Q value wg2 wg2 ==>   2.97741698954513687E-005  2.52160339331755398E-006
 B after wg2 wg2 ==>   6.2372848053584180       0.53955673073096688     
 LTM d(wg2)/d(wg2)  0.89053859707521765     
 B before wg2 wg2 ==>    6.5404264692177314       0.55391507593442380     
 Q value wg2 wg2 ==>   2.97741698954513687E-005  2.52160339331755398E-006
 B after wg2 wg2 ==>   6.4032966651396759       0.55391759753781711     
 LTM d(wg2)/d(wg2)  0.89608097812211773     
 B before wg2 wg2 ==>    7.1129234220632247       0.60240039942213919     
 Q value wg2 wg2 ==>   2.97741698954513687E-005  2.52160339331755398E-006
 B after wg2 wg2 ==>   6.9637878132402919       0.60240292102553250     
 LTM d(wg2)/d(wg2)  0.90114132837836869     
 B before wg2 wg2 ==>    7.4321117211800329       0.62943276677230875     
 Q value wg2 wg2 ==>   2.97741698954513687E-005  2.52160339331755398E-006
 B after wg2 wg2 ==>   7.2762824306230769       0.62943528837570206     
 LTM d(wg2)/d(wg2)  0.85552130919213543     
 B before wg2 wg2 ==>    8.5298787473898301       0.71003981907815383     
 Q value wg2 wg2 ==>   2.92645864363604198E-005  2.43602778820610943E-006
 B after wg2 wg2 ==>   8.2081003102952081       0.71004225510594199     
 LTM d(wg2)/d(wg2)  0.81795816554224499     
 B before wg2 wg2 ==>    11.117420944001271       0.87702019853834745     
 Q value wg2 wg2 ==>   2.77337176582312260E-005  2.18783031508334000E-006
 B after wg2 wg2 ==>   10.138393412395411       0.87702238636866259     
 LTM d(wg2)/d(wg2)  0.77752291470666235     
 B before wg2 wg2 ==>    17.643654897873621        1.3918553412178363     
 Q value wg2 wg2 ==>   2.77337176582312260E-005  2.18783031508334000E-006
 B after wg2 wg2 ==>   16.089896247600446        1.3918575290481514     
 LTM d(wg2)/d(wg2)  0.78834421425558188     
 B before wg2 wg2 ==>    18.187950195547014        1.4347931747705527     
 Q value wg2 wg2 ==>   2.77337176582312260E-005  2.18783031508334000E-006
 B after wg2 wg2 ==>   16.586258319537798        1.4347953626008678     
 LTM d(wg2)/d(wg2)  0.78138833156673548     
 B before wg2 wg2 ==>    40.074171609481631        3.1613319418449617     
 Q value wg2 wg2 ==>   2.77337176582312260E-005  2.18783031508334000E-006
 B after wg2 wg2 ==>   36.545075260151684        3.1613341296752768     
 LTM d(wg2)/d(wg2)  0.77567863924569891     
 B before wg2 wg2 ==>    39.831323337678846        3.1421743655847867     
 Q value wg2 wg2 ==>   2.77337176582312260E-005  2.18783031508334000E-006
 B after wg2 wg2 ==>   36.323613359095972        3.1421765534151018     
 LTM d(wg2)/d(wg2)  0.75602487719799316     
 B before wg2 wg2 ==>    37.569328459139584        2.9637323323594771     
 Q value wg2 wg2 ==>   2.77337176582312260E-005  2.18783031508334000E-006
 B after wg2 wg2 ==>   34.260820479159790        2.9637345201897922     
 LTM d(wg2)/d(wg2)  0.76860848377852964     
 B before wg2 wg2 ==>    38.845586312020970        3.0644125099976289     
 Q value wg2 wg2 ==>   2.77337176582312260E-005  2.18783031508334000E-006
 B after wg2 wg2 ==>   35.424685011685376        3.0644146978279441     
 LTM d(wg2)/d(wg2)  0.75115390820432038     
 B before wg2 wg2 ==>    36.845420209300976        2.9066253684156882     
 Q value wg2 wg2 ==>   2.77337176582312260E-005  2.18783031508334000E-006
 B after wg2 wg2 ==>   33.600663023605129        2.9066275562460033     
 LTM d(wg2)/d(wg2)  0.74904192488053956     
 B before wg2 wg2 ==>    36.399918890485282        2.8714810973617384     
 Q value wg2 wg2 ==>   2.77337176582312260E-005  2.18783031508334000E-006
 B after wg2 wg2 ==>   33.194394664125618        2.8714832851920535     
 LTM d(wg2)/d(wg2)  0.78223366379876635     
 B before wg2 wg2 ==>    37.207293818081979        2.9780267597968577     
 Q value wg2 wg2 ==>   2.81386369527439368E-005  2.25218244141035141E-006
 B after wg2 wg2 ==>   34.426065042633631        2.9780290119792991     
 LTM d(wg2)/d(wg2)  0.81652939174117056     
 B before wg2 wg2 ==>    48.421092190894576        3.9247161277374158     
 Q value wg2 wg2 ==>   2.84954954799046985E-005  2.30966972485765470E-006
 B after wg2 wg2 ==>   45.369810588380140        3.9247184374071407     
 LTM d(wg2)/d(wg2)  0.81759766242720944     
 B before wg2 wg2 ==>    17.515924402025778        1.4197331758201686     
 Q value wg2 wg2 ==>   2.84954954799046985E-005  2.30966972485765470E-006
 B after wg2 wg2 ==>   16.412165888983573        1.4197354854898934     
 LTM d(wg2)/d(wg2)  0.81678243245207216     
 B before wg2 wg2 ==>    18.391305527022809        1.4906861895532795     
 Q value wg2 wg2 ==>   2.84954954799046985E-005  2.30966972485765470E-006
 B after wg2 wg2 ==>   17.232383911011336        1.4906884992230043     
 LTM d(wg2)/d(wg2)  0.94525128504698230     
 B before wg2 wg2 ==>    18.274514234822746        1.5734294429887152     
 Q value wg2 wg2 ==>   3.02694113475616320E-005  2.60618599346600623E-006
 B after wg2 wg2 ==>   18.188900728355080        1.5734320491747087     
 LTM d(wg2)/d(wg2)  0.97147831770285042     
 B before wg2 wg2 ==>    67.603193479153063        5.9089124066778034     
 Q value wg2 wg2 ==>   3.07286077929626550E-005  2.68585909160881841E-006
 B after wg2 wg2 ==>   68.307157011836622        5.9089150925368950     
 LTM d(wg2)/d(wg2)  0.96960435832216207     
 B before wg2 wg2 ==>    96.114146407798273        8.4009355614453298     
 Q value wg2 wg2 ==>   3.07286077929626550E-005  2.68585909160881841E-006
 B after wg2 wg2 ==>   97.114986240053781        8.4009382473044223     
 LTM d(wg2)/d(wg2)  0.97017642462766540     
 B before wg2 wg2 ==>    125.10513466063368        10.934916596259244     
 Q value wg2 wg2 ==>   3.07286077929626550E-005  2.68585909160881841E-006
 B after wg2 wg2 ==>   126.40784926133260        10.934919282118337     
 LTM d(wg2)/d(wg2)  0.94271303220286762     
 B before wg2 wg2 ==>    123.06649551436399        10.756727674639045     
 Q value wg2 wg2 ==>   3.07286077929626550E-005  2.68585909160881841E-006
 B after wg2 wg2 ==>   124.34798235577259        10.756730360498137     
 LTM d(wg2)/d(wg2)  0.94169712855334164     
 B before wg2 wg2 ==>    143.69710443021862        12.559962917036330     
 Q value wg2 wg2 ==>   3.07286077929626550E-005  2.68585909160881841E-006
 B after wg2 wg2 ==>   145.19341183017480        12.559965602895423     
 LTM d(wg2)/d(wg2)  0.96682505972542598     
 B before wg2 wg2 ==>    134.21317618360385        11.731012413422253     
 Q value wg2 wg2 ==>   3.07286077929626617E-005  2.68585909160882010E-006
 B after wg2 wg2 ==>   135.61073018411011        11.731015099281345     
 LTM d(wg2)/d(wg2)  0.96029855034875489     
 B before wg2 wg2 ==>    110.52423195785727        9.6604608723951646     
 Q value wg2 wg2 ==>   3.07286077929626550E-005  2.68585909160881841E-006
 B after wg2 wg2 ==>   111.67511983955271        9.6604635582542571     
 LTM d(wg2)/d(wg2)  0.96453756359949860     
 B before wg2 wg2 ==>    144.67981638385882        12.645857658929636     
 Q value wg2 wg2 ==>   3.07286077929626550E-005  2.68585909160881841E-006
 B after wg2 wg2 ==>   146.18635647891543        12.645860344788728     
 LTM d(wg2)/d(wg2)  0.97126559134963475     
 B before wg2 wg2 ==>    78.154972330458818        6.8311992656000502     
 Q value wg2 wg2 ==>   3.07286077929626550E-005  2.68585909160881841E-006
 B after wg2 wg2 ==>   78.968808481820432        6.8312019514591418     
 LTM d(wg2)/d(wg2)  0.94354086235570334     
 B before wg2 wg2 ==>    56.858948788978566        4.9698029137256432     
 Q value wg2 wg2 ==>   3.07286077929626550E-005  2.68585909160881841E-006
 B after wg2 wg2 ==>   57.451035611918407        4.9698055995847348     
 LTM d(wg2)/d(wg2)  0.89831839542805680     
 B before wg2 wg2 ==>    126.33131331765452        10.764728346218122     
 Q value wg2 wg2 ==>   2.99567439760672274E-005  2.55262296077550968E-006
 B after wg2 wg2 ==>   124.44046871244085        10.764730898841083     
 LTM d(wg2)/d(wg2)  0.88847403277289128     
 B before wg2 wg2 ==>    61.710020226483962        5.2262816041957656     
 Q value wg2 wg2 ==>   2.97741698954513687E-005  2.52160339331755398E-006
 B after wg2 wg2 ==>   60.415931652211910        5.2262841257991592     
 LTM d(wg2)/d(wg2)  0.87832335200279488     
 B before wg2 wg2 ==>    38.216181187170754        3.2365655364897403     
 Q value wg2 wg2 ==>   2.97741698954513687E-005  2.52160339331755398E-006
 B after wg2 wg2 ==>   37.414780727327297        3.2365680580931335     
 LTM d(wg2)/d(wg2)  0.87398069765143327     
 B before wg2 wg2 ==>    5.9439411040106958       0.50339815048354486     
 Q value wg2 wg2 ==>   2.97741698954513687E-005  2.52160339331755398E-006
 B after wg2 wg2 ==>   5.8193201644641608       0.50340067208693817     
 LTM d(wg2)/d(wg2)  0.88085746040010282     
 B before wg2 wg2 ==>    7.2691899615015219       0.61563476456122568     
 Q value wg2 wg2 ==>   2.97741698954513687E-005  2.52160339331755398E-006
 B after wg2 wg2 ==>   7.1167772949556980       0.61563728616461899     
 LTM d(wg2)/d(wg2)  0.88060019329588901     
 B before wg2 wg2 ==>    18.375949074986956        1.5562769912855439     
 Q value wg2 wg2 ==>   2.97741698954513687E-005  2.52160339331755398E-006
 B after wg2 wg2 ==>   17.990617122841233        1.5562795128889373     
 LTM d(wg2)/d(wg2)  0.87792060192277266     
 B before wg2 wg2 ==>    7.2196937511026942       0.61144288238495348     
 Q value wg2 wg2 ==>   2.97741698954513687E-005  2.52160339331755398E-006
 B after wg2 wg2 ==>   7.0683190670905871       0.61144540398834679     
 LTM d(wg2)/d(wg2)  0.87876901399382745     
 B before wg2 wg2 ==>    7.6569245640091905       0.64847238498265469     
 Q value wg2 wg2 ==>   2.97741698954513687E-005  2.52160339331755398E-006
 B after wg2 wg2 ==>   7.4963807346555953       0.64847490658604801     
 LTM d(wg2)/d(wg2)  0.89211747733840063     
 B before wg2 wg2 ==>    7.3877660811093966       0.62567709140424288     
 Q value wg2 wg2 ==>   2.97741698954513687E-005  2.52160339331755398E-006
 B after wg2 wg2 ==>   7.2328667607353880       0.62567961300763619     
 LTM d(wg2)/d(wg2)  0.88601881610303457     
 B before wg2 wg2 ==>    11.389803494316748       0.96461353049768539     
 Q value wg2 wg2 ==>   2.97741698954513687E-005  2.52160339331755398E-006
 B after wg2 wg2 ==>   11.150977649048853       0.96461605210107870     
 LTM d(wg2)/d(wg2)  0.88464234075822079     
 B before wg2 wg2 ==>    15.006773980752966        1.2709382772211992     
 Q value wg2 wg2 ==>   2.97741698954513687E-005  2.52160339331755398E-006
 B after wg2 wg2 ==>   14.692096829705536        1.2709407988245927     
 LTM d(wg2)/d(wg2)  0.89767269094225033     
 B before wg2 wg2 ==>    45.432587972684026        3.8477300425635121     
 Q value wg2 wg2 ==>   2.97741698954513687E-005  2.52160339331755398E-006
 B after wg2 wg2 ==>   44.479852609840904        3.8477325641669053     
 LTM d(wg2)/d(wg2)  0.89201227670307814     
 B before wg2 wg2 ==>    44.264052267157005        3.7487656176738757     
 Q value wg2 wg2 ==>   2.97741698954513687E-005  2.52160339331755398E-006
 B after wg2 wg2 ==>   43.335822207701511        3.7487681392772689     
 LTM d(wg2)/d(wg2)  0.90843872296880512     
 B before wg2 wg2 ==>    45.755126398573260        3.8750461354068539     
 Q value wg2 wg2 ==>   2.97741698954513687E-005  2.52160339331755398E-006
 B after wg2 wg2 ==>   44.795627098656411        3.8750486570102471     
 LTM d(wg2)/d(wg2)  0.89476366945907815     
 B before wg2 wg2 ==>    44.819753569736910        3.7958285012127564     
 Q value wg2 wg2 ==>   2.97741698954513687E-005  2.52160339331755398E-006
 B after wg2 wg2 ==>   43.879869926271773        3.7958310228161496     
 LTM d(wg2)/d(wg2)  0.76896248688671454     
 B before wg2 wg2 ==>    38.649705822320172        3.0489600820620044     
 Q value wg2 wg2 ==>   2.77337176582312260E-005  2.18783031508334000E-006
 B after wg2 wg2 ==>   35.246054687051682        3.0489622698923196     
 LTM d(wg2)/d(wg2)  0.78241371925779712     
 B before wg2 wg2 ==>    40.087794845456948        3.1624066383217784     
 Q value wg2 wg2 ==>   2.77337176582312260E-005  2.18783031508334000E-006
 B after wg2 wg2 ==>   36.557498769346246        3.1624088261520935     
 LTM d(wg2)/d(wg2)  0.77482196772500345     
 B before wg2 wg2 ==>    33.163816622257379        2.6161946358642969     
 Q value wg2 wg2 ==>   2.77337176582312260E-005  2.18783031508334000E-006
 B after wg2 wg2 ==>   30.243278911840328        2.6161968236946120     
 LTM d(wg2)/d(wg2)  0.76660064445630882     
 B before wg2 wg2 ==>    32.450762953589184        2.5599439574728029     
 Q value wg2 wg2 ==>   2.77337176582312260E-005  2.18783031508334000E-006
 B after wg2 wg2 ==>   29.593020131550343        2.5599461453031180     
 LTM d(wg2)/d(wg2)  0.78846239812298091     
 B before wg2 wg2 ==>    10.253464506123301       0.80886525050743174     
 Q value wg2 wg2 ==>   2.77337176582312260E-005  2.18783031508334000E-006
 B after wg2 wg2 ==>   9.3505210765479561       0.80886743833774688     
 LTM d(wg2)/d(wg2)  0.75048740696283323     
 B before wg2 wg2 ==>    9.4936785683631584       0.74892800271071214     
 Q value wg2 wg2 ==>   2.77337176582312260E-005  2.18783031508334000E-006
 B after wg2 wg2 ==>   8.6576454924531880       0.74893019054102727     
 LTM d(wg2)/d(wg2)  0.75195027261146430     
 B before wg2 wg2 ==>    10.350146189642123       0.81649218032342030     
 Q value wg2 wg2 ==>   2.77337176582312260E-005  2.18783031508334000E-006
 B after wg2 wg2 ==>   9.4386885124139734       0.81649436815373544     
 LTM d(wg2)/d(wg2)  0.76710889826432327     
 B before wg2 wg2 ==>    11.895615650996312       0.93840965926561637     
 Q value wg2 wg2 ==>   2.77337176582312260E-005  2.18783031508334000E-006
 B after wg2 wg2 ==>   10.848056602185670       0.93841184709593151     
 LTM d(wg2)/d(wg2)  0.75526860496349624     
 B before wg2 wg2 ==>    11.233379146493624       0.88616779547510527     
 Q value wg2 wg2 ==>   2.77337176582312260E-005  2.18783031508334000E-006
 B after wg2 wg2 ==>   10.244139785537463       0.88616998330542041     
 LTM d(wg2)/d(wg2)  0.80447551287264718     
 B before wg2 wg2 ==>    22.805862185831543        1.7990864862275817     
 Q value wg2 wg2 ==>   2.77337176582312260E-005  2.18783031508334000E-006
 B after wg2 wg2 ==>   20.797495075247163        1.7990886740578969     
 LTM d(wg2)/d(wg2)  0.80554435797849233     
 B before wg2 wg2 ==>    30.095566224992691        2.4393616251148851     
 Q value wg2 wg2 ==>   2.84954954799046985E-005  2.30966972485765470E-006
 B after wg2 wg2 ==>   28.199087767024555        2.4393639347846099     
 LTM d(wg2)/d(wg2)  0.82046441636227863     
 B before wg2 wg2 ==>    29.889851422828656        2.4226876476138299     
 Q value wg2 wg2 ==>   2.84954954799046985E-005  2.30966972485765470E-006
 B after wg2 wg2 ==>   28.006336309042883        2.4226899572835547     
 LTM d(wg2)/d(wg2)  0.80488019003354716     
 B before wg2 wg2 ==>    50.133033556563959        4.0634755729208294     
 Q value wg2 wg2 ==>   2.84954954799046985E-005  2.30966972485765470E-006
 B after wg2 wg2 ==>   46.973872088771309        4.0634778825905542     
 LTM d(wg2)/d(wg2)  0.80471247622380837     
 B before wg2 wg2 ==>    53.124672548648569        4.3059594424360750     
 Q value wg2 wg2 ==>   2.84954954799046985E-005  2.30966972485765470E-006
 B after wg2 wg2 ==>   49.776989664235465        4.3059617521057998     
 LTM d(wg2)/d(wg2)  0.96773359572969508     
 B before wg2 wg2 ==>    137.43209326200181        12.012364492839593     
 Q value wg2 wg2 ==>   3.07286077929626550E-005  2.68585909160881841E-006
 B after wg2 wg2 ==>   138.86316491424193        12.012367178698685     
 LTM d(wg2)/d(wg2)  0.96906989641984420     
 B before wg2 wg2 ==>    103.98758905341342        9.0891202541742011     
 Q value wg2 wg2 ==>   3.07286077929626550E-005  2.68585909160881841E-006
 B after wg2 wg2 ==>   105.07041276475469        9.0891229400332936     
 LTM d(wg2)/d(wg2)  0.96909932652576714     
 B before wg2 wg2 ==>    133.75845550721192        11.691267180867019     
 Q value wg2 wg2 ==>   3.07286077929626550E-005  2.68585909160881841E-006
 B after wg2 wg2 ==>   135.15127463294621        11.691269866726111     
 LTM d(wg2)/d(wg2)  0.94265708738893883     
 B before wg2 wg2 ==>    122.83330918380206        10.736345832734639     
 Q value wg2 wg2 ==>   3.07286077929626550E-005  2.68585909160881841E-006
 B after wg2 wg2 ==>   124.11236792345267        10.736348518593731     
 LTM d(wg2)/d(wg2)  0.97116509116324268     
 B before wg2 wg2 ==>    141.41417922706151        12.360421972855750     
 Q value wg2 wg2 ==>   3.07286077929626550E-005  2.68585909160881841E-006
 B after wg2 wg2 ==>   142.88671518773225        12.360424658714843     
 LTM d(wg2)/d(wg2)  0.95997315827932306     
 B before wg2 wg2 ==>    139.51502853125851        12.194425153311396     
 Q value wg2 wg2 ==>   3.07286077929626550E-005  2.68585909160881841E-006
 B after wg2 wg2 ==>   140.96778918549489        12.194427839170489     
 LTM d(wg2)/d(wg2)  0.96060156528974583     
 B before wg2 wg2 ==>    106.54957812605724        9.3130530040639883     
 Q value wg2 wg2 ==>   3.07286077929626550E-005  2.68585909160881841E-006
 B after wg2 wg2 ==>   107.65907908797425        9.3130556899230807     
 LTM d(wg2)/d(wg2)  0.96874277561788869     
 B before wg2 wg2 ==>    109.02902956941571        9.5297714849732369     
 Q value wg2 wg2 ==>   3.07286077929626550E-005  2.68585909160881841E-006
 B after wg2 wg2 ==>   110.16434834146747        9.5297741708323294     
 LTM d(wg2)/d(wg2)  0.97286149097822749     
 B before wg2 wg2 ==>    85.864160035055875        7.5050271208943231     
 Q value wg2 wg2 ==>   3.07286077929626550E-005  2.68585909160881841E-006
 B after wg2 wg2 ==>   86.758269726350505        7.5050298067534147     
 LTM d(wg2)/d(wg2)  0.94309037823013286     
 B before wg2 wg2 ==>    60.870166847925773        5.3204067082299993     
 Q value wg2 wg2 ==>   3.07286077929626550E-005  2.68585909160881841E-006
 B after wg2 wg2 ==>   61.504021323356810        5.3204093940890909     
 LTM d(wg2)/d(wg2)  0.89330978219697865     
 B before wg2 wg2 ==>    115.10339076211649        9.7887605768089969     
 Q value wg2 wg2 ==>   2.98979996809707739E-005  2.54262153933746757E-006
 B after wg2 wg2 ==>   113.15826490638345        9.7887631194305360     
 LTM d(wg2)/d(wg2)  0.88554964146177406     
 B before wg2 wg2 ==>    65.553347905987266        5.5517767616526106     
 Q value wg2 wg2 ==>   2.97741698954513687E-005  2.52160339331755398E-006
 B after wg2 wg2 ==>   64.178661100648029        5.5517792832560042     
 LTM d(wg2)/d(wg2)  0.87981192636117245     
 B before wg2 wg2 ==>    15.285723154767275        1.2945627539480911     
 Q value wg2 wg2 ==>   2.97741698954513687E-005  2.52160339331755398E-006
 B after wg2 wg2 ==>   14.965196174650337        1.2945652755514845     
 LTM d(wg2)/d(wg2)  0.87994991292056735     
 B before wg2 wg2 ==>    13.385417402522314        1.1336240124138119     
 Q value wg2 wg2 ==>   2.97741698954513687E-005  2.52160339331755398E-006
 B after wg2 wg2 ==>   13.104741638562290        1.1336265340172054     
 LTM d(wg2)/d(wg2)  0.87643918395138276     
 B before wg2 wg2 ==>    52.524822013100142        4.4483782381408359     
 Q value wg2 wg2 ==>   2.97741698954513687E-005  2.52160339331755398E-006
 B after wg2 wg2 ==>   51.423355767636608        4.4483807597442295     
 LTM d(wg2)/d(wg2)  0.88302077633779041     
 B before wg2 wg2 ==>    53.772088147166130        4.5540104195609921     
 Q value wg2 wg2 ==>   2.97741698954513687E-005  2.52160339331755398E-006
 B after wg2 wg2 ==>   52.644465546466009        4.5540129411643857     
 LTM d(wg2)/d(wg2)  0.88238167726685923     
 B before wg2 wg2 ==>    44.066806888270648        3.7320607147844749     
 Q value wg2 wg2 ==>   2.97741698954513687E-005  2.52160339331755398E-006
 B after wg2 wg2 ==>   43.142713251714824        3.7320632363878681     
 LTM d(wg2)/d(wg2)  0.89112287418407576     
 B before wg2 wg2 ==>    44.524537808427418        3.7708263913943210     
 Q value wg2 wg2 ==>   2.97741698954513687E-005  2.52160339331755398E-006
 B after wg2 wg2 ==>   43.590845119814148        3.7708289129977142     
 LTM d(wg2)/d(wg2)  0.88286971668666503     
 B before wg2 wg2 ==>    42.957127792932212        3.6380809134289906     
 Q value wg2 wg2 ==>   2.97741698954513687E-005  2.52160339331755398E-006
 B after wg2 wg2 ==>   42.056305180758066        3.6380834350323838     
 LTM d(wg2)/d(wg2)  0.89721134003698000     
 B before wg2 wg2 ==>    44.407110452847100        3.7608813544935651     
 Q value wg2 wg2 ==>   2.97741698954513687E-005  2.52160339331755398E-006
 B after wg2 wg2 ==>   43.475880327389490        3.7608838760969583     
 LTM d(wg2)/d(wg2)  0.89333627547348016     
 B before wg2 wg2 ==>    39.629736846935508        3.3562809394991988     
 Q value wg2 wg2 ==>   2.97741698954513687E-005  2.52160339331755398E-006
 B after wg2 wg2 ==>   38.798692782592852        3.3562834611025920     
 LTM d(wg2)/d(wg2)  0.91174223298983592     
 B before wg2 wg2 ==>    41.616356068235909        3.5245296526371686     
 Q value wg2 wg2 ==>   2.97741698954513687E-005  2.52160339331755398E-006
 B after wg2 wg2 ==>   40.743650712326883        3.5245321742405618     
 LTM d(wg2)/d(wg2)  0.92783412075730387     
 B before wg2 wg2 ==>    8.8494308361543279       0.74946690046209485     
 Q value wg2 wg2 ==>   2.97741698954513687E-005  2.52160339331755398E-006
 B after wg2 wg2 ==>   8.6638790178686413       0.74946942206548817     
 LTM d(wg2)/d(wg2)  0.90967005654957711     
 B before wg2 wg2 ==>    8.3760172812621949       0.70937304627068376     
 Q value wg2 wg2 ==>   2.97741698954513687E-005  2.52160339331755398E-006
 B after wg2 wg2 ==>   8.2003933947766043       0.70937556787407707     
 LTM d(wg2)/d(wg2)  0.90001398688179579     
 B before wg2 wg2 ==>    9.0287362057065739       0.76465244652066278     
 Q value wg2 wg2 ==>   2.97741698954513687E-005  2.52160339331755398E-006
 B after wg2 wg2 ==>   8.8394241835528113       0.76465496812405609     
 LTM d(wg2)/d(wg2)  0.78028724491242107     
 B before wg2 wg2 ==>    11.124747692418808       0.87759818388082533     
 Q value wg2 wg2 ==>   2.77337176582312260E-005  2.18783031508334000E-006
 B after wg2 wg2 ==>   10.145074932593431       0.87760037171114047     
 LTM d(wg2)/d(wg2)  0.76756422268153679     
 B before wg2 wg2 ==>    11.081032478161875       0.87414962093804593     
 Q value wg2 wg2 ==>   2.77337176582312260E-005  2.18783031508334000E-006
 B after wg2 wg2 ==>   10.105209487463723       0.87415180876836107     
 LTM d(wg2)/d(wg2)  0.77848027587923474     
 B before wg2 wg2 ==>    11.021020589216002       0.86941546190754082     
 Q value wg2 wg2 ==>   2.77337176582312260E-005  2.18783031508334000E-006
 B after wg2 wg2 ==>   10.050482530120208       0.86941764973785596     
 LTM d(wg2)/d(wg2)  0.76690560276885855     
 B before wg2 wg2 ==>    15.938561058594784        1.2573455709227999     
 Q value wg2 wg2 ==>   2.77337176582312260E-005  2.18783031508334000E-006
 B after wg2 wg2 ==>   14.534961059790119        1.2573477587531150     
 LTM d(wg2)/d(wg2)  0.76167036227314577     
 B before wg2 wg2 ==>    15.698238482505312        1.2383872392686439     
 Q value wg2 wg2 ==>   2.77337176582312260E-005  2.18783031508334000E-006
 B after wg2 wg2 ==>   14.315802429702760        1.2383894270989591     
 LTM d(wg2)/d(wg2)  0.75136624394697160     
 B before wg2 wg2 ==>    36.496867084313820        2.8791290513816246     
 Q value wg2 wg2 ==>   2.77337176582312260E-005  2.18783031508334000E-006
 B after wg2 wg2 ==>   33.282805140139310        2.8791312392119397     
 LTM d(wg2)/d(wg2)  0.75289089075865279     
 B before wg2 wg2 ==>    36.886146089344429        2.9098381116932224     
 Q value wg2 wg2 ==>   2.77337176582312260E-005  2.18783031508334000E-006
 B after wg2 wg2 ==>   33.637802389471872        2.9098402995235375     
 LTM d(wg2)/d(wg2)  0.75298065812682979     
 B before wg2 wg2 ==>    37.540238098793679        2.9614374805467567     
 Q value wg2 wg2 ==>   2.77337176582312260E-005  2.18783031508334000E-006
 B after wg2 wg2 ==>   34.234291953933834        2.9614396683770718     
 LTM d(wg2)/d(wg2)  0.75615354843796267     
 B before wg2 wg2 ==>    39.238399188405793        3.0954003468863029     
 Q value wg2 wg2 ==>   2.77337176582312260E-005  2.18783031508334000E-006
 B after wg2 wg2 ==>   35.782904922898055        3.0954025347166181     
 LTM d(wg2)/d(wg2)  0.75867273238522026     
 B before wg2 wg2 ==>    39.475239031159994        3.1140839360892607     
 Q value wg2 wg2 ==>   2.77337176582312260E-005  2.18783031508334000E-006
 B after wg2 wg2 ==>   35.998887525667726        3.1140861239195758     
 LTM d(wg2)/d(wg2)  0.77787759059159578     
 B before wg2 wg2 ==>    40.776812101213523        3.2637266824712619     
 Q value wg2 wg2 ==>   2.81386369527439368E-005  2.25218244141035141E-006
 B after wg2 wg2 ==>   37.728760913325438        3.2637289346537033     
 LTM d(wg2)/d(wg2)  0.81409240023290697     
 B before wg2 wg2 ==>    37.784706021791429        3.0857044506737319     
 Q value wg2 wg2 ==>   2.87105044648049116E-005  2.34465583395152415E-006
 B after wg2 wg2 ==>   35.670822013889307        3.0857067953295658     
 LTM d(wg2)/d(wg2)  0.82435987240684061     
 B before wg2 wg2 ==>    44.282154095014150        3.6290863323556803     
 Q value wg2 wg2 ==>   2.88118473410588964E-005  2.36123746760386208E-006
 B after wg2 wg2 ==>   41.952325819716521        3.6290886935931481     
 LTM d(wg2)/d(wg2)  0.84885705023462754     
 B before wg2 wg2 ==>    131.94820969123640        10.919392155021333     
 Q value wg2 wg2 ==>   2.90936028119118281E-005  2.40764508324205215E-006
 B after wg2 wg2 ==>   126.22838324556491        10.919394562666415     
 LTM d(wg2)/d(wg2)  0.90529168250785930     
 B before wg2 wg2 ==>    130.97522955539750        11.055629503006905     
 Q value wg2 wg2 ==>   2.96754184767961874E-005  2.50490442459868871E-006
 B after wg2 wg2 ==>   127.80329038460802        11.055632007911329     
 LTM d(wg2)/d(wg2)  0.97030735618587538     
 B before wg2 wg2 ==>    51.002718026225239        4.4579342751372568     
 Q value wg2 wg2 ==>   3.07286077929626550E-005  2.68585909160881841E-006
 B after wg2 wg2 ==>   51.533825613478470        4.4579369609963484     
 LTM d(wg2)/d(wg2)  0.96734522909899623     
 B before wg2 wg2 ==>    132.72070838259887        11.600562044851348     
 Q value wg2 wg2 ==>   3.07286077929626550E-005  2.68585909160881841E-006
 B after wg2 wg2 ==>   134.10272174792880        11.600564730710440     
 LTM d(wg2)/d(wg2)  0.96909615665450688     
 B before wg2 wg2 ==>    142.16619739363514        12.426152735647072     
 Q value wg2 wg2 ==>   3.07286077929626550E-005  2.68585909160881841E-006
 B after wg2 wg2 ==>   143.64656390178220        12.426155421506165     
 LTM d(wg2)/d(wg2)  0.96930471216411007     
 B before wg2 wg2 ==>    140.28345872396898        12.261590422667686     
 Q value wg2 wg2 ==>   3.07286077929626550E-005  2.68585909160881841E-006
 B after wg2 wg2 ==>   141.74422081935896        12.261593108526778     
 LTM d(wg2)/d(wg2)  0.96648238436485923     
 B before wg2 wg2 ==>    130.08150729263758        11.369880515449948     
 Q value wg2 wg2 ==>   3.07286077929626550E-005  2.68585909160881841E-006
 B after wg2 wg2 ==>   131.43603942100660        11.369883201309040     
 LTM d(wg2)/d(wg2)  0.97130001327959270     
 B before wg2 wg2 ==>    104.64165649686451        9.1462895539145173     
 Q value wg2 wg2 ==>   3.07286077929626550E-005  2.68585909160881841E-006
 B after wg2 wg2 ==>   105.73129082315677        9.1462922397736097     
 LTM d(wg2)/d(wg2)  0.97294709939437918     
 B before wg2 wg2 ==>    93.461175172198395        8.1690504412042344     
 Q value wg2 wg2 ==>   3.07286077929626550E-005  2.68585909160881841E-006
 B after wg2 wg2 ==>   94.434390382952586        8.1690531270633269     
 LTM d(wg2)/d(wg2)  0.97307957688287960     
 B before wg2 wg2 ==>    143.32461180553574        12.527404894580432     
 Q value wg2 wg2 ==>   3.07286077929626550E-005  2.68585909160881841E-006
 B after wg2 wg2 ==>   144.81704054761926        12.527407580439524     
 LTM d(wg2)/d(wg2)  0.97359895438114730     
 B before wg2 wg2 ==>    93.437716057376662        8.1669999780902014     
 Q value wg2 wg2 ==>   3.07286077929626550E-005  2.68585909160881841E-006
 B after wg2 wg2 ==>   94.410686995159097        8.1670026639492939     
 LTM d(wg2)/d(wg2)  0.89769526997295723     
 B before wg2 wg2 ==>    58.730889844596987        4.9739761560009104     
 Q value wg2 wg2 ==>   2.97741698954513687E-005  2.52160339331755398E-006
 B after wg2 wg2 ==>   57.499276463418440        4.9739786776043040     
 LTM d(wg2)/d(wg2)  0.88431084742323762     
 B before wg2 wg2 ==>    47.645872825162684        4.0351752883582952     
 Q value wg2 wg2 ==>   2.97741698954513687E-005  2.52160339331755398E-006
 B after wg2 wg2 ==>   46.646722777225463        4.0351778099616888     
 LTM d(wg2)/d(wg2)  0.88101961068235890     
 B before wg2 wg2 ==>    44.162077875788988        3.7401293073348136     
 Q value wg2 wg2 ==>   2.97741698954513687E-005  2.52160339331755398E-006
 B after wg2 wg2 ==>   43.235986316155476        3.7401318289382068     
 LTM d(wg2)/d(wg2)  0.88048800144807471     
 B before wg2 wg2 ==>    38.573929899413962        3.2668636227139771     
 Q value wg2 wg2 ==>   2.97741698954513687E-005  2.52160339331755398E-006
 B after wg2 wg2 ==>   37.765027109356211        3.2668661443173703     
 LTM d(wg2)/d(wg2)  0.88011930159686791     
 B before wg2 wg2 ==>    38.157550912257420        3.2316000815100812     
 Q value wg2 wg2 ==>   2.97741698954513687E-005  2.52160339331755398E-006
 B after wg2 wg2 ==>   37.357379984954271        3.2316026031134744     
 LTM d(wg2)/d(wg2)  0.88394212570937047     
 B before wg2 wg2 ==>    9.4898088604780018       0.80370113788368147     
 Q value wg2 wg2 ==>   2.97741698954513687E-005  2.52160339331755398E-006
 B after wg2 wg2 ==>   9.2908277069186038       0.80370365948707478     
 LTM d(wg2)/d(wg2)  0.90729843191698945     
 B before wg2 wg2 ==>    10.388576214517588       0.87981861883133650     
 Q value wg2 wg2 ==>   2.97741698954513687E-005  2.52160339331755398E-006
 B after wg2 wg2 ==>   10.170747056073559       0.87982114043472981     
 LTM d(wg2)/d(wg2)  0.91047070128731999     
 B before wg2 wg2 ==>    10.417527793811566       0.88227055622693618     
 Q value wg2 wg2 ==>   2.97741698954513687E-005  2.52160339331755398E-006
 B after wg2 wg2 ==>   10.199091493257290       0.88227307783032949     
 LTM d(wg2)/d(wg2)  0.90526584161629997     
 B before wg2 wg2 ==>    10.006276806605387       0.84744131032400605     
 Q value wg2 wg2 ==>   2.97741698954513687E-005  2.52160339331755398E-006
 B after wg2 wg2 ==>   9.7964648297771948       0.84744383192739936     
 LTM d(wg2)/d(wg2)  0.89420192113477626     
 B before wg2 wg2 ==>    9.5028947014612655       0.80480939047791600     
 Q value wg2 wg2 ==>   2.97741698954513687E-005  2.52160339331755398E-006
 B after wg2 wg2 ==>   9.3036391253901201       0.80481191208130931     
 LTM d(wg2)/d(wg2)  0.92026120596448113     
 B before wg2 wg2 ==>    9.5150609861342836       0.80583976495429177     
 Q value wg2 wg2 ==>   2.97741698954513687E-005  2.52160339331755398E-006
 B after wg2 wg2 ==>   9.3155502715204292       0.80584228655768508     
 LTM d(wg2)/d(wg2)  0.92357726185760891     
 B before wg2 wg2 ==>    15.957620190252483        1.3514663670660620     
 Q value wg2 wg2 ==>   2.97741698954513687E-005  2.52160339331755398E-006
 B after wg2 wg2 ==>   15.623002891267291        1.3514688886694555     
 LTM d(wg2)/d(wg2)  0.92107308383326403     
 B before wg2 wg2 ==>    14.886495031403406        1.2607517360719578     
 Q value wg2 wg2 ==>   2.97741698954513687E-005  2.52160339331755398E-006
 B after wg2 wg2 ==>   14.574340244140853        1.2607542576753512     
 LTM d(wg2)/d(wg2)  0.89038180243597131     
 B before wg2 wg2 ==>    45.150298733657273        3.8238226924836822     
 Q value wg2 wg2 ==>   2.97741698954513687E-005  2.52160339331755398E-006
 B after wg2 wg2 ==>   44.203483244218702        3.8238252140870754     
 LTM d(wg2)/d(wg2)  0.91234131015539222     
 B before wg2 wg2 ==>    47.210090541549732        3.9982684631146479     
 Q value wg2 wg2 ==>   2.97741698954513687E-005  2.52160339331755398E-006
 B after wg2 wg2 ==>   46.220079261919189        3.9982709847180411     
 LTM d(wg2)/d(wg2)  0.77193199917550004     
 B before wg2 wg2 ==>    39.071596047345828        3.0822417443087717     
 Q value wg2 wg2 ==>   2.77337176582312260E-005  2.18783031508334000E-006
 B after wg2 wg2 ==>   35.630791257657712        3.0822439321390869     
 LTM d(wg2)/d(wg2)  0.75304866565221940     
 B before wg2 wg2 ==>    37.163423973025971        2.9317117374038593     
 Q value wg2 wg2 ==>   2.77337176582312260E-005  2.18783031508334000E-006
 B after wg2 wg2 ==>   33.890661867470079        2.9317139252341744     
 LTM d(wg2)/d(wg2)  0.76148773662724012     
 B before wg2 wg2 ==>    37.790080446030451        2.9811467985693967     
 Q value wg2 wg2 ==>   2.77337176582312260E-005  2.18783031508334000E-006
 B after wg2 wg2 ==>   34.462131998964956        2.9811489863997118     
 LTM d(wg2)/d(wg2)  0.79078818682517504     
 B before wg2 wg2 ==>    40.691997267280541        3.2100703663225612     
 Q value wg2 wg2 ==>   2.77337176582312260E-005  2.18783031508334000E-006
 B after wg2 wg2 ==>   37.108492259916289        3.2100725541528763     
 LTM d(wg2)/d(wg2)  0.74981454772545908     
 B before wg2 wg2 ==>    31.235476674981538        2.4640736455799614     
 Q value wg2 wg2 ==>   2.77337176582312260E-005  2.18783031508334000E-006
 B after wg2 wg2 ==>   28.484757727253971        2.4640758334102766     
 LTM d(wg2)/d(wg2)  0.74964514772893531     
 B before wg2 wg2 ==>    31.069994087275180        2.4510192175200816     
 Q value wg2 wg2 ==>   2.77337176582312260E-005  2.18783031508334000E-006
 B after wg2 wg2 ==>   28.333848321174976        2.4510214053503967     
 LTM d(wg2)/d(wg2)  0.75004019668457822     
 B before wg2 wg2 ==>    10.403127598147835       0.82067172570904257     
 Q value wg2 wg2 ==>   2.77337176582312260E-005  2.18783031508334000E-006
 B after wg2 wg2 ==>   9.4870041267734315       0.82067391353935770     
 LTM d(wg2)/d(wg2)  0.75171291855724420     
 B before wg2 wg2 ==>    11.001674421488365       0.86788930040417500     
 Q value wg2 wg2 ==>   2.77337176582312260E-005  2.18783031508334000E-006
 B after wg2 wg2 ==>   10.032840077689729       0.86789148823449014     
 LTM d(wg2)/d(wg2)  0.75324827947554274     
 B before wg2 wg2 ==>    12.409678627170956       0.97896255509431707     
 Q value wg2 wg2 ==>   2.77337176582312260E-005  2.18783031508334000E-006
 B after wg2 wg2 ==>   11.316848754260144       0.97896474292463220     
 LTM d(wg2)/d(wg2)  0.74979404345399359     
 B before wg2 wg2 ==>    12.740866690361091        1.0050889941664356     
 Q value wg2 wg2 ==>   2.77337176582312260E-005  2.18783031508334000E-006
 B after wg2 wg2 ==>   11.618870825640625        1.0050911819967507     
 LTM d(wg2)/d(wg2)  0.75973817544980127     
 B before wg2 wg2 ==>    18.869260072866872        1.4885396800871125     
 Q value wg2 wg2 ==>   2.77337176582312260E-005  2.18783031508334000E-006
 B after wg2 wg2 ==>   17.207568817319814        1.4885418679174276     
 LTM d(wg2)/d(wg2)  0.84185201737994286     
 B before wg2 wg2 ==>    32.522644849665745        2.6914159264683954     
 Q value wg2 wg2 ==>   2.90936028119118281E-005  2.40764508324205215E-006
 B after wg2 wg2 ==>   31.112840826740520        2.6914183341134787     
 LTM d(wg2)/d(wg2)  0.84563078469092290     
 B before wg2 wg2 ==>    56.022676141913841        4.6361642329122432     
 Q value wg2 wg2 ==>   2.90936028119118281E-005  2.40764508324205215E-006
 B after wg2 wg2 ==>   53.594163681513592        4.6361666405573265     
 LTM d(wg2)/d(wg2)  0.83973577726913529     
 B before wg2 wg2 ==>    23.380679977759151        1.9348713720756461     
 Q value wg2 wg2 ==>   2.90936028119118281E-005  2.40764508324205215E-006
 B after wg2 wg2 ==>   22.367173161177796        1.9348737797207294     
 LTM d(wg2)/d(wg2)  0.84377187209495641     
 B before wg2 wg2 ==>    127.13127442073080        10.520766017333784     
 Q value wg2 wg2 ==>   2.90936028119118281E-005  2.40764508324205215E-006
 B after wg2 wg2 ==>   121.62025844606724        10.520768424978867     
 LTM d(wg2)/d(wg2)  0.84645520225888460     
 B before wg2 wg2 ==>    69.933215489337996        5.7873328207833321     
 Q value wg2 wg2 ==>   2.90936028119118281E-005  2.40764508324205215E-006
 B after wg2 wg2 ==>   66.901691755173033        5.7873352284284154     
 LTM d(wg2)/d(wg2)  0.84727731220470359     
 B before wg2 wg2 ==>    91.282390052107147        7.5540866841543597     
 Q value wg2 wg2 ==>   2.90936028119118281E-005  2.40764508324205215E-006
 B after wg2 wg2 ==>   87.325395879637099        7.5540890917994430     
 LTM d(wg2)/d(wg2)  0.94620583166330385     
 B before wg2 wg2 ==>    69.597761423706004        6.0310014597075456     
 Q value wg2 wg2 ==>   3.04646860373908176E-005  2.63992062679266189E-006
 B after wg2 wg2 ==>   69.718507969872249        6.0310040996281726     
 LTM d(wg2)/d(wg2)  0.97227120599921446     
 B before wg2 wg2 ==>    93.967353469570781        8.2132933691993006     
 Q value wg2 wg2 ==>   3.07286077929626550E-005  2.68585909160881841E-006
 B after wg2 wg2 ==>   94.945839368408372        8.2132960550583931     
 LTM d(wg2)/d(wg2)  0.92685853686132635     
 B before wg2 wg2 ==>    71.220814671065781        6.1591438437796713     
 Q value wg2 wg2 ==>   3.04029660090152940E-005  2.62923475099118717E-006
 B after wg2 wg2 ==>   71.199835943228848        6.1591464730144221     
 LTM d(wg2)/d(wg2)  0.87325225533940909     
 B before wg2 wg2 ==>    98.881982797694661        8.2538347320616943     
 Q value wg2 wg2 ==>   2.93454751906339267E-005  2.44951300028902770E-006
 B after wg2 wg2 ==>   95.414495467035238        8.2538371815746938     
 LTM d(wg2)/d(wg2)  0.92513879698660162     
 B before wg2 wg2 ==>    114.63352555733053        9.9134554482150570     
 Q value wg2 wg2 ==>   3.04029660090152940E-005  2.62923475099118717E-006
 B after wg2 wg2 ==>   114.59974070060576        9.9134580774498087     
 LTM d(wg2)/d(wg2)  0.89817531701908926     
 B before wg2 wg2 ==>    133.45595022991702        11.371820778109898     
 Q value wg2 wg2 ==>   2.99567440448829352E-005  2.55262297250312341E-006
 B after wg2 wg2 ==>   131.45846734950132        11.371823330732870     
 LTM d(wg2)/d(wg2)  0.95323913088620127     
 B before wg2 wg2 ==>    42.699263724613012        3.6926130165458178     
 Q value wg2 wg2 ==>   3.04029660090152940E-005  2.62923475099118717E-006
 B after wg2 wg2 ==>   42.686698446432757        3.6926156457805686     
 LTM d(wg2)/d(wg2)  0.88642813011091848     
 B before wg2 wg2 ==>    20.957620542563955        1.7749212576389715     
 Q value wg2 wg2 ==>   2.97741698954513687E-005  2.52160339331755398E-006
 B after wg2 wg2 ==>   20.518148488185208        1.7749237792423649     
 LTM d(wg2)/d(wg2)  0.88298047602610830     
 B before wg2 wg2 ==>    12.221997684801238        1.0350928655049538     
 Q value wg2 wg2 ==>   2.97741698954513687E-005  2.52160339331755398E-006
 B after wg2 wg2 ==>   11.965719937106408        1.0350953871083473     
 LTM d(wg2)/d(wg2)  0.88092581620242205     
 B before wg2 wg2 ==>    11.840187450174612        1.0027569855587273     
 Q value wg2 wg2 ==>   2.97741698954513687E-005  2.52160339331755398E-006
 B after wg2 wg2 ==>   11.591916625667302        1.0027595071621207     
 LTM d(wg2)/d(wg2)  0.87915345992098115     
 B before wg2 wg2 ==>    9.1806648690110038       0.77751943271291846     
 Q value wg2 wg2 ==>   2.97741698954513687E-005  2.52160339331755398E-006
 B after wg2 wg2 ==>   8.9881667585161278       0.77752195431631177     
 LTM d(wg2)/d(wg2)  0.88055610443459020     
 B before wg2 wg2 ==>    14.989522156689270        1.2694772034699349     
 Q value wg2 wg2 ==>   2.97741698954513687E-005  2.52160339331755398E-006
 B after wg2 wg2 ==>   14.675206792774807        1.2694797250733283     
 LTM d(wg2)/d(wg2)  0.88460687642342140     
 B before wg2 wg2 ==>    17.244955767938539        1.4604920686197933     
 Q value wg2 wg2 ==>   2.97741698954513687E-005  2.52160339331755398E-006
 B after wg2 wg2 ==>   16.883341819434055        1.4604945902231867     
 LTM d(wg2)/d(wg2)  0.90504930846166332     
 B before wg2 wg2 ==>    49.180585268235284        4.1651515771283059     
 Q value wg2 wg2 ==>   2.97741698954513687E-005  2.52160339331755398E-006
 B after wg2 wg2 ==>   48.149250843002285        4.1651540987316995     
 LTM d(wg2)/d(wg2)  0.89457261429649648     
 B before wg2 wg2 ==>    49.493804816522427        4.1916784451682076     
 Q value wg2 wg2 ==>   2.97741698954513687E-005  2.52160339331755398E-006
 B after wg2 wg2 ==>   48.455901879928241        4.1916809667716013     
 LTM d(wg2)/d(wg2)  0.89575123141119195     
 B before wg2 wg2 ==>    46.863720497576608        3.9689340473679438     
 Q value wg2 wg2 ==>   2.97741698954513687E-005  2.52160339331755398E-006
 B after wg2 wg2 ==>   45.880972926681537        3.9689365689713370     
 LTM d(wg2)/d(wg2)  0.88528640467427377     
 B before wg2 wg2 ==>    44.320676714283302        3.7535611971482918     
 Q value wg2 wg2 ==>   2.97741698954513687E-005  2.52160339331755398E-006
 B after wg2 wg2 ==>   43.391259186400937        3.7535637187516850     
 LTM d(wg2)/d(wg2)  0.90605111510937653     
 B before wg2 wg2 ==>    46.065691486080070        3.9013481945827433     
 Q value wg2 wg2 ==>   2.97741698954513687E-005  2.52160339331755398E-006
 B after wg2 wg2 ==>   45.099679341365274        3.9013507161861365     
 LTM d(wg2)/d(wg2)  0.91470078692072831     
 B before wg2 wg2 ==>    46.815106485266384        3.9648168794054217     
 Q value wg2 wg2 ==>   2.97741698954513687E-005  2.52160339331755398E-006
 B after wg2 wg2 ==>   45.833378396373377        3.9648194010088149     
 LTM d(wg2)/d(wg2)  0.89877299933678767     
 B before wg2 wg2 ==>    39.825875231551692        3.3728920899676975     
 Q value wg2 wg2 ==>   2.97741698954513687E-005  2.52160339331755398E-006
 B after wg2 wg2 ==>   38.990717959030412        3.3728946115710907     
 LTM d(wg2)/d(wg2)  0.88628310500274066     
 B before wg2 wg2 ==>    38.828204799917366        3.2883984112302080     
 Q value wg2 wg2 ==>   2.97741698954513687E-005  2.52160339331755398E-006
 B after wg2 wg2 ==>   38.013969623736351        3.2884009328336012     
 LTM d(wg2)/d(wg2)  0.88495904376240209     
 B before wg2 wg2 ==>    8.2056336376156533       0.69494308985229958     
 Q value wg2 wg2 ==>   2.97741698954513687E-005  2.52160339331755398E-006
 B after wg2 wg2 ==>   8.0335828579338173       0.69494561145569289     
 LTM d(wg2)/d(wg2)  0.75717640807227726     
 B before wg2 wg2 ==>    10.548940398103628       0.83217446284662155     
 Q value wg2 wg2 ==>   2.77337176582312260E-005  2.18783031508334000E-006
 B after wg2 wg2 ==>   9.6199759599133046       0.83217665067693669     
 LTM d(wg2)/d(wg2)  0.77533462132110098     
 B before wg2 wg2 ==>    11.402914911479046       0.89954196660848251     
 Q value wg2 wg2 ==>   2.77337176582312260E-005  2.18783031508334000E-006
 B after wg2 wg2 ==>   10.398745426878394       0.89954415443879765     
 LTM d(wg2)/d(wg2)  0.77596659418980196     
 B before wg2 wg2 ==>    11.696526038959492       0.92270407323492198     
 Q value wg2 wg2 ==>   2.77337176582312260E-005  2.18783031508334000E-006
 B after wg2 wg2 ==>   10.666499765751087       0.92270626106523712     
 LTM d(wg2)/d(wg2)  0.75380693699171086     
 B before wg2 wg2 ==>    12.057971623799977       0.95121743799589709     
 Q value wg2 wg2 ==>   2.77337176582312260E-005  2.18783031508334000E-006
 B after wg2 wg2 ==>   10.996114737901161       0.95121962582621222     
 LTM d(wg2)/d(wg2)  0.74835049891762540     
 B before wg2 wg2 ==>    11.721169468571357       0.92464811993781537     
 Q value wg2 wg2 ==>   2.77337176582312260E-005  2.18783031508334000E-006
 B after wg2 wg2 ==>   10.688972978057118       0.92465030776813051     
 LTM d(wg2)/d(wg2)  0.74754971670107473     
 B before wg2 wg2 ==>    17.306765290775399        1.3652791243424458     
 Q value wg2 wg2 ==>   2.77337176582312260E-005  2.18783031508334000E-006
 B after wg2 wg2 ==>   15.782674737313261        1.3652813121727609     
 LTM d(wg2)/d(wg2)  0.74657150160927999     
 B before wg2 wg2 ==>    17.610750998870206        1.3892596507081385     
 Q value wg2 wg2 ==>   2.77337176582312260E-005  2.18783031508334000E-006
 B after wg2 wg2 ==>   16.059890022020390        1.3892618385384536     
 LTM d(wg2)/d(wg2)  0.74758678111147547     
 B before wg2 wg2 ==>    38.202994823470171        3.0137203829560635     
 Q value wg2 wg2 ==>   2.77337176582312260E-005  2.18783031508334000E-006
 B after wg2 wg2 ==>   34.838683177699714        3.0137225707863786     
 LTM d(wg2)/d(wg2)  0.77356908388406553     
 B before wg2 wg2 ==>    40.517238824808985        3.2429507646605704     
 Q value wg2 wg2 ==>   2.81386370658330945E-005  2.25218245951338986E-006
 B after wg2 wg2 ==>   37.488590956957118        3.2429530168430301     
 LTM d(wg2)/d(wg2)  0.75785175712200359     
 B before wg2 wg2 ==>    42.302416723078785        3.3371115567180980     
 Q value wg2 wg2 ==>   2.77337176582312260E-005  2.18783031508334000E-006
 B after wg2 wg2 ==>   38.577090539535995        3.3371137445484131     
 LTM d(wg2)/d(wg2)  0.82009719452295748     
 B before wg2 wg2 ==>    46.877455038862024        3.8417808568399479     
 Q value wg2 wg2 ==>   2.88118474299235658E-005  2.36123748216943810E-006
 B after wg2 wg2 ==>   44.411078069830197        3.8417832180774298     
 LTM d(wg2)/d(wg2)  0.84570765277354665     
 B before wg2 wg2 ==>    72.545544304302197        6.0035164494601130     
 Q value wg2 wg2 ==>   2.90936028119118281E-005  2.40764508324205215E-006
 B after wg2 wg2 ==>   69.400778107939288        6.0035188571051963     
 LTM d(wg2)/d(wg2)  0.84181532087685762     
 B before wg2 wg2 ==>    51.676278655137807        4.2764775139278415     
 Q value wg2 wg2 ==>   2.90936028119118281E-005  2.40764508324205215E-006
 B after wg2 wg2 ==>   49.436179211611268        4.2764799215729248     
 LTM d(wg2)/d(wg2)  0.84221317598114387     
 B before wg2 wg2 ==>    51.720778047659657        4.2801600672473850     
 Q value wg2 wg2 ==>   2.90936028119118281E-005  2.40764508324205215E-006
 B after wg2 wg2 ==>   49.478749589398589        4.2801624748924683     
 LTM d(wg2)/d(wg2)  0.84210389614869430     
 B before wg2 wg2 ==>    44.641531562075400        3.6943160552745180     
 Q value wg2 wg2 ==>   2.90936028119118281E-005  2.40764508324205215E-006
 B after wg2 wg2 ==>   42.706383040957611        3.6943184629196013     
 LTM d(wg2)/d(wg2)  0.84079611854436875     
 B before wg2 wg2 ==>    20.618469380966150        1.7062842560267231     
 Q value wg2 wg2 ==>   2.90936028119118281E-005  2.40764508324205215E-006
 B after wg2 wg2 ==>   19.724702287538445        1.7062866636718064     
 LTM d(wg2)/d(wg2)  0.84489085019348287     
 B before wg2 wg2 ==>    15.698250120561012        1.2991108376167797     
 Q value wg2 wg2 ==>   2.90936028119118281E-005  2.40764508324205215E-006
 B after wg2 wg2 ==>   15.017770780348137        1.2991132452618630     
 LTM d(wg2)/d(wg2)  0.92388305978254337     
 B before wg2 wg2 ==>    22.122639260995740        1.9104513094616276     
 Q value wg2 wg2 ==>   3.03599869147065250E-005  2.62180637997838615E-006
 B after wg2 wg2 ==>   22.084879305818099        1.9104539312680076     
 LTM d(wg2)/d(wg2)  0.97089111187995270     
 B before wg2 wg2 ==>    93.603164055603330        8.1814610956657052     
 Q value wg2 wg2 ==>   3.07286077929626550E-005  2.68585909160881841E-006
 B after wg2 wg2 ==>   94.577857755497860        8.1814637815247977     
 LTM d(wg2)/d(wg2)  0.93674663087892540     
 B before wg2 wg2 ==>    42.381465312686515        3.6761465888723848     
 Q value wg2 wg2 ==>   3.04943511418322924E-005  2.64506439555233706E-006
 B after wg2 wg2 ==>   42.496346450910636        3.6761492339367803     
 LTM d(wg2)/d(wg2)  0.87371268248810818     
 B before wg2 wg2 ==>    58.006352271470710        4.8418815188810411     
 Q value wg2 wg2 ==>   2.93454751906339301E-005  2.44951300028902855E-006
 B after wg2 wg2 ==>   55.972259422023718        4.8418839683940416     
 LTM d(wg2)/d(wg2)  0.85932375930311033     
 B before wg2 wg2 ==>    82.015047193692453        6.8459250707375574     
 Q value wg2 wg2 ==>   2.93454751906339267E-005  2.44951300028902770E-006
 B after wg2 wg2 ==>   79.139036302625343        6.8459275202505578     
 LTM d(wg2)/d(wg2)  0.85865517318001405     
 B before wg2 wg2 ==>    88.929820070093285        7.4231120457229132     
 Q value wg2 wg2 ==>   2.93454751906339267E-005  2.44951300028902770E-006
 B after wg2 wg2 ==>   85.811327359118565        7.4231144952359136     
 LTM d(wg2)/d(wg2)  0.87580530161511649     
 B before wg2 wg2 ==>    80.719746112985462        6.7378042508882050     
 Q value wg2 wg2 ==>   2.93454751906339301E-005  2.44951300028902855E-006
 B after wg2 wg2 ==>   77.889157822051786        6.7378067004012054     
 LTM d(wg2)/d(wg2)  0.88549194957127297     
 B before wg2 wg2 ==>    53.956833878335317        4.5696567151337302     
 Q value wg2 wg2 ==>   2.97741698954513687E-005  2.52160339331755398E-006
 B after wg2 wg2 ==>   52.825336984217834        4.5696592367371238     
 LTM d(wg2)/d(wg2)  0.88155670264017594     
 B before wg2 wg2 ==>    47.663858932477027        4.0366985492718888     
 Q value wg2 wg2 ==>   2.97741698954513687E-005  2.52160339331755398E-006
 B after wg2 wg2 ==>   46.664331698789809        4.0367010708752824     
 LTM d(wg2)/d(wg2)  0.88091539436753352     
 B before wg2 wg2 ==>    44.929274754085711        3.8051039567859539     
 Q value wg2 wg2 ==>   2.97741698954513687E-005  2.52160339331755398E-006
 B after wg2 wg2 ==>   43.987094347383355        3.8051064783893471     
 LTM d(wg2)/d(wg2)  0.88280514861759740     
 B before wg2 wg2 ==>    44.597728041019131        3.7770249433441823     
 Q value wg2 wg2 ==>   2.97741698954513687E-005  2.52160339331755398E-006
 B after wg2 wg2 ==>   43.662500483726888        3.7770274649475755     
 LTM d(wg2)/d(wg2)  0.88542361852522256     
 B before wg2 wg2 ==>    44.820517971435237        3.7958932391356988     
 Q value wg2 wg2 ==>   2.97741698954513687E-005  2.52160339331755398E-006
 B after wg2 wg2 ==>   43.880618297740618        3.7958957607390920     
 LTM d(wg2)/d(wg2)  0.89985505119067477     
 B before wg2 wg2 ==>    41.557958068438268        3.5195838692628625     
 Q value wg2 wg2 ==>   2.97741698954513687E-005  2.52160339331755398E-006
 B after wg2 wg2 ==>   40.686477374039804        3.5195863908662557     
 LTM d(wg2)/d(wg2)  0.88960581844529973     
 B before wg2 wg2 ==>    40.242003606376059        3.4081344065695500     
 Q value wg2 wg2 ==>   2.97741698954513687E-005  2.52160339331755398E-006
 B after wg2 wg2 ==>   39.398119726678772        3.4081369281729432     
 LTM d(wg2)/d(wg2)  0.88870251179218440     
 B before wg2 wg2 ==>    11.311583814647804       0.95798902978549083     
 Q value wg2 wg2 ==>   2.97741698954513687E-005  2.52160339331755398E-006
 B after wg2 wg2 ==>   11.074398310340058       0.95799155138888414     
 LTM d(wg2)/d(wg2)  0.89537170321837001     
 B before wg2 wg2 ==>    10.692701272717542       0.90557526566457225     
 Q value wg2 wg2 ==>   2.97741698954513687E-005  2.52160339331755398E-006
 B after wg2 wg2 ==>   10.468494323005585       0.90557778726796556     
 LTM d(wg2)/d(wg2)  0.88848350712794022     
 B before wg2 wg2 ==>    9.8234809269996965       0.83196014957572284     
 Q value wg2 wg2 ==>   2.97741698954513687E-005  2.52160339331755398E-006
 B after wg2 wg2 ==>   9.6175023533499946       0.83196267117911615     
 LTM d(wg2)/d(wg2)  0.91561257937258345     
 B before wg2 wg2 ==>    10.098838957924530       0.85528048890324770     
 Q value wg2 wg2 ==>   2.97741698954513687E-005  2.52160339331755398E-006
 B after wg2 wg2 ==>   9.8870858648860587       0.85528301050664102     
 LTM d(wg2)/d(wg2)  0.90516075220947223     
 B before wg2 wg2 ==>    9.9507354639647332       0.84273746002141603     
 Q value wg2 wg2 ==>   2.97741698954513687E-005  2.52160339331755398E-006
 B after wg2 wg2 ==>   9.7420882418338319       0.84273998162480934     
 LTM d(wg2)/d(wg2)  0.90313544765573694     
 B before wg2 wg2 ==>    9.4992429342899083       0.80450011876611904     
 Q value wg2 wg2 ==>   2.97741698954513687E-005  2.52160339331755398E-006
 B after wg2 wg2 ==>   9.3000639392440689       0.80450264036951236     
 LTM d(wg2)/d(wg2)  0.90779539970083534     
 B before wg2 wg2 ==>    15.596522168251500        1.3208846245424177     
 Q value wg2 wg2 ==>   2.97741698954513687E-005  2.52160339331755398E-006
 B after wg2 wg2 ==>   15.269477437686728        1.3208871461458112     
 LTM d(wg2)/d(wg2)  0.89821607221241540     
 B before wg2 wg2 ==>    14.797449539684033        1.2532103868129310     
 Q value wg2 wg2 ==>   2.97741698954513687E-005  2.52160339331755398E-006
 B after wg2 wg2 ==>   14.487162120940527        1.2532129084163244     
 LTM d(wg2)/d(wg2)  0.79720671515124331     
 B before wg2 wg2 ==>    39.696762066173456        3.2299545442208788     
 Q value wg2 wg2 ==>   2.86051263465708515E-005  2.32747592050711275E-006
 B after wg2 wg2 ==>   37.338355302331884        3.2299568716967992     
 LTM d(wg2)/d(wg2)  0.76107285818226911     
 B before wg2 wg2 ==>    38.672739582608422        3.0507771467501943     
 Q value wg2 wg2 ==>   2.77337176582312260E-005  2.18783031508334000E-006
 B after wg2 wg2 ==>   35.267059985150077        3.0507793345805094     
 LTM d(wg2)/d(wg2)  0.75125211184135332     
 B before wg2 wg2 ==>    37.363112893332740        2.9474646010775021     
 Q value wg2 wg2 ==>   2.77337176582312260E-005  2.18783031508334000E-006
 B after wg2 wg2 ==>   34.072765234245587        2.9474667889078172     
 LTM d(wg2)/d(wg2)  0.75027912622572046     
 B before wg2 wg2 ==>    38.033711019472442        3.0003660882739389     
 Q value wg2 wg2 ==>   2.77337176582312260E-005  2.18783031508334000E-006
 B after wg2 wg2 ==>   34.684307308466735        3.0003682761042541     
 LTM d(wg2)/d(wg2)  0.74900786815022902     
 B before wg2 wg2 ==>    37.951286081259511        2.9938638305974390     
 Q value wg2 wg2 ==>   2.77337176582312260E-005  2.18783031508334000E-006
 B after wg2 wg2 ==>   34.609141101289204        2.9938660184277541     
 LTM d(wg2)/d(wg2)  0.74638020862610466     
 B before wg2 wg2 ==>    37.660599696179247        2.9709324481806343     
 Q value wg2 wg2 ==>   2.77337176582312260E-005  2.18783031508334000E-006
 B after wg2 wg2 ==>   34.344053938127637        2.9709346360109494     
 LTM d(wg2)/d(wg2)  0.83817786422260687     
 B before wg2 wg2 ==>    37.054145169519138        3.0664208557423254     
 Q value wg2 wg2 ==>   2.90936028119118281E-005  2.40764508324205215E-006
 B after wg2 wg2 ==>   35.447904063049336        3.0664232633874087     
 LTM d(wg2)/d(wg2)  0.83991287621878519     
 B before wg2 wg2 ==>    38.346871699029514        3.1734006166496918     
 Q value wg2 wg2 ==>   2.90936028119118281E-005  2.40764508324205215E-006
 B after wg2 wg2 ==>   36.684591883224272        3.1734030242947751     
 LTM d(wg2)/d(wg2)  0.83918396035813270     
 B before wg2 wg2 ==>    12.776765276080944        1.0573429593979051     
 Q value wg2 wg2 ==>   2.90936028119118281E-005  2.40764508324205215E-006
 B after wg2 wg2 ==>   12.222930076210512        1.0573453670429884     
 LTM d(wg2)/d(wg2)  0.84452976731001028     
 B before wg2 wg2 ==>    20.883548047498685        1.7282208773615035     
 Q value wg2 wg2 ==>   2.90936028119118281E-005  2.40764508324205215E-006
 B after wg2 wg2 ==>   19.978289996002324        1.7282232850065868     
 LTM d(wg2)/d(wg2)  0.83993365901904371     
 B before wg2 wg2 ==>    14.980277916931783        1.2396949496242269     
 Q value wg2 wg2 ==>   2.90936028119118281E-005  2.40764508324205215E-006
 B after wg2 wg2 ==>   14.330922124284179        1.2396973572693102     
 LTM d(wg2)/d(wg2)  0.83998236335158183     
 B before wg2 wg2 ==>    16.504953718499937        1.3658697042916250     
 Q value wg2 wg2 ==>   2.90936028119118281E-005  2.40764508324205215E-006
 B after wg2 wg2 ==>   15.789504392437173        1.3658721119367083     
 LTM d(wg2)/d(wg2)  0.83878524982158675     
 B before wg2 wg2 ==>    17.219910330282271        1.4250360365680921     
 Q value wg2 wg2 ==>   2.90936028119118281E-005  2.40764508324205215E-006
 B after wg2 wg2 ==>   16.473468180261378        1.4250384442131754     
 LTM d(wg2)/d(wg2)  0.84117575562406699     
 B before wg2 wg2 ==>    15.290461005105538        1.2653641935461453     
 Q value wg2 wg2 ==>   2.90936028119118281E-005  2.40764508324205215E-006
 B after wg2 wg2 ==>   14.627659012103770        1.2653666011912286     
 LTM d(wg2)/d(wg2)  0.84447285599084088     
 B before wg2 wg2 ==>    24.070951356179226        1.9919948744861264     
 Q value wg2 wg2 ==>   2.90936028119118281E-005  2.40764508324205215E-006
 B after wg2 wg2 ==>   23.027521801683218        1.9919972821312097     
 LTM d(wg2)/d(wg2)  0.84237340055126841     
 B before wg2 wg2 ==>    28.718562909515271        2.3766086047810568     
 Q value wg2 wg2 ==>   2.90936028119118281E-005  2.40764508324205215E-006
 B after wg2 wg2 ==>   27.473662938039364        2.3766110124261401     
 LTM d(wg2)/d(wg2)  0.85274443985323045     
 B before wg2 wg2 ==>    51.608136325133756        4.2708383860805421     
 Q value wg2 wg2 ==>   2.90936028119118281E-005  2.40764508324205215E-006
 B after wg2 wg2 ==>   49.370990799653576        4.2708407937256254     
 LTM d(wg2)/d(wg2)  0.92676900811529028     
 B before wg2 wg2 ==>    89.110951801506445        7.6348559934669442     
 Q value wg2 wg2 ==>   3.01212029042410758E-005  2.58072708095562267E-006
 B after wg2 wg2 ==>   88.259092443099277        7.6348585741940251     
 LTM d(wg2)/d(wg2)  0.97004715854041590     
 B before wg2 wg2 ==>    128.96281830990984        11.272100590137807     
 Q value wg2 wg2 ==>   3.07286077929626550E-005  2.68585909160881841E-006
 B after wg2 wg2 ==>   130.30570185373679        11.272103275996900     
 LTM d(wg2)/d(wg2)  0.91162037198602797     
 B before wg2 wg2 ==>    74.893757218361827        6.3817190842313076     
 Q value wg2 wg2 ==>   2.99567440448829352E-005  2.55262297250312341E-006
 B after wg2 wg2 ==>   73.772808549070959        6.3817216368542802     
 LTM d(wg2)/d(wg2)  0.86271400664109088     
 B before wg2 wg2 ==>    59.931432179686901        5.0025709686561051     
 Q value wg2 wg2 ==>   2.93454751906339301E-005  2.44951300028902855E-006
 B after wg2 wg2 ==>   57.829832141217835        5.0025734181691055     
 LTM d(wg2)/d(wg2)  0.85347590292915909     
 B before wg2 wg2 ==>    55.873674145547291        4.6638635191401878     
 Q value wg2 wg2 ==>   2.93454751906339267E-005  2.44951300028902770E-006
 B after wg2 wg2 ==>   53.914368376239388        4.6638659686531883     
 LTM d(wg2)/d(wg2)  0.85500245649897955     
 B before wg2 wg2 ==>    49.119183322271809        4.1000555393932148     
 Q value wg2 wg2 ==>   2.93454751906339267E-005  2.44951300028902770E-006
 B after wg2 wg2 ==>   47.396738727821415        4.1000579889062152     
 LTM d(wg2)/d(wg2)  0.85728994231709421     
 B before wg2 wg2 ==>    70.995143053647880        5.9260763282100068     
 Q value wg2 wg2 ==>   2.93454751906339267E-005  2.44951300028902770E-006
 B after wg2 wg2 ==>   68.505569498824329        5.9260787777230073     
 LTM d(wg2)/d(wg2)  0.88381642351023937     
 B before wg2 wg2 ==>    19.341465838494265        1.6380475446112626     
 Q value wg2 wg2 ==>   2.97741698954513687E-005  2.52160339331755398E-006
 B after wg2 wg2 ==>   18.935886082962060        1.6380500662146560     
 LTM d(wg2)/d(wg2)  0.88240670759570694     
 B before wg2 wg2 ==>    17.761368149222090        1.5042275352194763     
 Q value wg2 wg2 ==>   2.97741698954513687E-005  2.52160339331755398E-006
 B after wg2 wg2 ==>   17.388924542696348        1.5042300568228697     
 LTM d(wg2)/d(wg2)  0.88313843802822012     
 B before wg2 wg2 ==>    12.486253898510634        1.0574729811399044     
 Q value wg2 wg2 ==>   2.97741698954513687E-005  2.52160339331755398E-006
 B after wg2 wg2 ==>   12.224434447076341        1.0574755027432978     
 LTM d(wg2)/d(wg2)  0.88488828974687306     
 B before wg2 wg2 ==>    11.058475504777594       0.93655304096408298     
 Q value wg2 wg2 ==>   2.97741698954513687E-005  2.52160339331755398E-006
 B after wg2 wg2 ==>   10.826597922079742       0.93655556256747630     
 LTM d(wg2)/d(wg2)  0.88401816646695397     
 B before wg2 wg2 ==>    11.456106126975612       0.97022876491347410     
 Q value wg2 wg2 ==>   2.97741698954513687E-005  2.52160339331755398E-006
 B after wg2 wg2 ==>   11.215889852539812       0.97023128651686741     
 LTM d(wg2)/d(wg2)  0.88476381106583912     
 B before wg2 wg2 ==>    12.525600498375463        1.0608052829331380     
 Q value wg2 wg2 ==>   2.97741698954513687E-005  2.52160339331755398E-006
 B after wg2 wg2 ==>   12.262955911378430        1.0608078045365315     
 LTM d(wg2)/d(wg2)  0.88437761928674774     
 B before wg2 wg2 ==>    18.393113781745047        1.5577306869875058     
 Q value wg2 wg2 ==>   2.97741698954513687E-005  2.52160339331755398E-006
 B after wg2 wg2 ==>   18.007421869398982        1.5577332085908993     
 LTM d(wg2)/d(wg2)  0.89113702126846384     
 B before wg2 wg2 ==>    17.842630820933795        1.5111097498860082     
 Q value wg2 wg2 ==>   2.97741698954513687E-005  2.52160339331755398E-006
 B after wg2 wg2 ==>   17.468483059015142        1.5111122714894016     
 LTM d(wg2)/d(wg2)  0.88590722089655705     
 B before wg2 wg2 ==>    46.619841206923063        3.9482796731559588     
 Q value wg2 wg2 ==>   2.97741698954513687E-005  2.52160339331755398E-006
 B after wg2 wg2 ==>   45.642208016341023        3.9482821947593520     
 LTM d(wg2)/d(wg2)  0.89448809207907054     
 B before wg2 wg2 ==>    46.985883795462868        3.9792801758266223     
 Q value wg2 wg2 ==>   2.97741698954513687E-005  2.52160339331755398E-006
 B after wg2 wg2 ==>   46.000574344204729        3.9792826974300155     
 LTM d(wg2)/d(wg2)  0.88065845176081514     
 B before wg2 wg2 ==>    44.517496422405500        3.7702300495668619     
 Q value wg2 wg2 ==>   2.97741698954513687E-005  2.52160339331755398E-006
 B after wg2 wg2 ==>   43.583951398343615        3.7702325711702551     
 LTM d(wg2)/d(wg2)  0.91115476208890223     
 B before wg2 wg2 ==>    46.358645833742877        3.9261587830810147     
 Q value wg2 wg2 ==>   2.97741698954513687E-005  2.52160339331755398E-006
 B after wg2 wg2 ==>   45.386490158167831        3.9261613046844079     
 LTM d(wg2)/d(wg2)  0.89837048466964486     
 B before wg2 wg2 ==>    44.863883608291211        3.7995659170788079     
 Q value wg2 wg2 ==>   2.97741698954513687E-005  2.52160339331755398E-006
 B after wg2 wg2 ==>   43.923074516011667        3.7995684386822011     
 LTM d(wg2)/d(wg2)  0.91167591092087019     
 B before wg2 wg2 ==>    46.641642337429474        3.9501260320924523     
 Q value wg2 wg2 ==>   2.97741698954513687E-005  2.52160339331755398E-006
 B after wg2 wg2 ==>   45.663551956438347        3.9501285536958455     
 LTM d(wg2)/d(wg2)  0.84262358867432741     
 B before wg2 wg2 ==>    35.826206388501966        2.9822268118562243     
 Q value wg2 wg2 ==>   2.92645864363604198E-005  2.43602778820610943E-006
 B after wg2 wg2 ==>   34.474619839738835        2.9822292478840127     
 LTM d(wg2)/d(wg2)  0.74869352103969633     
 B before wg2 wg2 ==>    30.634625805270389        2.4166743115347442     
 Q value wg2 wg2 ==>   2.77337176582312260E-005  2.18783031508334000E-006
 B after wg2 wg2 ==>   27.936820635219519        2.4166764993650593     
 LTM d(wg2)/d(wg2)  0.74353866241116817     
 B before wg2 wg2 ==>    8.2356759103634403       0.64968792298017031     
 Q value wg2 wg2 ==>   2.77337176582312260E-005  2.18783031508334000E-006
 B after wg2 wg2 ==>   7.5104285157558746       0.64969011081048544     
 LTM d(wg2)/d(wg2)  0.75052454849019734     
 B before wg2 wg2 ==>    9.4511729930924400       0.74557486458176259     
 Q value wg2 wg2 ==>   2.77337176582312260E-005  2.18783031508334000E-006
 B after wg2 wg2 ==>   8.6188831597627384       0.74557705241207772     
 LTM d(wg2)/d(wg2)  0.74923287478872347     
 B before wg2 wg2 ==>    10.964922481160983       0.86499004938499113     
 Q value wg2 wg2 ==>   2.77337176582312260E-005  2.18783031508334000E-006
 B after wg2 wg2 ==>   9.9993246875575785       0.86499223721530627     
 LTM d(wg2)/d(wg2)  0.82301277638006842     
 B before wg2 wg2 ==>    10.956738437830335       0.89794524785876384     
 Q value wg2 wg2 ==>   2.88118474299235658E-005  2.36123748216943810E-006
 B after wg2 wg2 ==>   10.380289336093146       0.89794760909624605     
 LTM d(wg2)/d(wg2)  0.83369376473633383     
 B before wg2 wg2 ==>    12.920381325829585        1.0692279252540551     
 Q value wg2 wg2 ==>   2.90936028119118281E-005  2.40764508324205215E-006
 B after wg2 wg2 ==>   12.360320479711437        1.0692303328991384     
 LTM d(wg2)/d(wg2)  0.84027473122887331     
 B before wg2 wg2 ==>    12.717498542288665        1.0524383327300668     
 Q value wg2 wg2 ==>   2.90936028119118281E-005  2.40764508324205215E-006
 B after wg2 wg2 ==>   12.166232510136561        1.0524407403751501     
 LTM d(wg2)/d(wg2)  0.84487646948271544     
 B before wg2 wg2 ==>    16.155769986685126        1.3369729567665014     
 Q value wg2 wg2 ==>   2.90936028119118281E-005  2.40764508324205215E-006
 B after wg2 wg2 ==>   15.455457509139926        1.3369753644115847     
 LTM d(wg2)/d(wg2)  0.81391497552376413     
 B before wg2 wg2 ==>    28.121682289134871        2.2793707411369830     
 Q value wg2 wg2 ==>   2.84954956798789282E-005  2.30966975727501887E-006
 B after wg2 wg2 ==>   26.349590480095884        2.2793730508067402     
 LTM d(wg2)/d(wg2)  0.83161256788018945     
 B before wg2 wg2 ==>    75.679863045569462        6.2022447433570349     
 Q value wg2 wg2 ==>   2.88118474299235590E-005  2.36123748216943725E-006
 B after wg2 wg2 ==>   71.698079963077660        6.2022471045945169     
 LTM d(wg2)/d(wg2)  0.83572381911572990     
 B before wg2 wg2 ==>    46.605056306643817        3.8568078142927127     
 Q value wg2 wg2 ==>   2.90936028119118281E-005  2.40764508324205215E-006
 B after wg2 wg2 ==>   44.584790485059166        3.8568102219377960     
 LTM d(wg2)/d(wg2)  0.83600825247567245     
 B before wg2 wg2 ==>    46.941515849634399        3.8846515698299084     
 Q value wg2 wg2 ==>   2.90936028119118281E-005  2.40764508324205215E-006
 B after wg2 wg2 ==>   44.906664763415378        3.8846539774749917     
 LTM d(wg2)/d(wg2)  0.83621255762175961     
 B before wg2 wg2 ==>    46.909451648064142        3.8819980924397823     
 Q value wg2 wg2 ==>   2.90936028119118281E-005  2.40764508324205215E-006
 B after wg2 wg2 ==>   44.875990520533868        3.8820005000848656     
 LTM d(wg2)/d(wg2)  0.84522767227232110     
 B before wg2 wg2 ==>    46.809971305866220        3.8737655831036064     
 Q value wg2 wg2 ==>   2.90936028119118281E-005  2.40764508324205215E-006
 B after wg2 wg2 ==>   44.780822575315320        3.8737679907486897     
 LTM d(wg2)/d(wg2)  0.85685940906109936     
 B before wg2 wg2 ==>    48.187401843652772        3.9877550358107636     
 Q value wg2 wg2 ==>   2.90936028119118281E-005  2.40764508324205215E-006
 B after wg2 wg2 ==>   46.098542549595436        3.9877574434558469     
 LTM d(wg2)/d(wg2)  0.85142875372214344     
 B before wg2 wg2 ==>    61.054621116523151        5.0525835280949742     
 Q value wg2 wg2 ==>   2.90936028119118281E-005  2.40764508324205215E-006
 B after wg2 wg2 ==>   58.407977678389457        5.0525859357400575     
 LTM d(wg2)/d(wg2)  0.85156801706378460     
 B before wg2 wg2 ==>    49.865464960213544        4.1266233787271389     
 Q value wg2 wg2 ==>   2.90936028119118281E-005  2.40764508324205215E-006
 B after wg2 wg2 ==>   47.703862909595721        4.1266257863722222     
 LTM d(wg2)/d(wg2)  0.91587706260526569     
 B before wg2 wg2 ==>    12.337833416361292        1.0471140051217214     
 Q value wg2 wg2 ==>   2.98371687315400510E-005  2.53228554784538003E-006
 B after wg2 wg2 ==>   12.104684635036907        1.0471165374072693     
 LTM d(wg2)/d(wg2)  0.92117022440846319     
 B before wg2 wg2 ==>    82.452359900726734        7.1304427958752434     
 Q value wg2 wg2 ==>   3.04029660090152940E-005  2.62923475099118717E-006
 B after wg2 wg2 ==>   82.428068027663798        7.1304454251099942     
 LTM d(wg2)/d(wg2)  0.86982955760467495     
 B before wg2 wg2 ==>    36.302568156742005        3.0302324997688030     
 Q value wg2 wg2 ==>   2.93454751906339267E-005  2.44951300028902770E-006
 B after wg2 wg2 ==>   35.029566548481334        3.0302349492818035     
 LTM d(wg2)/d(wg2)  0.85867917766382718     
 B before wg2 wg2 ==>    83.180105896191336        6.9431743542925828     
 Q value wg2 wg2 ==>   2.93454751906339301E-005  2.44951300028902855E-006
 B after wg2 wg2 ==>   80.263239642333474        6.9431768038055832     
 LTM d(wg2)/d(wg2)  0.85718928580821951     
 B before wg2 wg2 ==>    65.135989020358309        5.4370035194718689     
 Q value wg2 wg2 ==>   2.93454751906339301E-005  2.44951300028902855E-006
 B after wg2 wg2 ==>   62.851879673615983        5.4370059689848693     
 LTM d(wg2)/d(wg2)  0.85450423001117204     
 B before wg2 wg2 ==>    38.538748787364533        3.2168900164769543     
 Q value wg2 wg2 ==>   2.93454751906339267E-005  2.44951300028902770E-006
 B after wg2 wg2 ==>   37.187330554487588        3.2168924659899547     
 LTM d(wg2)/d(wg2)  0.85622616699209797     
 B before wg2 wg2 ==>    65.802073703921067        5.4926026563432711     
 Q value wg2 wg2 ==>   2.93454751906339301E-005  2.44951300028902855E-006
 B after wg2 wg2 ==>   63.494606623068037        5.4926051058562715     
 LTM d(wg2)/d(wg2)  0.88638617955786736     
 B before wg2 wg2 ==>    34.300745562765151        2.9049634870795926     
 Q value wg2 wg2 ==>   2.97741698954513687E-005  2.52160339331755398E-006
 B after wg2 wg2 ==>   33.581455506067257        2.9049660086829858     
 LTM d(wg2)/d(wg2)  0.88465616517843382     
 B before wg2 wg2 ==>    55.901796488970405        4.7343774894181028     
 Q value wg2 wg2 ==>   2.97741698954513687E-005  2.52160339331755398E-006
 B after wg2 wg2 ==>   54.729511881969373        4.7343800110214964     
 LTM d(wg2)/d(wg2)  0.88286767634950758     
 B before wg2 wg2 ==>    49.123484176402421        4.1603156301503219     
 Q value wg2 wg2 ==>   2.97741698954513687E-005  2.52160339331755398E-006
 B after wg2 wg2 ==>   48.093347215288418        4.1603181517537156     
 LTM d(wg2)/d(wg2)  0.88490130417836033     
 B before wg2 wg2 ==>    48.559443088881565        4.1125464421172948     
 Q value wg2 wg2 ==>   2.97741698954513687E-005  2.52160339331755398E-006
 B after wg2 wg2 ==>   47.541134604986880        4.1125489637206885     
 LTM d(wg2)/d(wg2)  0.88353297178988643     
 B before wg2 wg2 ==>    47.569242147863932        4.0286853618015765     
 Q value wg2 wg2 ==>   2.97741698954513687E-005  2.52160339331755398E-006
 B after wg2 wg2 ==>   46.571699117998243        4.0286878834049702     
 LTM d(wg2)/d(wg2)  0.88175351812498448     
 B before wg2 wg2 ==>    47.316126764119176        4.0072487738868565     
 Q value wg2 wg2 ==>   2.97741698954513687E-005  2.52160339331755398E-006
 B after wg2 wg2 ==>   46.323891804209246        4.0072512954902502     
 LTM d(wg2)/d(wg2)  0.89111187817718462     
 B before wg2 wg2 ==>    47.490885710000441        4.0220492789049365     
 Q value wg2 wg2 ==>   2.97741698954513687E-005  2.52160339331755398E-006
 B after wg2 wg2 ==>   46.494985889044102        4.0220518005083301     
 LTM d(wg2)/d(wg2)  0.88829682194098836     
 B before wg2 wg2 ==>    39.809534932246684        3.3715082141343826     
 Q value wg2 wg2 ==>   2.97741698954513687E-005  2.52160339331755398E-006
 B after wg2 wg2 ==>   38.974720331318601        3.3715107357377758     
 LTM d(wg2)/d(wg2)  0.89645177615195948     
 B before wg2 wg2 ==>    40.786177563753100        3.4542210280369252     
 Q value wg2 wg2 ==>   2.97741698954513687E-005  2.52160339331755398E-006
 B after wg2 wg2 ==>   39.930881839421453        3.4542235496403184     
 LTM d(wg2)/d(wg2)  0.88626432023476520     
 B before wg2 wg2 ==>    11.747603801263741       0.99491598632754330     
 Q value wg2 wg2 ==>   2.97741698954513687E-005  2.52160339331755398E-006
 B after wg2 wg2 ==>   11.501274543791622       0.99491850793093661     
 LTM d(wg2)/d(wg2)  0.90233997703063551     
 B before wg2 wg2 ==>    11.472657696235991       0.97163053340469507     
 Q value wg2 wg2 ==>   2.97741698954513687E-005  2.52160339331755398E-006
 B after wg2 wg2 ==>   11.232094319675413       0.97163305500808839     
 LTM d(wg2)/d(wg2)  0.91938167915374702     
 B before wg2 wg2 ==>    11.106437442926318       0.94061498413195554     
 Q value wg2 wg2 ==>   2.97741698954513687E-005  2.52160339331755398E-006
 B after wg2 wg2 ==>   10.873554052840779       0.94061750573534886     
 LTM d(wg2)/d(wg2)  0.88679945304076258     
 B before wg2 wg2 ==>    10.037063279449459       0.85004864663814961     
 Q value wg2 wg2 ==>   2.97741698954513687E-005  2.52160339331755398E-006
 B after wg2 wg2 ==>   9.8266056810508591       0.85005116824154292     
 LTM d(wg2)/d(wg2)  0.88774078716343896     
 B before wg2 wg2 ==>    9.7199085090523312       0.82318850081213879     
 Q value wg2 wg2 ==>   2.97741698954513687E-005  2.52160339331755398E-006
 B after wg2 wg2 ==>   9.5161019473594628       0.82319102241553210     
 LTM d(wg2)/d(wg2)  0.79432082615509614     
 B before wg2 wg2 ==>    9.6287915760052378       0.78345329662983654     
 Q value wg2 wg2 ==>   2.86051263465708515E-005  2.32747592050711275E-006
 B after wg2 wg2 ==>   9.0567600802370549       0.78345562410575709     
 LTM d(wg2)/d(wg2)  0.74148543549322865     
 B before wg2 wg2 ==>    14.100710135826715        1.1123629900446648     
 Q value wg2 wg2 ==>   2.77337176582312260E-005  2.18783031508334000E-006
 B after wg2 wg2 ==>   12.858960006985646        1.1123651778749799     
 LTM d(wg2)/d(wg2)  0.81725360858501173     
 B before wg2 wg2 ==>    13.526312715554806        1.1141057419506695     
 Q value wg2 wg2 ==>   2.89567310871140741E-005  2.38504469404853643E-006
 B after wg2 wg2 ==>   12.879108527884187        1.1141081269953634     
 LTM d(wg2)/d(wg2)  0.82446607393571680     
 B before wg2 wg2 ==>    43.152321565437852        3.5542760429654963     
 Q value wg2 wg2 ==>   2.89567310871140741E-005  2.38504469404853643E-006
 B after wg2 wg2 ==>   41.087517901977705        3.5542784280101904     
 LTM d(wg2)/d(wg2)  0.78266144957372308     
 B before wg2 wg2 ==>    42.385724431678099        3.4074375315663805     
 Q value wg2 wg2 ==>   2.82625169972558664E-005  2.27205651063516949E-006
 B after wg2 wg2 ==>   39.390060955254327        3.4074398036228910     
 LTM d(wg2)/d(wg2)  0.76017814073526913     
 B before wg2 wg2 ==>    41.917667799072348        3.3067598609948545     
 Q value wg2 wg2 ==>   2.77337176582312260E-005  2.18783031508334000E-006
 B after wg2 wg2 ==>   38.226224430804521        3.3067620488251697     
 LTM d(wg2)/d(wg2)  0.77984151643497723     
 B before wg2 wg2 ==>    41.884653983978666        3.3671558973052522     
 Q value wg2 wg2 ==>   2.82625169972558664E-005  2.27205651063516949E-006
 B after wg2 wg2 ==>   38.924404591424775        3.3671581693617627     
 LTM d(wg2)/d(wg2)  0.78321155165172407     
 B before wg2 wg2 ==>    41.663895131820439        3.3494088372194448     
 Q value wg2 wg2 ==>   2.82625169972558664E-005  2.27205651063516949E-006
 B after wg2 wg2 ==>   38.719248280867724        3.3494111092759553     
 LTM d(wg2)/d(wg2)  0.86671561889195670     
 B before wg2 wg2 ==>    47.201144333101212        3.9061371605190245     
 Q value wg2 wg2 ==>   2.90936028119118281E-005  2.40764508324205215E-006
 B after wg2 wg2 ==>   45.155038550093600        3.9061395681641078     
 LTM d(wg2)/d(wg2)  0.77955121675985073     
 B before wg2 wg2 ==>    33.947567776709036        2.7290843343779119     
 Q value wg2 wg2 ==>   2.82625169972558664E-005  2.27205651063516949E-006
 B after wg2 wg2 ==>   31.548286682958878        2.7290866064344224     
 LTM d(wg2)/d(wg2)  0.75419179029076955     
 B before wg2 wg2 ==>    32.959824512274764        2.6001023063844331     
 Q value wg2 wg2 ==>   2.77337176582312260E-005  2.18783031508334000E-006
 B after wg2 wg2 ==>   30.057251314683683        2.6001044942147482     
 LTM d(wg2)/d(wg2)  0.83473302325301113     
 B before wg2 wg2 ==>    11.817879680349826       0.97799025066399681     
 Q value wg2 wg2 ==>   2.90936028119118281E-005  2.40764508324205215E-006
 B after wg2 wg2 ==>   11.305611439893047       0.97799265830908000     
 LTM d(wg2)/d(wg2)  0.79599257884367880     
 B before wg2 wg2 ==>    13.649192127677370        1.1063196233346313     
 Q value wg2 wg2 ==>   2.84954954799046985E-005  2.30966972485765470E-006
 B after wg2 wg2 ==>   12.789099995498926        1.1063219330043561     
 LTM d(wg2)/d(wg2)  0.79675212694040987     
 B before wg2 wg2 ==>    12.856035712983616        1.0420312392499713     
 Q value wg2 wg2 ==>   2.84954954799046985E-005  2.30966972485765470E-006
 B after wg2 wg2 ==>   12.045925203352308        1.0420335489196961     
 LTM d(wg2)/d(wg2)  0.84444822863965208     
 B before wg2 wg2 ==>    11.247181354704805       0.93076203260393831     
 Q value wg2 wg2 ==>   2.90936028119118281E-005  2.40764508324205215E-006
 B after wg2 wg2 ==>   10.759652451500708       0.93076444024902150     
 LTM d(wg2)/d(wg2)  0.85806584464052116     
 B before wg2 wg2 ==>    13.949078522560146        1.1543579025849879     
 Q value wg2 wg2 ==>   2.90936028119118281E-005  2.40764508324205215E-006
 B after wg2 wg2 ==>   13.344424437357164        1.1543603102300712     
 LTM d(wg2)/d(wg2)  0.83823331228544362     
 B before wg2 wg2 ==>    13.961222192815470        1.1553628536792804     
 Q value wg2 wg2 ==>   2.90936028119118281E-005  2.40764508324205215E-006
 B after wg2 wg2 ==>   13.356041688766606        1.1553652613243637     
 LTM d(wg2)/d(wg2)  0.84362634997893582     
 B before wg2 wg2 ==>    43.037757661882686        3.5615955266279258     
 Q value wg2 wg2 ==>   2.90936028119118281E-005  2.40764508324205215E-006
 B after wg2 wg2 ==>   41.172131516442221        3.5615979342730091     
 LTM d(wg2)/d(wg2)  0.85612259298630400     
 B before wg2 wg2 ==>    68.553306471528785        5.7064794153709837     
 Q value wg2 wg2 ==>   2.92645865345613878E-005  2.43602780455489902E-006
 B after wg2 wg2 ==>   65.967025368330638        5.7064818513987881     
 LTM d(wg2)/d(wg2)  0.86425773187374022     
 B before wg2 wg2 ==>    86.569189620052185        7.2260665067193619     
 Q value wg2 wg2 ==>   2.93454751906339267E-005  2.44951300028902770E-006
 B after wg2 wg2 ==>   83.533477642137967        7.2260689562323623     
 LTM d(wg2)/d(wg2)  0.85875658662751375     
 B before wg2 wg2 ==>    55.381859597096607        4.6228109847261010     
 Q value wg2 wg2 ==>   2.93454751906339267E-005  2.44951300028902770E-006
 B after wg2 wg2 ==>   53.439800393785447        4.6228134342391014     
 LTM d(wg2)/d(wg2)  0.86115887341754782     
 B before wg2 wg2 ==>    149.32146426525978        12.464097635627553     
 Q value wg2 wg2 ==>   2.93454751906339267E-005  2.44951300028902770E-006
 B after wg2 wg2 ==>   144.08520484619331        12.464100085140553     
 LTM d(wg2)/d(wg2)  0.85360235625256675     
 B before wg2 wg2 ==>    56.736983537311900        4.7359253128123502     
 Q value wg2 wg2 ==>   2.93454751906339267E-005  2.44951300028902770E-006
 B after wg2 wg2 ==>   54.747403912853542        4.7359277623253506     
 LTM d(wg2)/d(wg2)  0.85371685335276681     
 B before wg2 wg2 ==>    49.265208360666051        4.1122444791732251     
 Q value wg2 wg2 ==>   2.93454751906339301E-005  2.44951300028902855E-006
 B after wg2 wg2 ==>   47.537643074951497        4.1122469286862255     
 LTM d(wg2)/d(wg2)  0.86766896904319357     
 B before wg2 wg2 ==>    72.979767917714597        6.0917360891662664     
 Q value wg2 wg2 ==>   2.93454751906339267E-005  2.44951300028902770E-006
 B after wg2 wg2 ==>   70.420599098162228        6.0917385386792668     
 LTM d(wg2)/d(wg2)  0.88547150318663315     
 B before wg2 wg2 ==>    36.273347719591484        3.0720250814006054     
 Q value wg2 wg2 ==>   2.97741698954513687E-005  2.52160339331755398E-006
 B after wg2 wg2 ==>   35.512690322479870        3.0720276030039986     
 LTM d(wg2)/d(wg2)  0.88489278935154458     
 B before wg2 wg2 ==>    45.060088158990979        3.8161826712172484     
 Q value wg2 wg2 ==>   2.97741698954513687E-005  2.52160339331755398E-006
 B after wg2 wg2 ==>   44.115164470967208        3.8161851928206416     
 LTM d(wg2)/d(wg2)  0.88844819522966023     
 B before wg2 wg2 ==>    21.357369798184834        1.8087764107125679     
 Q value wg2 wg2 ==>   2.97741698954513687E-005  2.52160339331755398E-006
 B after wg2 wg2 ==>   20.909514622313406        1.8087789323159613     
 LTM d(wg2)/d(wg2)  0.89025995427981408     
 B before wg2 wg2 ==>    16.190398963674845        1.3711806276824023     
 Q value wg2 wg2 ==>   2.97741698954513687E-005  2.52160339331755398E-006
 B after wg2 wg2 ==>   15.850900072764016        1.3711831492857958     
 LTM d(wg2)/d(wg2)  0.88408425095328158     
 B before wg2 wg2 ==>    13.417220230868871        1.1363174248635080     
 Q value wg2 wg2 ==>   2.97741698954513687E-005  2.52160339331755398E-006
 B after wg2 wg2 ==>   13.135877531398419        1.1363199464669014     
 LTM d(wg2)/d(wg2)  0.88254594470594983     
 B before wg2 wg2 ==>    12.792577813360841        1.0834158512804621     
 Q value wg2 wg2 ==>   2.97741698954513687E-005  2.52160339331755398E-006
 B after wg2 wg2 ==>   12.524334458546628        1.0834183728838556     
 LTM d(wg2)/d(wg2)  0.88410611036489739     
 B before wg2 wg2 ==>    12.872740396735779        1.0902048983963055     
 Q value wg2 wg2 ==>   2.97741698954513687E-005  2.52160339331755398E-006
 B after wg2 wg2 ==>   12.602815956425721        1.0902074199996989     
 LTM d(wg2)/d(wg2)  0.88804767503808457     
 B before wg2 wg2 ==>    12.521623430497907        1.0604684611882931     
 Q value wg2 wg2 ==>   2.97741698954513687E-005  2.52160339331755398E-006
 B after wg2 wg2 ==>   12.259062246390895        1.0604709827916865     
 LTM d(wg2)/d(wg2)  0.88567403583047777     
 B before wg2 wg2 ==>    19.088268626302114        1.6166040265657835     
 Q value wg2 wg2 ==>   2.97741698954513687E-005  2.52160339331755398E-006
 B after wg2 wg2 ==>   18.687998656745918        1.6166065481691769     
 LTM d(wg2)/d(wg2)  0.89329750158262977     
 B before wg2 wg2 ==>    18.324311211612109        1.5519037304367309     
 Q value wg2 wg2 ==>   2.97741698954513687E-005  2.52160339331755398E-006
 B after wg2 wg2 ==>   17.940062154496726        1.5519062520401243     
 LTM d(wg2)/d(wg2)  0.90717534000193667     
 B before wg2 wg2 ==>    48.753944272396879        4.1290189364329608     
 Q value wg2 wg2 ==>   2.97741698954513687E-005  2.52160339331755398E-006
 B after wg2 wg2 ==>   47.731556913985351        4.1290214580363545     
 LTM d(wg2)/d(wg2)  0.89070707370092272     
 B before wg2 wg2 ==>    46.216185133864904        3.9140936479155983     
 Q value wg2 wg2 ==>   2.97741698954513687E-005  2.52160339331755398E-006
 B after wg2 wg2 ==>   45.247016994447129        3.9140961695189915     
 LTM d(wg2)/d(wg2)  0.88661086464213168     
 B before wg2 wg2 ==>    46.964974659802273        3.9775093608007714     
 Q value wg2 wg2 ==>   2.97741698954513687E-005  2.52160339331755398E-006
 B after wg2 wg2 ==>   45.980103692974275        3.9775118824041646     
 LTM d(wg2)/d(wg2)  0.85560832098509132     
 B before wg2 wg2 ==>    46.396085876529632        3.8214513272073098     
 Q value wg2 wg2 ==>   2.89567310871140741E-005  2.38504469404853643E-006
 B after wg2 wg2 ==>   44.176068643456084        3.8214537122520040     
 LTM d(wg2)/d(wg2)  0.80001089598503461     
 B before wg2 wg2 ==>    41.171694460267382        3.3499634401802227     
 Q value wg2 wg2 ==>   2.86051263465708515E-005  2.32747592050711275E-006
 B after wg2 wg2 ==>   38.725660140992652        3.3499657676561432     
 LTM d(wg2)/d(wg2)  0.84177276522959599     
 B before wg2 wg2 ==>    42.867113835692194        3.5683224408801166     
 Q value wg2 wg2 ==>   2.92645864363604198E-005  2.43602778820610943E-006
 B after wg2 wg2 ==>   41.249895085485853        3.5683248769079050     
 LTM d(wg2)/d(wg2)  0.87824817196982408     
 B before wg2 wg2 ==>    38.951253530578327        3.2988195278513470     
 Q value wg2 wg2 ==>   2.97741698954513687E-005  2.52160339331755398E-006
 B after wg2 wg2 ==>   38.134437905668150        3.2988220494547402     
 LTM d(wg2)/d(wg2)  0.88375308051901347     
 B before wg2 wg2 ==>    39.990136095456563        3.3868035022175174     
 Q value wg2 wg2 ==>   2.97741698954513687E-005  2.52160339331755398E-006
 B after wg2 wg2 ==>   39.151534116636910        3.3868060238209106     
 LTM d(wg2)/d(wg2)  0.76633193123590204     
 B before wg2 wg2 ==>    15.157770587755445        1.1957513381235234     
 Q value wg2 wg2 ==>   2.77337176582312260E-005  2.18783031508334000E-006
 B after wg2 wg2 ==>   13.822930701432499        1.1957535259538385     
 LTM d(wg2)/d(wg2)  0.75175399332456661     
 B before wg2 wg2 ==>    15.276187093186927        1.2050928632512350     
 Q value wg2 wg2 ==>   2.77337176582312260E-005  2.18783031508334000E-006
 B after wg2 wg2 ==>   13.930918887696089        1.2050950510815501     
 LTM d(wg2)/d(wg2)  0.75823616167622576     
 B before wg2 wg2 ==>    13.245273827836590        1.0448801696630887     
 Q value wg2 wg2 ==>   2.77337176582312260E-005  2.18783031508334000E-006
 B after wg2 wg2 ==>   12.078857477973532        1.0448823574934039     
 LTM d(wg2)/d(wg2)  0.75132414514513612     
 B before wg2 wg2 ==>    11.597433544571196       0.91488696173578632     
 Q value wg2 wg2 ==>   2.77337176582312260E-005  2.18783031508334000E-006
 B after wg2 wg2 ==>   10.576133826456259       0.91488914956610146     
 LTM d(wg2)/d(wg2)  0.81316484757564456     
 B before wg2 wg2 ==>    12.226351718649990       0.99847033489790005     
 Q value wg2 wg2 ==>   2.87105045879787962E-005  2.34465585406962222E-006
 B after wg2 wg2 ==>   11.542360827023790       0.99847267955375407     
 LTM d(wg2)/d(wg2)  0.74960775325758555     
 B before wg2 wg2 ==>    12.835054956991431        1.0125192257566764     
 Q value wg2 wg2 ==>   2.77337176582312260E-005  2.18783031508334000E-006
 B after wg2 wg2 ==>   11.704764426736691        1.0125214135869915     
 LTM d(wg2)/d(wg2)  0.75162289553746597     
 B before wg2 wg2 ==>    21.169883962470056        1.6700290408466829     
 Q value wg2 wg2 ==>   2.77337176582312260E-005  2.18783031508334000E-006
 B after wg2 wg2 ==>   19.305588854371891        1.6700312286769980     
 LTM d(wg2)/d(wg2)  0.77716329916506821     
 B before wg2 wg2 ==>    21.528574378649552        1.7231210341005216     
 Q value wg2 wg2 ==>   2.81386369527439368E-005  2.25218244141035141E-006
 B after wg2 wg2 ==>   19.919333925705303        1.7231232862829631     
 LTM d(wg2)/d(wg2)  0.80633238900500215     
 B before wg2 wg2 ==>    54.880961388379674        4.4483134212989084     
 Q value wg2 wg2 ==>   2.84954954799046985E-005  2.30966972485765470E-006
 B after wg2 wg2 ==>   51.422604033906239        4.4483157309686332     
 LTM d(wg2)/d(wg2)  0.81954426845242989     
 B before wg2 wg2 ==>    51.789062882766558        4.2293763445297250     
 Q value wg2 wg2 ==>   2.87105044648049116E-005  2.34465583395152415E-006
 B after wg2 wg2 ==>   48.891688179712979        4.2293786891855589     
 LTM d(wg2)/d(wg2)  0.83905957138161380     
 B before wg2 wg2 ==>    49.032218708472122        4.0576679711035180     
 Q value wg2 wg2 ==>   2.90936028119118281E-005  2.40764508324205215E-006
 B after wg2 wg2 ==>   46.906737247507444        4.0576703787486013     
 LTM d(wg2)/d(wg2)  0.83797478017522775     
 B before wg2 wg2 ==>    51.615191066370620        4.2714222021573027     
 Q value wg2 wg2 ==>   2.90936028119118281E-005  2.40764508324205215E-006
 B after wg2 wg2 ==>   49.377739723237148        4.2714246098023860     
 LTM d(wg2)/d(wg2)  0.85806278983777173     
 B before wg2 wg2 ==>    57.313765105516552        4.7430084768287593     
 Q value wg2 wg2 ==>   2.90936028119118281E-005  2.40764508324205215E-006
 B after wg2 wg2 ==>   54.829284923014299        4.7430108844738426     
 LTM d(wg2)/d(wg2)  0.84784428584060267     
 B before wg2 wg2 ==>    59.815299817120426        4.9500233243156595     
 Q value wg2 wg2 ==>   2.90936028119118281E-005  2.40764508324205215E-006
 B after wg2 wg2 ==>   57.222380012319107        4.9500257319607428     
 LTM d(wg2)/d(wg2)  0.85939176729008482     
 B before wg2 wg2 ==>    96.522611145135045        8.0568942668651129     
 Q value wg2 wg2 ==>   2.93454751906339267E-005  2.44951300028902770E-006
 B after wg2 wg2 ==>   93.137860405015502        8.0568967163781124     
 LTM d(wg2)/d(wg2)  0.86286941858467237     
 B before wg2 wg2 ==>    91.807994418242814        7.6633577884512789     
 Q value wg2 wg2 ==>   2.93454751906339267E-005  2.44951300028902770E-006
 B after wg2 wg2 ==>   88.588572151601483        7.6633602379642793     
 LTM d(wg2)/d(wg2)  0.85559845294916170     
 B before wg2 wg2 ==>    29.621955778120473        2.4725912700725754     
 Q value wg2 wg2 ==>   2.93454751906339301E-005  2.44951300028902855E-006
 B after wg2 wg2 ==>   28.583224633491970        2.4725937195855758     
 LTM d(wg2)/d(wg2)  0.85788845384984358     
 B before wg2 wg2 ==>    52.556029497007536        4.3869344987666761     
 Q value wg2 wg2 ==>   2.93454751906339267E-005  2.44951300028902770E-006
 B after wg2 wg2 ==>   50.713064282416944        4.3869369482796765     
 LTM d(wg2)/d(wg2)  0.87177097490972966     
 B before wg2 wg2 ==>    23.112557050389661        1.9292415132851799     
 Q value wg2 wg2 ==>   2.93454751906339267E-005  2.44951300028902770E-006
 B after wg2 wg2 ==>   22.302092383665492        1.9292439627981801     
 LTM d(wg2)/d(wg2)  0.86453430001941656     
 B before wg2 wg2 ==>    45.344958878454641        3.7850150849081077     
 Q value wg2 wg2 ==>   2.93454751906339301E-005  2.44951300028902855E-006
 B after wg2 wg2 ==>   43.754865820090139        3.7850175344211081     
 LTM d(wg2)/d(wg2)  0.85923774052914204     
 B before wg2 wg2 ==>    16.480923672298850        1.3756886378501045     
 Q value wg2 wg2 ==>   2.93454751906339301E-005  2.44951300028902855E-006
 B after wg2 wg2 ==>   15.903011912115929        1.3756910873631047     
 LTM d(wg2)/d(wg2)  0.88584514670047132     
 B before wg2 wg2 ==>    12.910271318752615        1.0933834286674868     
 Q value wg2 wg2 ==>   2.97741698954513687E-005  2.52160339331755398E-006
 B after wg2 wg2 ==>   12.639559819368460        1.0933859502708803     
 LTM d(wg2)/d(wg2)  0.89657652054278725     
 B before wg2 wg2 ==>    20.514002758209980        1.7373508362203078     
 Q value wg2 wg2 ==>   2.97741698954513687E-005  2.52160339331755398E-006
 B after wg2 wg2 ==>   20.083833790029050        1.7373533578237013     
 LTM d(wg2)/d(wg2)  0.88878918601127532     
 B before wg2 wg2 ==>    27.659050828661837        2.3424719033443626     
 Q value wg2 wg2 ==>   2.97741698954513687E-005  2.52160339331755398E-006
 B after wg2 wg2 ==>   27.079043417498383        2.3424744249477558     
 LTM d(wg2)/d(wg2)  0.88752892053975119     
 B before wg2 wg2 ==>    51.472286315026409        4.3592379666514853     
 Q value wg2 wg2 ==>   2.97741698954513687E-005  2.52160339331755398E-006
 B after wg2 wg2 ==>   50.392892742640484        4.3592404882548790     
 LTM d(wg2)/d(wg2)  0.88776308024068462     
 B before wg2 wg2 ==>    52.489473781780774        4.4453845620667192     
 Q value wg2 wg2 ==>   2.97741698954513687E-005  2.52160339331755398E-006
 B after wg2 wg2 ==>   51.388748822294723        4.4453870836701128     
 LTM d(wg2)/d(wg2)  0.88356988908090095     
 B before wg2 wg2 ==>    50.031526139718103        4.2372185867738539     
 Q value wg2 wg2 ==>   2.97741698954513687E-005  2.52160339331755398E-006
 B after wg2 wg2 ==>   48.982346676355768        4.2372211083772475     
 LTM d(wg2)/d(wg2)  0.88371844747176864     
 B before wg2 wg2 ==>    49.466537391241459        4.1893691404132154     
 Q value wg2 wg2 ==>   2.97741698954513687E-005  2.52160339331755398E-006
 B after wg2 wg2 ==>   48.429206278448589        4.1893716620166090     
 LTM d(wg2)/d(wg2)  0.89122993525613636     
 B before wg2 wg2 ==>    48.511345620953570        4.1084730208006608     
 Q value wg2 wg2 ==>   2.97741698954513687E-005  2.52160339331755398E-006
 B after wg2 wg2 ==>   47.494045786634743        4.1084755424040544     
 LTM d(wg2)/d(wg2)  0.89427469098099910     
 B before wg2 wg2 ==>    47.915912833048210        4.0580452391447208     
 Q value wg2 wg2 ==>   2.97741698954513687E-005  2.52160339331755398E-006
 B after wg2 wg2 ==>   46.911099789715358        4.0580477607481145     
 LTM d(wg2)/d(wg2)  0.91547409994828854     
 B before wg2 wg2 ==>    42.516322065235244        3.6007486478223414     
 Q value wg2 wg2 ==>   2.97741698954513687E-005  2.52160339331755398E-006
 B after wg2 wg2 ==>   41.624743567760483        3.6007511694257346     
 LTM d(wg2)/d(wg2)  0.89967291882813627     
 B before wg2 wg2 ==>    40.677089455222919        3.4449822500758200     
 Q value wg2 wg2 ==>   2.97741698954513687E-005  2.52160339331755398E-006
 B after wg2 wg2 ==>   39.824081412117337        3.4449847716792132     
 LTM d(wg2)/d(wg2)  0.88173532052286552     
 B before wg2 wg2 ==>    10.559636213888000       0.89430585647349237     
 Q value wg2 wg2 ==>   2.97741698954513687E-005  2.52160339331755398E-006
 B after wg2 wg2 ==>   10.338219764818417       0.89430837807688568     
 LTM d(wg2)/d(wg2)  0.85091680802446690     
 B before wg2 wg2 ==>    11.526052353132767       0.95944577524129937     
 Q value wg2 wg2 ==>   2.92645864363604198E-005  2.43602778820610943E-006
 B after wg2 wg2 ==>   11.091237322847713       0.95944821126908753     
 LTM d(wg2)/d(wg2)  0.78870346829612492     
 B before wg2 wg2 ==>    13.295964846697846        1.0744686912363801     
 Q value wg2 wg2 ==>   2.84103413041592994E-005  2.29588620236464349E-006
 B after wg2 wg2 ==>   12.420902529932071        1.0744709871225824     
 LTM d(wg2)/d(wg2)  0.82322443197902806     
 B before wg2 wg2 ==>    12.138999195345896       0.99983853615310292     
 Q value wg2 wg2 ==>   2.89567310871140741E-005  2.38504469404853643E-006
 B after wg2 wg2 ==>   11.558177723246891       0.99984092119779699     
 LTM d(wg2)/d(wg2)  0.88707706596912195     
 B before wg2 wg2 ==>    10.977497242162846       0.92969491318045983     
 Q value wg2 wg2 ==>   2.97741698954513687E-005  2.52160339331755398E-006
 B after wg2 wg2 ==>   10.747317850529068       0.92969743478385314     
 LTM d(wg2)/d(wg2)  0.88959512371771643     
 B before wg2 wg2 ==>    10.469547126384889       0.88667612407301211     
 Q value wg2 wg2 ==>   2.97741698954513687E-005  2.52160339331755398E-006
 B after wg2 wg2 ==>   10.250019931028937       0.88667864567640542     
 LTM d(wg2)/d(wg2)  0.88619987624087415     
 B before wg2 wg2 ==>    20.512263255137384        1.7372035160140369     
 Q value wg2 wg2 ==>   2.97741698954513687E-005  2.52160339331755398E-006
 B after wg2 wg2 ==>   20.082130765987721        1.7372060376174303     
 LTM d(wg2)/d(wg2)  0.88632312213529174     
 B before wg2 wg2 ==>    20.611570811856403        1.7456139695341200     
 Q value wg2 wg2 ==>   2.97741698954513687E-005  2.52160339331755398E-006
 B after wg2 wg2 ==>   20.179355748939781        1.7456164911375134     
 LTM d(wg2)/d(wg2)  0.75450893830908294     
 B before wg2 wg2 ==>    40.834279188930552        3.2212945629957330     
 Q value wg2 wg2 ==>   2.77337176582312260E-005  2.18783031508334000E-006
 B after wg2 wg2 ==>   37.238244160642438        3.2212967508260482     
 LTM d(wg2)/d(wg2)  0.76197243114189261     
 B before wg2 wg2 ==>    40.816917890426154        3.2199249819087248     
 Q value wg2 wg2 ==>   2.77337176582312260E-005  2.18783031508334000E-006
 B after wg2 wg2 ==>   37.222411780436325        3.2199271697390399     
 LTM d(wg2)/d(wg2)  0.75622136983940247     
 B before wg2 wg2 ==>    40.875746880575683        3.2245658255792700     
 Q value wg2 wg2 ==>   2.77337176582312260E-005  2.18783031508334000E-006
 B after wg2 wg2 ==>   37.276060010662491        3.2245680134095851     
 LTM d(wg2)/d(wg2)  0.76146885227530148     
 B before wg2 wg2 ==>    41.951577666747987        3.3094349093744291     
 Q value wg2 wg2 ==>   2.77337176582312260E-005  2.18783031508334000E-006
 B after wg2 wg2 ==>   38.257148034683794        3.3094370972047442     
 LTM d(wg2)/d(wg2)  0.74940308164518887     
 B before wg2 wg2 ==>    40.531609398757212        3.1974178454722670     
 Q value wg2 wg2 ==>   2.77337176582312260E-005  2.18783031508334000E-006
 B after wg2 wg2 ==>   36.962228907882654        3.1974200333025822     
 LTM d(wg2)/d(wg2)  0.75135131804487509     
 B before wg2 wg2 ==>    41.199618338976919        3.2501150795095368     
 Q value wg2 wg2 ==>   2.77337176582312260E-005  2.18783031508334000E-006
 B after wg2 wg2 ==>   37.571409812177535        3.2501172673398520     
 LTM d(wg2)/d(wg2)  0.79585903402456259     
 B before wg2 wg2 ==>    36.818536270044312        2.9842842563121921     
 Q value wg2 wg2 ==>   2.84954954799046985E-005  2.30966972485765470E-006
 B after wg2 wg2 ==>   34.498402471260199        2.9842865659819169     
 LTM d(wg2)/d(wg2)  0.80592784784398608     
 B before wg2 wg2 ==>    44.995623909702850        3.6470687224445992     
 Q value wg2 wg2 ==>   2.84954954799046985E-005  2.30966972485765470E-006
 B after wg2 wg2 ==>   42.160201952910136        3.6470710321143240     
 LTM d(wg2)/d(wg2)  0.84064671072428498     
 B before wg2 wg2 ==>    20.713232236013891        1.7141263690680222     
 Q value wg2 wg2 ==>   2.90936028119118281E-005  2.40764508324205215E-006
 B after wg2 wg2 ==>   19.815357245077632        1.7141287767131055     
 LTM d(wg2)/d(wg2)  0.85250305043332664     
 B before wg2 wg2 ==>    15.537173255244811        1.2857808995781739     
 Q value wg2 wg2 ==>   2.90936028119118281E-005  2.40764508324205215E-006
 B after wg2 wg2 ==>   14.863676474320432        1.2857833072232572     
 LTM d(wg2)/d(wg2)  0.83769236970003458     
 B before wg2 wg2 ==>    18.372917628436213        1.5204533133587805     
 Q value wg2 wg2 ==>   2.90936028119118281E-005  2.40764508324205215E-006
 B after wg2 wg2 ==>   17.576493491221662        1.5204557210038638     
 LTM d(wg2)/d(wg2)  0.84117386184560439     
 B before wg2 wg2 ==>    35.048535946066949        2.9004463899132764     
 Q value wg2 wg2 ==>   2.90936028119118281E-005  2.40764508324205215E-006
 B after wg2 wg2 ==>   33.529236470133718        2.9004487975583597     
 LTM d(wg2)/d(wg2)  0.85249842848103774     
 B before wg2 wg2 ==>    73.748721093762384        6.1302333747730735     
 Q value wg2 wg2 ==>   2.92230175500757331E-005  2.42911219123778632E-006
 B after wg2 wg2 ==>   70.865628125956803        6.1302358038852649     
 LTM d(wg2)/d(wg2)  0.86071001358143240     
 B before wg2 wg2 ==>    44.161954554262785        3.6862678520661945     
 Q value wg2 wg2 ==>   2.93454751906339267E-005  2.44951300028902770E-006
 B after wg2 wg2 ==>   42.613346161644508        3.6862703015791949     
 LTM d(wg2)/d(wg2)  0.90967830688029672     
 B before wg2 wg2 ==>    48.636737648827975        4.0597850397213939     
 Q value wg2 wg2 ==>   2.93454751906339301E-005  2.44951300028902855E-006
 B after wg2 wg2 ==>   46.931211080029954        4.0597874892343944     
 LTM d(wg2)/d(wg2)  0.85947373178917619     
 B before wg2 wg2 ==>    60.023592878803449        5.0102637672608372     
 Q value wg2 wg2 ==>   2.93454751906339301E-005  2.44951300028902855E-006
 B after wg2 wg2 ==>   57.918761021380213        5.0102662167738377     
 LTM d(wg2)/d(wg2)  0.86811986644303063     
 B before wg2 wg2 ==>    113.53441140272180        9.4768960088228926     
 Q value wg2 wg2 ==>   2.93454751906339267E-005  2.44951300028902770E-006
 B after wg2 wg2 ==>   109.55310422320817        9.4768984583358922     
 LTM d(wg2)/d(wg2)  0.85531337046171874     
 B before wg2 wg2 ==>    62.899456196232663        5.2503166046177032     
 Q value wg2 wg2 ==>   2.93454751906339301E-005  2.44951300028902855E-006
 B after wg2 wg2 ==>   60.693775824551537        5.2503190541307037     
 LTM d(wg2)/d(wg2)  0.83162767663105241     
 B before wg2 wg2 ==>    37.716699523328082        3.1482722706045694     
 Q value wg2 wg2 ==>   2.93454751906339301E-005  2.44951300028902855E-006
 B after wg2 wg2 ==>   36.394108267874735        3.1482747201175698     
 LTM d(wg2)/d(wg2)  0.83190404591745093     
 B before wg2 wg2 ==>    36.838186264016102        3.0749413861792312     
 Q value wg2 wg2 ==>   2.93454751906339267E-005  2.44951300028902770E-006
 B after wg2 wg2 ==>   35.546402020989426        3.0749438356922316     
 LTM d(wg2)/d(wg2)  0.89488772345944734     
 B before wg2 wg2 ==>    47.843126396761264        4.0518808850964589     
 Q value wg2 wg2 ==>   2.97741698954513687E-005  2.52160339331755398E-006
 B after wg2 wg2 ==>   46.839839754115424        4.0518834066998526     
 LTM d(wg2)/d(wg2)  0.90580713950536795     
 B before wg2 wg2 ==>    52.197659736000432        4.4206705468434153     
 Q value wg2 wg2 ==>   2.97741698954513687E-005  2.52160339331755398E-006
 B after wg2 wg2 ==>   51.103054394161326        4.4206730684468090     
 LTM d(wg2)/d(wg2)  0.89171605376269791     
 B before wg2 wg2 ==>    37.728232390480123        3.1952406785400220     
 Q value wg2 wg2 ==>   2.97741698954513687E-005  2.52160339331755398E-006
 B after wg2 wg2 ==>   36.937064680259958        3.1952432001434152     
 LTM d(wg2)/d(wg2)  0.89903363291893568     
 B before wg2 wg2 ==>    40.546041455763557        3.4338836676036792     
 Q value wg2 wg2 ==>   2.97741698954513687E-005  2.52160339331755398E-006
 B after wg2 wg2 ==>   39.695781613649956        3.4338861892070724     
 LTM d(wg2)/d(wg2)  0.88956843504702066     
 B before wg2 wg2 ==>    18.300760478806041        1.5499091959806095     
 Q value wg2 wg2 ==>   2.97741698954513687E-005  2.52160339331755398E-006
 B after wg2 wg2 ==>   17.917005302921403        1.5499117175840029     
 LTM d(wg2)/d(wg2)  0.88602342871546869     
 B before wg2 wg2 ==>    14.117081459326394        1.1955893526696124     
 Q value wg2 wg2 ==>   2.97741698954513687E-005  2.52160339331755398E-006
 B after wg2 wg2 ==>   13.821062005306231        1.1955918742730058     
 LTM d(wg2)/d(wg2)  0.88928264612722630     
 B before wg2 wg2 ==>    17.946404392847008        1.5198984345745112     
 Q value wg2 wg2 ==>   2.97741698954513687E-005  2.52160339331755398E-006
 B after wg2 wg2 ==>   17.570080400581841        1.5199009561779047     
 LTM d(wg2)/d(wg2)  0.89282715581233918     
 B before wg2 wg2 ==>    15.561470807184433        1.3179160906985701     
 Q value wg2 wg2 ==>   2.97741698954513687E-005  2.52160339331755398E-006
 B after wg2 wg2 ==>   15.235161136946045        1.3179186123019635     
 LTM d(wg2)/d(wg2)  0.93739591008555112     
 B before wg2 wg2 ==>    17.255856032458443        1.4614152226186441     
 Q value wg2 wg2 ==>   2.97741698954513687E-005  2.52160339331755398E-006
 B after wg2 wg2 ==>   16.894013495056072        1.4614177442220375     
 LTM d(wg2)/d(wg2)  0.92163574332433174     
 B before wg2 wg2 ==>    16.578895010681151        1.4040827355786571     
 Q value wg2 wg2 ==>   2.97741698954513687E-005  2.52160339331755398E-006
 B after wg2 wg2 ==>   16.231248988748348        1.4040852571820506     
 LTM d(wg2)/d(wg2)  0.83805516390157564     
 B before wg2 wg2 ==>    20.888282175764356        1.7204803408650426     
 Q value wg2 wg2 ==>   2.89567310871140741E-005  2.38504469404853643E-006
 B after wg2 wg2 ==>   19.888809003754567        1.7204827259097366     
 LTM d(wg2)/d(wg2)  0.85652030229981613     
 B before wg2 wg2 ==>    18.428849984814917        1.5413654430094086     
 Q value wg2 wg2 ==>   2.94042378664160257E-005  2.45933284836913531E-006
 B after wg2 wg2 ==>   17.818238656242865        1.5413679023422568     
 LTM d(wg2)/d(wg2)  0.74743156379988029     
 B before wg2 wg2 ==>    40.398129453931496        3.1868880105130986     
 Q value wg2 wg2 ==>   2.77337176582312260E-005  2.18783031508334000E-006
 B after wg2 wg2 ==>   36.840503840150156        3.1868901983434137     
 LTM d(wg2)/d(wg2)  0.74882837407596792     
 B before wg2 wg2 ==>    40.892577592856064        3.2258935503006807     
 Q value wg2 wg2 ==>   2.77337176582312260E-005  2.18783031508334000E-006
 B after wg2 wg2 ==>   37.291408530584270        3.2258957381309958     
 LTM d(wg2)/d(wg2)  0.82844880088364281     
 B before wg2 wg2 ==>    45.337072241762826        3.7342248083393144     
 Q value wg2 wg2 ==>   2.89567310871140741E-005  2.38504469404853643E-006
 B after wg2 wg2 ==>   43.167728630678198        3.7342271933840085     
 LTM d(wg2)/d(wg2)  0.89030278761980119     
 B before wg2 wg2 ==>    50.483820648280940        4.2755238484008178     
 Q value wg2 wg2 ==>   2.97741698954513687E-005  2.52160339331755398E-006
 B after wg2 wg2 ==>   49.425156139574703        4.2755263700042114     
 LTM d(wg2)/d(wg2)  0.89314433010576444     
 B before wg2 wg2 ==>    49.020020111205909        4.1515531578865428     
 Q value wg2 wg2 ==>   2.97741698954513687E-005  2.52160339331755398E-006
 B after wg2 wg2 ==>   47.992052889788667        4.1515556794899364     
 LTM d(wg2)/d(wg2)  0.88772813332012246     
 B before wg2 wg2 ==>    48.763293627191416        4.1298107423794583     
 Q value wg2 wg2 ==>   2.97741698954513687E-005  2.52160339331755398E-006
 B after wg2 wg2 ==>   47.740710203931691        4.1298132639828520     
 LTM d(wg2)/d(wg2)  0.88477750033697655     
 B before wg2 wg2 ==>    41.264220018673043        3.4947069082716631     
 Q value wg2 wg2 ==>   2.97741698954513687E-005  2.52160339331755398E-006
 B after wg2 wg2 ==>   40.398899290112112        3.4947094298750563     
 LTM d(wg2)/d(wg2)  0.75516437132724112     
 B before wg2 wg2 ==>    34.480686731601274        2.7200785933543812     
 Q value wg2 wg2 ==>   2.77337176582312260E-005  2.18783031508334000E-006
 B after wg2 wg2 ==>   31.444179192883219        2.7200807811846963     
 LTM d(wg2)/d(wg2)  0.75264815010815178     
 B before wg2 wg2 ==>    16.999299505919996        1.3410240650948120     
 Q value wg2 wg2 ==>   2.77337176582312260E-005  2.18783031508334000E-006
 B after wg2 wg2 ==>   15.502285847912550        1.3410262529251271     
 LTM d(wg2)/d(wg2)  0.82635645524011825     
 B before wg2 wg2 ==>    13.980308670447556        1.1514994878151088     
 Q value wg2 wg2 ==>   2.89567310871140741E-005  2.38504469404853643E-006
 B after wg2 wg2 ==>   13.311380853687119        1.1515018728598028     
 LTM d(wg2)/d(wg2)  0.84622547567306861     
 B before wg2 wg2 ==>    13.136259197740321        1.0934817926903644     
 Q value wg2 wg2 ==>   2.92645864363604198E-005  2.43602778820610943E-006
 B after wg2 wg2 ==>   12.640695919857903        1.0934842287181525     
 LTM d(wg2)/d(wg2)  0.88596180683303671     
 B before wg2 wg2 ==>    12.489735372798679        1.0577678305818639     
 Q value wg2 wg2 ==>   2.97741698954513687E-005  2.52160339331755398E-006
 B after wg2 wg2 ==>   12.227842911542554        1.0577703521852573     
 LTM d(wg2)/d(wg2)  0.83013504532070537     
 B before wg2 wg2 ==>    15.433982578121201        1.2712325208685773     
 Q value wg2 wg2 ==>   2.89567310871140741E-005  2.38504469404853643E-006
 B after wg2 wg2 ==>   14.695496712555441        1.2712349059132713     
 LTM d(wg2)/d(wg2)  0.78510343414609918     
 B before wg2 wg2 ==>    20.170962711612866        1.6215670714900008     
 Q value wg2 wg2 ==>   2.82625168526286871E-005  2.27205648738167606E-006
 B after wg2 wg2 ==>   18.745368654071449        1.6215693435464882     
 LTM d(wg2)/d(wg2)  0.80340603288463908     
 B before wg2 wg2 ==>    37.289599347273288        3.0224657341089656     
 Q value wg2 wg2 ==>   2.84954954799046985E-005  2.30966972485765470E-006
 B after wg2 wg2 ==>   34.939780991337805        3.0224680437786904     
 LTM d(wg2)/d(wg2)  0.82369142254371264     
 B before wg2 wg2 ==>    34.937093932462652        2.8632240836902376     
 Q value wg2 wg2 ==>   2.88118473410588964E-005  2.36123746760386208E-006
 B after wg2 wg2 ==>   33.098945452971634        2.8632264449277054     
 LTM d(wg2)/d(wg2)  0.84653443575496412     
 B before wg2 wg2 ==>    54.936826642347746        4.5463046089367358     
 Q value wg2 wg2 ==>   2.90936028119118281E-005  2.40764508324205215E-006
 B after wg2 wg2 ==>   52.555384929780963        4.5463070165818191     
 LTM d(wg2)/d(wg2)  0.83469589256422250     
 B before wg2 wg2 ==>    49.945024607454926        4.1332073482252980     
 Q value wg2 wg2 ==>   2.90936028119118281E-005  2.40764508324205215E-006
 B after wg2 wg2 ==>   47.779973706794330        4.1332097558703813     
 LTM d(wg2)/d(wg2)  0.83811891943107053     
 B before wg2 wg2 ==>    54.781044109973386        4.5334128041454589     
 Q value wg2 wg2 ==>   2.90936028119118281E-005  2.40764508324205215E-006
 B after wg2 wg2 ==>   52.406355451399065        4.5334152117905422     
 LTM d(wg2)/d(wg2)  0.84709303623537024     
 B before wg2 wg2 ==>    90.413221187816276        7.4990310130937186     
 Q value wg2 wg2 ==>   2.91592098578612317E-005  2.41851596667674069E-006
 B after wg2 wg2 ==>   86.688951529688339        7.4990334316096856     
 LTM d(wg2)/d(wg2)  0.88187465412366906     
 B before wg2 wg2 ==>    66.885972670887284        5.5830774090380562     
 Q value wg2 wg2 ==>   2.93454751906339267E-005  2.44951300028902770E-006
 B after wg2 wg2 ==>   64.540496273053932        5.5830798585510566     
 LTM d(wg2)/d(wg2)  0.84918521030922323     
 B before wg2 wg2 ==>    41.229564383611915        3.4414966293046829     
 Q value wg2 wg2 ==>   2.93454751906339267E-005  2.44951300028902770E-006
 B after wg2 wg2 ==>   39.783786744507658        3.4414990788176834     
 LTM d(wg2)/d(wg2)  0.86267805316015966     
 B before wg2 wg2 ==>    54.299902277734851        4.5324983044127718     
 Q value wg2 wg2 ==>   2.93454751906339301E-005  2.44951300028902855E-006
 B after wg2 wg2 ==>   52.395784303232041        4.5325007539257722     
 LTM d(wg2)/d(wg2)  0.85984822271748829     
 B before wg2 wg2 ==>    93.350213856236110        7.7920892722020945     
 Q value wg2 wg2 ==>   2.93454751906339301E-005  2.44951300028902855E-006
 B after wg2 wg2 ==>   90.076710250596975        7.7920917217150949     
 LTM d(wg2)/d(wg2)  0.82433715140514530     
 B before wg2 wg2 ==>    8.0125640768477595       0.66882133427342394     
 Q value wg2 wg2 ==>   2.93454751906339301E-005  2.44951300028902855E-006
 B after wg2 wg2 ==>   7.7316140944471847       0.66882378378642426     
 LTM d(wg2)/d(wg2)  0.81315640466197081     
 B before wg2 wg2 ==>   0.42294780057730247       3.53041185814027825E-002
 Q value wg2 wg2 ==>   2.93454751906339267E-005  2.44951300028902770E-006
 B after wg2 wg2 ==>  0.40814451597375584       3.53065680944030721E-002
 store B matrix after TL evolution ==>   1.8392768719187895     
 writing out B
 OBSERVATION FOR POINT          178  REMOVED
 OBSERVATION FOR POINT          181  REMOVED
 OBSERVATION FOR POINT          209  REMOVED
 OBSERVATION FOR POINT          212  REMOVED
 OBSERVATION FOR POINT          213  REMOVED
 OBSERVATION FOR POINT          239  REMOVED
 OBSERVATION FOR POINT          240  REMOVED
 OBSERVATION FOR POINT          241  REMOVED
 OBSERVATION FOR POINT          243  REMOVED
 OBSERVATION FOR POINT          244  REMOVED
 OBSERVATION FOR POINT          271  REMOVED
 OBSERVATION FOR POINT          272  REMOVED
 OBSERVATION FOR POINT          273  REMOVED
 OBSERVATION FOR POINT          275  REMOVED
 OBSERVATION FOR POINT          276  REMOVED
 OBSERVATION FOR POINT          277  REMOVED
 OBSERVATION FOR POINT          305  REMOVED
 OBSERVATION FOR POINT          306  REMOVED
 OBSERVATION FOR POINT          307  REMOVED
 OBSERVATION FOR POINT          308  REMOVED
 OBSERVATION FOR POINT          310  REMOVED
 OBSERVATION FOR POINT          340  REMOVED
 OBSERVATION FOR POINT          341  REMOVED
 OBSERVATION FOR POINT          342  REMOVED
 OBSERVATION FOR POINT          345  REMOVED
 OBSERVATION FOR POINT          377  REMOVED
 OBSERVATION FOR POINT          378  REMOVED
 OBSERVATION FOR POINT          380  REMOVED
 OBSERVATION FOR POINT          385  REMOVED
 OBSERVATION FOR POINT          417  REMOVED
 OBSERVATION FOR POINT          422  REMOVED
 OBSERVATION FOR POINT          423  REMOVED
 OBSERVATION FOR POINT          424  REMOVED
 OBSERVATION FOR POINT          432  REMOVED
 OBSERVATION FOR POINT          455  REMOVED
 OBSERVATION FOR POINT          456  REMOVED
 OBSERVATION FOR POINT          457  REMOVED
 OBSERVATION FOR POINT          493  REMOVED
 OBSERVATION FOR POINT          494  REMOVED
 OBSERVATION FOR POINT          495  REMOVED
 OBSERVATION FOR POINT          496  REMOVED
 OBSERVATION FOR POINT          534  REMOVED
 OBSERVATION FOR POINT          568  REMOVED
 OBSERVATION FOR POINT          569  REMOVED
 OBSERVATION FOR POINT          603  REMOVED
 OBSERVATION FOR POINT         1263  REMOVED
 OBSERVATION FOR POINT         1294  REMOVED
 OBSERVATION FOR POINT         1302  REMOVED
 OBSERVATION FOR POINT         1303  REMOVED
 OBSERVATION FOR POINT         1341  REMOVED
 OBSERVATION FOR POINT         1342  REMOVED
 OBSERVATION FOR POINT         1343  REMOVED
 OBSERVATION FOR POINT         1344  REMOVED
 OBSERVATION FOR POINT         1345  REMOVED
 OBSERVATION FOR POINT         1346  REMOVED
 OBSERVATION FOR POINT         1347  REMOVED
 calculating jacobians           2
  and then PERFORMING ANALYSIS
 read in sim obs yf   283.89297610723452        283.89297612429505        283.89297610723452        283.89297774205187        283.89297618046055     
 read in sim obs yf   283.44123769820641        283.44123770263269        283.44123769820641        283.44124219727064        283.44123780445398     
 read in sim obs yf   281.65558046725698        281.65558210465338        281.65557978600032        281.65570816708646        281.65558402969413     
 read in sim obs yf   278.62749115738228        278.62749656791027        278.62748793022001        278.62788359188818        278.62750611557561     
 read in sim obs yf   278.25213405562499        278.25213672527912        278.25213405510527        278.25258361333596        278.25216438209389     
 read in sim obs yf   278.02522628419274        278.02523105726772        278.02522628419274        278.02559068654205        278.02525281435231     
 read in sim obs yf   276.91524190542231        276.91525202858992        276.91524190542231        276.91554994092087        276.91522820238305     
 read in sim obs yf   277.07464851503977        277.07465297636571        277.07464851503977        277.07512231210694        277.07467712051897     
 read in sim obs yf   277.28610798045088        277.28611059979545        277.28610798045088        277.28657526993635        277.28613447892400     
 read in sim obs yf   276.97317849707423        276.97318342974415        276.97317849707423        276.97364320262847        276.97320464764272     
 read in sim obs yf   277.41264365180820        277.41264622558680        277.41264365180820        277.41313511934754        277.41267336144784     
 read in sim obs yf   277.67601556400467        277.67601787367897        277.67601556400467        277.67644636589995        277.67604063814190     
 read in sim obs yf   277.44616449496510        277.44616807671764        277.44616449496510        277.44659861703275        277.44618843099295     
 read in sim obs yf   277.48073545863315        277.48073957849675        277.48073545863315        277.48115851764271        277.48075806241332     
 read in sim obs yf   277.94067035914969        277.94067428807352        277.94067035914969        277.94104627904522        277.94068983657991     
 read in sim obs yf   278.57040053927051        278.57040522342220        278.57040053927051        278.57093126802772        278.57042928469320     
 read in sim obs yf   279.21547787672910        279.21547888931929        279.21547787672910        279.21580840766018        279.21549278097956     
 read in sim obs yf   279.04508715012383        279.04508862054263        279.04508715012383        279.04553102364969        279.04510823178447     
 read in sim obs yf   279.20741285356695        279.20741511644258        279.20741285356695        279.20785846683020        279.20743595909551     
 read in sim obs yf   279.58051926651098        279.58052093183471        279.58051926651098        279.58085692420582        279.58053594089716     
 read in sim obs yf   279.50383971283753        279.50384129661245        279.50383971283753        279.50419049120228        279.50385398842855     
 read in sim obs yf   279.39971377938355        279.39971468185547        279.39971377938355        279.40001753283411        279.39972253126149     
 read in sim obs yf   279.22644952092907        279.22645108978469        279.22644952092907        279.22693219627865        279.22646495872146     
 read in sim obs yf   279.11412029621846        279.11412326204339        279.11412029621846        279.11486131392337        279.11415051144257     
 read in sim obs yf   278.88226078838102        278.88226305186510        278.88226078838102        278.88279881886967        278.88228349824931     
 read in sim obs yf   278.36917264011066        278.36917643620529        278.36917253178018        278.36967846897784        278.36919623784570     
 read in sim obs yf   278.16384832990570        278.16385384681996        278.16384811405794        278.16434300790655        278.16387387830162     
 read in sim obs yf   283.44109434576535        283.44109475900859        283.44109434576535        283.44109670255142        283.44109452525851     
 read in sim obs yf   280.95857613297426        280.95858223447107        280.95857594420437        280.95867052980748        280.95858254309377     
 read in sim obs yf   279.80681228813290        279.80681448592975        279.80681200905315        279.80701403811281        279.80682542855459     
 read in sim obs yf   278.21922454371622        278.21922777725558        278.21922454371622        278.21965806178531        278.21924906942400     
 read in sim obs yf   277.68884785312645        277.68885178915434        277.68884785312645        277.68929029273176        277.68887847897287     
 read in sim obs yf   277.08115586166826        277.08116099364457        277.08115586166826        277.08163269204613        277.08118905666026     
 read in sim obs yf   277.23969515584048        277.23969980599077        277.23969515584048        277.24014075462247        277.23972592220878     
 read in sim obs yf   276.93908627733214        276.93909029930126        276.93908627733214        276.93957326739525        276.93911762412853     
 read in sim obs yf   276.85993834194585        276.85994226979892        276.85993834194585        276.86040570230153        276.85996663348340     
 read in sim obs yf   277.02608466531058        277.02608845672438        277.02608466531058        277.02654611475208        277.02611172430886     
 read in sim obs yf   276.91152695088545        276.91153198430544        276.91152695088545        276.91197627408388        276.91155267560242     
 read in sim obs yf   277.38454054091721        277.38454319861751        277.38454054091721        277.38500524068513        277.38456672483437     
 read in sim obs yf   277.48503137068531        277.48503419482756        277.48503137068531        277.48551599116030        277.48505997109459     
 read in sim obs yf   277.56313354922833        277.56313748651792        277.56313354922833        277.56353794663363        277.56315518587593     
 read in sim obs yf   277.96107413994571        277.96107811485552        277.96107413994571        277.96162428243838        277.96110321547758     
 read in sim obs yf   278.42735845088623        278.42736235090337        278.42735845088623        278.42800264960107        278.42739861976105     
 read in sim obs yf   279.25612429344000        279.25612549673457        279.25612429344000        279.25645977853725        279.25614247825484     
 read in sim obs yf   279.23146232046946        279.23146333169444        279.23146232046946        279.23175244283874        279.23147594322285     
 read in sim obs yf   279.27820664313958        279.27820789260744        279.27820664313958        279.27853253575228        279.27822194134887     
 read in sim obs yf   279.47020660364751        279.47020798499329        279.47020660364751        279.47053321565068        279.47022166506429     
 read in sim obs yf   279.55444549110337        279.55444621305355        279.55444549110337        279.55463558738097        279.55445132594804     
 read in sim obs yf   279.25742518208841        279.25742596158892        279.25742518208841        279.25767527245455        279.25743139160261     
 read in sim obs yf   279.34033880711604        279.34033996355157        279.34033880711604        279.34072163776347        279.34035071694433     
 read in sim obs yf   279.07070933067234        279.07071265233651        279.07070933067234        279.07156827477422        279.07075364650746     
 read in sim obs yf   279.06080216215793        279.06080431810852        279.06080212206422        279.06134544038855        279.06082800254580     
 read in sim obs yf   278.81379850112467        278.81380114135027        278.81379834384160        278.81429233439547        278.81382286881581     
 read in sim obs yf   278.35936323531524        278.35936668197445        278.35936323113043        278.35989183976784        278.35939130653094     
 read in sim obs yf   283.75557452118869        283.75557484185151        283.75557451518597        283.75557601382633        283.75557459114810     
 read in sim obs yf   282.07713580662301        282.07713782793104        282.07713580662301        282.07721878291670        282.07713805014379     
 read in sim obs yf   278.87118993843870        278.87119553209322        278.87118750568470        278.87154775281982        278.87121002505057     
 read in sim obs yf   277.74959491306305        277.74960321843662        277.74959491306305        277.74990693683338        277.74961924107583     
 read in sim obs yf   276.97215531802016        276.97216525052556        276.97215531802016        276.97254890057042        276.97218397419346     
 read in sim obs yf   277.27681630666115        277.27682033819389        277.27681630666115        277.27728150214000        277.27684846573538     
 read in sim obs yf   276.97689190670536        276.97689689003636        276.97689190670536        276.97734345168146        276.97692220256516     
 read in sim obs yf   277.01331754473830        277.01332053955474        277.01331754473830        277.01381744351784        277.01334923194202     
 read in sim obs yf   277.09740645425006        277.09740972510684        277.09740645425006        277.09787559703301        277.09743635114643     
 read in sim obs yf   276.71876633548663        276.71877091621252        276.71876633548663        276.71925780169181        276.71879719364921     
 read in sim obs yf   276.09142716922548        276.09143866052733        276.09142716922548        276.09184659876320        276.09145631925441     
 read in sim obs yf   276.26295251355981        276.26296286061643        276.26295251355981        276.26335761864107        276.26297964810567     
 read in sim obs yf   276.90326822538862        276.90327371717444        276.90326822538862        276.90370627255925        276.90329415838636     
 read in sim obs yf   277.69492888079481        277.69493185194790        277.69492888079481        277.69554340943102        277.69496611428389     
 read in sim obs yf   278.66186658870510        278.66186873735001        278.66186658870510        278.66243343062598        278.66190613661229     
 read in sim obs yf   278.02889256765781        278.02889995011890        278.02889256765781        278.02939056511252        278.02892244363028     
 read in sim obs yf   278.87961609361633        278.87961874633430        278.87961609361633        278.88022323868393        278.87966325757202     
 read in sim obs yf   278.93581952603279        278.93582328721817        278.93581952603279        278.93631843343559        278.93585418604908     
 read in sim obs yf   279.17445869992059        279.17445983755539        279.17445869992059        279.17479800003042        279.17447745413762     
 read in sim obs yf   279.36433956516129        279.36434028953255        279.36433956516129        279.36457368832089        279.36435016317535     
 read in sim obs yf   279.57309028233379        279.57309079331429        279.57309028233379        279.57326970535661        279.57309551258930     
 read in sim obs yf   279.43984057242119        279.43984126491915        279.43984057242119        279.44004171767301        279.43984605050355     
 read in sim obs yf   278.95584327894107        278.95584556904555        278.95584327894107        278.95642137329577        278.95586813794148     
 read in sim obs yf   278.70729257277532        278.70729572297046        278.70729257277532        278.70809487462259        278.70733345161227     
 read in sim obs yf   278.85118068873629        278.85118266725266        278.85118068873629        278.85170829328320        278.85120612689190     
 read in sim obs yf   279.00512174352286        279.00512379462612        279.00512165806936        279.00565668073892        279.00514882002642     
 read in sim obs yf   279.45986707054828        279.45986873984367        279.45986689782075        279.46029856346740        279.45989034459546     
 read in sim obs yf   278.49301311098498        278.49301587238534        278.49301310737127        278.49353806133246        278.49304225570586     
 read in sim obs yf   281.91145497120095        281.91145891033807        281.91145497120095        281.91155740759376        281.91145703543413     
 read in sim obs yf   281.19473214314888        281.19473506546075        281.19473214314888        281.19483267078687        281.19473504869489     
 read in sim obs yf   278.17540162771860        278.17540534497630        278.17540040565513        278.17585478869000        278.17542624883157     
 read in sim obs yf   276.97912657813191        276.97913746981089        276.97912657813191        276.97952946091243        276.97915682569550     
 read in sim obs yf   276.38686577981389        276.38688044577759        276.38686577981389        276.38725331670963        276.38689577493835     
 read in sim obs yf   277.25463443016599        277.25464007032656        277.25463443016599        277.25503607640377        277.25466266394670     
 read in sim obs yf   276.84682752637661        276.84683107265806        276.84682752637661        276.84732487808861        276.84685843869897     
 read in sim obs yf   276.51148417974730        276.51148904944216        276.51148417974730        276.51195957357601        276.51151272331316     
 read in sim obs yf   276.61047982071045        276.61048608975204        276.61047982071045        276.61085671554258        276.61050390426340     
 read in sim obs yf   276.53646596815793        276.53647302131560        276.53646596815793        276.53688893365086        276.53649245010155     
 read in sim obs yf   277.19082428290369        277.19082984529132        277.19082428290369        277.19119288109113        277.19084799700187     
 read in sim obs yf   276.70313160126329        276.70314517897805        276.70313160126329        276.70349093706079        276.70315835393995     
 read in sim obs yf   278.18556847627957        278.18557214413761        278.18556847627957        278.18631457636650        278.18563056941287     
 read in sim obs yf   278.35249833333904        278.35250126395681        278.35249833333904        278.35318536112521        278.35255444105076     
 read in sim obs yf   278.69814705825121        278.69814935598038        278.69814705825121        278.69859776624571        278.69818188508810     
 read in sim obs yf   279.07035641995310        279.07035840906372        279.07035641995310        279.07064687150290        279.07038088568044     
 read in sim obs yf   279.31284449813620        279.31284483213631        279.31284449813620        279.31295175342547        279.31284815951443     
 read in sim obs yf   279.17132386152622        279.17132546825479        279.17132386152622        279.17147243360347        279.17133011297517     
 read in sim obs yf   278.63238145411412        278.63238881882876        278.63238145411412        278.63286393084479        278.63241077119727     
 read in sim obs yf   278.52679400902213        278.52679952008248        278.52679400902213        278.52733694839725        278.52682256397236     
 read in sim obs yf   279.26040868365158        279.26041022277218        279.26040868365158        279.26082059381139        279.26043140662745     
 read in sim obs yf   278.51013456465080        278.51013813570569        278.51013456465080        278.51081015017485        278.51016803267743     
 read in sim obs yf   278.04808474395151        278.04808782325017        278.04808474395151        278.04853455716346        278.04810505254687     
 read in sim obs yf   278.24464395456602        278.24464679327286        278.24464395456602        278.24515691978763        278.24466900936284     
 read in sim obs yf   278.85625614924487        278.85625816602715        278.85625614924487        278.85674870794617        278.85628070661556     
 read in sim obs yf   278.92754860386617        278.92755070063112        278.92754846540277        278.92809326125666        278.92757806581545     
 read in sim obs yf   279.22442075751138        279.22442303538088        279.22443006403267        279.22489243860571        279.22445605245588     
 read in sim obs yf   278.11726752094700        278.11727331628697        278.11726740714982        278.11776164022331        278.11729442128251     
 read in sim obs yf   282.28752553370447        282.28752724957025        282.28752553370447        282.28761388952745        282.28752725746756     
 read in sim obs yf   281.02438311448645        281.02438486446141        281.02438311448645        281.02459195258319        281.02438776534194     
 read in sim obs yf   279.80721308451234        279.80721744282050        279.80721274306740        279.80738910265086        279.80721961773258     
 read in sim obs yf   277.60066111495462        277.60066452391931        277.60066084064005        277.60120137744411        277.60069002721190     
 read in sim obs yf   275.82196569230848        275.82199061387604        275.82196569230848        275.82230655909410        275.82199548575983     
 read in sim obs yf   277.45171223280005        277.45171687023139        277.45171223280005        277.45213159976527        277.45174137224018     
 read in sim obs yf   277.84970771606112        277.84971247139026        277.84970771606112        277.85000125727561        277.84972881568535     
 read in sim obs yf   276.71786500606720        276.71786926236064        276.71786500606720        276.71836813453939        276.71789603823692     
 read in sim obs yf   276.42579079489951        276.42579719867388        276.42579079489951        276.42623681700064        276.42581761223624     
 read in sim obs yf   275.98793421753487        275.98794838315860        275.98793421753487        275.98826142506675        275.98795719865910     
 read in sim obs yf   276.48769051103420        276.48770022122727        276.48769051103420        276.48804807829958        276.48771376471677     
 read in sim obs yf   278.30071736523075        278.30072257328038        278.30071736523075        278.30116967283868        278.30075743713564     
 read in sim obs yf   278.42540907912024        278.42541000220831        278.42540907912024        278.42549851926088        278.42541273628308     
 read in sim obs yf   278.53652553204063        278.53652593312654        278.53652553204063        278.53663345850339        278.53652971053026     
 read in sim obs yf   278.56418401538230        278.56418528856005        278.56418401538230        278.56455728771840        278.56421461724358     
 read in sim obs yf   278.26239840360569        278.26240165532926        278.26239840360569        278.26297472319385        278.26243394807557     
 read in sim obs yf   279.16815693438048        279.16815740038629        279.16815693438048        279.16826329485383        279.16816220614220     
 read in sim obs yf   279.09567815905837        279.09567846712952        279.09567815905837        279.09578526956568        279.09568140140857     
 read in sim obs yf   279.06188332406668        279.06188398012694        279.06188332406668        279.06197489317952        279.06188640411341     
 read in sim obs yf   279.01149719680569        279.01150146694903        279.01149719680569        279.01184050580042        279.01151929322549     
 read in sim obs yf   277.80240413928362        277.80241218172631        277.80240413928362        277.80274561740970        277.80242398961644     
 read in sim obs yf   277.71033654417766        277.71034589162821        277.71033654417766        277.71065457484144        277.71035600577454     
 read in sim obs yf   277.18946603748174        277.18947532052044        277.18946603748174        277.18984925601535        277.18948744905242     
 read in sim obs yf   277.68001663568396        277.68002171323394        277.68001663568396        277.68044251985179        277.68003864778808     
 read in sim obs yf   277.48089391364653        277.48090077723924        277.48089391364653        277.48135463481236        277.48091749778382     
 read in sim obs yf   278.35455361707358        278.35455642548561        278.35455361707358        278.35507605762103        278.35458086339696     
 read in sim obs yf   278.22448908302016        278.22449569444109        278.22448886474297        278.22494423634390        278.22451402188148     
 read in sim obs yf   278.27009453622384        278.27010279698220        278.27009452045536        278.27053663010793        278.27012280325141     
 read in sim obs yf   278.32426903651555        278.32427374231594        278.32426836970251        278.32474756943907        278.32429427630018     
 read in sim obs yf   281.26014072565380        281.26014361862843        281.26014072565380        281.26034183803364        281.26014797146610     
 read in sim obs yf   279.92034174377858        279.92034484768766        279.92034135021316        279.92082523684252        279.92035938380582     
 read in sim obs yf   279.21364197665281        279.21364486627982        279.21364061453210        279.21399977299757        279.21365881633199     
 read in sim obs yf   277.63753936192393        277.63754344326446        277.63753936192393        277.63808681141461        277.63757390001018     
 read in sim obs yf   276.06892838085270        276.06894699351147        276.06892838085270        276.06936125899909        276.06896235008520     
 read in sim obs yf   277.09432128705976        277.09432605460046        277.09432128705976        277.09481504986138        277.09435464980817     
 read in sim obs yf   276.26307892583816        276.26309314486042        276.26307892583816        276.26350148794074        276.26310992190633     
 read in sim obs yf   276.01868017668210        276.01869494935983        276.01868017668210        276.01910069612740        276.01870914783865     
 read in sim obs yf   276.52956395133833        276.52957496416394        276.52956395133833        276.52991722122880        276.52958753538371     
 read in sim obs yf   275.81720688723738        275.81721929675115        275.81720688723738        275.81760862025612        275.81723272980827     
 read in sim obs yf   276.00694330405480        276.00695486655292        276.00694330405480        276.00732896824366        276.00696818001370     
 read in sim obs yf   277.52840844696027        277.52842445929093        277.52840841515280        277.52888756294919        277.52844884212851     
 read in sim obs yf   278.40224309309707        278.40224558565808        278.40224309309707        278.40242189702337        278.40225357084830     
 read in sim obs yf   278.54204502163896        278.54204577508881        278.54204502163896        278.54224106583825        278.54205629579457     
 read in sim obs yf   277.56888976913007        277.56889285733297        277.56888969086276        277.56943456541774        277.56892296574028     
 read in sim obs yf   277.12541874431940        277.12542648517706        277.12541873091908        277.12575589264804        277.12544301248016     
 read in sim obs yf   279.06866177986535        279.06866329949025        279.06866177986535        279.06879005099375        279.06866962195136     
 read in sim obs yf   278.86878906805606        278.86879077285596        278.86878906805606        278.86889220291226        278.86879460439957     
 read in sim obs yf   279.08328502000739        279.08328555708903        279.08328502000739        279.08337624485426        279.08328832789618     
 read in sim obs yf   279.22771783817586        279.22771965518461        279.22771783817586        279.22797569626158        279.22773276610047     
 read in sim obs yf   278.04659497696150        278.04660420271921        278.04659497696150        278.04703088862993        278.04662241938877     
 read in sim obs yf   278.90105235751713        278.90105634702019        278.90105235751713        278.90159298943519        278.90108252276792     
 read in sim obs yf   277.96650632024358        277.96651262405476        277.96650632024358        277.96698351530233        277.96653440522186     
 read in sim obs yf   277.61210834385622        277.61211345369134        277.61210834385622        277.61263689592244        277.61213752386971     
 read in sim obs yf   277.59798388147925        277.59799146917896        277.59798388147925        277.59843374866966        277.59800949210154     
 read in sim obs yf   277.50484135389343        277.50485339931333        277.50484135389343        277.50523182296797        277.50486513932168     
 read in sim obs yf   278.66701001796986        278.66701351315743        278.66700989921497        278.66751186620399        278.66703774240892     
 read in sim obs yf   278.81196632227915        278.81196957742065        278.81196632227915        278.81246672483587        278.81199638199377     
 read in sim obs yf   278.54610366594903        278.54610745493903        278.54613403906751        278.54659067463632        278.54615828064965     
 read in sim obs yf   283.12007730383459        283.12007917214538        283.12007730383459        283.12008913483947        283.12007827147107     
 read in sim obs yf   282.04672584396923        282.04672993780696        282.04672584396923        282.04675151309192        282.04672815002419     
 read in sim obs yf   281.54421025225389        281.54421045730970        281.54420728437810        281.54464466311094        281.54423503875432     
 read in sim obs yf   280.92844587908985        280.92844547444827        280.92844379574359        280.92858519403791        280.92845505771430     
 read in sim obs yf   280.12653400825627        280.12653444537625        280.12653324969108        280.12678261575718        280.12655045088485     
 read in sim obs yf   279.11895481391792        279.11895820455231        279.11895481391792        279.11961458506227        279.11900107391938     
 read in sim obs yf   276.33818082121337        276.33819920153559        276.33818082121337        276.33860556401271        276.33821252167235     
 read in sim obs yf   276.79591027634223        276.79592075848592        276.79591027634223        276.79632242775449        276.79593832798167     
 read in sim obs yf   275.77912548900338        275.77914676862292        275.77912548900338        275.77948645888381        275.77915369759836     
 read in sim obs yf   274.46968929008068        274.46971132294181        274.46969882309577        274.46978858139073        274.46969727739275     
 read in sim obs yf   275.46403552019342        275.46405820899781        275.46403552019342        275.46436683675387        275.46406166751945     
 read in sim obs yf   275.16947237691824        275.16949679903695        275.16947237691824        275.16975504762866        275.16949583052883     
 read in sim obs yf   274.49890439040138        274.49892839450126        274.49890433800118        274.49909537981279        274.49892262450732     
 read in sim obs yf   277.52437137568700        277.52438401272076        277.52437106446166        277.52487775159784        277.52441000286188     
 read in sim obs yf   278.56528718375461        278.56528857166779        278.56528714951713        278.56548876597611        278.56529951752174     
 read in sim obs yf   278.41413785680260        278.41414033127643        278.41413785680260        278.41457841652363        278.41416722132027     
 read in sim obs yf   276.14058134630113        276.14059296222024        276.14058110171254        276.14094379636430        276.14060794502416     
 read in sim obs yf   277.53378983296500        277.53380116963069        277.53378960845907        277.53389582558248        277.53380172450636     
 read in sim obs yf   278.49373128283037        278.49374143610265        278.49373111787185        278.49398328168945        278.49375655059725     
 read in sim obs yf   278.96044080734328        278.96044262294674        278.96044079976377        278.96056482912223        278.96044775199402     
 read in sim obs yf   279.14609598852661        279.14609687010693        279.14609598852661        279.14622023813450        279.14610298177115     
 read in sim obs yf   279.31612604309845        279.31612697906201        279.31612604309845        279.31628107749970        279.31613460215431     
 read in sim obs yf   279.03741483854532        279.03742086245200        279.03741483854532        279.03770733158501        279.03743622654275     
 read in sim obs yf   279.58669125106741        279.58669147720036        279.58669125106741        279.58677992072842        279.58669503611952     
 read in sim obs yf   279.42046011311771        279.42046071211240        279.42046011311771        279.42065145931105        279.42047069063699     
 read in sim obs yf   279.20305281563822        279.20305466632544        279.20305281563822        279.20357296697330        279.20308077591596     
 read in sim obs yf   278.62143175487637        278.62143414939982        278.62143175487637        278.62194506524986        278.62145820519663     
 read in sim obs yf   278.78781924273733        278.78782245484507        278.78781924273733        278.78825849146705        278.78784492521805     
 read in sim obs yf   278.75434345008114        278.75434621014068        278.75434345008114        278.75484425014446        278.75437445218563     
 read in sim obs yf   278.44389150602871        278.44389612510639        278.44389150602871        278.44432568627360        278.44391739023979     
 read in sim obs yf   278.72967735281020        278.72968130617113        278.72967684100001        278.73010350326467        278.72969395171481     
 read in sim obs yf   281.63163630099945        281.63164635335676        281.63163630099945        281.63169886710295        281.63164201589166     
 read in sim obs yf   281.72526442259783        281.72525788035324        281.72525573006766        281.72569400821220        281.72529918846737     
 read in sim obs yf   281.39675813258998        281.39675533803927        281.39675671048008        281.39693162432275        281.39677119933492     
 read in sim obs yf   280.84285455180253        280.84285344708593        280.84285389678121        280.84298373961525        280.84286497337968     
 read in sim obs yf   280.35698701567463        280.35698773527764        280.35698701567463        280.35727378424883        280.35700834732211     
 read in sim obs yf   279.93271325576694        279.93271390051569        279.93271325576694        279.93290951632349        279.93272689157800     
 read in sim obs yf   277.19292281264671        277.19294468353627        277.19292281264671        277.19315081989242        277.19294742829476     
 read in sim obs yf   276.03766844537790        276.03768693543270        276.03766844537790        276.03804051644022        276.03769382854540     
 read in sim obs yf   275.25750738800122        275.25753540134957        275.25750738800122        275.25781072192393        275.25753129913170     
 read in sim obs yf   273.75283740376909        273.75287474361977        273.75286173538012        273.75289019497308        273.75284674866379     
 read in sim obs yf   275.65288586627025        275.65290679191128        275.65288556784566        275.65319987293816        275.65290935614809     
 read in sim obs yf   275.23449111901698        275.23451289854523        275.23449038401532        275.23478071646264        275.23451420324619     
 read in sim obs yf   273.99127949519232        273.99130553808641        273.99129209843449        273.99134327013303        273.99128667463202     
 read in sim obs yf   274.44612450543394        274.44614226068069        274.44612864235131        274.44618998994031        274.44613074802032     
 read in sim obs yf   277.52350921917230        277.52351680137309        277.52350904094754        277.52412741120202        277.52355835626395     
 read in sim obs yf   278.22736479870514        278.22736755424705        278.22736479870514        278.22787572250047        278.22739488014270     
 read in sim obs yf   277.23748991135290        277.23750306764816        277.23748916571884        277.23766018257180        277.23750256347250     
 read in sim obs yf   279.68406327697335        279.68407119872819        279.68406279671518        279.68418434162004        279.68407333257045     
 read in sim obs yf   278.98077415190471        278.98077693483651        278.98077389036126        278.98089550036110        278.98077981384353     
 read in sim obs yf   279.07768353711225        279.07768412870041        279.07768353711225        279.07777121520888        279.07768691434433     
 read in sim obs yf   278.97819165640016        278.97819500128651        278.97819165640016        278.97843717708878        278.97820951643945     
 read in sim obs yf   279.09771852615626        279.09772011461308        279.09771852615626        279.09788059550914        279.09772771239113     
 read in sim obs yf   279.22500071006442        279.22500112173196        279.22500071006442        279.22510423132076        279.22500439454126     
 read in sim obs yf   279.31375484644519        279.31375525467672        279.31375484644519        279.31387266698425        279.31375929711839     
 read in sim obs yf   279.37459032886284        279.37459163811656        279.37459032886284        279.37490886604468        279.37460881958771     
 read in sim obs yf   278.77740988522390        278.77741390146207        278.77740988522390        278.77797039850873        278.77744021371979     
 read in sim obs yf   278.18099411015692        278.18099872666653        278.18099411015692        278.18143910225172        278.18101841197949     
 read in sim obs yf   278.16286289325285        278.16286822837122        278.16286289325285        278.16330826625466        278.16288787576553     
 read in sim obs yf   278.05289999145208        278.05290510379825        278.05289999145208        278.05340349381316        278.05292960658670     
 read in sim obs yf   278.44582188264025        278.44582563655922        278.44582188264025        278.44630250846888        278.44584908697442     
 read in sim obs yf   278.69121314171912        278.69121752793097        278.69121202340693        278.69171083976232        278.69122781406276     
 read in sim obs yf   281.84152887250229        281.84152895387979        281.84151668291008        281.84189426126630        281.84156290773365     
 read in sim obs yf   281.52344668919295        281.52344792000622        281.52344668919295        281.52394559258175        281.52349048819946     
 read in sim obs yf   281.18046082165893        281.18046196774674        281.18046082165893        281.18084228924965        281.18049560501544     
 read in sim obs yf   280.81612864491660        280.81612913621160        280.81612864491660        280.81635443168386        280.81614610688348     
 read in sim obs yf   280.47247514333117        280.47247624208990        280.47247514333117        280.47301848288521        280.47251313401944     
 read in sim obs yf   280.15974438461222        280.15974635215497        280.15974438461222        280.16031097674994        280.15978324360702     
 read in sim obs yf   279.41849712519661        279.41850068774261        279.41849712519661        279.41890135814441        279.41852270415097     
 read in sim obs yf   276.49999100474798        276.50001042000486        276.49999100474798        276.50030254490741        276.50001303588482     
 read in sim obs yf   274.10020483917759        274.10023136085778        274.10021876589781        274.10027772683929        274.10021149057042     
 read in sim obs yf   274.29883508001262        274.29885968708402        274.29884633515252        274.29890496847298        274.29884142150462     
 read in sim obs yf   273.93650653996337        273.93653512538390        273.93651969117673        273.93656783683065        273.93651470209016     
 read in sim obs yf   276.10952731035138        276.10953972718869        276.10952633672679        276.10988334840044        276.10955315438741     
 read in sim obs yf   273.88540999682795        273.88544039956537        273.88542657170677        273.88546571455169        273.88541803259454     
 read in sim obs yf   273.66842881343382        273.66846284394757        273.66844741018883        273.66846035444632        273.66843777938237     
 read in sim obs yf   274.87842825045345        274.87845451971401        274.87842825045345        274.87867376890500        274.87845029049936     
 read in sim obs yf   277.45044331212375        277.45044792609389        277.45044331212375        277.45100958249367        277.45047040039225     
 read in sim obs yf   279.10380429808959        279.10380891694928        279.10380395402910        279.10413694636395        279.10381920492313     
 read in sim obs yf   279.93528840262593        279.93529424502674        279.93528828527076        279.93541783930601        279.93529514094956     
 read in sim obs yf   278.80098790314071        278.80099158990743        278.80098750227103        278.80124921891525        278.80100127375431     
 read in sim obs yf   278.95652353364397        278.95652529558748        278.95652353364397        278.95667184854625        278.95652991062815     
 read in sim obs yf   278.69298292079810        278.69299067772397        278.69298292079810        278.69327463494579        278.69300976089494     
 read in sim obs yf   279.20897133228959        279.20897187653907        279.20897133228959        279.20905203905352        279.20897496412397     
 read in sim obs yf   279.28518290397363        279.28518342595919        279.28518290397363        279.28524486680220        279.28518575647212     
 read in sim obs yf   279.29974131022220        279.29974162506380        279.29974131022220        279.29986438069250        279.29974626375372     
 read in sim obs yf   279.47560013284988        279.47560070823943        279.47560013284988        279.47581212821530        279.47561272388816     
 read in sim obs yf   278.88523260632212        278.88523538291253        278.88523260632212        278.88581425679160        278.88526359443125     
 read in sim obs yf   278.47151636957307        278.47152097069767        278.47151636957307        278.47188796031622        278.47153729173073     
 read in sim obs yf   278.16513043361579        278.16513489587965        278.16513043361579        278.16561089938415        278.16515902159824     
 read in sim obs yf   277.85825480926724        277.85826021266718        277.85825480926724        277.85873721620561        277.85828327747174     
 read in sim obs yf   278.40248346096479        278.40248796648018        278.40248346096479        278.40293950232501        278.40250732201361     
 read in sim obs yf   278.69056277368560        278.69057127276989        278.69056168963920        278.69100478210771        278.69057578462230     
 read in sim obs yf   282.86490737268639        282.86490757128939        282.86490597788401        282.86494532777300        282.86491049284933     
 read in sim obs yf   281.69617078772029        281.69616320513478        281.69616974943165        281.69667593431330        281.69621523286162     
 read in sim obs yf   281.43235412206377        281.43235495620763        281.43235412206377        281.43277416739363        281.43239205256100     
 read in sim obs yf   281.11008668492627        281.11008730808271        281.11008668492627        281.11042707359724        281.11011513241215     
 read in sim obs yf   280.75202264822565        280.75202352314147        280.75202264822565        280.75251011395886        280.75205708613379     
 read in sim obs yf   280.31815924067593        280.31816116692357        280.31815924067593        280.31876258219148        280.31819867856456     
 read in sim obs yf   280.07038937610400        280.07039238080978        280.07038937610400        280.07091157185664        280.07042260988345     
 read in sim obs yf   280.94075920897569        280.94075950655815        280.94075920897569        280.94084705587653        280.94076546456648     
 read in sim obs yf   278.66654242326473        278.66655084688836        278.66654242326473        278.66672040960833        278.66655466993672     
 read in sim obs yf   273.73433698844019        273.73437607862616        273.73436122648957        273.73437550802043        273.73434570107167     
 read in sim obs yf   273.97707853042198        273.97710717997512        273.97709110637891        273.97713371756896        273.97708582699869     
 read in sim obs yf   273.73287890425939        273.73291348725104        273.73289213213803        273.73291519894605        273.73288925526975     
 read in sim obs yf   275.61333295186495        275.61335204235894        275.61333233733330        275.61361580575533        275.61335368704891     
 read in sim obs yf   273.60449274782036        273.60452942165620        273.60451398254111        273.60454769336485        273.60450185554009     
 read in sim obs yf   273.69695738545010        273.69698351888371        273.69697084830091        273.69703542319428        273.69696503789402     
 read in sim obs yf   274.51697410936566        274.51699275364535        274.51697774192439        274.51708461093506        274.51698308292970     
 read in sim obs yf   276.41809744394288        276.41810740302344        276.41809740859577        276.41848336420657        276.41811717845980     
 read in sim obs yf   279.78301955415691        279.78302404107808        279.78301875300724        279.78328427593476        279.78303336415433     
 read in sim obs yf   280.84838674001304        280.84838687383683        280.84838672607032        280.84840950029997        280.84838730024194     
 read in sim obs yf   277.68377233666428        277.68378481856251        277.68376990480311        277.68440224886558        277.68381950798124     
 read in sim obs yf   278.43380912494638        278.43381825646890        278.43380912494638        278.43417264627266        278.43383394783405     
 read in sim obs yf   278.54197821427215        278.54198609869735        278.54197821427215        278.54231596240783        278.54200557080736     
 read in sim obs yf   279.06040035455419        279.06040243972512        279.06040035455419        279.06057817297562        279.06041288644138     
 read in sim obs yf   279.33863059816650        279.33863116936641        279.33863059816650        279.33874137741287        279.33863648216015     
 read in sim obs yf   279.36808593131468        279.36808626077402        279.36808593131468        279.36821895164576        279.36809310293683     
 read in sim obs yf   279.48658588371097        279.48658649555199        279.48658588371097        279.48677756130706        279.48660025064515     
 read in sim obs yf   278.60825087502081        278.60825639008766        278.60825087502081        278.60857767136974        278.60827123542600     
 read in sim obs yf   278.23948108277375        278.23948845087750        278.23948108277375        278.23987540231087        278.23950524324709     
 read in sim obs yf   278.15107602466662        278.15108145253510        278.15107598432496        278.15144168363292        278.15109793703289     
 read in sim obs yf   277.85613740056073        277.85614278712688        277.85613722527461        277.85657665850192        277.85616455549950     
 read in sim obs yf   278.13942175886672        278.13942822937469        278.13942175886672        278.13984459700657        278.13944399948508     
 read in sim obs yf   280.98294639872881        280.98294686880752        280.98294631898091        280.98302402311782        280.98294817521634     
 read in sim obs yf   280.16663888020474        280.16664888944626        280.16663888020474        280.16675759545285        280.16665061275739     
 read in sim obs yf   283.02610190813749        283.02610189785287        283.02610190813749        283.02610356638002        283.02610197782678     
 read in sim obs yf   282.13341767446491        282.13341855547128        282.13341767446491        282.13367347931478        282.13343759149899     
 read in sim obs yf   281.55177284040968        281.55177394186671        281.55177284040968        281.55227257696004        281.55181644572446     
 read in sim obs yf   281.30716060186148        281.30716108729644        281.30716060186148        281.30748464447618        281.30718585462716     
 read in sim obs yf   280.84596296615763        280.84596371948470        280.84596296615763        280.84653432764475        280.84600453993517     
 read in sim obs yf   280.41022610883715        280.41022757666121        280.41022610883715        280.41088166052106        280.41026824397318     
 read in sim obs yf   280.23710108961177        280.23710288995096        280.23710108961177        280.23771074326186        280.23713563534346     
 read in sim obs yf   279.24351446119942        279.24352179853906        279.24351446119942        279.24385998715644        279.24353617361902     
 read in sim obs yf   280.07420554082256        280.07421103247640        280.07420554082256        280.07432522829930        280.07421475189614     
 read in sim obs yf   280.79295398982083        280.79295473520637        280.79295398982083        280.79296390651172        280.79295474498866     
 read in sim obs yf   275.70662702904946        275.70664439126261        275.70663263782996        275.70667499938838        275.70663111836660     
 read in sim obs yf   273.70834453768106        273.70837775099335        273.70835725762527        273.70839135143376        273.70835369276909     
 read in sim obs yf   273.77285334880662        273.77288831764008        273.77287004399204        273.77289360080846        273.77286298339737     
 read in sim obs yf   274.64024970049144        274.64027375096634        274.64025062300476        274.64038102338486        274.64026330863788     
 read in sim obs yf   274.79170949851181        274.79173832686206        274.79170949851181        274.79191427157275        274.79173076227528     
 read in sim obs yf   274.15519039362960        274.15521074914221        274.15519875198493        274.15529646019246        274.15519910770638     
 read in sim obs yf   275.00793578796271        275.00796147039262        275.00793578796271        275.00822987072655        275.00795900948117     
 read in sim obs yf   275.89916487090159        275.89918282457813        275.89916487090159        275.89949542811564        275.89918721988562     
 read in sim obs yf   279.91525074019654        279.91525838459626        279.91525049927003        279.91527653286778        279.91525389190718     
 read in sim obs yf   276.92152051777583        276.92152898417345        276.92151919638940        276.92187242347677        276.92153873205427     
 read in sim obs yf   278.04722091755394        278.04722658752149        278.04722091755394        278.04780878878546        278.04724972709499     
 read in sim obs yf   278.98683827774738        278.98684234312407        278.98683827774738        278.98718509925925        278.98685927150842     
 read in sim obs yf   279.66008280605172        279.66008297080685        279.66008280605172        279.66015619906142        279.66008642157169     
 read in sim obs yf   279.59277468449710        279.59277499506419        279.59277468449710        279.59286495617073        279.59278109821423     
 read in sim obs yf   279.44349199981195        279.44349258669240        279.44349199981195        279.44429316506989        279.44350509994922     
 read in sim obs yf   279.37390490564508        279.37390624135253        279.37390490564508        279.37430803108532        279.37393449550007     
 read in sim obs yf   278.79230359957000        278.79230875703666        278.79230359957000        278.79276526981363        278.79233289397035     
 read in sim obs yf   279.01703530767600        279.01703838185580        279.01703530767600        279.01757551662615        279.01708134991941     
 read in sim obs yf   276.78237094759567        276.78238378217640        276.78237036542487        276.78278903863787        276.78239808146844     
 read in sim obs yf   277.88699475322443        277.88700085478109        277.88699427521624        277.88739249767593        277.88701909514737     
 read in sim obs yf   278.24929966517288        278.24930811513195        278.24929890922095        278.24965794269764        278.24931627461660     
 read in sim obs yf   281.16400202326008        281.16400293347857        281.16400202326008        281.16407090485592        281.16400358234745     
 read in sim obs yf   278.46679867268023        278.46681206854737        278.46679786540835        278.46721522974622        278.46683432947276     
 read in sim obs yf   281.00202283021605        281.00203201568843        281.00202283021605        281.00210424281460        281.00202915241653     
 read in sim obs yf   282.77567785653378        282.77567787296857        282.77567785653378        282.77568183284563        282.77567802660457     
 read in sim obs yf   282.21145274053941        282.21145272141803        282.21145245714888        282.21149537568670        282.21145589912425     
 read in sim obs yf   281.73963628330591        281.73963705529650        281.73963628330591        281.74008539285995        281.73967153366260     
 read in sim obs yf   281.60101409319270        281.60101456690404        281.60101409319270        281.60143755126330        281.60104712842281     
 read in sim obs yf   281.12735143877018        281.12735187362142        281.12735143877018        281.12777470405126        281.12738118975352     
 read in sim obs yf   280.65721313371591        280.65721382749314        280.65721313371591        280.65787471304316        280.65725769436494     
 read in sim obs yf   280.37332522908707        280.37332632856192        280.37332522908707        280.37400304979832        280.37336704914060     
 read in sim obs yf   280.34106745046131        280.34106814845046        280.34106574678833        280.34166617375269        280.34109723903811     
 read in sim obs yf   279.07938059870645        279.07938789792303        279.07937941346273        279.07968961611488        279.07939847865447     
 read in sim obs yf   280.19306315020606        280.19306748108443        280.19306251915128        280.19322316185736        280.19307257487480     
 read in sim obs yf   278.87570958960475        278.87571998775638        278.87570916283278        278.87579527937510        278.87571588465710     
 read in sim obs yf   276.25276257418483        276.25277754612955        276.25276709007858        276.25280557677166        276.25276689125917     
 read in sim obs yf   276.00703787287063        276.00705594192419        276.00703953932799        276.00710967677213        276.00704573760697     
 read in sim obs yf   274.05694831210877        274.05697369468442        274.05696377832180        274.05700282353996        274.05695519608537     
 read in sim obs yf   275.05472586126803        275.05475307821303        275.05472586126803        275.05495967716331        275.05474736519454     
 read in sim obs yf   275.64160313594408        275.64162034293037        275.64160313594408        275.64186962585052        275.64162597372029     
 read in sim obs yf   273.68264131246815        273.68267801591509        273.68266472440047        273.68271620336640        273.68265288191645     
 read in sim obs yf   275.71736564696204        275.71738924192300        275.71736564696204        275.71764720205834        275.71738866944628     
 read in sim obs yf   280.34306403947187        280.34306953496400        280.34306394290951        280.34308166485528        280.34306676498448     
 read in sim obs yf   281.22732430078673        281.22732442492577        281.22732430078673        281.22733902183768        281.22732482235534     
 read in sim obs yf   276.49441751942391        276.49443116173768        276.49441621302418        276.49475395963174        276.49443512297921     
 read in sim obs yf   277.51816123641890        277.51816519010561        277.51816123641890        277.51870161543644        277.51818762305516     
 read in sim obs yf   278.33857565263929        278.33857970303092        278.33857565263929        278.33905043506581        278.33859963003295     
 read in sim obs yf   279.27366534697046        279.27366614470679        279.27366534697046        279.27395715389287        279.27368344775101     
 read in sim obs yf   279.33842879150603        279.33842938066562        279.33842879150603        279.33868936652880        279.33844297956932     
 read in sim obs yf   279.10206232386389        279.10206480068484        279.10206232386389        279.10252854917900        279.10208919190507     
 read in sim obs yf   279.22692769793611        279.22693005067327        279.22692769793611        279.22728607361017        279.22694984798642     
 read in sim obs yf   279.23349537086131        279.23349831422541        279.23349537086131        279.23385473454431        279.23341200574953     
 read in sim obs yf   278.44286753751823        278.44287087845493        278.44286753751823        278.44328434088499        278.44289345141192     
 read in sim obs yf   276.07991039800254        276.07992983684369        276.07990945097737        276.08028070466600        276.07993734550269     
 read in sim obs yf   278.08865735696151        278.08866484592812        278.08865626531173        278.08896915611484        278.08867391531544     
 read in sim obs yf   280.15458792401341        280.15459227958672        280.15458759643025        280.15476624245474        280.15459351987630     
 read in sim obs yf   281.76900570055284        281.76900570530756        281.76900570055284        281.76900737406311        281.76900573051688     
 read in sim obs yf   277.65429008250823        277.65429914424976        277.65428814238436        277.65491838958718        277.65433452737699     
 read in sim obs yf   279.90122344830536        279.90123260563490        279.90122344830536        279.90140970267612        279.90123426853307     
 read in sim obs yf   282.16571647753028        282.16571771367052        282.16571647753028        282.16575858142323        282.16571825604296     
 read in sim obs yf   282.39233735250690        282.39233838224555        282.39233735250690        282.39233810243508        282.39233768988919     
 read in sim obs yf   281.98417601961540        281.98417619886061        281.98417601961540        281.98418928716973        281.98417701412245     
 read in sim obs yf   281.38212606274629        281.38212619264391        281.38212539095923        281.38232878486122        281.38213783656840     
 read in sim obs yf   281.36734267644522        281.36734351339942        281.36734267644522        281.36797517699011        281.36738499119895     
 read in sim obs yf   281.34611778814400        281.34611818370308        281.34611778814400        281.34661852512522        281.34615060933834     
 read in sim obs yf   280.86369012581906        280.86369059265007        280.86369012581906        280.86421006905937        280.86372504894143     
 read in sim obs yf   280.52055761268451        280.52055856023566        280.52055761268451        280.52121411694219        280.52060406086247     
 read in sim obs yf   280.25539420865027        280.25539517452825        280.25539401743049        280.25607551421422        280.25543356732015     
 read in sim obs yf   280.23279536039183        280.23279533568149        280.23279366861260        280.23341420993387        280.23282348399715     
 read in sim obs yf   280.23518527598617        280.23518824020033        280.23518527598617        280.23536332031898        280.23519525288788     
 read in sim obs yf   280.78117951390948        280.78118116799510        280.78117951390948        280.78124008049116        280.78118185032679     
 read in sim obs yf   278.39496044681425        278.39497225671369        278.39496016609576        278.39508116848691        278.39496972926253     
 read in sim obs yf   276.80302107607724        276.80303492668969        276.80302253070147        276.80307588302253        276.80302749348709     
 read in sim obs yf   274.14227420497923        274.14229957384657        274.14228807493947        274.14233200322917        274.14228156480669     
 read in sim obs yf   275.84705883885624        275.84707859063923        275.84705830144583        275.84732375386488        275.84707862948790     
 read in sim obs yf   274.42795262451102        274.42797366724005        274.42795649290008        274.42808050900845        274.42796484915954     
 read in sim obs yf   275.35576965425076        275.35579483517802        275.35576965425076        275.35606119417878        275.35579636352855     
 read in sim obs yf   277.01164840709271        277.01165929414623        277.01164840709271        277.01198988389206        277.01167053363565     
 read in sim obs yf   280.20811633610435        280.20812195211926        280.20811633610435        280.20816920111474        280.20812129945824     
 read in sim obs yf   280.95024519533945        280.95024627801422        280.95024519533945        280.95032010753476        280.95024861532306     
 read in sim obs yf   275.79163753306409        275.79165652131445        275.79164308744583        275.79170188670224        275.79164333924518     
 read in sim obs yf   275.90916585206423        275.90918513176041        275.90916585206423        275.90949190967422        275.90918611224077     
 read in sim obs yf   276.47328938274103        276.47330593668255        276.47328938274103        276.47361594913110        276.47330952140265     
 read in sim obs yf   278.08137284320713        278.08137924898011        278.08137284320713        278.08192979861826        278.08140253131364     
 read in sim obs yf   278.98710298602771        278.98710482734742        278.98710241876103        278.98761929475216        278.98713197563961     
 read in sim obs yf   278.82148469614623        278.82148810270468        278.82148453316512        278.82188416536081        278.82150800406725     
 read in sim obs yf   278.53290681573054        278.53291228670003        278.53290681573054        278.53326474251969        278.53293140559754     
 read in sim obs yf   279.25366132523965        279.25366177743956        279.25366132523965        279.25381226141548        279.25367137116700     
 read in sim obs yf   277.74174513483541        277.74174837122382        277.74174503728523        277.74224071070256        277.74177721515707     
 read in sim obs yf   276.48612463267074        276.48614044786996        276.48612369800355        276.48649133174536        276.48614825319169     
 read in sim obs yf   277.16229857363766        277.16232321105582        277.16229857363766        277.16241489009843        277.16230777911619     
 read in sim obs yf   279.51738737102619        279.51739848460073        279.51738737102619        279.51746941362984        279.51739123960101     
 read in sim obs yf   281.98360704449550        281.98360720369146        281.98360704449550        281.98361077425534        281.98360711907435     
 read in sim obs yf   276.92602511463281        276.92604043963667        276.92602337591177        276.92662124468279        276.92605573281350     
 read in sim obs yf   277.16301103761282        277.16303772715401        277.16301103761282        277.16324674090185        277.16302505302303     
 read in sim obs yf   282.07566859616639        282.07566877172303        282.07566859616639        282.07570126723937        282.07566985908699     
 read in sim obs yf   282.00266829228661        282.00266860601738        282.00266826524233        282.00266997486676        282.00266839459431     
 read in sim obs yf   281.01048605363917        281.01048819623611        281.01048600392369        281.01052755647072        281.01048957026455     
 read in sim obs yf   281.16113084370130        281.16113083520600        281.16113083860967        281.16114020874971        281.16113116227280     
 read in sim obs yf   280.98520474760045        280.98520510880161        280.98520474760045        280.98542236573979        280.98521941630617     
 read in sim obs yf   281.16653603300631        281.16653673511536        281.16653603300631        281.16707700397666        281.16656715250019     
 read in sim obs yf   281.21432507208266        281.21432541993374        281.21432507208266        281.21479400683671        281.21435408874942     
 read in sim obs yf   280.81043136125476        280.81043180230557        280.81043136125476        280.81094821350217        280.81046739405758     
 read in sim obs yf   280.56289124490718        280.56289217698782        280.56289117532157        280.56347863255274        280.56293494650248     
 read in sim obs yf   280.27387684798276        280.27387778966204        280.27387656741314        280.27430349159130        280.27390198027297     
 read in sim obs yf   280.09646751068738        280.09646783648901        280.09646622577424        280.09698962935056        280.09649344388083     
 read in sim obs yf   280.71009251504870        280.71009416648201        280.71009251504870        280.71029949907580        280.71010426773097     
 read in sim obs yf   281.60417983441164        281.60418000991211        281.60417983441164        281.60418356393018        281.60418003881392     
 read in sim obs yf   280.72656908706813        280.72657065807289        280.72656908706813        280.72660741025737        280.72657125217256     
 read in sim obs yf   280.23908863960776        280.23909076575961        280.23908863960776        280.23911016301838        280.23909074930890     
 read in sim obs yf   276.58734233902618        276.58735826691378        276.58734233902618        276.58760096554016        276.58736148426425     
 read in sim obs yf   275.07765597416414        275.07768559273404        275.07765532693350        275.07790845057417        275.07767574388680     
 read in sim obs yf   274.70914205444581        274.70916307962295        274.70915368195176        274.70921325071942        274.70914847214243     
 read in sim obs yf   275.62167780256368        275.62170183822406        275.62167780256368        275.62196248171273        275.62170208433264     
 read in sim obs yf   277.58620872930936        277.58621777784094        277.58620790870316        277.58654444713312        277.58623054054982     
 read in sim obs yf   280.09748035876345        280.09748603257782        280.09748035876345        280.09755991031557        280.09748675024292     
 read in sim obs yf   281.27651777060623        281.27651930666428        281.27651777060623        281.27654549077994        281.27652048981656     
 read in sim obs yf   275.70123202236226        275.70125260462493        275.70123399144217        275.70131510249314        275.70124082984705     
 read in sim obs yf   273.88215477030411        273.88218833007483        273.88217753938068        273.88221686513270        273.88216359028354     
 read in sim obs yf   274.52894936852800        274.52897528457527        274.52896404365760        274.52901039441451        274.52895588072397     
 read in sim obs yf   275.41857720183873        275.41860632310335        275.41857720183873        275.41881988865958        275.41859602674498     
 read in sim obs yf   276.75787360607393        276.75788721707482        276.75787336264870        276.75817297943166        276.75789788885754     
 read in sim obs yf   278.08160660442053        278.08161197022383        278.08160660442053        278.08195625981551        278.08162934282404     
 read in sim obs yf   278.62385726236334        278.62386162110334        278.62385726236334        278.62436198772741        278.62388928464304     
 read in sim obs yf   278.95920419302996        278.95920689150591        278.95920419302996        278.95967446363943        278.95923835246515     
 read in sim obs yf   276.90295343128139        276.90296306543087        276.90295343128139        276.90338317953388        276.90298464590848     
 read in sim obs yf   277.47110675845221        277.47111836794312        277.47110634948211        277.47139453734019        277.47112278064384     
 read in sim obs yf   275.29200835946267        275.29203343814379        275.29200873630055        275.29208183167071        275.29201471002972     
 read in sim obs yf   280.79988113876868        280.79988575627783        280.79988113876868        280.79997128082795        280.79988300235743     
 read in sim obs yf   276.64853214727691        276.64854863993560        276.64853214727691        276.64905198368734        276.64855566176192     
 read in sim obs yf   275.94255951469438        275.94259668437019        275.94255951469438        275.94281462712297        275.94257455759066     
 read in sim obs yf   281.36977470858199        281.36977650492662        281.36977469523794        281.36978566741266        281.36977545737182     
 read in sim obs yf   280.48511246642573        280.48511695645681        280.48511246642573        280.48534599023833        280.48512546064302     
 read in sim obs yf   280.25003231527307        280.25003692165370        280.25003231527307        280.25032810534145        280.25005807135557     
 read in sim obs yf   279.94870898938956        279.94871485842026        279.94870898938956        279.94898941198204        279.94873545809861     
 read in sim obs yf   280.02825234495754        280.02825616752312        280.02825234495754        280.02862490012109        280.02827942679454     
 read in sim obs yf   280.84175939975415        280.84176030327285        280.84175939975415        280.84230216153861        280.84179593539125     
 read in sim obs yf   281.00560134097299        281.00560179427833        281.00560134097299        281.00618163543027        281.00564099248214     
 read in sim obs yf   280.89106902182533        280.89106939532866        280.89106902182533        280.89153668658685        280.89110339442692     
 read in sim obs yf   280.49944528161819        280.49944580940547        280.49944500161604        280.50015507888958        280.49949921319444     
 read in sim obs yf   280.28467668256212        280.28467769773522        280.28467667658333        280.28501110171408        280.28469906647217     
 read in sim obs yf   280.01907424422211        280.01907481259582        280.01907408594690        280.01956726598763        280.01910281858125     
 read in sim obs yf   280.29069106133676        280.29069322339831        280.29069086578642        280.29099591582053        280.29070976291968     
 read in sim obs yf   280.45720369253792        280.45720435847994        280.45720369253792        280.45723424438165        280.45720503795701     
 read in sim obs yf   276.53833070868967        276.53835439631524        276.53833038060105        276.53847498880441        276.53834265066689     
 read in sim obs yf   275.81745393999699        275.81748337303577        275.81745377209501        275.81766932372858        275.81746949487092     
 read in sim obs yf   276.50297989591058        276.50300823698143        276.50297989591058        276.50317023097557        276.50299874677546     
 read in sim obs yf   277.92225335504577        277.92225873889532        277.92225264736976        277.92266984213063        277.92228018384350     
 read in sim obs yf   281.24916472699607        281.24916654527431        281.24916472699607        281.24929633407356        281.24917590173402     
 read in sim obs yf   278.81002450473648        278.81003711511096        278.81002425723722        278.81008405168313        278.81003077627383     
 read in sim obs yf   273.88673646727341        273.88676916892774        273.88676089683531        273.88680388974410        273.88674454879407     
 read in sim obs yf   273.97918145404168        273.97921411445679        273.97920356103668        273.97924205118602        273.97918928215432     
 read in sim obs yf   274.22733598655134        274.22736336412379        274.22735246736943        274.22739142363241        274.22734342838493     
 read in sim obs yf   275.66455054282824        275.66458032082841        275.66455022873822        275.66475779986655        275.66457044989937     
 read in sim obs yf   276.49220793232104        276.49222895857685        276.49220793232104        276.49248596619975        276.49223045274169     
 read in sim obs yf   277.15391732229142        277.15393182425282        277.15391732229142        277.15425753108025        277.15394332838468     
 read in sim obs yf   278.10780417893636        278.10780858776815        278.10780417893636        278.10826869089021        278.10783806987314     
 read in sim obs yf   277.24655261461572        277.24655972585504        277.24655261461572        277.24698096564236        277.24658345709179     
 read in sim obs yf   276.64955902661154        276.64957642374208        276.64955823764075        276.64988597569078        276.64957835514292     
 read in sim obs yf   276.08827789091981        276.08831120240922        276.08827789091981        276.08842366359920        276.08828741276966     
 read in sim obs yf   281.34052448580343        281.34052618085354        281.34052448580343        281.34056329145091        281.34052535016605     
 read in sim obs yf   275.97704086231028        275.97706870294735        275.97704086231028        275.97739743235655        275.97705941630278     
 read in sim obs yf   279.62110042956039        279.62110704901033        279.62110042956039        279.62127676691051        279.62110619246101     
 read in sim obs yf   279.96853443350534        279.96854173516704        279.96853393475817        279.96864026539384        279.96853922968211     
 read in sim obs yf   279.91711846390979        279.91712545075097        279.91711846390979        279.91735317915675        279.91713373566972     
 read in sim obs yf   280.09264017317173        280.09264289126298        280.09264017317173        280.09284260918321        280.09266034551968     
 read in sim obs yf   279.94701545827314        279.94701593143895        279.94701545827314        279.94709378671541        279.94702147885653     
 read in sim obs yf   280.05682079947087        280.05682117508701        280.05682079947087        280.05695595814262        280.05682994571032     
 read in sim obs yf   280.61062928376361        280.61062999926150        280.61062928376361        280.61119128265017        280.61066906161597     
 read in sim obs yf   280.79332491491692        280.79332556664110        280.79332491491692        280.79390122015349        280.79336636395459     
 read in sim obs yf   280.77594751427466        280.77594796812605        280.77594747092530        280.77650882218484        280.77599293245197     
 read in sim obs yf   280.51961853605519        280.51961902811331        280.51961848270236        280.52018506005885        280.51966178879059     
 read in sim obs yf   280.13311366676601        280.13311447503713        280.13311366676601        280.13362692089134        280.13314844769144     
 read in sim obs yf   279.84081154291289        279.84081312890032        279.84081154291289        279.84131275419259        279.84084284857539     
 read in sim obs yf   279.62496035978734        279.62496472469019        279.62495997946178        279.62522650580996        279.62497947891160     
 read in sim obs yf   282.42199181201420        282.42199180810962        282.42199181201420        282.42199266909608        282.42199184474907     
 read in sim obs yf   282.28533417294585        282.28533458856947        282.28533417294585        282.28535545764373        282.28533518368943     
 read in sim obs yf   280.54197297208412        280.54197596656280        280.54197297208412        280.54216091878169        280.54198676977262     
 read in sim obs yf   281.69023357695522        281.69023358719863        281.69023357695522        281.69023848209207        281.69023368837895     
 read in sim obs yf   279.91671926572093        279.91672101241517        279.91671926572093        279.91686848388611        279.91672545171150     
 read in sim obs yf   277.36154308670820        277.36155737427526        277.36154308670820        277.36177035192463        277.36155612500215     
 read in sim obs yf   274.99642603599546        274.99646281132004        274.99642571720710        274.99668021472831        274.99644580638875     
 read in sim obs yf   277.43469518941021        277.43470239075856        277.43469518941021        277.43508083294370        277.43472005554003     
 read in sim obs yf   278.28033521765099        278.28033945823933        278.28033520773147        278.28074306118083        278.28036152342281     
 read in sim obs yf   280.44594000473478        280.44594084098134        280.44593958365317        280.44619567548023        280.44596420803282     
 read in sim obs yf   281.76099226897401        281.76099223502268        281.76099219608454        281.76099376330052        281.76099231624084     
 read in sim obs yf   278.89169106014344        278.89169856988138        278.89169106014344        278.89194530771937        278.89170632997184     
 read in sim obs yf   276.54247291397041        276.54250081053254        276.54247291397041        276.54268792465655        276.54249323682541     
 read in sim obs yf   274.33435332121405        274.33438494191591        274.33436721999442        274.33444186514885        274.33436383412283     
 read in sim obs yf   275.82605493254783        275.82607583590880        275.82606546720393        275.82611118570372        275.82606218181166     
 read in sim obs yf   275.90031497439770        275.90033660638142        275.90031742292126        275.90040215978070        275.90032638163797     
 read in sim obs yf   274.20826474153830        274.20829261911069        274.20827888367523        274.20833009214238        274.20827320121805     
 read in sim obs yf   276.71928430517323        276.71930527723850        276.71928430517323        276.71959512186442        276.71931341409004     
 read in sim obs yf   278.00462619280057        278.00463089091346        278.00462619280057        278.00508127351554        278.00466194569799     
 read in sim obs yf   277.12076348748951        277.12077786152878        277.12076332381451        277.12104715313279        277.12078741884233     
 read in sim obs yf   275.98196920088094        275.98199412242531        275.98196845418965        275.98226087924940        275.98199153600189     
 read in sim obs yf   278.33128269507733        278.33129497432896        278.33128269507733        278.33154555415308        278.33129382535731     
 read in sim obs yf   281.74232147109376        281.74232173156850        281.74232147109376        281.74233284071738        281.74232172200647     
 read in sim obs yf   279.32592569446518        279.32592897433005        279.32592569446518        279.32613707266910        279.32593258805781     
 read in sim obs yf   280.35138975244496        280.35139178691145        280.35138975244496        280.35146538829639        280.35139159946397     
 read in sim obs yf   280.34551487665925        280.34551697122151        280.34551380076130        280.34584135812798        280.34552579097124     
 read in sim obs yf   280.28202158150623        280.28202197319962        280.28202158150623        280.28213365922409        280.28202628727888     
 read in sim obs yf   279.81534164605256        279.81534208670593        279.81534164605256        279.81546368089170        279.81534701481024     
 read in sim obs yf   279.60197853724355        279.60197917495009        279.60197852470662        279.60205801460722        279.60198370481544     
 read in sim obs yf   279.49792229676473        279.49792844080258        279.49792210885488        279.49834829427812        279.49796151718351     
 read in sim obs yf   280.66883759832695        280.66883799041659        280.66883759832695        280.66915253955665        280.66886003694071     
 read in sim obs yf   281.07998821233753        281.07998846646547        281.07998821233753        281.08028862302967        281.08001592533117     
 read in sim obs yf   280.67517127387271        280.67517207239808        280.67517113564139        280.67564091721420        280.67521208577887     
 read in sim obs yf   280.60633891456365        280.60633945491537        280.60633891456365        280.60677721946649        280.60637512124327     
 read in sim obs yf   280.39658838133391        280.39658896005670        280.39658838133391        280.39706564602881        280.39662477453550     
 read in sim obs yf   280.09487282346561        280.09487406727123        280.09487282346561        280.09533561469237        280.09490619715450     
 read in sim obs yf   279.16614415212075        279.16614916444593        279.16614355883883        279.16651602781496        279.16617029640526     
 read in sim obs yf   280.96055397905445        280.96056017419664        280.96055393002871        280.96079950282478        280.96058492139230     
 read in sim obs yf   280.40478397750746        280.40479023058373        280.40478397750746        280.40499521438915        280.40480590281584     
 read in sim obs yf   281.28973747828979        281.28973877439080        281.28973747828979        281.28986037880065        281.28974645851184     
 read in sim obs yf   279.83843679732905        279.83843840268980        279.83843679732905        279.83866147935584        279.83844608659814     
 read in sim obs yf   276.35540618598020        276.35542448365925        276.35540618598020        276.35575974951740        276.35542725899069     
 read in sim obs yf   277.88073275693557        277.88074091708586        277.88073275693557        277.88106462645226        277.88075389532662     
 read in sim obs yf   279.56675568649064        279.56675766007447        279.56675568649064        279.56700444787970        279.56677311095416     
 read in sim obs yf   279.31966935383662        279.31967308600582        279.31966935383662        279.32018070674167        279.31971496938030     
 read in sim obs yf   281.63347044105132        281.63347077075491        281.63347043975773        281.63350583318771        281.63347223590392     
 read in sim obs yf   279.63775884425007        279.63776455211087        279.63775884425007        279.63836093881264        279.63780490509390     
 read in sim obs yf   278.26277682483675        278.26278471324133        278.26277682483675        278.26325903307077        278.26281817387735     
 read in sim obs yf   277.12902323414454        277.12903499773250        277.12902323414454        277.12947926887205        277.12906275518674     
 read in sim obs yf   277.46885798910284        277.46886833628736        277.46885798910284        277.46927303590758        277.46889265840298     
 read in sim obs yf   278.21150077193164        278.21151012991743        278.21150077193164        278.21176693554906        278.21152072183423     
 read in sim obs yf   275.50042317835158        275.50046470209514        275.50042317835158        275.50066438291617        275.50045137579650     
 read in sim obs yf   275.21747868667103        275.21752018988184        275.21747864577065        275.21771353910162        275.21750742467731     
 read in sim obs yf   275.93693575132801        275.93696372334017        275.93693508911235        275.93725877919513        275.93697208374124     
 read in sim obs yf   274.69450399515176        274.69453503777527        274.69450496620721        274.69466022278266        274.69452446796242     
 read in sim obs yf   275.84425049738968        275.84428236884526        275.84424995578752        275.84445386544985        275.84427159194604     
 read in sim obs yf   280.01581059284234        280.01581575065450        280.01581059284234        280.01586376429412        280.01581412732520     
 read in sim obs yf   282.07597424989240        282.07597425395943        282.07597424989240        282.07597592973366        282.07597428099081     
 read in sim obs yf   278.31130131777320        278.31130484180107        278.31130081028135        278.31171274648034        278.31131586463766     
 read in sim obs yf   279.25912994785989        279.25913197203960        279.25912944367167        279.25949531814194        279.25913970721297     
 read in sim obs yf   279.99880575595660        279.99880801983426        279.99880508118036        279.99907058919939        279.99881584853813     
 read in sim obs yf   279.84299654961120        279.84299712568861        279.84299651853644        279.84312178250372        279.84300037650667     
 read in sim obs yf   279.40056197416027        279.40056587171551        279.40056180619513        279.40077947706072        279.40057521948950     
 read in sim obs yf   278.67400512621094        278.67401805338767        278.67400467280055        278.67428152483274        278.67403744102518     
 read in sim obs yf   279.76830549929639        279.76830594106656        279.76830547196937        279.76842820049052        279.76831023000278     
 read in sim obs yf   280.44823141827754        280.44823176389400        280.44823141827754        280.44846114076461        280.44824238640109     
 read in sim obs yf   280.92496630526409        280.92496647480755        280.92496630526409        280.92515504778885        280.92497943285326     
 read in sim obs yf   280.58252990715056        280.58253041780165        280.58252976450513        280.58294153453721        280.58256904888952     
 read in sim obs yf   280.01598459433711        280.01598774762414        280.01598459433711        280.01643488085421        280.01602678440912     
 read in sim obs yf   280.19512522922543        280.19512632377217        280.19512522922543        280.19565742635314        280.19517093119805     
 read in sim obs yf   280.20255202920663        280.20255403327855        280.20255202920663        280.20316564699931        280.20260314688710     
 read in sim obs yf   279.67333717837056        279.67334347130890        279.67333717837056        279.67361685147324        279.67336112218112     
 read in sim obs yf   280.16387018314788        280.16387745872288        280.16386977134260        280.16415371420612        280.16389347691785     
 read in sim obs yf   281.29208564817287        281.29208825664938        281.29208564817287        281.29236980768155        281.29211308526885     
 read in sim obs yf   281.25774813043290        281.25774813501124        281.25774813043290        281.25774967383421        281.25774819452096     
 read in sim obs yf   278.90672009947252        278.90672761943711        278.90672009947252        278.90688664468718        278.90673281146422     
 read in sim obs yf   279.09760110091418        279.09760423525671        279.09760110091418        279.09783359944987        279.09761641154142     
 read in sim obs yf   277.72155973611410        277.72156578191255        277.72155973611410        277.72202911186491        277.72159179064028     
 read in sim obs yf   278.47785070459207        278.47785411819189        278.47785070459207        278.47838227137214        278.47790147094526     
 read in sim obs yf   279.58488618553241        279.58489404837644        279.58488618553241        279.58542108743552        279.58493872310794     
 read in sim obs yf   280.76361787802773        280.76362413687787        280.76361787802773        280.76393518890302        280.76364507642120     
 read in sim obs yf   280.21788195110349        280.21788394837807        280.21788195110349        280.21831800938565        280.21790939096127     
 read in sim obs yf   278.96362596459630        278.96363363415668        278.96362596459630        278.96412751109267        278.96367424576687     
 read in sim obs yf   277.61504299098198        277.61505785961316        277.61504299098198        277.61543706994786        277.61507482941823     
 read in sim obs yf   277.82352720722497        277.82353430596282        277.82352720722497        277.82403441304183        277.82356845748410     
 read in sim obs yf   277.89976855778406        277.89978111196160        277.89976855778406        277.90009331705318        277.89979905887299     
 read in sim obs yf   277.49294966286203        277.49297179232764        277.49294966286203        277.49311488852641        277.49296957935661     
 read in sim obs yf   275.60906650280850        275.60910242818187        275.60906618925799        275.60926532312578        275.60909365893980     
 read in sim obs yf   274.15356581654589        274.15359345770639        274.15357737704443        274.15361922306295        274.15357640830331     
 read in sim obs yf   275.41962174990044        275.41964396023400        275.41962388060631        275.41972104103417        275.41963535219895     
 read in sim obs yf   277.41468661216874        277.41470880695346        277.41468630276910        277.41480033713896        277.41469938280267     
 read in sim obs yf   280.86445100784971        280.86445296417014        280.86445100784971        280.86450347977564        280.86445414722061     
 read in sim obs yf   278.80319980219065        278.80320464189879        278.80319957449933        278.80354204713655        278.80321947953695     
 read in sim obs yf   279.57815098409975        279.57815442640032        279.57815039803791        279.57850197353770        279.57816768025805     
 read in sim obs yf   278.84259249340647        278.84260337365976        278.84259223725667        278.84288212001690        278.84261332051187     
 read in sim obs yf   279.57508954131214        279.57509133615054        279.57508940190968        279.57525484714984        279.57509577152769     
 read in sim obs yf   279.22500989416966        279.22501670333571        279.22500947562600        279.22529064830979        279.22502723523144     
 read in sim obs yf   279.01729168906013        279.01730358449061        279.01729107287707        279.01766641570578        279.01732570308798     
 read in sim obs yf   279.70193119305918        279.70193152600496        279.70193118290643        279.70204118002914        279.70193485336870     
 read in sim obs yf   280.16435422467208        280.16435458038870        280.16435422467208        280.16454298695442        280.16436261516907     
 read in sim obs yf   280.34710006372705        280.34710118648132        280.34709995377710        280.34745578914487        280.34713000248257     
 read in sim obs yf   280.07831698024154        280.07831863677393        280.07831686031267        280.07878101607093        280.07835892423248     
 read in sim obs yf   280.12820307711235        280.12820347377715        280.12820307711235        280.12845731997044        280.12822046564230     
 read in sim obs yf   280.17260034825455        280.17260061265108        280.17260034825455        280.17276633598976        280.17261300200749     
 read in sim obs yf   280.25171906372395        280.25172181982691        280.25171906372395        280.25226764090394        280.25177064066941     
 read in sim obs yf   280.16547247231483        280.16547810308191        280.16547247231483        280.16591788048379        280.16550843312854     
 read in sim obs yf   280.90371482640552        280.90371733973416        280.90371475359569        280.90411992021717        280.90374424302934     
 read in sim obs yf   282.18556392019974        282.18556428232654        282.18556392019974        282.18561879337148        282.18556842499328     
 read in sim obs yf   280.51499446337232        280.51499646477117        280.51499446337232        280.51511591053298        280.51500153081594     
 read in sim obs yf   278.52071237130872        278.52072078638201        278.52071237130872        278.52098084563335        278.52073360605851     
 read in sim obs yf   279.01683243891756        279.01684118401874        279.01683243891756        279.01701787417346        279.01684458699947     
 read in sim obs yf   278.47969348000061        278.47969736450915        278.47969348000061        278.48023114555889        278.47965877262402     
 read in sim obs yf   279.48337659493933        279.48338020038528        279.48337659493933        279.48394631954545        279.48342374685296     
 read in sim obs yf   280.00822178941064        280.00822942442892        280.00822178941064        280.00869755364056        280.00826328261081     
 read in sim obs yf   280.84533561481788        280.84533817519582        280.84533561481788        280.84590709272902        280.84538173109485     
 read in sim obs yf   280.22761941860091        280.22762226925852        280.22761941860091        280.22806769456099        280.22765499293939     
 read in sim obs yf   280.24185480665892        280.24185566036800        280.24185477648581        280.24216794675789        280.24188013233419     
 read in sim obs yf   279.23113892816696        279.23114595000050        279.23113884397787        279.23154246755564        279.23117328080673     
 read in sim obs yf   279.08030363405368        279.08030878029609        279.08030348088010        279.08074019344173        279.08033966091358     
 read in sim obs yf   278.70341324211779        278.70342108542428        278.70341324143749        278.70383184370758        278.70344922955428     
 read in sim obs yf   278.61799808204603        278.61800338368715        278.61799808204603        278.61843568626875        278.61803837370752     
 read in sim obs yf   278.09166511049330        278.09167708931909        278.09166497475559        278.09180967163144        278.09168411195736     
 read in sim obs yf   276.77744792933686        276.77747420803399        276.77744787854283        276.77752725001443        276.77746727407293     
 read in sim obs yf   274.24984788588461        274.24987562969500        274.24986364854055        274.24990732350005        274.24985717294243     
 read in sim obs yf   275.87066140577952        275.87069672848799        275.87066110443993        275.87085237185920        275.87068166193063     
 read in sim obs yf   280.86165054283094        280.86165313281384        280.86165054283094        280.86168127485138        280.86165203383661     
 read in sim obs yf   280.05318945823734        280.05319047090984        280.05318945823734        280.05337875553494        280.05320732902698     
 read in sim obs yf   280.13643588241985        280.13643603934571        280.13643588241985        280.13654101225120        280.13644189664421     
 read in sim obs yf   279.58598110331496        279.58598166577565        279.58598109825022        279.58607732611671        279.58598996030844     
 read in sim obs yf   279.40640079549485        279.40640134174851        279.40640070109583        279.40648061076456        279.40640294504442     
 read in sim obs yf   279.11913911604347        279.11914802791108        279.11913860768345        279.11941855163144        279.11915502810928     
 read in sim obs yf   279.47673671094117        279.47673866621756        279.47673656312395        279.47691609685194        279.47674283612486     
 read in sim obs yf   279.69256117792423        279.69256147290935        279.69256117753162        279.69269573019722        279.69256540835141     
 read in sim obs yf   280.00344121549944        280.00344143321519        280.00344121549944        280.00357302300381        280.00344798412152     
 read in sim obs yf   280.09369604709917        280.09369658406257        280.09369500726655        280.09401121906984        280.09372196385726     
 read in sim obs yf   279.94529761921137        279.94529823333221        279.94529753352577        279.94550919325917        279.94531311046291     
 read in sim obs yf   280.17161856168906        280.17161869990593        280.17161856168906        280.17171159210619        280.17162545465891     
 read in sim obs yf   280.39334526624219        280.39334588978761        280.39334526624219        280.39364439047603        280.39337219545388     
 read in sim obs yf   280.50211526418542        280.50211778299615        280.50211526418542        280.50266130053353        280.50216977999077     
 read in sim obs yf   280.75543972500816        280.75544245055812        280.75543972500816        280.75596962358503        280.75548820143126     
 read in sim obs yf   280.62114671729574        280.62115160951095        280.62114642629928        280.62135234681301        280.62116410198075     
 read in sim obs yf   281.36572947803137        281.36573209642569        281.36572947803137        281.36588640371593        281.36574355541649     
 read in sim obs yf   282.26990458817687        282.26990495961132        282.26990458817687        282.27000354995943        282.26991082748458     
 read in sim obs yf   282.12487795749541        282.12487799027940        282.12487795749541        282.12488531328120        282.12487852779560     
 read in sim obs yf   281.01833846888178        281.01833965072228        281.01833846888178        281.01843283876588        281.01834418560395     
 read in sim obs yf   278.59819485072080        278.59820411957929        278.59819448792706        278.59863021972615        278.59822819524993     
 read in sim obs yf   278.56205978906235        278.56207194041906        278.56205978906235        278.56246796502262        278.56209305017472     
 read in sim obs yf   280.13024355288212        280.13024561783607        280.13024355288212        280.13077727679780        280.13029156008162     
 read in sim obs yf   280.24124183665526        280.24124517132975        280.24124175695056        280.24165320555886        280.24127925477649     
 read in sim obs yf   279.74856939204778        279.74858079457368        279.74856938944083        279.74886326958097        279.74859916499236     
 read in sim obs yf   280.64104920965752        280.64105266266438        280.64104920965752        280.64157017524639        280.64109128875464     
 read in sim obs yf   280.44366938687688        280.44367082460695        280.44366928610896        280.44412591442017        280.44370890397420     
 read in sim obs yf   280.21155557721880        280.21155866497793        280.21155536780537        280.21208659741558        280.21160985364025     
 read in sim obs yf   280.48052736484192        280.48052881180990        280.48052724665718        280.48110098975656        280.48058178217286     
 read in sim obs yf   280.55203383538026        280.55203495655792        280.55203374026803        280.55264332650330        280.55209928422119     
 read in sim obs yf   280.15953173501907        280.15953311908771        280.15953166972332        280.16006055447951        280.15958948747203     
 read in sim obs yf   279.63646641776631        279.63646692457257        279.63646641776631        279.63665670533442        279.63648734238029     
 read in sim obs yf   279.41802559722260        279.41802612743402        279.41802559722260        279.41815414272492        279.41803597398052     
 read in sim obs yf   279.02640773285412        279.02641141131988        279.02640773285412        279.02677997925781        279.02644199971940     
 read in sim obs yf   278.15471361229964        278.15471919101253        278.15471361229964        278.15503587042281        278.15473968127770     
 read in sim obs yf   279.21073253070381        279.21073726145545        279.21073231057233        279.21088830903165        279.21074126537718     
 read in sim obs yf   281.50344880438053        281.50344882398048        281.50344880438053        281.50345535443904        281.50344896633243     
 read in sim obs yf   279.42002778355123        279.42002905085116        279.42002778355123        279.42021472915428        279.42005159470671     
 read in sim obs yf   279.62374510806023        279.62374603213595        279.62374510806023        279.62387691134199        279.62376092394965     
 read in sim obs yf   279.31007377065561        279.31007403890993        279.31007377065561        279.31019403320749        279.31007645511443     
 read in sim obs yf   279.27058681666449        279.27058723909488        279.27058676185578        279.27065445657456        279.27058804548039     
 read in sim obs yf   279.42440729352296        279.42440774338820        279.42440717996766        279.42449514347737        279.42440906228325     
 read in sim obs yf   279.40382900767423        279.40383080685922        279.40382884071761        279.40404312527119        279.40383574126747     
 read in sim obs yf   279.74023099853389        279.74023118819906        279.74023099853389        279.74034891340676        279.74023460111738     
 read in sim obs yf   279.94865404040371        279.94865430267885        279.94865394132336        279.94881340741802        279.94866202617681     
 read in sim obs yf   279.93152154212464        279.93152172567858        279.93151910628774        279.93193095375966        279.93155330261362     
 read in sim obs yf   280.02451389815565        280.02451404697621        280.02451265053134        280.02472618719889        280.02452981405668     
 read in sim obs yf   280.43119874258764        280.43119905499174        280.43119870769328        280.43144196187865        280.43122004714610     
 read in sim obs yf   280.54751237720620        280.54751421039055        280.54751237720620        280.54782100128307        280.54754361342992     
 read in sim obs yf   280.63376506576719        280.63376737718198        280.63376506576719        280.63421722076538        280.63380835602158     
 read in sim obs yf   280.93244539594502        280.93244733663943        280.93244539594502        280.93287457674148        280.93248553919022     
 read in sim obs yf   280.01026917137563        280.01027840051950        280.01026886982504        280.01056874293789        280.01029720342592     
 read in sim obs yf   279.62265944468515        279.62267374562509        279.62265918388050        279.62286077071457        279.62268263889740     
 read in sim obs yf   281.24620445404469        281.24620798834474        281.24620445404469        281.24641938790427        281.24622630825314     
 read in sim obs yf   281.71559793186594        281.71559865334035        281.71559713914456        281.71568455127732        281.71560208560595     
 read in sim obs yf   281.37622526890681        281.37622577936730        281.37622423778220        281.37630352089951        281.37622873086195     
 read in sim obs yf   280.64105001608459        280.64105306411045        280.64104920109571        280.64130429853884        280.64107127199878     
 read in sim obs yf   280.30640185005836        280.30640444265379        280.30640185005836        280.30690285590168        280.30644728665669     
 read in sim obs yf   280.24818142073923        280.24818366945601        280.24818142073923        280.24862323362538        280.24821863922051     
 read in sim obs yf   280.49002135989758        280.49002241484317        280.49002131076151        280.49051926295846        280.49006293037871     
 read in sim obs yf   279.77532131806555        279.77532990973521        279.77532125040261        279.77562274037928        279.77535472329026     
 read in sim obs yf   278.89635439414781        278.89637282401145        278.89635439414781        278.89653787807424        278.89638601328107     
 read in sim obs yf   279.94494962129420        279.94495705640196        279.94494962129420        279.94522714119245        279.94497895250947     
 read in sim obs yf   279.64613911963079        279.64614773296057        279.64613894142190        279.64652319814741        279.64617719038819     
 read in sim obs yf   280.63609291333199        280.63609357550382        280.63609279215922        280.63642336547628        280.63612602078877     
 read in sim obs yf   280.61985567233745        280.61985703573345        280.61985550066635        280.62039346720672        280.61990506257149     
 read in sim obs yf   280.83546896102416        280.83546959090205        280.83546888320535        280.83588427495528        280.83550863976103     
 read in sim obs yf   280.30158102252773        280.30158239077940        280.30158095637449        280.30206660804078        280.30162463666471     
 read in sim obs yf   279.72656269803036        279.72656489431608        279.72656269803036        279.72710016243735        279.72661502296444     
 read in sim obs yf   279.29428360714047        279.29428993728806        279.29428360714047        279.29487706880354        279.29434389404804     
 read in sim obs yf   277.74913542371735        277.74914833489731        277.74913542371735        277.74949395661559        277.74909471029918     
 read in sim obs yf   275.93538352452362        275.93541226479016        275.93538352452362        275.93572073081521        275.93542078986491     
 read in sim obs yf   277.01088563029737        277.01090504354141        277.01088517258017        277.01119967266214        277.01090696247059     
 read in sim obs yf   280.67830062975173        280.67830360775110        280.67830062975173        280.67836833395660        280.67830334877817     
 read in sim obs yf   278.54445415683512        278.54445440278181        278.54445415683512        278.54455982029930        278.54445671402152     
 read in sim obs yf   278.93842135333978        278.93842172500689        278.93842135333978        278.93848862483117        278.93842415040564     
 read in sim obs yf   279.04707192753062        279.04707278934080        279.04707192753062        279.04719320677651        279.04707678223798     
 read in sim obs yf   279.20425547859065        279.20425633186562        279.20425543965746        279.20437687951846        279.20425809699907     
 read in sim obs yf   279.17339373051050        279.17339443081175        279.17339360180216        279.17351192584357        279.17339598305165     
 read in sim obs yf   279.26894597584538        279.26894649603895        279.26894590325276        279.26907218021182        279.26894874652334     
 read in sim obs yf   279.60872166948394        279.60872180601592        279.60872166716086        279.60883762804116        279.60872453925964     
 read in sim obs yf   279.90259902853234        279.90259902039298        279.90259801330541        279.90286035258595        279.90260857398295     
 read in sim obs yf   279.80070998701547        279.80071323895260        279.80070863757737        279.80125308520985        279.80075200958026     
 read in sim obs yf   280.37865642141543        280.37865571611297        280.37865440020670        280.37894233778576        280.37867698223471     
 read in sim obs yf   280.42425083481896        280.42425231038146        280.42425059632910        280.42458880985998        280.42428544087318     
 read in sim obs yf   280.31396460872048        280.31396765634736        280.31396460872048        280.31437873984805        280.31401350152566     
 read in sim obs yf   280.42307131999348        280.42307379125475        280.42307131999348        280.42336307002705        280.42309803351031     
 read in sim obs yf   280.47711281278458        280.47711539794955        280.47711281278458        280.47755526717401        280.47715128711809     
 read in sim obs yf   279.82590317772031        279.82591266066925        279.82590317772031        279.82615880252081        279.82593004656025     
 read in sim obs yf   280.55464230096834        280.55464732859849        280.55464230096834        280.55497231813655        280.55466940444217     
 read in sim obs yf   280.77339261106522        280.77339647717423        280.77339246648313        280.77373180056304        280.77341126271926     
 read in sim obs yf   280.27151107275989        280.27152149638567        280.27151073495014        280.27180803763463        280.27153716550191     
 read in sim obs yf   279.40855985888180        279.40857816830220        279.40855985888180        279.40889898846683        279.40862331948114     
 read in sim obs yf   280.51191233182237        280.51191390960122        280.51191212614907        280.51228719834023        280.51194192868650     
 read in sim obs yf   280.47264642729056        280.47264771509822        280.47264642729056        280.47301419611949        280.47267945996907     
 read in sim obs yf   280.14292035893709        280.14292390624558        280.14292035893709        280.14317230449262        280.14294532700859     
 read in sim obs yf   280.37357381758397        280.37357485600893        280.37357375922159        280.37411439848933        280.37362118341946     
 read in sim obs yf   279.88829846709825        279.88830339253303        279.88829846709825        279.88867970243967        279.88833651244539     
 read in sim obs yf   278.89126729176974        278.89128332072920        278.89126729176974        278.89145803886072        278.89129912180096     
 read in sim obs yf   278.75068812583123        278.75070567952758        278.75068810986170        278.75084457404819        278.75071531242685     
 read in sim obs yf   279.20316430426737        279.20317707616795        279.20316414472410        279.20343481374135        279.20319473601876     
 read in sim obs yf   280.25900521843033        280.25900942608115        280.25900439315478        280.25947307950082        280.25904744259753     
 read in sim obs yf   280.24296650019636        280.24297190052522        280.24296551669403        280.24342688322321        280.24300647017986     
 read in sim obs yf   280.61082169928443        280.61082403562096        280.61082135972811        280.61118289164818        280.61085345367081     
 read in sim obs yf   279.61274072819259        279.61274849046930        279.61274058287233        279.61296386970952        279.61276512682764     
 read in sim obs yf   279.23832040734516        279.23832821837289        279.23832028309232        279.23879620552322        279.23836534797658     
 read in sim obs yf   278.35448563541325        278.35450234351623        278.35448562820227        278.35472698010585        278.35451854277255     
 read in sim obs yf   278.38541579900237        278.38542892156232        278.38541579602395        278.38554394167096        278.38543461522289     
 read in sim obs yf   277.19198605732970        277.19200849011634        277.19198603582072        277.19222259073479        277.19201398130269     
 read in sim obs yf   275.80067151628543        275.80071007001459        275.80067127501889        275.80086906025304        275.80069439355941     
 read in sim obs yf   279.79727260210620        279.79727937396308        279.79727260210620        279.79750044311288        279.79727996128014     
 read in sim obs yf   282.33050299693980        282.33050388978563        282.33050299693980        282.33052513920177        282.33050345422424     
 read in sim obs yf   277.82159869232140        277.82159895833581        277.82159869232140        277.82170569119563        277.82160077145551     
 read in sim obs yf   278.37671872531820        278.37671933952555        278.37671872531820        278.37683317084532        278.37672105169281     
 read in sim obs yf   277.93670872608743        277.93672669401468        277.93670872608743        277.93699189090341        277.93673225735989     
 read in sim obs yf   277.96749920400003        277.96751360570124        277.96749889778562        277.96769883021926        277.96751858577704     
 read in sim obs yf   278.92799605690743        278.92799963897573        278.92799570523084        278.92823808123597        278.92800253093486     
 read in sim obs yf   279.00671256966621        279.00671318603742        279.00671249885943        279.00683925729163        279.00671496451588     
 read in sim obs yf   279.24625647019866        279.24625661460692        279.24625643767240        279.24638388020975        279.24625866230070     
 read in sim obs yf   279.74674762620657        279.74674769796042        279.74674713562672        279.74699325029070        279.74675294981421     
 read in sim obs yf   280.03585447808331        280.03585513679764        280.03585374124418        280.03623509004944        280.03586762538959     
 read in sim obs yf   280.15110042504006        280.15110165418054        280.15109952132821        280.15145659009363        280.15111605855259     
 read in sim obs yf   280.18574815528780        280.18574944631325        280.18574789353136        280.18611203890748        280.18576592757728     
 read in sim obs yf   280.13321433602329        280.13321476613356        280.13321431941949        280.13350342967863        280.13322702618257     
 read in sim obs yf   280.21205493194577        280.21205602389034        280.21205493194577        280.21256400915087        280.21209040375942     
 read in sim obs yf   280.13729844468656        280.13730180593296        280.13729844468656        280.13768902231243        280.13733535333529     
 read in sim obs yf   280.79902005729866        280.79902073360165        280.79902005729866        280.79937773809456        280.79903627282101     
 read in sim obs yf   280.40397733043636        280.40398129068865        280.40397733043636        280.40427342280140        280.40399430251261     
 read in sim obs yf   280.31403790040775        280.31404371066566        280.31403790040775        280.31435306382224        280.31405525259510     
 read in sim obs yf   279.69741798265130        279.69742983165321        279.69741798265130        279.69771361209990        279.69745551795467     
 read in sim obs yf   280.40647576718476        280.40647746394319        280.40647572588290        280.40673600404807        280.40649575215645     
 read in sim obs yf   280.56972404595479        280.56972440492393        280.56972402569278        280.56995263478143        280.56974044776723     
 read in sim obs yf   279.94844016596983        279.94844516783843        279.94844016596983        279.94889450546435        279.94849670818377     
 read in sim obs yf   279.73985241250335        279.73985893085137        279.73985241250335        279.74044275718813        279.73993436787799     
 read in sim obs yf   280.24470854896708        280.24470923996654        280.24470854896708        280.24514577662984        280.24474500614656     
 read in sim obs yf   280.00540733004902        280.00541079664254        280.00540733004902        280.00599951343798        280.00546668905957     
 read in sim obs yf   279.64186492755238        279.64187299498241        279.64186492755238        279.64208657614466        279.64189224776419     
 read in sim obs yf   280.25779284749677        280.25779834603469        280.25779284122922        280.25797118932502        280.25781229344574     
 read in sim obs yf   279.83744506286075        279.83745520599189        279.83744484807642        279.83763453387348        279.83746980177818     
 read in sim obs yf   280.85462887230574        280.85463389582111        280.85462887230574        280.85475168959130        280.85464321811338     
 read in sim obs yf   281.41803209031997        281.41803181791624        281.41803049229583        281.41812671671858        281.41803955213095     
 read in sim obs yf   280.18951386757328        280.18952140424921        280.18951295001642        280.18989033716554        280.18954724490351     
 read in sim obs yf   279.76532157662950        279.76532987108101        279.76532105637637        279.76576448159699        279.76536524165039     
 read in sim obs yf   278.85431507569115        278.85432823507489        278.85431474603632        278.85459773257190        278.85434952615935     
 read in sim obs yf   279.04448438384310        279.04449391541453        279.04448412821944        279.04476640157708        279.04451679649793     
 read in sim obs yf   278.80011798539590        278.80012666641522        278.80011780072323        278.80039316735474        278.80014841188341     
 read in sim obs yf   278.37277846532180        278.37278784207581        278.37277830420715        278.37313922452279        278.37280930985895     
 read in sim obs yf   276.52477714894155        276.52480895593345        276.52477684866329        276.52501199020173        276.52480118840845     
 read in sim obs yf   276.74946541128509        276.74949335983115        276.74946541128509        276.74970101996826        276.74947818099048     
 read in sim obs yf   281.38154162060090        281.38154388860983        281.38154162060090        281.38169375930420        281.38154453423704     
 read in sim obs yf   283.32990737093093        283.32990736799860        283.32990737093093        283.32991072283386        283.32990741549901     
 read in sim obs yf   277.67986327220632        277.67986358969819        277.67986327220632        277.67999023793141        277.67986559158481     
 read in sim obs yf   278.25837690820964        278.25837746214563        278.25837690820964        278.25845995865956        278.25837866468481     
 read in sim obs yf   276.72436328249705        276.72438554177609        276.72436314678652        276.72441319438485        276.72437986720291     
 read in sim obs yf   278.04747854444423        278.04749325228454        278.04747784094513        278.04777011185905        278.04750326555416     
 read in sim obs yf   279.07278844102058        279.07278959553003        279.07278821976143        279.07299562847231        279.07279373276970     
 read in sim obs yf   278.77104580344024        278.77104596258187        278.77104577608981        278.77112789749873        278.77104723288278     
 read in sim obs yf   278.76072688147042        278.76072702681512        278.76072685547518        278.76081688820210        278.76072828702826     
 read in sim obs yf   279.28519320066476        279.28519377920486        279.28519312542761        279.28540013961958        279.28519786770255     
 read in sim obs yf   279.56346113272400        279.56346214081458        279.56346094602509        279.56374622444173        279.56346914284285     
 read in sim obs yf   279.82873020002665        279.82873053901619        279.82873005036140        279.82906239798535        279.82873801641358     
 read in sim obs yf   279.80927264144481        279.80927322576144        279.80927256875066        279.80966354837625        279.80928195419693     
 read in sim obs yf   279.77307144061348        279.77307172963816        279.77307144061348        279.77342174787708        279.77308018489316     
 read in sim obs yf   280.00246068049955        280.00246141339886        280.00246068049955        280.00286566284467        280.00247600401298     
 read in sim obs yf   279.85643660002665        279.85644078707355        279.85643660002665        279.85668685978283        279.85645387325269     
 read in sim obs yf   280.07124695321568        280.07125018587692        280.07124695321568        280.07163227845149        280.07126506657812     
 read in sim obs yf   280.27421734190187        280.27421916893292        280.27421734190187        280.27460109729020        280.27423405691019     
 read in sim obs yf   280.35134961001035        280.35135013756042        280.35134961001035        280.35155370167195        280.35135662501148     
 read in sim obs yf   280.23459016355093        280.23459106070385        280.23459016355093        280.23480625102110        280.23460220303156     
 read in sim obs yf   280.11457199183377        280.11457338361299        280.11457199183377        280.11502447638452        280.11461590928326     
 read in sim obs yf   280.27647658553667        280.27647697424328        280.27647656504598        280.27681649301570        280.27650719506869     
 read in sim obs yf   280.11640494056428        280.11640532512121        280.11640494056428        280.11677875459935        280.11643530586565     
 read in sim obs yf   280.12807363996376        280.12807396603705        280.12807363996376        280.12840896636948        280.12809954776355     
 read in sim obs yf   280.05653723303249        280.05653828416990        280.05653723303249        280.05705888212185        280.05658330289515     
 read in sim obs yf   280.16324917853467        280.16325041666113        280.16324917853467        280.16371968262746        280.16329347419696     
 read in sim obs yf   279.17572756081933        279.17573834761328        279.17572756081933        279.17597964840104        279.17576085657470     
 read in sim obs yf   280.43116324652647        280.43116761874529        280.43116324652647        280.43159411563261        280.43120355269150     
 read in sim obs yf   280.90036085207208        280.90036451165497        280.90036046530912        280.90059654288677        280.90039045776257     
 read in sim obs yf   281.49623801795411        281.49623957478946        281.49623801795411        281.49633027483668        281.49624573427150     
 read in sim obs yf   281.82433957201204        281.82433980841370        281.82433957201204        281.82436454406684        281.82434084321568     
 read in sim obs yf   280.68183216174060        280.68183682352907        280.68183068278734        280.68219402480452        280.68187899058034     
 read in sim obs yf   280.11153707156330        280.11154128589902        280.11153654810653        280.11198717014452        280.11157841653602     
 read in sim obs yf   280.17833925535143        280.17834043365542        280.17833898918599        280.17863483107868        280.17836530824604     
 read in sim obs yf   279.85114502579449        279.85114905527308        279.85114461340947        279.85154678175218        279.85118449951455     
 read in sim obs yf   279.33884370940768        279.33885030472106        279.33884347287199        279.33912131048510        279.33887381538682     
 read in sim obs yf   280.00567938290919        280.00568117738140        280.00567929612458        280.00590503195139        280.00569774790000     
 read in sim obs yf   278.24696013066637        278.24697038840480        278.24695994317148        278.24733667269834        278.24698584361374     
 read in sim obs yf   277.82696826425615        277.82698333345257        277.82696826425615        277.82730717355423        277.82698370925652     
 read in sim obs yf   278.75640466956196        278.75642221074781        278.75640466956196        278.75660665494189        278.75641062054592     
 read in sim obs yf   283.02506585094693        283.02506588881357        283.02506585094693        283.02506932996067        283.02506590470256     
 read in sim obs yf   277.18103019041087        277.18103051998219        277.18103019041087        277.18114551135324        277.18103227680734     
 read in sim obs yf   277.98159783156922        277.98159810711633        277.98159649917341        277.98169167381400        277.98159995350022     
 read in sim obs yf   278.52918739327293        278.52918907851307        278.52918733432062        278.52933171471557        278.52919142915721     
 read in sim obs yf   278.11204955995072        278.11206174295512        278.11204892889714        278.11238767345435        278.11207736938445     
 read in sim obs yf   278.22415675590372        278.22416480581188        278.22415620785546        278.22448092730184        278.22418286437522     
 read in sim obs yf   278.71003304668841        278.71003322212982        278.71003301419631        278.71013141620989        278.71003479216512     
 read in sim obs yf   278.60286020815698        278.60286033951678        278.60286018612180        278.60294288371148        278.60286149649596     
 read in sim obs yf   279.03793454398794        279.03793472449712        279.03793451089115        279.03805829516750        279.03793684965302     
 read in sim obs yf   279.30256057092527        279.30256073640413        279.30256053425592        279.30270561692612        279.30256316488885     
 read in sim obs yf   279.34742349685069        279.34742367596817        279.34742345219246        279.34761150307281        279.34742693893168     
 read in sim obs yf   279.40598459543088        279.40598477018182        279.40598458446385        279.40617916366983        279.40598846815811     
 read in sim obs yf   279.59311613515928        279.59311644716354        279.59311613515928        279.59344604497090        279.59312398502937     
 read in sim obs yf   279.98561712763063        279.98561740235345        279.98561712763063        279.98595326341621        279.98562680897453     
 read in sim obs yf   279.99944616604711        279.99944703852833        279.99944616604711        279.99981964597055        279.99945782814189     
 read in sim obs yf   280.07614829953826        280.07614915407618        280.07614829953826        280.07649818911659        280.07616072593595     
 read in sim obs yf   280.12310358582010        280.12310390574834        280.12310357002076        280.12337339246500        280.12311344369897     
 read in sim obs yf   279.99222592237663        279.99222615702109        279.99222589917309        279.99241900579722        279.99223183423805     
 read in sim obs yf   280.10262106602516        280.10262120346567        280.10262106602516        280.10281304249196        280.10262789411814     
 read in sim obs yf   280.13713437449502        280.13713456027267        280.13713437449502        280.13742374327126        280.13715162940736     
 read in sim obs yf   280.05352126005079        280.05352148790217        280.05352126005079        280.05390042644348        280.05354978035950     
 read in sim obs yf   279.99749966590679        279.99749986187334        279.99749966590679        279.99780324750765        279.99752075852325     
 read in sim obs yf   280.03292320811386        280.03292341466079        280.03292320811386        280.03323320483952        280.03294516543019     
 read in sim obs yf   280.10620542743504        280.10620589779592        280.10620542743504        280.10669894851782        280.10624715614955     
 read in sim obs yf   279.76585401203056        279.76585711838067        279.76585401203056        279.76621240958326        279.76588912084543     
 read in sim obs yf   279.69434810734361        279.69435397354692        279.69434810734361        279.69466015995744        279.69438159951596     
 read in sim obs yf   280.00542387798771        280.00543030865964        280.00542387798771        280.00565595564069        280.00545361199420     
 read in sim obs yf   279.61111278868151        279.61112204915167        279.61111248918291        279.61137634653602        279.61114422608097     
 read in sim obs yf   280.46614706891279        280.46615221294491        280.46614706891279        280.46652540671454        280.46618334999994     
 read in sim obs yf   280.13076339750967        280.13077098178854        280.13076227426598        280.13110463762632        280.13079809419060     
 read in sim obs yf   279.41076988559149        279.41078063883856        279.41076956757297        279.41096591620936        279.41079482492603     
 read in sim obs yf   280.32181717189900        280.32181982051208        280.32181665066008        280.32217357972974        280.32184927596171     
 read in sim obs yf   280.27648681367594        280.27648806688507        280.27648681367594        280.27687920197798        280.27652130750363     
 read in sim obs yf   279.63830461699990        279.63830972367828        279.63830427594530        279.63864735394213        279.63833940216273     
 read in sim obs yf   280.00693557901297        280.00693931336366        280.00693535514512        280.00738243476155        280.00697719363950     
 read in sim obs yf   278.90690079422984        278.90691095457441        278.90690075539845        278.90721596281975        278.90693376083806     
 read in sim obs yf   277.62786220672615        277.62788703313754        277.62786215645679        277.62807867299944        277.62788748823988     
 read in sim obs yf   278.70468564272301        278.70469579683243        278.70468564272301        278.70498723870452        278.70470228348131     
 read in sim obs yf   277.55825400505228        277.55828505221876        277.55825393234579        277.55838458947238        277.55826696931030     
 read in sim obs yf   280.08711349540590        280.08713004498065        280.08711349540590        280.08720165523084        280.08711732633606     
 read in sim obs yf   276.92553044438398        276.92553081039802        276.92553044438398        276.92564155817348        276.92553246103262     
 read in sim obs yf   278.08123660379437        278.08123669573547        278.08123621025169        278.08131508062814        278.08123956609813     
 read in sim obs yf   278.18497078536620        278.18497485759696        278.18497078536620        278.18519954024657        278.18498106589504     
 read in sim obs yf   278.52254753955560        278.52254779883549        278.52254751258397        278.52265231041343        278.52255011309876     
 read in sim obs yf   278.44110346571046        278.44110700979587        278.44110314735366        278.44137920317513        278.44111633210565     
 read in sim obs yf   278.48056501198266        278.48056703916700        278.48056480518909        278.48077189973952        278.48057032223358     
 read in sim obs yf   278.68761893022963        278.68761943578824        278.68761885898465        278.68777865938944        278.68762220798578     
 read in sim obs yf   278.86556280722573        278.86556295081118        278.86556277345665        278.86568737713014        278.86556488115559     
 read in sim obs yf   278.90789573463718        278.90789583731703        278.90789570800933        278.90799368403225        278.90789733953795     
 read in sim obs yf   278.85614085798653        278.85614098697977        278.85614082948302        278.85626028382649        278.85614292135028     
 read in sim obs yf   278.99354073708349        278.99354087660629        278.99354072544179        278.99368085028595        278.99354349484787     
 read in sim obs yf   279.47398178317030        279.47398202287275        279.47398178317030        279.47423756247116        279.47398821062728     
 read in sim obs yf   279.73300945702920        279.73300983921303        279.73300945702920        279.73326563305824        279.73301741373263     
 read in sim obs yf   279.83784629768672        279.83784657944597        279.83784627603831        279.83811629670743        279.83785406329406     
 read in sim obs yf   279.94332732347010        279.94332757235645        279.94332730303722        279.94361442382979        279.94333783739711     
 read in sim obs yf   279.93916523300658        279.93916537672862        279.93916521276628        279.93937932635697        279.93917225902055     
 read in sim obs yf   279.75732573512158        279.75732586128822        279.75732572265656        279.75747918261402        279.75732988280657     
 read in sim obs yf   279.86640962678683        279.86640975616535        279.86640961918670        279.86663624261337        279.86641761093654     
 read in sim obs yf   279.87557000761819        279.87557015887234        279.87557000761819        279.87581833027696        279.87557854626323     
 read in sim obs yf   279.89330082836256        279.89330101203586        279.89330082836256        279.89355759013347        279.89331520250624     
 read in sim obs yf   279.93794259824915        279.93794273833464        279.93794259824915        279.93815332170135        279.93795557718943     
 read in sim obs yf   279.95538939950177        279.95538962428253        279.95538939950177        279.95572648688153        279.95541059837228     
 read in sim obs yf   279.98518171753398        279.98518234261871        279.98518171753398        279.98561157973069        279.98521299846738     
 read in sim obs yf   279.94164116063126        279.94164353199557        279.94164116063126        279.94216375300851        279.94169587913370     
 read in sim obs yf   279.78082606941501        279.78083092422031        279.78082606941501        279.78124602867456        279.78087913314602     
 read in sim obs yf   279.62321930609937        279.62322617677273        279.62321930609937        279.62358381940891        279.62326759087154     
 read in sim obs yf   279.85026942719003        279.85027586734333        279.85026896077358        279.85063786746599        279.85032675136904     
 read in sim obs yf   278.54370157058531        278.54371858886458        278.54370135256664        278.54385661690156        278.54373015838706     
 read in sim obs yf   279.58698804361353        279.58699806729743        279.58698773063958        279.58718891030452        279.58701548481622     
 read in sim obs yf   279.32316406790665        279.32317341179680        279.32316392011057        279.32340532050165        279.32319579861462     
 read in sim obs yf   279.84738895693340        279.84739336336349        279.84738872258697        279.84762191886932        279.84741645974509     
 read in sim obs yf   278.42780827615672        278.42782081477122        278.42780827615672        278.42796424468060        278.42783608584028     
 read in sim obs yf   279.00306114067496        279.00306912671221        279.00306092078910        279.00334357785908        279.00309425510648     
 read in sim obs yf   280.09796568948093        280.09796744420140        280.09796568948093        280.09841849601122        280.09800176311029     
 read in sim obs yf   279.27301482417778        279.27301864779304        279.27301482417778        279.27348991397162        279.27305095143282     
 read in sim obs yf   278.88052857330121        278.88053469770443        278.88052857274408        278.88092314248490        278.88055269068423     
 read in sim obs yf   278.72242080123368        278.72242948297634        278.72242080123368        278.72279599282740        278.72243829610477     
 read in sim obs yf   278.89534463441493        278.89536408074656        278.89534452580466        278.89550588498145        278.89535789674500     
 read in sim obs yf   278.63887070660110        278.63889296767235        278.63887070660110        278.63907849589981        278.63887917553421     
 read in sim obs yf   276.69093457821378        276.69093491064962        276.69093457821378        276.69102227809890        276.69093609283448     
 read in sim obs yf   277.80218666018817        277.80218681834674        277.80218666018817        277.80223674365027        277.80218771912911     
 read in sim obs yf   278.07443737484806        278.07443761401169        278.07443737484806        278.07451322723671        278.07443916666620     
 read in sim obs yf   278.30023122157826        278.30023151143894        278.30023119772034        278.30031769657137        278.30023328866497     
 read in sim obs yf   278.64224357787771        278.64224384887279        278.64224353413584        278.64233899856515        278.64224605856793     
 read in sim obs yf   278.43249347456765        278.43249365624018        278.43249343589679        278.43259289882951        278.43249545023656     
 read in sim obs yf   278.63791372772693        278.63791403655279        278.63791366230714        278.63805765489951        278.63791681704419     
 read in sim obs yf   278.67582562014519        278.67582574615892        278.67582558100116        278.67594202717726        278.67582754755091     
 read in sim obs yf   278.59449305833260        278.59449316175403        278.59449302249192        278.59459941257586        278.59449483400823     
 read in sim obs yf   278.68262512218843        278.68262522990642        278.68262508718527        278.68273588644655        278.68262719502860     
 read in sim obs yf   279.11989915331668        279.11989930156989        279.11989910873837        279.12006699491701        279.11990353366775     
 read in sim obs yf   279.62247868550708        279.62247888762658        279.62247865024216        279.62271037613220        279.62248696303425     
 read in sim obs yf   279.66614042989374        279.66614057513391        279.66614037877008        279.66635990289643        279.66614615831884     
 read in sim obs yf   279.63205991816250        279.63206005808723        279.63205986686199        279.63225463118323        279.63206479299754     
 read in sim obs yf   279.76536983957300        279.76537012009777        279.76536981601771        279.76560879540199        279.76537907546583     
 read in sim obs yf   279.80138686390507        279.80138697626137        279.80138683821184        279.80156944110399        279.80139230306452     
 read in sim obs yf   279.49492835622192        279.49492846603647        279.49492833667750        279.49508778890453        279.49493218113992     
 read in sim obs yf   279.57268740956908        279.57268754028598        279.57268738218318        279.57292348266947        279.57269538084529     
 read in sim obs yf   279.63111159377092        279.63111174784797        279.63111158198194        279.63138028052464        279.63112041961398     
 read in sim obs yf   279.73333729398774        279.73333744257832        279.73333729398576        279.73360654717334        279.73334847686368     
 read in sim obs yf   279.79432817484394        279.79432833903860        279.79432817484394        279.79462429737595        279.79434699942180     
 read in sim obs yf   279.83101544399585        279.83101564155163        279.83101544399585        279.83132949389739        279.83103456130550     
 read in sim obs yf   279.89724313913644        279.89724366680866        279.89724313913644        279.89758754274578        279.89726549256926     
 read in sim obs yf   279.72667224736193        279.72667547865905        279.72667224736193        279.72720857747282        279.72673937546568     
 read in sim obs yf   280.22426709677319        280.22426784961954        280.22426709677319        280.22469513674673        280.22430024947596     
 read in sim obs yf   280.37115335761479        280.37115419707800        280.37115335761479        280.37153682574234        280.37118633320961     
 read in sim obs yf   279.97329751584113        279.97330233935094        279.97329725756572        279.97369926935693        279.97335772550730     
 read in sim obs yf   278.69291216282011        278.69292520668063        278.69291209877423        278.69307503712309        278.69294277740624     
 read in sim obs yf   279.06781420890258        279.06782496806176        279.06781415054689        279.06799930688840        279.06784352122469     
 read in sim obs yf   280.02783271824597        280.02783819345387        280.02783265825707        280.02799471684528        280.02785707891434     
 read in sim obs yf   280.09346737310489        280.09347140137504        280.09346729565345        280.09357995934744        280.09348284740003     
 read in sim obs yf   278.84561810734363        278.84562634405478        278.84561800327162        278.84581046840646        278.84564540789535     
 read in sim obs yf   279.31771417181290        279.31772081092402        279.31771406472922        279.31794305909654        279.31773986661170     
 read in sim obs yf   279.19508600691580        279.19509391277057        279.19508600691580        279.19543667837627        279.19511688614534     
 read in sim obs yf   277.57489835025910        277.57492536029383        277.57489832787547        277.57512166828838        277.57492479583777     
 read in sim obs yf   278.62336823270687        278.62338308829351        278.62336818497084        278.62363354304210        278.62338771490738     
 read in sim obs yf   278.53633162884495        278.53634581286343        278.53633155037278        278.53663098108268        278.53635088897977     
 read in sim obs yf   278.35080416582468        278.35082387306562        278.35080416582468        278.35102401446449        278.35082235860290     
 read in sim obs yf   278.40191995168112        278.40193678669641        278.40191978992510        278.40226302232105        278.40193198133835     
 read in sim obs yf   276.86909959701535        276.86909987867853        276.86909957972682        276.86917110082913        276.86910108696179     
 read in sim obs yf   277.72308522369383        277.72308535782037        277.72308522369383        277.72312693770971        277.72308623547184     
 read in sim obs yf   277.84109664028369        277.84109684466836        277.84109664028369        277.84117511384409        277.84109843482480     
 read in sim obs yf   277.94118630727053        277.94118648531435        277.94118628905431        277.94126467443846        277.94118790141158     
 read in sim obs yf   278.03079172945149        278.03079187320742        278.03079170271661        278.03086190021691        278.03079311159422     
 read in sim obs yf   278.13765344726875        278.13765361944326        278.13765340995661        278.13772794701197        278.13765500073129     
 read in sim obs yf   278.49216516332064        278.49216542948864        278.49216508601688        278.49228760867766        278.49216794457868     
 read in sim obs yf   278.40311943541178        278.40311953380598        278.40311940145034        278.40319915731124        278.40312087657679     
 read in sim obs yf   278.35881945885694        278.35881955754814        278.35881941793161        278.35891143829224        278.35882120115065     
 read in sim obs yf   278.62065531238034        278.62065541304634        278.62065526257692        278.62076258015981        278.62065775280576     
 read in sim obs yf   279.17817507608549        279.17817519511988        279.17817496731089        279.17835022171533        279.17818128950296     
 read in sim obs yf   279.41602345136459        279.41602362230577        279.41602335301076        279.41620519465488        279.41602989396932     
 read in sim obs yf   279.44102831303536        279.44102840567427        279.44102824235381        279.44117350780817        279.44103187590031     
 read in sim obs yf   279.51369970967767        279.51369983477929        279.51369958225041        279.51391179948331        279.51370660627788     
 read in sim obs yf   279.63292978932503        279.63292991464107        279.63292968835020        279.63315393765083        279.63293770217172     
 read in sim obs yf   279.58614722573594        279.58614731997932        279.58614718254699        279.58632302565366        279.58615249464623     
 read in sim obs yf   279.37365458711463        279.37365470923521        279.37365455489396        279.37387911119288        279.37364933494945     
 read in sim obs yf   279.49197354430208        279.49197364609398        279.49197349063007        279.49227332619211        279.49198423717047     
 read in sim obs yf   279.49301041653894        279.49301056613689        279.49301036997747        279.49339863267369        279.49303142007199     
 read in sim obs yf   279.53257934790707        279.53257953788778        279.53257933271817        279.53305405016732        279.53261434806461     
 read in sim obs yf   279.63873275565754        279.63873292163743        279.63873275565754        279.63907568079566        279.63875550988456     
 read in sim obs yf   279.71752704198076        279.71752723331201        279.71752704198076        279.71780214587756        279.71754442755395     
 read in sim obs yf   279.82653739899018        279.82653763591281        279.82653739899018        279.82683436501185        279.82655349939449     
 read in sim obs yf   279.74219863680884        279.74219976972967        279.74219863680884        279.74256180494456        279.74222162264192     
 read in sim obs yf   279.71301191171307        279.71301476580709        279.71301191171307        279.71341342883829        279.71304735124983     
 read in sim obs yf   279.02245037505537        279.02245627254229        279.02245037505537        279.02264409657164        279.02248168816783     
 read in sim obs yf   279.71532319556400        279.71532713773053        279.71532319556400        279.71561297575226        279.71536793326777     
 read in sim obs yf   280.19433461700140        280.19433729738631        280.19433461700140        280.19477353788767        280.19438870269630     
 read in sim obs yf   279.42487387230881        279.42487977507074        279.42487374063330        279.42503930343048        279.42490799550404     
 read in sim obs yf   277.40289881931534        277.40291418239394        277.40289881977168        277.40269161744368        277.40289829351212     
 read in sim obs yf   280.32220325600741        280.32220599414507        280.32220325043983        280.32218369260437        280.32220483171091     
 read in sim obs yf   280.54851134412814        280.54851315708152        280.54851133302134        280.54852507930195        280.54851422941113     
 read in sim obs yf   278.70454599750246        278.70455627599517        278.70454599750246        278.70447144775619        278.70454907032610     
 read in sim obs yf   279.40889918428564        279.40890890144129        279.40889918428564        279.40895412370179        279.40890652714461     
 read in sim obs yf   278.88762694692736        278.88763986936164        278.88762686378556        278.88769900429901        278.88763429730170     
 read in sim obs yf   281.23617812576612        281.23618085780282        281.23617808929555        281.23621190966895        281.23618026057767     
 read in sim obs yf   280.33461035406390        280.33461553251249        280.33461027787308        280.33469218277918        280.33461584276642     
 read in sim obs yf   279.77908188011958        279.77908848474453        279.77908179723954        279.77917749912194        279.77909086910250     
 read in sim obs yf   279.44567011196318        279.44567625155793        279.44567003398402        279.44587919892916        279.44568500829553     
 read in sim obs yf   278.02209187101676        278.02209389347615        278.02209164192129        278.02220122212231        278.02210511015295     
 read in sim obs yf   278.09770452283112        278.09770534705609        278.09770452283112        278.09783971038564        278.09771116005038     
 read in sim obs yf   277.71710996356228        277.71711017068111        277.71710996356228        277.71720379264451        277.71711210075534     
 read in sim obs yf   277.34245483307166        277.34245498156969        277.34245481324365        277.34252239200100        277.34245595671820     
 read in sim obs yf   277.56085229752881        277.56085245245185        277.56085226946459        277.56089897994036        277.56085313945272     
 read in sim obs yf   278.19766375783371        278.19766530764457        278.19766334696777        278.19785699830578        278.19767543604689     
 read in sim obs yf   278.57948235115180        278.57948253055878        278.57948227879848        278.57959665866741        278.57948569051337     
 read in sim obs yf   278.09216173192829        278.09216184294132        278.09216169602706        278.09222939724151        278.09216297784792     
 read in sim obs yf   278.08563924067084        278.08563933898569        278.08563920755125        278.08570172666970        278.08564044120226     
 read in sim obs yf   278.34618634086195        278.34618646111130        278.34618628658387        278.34628278663683        278.34618860128188     
 read in sim obs yf   278.81332126951850        278.81332145136724        278.81332113421712        278.81348816083062        278.81332743366738     
 read in sim obs yf   278.94399325172662        278.94399345860990        278.94399312754746        278.94415637665367        278.94399848574022     
 read in sim obs yf   279.06223782674215        279.06223794453911        279.06223773541888        279.06237678280564        279.06224121712620     
 read in sim obs yf   279.31468720552607        279.31468732228535        279.31468706363029        279.31489084224285        279.31469347899014     
 read in sim obs yf   279.33696529243116        279.33696540374490        279.33696519834359        279.33714610838763        279.33697084580422     
 read in sim obs yf   279.25865187608036        279.25865201863803        279.25865183333974        279.25884552341557        279.25865725783842     
 read in sim obs yf   279.28911232468653        279.28911243460141        279.28911225024348        279.28935721122491        279.28911965146949     
 read in sim obs yf   279.26786760523589        279.26786776896046        279.26786754937888        279.26813491393796        279.26787797969229     
 read in sim obs yf   279.28487787559192        279.28487802140842        279.28487783626014        279.28519615400410        279.28489053926876     
 read in sim obs yf   279.32137820509314        279.32137839805068        279.32137818110903        279.32183071276597        279.32141162910443     
 read in sim obs yf   279.38252392905923        279.38252413042835        279.38252392905923        279.38293653862115        279.38255309970873     
 read in sim obs yf   279.50686108595414        279.50686141186918        279.50686108595414        279.50726117087237        279.50688834812865     
 read in sim obs yf   279.56084198437628        279.56084228303695        279.56084198437628        279.56110153852012        279.56085519781914     
 read in sim obs yf   279.70417377625029        279.70417400405375        279.70417377625029        279.70437216956509        279.70418141372085     
 read in sim obs yf   279.72603091459086        279.72603283760452        279.72603091459086        279.72640891639594        279.72605904748877     
 read in sim obs yf   279.54916924875494        279.54917285949563        279.54916924875494        279.54943100813631        279.54920730764701     
 read in sim obs yf   280.25598563029962        280.25598705926416        280.25598563029962        280.25642653612249        280.25602892454452     
 read in sim obs yf   280.28399243386400        280.28399410131357        280.28399243386400        280.28444077618059        280.28403829495630     
 read in sim obs yf   280.38228301852615        280.38228485975395        280.38228289925758        280.38261182482057        280.38231798927461     
 read in sim obs yf   279.02673138082162        279.02673990574669        279.02673130870613        279.02679180338924        279.02675389201903     
 read in sim obs yf   278.29783759831201        278.29784665739265        278.29783759392228        278.29771124723345        278.29783895910242     
 read in sim obs yf   277.48363816470919        277.48365122035602        277.48363816664300        277.48345141731340        277.48363747494591     
 read in sim obs yf   279.24061834155935        279.24062700180781        279.24061834155935        279.24056193224590        279.24062070152263     
 read in sim obs yf   279.82771202636064        279.82772204136762        279.82771202636064        279.82767206572322        279.82771329434388     
 read in sim obs yf   280.07539098502360        280.07539936830113        280.07539094908003        280.07542203998048        280.07539417050293     
 read in sim obs yf   281.24978660167972        281.24978957670976        281.24978660167972        281.24982857957605        281.24978841575745     
 read in sim obs yf   278.01552322612093        278.01554242132835        278.01552322612093        278.01548226909853        278.01550473404757     
 read in sim obs yf   280.15423568388354        280.15423938457877        280.15423564746311        280.15432361284115        280.15424455928178     
 read in sim obs yf   280.57286299440426        280.57286460311559        280.57286299440426        280.57296732453608        280.57281611463799     
 read in sim obs yf   276.41364821762164        276.41365959966373        276.41364815421838        276.41356983605209        276.41365426608371     
 read in sim obs yf   277.44207637220319        277.44208402666237        277.44207637220319        277.44237520152410        277.44211528983050     
 read in sim obs yf   277.48624151580890        277.48624169322443        277.48624149475717        277.48631090379291        277.48624310361487     
 read in sim obs yf   277.31300493986413        277.31300509836512        277.31300491249817        277.31306685956588        277.31300616403649     
 read in sim obs yf   277.81202237998343        277.81202276583014        277.81202232253003        277.81209673506009        277.81202503494870     
 read in sim obs yf   277.95681699773974        277.95681923318068        277.95681654982036        277.95704316919995        277.95684146888112     
 read in sim obs yf   278.25345773734136        278.25345789817897        278.25345765707561        278.25355771764254        278.25346071990987     
 read in sim obs yf   277.55117473191729        277.55117488394342        277.55117469615737        277.55122655383707        277.55117580469846     
 read in sim obs yf   277.59543327611834        277.59543340871068        277.59543324414284        277.59548515613699        277.59543432346823     
 read in sim obs yf   277.91531019606964        277.91531035897481        277.91531015125474        277.91538465169515        277.91531207360151     
 read in sim obs yf   278.07664692838557        278.07664776330864        278.07664687384965        278.07681170097612        278.07665443483830     
 read in sim obs yf   278.48312265331026        278.48312290075143        278.48312256987180        278.48324462540853        278.48312650750978     
 read in sim obs yf   278.52691871285742        278.52691883645645        278.52691864166712        278.52702298714593        278.52692111508378     
 read in sim obs yf   278.64424368550635        278.64424383980372        278.64424359532404        278.64437510062623        278.64424710907468     
 read in sim obs yf   278.77390563875286        278.77390578553860        278.77390551637887        278.77407925503201        278.77391007784524     
 read in sim obs yf   278.81154184707987        278.81154207265212        278.81154174782023        278.81176914101229        278.81154754390514     
 read in sim obs yf   278.82696385319156        278.82696415401580        278.82696373604676        278.82727689530850        278.82697358974957     
 read in sim obs yf   278.92093362115219        278.92093380071333        278.92093355261017        278.92121420851669        278.92094349783349     
 read in sim obs yf   278.95526312616209        278.95526330311571        278.95526308249538        278.95555784328735        278.95527600187995     
 read in sim obs yf   279.07179700604144        279.07179727274314        279.07179699981509        279.07228020186392        279.07183151538209     
 read in sim obs yf   279.25060869218203        279.25060884433520        279.25060869218203        279.25099616336803        279.25063716369232     
 read in sim obs yf   279.40584556321221        279.40584585725037        279.40584556321221        279.40627815391088        279.40587602548015     
 read in sim obs yf   279.51043940680637        279.51043998151403        279.51043940680637        279.51077083998052        279.51045912199652     
 read in sim obs yf   279.73245857963383        279.73245892281039        279.73245857963383        279.73275567073949        279.73247093790593     
 read in sim obs yf   279.66387033984546        279.66387260927678        279.66387029579045        279.66428004005547        279.66390006684713     
 read in sim obs yf   279.77781850184942        279.77782135417647        279.77781849869689        279.77826092896407        279.77786331191407     
 read in sim obs yf   280.19619643967343        280.19619801220898        280.19619643967343        280.19650435799321        280.19622187315525     
 read in sim obs yf   280.26384491809404        280.26384647891342        280.26384482664366        280.26411966294137        280.26386499806603     
 read in sim obs yf   280.29821833558384        280.29822046933884        280.29821833558384        280.29839911183888        280.29822983312260     
 read in sim obs yf   277.40089674471432        277.40091452902720        277.40089674471432        277.40068864674947        277.40089652200817     
 read in sim obs yf   278.47304991796784        278.47306210885694        278.47304991796784        278.47303819192405        278.47306498866470     
 read in sim obs yf   276.97781149183572        276.97782852771940        276.97781149666332        276.97757244553890        276.97780988718068     
 read in sim obs yf   277.29251339357296        277.29252859855922        277.29251339091110        277.29233079011794        277.29251410364344     
 read in sim obs yf   276.49352255662103        276.49354757147569        276.49352253608816        276.49336384876131        276.49352426647391     
 read in sim obs yf   277.97170498000946        277.97172345569868        277.97170498000946        277.97160246544422        277.97170499614754     
 read in sim obs yf   279.61236619334034        279.61237535782777        279.61236619334034        279.61247520640649        279.61237120107404     
 read in sim obs yf   279.35934024379685        279.35935047798091        279.35934006986304        279.35944250750777        279.35934697635400     
 read in sim obs yf   279.10491732035837        279.10492602058906        279.10491726277792        279.10506385430187        279.10492976352253     
 read in sim obs yf   280.78602234392059        280.78602551978412        280.78602234392059        280.78611915967298        280.78603138149458     
 read in sim obs yf   275.25584552868850        275.25585933949407        275.25584540485534        275.25577253146525        275.25585455451596     
 read in sim obs yf   276.73163877538508        276.73164834703721        276.73163854342107        276.73182243469302        276.73166491907847     
 read in sim obs yf   277.78158000688921        277.78158027384370        277.78157996374460        277.78166903869209        277.78158390496452     
 read in sim obs yf   277.80144050970790        277.80144076963478        277.80144046621376        277.80151940711573        277.80144371334404     
 read in sim obs yf   277.68088331230240        277.68088504324447        277.68088311382428        277.68101211102118        277.68089183056730     
 read in sim obs yf   277.48147382674603        277.48147597209959        277.48147353585335        277.48164419780767        277.48149714875973     
 read in sim obs yf   277.99937790890613        277.99937813835948        277.99937775585516        277.99949447144888        277.99938237232465     
 read in sim obs yf   277.47225390910694        277.47225406938014        277.47225385498729        277.47231405035046        277.47225523239018     
 read in sim obs yf   277.30228633441567        277.30228647770440        277.30228629096445        277.30234858667370        277.30228751469531     
 read in sim obs yf   277.65925693313102        277.65925708812097        277.65925687842139        277.65932893618526        277.65925907331524     
 read in sim obs yf   277.96783695983044        277.96783725489757        277.96783689390639        277.96793789416012        277.96784055654433     
 read in sim obs yf   277.87580848737707        277.87580895054498        277.87580847280287        277.87586940410165        277.87581034182199     
 read in sim obs yf   277.82107069662806        277.82107089569416        277.82107066844816        277.82113483862531        277.82107215942960     
 read in sim obs yf   277.93422003185077        277.93422016408385        277.93422000023708        277.93429269715051        277.93422153657667     
 read in sim obs yf   278.28717661350839        278.28717673104131        278.28717655694930        278.28727962364832        278.28717893441649     
 read in sim obs yf   278.43043133346271        278.43043148856378        278.43043193830619        278.43062885870825        278.43043731485892     
 read in sim obs yf   278.55687736029256        278.55687754066469        278.55687729171279        278.55713729542271        278.55688481408930     
 read in sim obs yf   278.80299510313552        278.80299526729294        278.80299505653244        278.80326170429089        278.80300390909957     
 read in sim obs yf   278.96167420680445        278.96167434608213        278.96167418257056        278.96189628021608        278.96168497683828     
 read in sim obs yf   279.22313649945960        279.22313661134439        279.22313649945960        279.22343921056836        279.22315680254923     
 read in sim obs yf   279.41182566894076        279.41182572331155        279.41182566894076        279.41204568475814        279.41184109139277     
 read in sim obs yf   279.60303211029344        279.60303217780063        279.60303211029344        279.60318230551127        279.60304129951476     
 read in sim obs yf   279.80518775327664        279.80518801520049        279.80518775327664        279.80542938521637        279.80520199004212     
 read in sim obs yf   279.90068419944362        279.90068482037071        279.90068418348397        279.90097356988935        279.90070330978909     
 read in sim obs yf   279.96568436551445        279.96568516891602        279.96568433548248        279.96590242358843        279.96569554900327     
 read in sim obs yf   280.17766631740358        280.17766687481532        280.17766628902132        280.17786729167835        280.17767697445356     
 read in sim obs yf   280.33706261844907        280.33706318067493        280.33706259621908        280.33724684945071        280.33707271788217     
 read in sim obs yf   280.20541433176413        280.20541653513305        280.20541425615170        280.20558023231263        280.20542656641885     
 read in sim obs yf   278.25560163639307        278.25561826751004        278.25560163639307        278.25549429897330        278.25562059194039     
 read in sim obs yf   277.73083507135783        277.73085322915603        277.73083507135783        277.73065179120982        277.73084196828734     
 read in sim obs yf   279.87552273174254        279.87553095755567        279.87552273174254        279.87564889559411        279.87553704837882     
 read in sim obs yf   277.24446954379931        277.24448918554327        277.24446954379931        277.24425240278873        277.24446950227656     
 read in sim obs yf   277.08590574597537        277.08592424975410        277.08590574711673        277.08568341770791        277.08590535193775     
 read in sim obs yf   277.25886673104054        277.25888496659746        277.25886670016013        277.25874196796298        277.25887007076119     
 read in sim obs yf   278.64932871986008        278.64934112579533        278.64932871986008        278.64935889524730        278.64933460689917     
 read in sim obs yf   278.80802166911201        278.80803344397827        278.80802141226144        278.80814771643458        278.80803044818703     
 read in sim obs yf   279.53773405247182        279.53774153216926        279.53773389589236        279.53790828080332        279.53774484578076     
 read in sim obs yf   277.64544826914499        277.64546702603053        277.64544818223249        277.64552198008693        277.64545996048747     
 read in sim obs yf   278.90913190267992        278.90914204756160        278.90913182977090        278.90931691721670        278.90914794132163     
 read in sim obs yf   275.92317430133522        275.92317726016279        275.92317400456517        275.92343054470939        275.92320468663070     
 read in sim obs yf   277.09310519336429        277.09310587022611        277.09310508057717        277.09323296701314        277.09311499397188     
 read in sim obs yf   277.61295638219821        277.61295669414903        277.61295632780832        277.61305310951167        277.61296108044002     
 read in sim obs yf   277.51624684747571        277.51624720414725        277.51624679086234        277.51633940603892        277.51625043549001     
 read in sim obs yf   277.42774214355387        277.42774238182625        277.42774209061207        277.42782207560771        277.42774493672596     
 read in sim obs yf   277.46609052022131        277.46609087699431        277.46609040954900        277.46620469220466        277.46609563248728     
 read in sim obs yf   277.69404756208718        277.69404779203842        277.69404740722291        277.69414372589591        277.69405097113622     
 read in sim obs yf   277.40882253111096        277.40882270306571        277.40882245735878        277.40888308335974        277.40882414492171     
 read in sim obs yf   277.29143330572214        277.29143351376177        277.29143323372648        277.29150247849941        277.29143553189112     
 read in sim obs yf   277.42842136106287        277.42842153357742        277.42842128792358        277.42850279251689        277.42842427385693     
 read in sim obs yf   277.53076381814640        277.53076395555638        277.53076376363634        277.53083005941738        277.53076603327628     
 read in sim obs yf   277.35929373416224        277.35929401686400        277.35929371996389        277.35934980717241        277.35929529988368     
 read in sim obs yf   277.30258123862734        277.30258138609202        277.30258122121330        277.30263237551759        277.30258233788521     
 read in sim obs yf   277.67498606473049        277.67498619473719        277.67498603731497        277.67504743574199        277.67498730671497     
 read in sim obs yf   278.15469484164464        278.15469495233430        278.15469481216650        278.15477883403059        278.15469691919407     
 read in sim obs yf   278.42433346550314        278.42433358624862        278.42433343141448        278.42447555149914        278.42433804604849     
 read in sim obs yf   278.65848118973537        278.65848129632934        278.65848115646708        278.65866991723811        278.65848675079855     
 read in sim obs yf   278.91836162997930        278.91836172390452        278.91836160442625        278.91853406621817        278.91836701910711     
 read in sim obs yf   279.03767253632719        279.03767263001907        279.03767252372245        279.03782413116465        279.03767858522036     
 read in sim obs yf   279.18292311100612        279.18292317551334        279.18292310956218        279.18308692310239        279.18293164439206     
 read in sim obs yf   279.30658909622446        279.30658914537099        279.30658909622446        279.30676054102071        279.30659844923008     
 read in sim obs yf   279.56388734093696        279.56388741545067        279.56388734056998        279.56405503225346        279.56388372213559     
 read in sim obs yf   279.77016860129470        279.77016874676599        279.77016859313756        279.77034359362221        279.77017827207106     
 read in sim obs yf   279.90190732572819        279.90190760309270        279.90190730842750        279.90211429150986        279.90191905465764     
 read in sim obs yf   280.01039292751773        280.01039308145590        280.01039291335002        280.01054298138206        280.01040210912640     
 read in sim obs yf   280.03640799506297        280.03640868783947        280.03640794505338        280.03658821076743        280.03641904602216     
 read in sim obs yf   279.94093483400718        279.94093791818329        279.94093471888704        279.94113805204637        279.94095471576463     
 read in sim obs yf   279.75456521871422        279.75457146993648        279.75456500732815        279.75476307133471        279.75459762634824     
 read in sim obs yf   280.65303615948682        280.65303671224871        280.65303613526748        280.65315687525884        280.65304171204536     
 read in sim obs yf   278.20203338498317        278.20204677634695        278.20203335342757        278.20194566932275        278.20204473908490     
 read in sim obs yf   280.07920554433093        280.07921132955448        280.07920547948794        280.07935246190857        280.07922104425040     
 read in sim obs yf   279.42208280446994        279.42209554881492        279.42208264221631        279.42225848949658        279.42212514740407     
 read in sim obs yf   280.08740253687546        280.08740943517404        280.08740229820376        280.08771641490858        280.08744762739815     
 read in sim obs yf   278.56340679031058        278.56341784287537        278.56340674550023        278.56341582662276        278.56341666754111     
 read in sim obs yf   280.00651061779746        280.00651521988971        280.00651061779746        280.00661874187961        280.00652007600746     
 read in sim obs yf   278.35015441465856        278.35016661935714        278.35015441465856        278.35027522607123        278.35016767847702     
 read in sim obs yf   277.77404598632722        277.77406188634154        277.77404588894922        277.77413925172135        277.77405914958092     
 read in sim obs yf   276.70407697990731        276.70410082876390        276.70407689298236        276.70409878226548        276.70408948118074     
 read in sim obs yf   279.19088226042300        279.19088931622264        279.19088203264482        279.19118640997590        279.19090621797056     
 read in sim obs yf   276.09755573556720        276.09755711437617        276.09755361210875        276.09785073274247        276.09759389840258     
 read in sim obs yf   276.81673168085359        276.81673206206830        276.81673157056156        276.81684023153173        276.81673903438991     
 read in sim obs yf   276.98324042201375        276.98324087858907        276.98324034546408        276.98332607465193        276.98324375199633     
 read in sim obs yf   276.84488039333417        276.84488062676888        276.84488035125770        276.84495162522933        276.84488239991782     
 read in sim obs yf   276.70894606547671        276.70894629802405        276.70894602942019        276.70900529719438        276.70894800347003     
 read in sim obs yf   276.92567038170614        276.92567057533768        276.92567030367280        276.92574221196946        276.92567293630407     
 read in sim obs yf   277.10849701401060        277.10849729704000        277.10849680581555        277.10858490170438        277.10850084353831     
 read in sim obs yf   276.96982836833314        276.96982875506080        276.96982824144698        276.96991050964840        276.96983181706594     
 read in sim obs yf   277.24479695470467        277.24479711785909        277.24479681938823        277.24488959108226        277.24480051633969     
 read in sim obs yf   276.97558786878852        276.97558796058235        276.97558781591647        276.97565444274517        276.97558976596895     
 read in sim obs yf   276.82501828903668        276.82501837320245        276.82501826007012        276.82506509107452        276.82501960650438     
 read in sim obs yf   277.07787087493176        277.07787097266913        277.07787085010904        277.07792167385662        277.07787231001799     
 read in sim obs yf   277.24464604283611        277.24464613250370        277.24464602200618        277.24469504370597        277.24464729371590     
 read in sim obs yf   277.64779048983678        277.64779058702237        277.64779045881937        277.64785679534589        277.64779226767263     
 read in sim obs yf   277.94109454054865        277.94109463180138        277.94109451485957        277.94117245457011        277.94109659905519     
 read in sim obs yf   278.33946669253362        278.33946676811388        278.33946667228952        278.33956077801054        278.33946972220087     
 read in sim obs yf   278.68820052572238        278.68820062047689        278.68820050718358        278.68833426467836        278.68820485272943     
 read in sim obs yf   278.86627921412639        278.86627930492813        278.86627919075300        278.86643089120668        278.86628388893740     
 read in sim obs yf   279.02448369690552        279.02448377677507        279.02448367166301        279.02467730664154        279.02449220665341     
 read in sim obs yf   279.01671730899102        279.01671736648342        279.01671730017648        279.01690600387116        279.01672726828963     
 read in sim obs yf   278.91959803544631        278.91959809351442        278.91959803129328        278.91973683088230        278.91960511062348     
 read in sim obs yf   279.28130341406398        279.28130347678734        279.28130340447746        279.28145119522549        279.28131124451795     
 read in sim obs yf   279.66761041816784        279.66761048166870        279.66761040680069        279.66776458156374        279.66761908796093     
 read in sim obs yf   279.73210523200453        279.73210535231061        279.73210521953547        279.73225688416835        279.73211332289168     
 read in sim obs yf   279.83554807619066        279.83554835649346        279.83554805155927        279.83571428385699        279.83555829730483     
 read in sim obs yf   280.05497350179309        280.05497389342088        280.05497346126629        280.05511059181532        280.05498135924199     
 read in sim obs yf   278.91673380848340        278.91674004289746        278.91673374903570        278.91679004564946        278.91674663381627     
 read in sim obs yf   280.30659038453109        280.30659200307684        280.30659024953241        280.30680036701057        280.30661668374842     
 read in sim obs yf   280.08202871010144        280.08203265728179        280.08202850618017        280.08234132760509        280.08208085327550     
 read in sim obs yf   280.46889110798577        280.46889307158750        280.46889100486493        280.46912300086689        280.46891574092325     
 read in sim obs yf   280.48736427290982        280.48736645320315        280.48736418125873        280.48758620254404        280.48738344579061     
 read in sim obs yf   280.78675580430030        280.78675636748540        280.78675580430030        280.78692065645316        280.78676433998811     
 read in sim obs yf   280.55057914045233        280.55058139159274        280.55057914045233        280.55083441226168        280.55060074520372     
 read in sim obs yf   278.09772642531124        278.09773885608308        278.09772638104084        278.09766109003994        278.09773332231265     
 read in sim obs yf   279.90169869429315        279.90170223801425        279.90169869429315        279.90183234103097        279.90171213834299     
 read in sim obs yf   279.19108261303387        279.19108915602396        279.19108261303387        279.19128474360070        279.19110082286255     
 read in sim obs yf   278.66051530739225        278.66052491076590        278.66051512919654        278.66067930082852        278.66053219307412     
 read in sim obs yf   278.55597809537159        278.55598902211733        278.55597797702251        278.55615830332783        278.55599705263643     
 read in sim obs yf   279.04721188123926        279.04721903840522        279.04721176709199        279.04747276219155        279.04723294511808     
 read in sim obs yf   276.09579179619271        276.09579329060182        276.09579151203803        276.09628899068429        276.09584023550195     
 read in sim obs yf   276.63516150691862        276.63516188322336        276.63516119522092        276.63532746982156        276.63517626347596     
 read in sim obs yf   276.39165979426099        276.39166003849198        276.39165973455260        276.39173895186661        276.39166216876743     
 read in sim obs yf   276.22822887244331        276.22822912253486        276.22822883531023        276.22829048545310        276.22823066694002     
 read in sim obs yf   276.13331756594692        276.13331774811274        276.13331753792806        276.13336474111088        276.13331889239083     
 read in sim obs yf   276.47359285892333        276.47359302093435        276.47359274553526        276.47365402299585        276.47359528352609     
 read in sim obs yf   276.97837580330730        276.97837587756857        276.97837508641834        276.97848732832682        276.97838303724177     
 read in sim obs yf   276.77934487980508        276.77934501351774        276.77934466737219        276.77942622514314        276.77934776654166     
 read in sim obs yf   276.72232254927758        276.72232263176602        276.72232247879919        276.72238464354746        276.72232456217375     
 read in sim obs yf   276.44545388842334        276.44545398254053        276.44545384401533        276.44551800000443        276.44545561262584     
 read in sim obs yf   276.52518118537944        276.52518127934627        276.52518115815434        276.52523139176060        276.52518272320845     
 read in sim obs yf   277.02476582732635        277.02476591109928        277.02476578450023        277.02482309750269        277.02476793224764     
 read in sim obs yf   277.17469439640138        277.17469448780150        277.17469443936784        277.17474895135842        277.17469635714195     
 read in sim obs yf   277.48761310584149        277.48761319468957        277.48761308383433        277.48767001947130        277.48761510579914     
 read in sim obs yf   277.63134863899830        277.63134874199562        277.63134861830207        277.63141942745284        277.63135093294392     
 read in sim obs yf   277.92700730653769        277.92700739582500        277.92700728372398        277.92709750453798        277.92701038170480     
 read in sim obs yf   278.30702041033504        278.30702050774249        278.30702038336619        278.30713193077491        278.30702448594542     
 read in sim obs yf   278.51065863880820        278.51065871873595        278.51065861027314        278.51080481616128        278.51066374698604     
 read in sim obs yf   278.82141368873380        278.82141375812631        278.82141365249316        278.82160791583118        278.82142504908995     
 read in sim obs yf   279.12747283367503        279.12747284190772        279.12747281732101        279.12771165969235        279.12749209674439     
 read in sim obs yf   279.02174143185039        279.02174145955939        279.02174142247026        279.02187905256415        279.02173771075036     
 read in sim obs yf   279.30294065104960        279.30294071343354        279.30294064222852        279.30310939622041        279.30295242501734     
 read in sim obs yf   279.57897634690653        279.57897648252606        279.57897632994258        279.57920355236161        279.57899589254117     
 read in sim obs yf   279.62384456668133        279.62384475165931        279.62384456074415        279.62400770607042        279.62385694845528     
 read in sim obs yf   279.28234027304870        279.28234240749953        279.28234024443333        279.28259191156485        279.28237715507640     
 read in sim obs yf   280.05016146120960        280.05016176989767        280.05016141168909        280.05031119202192        280.05017243411055     
 read in sim obs yf   280.16980163972420        280.16980216835606        280.16980154098110        280.16996718294507        280.16981401918406     
 read in sim obs yf   280.41032792670001        280.41032827916342        280.41032784398658        280.41048428859165        280.41033975281755     
 read in sim obs yf   280.66311935092563        280.66311946825050        280.66311928653681        280.66331257178126        280.66313534488017     
 read in sim obs yf   280.60629603504259        280.60629636573299        280.60629586920567        280.60660413844550        280.60632745415757     
 read in sim obs yf   280.55734675735272        280.55734782543652        280.55734659402862        280.55768267112421        280.55738914946124     
 read in sim obs yf   280.84183050757639        280.84183085775214        280.84183050757639        280.84204265868050        280.84184798470380     
 read in sim obs yf   279.43685150002250        279.43686075706063        279.43685129385199        279.43710283156241        279.43689006246632     
 read in sim obs yf   277.32734751164219        277.32736240788273        277.32734750603487        277.32716631931760        277.32734915497707     
 read in sim obs yf   279.21007057116827        279.21007641412700        279.21007057116827        279.21024381898610        279.21008847339340     
 read in sim obs yf   279.92802127938393        279.92802675853812        279.92802127938393        279.92854896441003        279.92807633437718     
 read in sim obs yf   279.98534924728227        279.98535455804495        279.98534889692417        279.98603250949606        279.98542208297471     
 read in sim obs yf   279.88010415000394        279.88010750683810        279.88010405118848        279.88039834457794        279.88012794246328     
 read in sim obs yf   278.68835493524654        278.68836362027224        278.68835482981552        278.68860370293930        278.68837596314268     
 read in sim obs yf   275.38142037113317        275.38142191036292        275.38142006596149        275.38189930946851        275.38146856901506     
 read in sim obs yf   275.78796663227655        275.78796828785408        275.78796456968871        275.78852579832432        275.78803584429733     
 read in sim obs yf   275.86010099369605        275.86010129001284        275.86010085872618        275.86018694961632        275.86010408577158     
 read in sim obs yf   275.76134532745903        275.76134553546001        275.76134527971573        275.76140329521832        275.76134701184122     
 read in sim obs yf   275.85262045217598        275.85262060720947        275.85262041203430        275.85267019973173        275.85262193756279     
 read in sim obs yf   276.16327554719140        276.16327564394339        276.16327535946334        276.16333486059438        276.16327795894563     
 read in sim obs yf   276.81432435345528        276.81432432853018        276.81432368842889        276.81443152408440        276.81433237206420     
 read in sim obs yf   276.55727599884250        276.55727609965766        276.55727579706667        276.55736482144937        276.55727982741928     
 read in sim obs yf   276.26830837417475        276.26830846249783        276.26830830588011        276.26836826739122        276.26831053427316     
 read in sim obs yf   276.27762850216715        276.27762859256671        276.27762844528252        276.27769355715725        276.27763063742583     
 read in sim obs yf   276.33772430347227        276.33772439276623        276.33772425867767        276.33778506931253        276.33772617238105     
 read in sim obs yf   276.48863156642625        276.48863166395546        276.48863153782600        276.48868221265815        276.48863332828972     
 read in sim obs yf   276.68891541571440        276.68891550751499        276.68891538934662        276.68896463087361        276.68891704635530     
 read in sim obs yf   277.30530015779311        277.30530025148209        277.30530014055262        277.30535250551105        277.30530257775115     
 read in sim obs yf   277.60463038936422        277.60463049142567        277.60463035832544        277.60472062792616        277.60463443282987     
 read in sim obs yf   277.57931928745376        277.57931937959262        277.57931925984451        277.57940502481949        277.57932261109255     
 read in sim obs yf   277.81570079090989        277.81570087991480        277.81570075709629        277.81579731892282        277.81570456867360     
 read in sim obs yf   278.16832099852007        278.16832111835413        278.16832093496049        278.16849111627960        278.16833097382619     
 read in sim obs yf   278.57982425202079        278.57982429159358        278.57982420207679        278.58002348357240        278.57983968397468     
 read in sim obs yf   278.97737135978201        278.97737120912075        278.97737133409112        278.97764934869082        278.97739641071882     
 read in sim obs yf   279.10695023746217        279.10695021221812        279.10695022663396        279.10708329870010        279.10695949578758     
 read in sim obs yf   279.47019490546484        279.47019483090327        279.47019490546484        279.47032660910486        279.47020478679946     
 read in sim obs yf   279.15444160185422        279.15444087315063        279.15444160185422        279.15462140001182        279.15446207857406     
 read in sim obs yf   278.40762292985204        278.40762322225930        278.40762292985204        278.40776922521519        278.40764966623141     
 read in sim obs yf   277.87237639113914        277.87237909037475        277.87237638573367        277.87236882715717        277.87238707767898     
 read in sim obs yf   280.05732080777369        280.05732076603658        280.05732075751922        280.05747048748304        280.05733154079866     
 read in sim obs yf   280.14417008347340        280.14417017413410        280.14417003805170        280.14428198466322        280.14417675210842     
 read in sim obs yf   280.37591693070306        280.37591702673700        280.37591686779848        280.37605851658816        280.37592618560723     
 read in sim obs yf   280.61344825235608        280.61344824414573        280.61344818924499        280.61357541673976        280.61345793916558     
 read in sim obs yf   280.58272608453666        280.58272593859550        280.58272594211979        280.58303236469766        280.58275349764716     
 read in sim obs yf   278.86938329850784        278.86938764677120        278.86938324132905        278.86949315111389        278.86940063257805     
 read in sim obs yf   279.81397386985918        279.81397583055457        279.81397386985918        279.81421060634818        279.81399728892086     
 read in sim obs yf   280.09264633665151        280.09264715564490        280.09264618280758        280.09307637655229        280.09268619377900     
 read in sim obs yf   277.40027807715359        277.40029041896736        277.40027804448232        277.40020058567853        277.40028634960754     
 read in sim obs yf   279.53205274864735        279.53205714036625        279.53205274864735        279.53243854136832        279.53208390893144     
 read in sim obs yf   278.16973622877811        278.16974682480765        278.16973612653561        278.16990028960902        278.16975516636478     
 read in sim obs yf   278.66885368271085        278.66886125516118        278.66885358072341        278.66908874114688        278.66887424273256     
 read in sim obs yf   279.25701551904132        279.25701943309332        279.25701540793744        279.25731994226038        279.25703585200654     
 read in sim obs yf   279.65513081385956        279.65513618535027        279.65513071596189        279.65530812083938        279.65514240068057     
 read in sim obs yf   273.90778077335585        273.90778317963907        273.90778046366398        273.90828626592344        273.90782522561727     
 read in sim obs yf   275.34341146894752        275.34341338289966        275.34341060788194        275.34394656976031        275.34346095567383     
 read in sim obs yf   275.61486064798737        275.61486093058647        275.61485989998209        275.61500386211469        275.61486658546096     
 read in sim obs yf   275.38876012915972        275.38876036178107        275.38875991762069        275.38883947399279        275.38876295954310     
 read in sim obs yf   275.84763264436964        275.84763270381876        275.84763233965509        275.84769657252809        275.84763493828558     
 read in sim obs yf   276.20875987975421        276.20875980347017        276.20875919468750        276.20884274067737        276.20876486466949     
 read in sim obs yf   276.51890691337269        276.51890681433491        276.51890366583979        276.51903856730740        276.51892006209420     
 read in sim obs yf   276.18587691184763        276.18587695484570        276.18587648996822        276.18596327898371        276.18588136569377     
 read in sim obs yf   275.81853321404668        275.81853328846319        275.81853303774420        275.81859139813196        275.81853540701474     
 read in sim obs yf   276.01208942248405        276.01208939114571        276.01208899727919        276.01215752276261        276.01209187460660     
 read in sim obs yf   275.99478848239812        275.99478854807830        275.99478834887037        275.99484140222688        275.99479040148697     
 read in sim obs yf   276.17457080550065        276.17457088989096        276.17457076957783        276.17460865950233        276.17457232424607     
 read in sim obs yf   276.62764170525219        276.62764179240565        276.62764166676965        276.62769424205516        276.62764416043757     
 read in sim obs yf   277.11069816040163        277.11069824050327        277.11069813434176        277.11075153582135        277.11070098498220     
 read in sim obs yf   277.25435641583368        277.25435651876739        277.25435638472788        277.25443764920539        277.25436062077785     
 read in sim obs yf   277.21404193819541        277.21404202894746        277.21404191214486        277.21412034873788        277.21404529777243     
 read in sim obs yf   277.65355348701519        277.65355356008723        277.65355346405755        277.65365268488739        277.65355869194957     
 read in sim obs yf   278.25781932641547        278.25781938508902        278.25781927667884        278.25801388932490        278.25783600888531     
 read in sim obs yf   278.56403867532771        278.56403862435150        278.56403862730906        278.56425125279111        278.56405759635533     
 read in sim obs yf   278.79628956575408        278.79628945219196        278.79628954116828        278.79647619327352        278.79630421332990     
 read in sim obs yf   278.94842331929812        278.94842325908616        278.94842331107264        278.94855210127332        278.94843159310477     
 read in sim obs yf   279.36051271198482        279.36051245161718        279.36051271198482        279.36071907515253        279.36053072949267     
 read in sim obs yf   278.87629805157258        278.87629679843786        278.87629805157258        278.87651856209595        278.87631459467804     
 read in sim obs yf   279.46280718348220        279.46280684614794        279.46280718074587        279.46304078210625        279.46282623417187     
 read in sim obs yf   279.43219927818808        279.43219855013689        279.43219923211615        279.43253259709837        279.43222698499955     
 read in sim obs yf   279.71015131914788        279.71015077337478        279.71015117948531        279.71050486971802        279.71018014059439     
 read in sim obs yf   279.98901335297154        279.98901305061366        279.98901315732809        279.98932152410481        279.98903809452327     
 read in sim obs yf   280.16731435043528        280.16731402691028        280.16731410252373        280.16767403051745        280.16734245618244     
 read in sim obs yf   279.84232935918800        279.84232903320350        279.84232908383848        279.84267599619403        279.84235588720122     
 read in sim obs yf   280.25111092028465        280.25111075411576        280.25111073019752        280.25144305000345        280.25113742078526     
 read in sim obs yf   280.17132218777613        280.17132206278399        280.17132194922959        280.17179470082544        280.17136150463926     
 read in sim obs yf   278.85010112828360        278.85010336100140        278.85010097527515        278.85029326884677        278.85007214356460     
 read in sim obs yf   277.95115550818014        277.95116138005125        277.95115535812823        277.95129266136468        277.95117598995449     
 read in sim obs yf   278.31102408414819        278.31103042598886        278.31102406765928        278.31123137440011        278.31104608308340     
 read in sim obs yf   279.18287818993849        279.18288016598672        279.18287817130516        279.18326046225144        279.18290656871773     
 read in sim obs yf   275.92452031418384        275.92454524003244        275.92452023524100        275.92454943512797        275.92453497499139     
 read in sim obs yf   279.04257546195845        279.04257922777219        279.04257533347686        279.04287931951160        279.04259725417717     
 read in sim obs yf   279.56079918944522        279.56080142275414        279.56079893429074        279.56118901076360        279.56082352115891     
 read in sim obs yf   279.61836176794162        279.61837110713162        279.61836106070888        279.61883345844740        279.61838879843936     
 read in sim obs yf   273.67629387701805        273.67629519450315        273.67629735152121        273.67664444253677        273.67630569490734     
 read in sim obs yf   274.78025723533477        274.78025900781546        274.78025679430976        274.78078376990493        274.78029394038805     
 read in sim obs yf   274.84507427135838        274.84507602556681        274.84507377054888        274.84551574536880        274.84512188963447     
 read in sim obs yf   274.98461053743898        274.98461090829619        274.98460949202985        274.98483154197993        274.98462528585156     
 read in sim obs yf   275.47005048258768        275.47005038673097        275.47004951492499        275.47017226100218        275.47005634043717     
 read in sim obs yf   275.80152754654711        275.80152741580395        275.80152613151864        275.80176100702698        275.80154778867927     
 read in sim obs yf   275.83096169259119        275.83096157531583        275.83096026595831        275.83117484273754        275.83098346055078     
 read in sim obs yf   275.41320907591609        275.41320899981309        275.41320801438104        275.41331093758333        275.41321549050173     
 read in sim obs yf   275.14725111031856        275.14725094354151        275.14724998697335        275.14733648273130        275.14725371640424     
 read in sim obs yf   275.72591827844457        275.72591795400416        275.72591692828274        275.72601220444909        275.72592189882323     
 read in sim obs yf   276.05355045728544        276.05355019618082        276.05354931820500        276.05362661627299        276.05355451271862     
 read in sim obs yf   276.35460647953875        276.35460610469130        276.35460502880767        276.35469682468550        276.35461121223199     
 read in sim obs yf   276.59097569321000        276.59097541607292        276.59097451774863        276.59105363671080        276.59098086276884     
 read in sim obs yf   276.56795873899631        276.56795874333301        276.56795841748965        276.56801915601727        276.56796251038168     
 read in sim obs yf   276.83001210871464        276.83001220563420        276.83001208273691        276.83007910338995        276.83001596794287     
 read in sim obs yf   277.35374317481285        277.35374324195720        277.35374315837311        277.35381704929898        277.35374757777390     
 read in sim obs yf   277.77507086342678        277.77507088483179        277.77507085522586        277.77512258471018        277.77507450364476     
 read in sim obs yf   277.94877024925785        277.94877023948601        277.94877024370680        277.94883243542495        277.94877504578170     
 read in sim obs yf   278.16164150327387        278.16164140430277        278.16164145335432        278.16191134712346        278.16167087893200     
 read in sim obs yf   278.49284188509569        278.49284173083004        278.49284184647115        278.49304392513903        278.49285897995782     
 read in sim obs yf   278.62003247646874        278.62003211522574        278.62003243558331        278.62027163711457        278.62006512036606     
 read in sim obs yf   278.62227052338068        278.62226991379026        278.62227052338068        278.62268346614889        278.62232106573612     
 read in sim obs yf   278.10434683836638        278.10434642593515        278.10434683836638        278.10472916544472        278.10437302855775     
 read in sim obs yf   278.69724235357916        278.69724173606170        278.69724233620940        278.69773179084098        278.69728144774405     
 read in sim obs yf   279.11018941048764        279.11018889868103        279.11018935146063        279.11057912857768        279.11022162423217     
 read in sim obs yf   279.40663537885888        279.40663484904218        279.40663519439170        279.40704884129724        279.40666906323150     
 read in sim obs yf   278.98623998625925        278.98624027938627        278.98623971607270        278.98654319860555        278.98626470475074     
 read in sim obs yf   279.33367601145960        279.33367611172105        279.33367572426283        279.33402915065159        279.33370302353552     
 read in sim obs yf   279.65639814333559        279.65639798571675        279.65639780582154        279.65688066857524        279.65643389879511     
 read in sim obs yf   279.96872030335174        279.96872051300170        279.96872013464895        279.96891327648848        279.96873464397942     
 read in sim obs yf   279.27816945400434        279.27817115371960        279.27816918788636        279.27839554946360        279.27819048825762     
 read in sim obs yf   276.49011896112114        276.49012930702281        276.49011960579355        276.49009314364821        276.49012474631002     
 read in sim obs yf   277.34946086208049        277.34947145718718        277.34946072206537        277.34959974264916        277.34948127833570     
 read in sim obs yf   277.35125670252711        277.35126752455392        277.35125654750931        277.35146779613893        277.35127989519953     
 read in sim obs yf   278.55713805016768        278.55714176051316        278.55713787668111        278.55747885636811        278.55716431198198     
 read in sim obs yf   278.33878033191752        278.33878745369782        278.33878019045613        278.33902306908971        278.33879911468603     
 read in sim obs yf   280.20582351369291        280.20582567186926        280.20582334747979        280.20632063434823        280.20584828446010     
 read in sim obs yf   280.00339072641009        280.00339650454350        280.00339072641009        280.00380833498446        280.00341310785359     
 read in sim obs yf   281.27280416381251        281.27280539637917        281.27280416381251        281.27296144566844        281.27280822578956     
 read in sim obs yf   273.90019927881804        273.90019982198294        273.90020344831532        273.90057164804642        273.90020860152748     
 read in sim obs yf   273.75205651618501        273.75205744005706        273.75206469426416        273.75236523053269        273.75205984067190     
 read in sim obs yf   274.86986098618661        274.86986158806553        274.86986064936832        274.87015442816522        274.86988512400558     
 read in sim obs yf   274.81103749901729        274.81103782067083        274.81103726313734        274.81120299920360        274.81104743913403     
 read in sim obs yf   274.63895902029378        274.63895944402771        274.63895853096534        274.63918403047751        274.63897412342283     
 read in sim obs yf   274.90014622172743        274.90014630965999        274.90014517642203        274.90037518446195        274.90016366728690     
 read in sim obs yf   275.17051198199454        275.17051212085869        275.17051084943961        275.17079881198697        275.17054092090228     
 read in sim obs yf   275.42769867687690        275.42769866873351        275.42769774221262        275.42790421453486        275.42771668882432     
 read in sim obs yf   275.55688374479166        275.55688345932685        275.55688244588976        275.55700523857007        275.55689002960787     
 read in sim obs yf   275.91845027582968        275.91845002993762        275.91844918065107        275.91856821248939        275.91845816208684     
 read in sim obs yf   276.14807252825642        276.14807216260209        276.14807116092857        276.14817120243544        276.14807901677489     
 read in sim obs yf   276.18744939607581        276.18744898663215        276.18744786099222        276.18754519564544        276.18745594654695     
 read in sim obs yf   276.29958264030796        276.29958224528667        276.29958124785651        276.29967864782378        276.29958954159662     
 read in sim obs yf   276.42384931498611        276.42384908091390        276.42384847528876        276.42394826791775        276.42385601906352     
 read in sim obs yf   276.95795647921636        276.95795622845628        276.95795560470748        276.95805747036627        276.95796491631336     
 read in sim obs yf   277.50914796382546        277.50914778873425        277.50914722082342        277.50925995308165        277.50915913944021     
 read in sim obs yf   277.66519169668840        277.66519139374662        277.66519056567961        277.66541207039319        277.66521143305482     
 read in sim obs yf   277.82944705294494        277.82944704212917        277.82944700103678        277.82975354051342        277.82947688112864     
 read in sim obs yf   277.40183687679763        277.40183684045297        277.40183684728754        277.40218775150055        277.40186561161386     
 read in sim obs yf   277.54872432390164        277.54872392969838        277.54872424556839        277.54931370102355        277.54878240948926     
 read in sim obs yf   277.75565227466768        277.75565158709622        277.75565222405169        277.75617446436860        277.75570460881522     
 read in sim obs yf   278.12746757340722        278.12746665231708        278.12746757340722        278.12799927663991        278.12751872076439     
 read in sim obs yf   277.95780939738557        277.95780874951009        277.95780939738557        277.95820511769540        277.95783902944783     
 read in sim obs yf   278.43620650194327        278.43620605776579        278.43620645086258        278.43674637206760        278.43625863516729     
 read in sim obs yf   278.84677106984157        278.84677068557153        278.84677096743303        278.84728964475346        278.84681522318232     
 read in sim obs yf   279.05017306248772        279.05017292566544        279.05017282663613        279.05069653840729        279.05021555359116     
 read in sim obs yf   278.99413585683493        278.99413690062318        278.99413564103469        278.99436850459517        278.99415575847496     
 read in sim obs yf   279.81091049888448        279.81091123148565        279.81091037639465        279.81105079867251        279.81092234504678     
 read in sim obs yf   279.31756214054298        279.31756251281848        279.31756192381573        279.31794237668436        279.31759093856130     
 read in sim obs yf   279.24267276038893        279.24267359418792        279.24267244722904        279.24301874590395        279.24269810383026     
 read in sim obs yf   279.40311946783845        279.40312179680416        279.40311925131476        279.40330782035886        279.40313542319643     
 read in sim obs yf   277.60289922856606        277.60290789835659        277.60289900753497        277.60312582340248        277.60292209637663     
 read in sim obs yf   278.41740192093266        278.41740659237973        278.41740158817572        278.41768525854087        278.41742507451374     
 read in sim obs yf   278.68528356841819        278.68528752445309        278.68528327115246        278.68554301779432        278.68530344889916     
 read in sim obs yf   278.12830844093907        278.12831530437688        278.12830805558684        278.12857849149952        278.12832854330446     
 read in sim obs yf   277.60731747425035        277.60733062513327        277.60731720100421        277.60748222332012        277.60733103505942     
 read in sim obs yf   281.32293488805010        281.32293789735530        281.32293488805010        281.32310297679322        281.32294190033787     
 read in sim obs yf   283.11140090034428        283.11140091965103        283.11140090034428        283.11144434146462        283.11140201388037     
 read in sim obs yf   283.29329430103758        283.29329393217330        283.29329430103758        283.29333413954174        283.29329503004652     
 read in sim obs yf   272.95301200697986        272.95301772911563        272.95303665324195        272.95320803623667        272.95301600580683     
 read in sim obs yf   272.99122957751388        272.99123710404257        272.99125370165888        272.99142713985668        272.99123275006622     
 read in sim obs yf   274.10669286131196        274.10669329369608        274.10669334777566        274.10693824428802        274.10669877231868     
 read in sim obs yf   273.99635115407057        273.99635191509799        273.99635131980386        273.99655745977196        273.99635876524320     
 read in sim obs yf   273.98457290623980        273.98457375152435        273.98457258311481        273.98483421560780        273.98459887211482     
 read in sim obs yf   274.13953419688374        274.13953453594547        274.13953507692463        274.13983867859872        274.13954149421056     
 read in sim obs yf   274.51882491527772        274.51882578717749        274.51882452169593        274.51930314810613        274.51886799590534     
 read in sim obs yf   275.29699888476154        275.29699938998937        275.29699864039992        275.29747644609830        275.29704272213735     
 read in sim obs yf   275.67811761769627        275.67811796289800        275.67811747415954        275.67844112200686        275.67814781833800     
 read in sim obs yf   275.70535467802625        275.70535497849426        275.70535454730634        275.70564206982874        275.70538331068826     
 read in sim obs yf   275.94847876119616        275.94847846730590        275.94847762379214        275.94865928434501        275.94849439276697     
 read in sim obs yf   276.03384254203621        276.03384210129383        276.03384093892635        276.03399409089133        276.03385573505841     
 read in sim obs yf   276.31460947106723        276.31460937821817        276.31460894993592        276.31473610687527        276.31462183460781     
 read in sim obs yf   276.60051013930638        276.60051008995492        276.60050964957179        276.60067902910498        276.60052573731321     
 read in sim obs yf   276.96539234485562        276.96539217835470        276.96539129045703        276.96565807004140        276.96541927025368     
 read in sim obs yf   277.02591150655854        277.02591195125308        277.02591145670021        277.02613582501641        277.02593498854873     
 read in sim obs yf   276.93219569534375        276.93219603345466        276.93219556943347        276.93260556037751        276.93224514845224     
 read in sim obs yf   276.76906210300723        276.76906273714542        276.76906191122504        276.76978378582794        276.76916212596984     
 read in sim obs yf   276.63452516889384        276.63452553508108        276.63452514170422        276.63490836397909        276.63455419953112     
 read in sim obs yf   276.62831663256810        276.62831670678264        276.62831661426753        276.62863568039330        276.62834227371889     
 read in sim obs yf   276.48405079801165        276.48405088162110        276.48405077861111        276.48445523680959        276.48408510522819     
 read in sim obs yf   276.94224640134775        276.94224627226907        276.94224639787871        276.94260570587994        276.94227529897961     
 read in sim obs yf   277.37405209926339        277.37405193499387        277.37405206074635        277.37452114385673        277.37409242784588     
 read in sim obs yf   277.75768923718766        277.75768912374519        277.75768915245698        277.75818259654335        277.75773121641117     
 read in sim obs yf   278.24047856289405        278.24047859156150        278.24047840416364        278.24103369980043        278.24052530207848     
 read in sim obs yf   278.44183499787584        278.44183555998939        278.44183475752993        278.44221475650772        278.44186528623703     
 read in sim obs yf   278.35368633933331        278.35368837265463        278.35368602325883        278.35402832230255        278.35371537097086     
 read in sim obs yf   278.95915636856915        278.95915801474013        278.95915613145831        278.95946167352514        278.95918166456494     
 read in sim obs yf   279.04069811986056        279.04069951603594        279.04069790252447        279.04104246756037        279.04072509892404     
 read in sim obs yf   279.22993094306565        279.22993196982588        279.22993066585735        279.23030850962232        279.22995804067278     
 read in sim obs yf   279.28165436980862        279.28165704361589        279.28165370570309        279.28190138654321        279.28167678876940     
 read in sim obs yf   278.37815416406670        278.37816271652696        278.37815371839116        278.37831925896904        278.37817022201710     
 read in sim obs yf   279.32694729244503        279.32695558085561        279.32694567640470        279.32736581329607        279.32697930564586     
 read in sim obs yf   280.85335894307815        280.85335969841231        280.85335894307815        280.85359374691438        280.85336710082265     
 read in sim obs yf   280.65930288450983        280.65930747922323        280.65930288450983        280.65951317974884        280.65931415823962     
 read in sim obs yf   281.52285133788149        281.52285701833102        281.52285133788149        281.52294417784020        281.52285732492356     
 read in sim obs yf   282.71712728479889        282.71712778627705        282.71712728479889        282.71716782757545        282.71712841313627     
 read in sim obs yf   283.90313883422431        283.90313879713796        283.90313883422431        283.90314615551762        283.90313897429479     

    ---------------------------------------
    |   EXITING VARASSIM AFTER ANALYSIS   |
    ---------------------------------------

 Number of assimilated observations for task            0  =         2644

 Surface temperature set to    276.03616320056648      from nearest neighbour at I=          13
 Surface temperature set to    278.45780154966167      from nearest neighbour at I=          14
 Surface temperature set to    276.03592254802203      from nearest neighbour at I=          52
 Surface temperature set to    278.18390393986948      from nearest neighbour at I=          90
 Surface temperature set to    278.19498334105123      from nearest neighbour at I=         243
 Surface temperature set to    279.39405138312270      from nearest neighbour at I=         299
 Surface temperature set to    279.11787801634301      from nearest neighbour at I=         338
 Surface temperature set to    276.59282576409657      from nearest neighbour at I=         366
 Surface temperature set to    277.58975618299212      from nearest neighbour at I=         376
 Surface temperature set to    277.68357122128685      from nearest neighbour at I=         377
 Surface temperature set to    281.99125276396018      from nearest neighbour at I=         397
 Surface temperature set to    272.86362089973790      from nearest neighbour at I=         406
 Surface temperature set to    275.22516029723249      from nearest neighbour at I=         415
 Surface temperature set to    281.29772828827987      from nearest neighbour at I=         435
 Surface temperature set to    272.53821350440973      from nearest neighbour at I=         446
 Surface temperature set to    274.57237708914141      from nearest neighbour at I=         454
 Surface temperature set to    275.84629704614167      from nearest neighbour at I=         455
 Surface temperature set to    279.56112107549956      from nearest neighbour at I=         468
 Surface temperature set to    278.26106945788365      from nearest neighbour at I=         473
 Surface temperature set to    281.47763770417043      from nearest neighbour at I=         474
 Surface temperature set to    274.86726050002051      from nearest neighbour at I=         485
 Surface temperature set to    276.03122734573810      from nearest neighbour at I=         493
 Surface temperature set to    272.57399403472721      from nearest neighbour at I=         494
 Surface temperature set to    275.67351351535410      from nearest neighbour at I=         507
 Surface temperature set to    278.26248663345984      from nearest neighbour at I=         511
 Surface temperature set to    274.87963437885458      from nearest neighbour at I=         524
 Surface temperature set to    274.87635713673075      from nearest neighbour at I=         525
 Surface temperature set to    274.87133883642048      from nearest neighbour at I=         526
 Surface temperature set to    276.25026647422072      from nearest neighbour at I=         532
 Surface temperature set to    272.79033450241337      from nearest neighbour at I=         533
 Surface temperature set to    279.63254990459495      from nearest neighbour at I=         549
 Surface temperature set to    273.29739757205607      from nearest neighbour at I=         566
 Surface temperature set to    278.63435066798144      from nearest neighbour at I=         571
 Surface temperature set to    272.06851860615598      from nearest neighbour at I=         573
 Surface temperature set to    279.48068259123062      from nearest neighbour at I=         588
 Surface temperature set to    279.80445719131501      from nearest neighbour at I=         600
 Surface temperature set to    278.61224828729030      from nearest neighbour at I=         601
 Surface temperature set to    277.43644350045150      from nearest neighbour at I=         604
 Surface temperature set to    277.85183382220640      from nearest neighbour at I=         611
 Surface temperature set to    280.08545978808451      from nearest neighbour at I=         626
 Surface temperature set to    278.60016375142334      from nearest neighbour at I=         641
 Surface temperature set to    275.53066938143894      from nearest neighbour at I=         645
 Surface temperature set to    278.49951585979886      from nearest neighbour at I=         648
 Surface temperature set to    279.52206392673372      from nearest neighbour at I=         650
 Surface temperature set to    276.01997861659356      from nearest neighbour at I=         683
 Surface temperature set to    280.54270413310030      from nearest neighbour at I=         718
 Surface temperature set to    276.64883441364702      from nearest neighbour at I=         722
 Surface temperature set to    277.25592709281364      from nearest neighbour at I=         739
 Surface temperature set to    280.23460288821963      from nearest neighbour at I=         758
 Surface temperature set to    280.84629934899669      from nearest neighbour at I=         759
 Surface temperature set to    278.28971091153750      from nearest neighbour at I=         761
 Surface temperature set to    277.06394484616629      from nearest neighbour at I=         778
 Surface temperature set to    280.21676966617486      from nearest neighbour at I=         792
 Surface temperature set to    279.81375126632275      from nearest neighbour at I=         857
 Surface temperature set to    279.76741682944123      from nearest neighbour at I=         887
 Surface temperature set to    279.82050810455183      from nearest neighbour at I=         897
 Surface temperature set to    279.25158938381503      from nearest neighbour at I=         925
 Surface temperature set to    280.29346393310794      from nearest neighbour at I=         926
 Surface temperature set to    275.58835941309144      from nearest neighbour at I=         936
 Surface temperature set to    276.58656582146108      from nearest neighbour at I=        1089
 Surface temperature set to    278.09060488749884      from nearest neighbour at I=        1093
 Surface temperature set to    278.29504404462006      from nearest neighbour at I=        1422
 Surface temperature set to    281.28942402517941      from nearest neighbour at I=        1520
 *********************************************
 *      ASSIMILATIONS FOR URBAN POINTS       *
 *********************************************
 UPDATING TOWN FOR SCHEME: TEB
 Mean T2m increments over TOWN    1.8169499195232266     
 Mean T_ROAD3 increments over TOWN    1.8169499195232266     
  
     -----------------------
     | SODA ENDS CORRECTLY |
     -----------------------
