 KTYPE=           1
 YCOMMAND=transfer.x MESONH         PGD_SODA                                                                  
 KTYPE=           1
 YCOMMAND=transfer.x MESONH         PGD_SODA                                                                  
 KTYPE=           1
 YCOMMAND=transfer.x MESONH         PGD_SODA                                                                  
 KTYPE=           1
 YCOMMAND=transfer.x MESONH         PGD_SODA                                                                  
 KTYPE=           1
 YCOMMAND=transfer.x MESONH         PGD_SODA                                                                  
 KTYPE=           1
 YCOMMAND=transfer.x MESONH         PGD_SODA                                                                  
  
     ----------------------
     | PGD ENDS CORRECTLY |
     ----------------------
 KTYPE=           1
 YCOMMAND=transfer.x MESONH         PGD_SODA                                                                  
 KTYPE=           1
 YCOMMAND=transfer.x MESONH         PGD_SODA                                                                  
 KTYPE=           1
 YCOMMAND=transfer.x MESONH         PGD_SODA                                                                  
 KTYPE=           1
 YCOMMAND=transfer.x MESONH         PGD_SODA                                                                  
 KTYPE=           1
 YCOMMAND=transfer.x MESONH         PGD_SODA                                                                  
 KTYPE=           1
 YCOMMAND=transfer.x MESONH         PGD_SODA                                                                  
 KTYPE=           1
 YCOMMAND=transfer.x MESONH         PGD_SODA                                                                  
 KTYPE=           1
 YCOMMAND=transfer.x MESONH         PGD_SODA                                                                  
 KTYPE=           1
 YCOMMAND=transfer.x MESONH         PGD_SODA                                                                  
 KTYPE=           1
 YCOMMAND=transfer.x MESONH         PGD_SODA                                                                  
 KTYPE=           1
 YCOMMAND=transfer.x MESONH         PREP_SODA                                                                 
 KTYPE=           1
 YCOMMAND=transfer.x MESONH         PREP_SODA                                                                 
 KTYPE=           1
 YCOMMAND=transfer.x MESONH         PREP_SODA                                                                 
 KTYPE=           1
 YCOMMAND=transfer.x MESONH         PREP_SODA                                                                 
 KTYPE=           1
 YCOMMAND=transfer.x MESONH         PREP_SODA                                                                 
 KTYPE=           1
 YCOMMAND=transfer.x MESONH         PREP_SODA                                                                 
 KTYPE=           1
 YCOMMAND=transfer.x MESONH         PREP_SODA                                                                 
 KTYPE=           1
 YCOMMAND=transfer.x MESONH         PREP_SODA                                                                 
 KTYPE=           1
 YCOMMAND=transfer.x MESONH         PREP_SODA                                                                 
 KTYPE=           1
 YCOMMAND=transfer.x MESONH         PREP_SODA                                                                 
 KTYPE=           1
 YCOMMAND=transfer.x MESONH         PREP_SODA                                                                 
 KTYPE=           1
 YCOMMAND=transfer.x MESONH         PREP_SODA                                                                 
 KTYPE=           1
 YCOMMAND=transfer.x MESONH         PREP_SODA                                                                 
 KTYPE=           1
 YCOMMAND=transfer.x MESONH         PREP_SODA                                                                 
  
     -----------------------
     | PREP ENDS CORRECTLY |
     -----------------------
Running offline for perturbation 0
 CAUTION: DID YOU THINK TO SET OMP_NUM_THREADS=1?
 PLEASE VERIFY OMP_NUM_THREADS IS INITIALIZED : TYPE ECHO $OMP_NUM_THREADS IN A TERMINAL
 KTYPE=           1
 YCOMMAND=transfer.x MESONH         PGD_SODA                                                                  
 KTYPE=           1
 YCOMMAND=transfer.x MESONH         PGD_SODA                                                                  
 KTYPE=           1
 YCOMMAND=transfer.x MESONH         PREP_SODA                                                                 
 KTYPE=           1
 YCOMMAND=transfer.x MESONH         PGD_SODA                                                                  
 KTYPE=           1
 YCOMMAND=transfer.x MESONH         PREP_SODA                                                                 
 KTYPE=           1
 YCOMMAND=transfer.x MESONH         PGD_SODA                                                                  
 KTYPE=           1
 YCOMMAND=transfer.x MESONH         PREP_SODA                                                                 
 KTYPE=           1
 YCOMMAND=transfer.x MESONH         PREP_SODA                                                                 
 KTYPE=           1
 YCOMMAND=transfer.x MESONH         PGD_SODA                                                                  
 KTYPE=           1
 YCOMMAND=transfer.x MESONH         PREP_SODA                                                                 
 KTYPE=           1
 YCOMMAND=transfer.x MESONH         PREP_SODA                                                                 
 KTYPE=           1
 YCOMMAND=transfer.x MESONH         PGD_SODA                                                                  
 KTYPE=           1
 YCOMMAND=transfer.x MESONH         PREP_SODA                                                                 
 KTYPE=           1
 YCOMMAND=transfer.x MESONH         PREP_SODA                                                                 
 KTYPE=           1
 YCOMMAND=transfer.x MESONH         PREP_SODA                                                                 
 KTYPE=           1
 YCOMMAND=transfer.x MESONH         PREP_SODA                                                                 
 KTYPE=           1
 YCOMMAND=transfer.x MESONH         PGD_SODA                                                                  
 KTYPE=           1
 YCOMMAND=transfer.x MESONH         PREP_SODA                                                                 
 KTYPE=           1
 YCOMMAND=transfer.x MESONH         PREP_SODA                                                                 
 KTYPE=           1
 YCOMMAND=transfer.x MESONH         PGD_SODA                                                                  
 KTYPE=           1
 YCOMMAND=transfer.x MESONH         PREP_SODA                                                                 
 KTYPE=           1
 YCOMMAND=transfer.x MESONH         PGD_SODA                                                                  
 KTYPE=           1
 YCOMMAND=transfer.x MESONH         PREP_SODA                                                                 
 KTYPE=           1
 YCOMMAND=transfer.x MESONH         PGD_SODA                                                                  
 KTYPE=           1
 YCOMMAND=transfer.x MESONH         PREP_SODA                                                                 
 KTYPE=           1
 YCOMMAND=transfer.x MESONH         SURFOUT.20080930_19h00                                                    
 KTYPE=           1
 YCOMMAND=transfer.x MESONH         SURFOUT.20080930_19h00                                                    
 KTYPE=           1
 YCOMMAND=transfer.x MESONH         SURFOUT.20080930_19h00                                                    
 KTYPE=           1
 YCOMMAND=transfer.x MESONH         SURFOUT.20080930_19h00                                                    
 KTYPE=           1
 YCOMMAND=transfer.x MESONH         SURFOUT.20080930_19h00                                                    
 KTYPE=           1
 YCOMMAND=transfer.x MESONH         SURFOUT.20080930_19h00                                                    
 KTYPE=           1
 YCOMMAND=transfer.x MESONH         SURFOUT.20080930_19h00                                                    
 KTYPE=           1
 YCOMMAND=transfer.x MESONH         SURFOUT.20080930_19h00                                                    
 KTYPE=           1
 YCOMMAND=transfer.x MESONH         SURFOUT.20080930_19h00                                                    
 KTYPE=           1
 YCOMMAND=transfer.x MESONH         SURFOUT.20080930_19h00                                                    
 KTYPE=           1
 YCOMMAND=transfer.x MESONH         SURFOUT.20080930_19h00                                                    
 KTYPE=           1
 YCOMMAND=transfer.x MESONH         SURFOUT.20080930_19h00                                                    
 KTYPE=           1
 YCOMMAND=transfer.x MESONH         SURFOUT.20080930_19h00                                                    
 KTYPE=           1
 YCOMMAND=transfer.x MESONH         SURFOUT.20080930_19h00                                                    
 KTYPE=           1
 YCOMMAND=transfer.x MESONH         SURFOUT.20080930_20h00                                                    
 KTYPE=           1
 YCOMMAND=transfer.x MESONH         SURFOUT.20080930_20h00                                                    
 KTYPE=           1
 YCOMMAND=transfer.x MESONH         SURFOUT.20080930_20h00                                                    
 KTYPE=           1
 YCOMMAND=transfer.x MESONH         SURFOUT.20080930_20h00                                                    
 KTYPE=           1
 YCOMMAND=transfer.x MESONH         SURFOUT.20080930_20h00                                                    
 KTYPE=           1
 YCOMMAND=transfer.x MESONH         SURFOUT.20080930_20h00                                                    
 KTYPE=           1
 YCOMMAND=transfer.x MESONH         SURFOUT.20080930_20h00                                                    
 KTYPE=           1
 YCOMMAND=transfer.x MESONH         SURFOUT.20080930_20h00                                                    
 KTYPE=           1
 YCOMMAND=transfer.x MESONH         SURFOUT.20080930_20h00                                                    
 KTYPE=           1
 YCOMMAND=transfer.x MESONH         SURFOUT.20080930_20h00                                                    
 KTYPE=           1
 YCOMMAND=transfer.x MESONH         SURFOUT.20080930_20h00                                                    
 KTYPE=           1
 YCOMMAND=transfer.x MESONH         SURFOUT.20080930_20h00                                                    
 KTYPE=           1
 YCOMMAND=transfer.x MESONH         SURFOUT.20080930_20h00                                                    
 KTYPE=           1
 YCOMMAND=transfer.x MESONH         SURFOUT.20080930_20h00                                                    
 KTYPE=           1
 YCOMMAND=transfer.x MESONH         SURFOUT.20080930_21h00                                                    
 KTYPE=           1
 YCOMMAND=transfer.x MESONH         SURFOUT.20080930_21h00                                                    
 KTYPE=           1
 YCOMMAND=transfer.x MESONH         SURFOUT.20080930_21h00                                                    
 KTYPE=           1
 YCOMMAND=transfer.x MESONH         SURFOUT.20080930_21h00                                                    
 KTYPE=           1
 YCOMMAND=transfer.x MESONH         SURFOUT.20080930_21h00                                                    
 KTYPE=           1
 YCOMMAND=transfer.x MESONH         SURFOUT.20080930_21h00                                                    
 KTYPE=           1
 YCOMMAND=transfer.x MESONH         SURFOUT.20080930_21h00                                                    
 KTYPE=           1
 YCOMMAND=transfer.x MESONH         SURFOUT.20080930_21h00                                                    
 KTYPE=           1
 YCOMMAND=transfer.x MESONH         SURFOUT.20080930_21h00                                                    
 KTYPE=           1
 YCOMMAND=transfer.x MESONH         SURFOUT.20080930_21h00                                                    
 KTYPE=           1
 YCOMMAND=transfer.x MESONH         SURFOUT.20080930_21h00                                                    
 KTYPE=           1
 YCOMMAND=transfer.x MESONH         SURFOUT.20080930_21h00                                                    
 KTYPE=           1
 YCOMMAND=transfer.x MESONH         SURFOUT.20080930_21h00                                                    
 KTYPE=           1
 YCOMMAND=transfer.x MESONH         SURFOUT.20080930_21h00                                                    
 KTYPE=           1
 YCOMMAND=transfer.x MESONH         SURFOUT.20080930_22h00                                                    
 KTYPE=           1
 YCOMMAND=transfer.x MESONH         SURFOUT.20080930_22h00                                                    
 KTYPE=           1
 YCOMMAND=transfer.x MESONH         SURFOUT.20080930_22h00                                                    
 KTYPE=           1
 YCOMMAND=transfer.x MESONH         SURFOUT.20080930_22h00                                                    
 KTYPE=           1
 YCOMMAND=transfer.x MESONH         SURFOUT.20080930_22h00                                                    
 KTYPE=           1
 YCOMMAND=transfer.x MESONH         SURFOUT.20080930_22h00                                                    
 KTYPE=           1
 YCOMMAND=transfer.x MESONH         SURFOUT.20080930_22h00                                                    
 KTYPE=           1
 YCOMMAND=transfer.x MESONH         SURFOUT.20080930_22h00                                                    
 KTYPE=           1
 YCOMMAND=transfer.x MESONH         SURFOUT.20080930_22h00                                                    
 KTYPE=           1
 YCOMMAND=transfer.x MESONH         SURFOUT.20080930_22h00                                                    
 KTYPE=           1
 YCOMMAND=transfer.x MESONH         SURFOUT.20080930_22h00                                                    
 KTYPE=           1
 YCOMMAND=transfer.x MESONH         SURFOUT.20080930_22h00                                                    
 KTYPE=           1
 YCOMMAND=transfer.x MESONH         SURFOUT.20080930_22h00                                                    
 KTYPE=           1
 YCOMMAND=transfer.x MESONH         SURFOUT.20080930_22h00                                                    
 KTYPE=           1
 YCOMMAND=transfer.x MESONH         SURFOUT.20080930_23h00                                                    
 KTYPE=           1
 YCOMMAND=transfer.x MESONH         SURFOUT.20080930_23h00                                                    
 KTYPE=           1
 YCOMMAND=transfer.x MESONH         SURFOUT.20080930_23h00                                                    
 KTYPE=           1
 YCOMMAND=transfer.x MESONH         SURFOUT.20080930_23h00                                                    
 KTYPE=           1
 YCOMMAND=transfer.x MESONH         SURFOUT.20080930_23h00                                                    
 KTYPE=           1
 YCOMMAND=transfer.x MESONH         SURFOUT.20080930_23h00                                                    
 KTYPE=           1
 YCOMMAND=transfer.x MESONH         SURFOUT.20080930_23h00                                                    
 KTYPE=           1
 YCOMMAND=transfer.x MESONH         SURFOUT.20080930_23h00                                                    
 KTYPE=           1
 YCOMMAND=transfer.x MESONH         SURFOUT.20080930_23h00                                                    
 KTYPE=           1
 YCOMMAND=transfer.x MESONH         SURFOUT.20080930_23h00                                                    
 KTYPE=           1
 YCOMMAND=transfer.x MESONH         SURFOUT.20080930_23h00                                                    
 KTYPE=           1
 YCOMMAND=transfer.x MESONH         SURFOUT.20080930_23h00                                                    
 KTYPE=           1
 YCOMMAND=transfer.x MESONH         SURFOUT.20080930_23h00                                                    
 KTYPE=           1
 YCOMMAND=transfer.x MESONH         SURFOUT.20080930_23h00                                                    
 KTYPE=           1
 YCOMMAND=transfer.x MESONH         SURFOUT.20081001_00h00                                                    
 KTYPE=           1
 YCOMMAND=transfer.x MESONH         SURFOUT.20081001_00h00                                                    
 KTYPE=           1
 YCOMMAND=transfer.x MESONH         SURFOUT.20081001_00h00                                                    
 KTYPE=           1
 YCOMMAND=transfer.x MESONH         SURFOUT.20081001_00h00                                                    
 KTYPE=           1
 YCOMMAND=transfer.x MESONH         SURFOUT.20081001_00h00                                                    
 KTYPE=           1
 YCOMMAND=transfer.x MESONH         SURFOUT.20081001_00h00                                                    
 KTYPE=           1
 YCOMMAND=transfer.x MESONH         SURFOUT.20081001_00h00                                                    
 KTYPE=           1
 YCOMMAND=transfer.x MESONH         SURFOUT.20081001_00h00                                                    
 KTYPE=           1
 YCOMMAND=transfer.x MESONH         SURFOUT.20081001_00h00                                                    
 KTYPE=           1
 YCOMMAND=transfer.x MESONH         SURFOUT.20081001_00h00                                                    
 KTYPE=           1
 YCOMMAND=transfer.x MESONH         SURFOUT.20081001_00h00                                                    
 KTYPE=           1
 YCOMMAND=transfer.x MESONH         SURFOUT.20081001_00h00                                                    
 KTYPE=           1
 YCOMMAND=transfer.x MESONH         SURFOUT.20081001_00h00                                                    
 KTYPE=           1
 YCOMMAND=transfer.x MESONH         SURFOUT.20081001_00h00                                                    
  
     --------------------------
     | OFFLINE ENDS CORRECTLY |
     --------------------------
  
Running offline for perturbation 1
 CAUTION: DID YOU THINK TO SET OMP_NUM_THREADS=1?
 PLEASE VERIFY OMP_NUM_THREADS IS INITIALIZED : TYPE ECHO $OMP_NUM_THREADS IN A TERMINAL
 KTYPE=           1
 YCOMMAND=transfer.x MESONH         PGD_SODA                                                                  
 KTYPE=           1
 YCOMMAND=transfer.x MESONH         PGD_SODA                                                                  
 KTYPE=           1
 YCOMMAND=transfer.x MESONH         PREP_SODA                                                                 
 KTYPE=           1
 YCOMMAND=transfer.x MESONH         PGD_SODA                                                                  
 KTYPE=           1
 YCOMMAND=transfer.x MESONH         PREP_SODA                                                                 
 KTYPE=           1
 YCOMMAND=transfer.x MESONH         PGD_SODA                                                                  
 KTYPE=           1
 YCOMMAND=transfer.x MESONH         PREP_SODA                                                                 
 KTYPE=           1
 YCOMMAND=transfer.x MESONH         PREP_SODA                                                                 
 KTYPE=           1
 YCOMMAND=transfer.x MESONH         PGD_SODA                                                                  
 KTYPE=           1
 YCOMMAND=transfer.x MESONH         PREP_SODA                                                                 
 KTYPE=           1
 YCOMMAND=transfer.x MESONH         PREP_SODA                                                                 
 KTYPE=           1
 YCOMMAND=transfer.x MESONH         PGD_SODA                                                                  
 KTYPE=           1
 YCOMMAND=transfer.x MESONH         PREP_SODA                                                                 
 KTYPE=           1
 YCOMMAND=transfer.x MESONH         PREP_SODA                                                                 
 KTYPE=           1
 YCOMMAND=transfer.x MESONH         PREP_SODA                                                                 
 KTYPE=           1
 YCOMMAND=transfer.x MESONH         PREP_SODA                                                                 
 KTYPE=           1
 YCOMMAND=transfer.x MESONH         PGD_SODA                                                                  
 KTYPE=           1
 YCOMMAND=transfer.x MESONH         PREP_SODA                                                                 
 KTYPE=           1
 YCOMMAND=transfer.x MESONH         PREP_SODA                                                                 
 KTYPE=           1
 YCOMMAND=transfer.x MESONH         PGD_SODA                                                                  
 KTYPE=           1
 YCOMMAND=transfer.x MESONH         PREP_SODA                                                                 
 KTYPE=           1
 YCOMMAND=transfer.x MESONH         PGD_SODA                                                                  
 KTYPE=           1
 YCOMMAND=transfer.x MESONH         PREP_SODA                                                                 
 KTYPE=           1
 YCOMMAND=transfer.x MESONH         PGD_SODA                                                                  
 KTYPE=           1
 YCOMMAND=transfer.x MESONH         PREP_SODA                                                                 
 KTYPE=           1
 YCOMMAND=transfer.x MESONH         SURFOUT.20080930_19h00                                                    
 KTYPE=           1
 YCOMMAND=transfer.x MESONH         SURFOUT.20080930_19h00                                                    
 KTYPE=           1
 YCOMMAND=transfer.x MESONH         SURFOUT.20080930_19h00                                                    
 KTYPE=           1
 YCOMMAND=transfer.x MESONH         SURFOUT.20080930_19h00                                                    
 KTYPE=           1
 YCOMMAND=transfer.x MESONH         SURFOUT.20080930_19h00                                                    
 KTYPE=           1
 YCOMMAND=transfer.x MESONH         SURFOUT.20080930_19h00                                                    
 KTYPE=           1
 YCOMMAND=transfer.x MESONH         SURFOUT.20080930_19h00                                                    
 KTYPE=           1
 YCOMMAND=transfer.x MESONH         SURFOUT.20080930_19h00                                                    
 KTYPE=           1
 YCOMMAND=transfer.x MESONH         SURFOUT.20080930_19h00                                                    
 KTYPE=           1
 YCOMMAND=transfer.x MESONH         SURFOUT.20080930_19h00                                                    
 KTYPE=           1
 YCOMMAND=transfer.x MESONH         SURFOUT.20080930_19h00                                                    
 KTYPE=           1
 YCOMMAND=transfer.x MESONH         SURFOUT.20080930_19h00                                                    
 KTYPE=           1
 YCOMMAND=transfer.x MESONH         SURFOUT.20080930_19h00                                                    
 KTYPE=           1
 YCOMMAND=transfer.x MESONH         SURFOUT.20080930_19h00                                                    
 KTYPE=           1
 YCOMMAND=transfer.x MESONH         SURFOUT.20080930_20h00                                                    
 KTYPE=           1
 YCOMMAND=transfer.x MESONH         SURFOUT.20080930_20h00                                                    
 KTYPE=           1
 YCOMMAND=transfer.x MESONH         SURFOUT.20080930_20h00                                                    
 KTYPE=           1
 YCOMMAND=transfer.x MESONH         SURFOUT.20080930_20h00                                                    
 KTYPE=           1
 YCOMMAND=transfer.x MESONH         SURFOUT.20080930_20h00                                                    
 KTYPE=           1
 YCOMMAND=transfer.x MESONH         SURFOUT.20080930_20h00                                                    
 KTYPE=           1
 YCOMMAND=transfer.x MESONH         SURFOUT.20080930_20h00                                                    
 KTYPE=           1
 YCOMMAND=transfer.x MESONH         SURFOUT.20080930_20h00                                                    
 KTYPE=           1
 YCOMMAND=transfer.x MESONH         SURFOUT.20080930_20h00                                                    
 KTYPE=           1
 YCOMMAND=transfer.x MESONH         SURFOUT.20080930_20h00                                                    
 KTYPE=           1
 YCOMMAND=transfer.x MESONH         SURFOUT.20080930_20h00                                                    
 KTYPE=           1
 YCOMMAND=transfer.x MESONH         SURFOUT.20080930_20h00                                                    
 KTYPE=           1
 YCOMMAND=transfer.x MESONH         SURFOUT.20080930_20h00                                                    
 KTYPE=           1
 YCOMMAND=transfer.x MESONH         SURFOUT.20080930_20h00                                                    
 KTYPE=           1
 YCOMMAND=transfer.x MESONH         SURFOUT.20080930_21h00                                                    
 KTYPE=           1
 YCOMMAND=transfer.x MESONH         SURFOUT.20080930_21h00                                                    
 KTYPE=           1
 YCOMMAND=transfer.x MESONH         SURFOUT.20080930_21h00                                                    
 KTYPE=           1
 YCOMMAND=transfer.x MESONH         SURFOUT.20080930_21h00                                                    
 KTYPE=           1
 YCOMMAND=transfer.x MESONH         SURFOUT.20080930_21h00                                                    
 KTYPE=           1
 YCOMMAND=transfer.x MESONH         SURFOUT.20080930_21h00                                                    
 KTYPE=           1
 YCOMMAND=transfer.x MESONH         SURFOUT.20080930_21h00                                                    
 KTYPE=           1
 YCOMMAND=transfer.x MESONH         SURFOUT.20080930_21h00                                                    
 KTYPE=           1
 YCOMMAND=transfer.x MESONH         SURFOUT.20080930_21h00                                                    
 KTYPE=           1
 YCOMMAND=transfer.x MESONH         SURFOUT.20080930_21h00                                                    
 KTYPE=           1
 YCOMMAND=transfer.x MESONH         SURFOUT.20080930_21h00                                                    
 KTYPE=           1
 YCOMMAND=transfer.x MESONH         SURFOUT.20080930_21h00                                                    
 KTYPE=           1
 YCOMMAND=transfer.x MESONH         SURFOUT.20080930_21h00                                                    
 KTYPE=           1
 YCOMMAND=transfer.x MESONH         SURFOUT.20080930_21h00                                                    
 KTYPE=           1
 YCOMMAND=transfer.x MESONH         SURFOUT.20080930_22h00                                                    
 KTYPE=           1
 YCOMMAND=transfer.x MESONH         SURFOUT.20080930_22h00                                                    
 KTYPE=           1
 YCOMMAND=transfer.x MESONH         SURFOUT.20080930_22h00                                                    
 KTYPE=           1
 YCOMMAND=transfer.x MESONH         SURFOUT.20080930_22h00                                                    
 KTYPE=           1
 YCOMMAND=transfer.x MESONH         SURFOUT.20080930_22h00                                                    
 KTYPE=           1
 YCOMMAND=transfer.x MESONH         SURFOUT.20080930_22h00                                                    
 KTYPE=           1
 YCOMMAND=transfer.x MESONH         SURFOUT.20080930_22h00                                                    
 KTYPE=           1
 YCOMMAND=transfer.x MESONH         SURFOUT.20080930_22h00                                                    
 KTYPE=           1
 YCOMMAND=transfer.x MESONH         SURFOUT.20080930_22h00                                                    
 KTYPE=           1
 YCOMMAND=transfer.x MESONH         SURFOUT.20080930_22h00                                                    
 KTYPE=           1
 YCOMMAND=transfer.x MESONH         SURFOUT.20080930_22h00                                                    
 KTYPE=           1
 YCOMMAND=transfer.x MESONH         SURFOUT.20080930_22h00                                                    
 KTYPE=           1
 YCOMMAND=transfer.x MESONH         SURFOUT.20080930_22h00                                                    
 KTYPE=           1
 YCOMMAND=transfer.x MESONH         SURFOUT.20080930_22h00                                                    
 KTYPE=           1
 YCOMMAND=transfer.x MESONH         SURFOUT.20080930_23h00                                                    
 KTYPE=           1
 YCOMMAND=transfer.x MESONH         SURFOUT.20080930_23h00                                                    
 KTYPE=           1
 YCOMMAND=transfer.x MESONH         SURFOUT.20080930_23h00                                                    
 KTYPE=           1
 YCOMMAND=transfer.x MESONH         SURFOUT.20080930_23h00                                                    
 KTYPE=           1
 YCOMMAND=transfer.x MESONH         SURFOUT.20080930_23h00                                                    
 KTYPE=           1
 YCOMMAND=transfer.x MESONH         SURFOUT.20080930_23h00                                                    
 KTYPE=           1
 YCOMMAND=transfer.x MESONH         SURFOUT.20080930_23h00                                                    
 KTYPE=           1
 YCOMMAND=transfer.x MESONH         SURFOUT.20080930_23h00                                                    
 KTYPE=           1
 YCOMMAND=transfer.x MESONH         SURFOUT.20080930_23h00                                                    
 KTYPE=           1
 YCOMMAND=transfer.x MESONH         SURFOUT.20080930_23h00                                                    
 KTYPE=           1
 YCOMMAND=transfer.x MESONH         SURFOUT.20080930_23h00                                                    
 KTYPE=           1
 YCOMMAND=transfer.x MESONH         SURFOUT.20080930_23h00                                                    
 KTYPE=           1
 YCOMMAND=transfer.x MESONH         SURFOUT.20080930_23h00                                                    
 KTYPE=           1
 YCOMMAND=transfer.x MESONH         SURFOUT.20080930_23h00                                                    
 KTYPE=           1
 YCOMMAND=transfer.x MESONH         SURFOUT.20081001_00h00                                                    
 KTYPE=           1
 YCOMMAND=transfer.x MESONH         SURFOUT.20081001_00h00                                                    
 KTYPE=           1
 YCOMMAND=transfer.x MESONH         SURFOUT.20081001_00h00                                                    
 KTYPE=           1
 YCOMMAND=transfer.x MESONH         SURFOUT.20081001_00h00                                                    
 KTYPE=           1
 YCOMMAND=transfer.x MESONH         SURFOUT.20081001_00h00                                                    
 KTYPE=           1
 YCOMMAND=transfer.x MESONH         SURFOUT.20081001_00h00                                                    
 KTYPE=           1
 YCOMMAND=transfer.x MESONH         SURFOUT.20081001_00h00                                                    
 KTYPE=           1
 YCOMMAND=transfer.x MESONH         SURFOUT.20081001_00h00                                                    
 KTYPE=           1
 YCOMMAND=transfer.x MESONH         SURFOUT.20081001_00h00                                                    
 KTYPE=           1
 YCOMMAND=transfer.x MESONH         SURFOUT.20081001_00h00                                                    
 KTYPE=           1
 YCOMMAND=transfer.x MESONH         SURFOUT.20081001_00h00                                                    
 KTYPE=           1
 YCOMMAND=transfer.x MESONH         SURFOUT.20081001_00h00                                                    
 KTYPE=           1
 YCOMMAND=transfer.x MESONH         SURFOUT.20081001_00h00                                                    
 KTYPE=           1
 YCOMMAND=transfer.x MESONH         SURFOUT.20081001_00h00                                                    
  
     --------------------------
     | OFFLINE ENDS CORRECTLY |
     --------------------------
  
Running offline for perturbation 2
 CAUTION: DID YOU THINK TO SET OMP_NUM_THREADS=1?
 PLEASE VERIFY OMP_NUM_THREADS IS INITIALIZED : TYPE ECHO $OMP_NUM_THREADS IN A TERMINAL
 KTYPE=           1
 YCOMMAND=transfer.x MESONH         PGD_SODA                                                                  
 KTYPE=           1
 YCOMMAND=transfer.x MESONH         PGD_SODA                                                                  
 KTYPE=           1
 YCOMMAND=transfer.x MESONH         PREP_SODA                                                                 
 KTYPE=           1
 YCOMMAND=transfer.x MESONH         PGD_SODA                                                                  
 KTYPE=           1
 YCOMMAND=transfer.x MESONH         PREP_SODA                                                                 
 KTYPE=           1
 YCOMMAND=transfer.x MESONH         PGD_SODA                                                                  
 KTYPE=           1
 YCOMMAND=transfer.x MESONH         PREP_SODA                                                                 
 KTYPE=           1
 YCOMMAND=transfer.x MESONH         PREP_SODA                                                                 
 KTYPE=           1
 YCOMMAND=transfer.x MESONH         PGD_SODA                                                                  
 KTYPE=           1
 YCOMMAND=transfer.x MESONH         PREP_SODA                                                                 
 KTYPE=           1
 YCOMMAND=transfer.x MESONH         PREP_SODA                                                                 
 KTYPE=           1
 YCOMMAND=transfer.x MESONH         PGD_SODA                                                                  
 KTYPE=           1
 YCOMMAND=transfer.x MESONH         PREP_SODA                                                                 
 KTYPE=           1
 YCOMMAND=transfer.x MESONH         PREP_SODA                                                                 
 KTYPE=           1
 YCOMMAND=transfer.x MESONH         PREP_SODA                                                                 
 KTYPE=           1
 YCOMMAND=transfer.x MESONH         PREP_SODA                                                                 
 KTYPE=           1
 YCOMMAND=transfer.x MESONH         PGD_SODA                                                                  
 KTYPE=           1
 YCOMMAND=transfer.x MESONH         PREP_SODA                                                                 
 KTYPE=           1
 YCOMMAND=transfer.x MESONH         PREP_SODA                                                                 
 KTYPE=           1
 YCOMMAND=transfer.x MESONH         PGD_SODA                                                                  
 KTYPE=           1
 YCOMMAND=transfer.x MESONH         PREP_SODA                                                                 
 KTYPE=           1
 YCOMMAND=transfer.x MESONH         PGD_SODA                                                                  
 KTYPE=           1
 YCOMMAND=transfer.x MESONH         PREP_SODA                                                                 
 KTYPE=           1
 YCOMMAND=transfer.x MESONH         PGD_SODA                                                                  
 KTYPE=           1
 YCOMMAND=transfer.x MESONH         PREP_SODA                                                                 
 KTYPE=           1
 YCOMMAND=transfer.x MESONH         SURFOUT.20080930_19h00                                                    
 KTYPE=           1
 YCOMMAND=transfer.x MESONH         SURFOUT.20080930_19h00                                                    
 KTYPE=           1
 YCOMMAND=transfer.x MESONH         SURFOUT.20080930_19h00                                                    
 KTYPE=           1
 YCOMMAND=transfer.x MESONH         SURFOUT.20080930_19h00                                                    
 KTYPE=           1
 YCOMMAND=transfer.x MESONH         SURFOUT.20080930_19h00                                                    
 KTYPE=           1
 YCOMMAND=transfer.x MESONH         SURFOUT.20080930_19h00                                                    
 KTYPE=           1
 YCOMMAND=transfer.x MESONH         SURFOUT.20080930_19h00                                                    
 KTYPE=           1
 YCOMMAND=transfer.x MESONH         SURFOUT.20080930_19h00                                                    
 KTYPE=           1
 YCOMMAND=transfer.x MESONH         SURFOUT.20080930_19h00                                                    
 KTYPE=           1
 YCOMMAND=transfer.x MESONH         SURFOUT.20080930_19h00                                                    
 KTYPE=           1
 YCOMMAND=transfer.x MESONH         SURFOUT.20080930_19h00                                                    
 KTYPE=           1
 YCOMMAND=transfer.x MESONH         SURFOUT.20080930_19h00                                                    
 KTYPE=           1
 YCOMMAND=transfer.x MESONH         SURFOUT.20080930_19h00                                                    
 KTYPE=           1
 YCOMMAND=transfer.x MESONH         SURFOUT.20080930_19h00                                                    
 KTYPE=           1
 YCOMMAND=transfer.x MESONH         SURFOUT.20080930_20h00                                                    
 KTYPE=           1
 YCOMMAND=transfer.x MESONH         SURFOUT.20080930_20h00                                                    
 KTYPE=           1
 YCOMMAND=transfer.x MESONH         SURFOUT.20080930_20h00                                                    
 KTYPE=           1
 YCOMMAND=transfer.x MESONH         SURFOUT.20080930_20h00                                                    
 KTYPE=           1
 YCOMMAND=transfer.x MESONH         SURFOUT.20080930_20h00                                                    
 KTYPE=           1
 YCOMMAND=transfer.x MESONH         SURFOUT.20080930_20h00                                                    
 KTYPE=           1
 YCOMMAND=transfer.x MESONH         SURFOUT.20080930_20h00                                                    
 KTYPE=           1
 YCOMMAND=transfer.x MESONH         SURFOUT.20080930_20h00                                                    
 KTYPE=           1
 YCOMMAND=transfer.x MESONH         SURFOUT.20080930_20h00                                                    
 KTYPE=           1
 YCOMMAND=transfer.x MESONH         SURFOUT.20080930_20h00                                                    
 KTYPE=           1
 YCOMMAND=transfer.x MESONH         SURFOUT.20080930_20h00                                                    
 KTYPE=           1
 YCOMMAND=transfer.x MESONH         SURFOUT.20080930_20h00                                                    
 KTYPE=           1
 YCOMMAND=transfer.x MESONH         SURFOUT.20080930_20h00                                                    
 KTYPE=           1
 YCOMMAND=transfer.x MESONH         SURFOUT.20080930_20h00                                                    
 KTYPE=           1
 YCOMMAND=transfer.x MESONH         SURFOUT.20080930_21h00                                                    
 KTYPE=           1
 YCOMMAND=transfer.x MESONH         SURFOUT.20080930_21h00                                                    
 KTYPE=           1
 YCOMMAND=transfer.x MESONH         SURFOUT.20080930_21h00                                                    
 KTYPE=           1
 YCOMMAND=transfer.x MESONH         SURFOUT.20080930_21h00                                                    
 KTYPE=           1
 YCOMMAND=transfer.x MESONH         SURFOUT.20080930_21h00                                                    
 KTYPE=           1
 YCOMMAND=transfer.x MESONH         SURFOUT.20080930_21h00                                                    
 KTYPE=           1
 YCOMMAND=transfer.x MESONH         SURFOUT.20080930_21h00                                                    
 KTYPE=           1
 YCOMMAND=transfer.x MESONH         SURFOUT.20080930_21h00                                                    
 KTYPE=           1
 YCOMMAND=transfer.x MESONH         SURFOUT.20080930_21h00                                                    
 KTYPE=           1
 YCOMMAND=transfer.x MESONH         SURFOUT.20080930_21h00                                                    
 KTYPE=           1
 YCOMMAND=transfer.x MESONH         SURFOUT.20080930_21h00                                                    
 KTYPE=           1
 YCOMMAND=transfer.x MESONH         SURFOUT.20080930_21h00                                                    
 KTYPE=           1
 YCOMMAND=transfer.x MESONH         SURFOUT.20080930_21h00                                                    
 KTYPE=           1
 YCOMMAND=transfer.x MESONH         SURFOUT.20080930_21h00                                                    
 KTYPE=           1
 YCOMMAND=transfer.x MESONH         SURFOUT.20080930_22h00                                                    
 KTYPE=           1
 YCOMMAND=transfer.x MESONH         SURFOUT.20080930_22h00                                                    
 KTYPE=           1
 YCOMMAND=transfer.x MESONH         SURFOUT.20080930_22h00                                                    
 KTYPE=           1
 YCOMMAND=transfer.x MESONH         SURFOUT.20080930_22h00                                                    
 KTYPE=           1
 YCOMMAND=transfer.x MESONH         SURFOUT.20080930_22h00                                                    
 KTYPE=           1
 YCOMMAND=transfer.x MESONH         SURFOUT.20080930_22h00                                                    
 KTYPE=           1
 YCOMMAND=transfer.x MESONH         SURFOUT.20080930_22h00                                                    
 KTYPE=           1
 YCOMMAND=transfer.x MESONH         SURFOUT.20080930_22h00                                                    
 KTYPE=           1
 YCOMMAND=transfer.x MESONH         SURFOUT.20080930_22h00                                                    
 KTYPE=           1
 YCOMMAND=transfer.x MESONH         SURFOUT.20080930_22h00                                                    
 KTYPE=           1
 YCOMMAND=transfer.x MESONH         SURFOUT.20080930_22h00                                                    
 KTYPE=           1
 YCOMMAND=transfer.x MESONH         SURFOUT.20080930_22h00                                                    
 KTYPE=           1
 YCOMMAND=transfer.x MESONH         SURFOUT.20080930_22h00                                                    
 KTYPE=           1
 YCOMMAND=transfer.x MESONH         SURFOUT.20080930_22h00                                                    
 KTYPE=           1
 YCOMMAND=transfer.x MESONH         SURFOUT.20080930_23h00                                                    
 KTYPE=           1
 YCOMMAND=transfer.x MESONH         SURFOUT.20080930_23h00                                                    
 KTYPE=           1
 YCOMMAND=transfer.x MESONH         SURFOUT.20080930_23h00                                                    
 KTYPE=           1
 YCOMMAND=transfer.x MESONH         SURFOUT.20080930_23h00                                                    
 KTYPE=           1
 YCOMMAND=transfer.x MESONH         SURFOUT.20080930_23h00                                                    
 KTYPE=           1
 YCOMMAND=transfer.x MESONH         SURFOUT.20080930_23h00                                                    
 KTYPE=           1
 YCOMMAND=transfer.x MESONH         SURFOUT.20080930_23h00                                                    
 KTYPE=           1
 YCOMMAND=transfer.x MESONH         SURFOUT.20080930_23h00                                                    
 KTYPE=           1
 YCOMMAND=transfer.x MESONH         SURFOUT.20080930_23h00                                                    
 KTYPE=           1
 YCOMMAND=transfer.x MESONH         SURFOUT.20080930_23h00                                                    
 KTYPE=           1
 YCOMMAND=transfer.x MESONH         SURFOUT.20080930_23h00                                                    
 KTYPE=           1
 YCOMMAND=transfer.x MESONH         SURFOUT.20080930_23h00                                                    
 KTYPE=           1
 YCOMMAND=transfer.x MESONH         SURFOUT.20080930_23h00                                                    
 KTYPE=           1
 YCOMMAND=transfer.x MESONH         SURFOUT.20080930_23h00                                                    
 KTYPE=           1
 YCOMMAND=transfer.x MESONH         SURFOUT.20081001_00h00                                                    
 KTYPE=           1
 YCOMMAND=transfer.x MESONH         SURFOUT.20081001_00h00                                                    
 KTYPE=           1
 YCOMMAND=transfer.x MESONH         SURFOUT.20081001_00h00                                                    
 KTYPE=           1
 YCOMMAND=transfer.x MESONH         SURFOUT.20081001_00h00                                                    
 KTYPE=           1
 YCOMMAND=transfer.x MESONH         SURFOUT.20081001_00h00                                                    
 KTYPE=           1
 YCOMMAND=transfer.x MESONH         SURFOUT.20081001_00h00                                                    
 KTYPE=           1
 YCOMMAND=transfer.x MESONH         SURFOUT.20081001_00h00                                                    
 KTYPE=           1
 YCOMMAND=transfer.x MESONH         SURFOUT.20081001_00h00                                                    
 KTYPE=           1
 YCOMMAND=transfer.x MESONH         SURFOUT.20081001_00h00                                                    
 KTYPE=           1
 YCOMMAND=transfer.x MESONH         SURFOUT.20081001_00h00                                                    
 KTYPE=           1
 YCOMMAND=transfer.x MESONH         SURFOUT.20081001_00h00                                                    
 KTYPE=           1
 YCOMMAND=transfer.x MESONH         SURFOUT.20081001_00h00                                                    
 KTYPE=           1
 YCOMMAND=transfer.x MESONH         SURFOUT.20081001_00h00                                                    
 KTYPE=           1
 YCOMMAND=transfer.x MESONH         SURFOUT.20081001_00h00                                                    
  
     --------------------------
     | OFFLINE ENDS CORRECTLY |
     --------------------------
  
Running offline for perturbation 3
 CAUTION: DID YOU THINK TO SET OMP_NUM_THREADS=1?
 PLEASE VERIFY OMP_NUM_THREADS IS INITIALIZED : TYPE ECHO $OMP_NUM_THREADS IN A TERMINAL
 KTYPE=           1
 YCOMMAND=transfer.x MESONH         PGD_SODA                                                                  
 KTYPE=           1
 YCOMMAND=transfer.x MESONH         PGD_SODA                                                                  
 KTYPE=           1
 YCOMMAND=transfer.x MESONH         PREP_SODA                                                                 
 KTYPE=           1
 YCOMMAND=transfer.x MESONH         PGD_SODA                                                                  
 KTYPE=           1
 YCOMMAND=transfer.x MESONH         PREP_SODA                                                                 
 KTYPE=           1
 YCOMMAND=transfer.x MESONH         PGD_SODA                                                                  
 KTYPE=           1
 YCOMMAND=transfer.x MESONH         PREP_SODA                                                                 
 KTYPE=           1
 YCOMMAND=transfer.x MESONH         PREP_SODA                                                                 
 KTYPE=           1
 YCOMMAND=transfer.x MESONH         PGD_SODA                                                                  
 KTYPE=           1
 YCOMMAND=transfer.x MESONH         PREP_SODA                                                                 
 KTYPE=           1
 YCOMMAND=transfer.x MESONH         PREP_SODA                                                                 
 KTYPE=           1
 YCOMMAND=transfer.x MESONH         PGD_SODA                                                                  
 KTYPE=           1
 YCOMMAND=transfer.x MESONH         PREP_SODA                                                                 
 KTYPE=           1
 YCOMMAND=transfer.x MESONH         PREP_SODA                                                                 
 KTYPE=           1
 YCOMMAND=transfer.x MESONH         PREP_SODA                                                                 
 KTYPE=           1
 YCOMMAND=transfer.x MESONH         PREP_SODA                                                                 
 KTYPE=           1
 YCOMMAND=transfer.x MESONH         PGD_SODA                                                                  
 KTYPE=           1
 YCOMMAND=transfer.x MESONH         PREP_SODA                                                                 
 KTYPE=           1
 YCOMMAND=transfer.x MESONH         PREP_SODA                                                                 
 KTYPE=           1
 YCOMMAND=transfer.x MESONH         PGD_SODA                                                                  
 KTYPE=           1
 YCOMMAND=transfer.x MESONH         PREP_SODA                                                                 
 KTYPE=           1
 YCOMMAND=transfer.x MESONH         PGD_SODA                                                                  
 KTYPE=           1
 YCOMMAND=transfer.x MESONH         PREP_SODA                                                                 
 KTYPE=           1
 YCOMMAND=transfer.x MESONH         PGD_SODA                                                                  
 KTYPE=           1
 YCOMMAND=transfer.x MESONH         PREP_SODA                                                                 
 KTYPE=           1
 YCOMMAND=transfer.x MESONH         SURFOUT.20080930_19h00                                                    
 KTYPE=           1
 YCOMMAND=transfer.x MESONH         SURFOUT.20080930_19h00                                                    
 KTYPE=           1
 YCOMMAND=transfer.x MESONH         SURFOUT.20080930_19h00                                                    
 KTYPE=           1
 YCOMMAND=transfer.x MESONH         SURFOUT.20080930_19h00                                                    
 KTYPE=           1
 YCOMMAND=transfer.x MESONH         SURFOUT.20080930_19h00                                                    
 KTYPE=           1
 YCOMMAND=transfer.x MESONH         SURFOUT.20080930_19h00                                                    
 KTYPE=           1
 YCOMMAND=transfer.x MESONH         SURFOUT.20080930_19h00                                                    
 KTYPE=           1
 YCOMMAND=transfer.x MESONH         SURFOUT.20080930_19h00                                                    
 KTYPE=           1
 YCOMMAND=transfer.x MESONH         SURFOUT.20080930_19h00                                                    
 KTYPE=           1
 YCOMMAND=transfer.x MESONH         SURFOUT.20080930_19h00                                                    
 KTYPE=           1
 YCOMMAND=transfer.x MESONH         SURFOUT.20080930_19h00                                                    
 KTYPE=           1
 YCOMMAND=transfer.x MESONH         SURFOUT.20080930_19h00                                                    
 KTYPE=           1
 YCOMMAND=transfer.x MESONH         SURFOUT.20080930_19h00                                                    
 KTYPE=           1
 YCOMMAND=transfer.x MESONH         SURFOUT.20080930_19h00                                                    
 KTYPE=           1
 YCOMMAND=transfer.x MESONH         SURFOUT.20080930_20h00                                                    
 KTYPE=           1
 YCOMMAND=transfer.x MESONH         SURFOUT.20080930_20h00                                                    
 KTYPE=           1
 YCOMMAND=transfer.x MESONH         SURFOUT.20080930_20h00                                                    
 KTYPE=           1
 YCOMMAND=transfer.x MESONH         SURFOUT.20080930_20h00                                                    
 KTYPE=           1
 YCOMMAND=transfer.x MESONH         SURFOUT.20080930_20h00                                                    
 KTYPE=           1
 YCOMMAND=transfer.x MESONH         SURFOUT.20080930_20h00                                                    
 KTYPE=           1
 YCOMMAND=transfer.x MESONH         SURFOUT.20080930_20h00                                                    
 KTYPE=           1
 YCOMMAND=transfer.x MESONH         SURFOUT.20080930_20h00                                                    
 KTYPE=           1
 YCOMMAND=transfer.x MESONH         SURFOUT.20080930_20h00                                                    
 KTYPE=           1
 YCOMMAND=transfer.x MESONH         SURFOUT.20080930_20h00                                                    
 KTYPE=           1
 YCOMMAND=transfer.x MESONH         SURFOUT.20080930_20h00                                                    
 KTYPE=           1
 YCOMMAND=transfer.x MESONH         SURFOUT.20080930_20h00                                                    
 KTYPE=           1
 YCOMMAND=transfer.x MESONH         SURFOUT.20080930_20h00                                                    
 KTYPE=           1
 YCOMMAND=transfer.x MESONH         SURFOUT.20080930_20h00                                                    
 KTYPE=           1
 YCOMMAND=transfer.x MESONH         SURFOUT.20080930_21h00                                                    
 KTYPE=           1
 YCOMMAND=transfer.x MESONH         SURFOUT.20080930_21h00                                                    
 KTYPE=           1
 YCOMMAND=transfer.x MESONH         SURFOUT.20080930_21h00                                                    
 KTYPE=           1
 YCOMMAND=transfer.x MESONH         SURFOUT.20080930_21h00                                                    
 KTYPE=           1
 YCOMMAND=transfer.x MESONH         SURFOUT.20080930_21h00                                                    
 KTYPE=           1
 YCOMMAND=transfer.x MESONH         SURFOUT.20080930_21h00                                                    
 KTYPE=           1
 YCOMMAND=transfer.x MESONH         SURFOUT.20080930_21h00                                                    
 KTYPE=           1
 YCOMMAND=transfer.x MESONH         SURFOUT.20080930_21h00                                                    
 KTYPE=           1
 YCOMMAND=transfer.x MESONH         SURFOUT.20080930_21h00                                                    
 KTYPE=           1
 YCOMMAND=transfer.x MESONH         SURFOUT.20080930_21h00                                                    
 KTYPE=           1
 YCOMMAND=transfer.x MESONH         SURFOUT.20080930_21h00                                                    
 KTYPE=           1
 YCOMMAND=transfer.x MESONH         SURFOUT.20080930_21h00                                                    
 KTYPE=           1
 YCOMMAND=transfer.x MESONH         SURFOUT.20080930_21h00                                                    
 KTYPE=           1
 YCOMMAND=transfer.x MESONH         SURFOUT.20080930_21h00                                                    
 KTYPE=           1
 YCOMMAND=transfer.x MESONH         SURFOUT.20080930_22h00                                                    
 KTYPE=           1
 YCOMMAND=transfer.x MESONH         SURFOUT.20080930_22h00                                                    
 KTYPE=           1
 YCOMMAND=transfer.x MESONH         SURFOUT.20080930_22h00                                                    
 KTYPE=           1
 YCOMMAND=transfer.x MESONH         SURFOUT.20080930_22h00                                                    
 KTYPE=           1
 YCOMMAND=transfer.x MESONH         SURFOUT.20080930_22h00                                                    
 KTYPE=           1
 YCOMMAND=transfer.x MESONH         SURFOUT.20080930_22h00                                                    
 KTYPE=           1
 YCOMMAND=transfer.x MESONH         SURFOUT.20080930_22h00                                                    
 KTYPE=           1
 YCOMMAND=transfer.x MESONH         SURFOUT.20080930_22h00                                                    
 KTYPE=           1
 YCOMMAND=transfer.x MESONH         SURFOUT.20080930_22h00                                                    
 KTYPE=           1
 YCOMMAND=transfer.x MESONH         SURFOUT.20080930_22h00                                                    
 KTYPE=           1
 YCOMMAND=transfer.x MESONH         SURFOUT.20080930_22h00                                                    
 KTYPE=           1
 YCOMMAND=transfer.x MESONH         SURFOUT.20080930_22h00                                                    
 KTYPE=           1
 YCOMMAND=transfer.x MESONH         SURFOUT.20080930_22h00                                                    
 KTYPE=           1
 YCOMMAND=transfer.x MESONH         SURFOUT.20080930_22h00                                                    
 KTYPE=           1
 YCOMMAND=transfer.x MESONH         SURFOUT.20080930_23h00                                                    
 KTYPE=           1
 YCOMMAND=transfer.x MESONH         SURFOUT.20080930_23h00                                                    
 KTYPE=           1
 YCOMMAND=transfer.x MESONH         SURFOUT.20080930_23h00                                                    
 KTYPE=           1
 YCOMMAND=transfer.x MESONH         SURFOUT.20080930_23h00                                                    
 KTYPE=           1
 YCOMMAND=transfer.x MESONH         SURFOUT.20080930_23h00                                                    
 KTYPE=           1
 YCOMMAND=transfer.x MESONH         SURFOUT.20080930_23h00                                                    
 KTYPE=           1
 YCOMMAND=transfer.x MESONH         SURFOUT.20080930_23h00                                                    
 KTYPE=           1
 YCOMMAND=transfer.x MESONH         SURFOUT.20080930_23h00                                                    
 KTYPE=           1
 YCOMMAND=transfer.x MESONH         SURFOUT.20080930_23h00                                                    
 KTYPE=           1
 YCOMMAND=transfer.x MESONH         SURFOUT.20080930_23h00                                                    
 KTYPE=           1
 YCOMMAND=transfer.x MESONH         SURFOUT.20080930_23h00                                                    
 KTYPE=           1
 YCOMMAND=transfer.x MESONH         SURFOUT.20080930_23h00                                                    
 KTYPE=           1
 YCOMMAND=transfer.x MESONH         SURFOUT.20080930_23h00                                                    
 KTYPE=           1
 YCOMMAND=transfer.x MESONH         SURFOUT.20080930_23h00                                                    
 KTYPE=           1
 YCOMMAND=transfer.x MESONH         SURFOUT.20081001_00h00                                                    
 KTYPE=           1
 YCOMMAND=transfer.x MESONH         SURFOUT.20081001_00h00                                                    
 KTYPE=           1
 YCOMMAND=transfer.x MESONH         SURFOUT.20081001_00h00                                                    
 KTYPE=           1
 YCOMMAND=transfer.x MESONH         SURFOUT.20081001_00h00                                                    
 KTYPE=           1
 YCOMMAND=transfer.x MESONH         SURFOUT.20081001_00h00                                                    
 KTYPE=           1
 YCOMMAND=transfer.x MESONH         SURFOUT.20081001_00h00                                                    
 KTYPE=           1
 YCOMMAND=transfer.x MESONH         SURFOUT.20081001_00h00                                                    
 KTYPE=           1
 YCOMMAND=transfer.x MESONH         SURFOUT.20081001_00h00                                                    
 KTYPE=           1
 YCOMMAND=transfer.x MESONH         SURFOUT.20081001_00h00                                                    
 KTYPE=           1
 YCOMMAND=transfer.x MESONH         SURFOUT.20081001_00h00                                                    
 KTYPE=           1
 YCOMMAND=transfer.x MESONH         SURFOUT.20081001_00h00                                                    
 KTYPE=           1
 YCOMMAND=transfer.x MESONH         SURFOUT.20081001_00h00                                                    
 KTYPE=           1
 YCOMMAND=transfer.x MESONH         SURFOUT.20081001_00h00                                                    
 KTYPE=           1
 YCOMMAND=transfer.x MESONH         SURFOUT.20081001_00h00                                                    
  
     --------------------------
     | OFFLINE ENDS CORRECTLY |
     --------------------------
  
Running offline for perturbation 4
 CAUTION: DID YOU THINK TO SET OMP_NUM_THREADS=1?
 PLEASE VERIFY OMP_NUM_THREADS IS INITIALIZED : TYPE ECHO $OMP_NUM_THREADS IN A TERMINAL
 KTYPE=           1
 YCOMMAND=transfer.x MESONH         PGD_SODA                                                                  
 KTYPE=           1
 YCOMMAND=transfer.x MESONH         PGD_SODA                                                                  
 KTYPE=           1
 YCOMMAND=transfer.x MESONH         PREP_SODA                                                                 
 KTYPE=           1
 YCOMMAND=transfer.x MESONH         PGD_SODA                                                                  
 KTYPE=           1
 YCOMMAND=transfer.x MESONH         PREP_SODA                                                                 
 KTYPE=           1
 YCOMMAND=transfer.x MESONH         PGD_SODA                                                                  
 KTYPE=           1
 YCOMMAND=transfer.x MESONH         PREP_SODA                                                                 
 KTYPE=           1
 YCOMMAND=transfer.x MESONH         PREP_SODA                                                                 
 KTYPE=           1
 YCOMMAND=transfer.x MESONH         PGD_SODA                                                                  
 KTYPE=           1
 YCOMMAND=transfer.x MESONH         PREP_SODA                                                                 
 KTYPE=           1
 YCOMMAND=transfer.x MESONH         PREP_SODA                                                                 
 KTYPE=           1
 YCOMMAND=transfer.x MESONH         PGD_SODA                                                                  
 KTYPE=           1
 YCOMMAND=transfer.x MESONH         PREP_SODA                                                                 
 KTYPE=           1
 YCOMMAND=transfer.x MESONH         PREP_SODA                                                                 
 KTYPE=           1
 YCOMMAND=transfer.x MESONH         PREP_SODA                                                                 
 KTYPE=           1
 YCOMMAND=transfer.x MESONH         PREP_SODA                                                                 
 KTYPE=           1
 YCOMMAND=transfer.x MESONH         PGD_SODA                                                                  
 KTYPE=           1
 YCOMMAND=transfer.x MESONH         PREP_SODA                                                                 
 KTYPE=           1
 YCOMMAND=transfer.x MESONH         PREP_SODA                                                                 
 KTYPE=           1
 YCOMMAND=transfer.x MESONH         PGD_SODA                                                                  
 KTYPE=           1
 YCOMMAND=transfer.x MESONH         PREP_SODA                                                                 
 KTYPE=           1
 YCOMMAND=transfer.x MESONH         PGD_SODA                                                                  
 KTYPE=           1
 YCOMMAND=transfer.x MESONH         PREP_SODA                                                                 
 KTYPE=           1
 YCOMMAND=transfer.x MESONH         PGD_SODA                                                                  
 KTYPE=           1
 YCOMMAND=transfer.x MESONH         PREP_SODA                                                                 
 KTYPE=           1
 YCOMMAND=transfer.x MESONH         SURFOUT.20080930_19h00                                                    
 KTYPE=           1
 YCOMMAND=transfer.x MESONH         SURFOUT.20080930_19h00                                                    
 KTYPE=           1
 YCOMMAND=transfer.x MESONH         SURFOUT.20080930_19h00                                                    
 KTYPE=           1
 YCOMMAND=transfer.x MESONH         SURFOUT.20080930_19h00                                                    
 KTYPE=           1
 YCOMMAND=transfer.x MESONH         SURFOUT.20080930_19h00                                                    
 KTYPE=           1
 YCOMMAND=transfer.x MESONH         SURFOUT.20080930_19h00                                                    
 KTYPE=           1
 YCOMMAND=transfer.x MESONH         SURFOUT.20080930_19h00                                                    
 KTYPE=           1
 YCOMMAND=transfer.x MESONH         SURFOUT.20080930_19h00                                                    
 KTYPE=           1
 YCOMMAND=transfer.x MESONH         SURFOUT.20080930_19h00                                                    
 KTYPE=           1
 YCOMMAND=transfer.x MESONH         SURFOUT.20080930_19h00                                                    
 KTYPE=           1
 YCOMMAND=transfer.x MESONH         SURFOUT.20080930_19h00                                                    
 KTYPE=           1
 YCOMMAND=transfer.x MESONH         SURFOUT.20080930_19h00                                                    
 KTYPE=           1
 YCOMMAND=transfer.x MESONH         SURFOUT.20080930_19h00                                                    
 KTYPE=           1
 YCOMMAND=transfer.x MESONH         SURFOUT.20080930_19h00                                                    
 KTYPE=           1
 YCOMMAND=transfer.x MESONH         SURFOUT.20080930_20h00                                                    
 KTYPE=           1
 YCOMMAND=transfer.x MESONH         SURFOUT.20080930_20h00                                                    
 KTYPE=           1
 YCOMMAND=transfer.x MESONH         SURFOUT.20080930_20h00                                                    
 KTYPE=           1
 YCOMMAND=transfer.x MESONH         SURFOUT.20080930_20h00                                                    
 KTYPE=           1
 YCOMMAND=transfer.x MESONH         SURFOUT.20080930_20h00                                                    
 KTYPE=           1
 YCOMMAND=transfer.x MESONH         SURFOUT.20080930_20h00                                                    
 KTYPE=           1
 YCOMMAND=transfer.x MESONH         SURFOUT.20080930_20h00                                                    
 KTYPE=           1
 YCOMMAND=transfer.x MESONH         SURFOUT.20080930_20h00                                                    
 KTYPE=           1
 YCOMMAND=transfer.x MESONH         SURFOUT.20080930_20h00                                                    
 KTYPE=           1
 YCOMMAND=transfer.x MESONH         SURFOUT.20080930_20h00                                                    
 KTYPE=           1
 YCOMMAND=transfer.x MESONH         SURFOUT.20080930_20h00                                                    
 KTYPE=           1
 YCOMMAND=transfer.x MESONH         SURFOUT.20080930_20h00                                                    
 KTYPE=           1
 YCOMMAND=transfer.x MESONH         SURFOUT.20080930_20h00                                                    
 KTYPE=           1
 YCOMMAND=transfer.x MESONH         SURFOUT.20080930_20h00                                                    
 KTYPE=           1
 YCOMMAND=transfer.x MESONH         SURFOUT.20080930_21h00                                                    
 KTYPE=           1
 YCOMMAND=transfer.x MESONH         SURFOUT.20080930_21h00                                                    
 KTYPE=           1
 YCOMMAND=transfer.x MESONH         SURFOUT.20080930_21h00                                                    
 KTYPE=           1
 YCOMMAND=transfer.x MESONH         SURFOUT.20080930_21h00                                                    
 KTYPE=           1
 YCOMMAND=transfer.x MESONH         SURFOUT.20080930_21h00                                                    
 KTYPE=           1
 YCOMMAND=transfer.x MESONH         SURFOUT.20080930_21h00                                                    
 KTYPE=           1
 YCOMMAND=transfer.x MESONH         SURFOUT.20080930_21h00                                                    
 KTYPE=           1
 YCOMMAND=transfer.x MESONH         SURFOUT.20080930_21h00                                                    
 KTYPE=           1
 YCOMMAND=transfer.x MESONH         SURFOUT.20080930_21h00                                                    
 KTYPE=           1
 YCOMMAND=transfer.x MESONH         SURFOUT.20080930_21h00                                                    
 KTYPE=           1
 YCOMMAND=transfer.x MESONH         SURFOUT.20080930_21h00                                                    
 KTYPE=           1
 YCOMMAND=transfer.x MESONH         SURFOUT.20080930_21h00                                                    
 KTYPE=           1
 YCOMMAND=transfer.x MESONH         SURFOUT.20080930_21h00                                                    
 KTYPE=           1
 YCOMMAND=transfer.x MESONH         SURFOUT.20080930_21h00                                                    
 KTYPE=           1
 YCOMMAND=transfer.x MESONH         SURFOUT.20080930_22h00                                                    
 KTYPE=           1
 YCOMMAND=transfer.x MESONH         SURFOUT.20080930_22h00                                                    
 KTYPE=           1
 YCOMMAND=transfer.x MESONH         SURFOUT.20080930_22h00                                                    
 KTYPE=           1
 YCOMMAND=transfer.x MESONH         SURFOUT.20080930_22h00                                                    
 KTYPE=           1
 YCOMMAND=transfer.x MESONH         SURFOUT.20080930_22h00                                                    
 KTYPE=           1
 YCOMMAND=transfer.x MESONH         SURFOUT.20080930_22h00                                                    
 KTYPE=           1
 YCOMMAND=transfer.x MESONH         SURFOUT.20080930_22h00                                                    
 KTYPE=           1
 YCOMMAND=transfer.x MESONH         SURFOUT.20080930_22h00                                                    
 KTYPE=           1
 YCOMMAND=transfer.x MESONH         SURFOUT.20080930_22h00                                                    
 KTYPE=           1
 YCOMMAND=transfer.x MESONH         SURFOUT.20080930_22h00                                                    
 KTYPE=           1
 YCOMMAND=transfer.x MESONH         SURFOUT.20080930_22h00                                                    
 KTYPE=           1
 YCOMMAND=transfer.x MESONH         SURFOUT.20080930_22h00                                                    
 KTYPE=           1
 YCOMMAND=transfer.x MESONH         SURFOUT.20080930_22h00                                                    
 KTYPE=           1
 YCOMMAND=transfer.x MESONH         SURFOUT.20080930_22h00                                                    
 KTYPE=           1
 YCOMMAND=transfer.x MESONH         SURFOUT.20080930_23h00                                                    
 KTYPE=           1
 YCOMMAND=transfer.x MESONH         SURFOUT.20080930_23h00                                                    
 KTYPE=           1
 YCOMMAND=transfer.x MESONH         SURFOUT.20080930_23h00                                                    
 KTYPE=           1
 YCOMMAND=transfer.x MESONH         SURFOUT.20080930_23h00                                                    
 KTYPE=           1
 YCOMMAND=transfer.x MESONH         SURFOUT.20080930_23h00                                                    
 KTYPE=           1
 YCOMMAND=transfer.x MESONH         SURFOUT.20080930_23h00                                                    
 KTYPE=           1
 YCOMMAND=transfer.x MESONH         SURFOUT.20080930_23h00                                                    
 KTYPE=           1
 YCOMMAND=transfer.x MESONH         SURFOUT.20080930_23h00                                                    
 KTYPE=           1
 YCOMMAND=transfer.x MESONH         SURFOUT.20080930_23h00                                                    
 KTYPE=           1
 YCOMMAND=transfer.x MESONH         SURFOUT.20080930_23h00                                                    
 KTYPE=           1
 YCOMMAND=transfer.x MESONH         SURFOUT.20080930_23h00                                                    
 KTYPE=           1
 YCOMMAND=transfer.x MESONH         SURFOUT.20080930_23h00                                                    
 KTYPE=           1
 YCOMMAND=transfer.x MESONH         SURFOUT.20080930_23h00                                                    
 KTYPE=           1
 YCOMMAND=transfer.x MESONH         SURFOUT.20080930_23h00                                                    
 KTYPE=           1
 YCOMMAND=transfer.x MESONH         SURFOUT.20081001_00h00                                                    
 KTYPE=           1
 YCOMMAND=transfer.x MESONH         SURFOUT.20081001_00h00                                                    
 KTYPE=           1
 YCOMMAND=transfer.x MESONH         SURFOUT.20081001_00h00                                                    
 KTYPE=           1
 YCOMMAND=transfer.x MESONH         SURFOUT.20081001_00h00                                                    
 KTYPE=           1
 YCOMMAND=transfer.x MESONH         SURFOUT.20081001_00h00                                                    
 KTYPE=           1
 YCOMMAND=transfer.x MESONH         SURFOUT.20081001_00h00                                                    
 KTYPE=           1
 YCOMMAND=transfer.x MESONH         SURFOUT.20081001_00h00                                                    
 KTYPE=           1
 YCOMMAND=transfer.x MESONH         SURFOUT.20081001_00h00                                                    
 KTYPE=           1
 YCOMMAND=transfer.x MESONH         SURFOUT.20081001_00h00                                                    
 KTYPE=           1
 YCOMMAND=transfer.x MESONH         SURFOUT.20081001_00h00                                                    
 KTYPE=           1
 YCOMMAND=transfer.x MESONH         SURFOUT.20081001_00h00                                                    
 KTYPE=           1
 YCOMMAND=transfer.x MESONH         SURFOUT.20081001_00h00                                                    
 KTYPE=           1
 YCOMMAND=transfer.x MESONH         SURFOUT.20081001_00h00                                                    
 KTYPE=           1
 YCOMMAND=transfer.x MESONH         SURFOUT.20081001_00h00                                                    
  
     --------------------------
     | OFFLINE ENDS CORRECTLY |
     --------------------------
  
Assuming we are evolving B matrix from initial state for first cycle with assimilation

    ------------------------------------
    |               SODA               |
    | SURFEX OFFLINE DATA ASSIMILATION |
    ------------------------------------

 KTYPE=           1
 YCOMMAND=transfer.x MESONH         PGD_SODA                                                                  
 KTYPE=           1
 YCOMMAND=transfer.x MESONH         PGD_SODA                                                                  
 KTYPE=           1
 YCOMMAND=transfer.x MESONH         PREP_SODA                                                                 
 INITIALIZING SURFEX...
 KTYPE=           1
 YCOMMAND=transfer.x MESONH         PREP_INIT                                                                 
 KTYPE=           1
 YCOMMAND=transfer.x MESONH         PGD_SODA                                                                  
 KTYPE=           1
 YCOMMAND=transfer.x MESONH         PREP_INIT                                                                 
 KTYPE=           1
 YCOMMAND=transfer.x MESONH         PREP_INIT                                                                 
 KTYPE=           1
 YCOMMAND=transfer.x MESONH         PGD_SODA                                                                  
 KTYPE=           1
 YCOMMAND=transfer.x MESONH         PREP_INIT                                                                 
 KTYPE=           1
 YCOMMAND=transfer.x MESONH         PREP_INIT                                                                 
 KTYPE=           1
 YCOMMAND=transfer.x MESONH         PGD_SODA                                                                  
 KTYPE=           1
 YCOMMAND=transfer.x MESONH         PREP_INIT                                                                 
 KTYPE=           1
 YCOMMAND=transfer.x MESONH         PREP_INIT                                                                 
 KTYPE=           1
 YCOMMAND=transfer.x MESONH         PREP_INIT                                                                 
 KTYPE=           1
 YCOMMAND=transfer.x MESONH         PREP_INIT                                                                 
 KTYPE=           1
 YCOMMAND=transfer.x MESONH         PGD_SODA                                                                  
 KTYPE=           1
 YCOMMAND=transfer.x MESONH         PREP_INIT                                                                 
 KTYPE=           1
 YCOMMAND=transfer.x MESONH         PREP_INIT                                                                 
 KTYPE=           1
 YCOMMAND=transfer.x MESONH         PGD_SODA                                                                  
 KTYPE=           1
 YCOMMAND=transfer.x MESONH         PREP_INIT                                                                 
 KTYPE=           1
 YCOMMAND=transfer.x MESONH         PGD_SODA                                                                  
 KTYPE=           1
 YCOMMAND=transfer.x MESONH         PREP_INIT                                                                 
 KTYPE=           1
 YCOMMAND=transfer.x MESONH         PGD_SODA                                                                  
 KTYPE=           1
 YCOMMAND=transfer.x MESONH         PREP_INIT                                                                 
 KTYPE=           1
 YCOMMAND=transfer.x MESONH         PREP_081001H00_EKF_PERT4                                                  
 KTYPE=           1
 YCOMMAND=transfer.x MESONH         PGD_SODA                                                                  
 KTYPE=           1
 YCOMMAND=transfer.x MESONH         PREP_081001H00_EKF_PERT4                                                  
 KTYPE=           1
 YCOMMAND=transfer.x MESONH         PREP_081001H00_EKF_PERT4                                                  
 KTYPE=           1
 YCOMMAND=transfer.x MESONH         PGD_SODA                                                                  
 KTYPE=           1
 YCOMMAND=transfer.x MESONH         PREP_081001H00_EKF_PERT4                                                  
 KTYPE=           1
 YCOMMAND=transfer.x MESONH         PREP_081001H00_EKF_PERT4                                                  
 KTYPE=           1
 YCOMMAND=transfer.x MESONH         PGD_SODA                                                                  
 KTYPE=           1
 YCOMMAND=transfer.x MESONH         PREP_081001H00_EKF_PERT4                                                  
 KTYPE=           1
 YCOMMAND=transfer.x MESONH         PREP_081001H00_EKF_PERT4                                                  
 KTYPE=           1
 YCOMMAND=transfer.x MESONH         PREP_081001H00_EKF_PERT4                                                  
 KTYPE=           1
 YCOMMAND=transfer.x MESONH         PREP_081001H00_EKF_PERT4                                                  
 KTYPE=           1
 YCOMMAND=transfer.x MESONH         PGD_SODA                                                                  
 KTYPE=           1
 YCOMMAND=transfer.x MESONH         PREP_081001H00_EKF_PERT4                                                  
 KTYPE=           1
 YCOMMAND=transfer.x MESONH         PREP_081001H00_EKF_PERT4                                                  
 KTYPE=           1
 YCOMMAND=transfer.x MESONH         PGD_SODA                                                                  
 KTYPE=           1
 YCOMMAND=transfer.x MESONH         PREP_081001H00_EKF_PERT4                                                  
 KTYPE=           1
 YCOMMAND=transfer.x MESONH         PGD_SODA                                                                  
 KTYPE=           1
 YCOMMAND=transfer.x MESONH         PREP_081001H00_EKF_PERT4                                                  
 KTYPE=           1
 YCOMMAND=transfer.x MESONH         PGD_SODA                                                                  
 KTYPE=           1
 YCOMMAND=transfer.x MESONH         PREP_081001H00_EKF_PERT4                                                  
 KTYPE=           1
 YCOMMAND=transfer.x MESONH         PREP_081001H00_EKF_PERT3                                                  
 KTYPE=           1
 YCOMMAND=transfer.x MESONH         PGD_SODA                                                                  
 KTYPE=           1
 YCOMMAND=transfer.x MESONH         PREP_081001H00_EKF_PERT3                                                  
 KTYPE=           1
 YCOMMAND=transfer.x MESONH         PREP_081001H00_EKF_PERT3                                                  
 KTYPE=           1
 YCOMMAND=transfer.x MESONH         PGD_SODA                                                                  
 KTYPE=           1
 YCOMMAND=transfer.x MESONH         PREP_081001H00_EKF_PERT3                                                  
 KTYPE=           1
 YCOMMAND=transfer.x MESONH         PREP_081001H00_EKF_PERT3                                                  
 KTYPE=           1
 YCOMMAND=transfer.x MESONH         PGD_SODA                                                                  
 KTYPE=           1
 YCOMMAND=transfer.x MESONH         PREP_081001H00_EKF_PERT3                                                  
 KTYPE=           1
 YCOMMAND=transfer.x MESONH         PREP_081001H00_EKF_PERT3                                                  
 KTYPE=           1
 YCOMMAND=transfer.x MESONH         PREP_081001H00_EKF_PERT3                                                  
 KTYPE=           1
 YCOMMAND=transfer.x MESONH         PREP_081001H00_EKF_PERT3                                                  
 KTYPE=           1
 YCOMMAND=transfer.x MESONH         PGD_SODA                                                                  
 KTYPE=           1
 YCOMMAND=transfer.x MESONH         PREP_081001H00_EKF_PERT3                                                  
 KTYPE=           1
 YCOMMAND=transfer.x MESONH         PREP_081001H00_EKF_PERT3                                                  
 KTYPE=           1
 YCOMMAND=transfer.x MESONH         PGD_SODA                                                                  
 KTYPE=           1
 YCOMMAND=transfer.x MESONH         PREP_081001H00_EKF_PERT3                                                  
 KTYPE=           1
 YCOMMAND=transfer.x MESONH         PGD_SODA                                                                  
 KTYPE=           1
 YCOMMAND=transfer.x MESONH         PREP_081001H00_EKF_PERT3                                                  
 KTYPE=           1
 YCOMMAND=transfer.x MESONH         PGD_SODA                                                                  
 KTYPE=           1
 YCOMMAND=transfer.x MESONH         PREP_081001H00_EKF_PERT3                                                  
 KTYPE=           1
 YCOMMAND=transfer.x MESONH         PREP_081001H00_EKF_PERT2                                                  
 KTYPE=           1
 YCOMMAND=transfer.x MESONH         PGD_SODA                                                                  
 KTYPE=           1
 YCOMMAND=transfer.x MESONH         PREP_081001H00_EKF_PERT2                                                  
 KTYPE=           1
 YCOMMAND=transfer.x MESONH         PREP_081001H00_EKF_PERT2                                                  
 KTYPE=           1
 YCOMMAND=transfer.x MESONH         PGD_SODA                                                                  
 KTYPE=           1
 YCOMMAND=transfer.x MESONH         PREP_081001H00_EKF_PERT2                                                  
 KTYPE=           1
 YCOMMAND=transfer.x MESONH         PREP_081001H00_EKF_PERT2                                                  
 KTYPE=           1
 YCOMMAND=transfer.x MESONH         PGD_SODA                                                                  
 KTYPE=           1
 YCOMMAND=transfer.x MESONH         PREP_081001H00_EKF_PERT2                                                  
 KTYPE=           1
 YCOMMAND=transfer.x MESONH         PREP_081001H00_EKF_PERT2                                                  
 KTYPE=           1
 YCOMMAND=transfer.x MESONH         PREP_081001H00_EKF_PERT2                                                  
 KTYPE=           1
 YCOMMAND=transfer.x MESONH         PREP_081001H00_EKF_PERT2                                                  
 KTYPE=           1
 YCOMMAND=transfer.x MESONH         PGD_SODA                                                                  
 KTYPE=           1
 YCOMMAND=transfer.x MESONH         PREP_081001H00_EKF_PERT2                                                  
 KTYPE=           1
 YCOMMAND=transfer.x MESONH         PREP_081001H00_EKF_PERT2                                                  
 KTYPE=           1
 YCOMMAND=transfer.x MESONH         PGD_SODA                                                                  
 KTYPE=           1
 YCOMMAND=transfer.x MESONH         PREP_081001H00_EKF_PERT2                                                  
 KTYPE=           1
 YCOMMAND=transfer.x MESONH         PGD_SODA                                                                  
 KTYPE=           1
 YCOMMAND=transfer.x MESONH         PREP_081001H00_EKF_PERT2                                                  
 KTYPE=           1
 YCOMMAND=transfer.x MESONH         PGD_SODA                                                                  
 KTYPE=           1
 YCOMMAND=transfer.x MESONH         PREP_081001H00_EKF_PERT2                                                  
 KTYPE=           1
 YCOMMAND=transfer.x MESONH         PREP_081001H00_EKF_PERT1                                                  
 KTYPE=           1
 YCOMMAND=transfer.x MESONH         PGD_SODA                                                                  
 KTYPE=           1
 YCOMMAND=transfer.x MESONH         PREP_081001H00_EKF_PERT1                                                  
 KTYPE=           1
 YCOMMAND=transfer.x MESONH         PREP_081001H00_EKF_PERT1                                                  
 KTYPE=           1
 YCOMMAND=transfer.x MESONH         PGD_SODA                                                                  
 KTYPE=           1
 YCOMMAND=transfer.x MESONH         PREP_081001H00_EKF_PERT1                                                  
 KTYPE=           1
 YCOMMAND=transfer.x MESONH         PREP_081001H00_EKF_PERT1                                                  
 KTYPE=           1
 YCOMMAND=transfer.x MESONH         PGD_SODA                                                                  
 KTYPE=           1
 YCOMMAND=transfer.x MESONH         PREP_081001H00_EKF_PERT1                                                  
 KTYPE=           1
 YCOMMAND=transfer.x MESONH         PREP_081001H00_EKF_PERT1                                                  
 KTYPE=           1
 YCOMMAND=transfer.x MESONH         PREP_081001H00_EKF_PERT1                                                  
 KTYPE=           1
 YCOMMAND=transfer.x MESONH         PREP_081001H00_EKF_PERT1                                                  
 KTYPE=           1
 YCOMMAND=transfer.x MESONH         PGD_SODA                                                                  
 KTYPE=           1
 YCOMMAND=transfer.x MESONH         PREP_081001H00_EKF_PERT1                                                  
 KTYPE=           1
 YCOMMAND=transfer.x MESONH         PREP_081001H00_EKF_PERT1                                                  
 KTYPE=           1
 YCOMMAND=transfer.x MESONH         PGD_SODA                                                                  
 KTYPE=           1
 YCOMMAND=transfer.x MESONH         PREP_081001H00_EKF_PERT1                                                  
 KTYPE=           1
 YCOMMAND=transfer.x MESONH         PGD_SODA                                                                  
 KTYPE=           1
 YCOMMAND=transfer.x MESONH         PREP_081001H00_EKF_PERT1                                                  
 KTYPE=           1
 YCOMMAND=transfer.x MESONH         PGD_SODA                                                                  
 KTYPE=           1
 YCOMMAND=transfer.x MESONH         PREP_081001H00_EKF_PERT1                                                  
 KTYPE=           1
 YCOMMAND=transfer.x MESONH         PREP_081001H00_EKF_PERT0                                                  
 KTYPE=           1
 YCOMMAND=transfer.x MESONH         PGD_SODA                                                                  
 KTYPE=           1
 YCOMMAND=transfer.x MESONH         PREP_081001H00_EKF_PERT0                                                  
 KTYPE=           1
 YCOMMAND=transfer.x MESONH         PREP_081001H00_EKF_PERT0                                                  
 KTYPE=           1
 YCOMMAND=transfer.x MESONH         PGD_SODA                                                                  
 KTYPE=           1
 YCOMMAND=transfer.x MESONH         PREP_081001H00_EKF_PERT0                                                  
 KTYPE=           1
 YCOMMAND=transfer.x MESONH         PREP_081001H00_EKF_PERT0                                                  
 KTYPE=           1
 YCOMMAND=transfer.x MESONH         PGD_SODA                                                                  
 KTYPE=           1
 YCOMMAND=transfer.x MESONH         PREP_081001H00_EKF_PERT0                                                  
 KTYPE=           1
 YCOMMAND=transfer.x MESONH         PREP_081001H00_EKF_PERT0                                                  
 KTYPE=           1
 YCOMMAND=transfer.x MESONH         PREP_081001H00_EKF_PERT0                                                  
 KTYPE=           1
 YCOMMAND=transfer.x MESONH         PREP_081001H00_EKF_PERT0                                                  
 KTYPE=           1
 YCOMMAND=transfer.x MESONH         PGD_SODA                                                                  
 KTYPE=           1
 YCOMMAND=transfer.x MESONH         PREP_081001H00_EKF_PERT0                                                  
 KTYPE=           1
 YCOMMAND=transfer.x MESONH         PREP_081001H00_EKF_PERT0                                                  
 KTYPE=           1
 YCOMMAND=transfer.x MESONH         PGD_SODA                                                                  
 KTYPE=           1
 YCOMMAND=transfer.x MESONH         PREP_081001H00_EKF_PERT0                                                  
 KTYPE=           1
 YCOMMAND=transfer.x MESONH         PGD_SODA                                                                  
 KTYPE=           1
 YCOMMAND=transfer.x MESONH         PREP_081001H00_EKF_PERT0                                                  
 KTYPE=           1
 YCOMMAND=transfer.x MESONH         PGD_SODA                                                                  
 KTYPE=           1
 YCOMMAND=transfer.x MESONH         PREP_081001H00_EKF_PERT0                                                  
 READING Land-Sea mask
 READ LSM OK
 READING CANARI ANALYSIS
 READ CANARI OK
 READING SST FROM SST_SIC
 READ SST_SIC OK
   ECMWF_SST_SIC
  SURFSEA.TEMPERA - min, mean, max:    0.2855E+03   0.2863E+03   0.2880E+03
   Replaced land by UNDEF 
  SST            - min, mean, max:    0.2855E+03   0.2863E+03   0.2880E+03
 PERFORMIMG OFFLINE SURFEX DATA ASSIMILATION...
 *********************************************
 *      ASSIMILATIONS FOR SEA POINTS         *
 *********************************************
 UPDATING SST FOR SCHEME: SEAFLX
 Mean SST increments over SEA     0.52200679072390921     
 *********************************************
 *      ASSIMILATIONS FOR WATER POINTS       *
 *********************************************
 UPDATING LST FOR INLAND_WATER: WATFLX
 Lake surface temperature set to   1.00000000000000000E+020 from nearest neighbour at I=          16
 Lake surface temperature set to   1.00000000000000000E+020 from nearest neighbour at I=          17
 Lake surface temperature set to   1.00000000000000000E+020 from nearest neighbour at I=          18
 Lake surface temperature set to   1.00000000000000000E+020 from nearest neighbour at I=          19
 Lake surface temperature set to   1.00000000000000000E+020 from nearest neighbour at I=          20
 Lake surface temperature set to   1.00000000000000000E+020 from nearest neighbour at I=          21
 Lake surface temperature set to   1.00000000000000000E+020 from nearest neighbour at I=          22
 Lake surface temperature set to   1.00000000000000000E+020 from nearest neighbour at I=          23
 Lake surface temperature set to   1.00000000000000000E+020 from nearest neighbour at I=          24
 Lake surface temperature set to   1.00000000000000000E+020 from nearest neighbour at I=          25
 Lake surface temperature set to   1.00000000000000000E+020 from nearest neighbour at I=          26
 Lake surface temperature set to   1.00000000000000000E+020 from nearest neighbour at I=          27
 Lake surface temperature set to   1.00000000000000000E+020 from nearest neighbour at I=          28
 Lake surface temperature set to   1.00000000000000000E+020 from nearest neighbour at I=          29
 Lake surface temperature set to   1.00000000000000000E+020 from nearest neighbour at I=          30
 Lake surface temperature set to   1.00000000000000000E+020 from nearest neighbour at I=          31
 Lake surface temperature set to   1.00000000000000000E+020 from nearest neighbour at I=          32
 Lake surface temperature set to   1.00000000000000000E+020 from nearest neighbour at I=          33
 Lake surface temperature set to   1.00000000000000000E+020 from nearest neighbour at I=          34
 Lake surface temperature set to   1.00000000000000000E+020 from nearest neighbour at I=          35
 Lake surface temperature set to   1.00000000000000000E+020 from nearest neighbour at I=          36
 Lake surface temperature set to   1.00000000000000000E+020 from nearest neighbour at I=          54
 Lake surface temperature set to   1.00000000000000000E+020 from nearest neighbour at I=          55
 Lake surface temperature set to   1.00000000000000000E+020 from nearest neighbour at I=          56
 Lake surface temperature set to   1.00000000000000000E+020 from nearest neighbour at I=          58
 Lake surface temperature set to   1.00000000000000000E+020 from nearest neighbour at I=          59
 Lake surface temperature set to   1.00000000000000000E+020 from nearest neighbour at I=          60
 Lake surface temperature set to   1.00000000000000000E+020 from nearest neighbour at I=          61
 Lake surface temperature set to   1.00000000000000000E+020 from nearest neighbour at I=          62
 Lake surface temperature set to   1.00000000000000000E+020 from nearest neighbour at I=          63
 Lake surface temperature set to   1.00000000000000000E+020 from nearest neighbour at I=          64
 Lake surface temperature set to   1.00000000000000000E+020 from nearest neighbour at I=          65
 Lake surface temperature set to   1.00000000000000000E+020 from nearest neighbour at I=          66
 Lake surface temperature set to   1.00000000000000000E+020 from nearest neighbour at I=          67
 Lake surface temperature set to   1.00000000000000000E+020 from nearest neighbour at I=          68
 Lake surface temperature set to   1.00000000000000000E+020 from nearest neighbour at I=          69
 Lake surface temperature set to   1.00000000000000000E+020 from nearest neighbour at I=          70
 Lake surface temperature set to   1.00000000000000000E+020 from nearest neighbour at I=          71
 Lake surface temperature set to   1.00000000000000000E+020 from nearest neighbour at I=          72
 Lake surface temperature set to   1.00000000000000000E+020 from nearest neighbour at I=          73
 Lake surface temperature set to   1.00000000000000000E+020 from nearest neighbour at I=          74
 Lake surface temperature set to   1.00000000000000000E+020 from nearest neighbour at I=          77
 Lake surface temperature set to   1.00000000000000000E+020 from nearest neighbour at I=          78
 Lake surface temperature set to   1.00000000000000000E+020 from nearest neighbour at I=          92
 Lake surface temperature set to   1.00000000000000000E+020 from nearest neighbour at I=          94
 Lake surface temperature set to   1.00000000000000000E+020 from nearest neighbour at I=          95
 Lake surface temperature set to   1.00000000000000000E+020 from nearest neighbour at I=          96
 Lake surface temperature set to   1.00000000000000000E+020 from nearest neighbour at I=          97
 Lake surface temperature set to   1.00000000000000000E+020 from nearest neighbour at I=          98
 Lake surface temperature set to   1.00000000000000000E+020 from nearest neighbour at I=          99
 Lake surface temperature set to   1.00000000000000000E+020 from nearest neighbour at I=         100
 Lake surface temperature set to   1.00000000000000000E+020 from nearest neighbour at I=         101
 Lake surface temperature set to   1.00000000000000000E+020 from nearest neighbour at I=         102
 Lake surface temperature set to   1.00000000000000000E+020 from nearest neighbour at I=         103
 Lake surface temperature set to   1.00000000000000000E+020 from nearest neighbour at I=         104
 Lake surface temperature set to   1.00000000000000000E+020 from nearest neighbour at I=         105
 Lake surface temperature set to   1.00000000000000000E+020 from nearest neighbour at I=         106
 Lake surface temperature set to   1.00000000000000000E+020 from nearest neighbour at I=         107
 Lake surface temperature set to   1.00000000000000000E+020 from nearest neighbour at I=         108
 Lake surface temperature set to   1.00000000000000000E+020 from nearest neighbour at I=         109
 Lake surface temperature set to   1.00000000000000000E+020 from nearest neighbour at I=         110
 Lake surface temperature set to   1.00000000000000000E+020 from nearest neighbour at I=         111
 Lake surface temperature set to   1.00000000000000000E+020 from nearest neighbour at I=         112
 Lake surface temperature set to   1.00000000000000000E+020 from nearest neighbour at I=         113
 Lake surface temperature set to   1.00000000000000000E+020 from nearest neighbour at I=         114
 Lake surface temperature set to   1.00000000000000000E+020 from nearest neighbour at I=         115
 Lake surface temperature set to   1.00000000000000000E+020 from nearest neighbour at I=         116
 Lake surface temperature set to   1.00000000000000000E+020 from nearest neighbour at I=         117
 Lake surface temperature set to   1.00000000000000000E+020 from nearest neighbour at I=         131
 Lake surface temperature set to   1.00000000000000000E+020 from nearest neighbour at I=         132
 Lake surface temperature set to   1.00000000000000000E+020 from nearest neighbour at I=         133
 Lake surface temperature set to   1.00000000000000000E+020 from nearest neighbour at I=         134
 Lake surface temperature set to   1.00000000000000000E+020 from nearest neighbour at I=         135
 Lake surface temperature set to   1.00000000000000000E+020 from nearest neighbour at I=         136
 Lake surface temperature set to   1.00000000000000000E+020 from nearest neighbour at I=         137
 Lake surface temperature set to   1.00000000000000000E+020 from nearest neighbour at I=         138
 Lake surface temperature set to   1.00000000000000000E+020 from nearest neighbour at I=         139
 Lake surface temperature set to   1.00000000000000000E+020 from nearest neighbour at I=         140
 Lake surface temperature set to   1.00000000000000000E+020 from nearest neighbour at I=         141
 Lake surface temperature set to   1.00000000000000000E+020 from nearest neighbour at I=         142
 Lake surface temperature set to   1.00000000000000000E+020 from nearest neighbour at I=         144
 Lake surface temperature set to   1.00000000000000000E+020 from nearest neighbour at I=         147
 Lake surface temperature set to   1.00000000000000000E+020 from nearest neighbour at I=         148
 Lake surface temperature set to   1.00000000000000000E+020 from nearest neighbour at I=         149
 Lake surface temperature set to   1.00000000000000000E+020 from nearest neighbour at I=         150
 Lake surface temperature set to   1.00000000000000000E+020 from nearest neighbour at I=         151
 Lake surface temperature set to   1.00000000000000000E+020 from nearest neighbour at I=         152
 Lake surface temperature set to   1.00000000000000000E+020 from nearest neighbour at I=         153
 Lake surface temperature set to   1.00000000000000000E+020 from nearest neighbour at I=         154
 Lake surface temperature set to   1.00000000000000000E+020 from nearest neighbour at I=         155
 Lake surface temperature set to   1.00000000000000000E+020 from nearest neighbour at I=         156
 Lake surface temperature set to   1.00000000000000000E+020 from nearest neighbour at I=         171
 Lake surface temperature set to   1.00000000000000000E+020 from nearest neighbour at I=         172
 Lake surface temperature set to   1.00000000000000000E+020 from nearest neighbour at I=         173
 Lake surface temperature set to   1.00000000000000000E+020 from nearest neighbour at I=         174
 Lake surface temperature set to   1.00000000000000000E+020 from nearest neighbour at I=         175
 Lake surface temperature set to   1.00000000000000000E+020 from nearest neighbour at I=         176
 Lake surface temperature set to   1.00000000000000000E+020 from nearest neighbour at I=         177
 Lake surface temperature set to   1.00000000000000000E+020 from nearest neighbour at I=         178
 Lake surface temperature set to   1.00000000000000000E+020 from nearest neighbour at I=         179
 Lake surface temperature set to   1.00000000000000000E+020 from nearest neighbour at I=         180
 Lake surface temperature set to   1.00000000000000000E+020 from nearest neighbour at I=         181
 Lake surface temperature set to   1.00000000000000000E+020 from nearest neighbour at I=         182
 Lake surface temperature set to   1.00000000000000000E+020 from nearest neighbour at I=         183
 Lake surface temperature set to   1.00000000000000000E+020 from nearest neighbour at I=         185
 Lake surface temperature set to   1.00000000000000000E+020 from nearest neighbour at I=         186
 Lake surface temperature set to   1.00000000000000000E+020 from nearest neighbour at I=         187
 Lake surface temperature set to   1.00000000000000000E+020 from nearest neighbour at I=         188
 Lake surface temperature set to   1.00000000000000000E+020 from nearest neighbour at I=         189
 Lake surface temperature set to   1.00000000000000000E+020 from nearest neighbour at I=         190
 Lake surface temperature set to   1.00000000000000000E+020 from nearest neighbour at I=         191
 Lake surface temperature set to   1.00000000000000000E+020 from nearest neighbour at I=         192
 Lake surface temperature set to   1.00000000000000000E+020 from nearest neighbour at I=         193
 Lake surface temperature set to   1.00000000000000000E+020 from nearest neighbour at I=         194
 Lake surface temperature set to   1.00000000000000000E+020 from nearest neighbour at I=         195
 Lake surface temperature set to   1.00000000000000000E+020 from nearest neighbour at I=         208
 Lake surface temperature set to   1.00000000000000000E+020 from nearest neighbour at I=         209
 Lake surface temperature set to   1.00000000000000000E+020 from nearest neighbour at I=         210
 Lake surface temperature set to   1.00000000000000000E+020 from nearest neighbour at I=         211
 Lake surface temperature set to   1.00000000000000000E+020 from nearest neighbour at I=         212
 Lake surface temperature set to   1.00000000000000000E+020 from nearest neighbour at I=         214
 Lake surface temperature set to   1.00000000000000000E+020 from nearest neighbour at I=         215
 Lake surface temperature set to   1.00000000000000000E+020 from nearest neighbour at I=         216
 Lake surface temperature set to   1.00000000000000000E+020 from nearest neighbour at I=         218
 Lake surface temperature set to   1.00000000000000000E+020 from nearest neighbour at I=         219
 Lake surface temperature set to   1.00000000000000000E+020 from nearest neighbour at I=         220
 Lake surface temperature set to   1.00000000000000000E+020 from nearest neighbour at I=         221
 Lake surface temperature set to   1.00000000000000000E+020 from nearest neighbour at I=         222
 Lake surface temperature set to   1.00000000000000000E+020 from nearest neighbour at I=         223
 Lake surface temperature set to   1.00000000000000000E+020 from nearest neighbour at I=         224
 Lake surface temperature set to   1.00000000000000000E+020 from nearest neighbour at I=         225
 Lake surface temperature set to   1.00000000000000000E+020 from nearest neighbour at I=         226
 Lake surface temperature set to   1.00000000000000000E+020 from nearest neighbour at I=         227
 Lake surface temperature set to   1.00000000000000000E+020 from nearest neighbour at I=         228
 Lake surface temperature set to   1.00000000000000000E+020 from nearest neighbour at I=         229
 Lake surface temperature set to   1.00000000000000000E+020 from nearest neighbour at I=         230
 Lake surface temperature set to   1.00000000000000000E+020 from nearest neighbour at I=         231
 Lake surface temperature set to   1.00000000000000000E+020 from nearest neighbour at I=         232
 Lake surface temperature set to   1.00000000000000000E+020 from nearest neighbour at I=         233
 Lake surface temperature set to   1.00000000000000000E+020 from nearest neighbour at I=         234
 Lake surface temperature set to   1.00000000000000000E+020 from nearest neighbour at I=         246
 Lake surface temperature set to   1.00000000000000000E+020 from nearest neighbour at I=         247
 Lake surface temperature set to   1.00000000000000000E+020 from nearest neighbour at I=         248
 Lake surface temperature set to   1.00000000000000000E+020 from nearest neighbour at I=         249
 Lake surface temperature set to   1.00000000000000000E+020 from nearest neighbour at I=         250
 Lake surface temperature set to   1.00000000000000000E+020 from nearest neighbour at I=         251
 Lake surface temperature set to   1.00000000000000000E+020 from nearest neighbour at I=         252
 Lake surface temperature set to   1.00000000000000000E+020 from nearest neighbour at I=         253
 Lake surface temperature set to   1.00000000000000000E+020 from nearest neighbour at I=         254
 Lake surface temperature set to   1.00000000000000000E+020 from nearest neighbour at I=         255
 Lake surface temperature set to   1.00000000000000000E+020 from nearest neighbour at I=         256
 Lake surface temperature set to   1.00000000000000000E+020 from nearest neighbour at I=         257
 Lake surface temperature set to   1.00000000000000000E+020 from nearest neighbour at I=         258
 Lake surface temperature set to   1.00000000000000000E+020 from nearest neighbour at I=         259
 Lake surface temperature set to   1.00000000000000000E+020 from nearest neighbour at I=         260
 Lake surface temperature set to   1.00000000000000000E+020 from nearest neighbour at I=         261
 Lake surface temperature set to   1.00000000000000000E+020 from nearest neighbour at I=         262
 Lake surface temperature set to   1.00000000000000000E+020 from nearest neighbour at I=         263
 Lake surface temperature set to   1.00000000000000000E+020 from nearest neighbour at I=         264
 Lake surface temperature set to   1.00000000000000000E+020 from nearest neighbour at I=         265
 Lake surface temperature set to   1.00000000000000000E+020 from nearest neighbour at I=         266
 Lake surface temperature set to   1.00000000000000000E+020 from nearest neighbour at I=         267
 Lake surface temperature set to   1.00000000000000000E+020 from nearest neighbour at I=         268
 Lake surface temperature set to   1.00000000000000000E+020 from nearest neighbour at I=         269
 Lake surface temperature set to   1.00000000000000000E+020 from nearest neighbour at I=         270
 Lake surface temperature set to   1.00000000000000000E+020 from nearest neighbour at I=         271
 Lake surface temperature set to   1.00000000000000000E+020 from nearest neighbour at I=         272
 Lake surface temperature set to   1.00000000000000000E+020 from nearest neighbour at I=         273
 Lake surface temperature set to   1.00000000000000000E+020 from nearest neighbour at I=         283
 Lake surface temperature set to   1.00000000000000000E+020 from nearest neighbour at I=         287
 Lake surface temperature set to   1.00000000000000000E+020 from nearest neighbour at I=         288
 Lake surface temperature set to   1.00000000000000000E+020 from nearest neighbour at I=         289
 Lake surface temperature set to   1.00000000000000000E+020 from nearest neighbour at I=         290
 Lake surface temperature set to   1.00000000000000000E+020 from nearest neighbour at I=         291
 Lake surface temperature set to   1.00000000000000000E+020 from nearest neighbour at I=         292
 Lake surface temperature set to   1.00000000000000000E+020 from nearest neighbour at I=         293
 Lake surface temperature set to   1.00000000000000000E+020 from nearest neighbour at I=         294
 Lake surface temperature set to   1.00000000000000000E+020 from nearest neighbour at I=         295
 Lake surface temperature set to   1.00000000000000000E+020 from nearest neighbour at I=         296
 Lake surface temperature set to   1.00000000000000000E+020 from nearest neighbour at I=         297
 Lake surface temperature set to   1.00000000000000000E+020 from nearest neighbour at I=         298
 Lake surface temperature set to   1.00000000000000000E+020 from nearest neighbour at I=         299
 Lake surface temperature set to   1.00000000000000000E+020 from nearest neighbour at I=         300
 Lake surface temperature set to   1.00000000000000000E+020 from nearest neighbour at I=         301
 Lake surface temperature set to   1.00000000000000000E+020 from nearest neighbour at I=         302
 Lake surface temperature set to   1.00000000000000000E+020 from nearest neighbour at I=         303
 Lake surface temperature set to   1.00000000000000000E+020 from nearest neighbour at I=         304
 Lake surface temperature set to   1.00000000000000000E+020 from nearest neighbour at I=         305
 Lake surface temperature set to   1.00000000000000000E+020 from nearest neighbour at I=         307
 Lake surface temperature set to   1.00000000000000000E+020 from nearest neighbour at I=         308
 Lake surface temperature set to   1.00000000000000000E+020 from nearest neighbour at I=         309
 Lake surface temperature set to   1.00000000000000000E+020 from nearest neighbour at I=         310
 Lake surface temperature set to   1.00000000000000000E+020 from nearest neighbour at I=         311
 Lake surface temperature set to   1.00000000000000000E+020 from nearest neighbour at I=         312
 Lake surface temperature set to   1.00000000000000000E+020 from nearest neighbour at I=         323
 Lake surface temperature set to   1.00000000000000000E+020 from nearest neighbour at I=         324
 Lake surface temperature set to   1.00000000000000000E+020 from nearest neighbour at I=         325
 Lake surface temperature set to   1.00000000000000000E+020 from nearest neighbour at I=         326
 Lake surface temperature set to   1.00000000000000000E+020 from nearest neighbour at I=         327
 Lake surface temperature set to   1.00000000000000000E+020 from nearest neighbour at I=         328
 Lake surface temperature set to   1.00000000000000000E+020 from nearest neighbour at I=         332
 Lake surface temperature set to   1.00000000000000000E+020 from nearest neighbour at I=         333
 Lake surface temperature set to   1.00000000000000000E+020 from nearest neighbour at I=         335
 Lake surface temperature set to   1.00000000000000000E+020 from nearest neighbour at I=         336
 Lake surface temperature set to   1.00000000000000000E+020 from nearest neighbour at I=         337
 Lake surface temperature set to   1.00000000000000000E+020 from nearest neighbour at I=         338
 Lake surface temperature set to   1.00000000000000000E+020 from nearest neighbour at I=         339
 Lake surface temperature set to   1.00000000000000000E+020 from nearest neighbour at I=         340
 Lake surface temperature set to   1.00000000000000000E+020 from nearest neighbour at I=         341
 Lake surface temperature set to   1.00000000000000000E+020 from nearest neighbour at I=         342
 Lake surface temperature set to   1.00000000000000000E+020 from nearest neighbour at I=         343
 Lake surface temperature set to   1.00000000000000000E+020 from nearest neighbour at I=         344
 Lake surface temperature set to   1.00000000000000000E+020 from nearest neighbour at I=         345
 Lake surface temperature set to   1.00000000000000000E+020 from nearest neighbour at I=         346
 Lake surface temperature set to   1.00000000000000000E+020 from nearest neighbour at I=         347
 Lake surface temperature set to   1.00000000000000000E+020 from nearest neighbour at I=         348
 Lake surface temperature set to   1.00000000000000000E+020 from nearest neighbour at I=         349
 Lake surface temperature set to   1.00000000000000000E+020 from nearest neighbour at I=         350
 Lake surface temperature set to   1.00000000000000000E+020 from nearest neighbour at I=         351
 Lake surface temperature set to   1.00000000000000000E+020 from nearest neighbour at I=         361
 Lake surface temperature set to   1.00000000000000000E+020 from nearest neighbour at I=         362
 Lake surface temperature set to   1.00000000000000000E+020 from nearest neighbour at I=         363
 Lake surface temperature set to   1.00000000000000000E+020 from nearest neighbour at I=         364
 Lake surface temperature set to   1.00000000000000000E+020 from nearest neighbour at I=         365
 Lake surface temperature set to   1.00000000000000000E+020 from nearest neighbour at I=         366
 Lake surface temperature set to   1.00000000000000000E+020 from nearest neighbour at I=         367
 Lake surface temperature set to   1.00000000000000000E+020 from nearest neighbour at I=         371
 Lake surface temperature set to   1.00000000000000000E+020 from nearest neighbour at I=         372
 Lake surface temperature set to   1.00000000000000000E+020 from nearest neighbour at I=         376
 Lake surface temperature set to   1.00000000000000000E+020 from nearest neighbour at I=         377
 Lake surface temperature set to   1.00000000000000000E+020 from nearest neighbour at I=         378
 Lake surface temperature set to   1.00000000000000000E+020 from nearest neighbour at I=         379
 Lake surface temperature set to   1.00000000000000000E+020 from nearest neighbour at I=         380
 Lake surface temperature set to   1.00000000000000000E+020 from nearest neighbour at I=         381
 Lake surface temperature set to   1.00000000000000000E+020 from nearest neighbour at I=         382
 Lake surface temperature set to   1.00000000000000000E+020 from nearest neighbour at I=         383
 Lake surface temperature set to   1.00000000000000000E+020 from nearest neighbour at I=         384
 Lake surface temperature set to   1.00000000000000000E+020 from nearest neighbour at I=         385
 Lake surface temperature set to   1.00000000000000000E+020 from nearest neighbour at I=         386
 Lake surface temperature set to   1.00000000000000000E+020 from nearest neighbour at I=         387
 Lake surface temperature set to   1.00000000000000000E+020 from nearest neighbour at I=         388
 Lake surface temperature set to   1.00000000000000000E+020 from nearest neighbour at I=         389
 Lake surface temperature set to   1.00000000000000000E+020 from nearest neighbour at I=         400
 Lake surface temperature set to   1.00000000000000000E+020 from nearest neighbour at I=         401
 Lake surface temperature set to   1.00000000000000000E+020 from nearest neighbour at I=         402
 Lake surface temperature set to   1.00000000000000000E+020 from nearest neighbour at I=         403
 Lake surface temperature set to   1.00000000000000000E+020 from nearest neighbour at I=         404
 Lake surface temperature set to   1.00000000000000000E+020 from nearest neighbour at I=         405
 Lake surface temperature set to   1.00000000000000000E+020 from nearest neighbour at I=         406
 Lake surface temperature set to   1.00000000000000000E+020 from nearest neighbour at I=         407
 Lake surface temperature set to   1.00000000000000000E+020 from nearest neighbour at I=         411
 Lake surface temperature set to   1.00000000000000000E+020 from nearest neighbour at I=         412
 Lake surface temperature set to   1.00000000000000000E+020 from nearest neighbour at I=         415
 Lake surface temperature set to   1.00000000000000000E+020 from nearest neighbour at I=         416
 Lake surface temperature set to   1.00000000000000000E+020 from nearest neighbour at I=         417
 Lake surface temperature set to   1.00000000000000000E+020 from nearest neighbour at I=         418
 Lake surface temperature set to   1.00000000000000000E+020 from nearest neighbour at I=         419
 Lake surface temperature set to   1.00000000000000000E+020 from nearest neighbour at I=         420
 Lake surface temperature set to   1.00000000000000000E+020 from nearest neighbour at I=         421
 Lake surface temperature set to   1.00000000000000000E+020 from nearest neighbour at I=         422
 Lake surface temperature set to   1.00000000000000000E+020 from nearest neighbour at I=         423
 Lake surface temperature set to   1.00000000000000000E+020 from nearest neighbour at I=         424
 Lake surface temperature set to   1.00000000000000000E+020 from nearest neighbour at I=         425
 Lake surface temperature set to   1.00000000000000000E+020 from nearest neighbour at I=         426
 Lake surface temperature set to   1.00000000000000000E+020 from nearest neighbour at I=         427
 Lake surface temperature set to   1.00000000000000000E+020 from nearest neighbour at I=         428
 Lake surface temperature set to   1.00000000000000000E+020 from nearest neighbour at I=         430
 Lake surface temperature set to   1.00000000000000000E+020 from nearest neighbour at I=         438
 Lake surface temperature set to   1.00000000000000000E+020 from nearest neighbour at I=         439
 Lake surface temperature set to   1.00000000000000000E+020 from nearest neighbour at I=         441
 Lake surface temperature set to   1.00000000000000000E+020 from nearest neighbour at I=         442
 Lake surface temperature set to   1.00000000000000000E+020 from nearest neighbour at I=         443
 Lake surface temperature set to   1.00000000000000000E+020 from nearest neighbour at I=         444
 Lake surface temperature set to   1.00000000000000000E+020 from nearest neighbour at I=         445
 Lake surface temperature set to   1.00000000000000000E+020 from nearest neighbour at I=         446
 Lake surface temperature set to   1.00000000000000000E+020 from nearest neighbour at I=         447
 Lake surface temperature set to   1.00000000000000000E+020 from nearest neighbour at I=         448
 Lake surface temperature set to   1.00000000000000000E+020 from nearest neighbour at I=         450
 Lake surface temperature set to   1.00000000000000000E+020 from nearest neighbour at I=         451
 Lake surface temperature set to   1.00000000000000000E+020 from nearest neighbour at I=         453
 Lake surface temperature set to   1.00000000000000000E+020 from nearest neighbour at I=         454
 Lake surface temperature set to   1.00000000000000000E+020 from nearest neighbour at I=         455
 Lake surface temperature set to   1.00000000000000000E+020 from nearest neighbour at I=         456
 Lake surface temperature set to   1.00000000000000000E+020 from nearest neighbour at I=         457
 Lake surface temperature set to   1.00000000000000000E+020 from nearest neighbour at I=         458
 Lake surface temperature set to   1.00000000000000000E+020 from nearest neighbour at I=         459
 Lake surface temperature set to   1.00000000000000000E+020 from nearest neighbour at I=         460
 Lake surface temperature set to   1.00000000000000000E+020 from nearest neighbour at I=         461
 Lake surface temperature set to   1.00000000000000000E+020 from nearest neighbour at I=         462
 Lake surface temperature set to   1.00000000000000000E+020 from nearest neighbour at I=         463
 Lake surface temperature set to   1.00000000000000000E+020 from nearest neighbour at I=         464
 Lake surface temperature set to   1.00000000000000000E+020 from nearest neighbour at I=         465
 Lake surface temperature set to   1.00000000000000000E+020 from nearest neighbour at I=         466
 Lake surface temperature set to   1.00000000000000000E+020 from nearest neighbour at I=         467
 Lake surface temperature set to   1.00000000000000000E+020 from nearest neighbour at I=         469
 Lake surface temperature set to   1.00000000000000000E+020 from nearest neighbour at I=         477
 Lake surface temperature set to   1.00000000000000000E+020 from nearest neighbour at I=         478
 Lake surface temperature set to   1.00000000000000000E+020 from nearest neighbour at I=         479
 Lake surface temperature set to   1.00000000000000000E+020 from nearest neighbour at I=         480
 Lake surface temperature set to   1.00000000000000000E+020 from nearest neighbour at I=         481
 Lake surface temperature set to   1.00000000000000000E+020 from nearest neighbour at I=         482
 Lake surface temperature set to   1.00000000000000000E+020 from nearest neighbour at I=         483
 Lake surface temperature set to   1.00000000000000000E+020 from nearest neighbour at I=         484
 Lake surface temperature set to   1.00000000000000000E+020 from nearest neighbour at I=         485
 Lake surface temperature set to   1.00000000000000000E+020 from nearest neighbour at I=         486
 Lake surface temperature set to   1.00000000000000000E+020 from nearest neighbour at I=         487
 Lake surface temperature set to   1.00000000000000000E+020 from nearest neighbour at I=         489
 Lake surface temperature set to   1.00000000000000000E+020 from nearest neighbour at I=         491
 Lake surface temperature set to   1.00000000000000000E+020 from nearest neighbour at I=         492
 Lake surface temperature set to   1.00000000000000000E+020 from nearest neighbour at I=         493
 Lake surface temperature set to   1.00000000000000000E+020 from nearest neighbour at I=         494
 Lake surface temperature set to   1.00000000000000000E+020 from nearest neighbour at I=         495
 Lake surface temperature set to   1.00000000000000000E+020 from nearest neighbour at I=         499
 Lake surface temperature set to   1.00000000000000000E+020 from nearest neighbour at I=         500
 Lake surface temperature set to   1.00000000000000000E+020 from nearest neighbour at I=         501
 Lake surface temperature set to   1.00000000000000000E+020 from nearest neighbour at I=         502
 Lake surface temperature set to   1.00000000000000000E+020 from nearest neighbour at I=         503
 Lake surface temperature set to   1.00000000000000000E+020 from nearest neighbour at I=         504
 Lake surface temperature set to   1.00000000000000000E+020 from nearest neighbour at I=         505
 Lake surface temperature set to   1.00000000000000000E+020 from nearest neighbour at I=         506
 Lake surface temperature set to   1.00000000000000000E+020 from nearest neighbour at I=         508
 Lake surface temperature set to   1.00000000000000000E+020 from nearest neighbour at I=         509
 Lake surface temperature set to   1.00000000000000000E+020 from nearest neighbour at I=         516
 Lake surface temperature set to   1.00000000000000000E+020 from nearest neighbour at I=         517
 Lake surface temperature set to   1.00000000000000000E+020 from nearest neighbour at I=         518
 Lake surface temperature set to   1.00000000000000000E+020 from nearest neighbour at I=         519
 Lake surface temperature set to   1.00000000000000000E+020 from nearest neighbour at I=         520
 Lake surface temperature set to   1.00000000000000000E+020 from nearest neighbour at I=         521
 Lake surface temperature set to   1.00000000000000000E+020 from nearest neighbour at I=         522
 Lake surface temperature set to   1.00000000000000000E+020 from nearest neighbour at I=         523
 Lake surface temperature set to   1.00000000000000000E+020 from nearest neighbour at I=         524
 Lake surface temperature set to   1.00000000000000000E+020 from nearest neighbour at I=         525
 Lake surface temperature set to   1.00000000000000000E+020 from nearest neighbour at I=         526
 Lake surface temperature set to   1.00000000000000000E+020 from nearest neighbour at I=         527
 Lake surface temperature set to   1.00000000000000000E+020 from nearest neighbour at I=         528
 Lake surface temperature set to   1.00000000000000000E+020 from nearest neighbour at I=         529
 Lake surface temperature set to   1.00000000000000000E+020 from nearest neighbour at I=         530
 Lake surface temperature set to   1.00000000000000000E+020 from nearest neighbour at I=         531
 Lake surface temperature set to   1.00000000000000000E+020 from nearest neighbour at I=         532
 Lake surface temperature set to   1.00000000000000000E+020 from nearest neighbour at I=         533
 Lake surface temperature set to   1.00000000000000000E+020 from nearest neighbour at I=         534
 Lake surface temperature set to   1.00000000000000000E+020 from nearest neighbour at I=         537
 Lake surface temperature set to   1.00000000000000000E+020 from nearest neighbour at I=         538
 Lake surface temperature set to   1.00000000000000000E+020 from nearest neighbour at I=         539
 Lake surface temperature set to   1.00000000000000000E+020 from nearest neighbour at I=         540
 Lake surface temperature set to   1.00000000000000000E+020 from nearest neighbour at I=         541
 Lake surface temperature set to   1.00000000000000000E+020 from nearest neighbour at I=         542
 Lake surface temperature set to   1.00000000000000000E+020 from nearest neighbour at I=         543
 Lake surface temperature set to   1.00000000000000000E+020 from nearest neighbour at I=         551
 Lake surface temperature set to   1.00000000000000000E+020 from nearest neighbour at I=         554
 Lake surface temperature set to   1.00000000000000000E+020 from nearest neighbour at I=         555
 Lake surface temperature set to   1.00000000000000000E+020 from nearest neighbour at I=         556
 Lake surface temperature set to   1.00000000000000000E+020 from nearest neighbour at I=         557
 Lake surface temperature set to   1.00000000000000000E+020 from nearest neighbour at I=         558
 Lake surface temperature set to   1.00000000000000000E+020 from nearest neighbour at I=         559
 Lake surface temperature set to   1.00000000000000000E+020 from nearest neighbour at I=         560
 Lake surface temperature set to   1.00000000000000000E+020 from nearest neighbour at I=         561
 Lake surface temperature set to   1.00000000000000000E+020 from nearest neighbour at I=         562
 Lake surface temperature set to   1.00000000000000000E+020 from nearest neighbour at I=         563
 Lake surface temperature set to   1.00000000000000000E+020 from nearest neighbour at I=         564
 Lake surface temperature set to   1.00000000000000000E+020 from nearest neighbour at I=         565
 Lake surface temperature set to   1.00000000000000000E+020 from nearest neighbour at I=         566
 Lake surface temperature set to   1.00000000000000000E+020 from nearest neighbour at I=         567
 Lake surface temperature set to   1.00000000000000000E+020 from nearest neighbour at I=         568
 Lake surface temperature set to   1.00000000000000000E+020 from nearest neighbour at I=         569
 Lake surface temperature set to   1.00000000000000000E+020 from nearest neighbour at I=         570
 Lake surface temperature set to   1.00000000000000000E+020 from nearest neighbour at I=         571
 Lake surface temperature set to   1.00000000000000000E+020 from nearest neighbour at I=         572
 Lake surface temperature set to   1.00000000000000000E+020 from nearest neighbour at I=         573
 Lake surface temperature set to   1.00000000000000000E+020 from nearest neighbour at I=         578
 Lake surface temperature set to   1.00000000000000000E+020 from nearest neighbour at I=         579
 Lake surface temperature set to   1.00000000000000000E+020 from nearest neighbour at I=         580
 Lake surface temperature set to   1.00000000000000000E+020 from nearest neighbour at I=         581
 Lake surface temperature set to   1.00000000000000000E+020 from nearest neighbour at I=         582
 Lake surface temperature set to   1.00000000000000000E+020 from nearest neighbour at I=         588
 Lake surface temperature set to   1.00000000000000000E+020 from nearest neighbour at I=         589
 Lake surface temperature set to   1.00000000000000000E+020 from nearest neighbour at I=         590
 Lake surface temperature set to   1.00000000000000000E+020 from nearest neighbour at I=         591
 Lake surface temperature set to   1.00000000000000000E+020 from nearest neighbour at I=         592
 Lake surface temperature set to   1.00000000000000000E+020 from nearest neighbour at I=         593
 Lake surface temperature set to   1.00000000000000000E+020 from nearest neighbour at I=         594
 Lake surface temperature set to   1.00000000000000000E+020 from nearest neighbour at I=         595
 Lake surface temperature set to   1.00000000000000000E+020 from nearest neighbour at I=         596
 Lake surface temperature set to   1.00000000000000000E+020 from nearest neighbour at I=         597
 Lake surface temperature set to   1.00000000000000000E+020 from nearest neighbour at I=         598
 Lake surface temperature set to   1.00000000000000000E+020 from nearest neighbour at I=         599
 Lake surface temperature set to   1.00000000000000000E+020 from nearest neighbour at I=         600
 Lake surface temperature set to   1.00000000000000000E+020 from nearest neighbour at I=         601
 Lake surface temperature set to   1.00000000000000000E+020 from nearest neighbour at I=         602
 Lake surface temperature set to   1.00000000000000000E+020 from nearest neighbour at I=         603
 Lake surface temperature set to   1.00000000000000000E+020 from nearest neighbour at I=         604
 Lake surface temperature set to   1.00000000000000000E+020 from nearest neighbour at I=         605
 Lake surface temperature set to   1.00000000000000000E+020 from nearest neighbour at I=         606
 Lake surface temperature set to   1.00000000000000000E+020 from nearest neighbour at I=         607
 Lake surface temperature set to   1.00000000000000000E+020 from nearest neighbour at I=         608
 Lake surface temperature set to   1.00000000000000000E+020 from nearest neighbour at I=         609
 Lake surface temperature set to   1.00000000000000000E+020 from nearest neighbour at I=         610
 Lake surface temperature set to   1.00000000000000000E+020 from nearest neighbour at I=         611
 Lake surface temperature set to   1.00000000000000000E+020 from nearest neighbour at I=         612
 Lake surface temperature set to   1.00000000000000000E+020 from nearest neighbour at I=         613
 Lake surface temperature set to   1.00000000000000000E+020 from nearest neighbour at I=         614
 Lake surface temperature set to   1.00000000000000000E+020 from nearest neighbour at I=         615
 Lake surface temperature set to   1.00000000000000000E+020 from nearest neighbour at I=         616
 Lake surface temperature set to   1.00000000000000000E+020 from nearest neighbour at I=         617
 Lake surface temperature set to   1.00000000000000000E+020 from nearest neighbour at I=         618
 Lake surface temperature set to   1.00000000000000000E+020 from nearest neighbour at I=         619
 Lake surface temperature set to   1.00000000000000000E+020 from nearest neighbour at I=         620
 Lake surface temperature set to   1.00000000000000000E+020 from nearest neighbour at I=         621
 Lake surface temperature set to   1.00000000000000000E+020 from nearest neighbour at I=         627
 Lake surface temperature set to   1.00000000000000000E+020 from nearest neighbour at I=         628
 Lake surface temperature set to   1.00000000000000000E+020 from nearest neighbour at I=         629
 Lake surface temperature set to   1.00000000000000000E+020 from nearest neighbour at I=         630
 Lake surface temperature set to   1.00000000000000000E+020 from nearest neighbour at I=         631
 Lake surface temperature set to   1.00000000000000000E+020 from nearest neighbour at I=         632
 Lake surface temperature set to   1.00000000000000000E+020 from nearest neighbour at I=         633
 Lake surface temperature set to   1.00000000000000000E+020 from nearest neighbour at I=         634
 Lake surface temperature set to   1.00000000000000000E+020 from nearest neighbour at I=         635
 Lake surface temperature set to   1.00000000000000000E+020 from nearest neighbour at I=         636
 Lake surface temperature set to   1.00000000000000000E+020 from nearest neighbour at I=         637
 Lake surface temperature set to   1.00000000000000000E+020 from nearest neighbour at I=         638
 Lake surface temperature set to   1.00000000000000000E+020 from nearest neighbour at I=         639
 Lake surface temperature set to   1.00000000000000000E+020 from nearest neighbour at I=         640
 Lake surface temperature set to   1.00000000000000000E+020 from nearest neighbour at I=         641
 Lake surface temperature set to   1.00000000000000000E+020 from nearest neighbour at I=         642
 Lake surface temperature set to   1.00000000000000000E+020 from nearest neighbour at I=         643
 Lake surface temperature set to   1.00000000000000000E+020 from nearest neighbour at I=         644
 Lake surface temperature set to   1.00000000000000000E+020 from nearest neighbour at I=         645
 Lake surface temperature set to   1.00000000000000000E+020 from nearest neighbour at I=         646
 Lake surface temperature set to   1.00000000000000000E+020 from nearest neighbour at I=         647
 Lake surface temperature set to   1.00000000000000000E+020 from nearest neighbour at I=         648
 Lake surface temperature set to   1.00000000000000000E+020 from nearest neighbour at I=         649
 Lake surface temperature set to   1.00000000000000000E+020 from nearest neighbour at I=         650
 Lake surface temperature set to   1.00000000000000000E+020 from nearest neighbour at I=         651
 Lake surface temperature set to   1.00000000000000000E+020 from nearest neighbour at I=         652
 Lake surface temperature set to   1.00000000000000000E+020 from nearest neighbour at I=         653
 Lake surface temperature set to   1.00000000000000000E+020 from nearest neighbour at I=         654
 Lake surface temperature set to   1.00000000000000000E+020 from nearest neighbour at I=         655
 Lake surface temperature set to   1.00000000000000000E+020 from nearest neighbour at I=         656
 Lake surface temperature set to   1.00000000000000000E+020 from nearest neighbour at I=         657
 Lake surface temperature set to   1.00000000000000000E+020 from nearest neighbour at I=         658
 Lake surface temperature set to   1.00000000000000000E+020 from nearest neighbour at I=         659
 Lake surface temperature set to   1.00000000000000000E+020 from nearest neighbour at I=         665
 Lake surface temperature set to   1.00000000000000000E+020 from nearest neighbour at I=         668
 Lake surface temperature set to   1.00000000000000000E+020 from nearest neighbour at I=         669
 Lake surface temperature set to   1.00000000000000000E+020 from nearest neighbour at I=         671
 Lake surface temperature set to   1.00000000000000000E+020 from nearest neighbour at I=         672
 Lake surface temperature set to   1.00000000000000000E+020 from nearest neighbour at I=         673
 Lake surface temperature set to   1.00000000000000000E+020 from nearest neighbour at I=         674
 Lake surface temperature set to   1.00000000000000000E+020 from nearest neighbour at I=         675
 Lake surface temperature set to   1.00000000000000000E+020 from nearest neighbour at I=         676
 Lake surface temperature set to   1.00000000000000000E+020 from nearest neighbour at I=         677
 Lake surface temperature set to   1.00000000000000000E+020 from nearest neighbour at I=         678
 Lake surface temperature set to   1.00000000000000000E+020 from nearest neighbour at I=         679
 Lake surface temperature set to   1.00000000000000000E+020 from nearest neighbour at I=         680
 Lake surface temperature set to   1.00000000000000000E+020 from nearest neighbour at I=         681
 Lake surface temperature set to   1.00000000000000000E+020 from nearest neighbour at I=         682
 Lake surface temperature set to   1.00000000000000000E+020 from nearest neighbour at I=         683
 Lake surface temperature set to   1.00000000000000000E+020 from nearest neighbour at I=         684
 Lake surface temperature set to   1.00000000000000000E+020 from nearest neighbour at I=         685
 Lake surface temperature set to   1.00000000000000000E+020 from nearest neighbour at I=         686
 Lake surface temperature set to   1.00000000000000000E+020 from nearest neighbour at I=         687
 Lake surface temperature set to   1.00000000000000000E+020 from nearest neighbour at I=         688
 Lake surface temperature set to   1.00000000000000000E+020 from nearest neighbour at I=         689
 Lake surface temperature set to   1.00000000000000000E+020 from nearest neighbour at I=         691
 Lake surface temperature set to   1.00000000000000000E+020 from nearest neighbour at I=         692
 Lake surface temperature set to   1.00000000000000000E+020 from nearest neighbour at I=         693
 Lake surface temperature set to   1.00000000000000000E+020 from nearest neighbour at I=         694
 Lake surface temperature set to   1.00000000000000000E+020 from nearest neighbour at I=         695
 Lake surface temperature set to   1.00000000000000000E+020 from nearest neighbour at I=         696
 Lake surface temperature set to   1.00000000000000000E+020 from nearest neighbour at I=         707
 Lake surface temperature set to   1.00000000000000000E+020 from nearest neighbour at I=         709
 Lake surface temperature set to   1.00000000000000000E+020 from nearest neighbour at I=         710
 Lake surface temperature set to   1.00000000000000000E+020 from nearest neighbour at I=         711
 Lake surface temperature set to   1.00000000000000000E+020 from nearest neighbour at I=         712
 Lake surface temperature set to   1.00000000000000000E+020 from nearest neighbour at I=         713
 Lake surface temperature set to   1.00000000000000000E+020 from nearest neighbour at I=         714
 Lake surface temperature set to   1.00000000000000000E+020 from nearest neighbour at I=         715
 Lake surface temperature set to   1.00000000000000000E+020 from nearest neighbour at I=         716
 Lake surface temperature set to   1.00000000000000000E+020 from nearest neighbour at I=         717
 Lake surface temperature set to   1.00000000000000000E+020 from nearest neighbour at I=         718
 Lake surface temperature set to   1.00000000000000000E+020 from nearest neighbour at I=         719
 Lake surface temperature set to   1.00000000000000000E+020 from nearest neighbour at I=         720
 Lake surface temperature set to   1.00000000000000000E+020 from nearest neighbour at I=         721
 Lake surface temperature set to   1.00000000000000000E+020 from nearest neighbour at I=         722
 Lake surface temperature set to   1.00000000000000000E+020 from nearest neighbour at I=         723
 Lake surface temperature set to   1.00000000000000000E+020 from nearest neighbour at I=         724
 Lake surface temperature set to   1.00000000000000000E+020 from nearest neighbour at I=         725
 Lake surface temperature set to   1.00000000000000000E+020 from nearest neighbour at I=         726
 Lake surface temperature set to   1.00000000000000000E+020 from nearest neighbour at I=         727
 Lake surface temperature set to   1.00000000000000000E+020 from nearest neighbour at I=         728
 Lake surface temperature set to   1.00000000000000000E+020 from nearest neighbour at I=         729
 Lake surface temperature set to   1.00000000000000000E+020 from nearest neighbour at I=         730
 Lake surface temperature set to   1.00000000000000000E+020 from nearest neighbour at I=         731
 Lake surface temperature set to   1.00000000000000000E+020 from nearest neighbour at I=         732
 Lake surface temperature set to   1.00000000000000000E+020 from nearest neighbour at I=         733
 Lake surface temperature set to   1.00000000000000000E+020 from nearest neighbour at I=         734
 Lake surface temperature set to   1.00000000000000000E+020 from nearest neighbour at I=         735
 Lake surface temperature set to   1.00000000000000000E+020 from nearest neighbour at I=         743
 Lake surface temperature set to   1.00000000000000000E+020 from nearest neighbour at I=         744
 Lake surface temperature set to   1.00000000000000000E+020 from nearest neighbour at I=         745
 Lake surface temperature set to   1.00000000000000000E+020 from nearest neighbour at I=         746
 Lake surface temperature set to   1.00000000000000000E+020 from nearest neighbour at I=         747
 Lake surface temperature set to   1.00000000000000000E+020 from nearest neighbour at I=         748
 Lake surface temperature set to   1.00000000000000000E+020 from nearest neighbour at I=         749
 Lake surface temperature set to   1.00000000000000000E+020 from nearest neighbour at I=         750
 Lake surface temperature set to   1.00000000000000000E+020 from nearest neighbour at I=         751
 Lake surface temperature set to   1.00000000000000000E+020 from nearest neighbour at I=         752
 Lake surface temperature set to   1.00000000000000000E+020 from nearest neighbour at I=         753
 Lake surface temperature set to   1.00000000000000000E+020 from nearest neighbour at I=         754
 Lake surface temperature set to   1.00000000000000000E+020 from nearest neighbour at I=         755
 Lake surface temperature set to   1.00000000000000000E+020 from nearest neighbour at I=         756
 Lake surface temperature set to   1.00000000000000000E+020 from nearest neighbour at I=         757
 Lake surface temperature set to   1.00000000000000000E+020 from nearest neighbour at I=         758
 Lake surface temperature set to   1.00000000000000000E+020 from nearest neighbour at I=         759
 Lake surface temperature set to   1.00000000000000000E+020 from nearest neighbour at I=         760
 Lake surface temperature set to   1.00000000000000000E+020 from nearest neighbour at I=         761
 Lake surface temperature set to   1.00000000000000000E+020 from nearest neighbour at I=         762
 Lake surface temperature set to   1.00000000000000000E+020 from nearest neighbour at I=         763
 Lake surface temperature set to   1.00000000000000000E+020 from nearest neighbour at I=         764
 Lake surface temperature set to   1.00000000000000000E+020 from nearest neighbour at I=         765
 Lake surface temperature set to   1.00000000000000000E+020 from nearest neighbour at I=         766
 Lake surface temperature set to   1.00000000000000000E+020 from nearest neighbour at I=         767
 Lake surface temperature set to   1.00000000000000000E+020 from nearest neighbour at I=         768
 Lake surface temperature set to   1.00000000000000000E+020 from nearest neighbour at I=         769
 Lake surface temperature set to   1.00000000000000000E+020 from nearest neighbour at I=         770
 Lake surface temperature set to   1.00000000000000000E+020 from nearest neighbour at I=         771
 Lake surface temperature set to   1.00000000000000000E+020 from nearest neighbour at I=         772
 Lake surface temperature set to   1.00000000000000000E+020 from nearest neighbour at I=         773
 Lake surface temperature set to   1.00000000000000000E+020 from nearest neighbour at I=         775
 Lake surface temperature set to   1.00000000000000000E+020 from nearest neighbour at I=         776
 Lake surface temperature set to   1.00000000000000000E+020 from nearest neighbour at I=         784
 Lake surface temperature set to   1.00000000000000000E+020 from nearest neighbour at I=         785
 Lake surface temperature set to   1.00000000000000000E+020 from nearest neighbour at I=         787
 Lake surface temperature set to   1.00000000000000000E+020 from nearest neighbour at I=         788
 Lake surface temperature set to   1.00000000000000000E+020 from nearest neighbour at I=         789
 Lake surface temperature set to   1.00000000000000000E+020 from nearest neighbour at I=         790
 Lake surface temperature set to   1.00000000000000000E+020 from nearest neighbour at I=         791
 Lake surface temperature set to   1.00000000000000000E+020 from nearest neighbour at I=         792
 Lake surface temperature set to   1.00000000000000000E+020 from nearest neighbour at I=         793
 Lake surface temperature set to   1.00000000000000000E+020 from nearest neighbour at I=         794
 Lake surface temperature set to   1.00000000000000000E+020 from nearest neighbour at I=         795
 Lake surface temperature set to   1.00000000000000000E+020 from nearest neighbour at I=         796
 Lake surface temperature set to   1.00000000000000000E+020 from nearest neighbour at I=         797
 Lake surface temperature set to   1.00000000000000000E+020 from nearest neighbour at I=         798
 Lake surface temperature set to   1.00000000000000000E+020 from nearest neighbour at I=         799
 Lake surface temperature set to   1.00000000000000000E+020 from nearest neighbour at I=         800
 Lake surface temperature set to   1.00000000000000000E+020 from nearest neighbour at I=         801
 Lake surface temperature set to   1.00000000000000000E+020 from nearest neighbour at I=         802
 Lake surface temperature set to   1.00000000000000000E+020 from nearest neighbour at I=         803
 Lake surface temperature set to   1.00000000000000000E+020 from nearest neighbour at I=         804
 Lake surface temperature set to   1.00000000000000000E+020 from nearest neighbour at I=         805
 Lake surface temperature set to   1.00000000000000000E+020 from nearest neighbour at I=         807
 Lake surface temperature set to   1.00000000000000000E+020 from nearest neighbour at I=         808
 Lake surface temperature set to   1.00000000000000000E+020 from nearest neighbour at I=         809
 Lake surface temperature set to   1.00000000000000000E+020 from nearest neighbour at I=         810
 Lake surface temperature set to   1.00000000000000000E+020 from nearest neighbour at I=         811
 Lake surface temperature set to   1.00000000000000000E+020 from nearest neighbour at I=         812
 Lake surface temperature set to   1.00000000000000000E+020 from nearest neighbour at I=         813
 Lake surface temperature set to   1.00000000000000000E+020 from nearest neighbour at I=         814
 Lake surface temperature set to   1.00000000000000000E+020 from nearest neighbour at I=         815
 Lake surface temperature set to   1.00000000000000000E+020 from nearest neighbour at I=         820
 Lake surface temperature set to   1.00000000000000000E+020 from nearest neighbour at I=         821
 Lake surface temperature set to   1.00000000000000000E+020 from nearest neighbour at I=         823
 Lake surface temperature set to   1.00000000000000000E+020 from nearest neighbour at I=         824
 Lake surface temperature set to   1.00000000000000000E+020 from nearest neighbour at I=         825
 Lake surface temperature set to   1.00000000000000000E+020 from nearest neighbour at I=         826
 Lake surface temperature set to   1.00000000000000000E+020 from nearest neighbour at I=         827
 Lake surface temperature set to   1.00000000000000000E+020 from nearest neighbour at I=         828
 Lake surface temperature set to   1.00000000000000000E+020 from nearest neighbour at I=         829
 Lake surface temperature set to   1.00000000000000000E+020 from nearest neighbour at I=         830
 Lake surface temperature set to   1.00000000000000000E+020 from nearest neighbour at I=         831
 Lake surface temperature set to   1.00000000000000000E+020 from nearest neighbour at I=         832
 Lake surface temperature set to   1.00000000000000000E+020 from nearest neighbour at I=         833
 Lake surface temperature set to   1.00000000000000000E+020 from nearest neighbour at I=         834
 Lake surface temperature set to   1.00000000000000000E+020 from nearest neighbour at I=         835
 Lake surface temperature set to   1.00000000000000000E+020 from nearest neighbour at I=         836
 Lake surface temperature set to   1.00000000000000000E+020 from nearest neighbour at I=         837
 Lake surface temperature set to   1.00000000000000000E+020 from nearest neighbour at I=         838
 Lake surface temperature set to   1.00000000000000000E+020 from nearest neighbour at I=         839
 Lake surface temperature set to   1.00000000000000000E+020 from nearest neighbour at I=         840
 Lake surface temperature set to   1.00000000000000000E+020 from nearest neighbour at I=         841
 Lake surface temperature set to   1.00000000000000000E+020 from nearest neighbour at I=         842
 Lake surface temperature set to   1.00000000000000000E+020 from nearest neighbour at I=         845
 Lake surface temperature set to   1.00000000000000000E+020 from nearest neighbour at I=         846
 Lake surface temperature set to   1.00000000000000000E+020 from nearest neighbour at I=         847
 Lake surface temperature set to   1.00000000000000000E+020 from nearest neighbour at I=         848
 Lake surface temperature set to   1.00000000000000000E+020 from nearest neighbour at I=         849
 Lake surface temperature set to   1.00000000000000000E+020 from nearest neighbour at I=         850
 Lake surface temperature set to   1.00000000000000000E+020 from nearest neighbour at I=         851
 Lake surface temperature set to   1.00000000000000000E+020 from nearest neighbour at I=         852
 Lake surface temperature set to   1.00000000000000000E+020 from nearest neighbour at I=         853
 Lake surface temperature set to   1.00000000000000000E+020 from nearest neighbour at I=         854
 Lake surface temperature set to   1.00000000000000000E+020 from nearest neighbour at I=         856
 Lake surface temperature set to   1.00000000000000000E+020 from nearest neighbour at I=         857
 Lake surface temperature set to   1.00000000000000000E+020 from nearest neighbour at I=         859
 Lake surface temperature set to   1.00000000000000000E+020 from nearest neighbour at I=         862
 Lake surface temperature set to   1.00000000000000000E+020 from nearest neighbour at I=         865
 Lake surface temperature set to   1.00000000000000000E+020 from nearest neighbour at I=         866
 Lake surface temperature set to   1.00000000000000000E+020 from nearest neighbour at I=         867
 Lake surface temperature set to   1.00000000000000000E+020 from nearest neighbour at I=         868
 Lake surface temperature set to   1.00000000000000000E+020 from nearest neighbour at I=         869
 Lake surface temperature set to   1.00000000000000000E+020 from nearest neighbour at I=         870
 Lake surface temperature set to   1.00000000000000000E+020 from nearest neighbour at I=         871
 Lake surface temperature set to   1.00000000000000000E+020 from nearest neighbour at I=         872
 Lake surface temperature set to   1.00000000000000000E+020 from nearest neighbour at I=         873
 Lake surface temperature set to   1.00000000000000000E+020 from nearest neighbour at I=         874
 Lake surface temperature set to   1.00000000000000000E+020 from nearest neighbour at I=         875
 Lake surface temperature set to   1.00000000000000000E+020 from nearest neighbour at I=         876
 Lake surface temperature set to   1.00000000000000000E+020 from nearest neighbour at I=         877
 Lake surface temperature set to   1.00000000000000000E+020 from nearest neighbour at I=         878
 Lake surface temperature set to   1.00000000000000000E+020 from nearest neighbour at I=         879
 Lake surface temperature set to   1.00000000000000000E+020 from nearest neighbour at I=         880
 Lake surface temperature set to   1.00000000000000000E+020 from nearest neighbour at I=         881
 Lake surface temperature set to   1.00000000000000000E+020 from nearest neighbour at I=         882
 Lake surface temperature set to   1.00000000000000000E+020 from nearest neighbour at I=         883
 Lake surface temperature set to   1.00000000000000000E+020 from nearest neighbour at I=         884
 Lake surface temperature set to   1.00000000000000000E+020 from nearest neighbour at I=         885
 Lake surface temperature set to   1.00000000000000000E+020 from nearest neighbour at I=         886
 Lake surface temperature set to   1.00000000000000000E+020 from nearest neighbour at I=         887
 Lake surface temperature set to   1.00000000000000000E+020 from nearest neighbour at I=         888
 Lake surface temperature set to   1.00000000000000000E+020 from nearest neighbour at I=         889
 Lake surface temperature set to   1.00000000000000000E+020 from nearest neighbour at I=         890
 Lake surface temperature set to   1.00000000000000000E+020 from nearest neighbour at I=         891
 Lake surface temperature set to   1.00000000000000000E+020 from nearest neighbour at I=         892
 Lake surface temperature set to   1.00000000000000000E+020 from nearest neighbour at I=         893
 Lake surface temperature set to   1.00000000000000000E+020 from nearest neighbour at I=         894
 Lake surface temperature set to   1.00000000000000000E+020 from nearest neighbour at I=         895
 Lake surface temperature set to   1.00000000000000000E+020 from nearest neighbour at I=         896
 Lake surface temperature set to   1.00000000000000000E+020 from nearest neighbour at I=         901
 Lake surface temperature set to   1.00000000000000000E+020 from nearest neighbour at I=         903
 Lake surface temperature set to   1.00000000000000000E+020 from nearest neighbour at I=         904
 Lake surface temperature set to   1.00000000000000000E+020 from nearest neighbour at I=         906
 Lake surface temperature set to   1.00000000000000000E+020 from nearest neighbour at I=         907
 Lake surface temperature set to   1.00000000000000000E+020 from nearest neighbour at I=         908
 Lake surface temperature set to   1.00000000000000000E+020 from nearest neighbour at I=         910
 Lake surface temperature set to   1.00000000000000000E+020 from nearest neighbour at I=         911
 Lake surface temperature set to   1.00000000000000000E+020 from nearest neighbour at I=         912
 Lake surface temperature set to   1.00000000000000000E+020 from nearest neighbour at I=         913
 Lake surface temperature set to   1.00000000000000000E+020 from nearest neighbour at I=         914
 Lake surface temperature set to   1.00000000000000000E+020 from nearest neighbour at I=         915
 Lake surface temperature set to   1.00000000000000000E+020 from nearest neighbour at I=         916
 Lake surface temperature set to   1.00000000000000000E+020 from nearest neighbour at I=         917
 Lake surface temperature set to   1.00000000000000000E+020 from nearest neighbour at I=         918
 Lake surface temperature set to   1.00000000000000000E+020 from nearest neighbour at I=         919
 Lake surface temperature set to   1.00000000000000000E+020 from nearest neighbour at I=         920
 Lake surface temperature set to   1.00000000000000000E+020 from nearest neighbour at I=         921
 Lake surface temperature set to   1.00000000000000000E+020 from nearest neighbour at I=         923
 Lake surface temperature set to   1.00000000000000000E+020 from nearest neighbour at I=         924
 Lake surface temperature set to   1.00000000000000000E+020 from nearest neighbour at I=         925
 Lake surface temperature set to   1.00000000000000000E+020 from nearest neighbour at I=         926
 Lake surface temperature set to   1.00000000000000000E+020 from nearest neighbour at I=         927
 Lake surface temperature set to   1.00000000000000000E+020 from nearest neighbour at I=         928
 Lake surface temperature set to   1.00000000000000000E+020 from nearest neighbour at I=         929
 Lake surface temperature set to   1.00000000000000000E+020 from nearest neighbour at I=         930
 Lake surface temperature set to   1.00000000000000000E+020 from nearest neighbour at I=         931
 Lake surface temperature set to   1.00000000000000000E+020 from nearest neighbour at I=         932
 Lake surface temperature set to   1.00000000000000000E+020 from nearest neighbour at I=         933
 Lake surface temperature set to   1.00000000000000000E+020 from nearest neighbour at I=         934
 Lake surface temperature set to   1.00000000000000000E+020 from nearest neighbour at I=         937
 Lake surface temperature set to   1.00000000000000000E+020 from nearest neighbour at I=         938
 Lake surface temperature set to   1.00000000000000000E+020 from nearest neighbour at I=         939
 Lake surface temperature set to   1.00000000000000000E+020 from nearest neighbour at I=         940
 Lake surface temperature set to   1.00000000000000000E+020 from nearest neighbour at I=         941
 Lake surface temperature set to   1.00000000000000000E+020 from nearest neighbour at I=         943
 Lake surface temperature set to   1.00000000000000000E+020 from nearest neighbour at I=         944
 Lake surface temperature set to   1.00000000000000000E+020 from nearest neighbour at I=         945
 Lake surface temperature set to   1.00000000000000000E+020 from nearest neighbour at I=         946
 Lake surface temperature set to   1.00000000000000000E+020 from nearest neighbour at I=         947
 Lake surface temperature set to   1.00000000000000000E+020 from nearest neighbour at I=         948
 Lake surface temperature set to   1.00000000000000000E+020 from nearest neighbour at I=         949
 Lake surface temperature set to   1.00000000000000000E+020 from nearest neighbour at I=         950
 Lake surface temperature set to   1.00000000000000000E+020 from nearest neighbour at I=         951
 Lake surface temperature set to   1.00000000000000000E+020 from nearest neighbour at I=         952
 Lake surface temperature set to   1.00000000000000000E+020 from nearest neighbour at I=         953
 Lake surface temperature set to   1.00000000000000000E+020 from nearest neighbour at I=         954
 Lake surface temperature set to   1.00000000000000000E+020 from nearest neighbour at I=         955
 Lake surface temperature set to   1.00000000000000000E+020 from nearest neighbour at I=         956
 Lake surface temperature set to   1.00000000000000000E+020 from nearest neighbour at I=         957
 Lake surface temperature set to   1.00000000000000000E+020 from nearest neighbour at I=         958
 Lake surface temperature set to   1.00000000000000000E+020 from nearest neighbour at I=         959
 Lake surface temperature set to   1.00000000000000000E+020 from nearest neighbour at I=         960
 Lake surface temperature set to   1.00000000000000000E+020 from nearest neighbour at I=         961
 Lake surface temperature set to   1.00000000000000000E+020 from nearest neighbour at I=         962
 Lake surface temperature set to   1.00000000000000000E+020 from nearest neighbour at I=         964
 Lake surface temperature set to   1.00000000000000000E+020 from nearest neighbour at I=         965
 Lake surface temperature set to   1.00000000000000000E+020 from nearest neighbour at I=         966
 Lake surface temperature set to   1.00000000000000000E+020 from nearest neighbour at I=         967
 Lake surface temperature set to   1.00000000000000000E+020 from nearest neighbour at I=         968
 Lake surface temperature set to   1.00000000000000000E+020 from nearest neighbour at I=         969
 Lake surface temperature set to   1.00000000000000000E+020 from nearest neighbour at I=         970
 Lake surface temperature set to   1.00000000000000000E+020 from nearest neighbour at I=         971
 Lake surface temperature set to   1.00000000000000000E+020 from nearest neighbour at I=         972
 Lake surface temperature set to   1.00000000000000000E+020 from nearest neighbour at I=         973
 Lake surface temperature set to   1.00000000000000000E+020 from nearest neighbour at I=         974
 Lake surface temperature set to   1.00000000000000000E+020 from nearest neighbour at I=         975
 Lake surface temperature set to   1.00000000000000000E+020 from nearest neighbour at I=         976
 Lake surface temperature set to   1.00000000000000000E+020 from nearest neighbour at I=         977
 Lake surface temperature set to   1.00000000000000000E+020 from nearest neighbour at I=         978
 Lake surface temperature set to   1.00000000000000000E+020 from nearest neighbour at I=         980
 Lake surface temperature set to   1.00000000000000000E+020 from nearest neighbour at I=         981
 Lake surface temperature set to   1.00000000000000000E+020 from nearest neighbour at I=         982
 Lake surface temperature set to   1.00000000000000000E+020 from nearest neighbour at I=         983
 Lake surface temperature set to   1.00000000000000000E+020 from nearest neighbour at I=         984
 Lake surface temperature set to   1.00000000000000000E+020 from nearest neighbour at I=         985
 Lake surface temperature set to   1.00000000000000000E+020 from nearest neighbour at I=         986
 Lake surface temperature set to   1.00000000000000000E+020 from nearest neighbour at I=         987
 Lake surface temperature set to   1.00000000000000000E+020 from nearest neighbour at I=         988
 Lake surface temperature set to   1.00000000000000000E+020 from nearest neighbour at I=         989
 Lake surface temperature set to   1.00000000000000000E+020 from nearest neighbour at I=         990
 Lake surface temperature set to   1.00000000000000000E+020 from nearest neighbour at I=         991
 Lake surface temperature set to   1.00000000000000000E+020 from nearest neighbour at I=         992
 Lake surface temperature set to   1.00000000000000000E+020 from nearest neighbour at I=         993
 Lake surface temperature set to   1.00000000000000000E+020 from nearest neighbour at I=         994
 Lake surface temperature set to   1.00000000000000000E+020 from nearest neighbour at I=         995
 Lake surface temperature set to   1.00000000000000000E+020 from nearest neighbour at I=         996
 Lake surface temperature set to   1.00000000000000000E+020 from nearest neighbour at I=         997
 Lake surface temperature set to   1.00000000000000000E+020 from nearest neighbour at I=         998
 Lake surface temperature set to   1.00000000000000000E+020 from nearest neighbour at I=         999
 Lake surface temperature set to   1.00000000000000000E+020 from nearest neighbour at I=        1000
 Lake surface temperature set to   1.00000000000000000E+020 from nearest neighbour at I=        1001
 Lake surface temperature set to   1.00000000000000000E+020 from nearest neighbour at I=        1002
 Lake surface temperature set to   1.00000000000000000E+020 from nearest neighbour at I=        1004
 Lake surface temperature set to   1.00000000000000000E+020 from nearest neighbour at I=        1005
 Lake surface temperature set to   1.00000000000000000E+020 from nearest neighbour at I=        1006
 Lake surface temperature set to   1.00000000000000000E+020 from nearest neighbour at I=        1008
 Lake surface temperature set to   1.00000000000000000E+020 from nearest neighbour at I=        1009
 Lake surface temperature set to   1.00000000000000000E+020 from nearest neighbour at I=        1010
 Lake surface temperature set to   1.00000000000000000E+020 from nearest neighbour at I=        1011
 Lake surface temperature set to   1.00000000000000000E+020 from nearest neighbour at I=        1012
 Lake surface temperature set to   1.00000000000000000E+020 from nearest neighbour at I=        1014
 Lake surface temperature set to   1.00000000000000000E+020 from nearest neighbour at I=        1016
 Lake surface temperature set to   1.00000000000000000E+020 from nearest neighbour at I=        1017
 Lake surface temperature set to   1.00000000000000000E+020 from nearest neighbour at I=        1018
 Lake surface temperature set to   1.00000000000000000E+020 from nearest neighbour at I=        1019
 Lake surface temperature set to   1.00000000000000000E+020 from nearest neighbour at I=        1020
 Lake surface temperature set to   1.00000000000000000E+020 from nearest neighbour at I=        1021
 Lake surface temperature set to   1.00000000000000000E+020 from nearest neighbour at I=        1022
 Lake surface temperature set to   1.00000000000000000E+020 from nearest neighbour at I=        1023
 Lake surface temperature set to   1.00000000000000000E+020 from nearest neighbour at I=        1024
 Lake surface temperature set to   1.00000000000000000E+020 from nearest neighbour at I=        1025
 Lake surface temperature set to   1.00000000000000000E+020 from nearest neighbour at I=        1026
 Lake surface temperature set to   1.00000000000000000E+020 from nearest neighbour at I=        1027
 Lake surface temperature set to   1.00000000000000000E+020 from nearest neighbour at I=        1028
 Lake surface temperature set to   1.00000000000000000E+020 from nearest neighbour at I=        1029
 Lake surface temperature set to   1.00000000000000000E+020 from nearest neighbour at I=        1030
 Lake surface temperature set to   1.00000000000000000E+020 from nearest neighbour at I=        1031
 Lake surface temperature set to   1.00000000000000000E+020 from nearest neighbour at I=        1032
 Lake surface temperature set to   1.00000000000000000E+020 from nearest neighbour at I=        1033
 Lake surface temperature set to   1.00000000000000000E+020 from nearest neighbour at I=        1034
 Lake surface temperature set to   1.00000000000000000E+020 from nearest neighbour at I=        1035
 Lake surface temperature set to   1.00000000000000000E+020 from nearest neighbour at I=        1036
 Lake surface temperature set to   1.00000000000000000E+020 from nearest neighbour at I=        1037
 Lake surface temperature set to   1.00000000000000000E+020 from nearest neighbour at I=        1038
 Lake surface temperature set to   1.00000000000000000E+020 from nearest neighbour at I=        1039
 Lake surface temperature set to   1.00000000000000000E+020 from nearest neighbour at I=        1040
 Lake surface temperature set to   1.00000000000000000E+020 from nearest neighbour at I=        1041
 Lake surface temperature set to   1.00000000000000000E+020 from nearest neighbour at I=        1043
 Lake surface temperature set to   1.00000000000000000E+020 from nearest neighbour at I=        1044
 Lake surface temperature set to   1.00000000000000000E+020 from nearest neighbour at I=        1045
 Lake surface temperature set to   1.00000000000000000E+020 from nearest neighbour at I=        1046
 Lake surface temperature set to   1.00000000000000000E+020 from nearest neighbour at I=        1047
 Lake surface temperature set to   1.00000000000000000E+020 from nearest neighbour at I=        1048
 Lake surface temperature set to   1.00000000000000000E+020 from nearest neighbour at I=        1049
 Lake surface temperature set to   1.00000000000000000E+020 from nearest neighbour at I=        1050
 Lake surface temperature set to   1.00000000000000000E+020 from nearest neighbour at I=        1051
 Lake surface temperature set to   1.00000000000000000E+020 from nearest neighbour at I=        1052
 Lake surface temperature set to   1.00000000000000000E+020 from nearest neighbour at I=        1053
 Lake surface temperature set to   1.00000000000000000E+020 from nearest neighbour at I=        1054
 Lake surface temperature set to   1.00000000000000000E+020 from nearest neighbour at I=        1055
 Lake surface temperature set to   1.00000000000000000E+020 from nearest neighbour at I=        1057
 Lake surface temperature set to   1.00000000000000000E+020 from nearest neighbour at I=        1059
 Lake surface temperature set to   1.00000000000000000E+020 from nearest neighbour at I=        1060
 Lake surface temperature set to   1.00000000000000000E+020 from nearest neighbour at I=        1061
 Lake surface temperature set to   1.00000000000000000E+020 from nearest neighbour at I=        1062
 Lake surface temperature set to   1.00000000000000000E+020 from nearest neighbour at I=        1063
 Lake surface temperature set to   1.00000000000000000E+020 from nearest neighbour at I=        1064
 Lake surface temperature set to   1.00000000000000000E+020 from nearest neighbour at I=        1065
 Lake surface temperature set to   1.00000000000000000E+020 from nearest neighbour at I=        1066
 Lake surface temperature set to   1.00000000000000000E+020 from nearest neighbour at I=        1067
 Lake surface temperature set to   1.00000000000000000E+020 from nearest neighbour at I=        1068
 Lake surface temperature set to   1.00000000000000000E+020 from nearest neighbour at I=        1069
 Lake surface temperature set to   1.00000000000000000E+020 from nearest neighbour at I=        1070
 Lake surface temperature set to   1.00000000000000000E+020 from nearest neighbour at I=        1071
 Lake surface temperature set to   1.00000000000000000E+020 from nearest neighbour at I=        1072
 Lake surface temperature set to   1.00000000000000000E+020 from nearest neighbour at I=        1073
 Lake surface temperature set to   1.00000000000000000E+020 from nearest neighbour at I=        1074
 Lake surface temperature set to   1.00000000000000000E+020 from nearest neighbour at I=        1075
 Lake surface temperature set to   1.00000000000000000E+020 from nearest neighbour at I=        1076
 Lake surface temperature set to   1.00000000000000000E+020 from nearest neighbour at I=        1077
 Lake surface temperature set to   1.00000000000000000E+020 from nearest neighbour at I=        1078
 Lake surface temperature set to   1.00000000000000000E+020 from nearest neighbour at I=        1079
 Lake surface temperature set to   1.00000000000000000E+020 from nearest neighbour at I=        1080
 Lake surface temperature set to   1.00000000000000000E+020 from nearest neighbour at I=        1081
 Lake surface temperature set to   1.00000000000000000E+020 from nearest neighbour at I=        1082
 Lake surface temperature set to   1.00000000000000000E+020 from nearest neighbour at I=        1084
 Lake surface temperature set to   1.00000000000000000E+020 from nearest neighbour at I=        1085
 Lake surface temperature set to   1.00000000000000000E+020 from nearest neighbour at I=        1086
 Lake surface temperature set to   1.00000000000000000E+020 from nearest neighbour at I=        1087
 Lake surface temperature set to   1.00000000000000000E+020 from nearest neighbour at I=        1088
 Lake surface temperature set to   1.00000000000000000E+020 from nearest neighbour at I=        1089
 Lake surface temperature set to   1.00000000000000000E+020 from nearest neighbour at I=        1090
 Lake surface temperature set to   1.00000000000000000E+020 from nearest neighbour at I=        1091
 Lake surface temperature set to   1.00000000000000000E+020 from nearest neighbour at I=        1092
 Lake surface temperature set to   1.00000000000000000E+020 from nearest neighbour at I=        1093
 Lake surface temperature set to   1.00000000000000000E+020 from nearest neighbour at I=        1094
 Lake surface temperature set to   1.00000000000000000E+020 from nearest neighbour at I=        1095
 Lake surface temperature set to   1.00000000000000000E+020 from nearest neighbour at I=        1096
 Lake surface temperature set to   1.00000000000000000E+020 from nearest neighbour at I=        1098
 Lake surface temperature set to   1.00000000000000000E+020 from nearest neighbour at I=        1099
 Lake surface temperature set to   1.00000000000000000E+020 from nearest neighbour at I=        1100
 Lake surface temperature set to   1.00000000000000000E+020 from nearest neighbour at I=        1101
 Lake surface temperature set to   1.00000000000000000E+020 from nearest neighbour at I=        1102
 Lake surface temperature set to   1.00000000000000000E+020 from nearest neighbour at I=        1103
 Lake surface temperature set to   1.00000000000000000E+020 from nearest neighbour at I=        1104
 Lake surface temperature set to   1.00000000000000000E+020 from nearest neighbour at I=        1105
 Lake surface temperature set to   1.00000000000000000E+020 from nearest neighbour at I=        1106
 Lake surface temperature set to   1.00000000000000000E+020 from nearest neighbour at I=        1107
 Lake surface temperature set to   1.00000000000000000E+020 from nearest neighbour at I=        1108
 Lake surface temperature set to   1.00000000000000000E+020 from nearest neighbour at I=        1109
 Lake surface temperature set to   1.00000000000000000E+020 from nearest neighbour at I=        1110
 Lake surface temperature set to   1.00000000000000000E+020 from nearest neighbour at I=        1111
 Lake surface temperature set to   1.00000000000000000E+020 from nearest neighbour at I=        1112
 Lake surface temperature set to   1.00000000000000000E+020 from nearest neighbour at I=        1113
 Lake surface temperature set to   1.00000000000000000E+020 from nearest neighbour at I=        1114
 Lake surface temperature set to   1.00000000000000000E+020 from nearest neighbour at I=        1115
 Lake surface temperature set to   1.00000000000000000E+020 from nearest neighbour at I=        1116
 Lake surface temperature set to   1.00000000000000000E+020 from nearest neighbour at I=        1117
 Lake surface temperature set to   1.00000000000000000E+020 from nearest neighbour at I=        1118
 Lake surface temperature set to   1.00000000000000000E+020 from nearest neighbour at I=        1119
 Lake surface temperature set to   1.00000000000000000E+020 from nearest neighbour at I=        1120
 Lake surface temperature set to   1.00000000000000000E+020 from nearest neighbour at I=        1121
 Lake surface temperature set to   1.00000000000000000E+020 from nearest neighbour at I=        1123
 Lake surface temperature set to   1.00000000000000000E+020 from nearest neighbour at I=        1124
 Lake surface temperature set to   1.00000000000000000E+020 from nearest neighbour at I=        1125
 Lake surface temperature set to   1.00000000000000000E+020 from nearest neighbour at I=        1126
 Lake surface temperature set to   1.00000000000000000E+020 from nearest neighbour at I=        1127
 Lake surface temperature set to   1.00000000000000000E+020 from nearest neighbour at I=        1128
 Lake surface temperature set to   1.00000000000000000E+020 from nearest neighbour at I=        1129
 Lake surface temperature set to   1.00000000000000000E+020 from nearest neighbour at I=        1130
 Lake surface temperature set to   1.00000000000000000E+020 from nearest neighbour at I=        1131
 Lake surface temperature set to   1.00000000000000000E+020 from nearest neighbour at I=        1132
 Lake surface temperature set to   1.00000000000000000E+020 from nearest neighbour at I=        1134
 Lake surface temperature set to   1.00000000000000000E+020 from nearest neighbour at I=        1135
 Lake surface temperature set to   1.00000000000000000E+020 from nearest neighbour at I=        1136
 Lake surface temperature set to   1.00000000000000000E+020 from nearest neighbour at I=        1137
 Lake surface temperature set to   1.00000000000000000E+020 from nearest neighbour at I=        1139
 Lake surface temperature set to   1.00000000000000000E+020 from nearest neighbour at I=        1140
 Lake surface temperature set to   1.00000000000000000E+020 from nearest neighbour at I=        1141
 Lake surface temperature set to   1.00000000000000000E+020 from nearest neighbour at I=        1142
 Lake surface temperature set to   1.00000000000000000E+020 from nearest neighbour at I=        1143
 Lake surface temperature set to   1.00000000000000000E+020 from nearest neighbour at I=        1144
 Lake surface temperature set to   1.00000000000000000E+020 from nearest neighbour at I=        1145
 Lake surface temperature set to   1.00000000000000000E+020 from nearest neighbour at I=        1146
 Lake surface temperature set to   1.00000000000000000E+020 from nearest neighbour at I=        1147
 Lake surface temperature set to   1.00000000000000000E+020 from nearest neighbour at I=        1148
 Lake surface temperature set to   1.00000000000000000E+020 from nearest neighbour at I=        1149
 Lake surface temperature set to   1.00000000000000000E+020 from nearest neighbour at I=        1150
 Lake surface temperature set to   1.00000000000000000E+020 from nearest neighbour at I=        1151
 Lake surface temperature set to   1.00000000000000000E+020 from nearest neighbour at I=        1152
 Lake surface temperature set to   1.00000000000000000E+020 from nearest neighbour at I=        1153
 Lake surface temperature set to   1.00000000000000000E+020 from nearest neighbour at I=        1154
 Lake surface temperature set to   1.00000000000000000E+020 from nearest neighbour at I=        1155
 Lake surface temperature set to   1.00000000000000000E+020 from nearest neighbour at I=        1156
 Lake surface temperature set to   1.00000000000000000E+020 from nearest neighbour at I=        1157
 Lake surface temperature set to   1.00000000000000000E+020 from nearest neighbour at I=        1158
 Lake surface temperature set to   1.00000000000000000E+020 from nearest neighbour at I=        1159
 Lake surface temperature set to   1.00000000000000000E+020 from nearest neighbour at I=        1160
 Lake surface temperature set to   1.00000000000000000E+020 from nearest neighbour at I=        1161
 Lake surface temperature set to   1.00000000000000000E+020 from nearest neighbour at I=        1164
 Lake surface temperature set to   1.00000000000000000E+020 from nearest neighbour at I=        1166
 Lake surface temperature set to   1.00000000000000000E+020 from nearest neighbour at I=        1167
 Lake surface temperature set to   1.00000000000000000E+020 from nearest neighbour at I=        1168
 Lake surface temperature set to   1.00000000000000000E+020 from nearest neighbour at I=        1169
 Lake surface temperature set to   1.00000000000000000E+020 from nearest neighbour at I=        1172
 Lake surface temperature set to   1.00000000000000000E+020 from nearest neighbour at I=        1174
 Lake surface temperature set to   1.00000000000000000E+020 from nearest neighbour at I=        1175
 Lake surface temperature set to   1.00000000000000000E+020 from nearest neighbour at I=        1177
 Lake surface temperature set to   1.00000000000000000E+020 from nearest neighbour at I=        1178
 Lake surface temperature set to   1.00000000000000000E+020 from nearest neighbour at I=        1179
 Lake surface temperature set to   1.00000000000000000E+020 from nearest neighbour at I=        1180
 Lake surface temperature set to   1.00000000000000000E+020 from nearest neighbour at I=        1181
 Lake surface temperature set to   1.00000000000000000E+020 from nearest neighbour at I=        1182
 Lake surface temperature set to   1.00000000000000000E+020 from nearest neighbour at I=        1183
 Lake surface temperature set to   1.00000000000000000E+020 from nearest neighbour at I=        1184
 Lake surface temperature set to   1.00000000000000000E+020 from nearest neighbour at I=        1185
 Lake surface temperature set to   1.00000000000000000E+020 from nearest neighbour at I=        1186
 Lake surface temperature set to   1.00000000000000000E+020 from nearest neighbour at I=        1187
 Lake surface temperature set to   1.00000000000000000E+020 from nearest neighbour at I=        1188
 Lake surface temperature set to   1.00000000000000000E+020 from nearest neighbour at I=        1189
 Lake surface temperature set to   1.00000000000000000E+020 from nearest neighbour at I=        1190
 Lake surface temperature set to   1.00000000000000000E+020 from nearest neighbour at I=        1191
 Lake surface temperature set to   1.00000000000000000E+020 from nearest neighbour at I=        1192
 Lake surface temperature set to   1.00000000000000000E+020 from nearest neighbour at I=        1193
 Lake surface temperature set to   1.00000000000000000E+020 from nearest neighbour at I=        1194
 Lake surface temperature set to   1.00000000000000000E+020 from nearest neighbour at I=        1195
 Lake surface temperature set to   1.00000000000000000E+020 from nearest neighbour at I=        1196
 Lake surface temperature set to   1.00000000000000000E+020 from nearest neighbour at I=        1197
 Lake surface temperature set to   1.00000000000000000E+020 from nearest neighbour at I=        1198
 Lake surface temperature set to   1.00000000000000000E+020 from nearest neighbour at I=        1199
 Lake surface temperature set to   1.00000000000000000E+020 from nearest neighbour at I=        1204
 Lake surface temperature set to   1.00000000000000000E+020 from nearest neighbour at I=        1205
 Lake surface temperature set to   1.00000000000000000E+020 from nearest neighbour at I=        1206
 Lake surface temperature set to   1.00000000000000000E+020 from nearest neighbour at I=        1207
 Lake surface temperature set to   1.00000000000000000E+020 from nearest neighbour at I=        1208
 Lake surface temperature set to   1.00000000000000000E+020 from nearest neighbour at I=        1209
 Lake surface temperature set to   1.00000000000000000E+020 from nearest neighbour at I=        1210
 Lake surface temperature set to   1.00000000000000000E+020 from nearest neighbour at I=        1216
 Lake surface temperature set to   1.00000000000000000E+020 from nearest neighbour at I=        1217
 Lake surface temperature set to   1.00000000000000000E+020 from nearest neighbour at I=        1218
 Lake surface temperature set to   1.00000000000000000E+020 from nearest neighbour at I=        1219
 Lake surface temperature set to   1.00000000000000000E+020 from nearest neighbour at I=        1220
 Lake surface temperature set to   1.00000000000000000E+020 from nearest neighbour at I=        1221
 Lake surface temperature set to   1.00000000000000000E+020 from nearest neighbour at I=        1222
 Lake surface temperature set to   1.00000000000000000E+020 from nearest neighbour at I=        1223
 Lake surface temperature set to   1.00000000000000000E+020 from nearest neighbour at I=        1224
 Lake surface temperature set to   1.00000000000000000E+020 from nearest neighbour at I=        1225
 Lake surface temperature set to   1.00000000000000000E+020 from nearest neighbour at I=        1226
 Lake surface temperature set to   1.00000000000000000E+020 from nearest neighbour at I=        1227
 Lake surface temperature set to   1.00000000000000000E+020 from nearest neighbour at I=        1228
 Lake surface temperature set to   1.00000000000000000E+020 from nearest neighbour at I=        1229
 Lake surface temperature set to   1.00000000000000000E+020 from nearest neighbour at I=        1230
 Lake surface temperature set to   1.00000000000000000E+020 from nearest neighbour at I=        1231
 Lake surface temperature set to   1.00000000000000000E+020 from nearest neighbour at I=        1232
 Lake surface temperature set to   1.00000000000000000E+020 from nearest neighbour at I=        1233
 Lake surface temperature set to   1.00000000000000000E+020 from nearest neighbour at I=        1234
 Lake surface temperature set to   1.00000000000000000E+020 from nearest neighbour at I=        1235
 Lake surface temperature set to   1.00000000000000000E+020 from nearest neighbour at I=        1237
 Lake surface temperature set to   1.00000000000000000E+020 from nearest neighbour at I=        1238
 Lake surface temperature set to   1.00000000000000000E+020 from nearest neighbour at I=        1242
 Lake surface temperature set to   1.00000000000000000E+020 from nearest neighbour at I=        1243
 Lake surface temperature set to   1.00000000000000000E+020 from nearest neighbour at I=        1244
 Lake surface temperature set to   1.00000000000000000E+020 from nearest neighbour at I=        1245
 Lake surface temperature set to   1.00000000000000000E+020 from nearest neighbour at I=        1248
 Lake surface temperature set to   1.00000000000000000E+020 from nearest neighbour at I=        1249
 Lake surface temperature set to   1.00000000000000000E+020 from nearest neighbour at I=        1254
 Lake surface temperature set to   1.00000000000000000E+020 from nearest neighbour at I=        1255
 Lake surface temperature set to   1.00000000000000000E+020 from nearest neighbour at I=        1256
 Lake surface temperature set to   1.00000000000000000E+020 from nearest neighbour at I=        1257
 Lake surface temperature set to   1.00000000000000000E+020 from nearest neighbour at I=        1258
 Lake surface temperature set to   1.00000000000000000E+020 from nearest neighbour at I=        1259
 Lake surface temperature set to   1.00000000000000000E+020 from nearest neighbour at I=        1260
 Lake surface temperature set to   1.00000000000000000E+020 from nearest neighbour at I=        1261
 Lake surface temperature set to   1.00000000000000000E+020 from nearest neighbour at I=        1262
 Lake surface temperature set to   1.00000000000000000E+020 from nearest neighbour at I=        1263
 Lake surface temperature set to   1.00000000000000000E+020 from nearest neighbour at I=        1264
 Lake surface temperature set to   1.00000000000000000E+020 from nearest neighbour at I=        1265
 Lake surface temperature set to   1.00000000000000000E+020 from nearest neighbour at I=        1266
 Lake surface temperature set to   1.00000000000000000E+020 from nearest neighbour at I=        1267
 Lake surface temperature set to   1.00000000000000000E+020 from nearest neighbour at I=        1269
 Lake surface temperature set to   1.00000000000000000E+020 from nearest neighbour at I=        1270
 Lake surface temperature set to   1.00000000000000000E+020 from nearest neighbour at I=        1271
 Lake surface temperature set to   1.00000000000000000E+020 from nearest neighbour at I=        1272
 Lake surface temperature set to   1.00000000000000000E+020 from nearest neighbour at I=        1273
 Lake surface temperature set to   1.00000000000000000E+020 from nearest neighbour at I=        1274
 Lake surface temperature set to   1.00000000000000000E+020 from nearest neighbour at I=        1275
 Lake surface temperature set to   1.00000000000000000E+020 from nearest neighbour at I=        1276
 Lake surface temperature set to   1.00000000000000000E+020 from nearest neighbour at I=        1277
 Lake surface temperature set to   1.00000000000000000E+020 from nearest neighbour at I=        1278
 Lake surface temperature set to   1.00000000000000000E+020 from nearest neighbour at I=        1279
 Lake surface temperature set to   1.00000000000000000E+020 from nearest neighbour at I=        1280
 Lake surface temperature set to   1.00000000000000000E+020 from nearest neighbour at I=        1283
 Lake surface temperature set to   1.00000000000000000E+020 from nearest neighbour at I=        1284
 Lake surface temperature set to   1.00000000000000000E+020 from nearest neighbour at I=        1286
 Lake surface temperature set to   1.00000000000000000E+020 from nearest neighbour at I=        1287
 Lake surface temperature set to   1.00000000000000000E+020 from nearest neighbour at I=        1288
 Lake surface temperature set to   1.00000000000000000E+020 from nearest neighbour at I=        1289
 Lake surface temperature set to   1.00000000000000000E+020 from nearest neighbour at I=        1291
 Lake surface temperature set to   1.00000000000000000E+020 from nearest neighbour at I=        1292
 Lake surface temperature set to   1.00000000000000000E+020 from nearest neighbour at I=        1293
 Lake surface temperature set to   1.00000000000000000E+020 from nearest neighbour at I=        1294
 Lake surface temperature set to   1.00000000000000000E+020 from nearest neighbour at I=        1295
 Lake surface temperature set to   1.00000000000000000E+020 from nearest neighbour at I=        1296
 Lake surface temperature set to   1.00000000000000000E+020 from nearest neighbour at I=        1297
 Lake surface temperature set to   1.00000000000000000E+020 from nearest neighbour at I=        1298
 Lake surface temperature set to   1.00000000000000000E+020 from nearest neighbour at I=        1299
 Lake surface temperature set to   1.00000000000000000E+020 from nearest neighbour at I=        1300
 Lake surface temperature set to   1.00000000000000000E+020 from nearest neighbour at I=        1301
 Lake surface temperature set to   1.00000000000000000E+020 from nearest neighbour at I=        1302
 Lake surface temperature set to   1.00000000000000000E+020 from nearest neighbour at I=        1303
 Lake surface temperature set to   1.00000000000000000E+020 from nearest neighbour at I=        1304
 Lake surface temperature set to   1.00000000000000000E+020 from nearest neighbour at I=        1305
 Lake surface temperature set to   1.00000000000000000E+020 from nearest neighbour at I=        1306
 Lake surface temperature set to   1.00000000000000000E+020 from nearest neighbour at I=        1311
 Lake surface temperature set to   1.00000000000000000E+020 from nearest neighbour at I=        1312
 Lake surface temperature set to   1.00000000000000000E+020 from nearest neighbour at I=        1313
 Lake surface temperature set to   1.00000000000000000E+020 from nearest neighbour at I=        1314
 Lake surface temperature set to   1.00000000000000000E+020 from nearest neighbour at I=        1315
 Lake surface temperature set to   1.00000000000000000E+020 from nearest neighbour at I=        1316
 Lake surface temperature set to   1.00000000000000000E+020 from nearest neighbour at I=        1317
 Lake surface temperature set to   1.00000000000000000E+020 from nearest neighbour at I=        1318
 Lake surface temperature set to   1.00000000000000000E+020 from nearest neighbour at I=        1319
 Lake surface temperature set to   1.00000000000000000E+020 from nearest neighbour at I=        1320
 Lake surface temperature set to   1.00000000000000000E+020 from nearest neighbour at I=        1323
 Lake surface temperature set to   1.00000000000000000E+020 from nearest neighbour at I=        1324
 Lake surface temperature set to   1.00000000000000000E+020 from nearest neighbour at I=        1325
 Lake surface temperature set to   1.00000000000000000E+020 from nearest neighbour at I=        1326
 Lake surface temperature set to   1.00000000000000000E+020 from nearest neighbour at I=        1327
 Lake surface temperature set to   1.00000000000000000E+020 from nearest neighbour at I=        1329
 Lake surface temperature set to   1.00000000000000000E+020 from nearest neighbour at I=        1330
 Lake surface temperature set to   1.00000000000000000E+020 from nearest neighbour at I=        1331
 Lake surface temperature set to   1.00000000000000000E+020 from nearest neighbour at I=        1332
 Lake surface temperature set to   1.00000000000000000E+020 from nearest neighbour at I=        1333
 Lake surface temperature set to   1.00000000000000000E+020 from nearest neighbour at I=        1334
 Lake surface temperature set to   1.00000000000000000E+020 from nearest neighbour at I=        1335
 Lake surface temperature set to   1.00000000000000000E+020 from nearest neighbour at I=        1336
 Lake surface temperature set to   1.00000000000000000E+020 from nearest neighbour at I=        1337
 Lake surface temperature set to   1.00000000000000000E+020 from nearest neighbour at I=        1338
 Lake surface temperature set to   1.00000000000000000E+020 from nearest neighbour at I=        1339
 Lake surface temperature set to   1.00000000000000000E+020 from nearest neighbour at I=        1340
 Lake surface temperature set to   1.00000000000000000E+020 from nearest neighbour at I=        1341
 Lake surface temperature set to   1.00000000000000000E+020 from nearest neighbour at I=        1342
 Lake surface temperature set to   1.00000000000000000E+020 from nearest neighbour at I=        1343
 Lake surface temperature set to   1.00000000000000000E+020 from nearest neighbour at I=        1344
 Lake surface temperature set to   1.00000000000000000E+020 from nearest neighbour at I=        1345
 Lake surface temperature set to   1.00000000000000000E+020 from nearest neighbour at I=        1347
 Lake surface temperature set to   1.00000000000000000E+020 from nearest neighbour at I=        1349
 Lake surface temperature set to   1.00000000000000000E+020 from nearest neighbour at I=        1350
 Lake surface temperature set to   1.00000000000000000E+020 from nearest neighbour at I=        1351
 Lake surface temperature set to   1.00000000000000000E+020 from nearest neighbour at I=        1352
 Lake surface temperature set to   1.00000000000000000E+020 from nearest neighbour at I=        1353
 Lake surface temperature set to   1.00000000000000000E+020 from nearest neighbour at I=        1354
 Lake surface temperature set to   1.00000000000000000E+020 from nearest neighbour at I=        1355
 Lake surface temperature set to   1.00000000000000000E+020 from nearest neighbour at I=        1356
 Lake surface temperature set to   1.00000000000000000E+020 from nearest neighbour at I=        1357
 Lake surface temperature set to   1.00000000000000000E+020 from nearest neighbour at I=        1358
 Lake surface temperature set to   1.00000000000000000E+020 from nearest neighbour at I=        1359
 Lake surface temperature set to   1.00000000000000000E+020 from nearest neighbour at I=        1360
 Lake surface temperature set to   1.00000000000000000E+020 from nearest neighbour at I=        1362
 Lake surface temperature set to   1.00000000000000000E+020 from nearest neighbour at I=        1363
 Lake surface temperature set to   1.00000000000000000E+020 from nearest neighbour at I=        1364
 Lake surface temperature set to   1.00000000000000000E+020 from nearest neighbour at I=        1365
 Lake surface temperature set to   1.00000000000000000E+020 from nearest neighbour at I=        1366
 Lake surface temperature set to   1.00000000000000000E+020 from nearest neighbour at I=        1367
 Lake surface temperature set to   1.00000000000000000E+020 from nearest neighbour at I=        1368
 Lake surface temperature set to   1.00000000000000000E+020 from nearest neighbour at I=        1370
 Lake surface temperature set to   1.00000000000000000E+020 from nearest neighbour at I=        1372
 Lake surface temperature set to   1.00000000000000000E+020 from nearest neighbour at I=        1373
 Lake surface temperature set to   1.00000000000000000E+020 from nearest neighbour at I=        1374
 Lake surface temperature set to   1.00000000000000000E+020 from nearest neighbour at I=        1375
 Lake surface temperature set to   1.00000000000000000E+020 from nearest neighbour at I=        1376
 Lake surface temperature set to   1.00000000000000000E+020 from nearest neighbour at I=        1377
 Lake surface temperature set to   1.00000000000000000E+020 from nearest neighbour at I=        1378
 Lake surface temperature set to   1.00000000000000000E+020 from nearest neighbour at I=        1379
 Lake surface temperature set to   1.00000000000000000E+020 from nearest neighbour at I=        1380
 Lake surface temperature set to   1.00000000000000000E+020 from nearest neighbour at I=        1382
 Lake surface temperature set to   1.00000000000000000E+020 from nearest neighbour at I=        1383
 Lake surface temperature set to   1.00000000000000000E+020 from nearest neighbour at I=        1384
 Lake surface temperature set to   1.00000000000000000E+020 from nearest neighbour at I=        1385
 Lake surface temperature set to   1.00000000000000000E+020 from nearest neighbour at I=        1386
 Lake surface temperature set to   1.00000000000000000E+020 from nearest neighbour at I=        1387
 Lake surface temperature set to   1.00000000000000000E+020 from nearest neighbour at I=        1388
 Lake surface temperature set to   1.00000000000000000E+020 from nearest neighbour at I=        1389
 Lake surface temperature set to   1.00000000000000000E+020 from nearest neighbour at I=        1390
 Lake surface temperature set to   1.00000000000000000E+020 from nearest neighbour at I=        1391
 Lake surface temperature set to   1.00000000000000000E+020 from nearest neighbour at I=        1392
 Lake surface temperature set to   1.00000000000000000E+020 from nearest neighbour at I=        1393
 Lake surface temperature set to   1.00000000000000000E+020 from nearest neighbour at I=        1394
 Lake surface temperature set to   1.00000000000000000E+020 from nearest neighbour at I=        1395
 Lake surface temperature set to   1.00000000000000000E+020 from nearest neighbour at I=        1396
 Lake surface temperature set to   1.00000000000000000E+020 from nearest neighbour at I=        1397
 Lake surface temperature set to   1.00000000000000000E+020 from nearest neighbour at I=        1398
 Lake surface temperature set to   1.00000000000000000E+020 from nearest neighbour at I=        1399
 Lake surface temperature set to   1.00000000000000000E+020 from nearest neighbour at I=        1400
 Lake surface temperature set to   1.00000000000000000E+020 from nearest neighbour at I=        1401
 Lake surface temperature set to   1.00000000000000000E+020 from nearest neighbour at I=        1402
 Lake surface temperature set to   1.00000000000000000E+020 from nearest neighbour at I=        1403
 Lake surface temperature set to   1.00000000000000000E+020 from nearest neighbour at I=        1404
 Lake surface temperature set to   1.00000000000000000E+020 from nearest neighbour at I=        1405
 Lake surface temperature set to   1.00000000000000000E+020 from nearest neighbour at I=        1407
 Lake surface temperature set to   1.00000000000000000E+020 from nearest neighbour at I=        1408
 Lake surface temperature set to   1.00000000000000000E+020 from nearest neighbour at I=        1411
 Lake surface temperature set to   1.00000000000000000E+020 from nearest neighbour at I=        1412
 Lake surface temperature set to   1.00000000000000000E+020 from nearest neighbour at I=        1413
 Lake surface temperature set to   1.00000000000000000E+020 from nearest neighbour at I=        1414
 Lake surface temperature set to   1.00000000000000000E+020 from nearest neighbour at I=        1415
 Lake surface temperature set to   1.00000000000000000E+020 from nearest neighbour at I=        1416
 Lake surface temperature set to   1.00000000000000000E+020 from nearest neighbour at I=        1417
 Lake surface temperature set to   1.00000000000000000E+020 from nearest neighbour at I=        1418
 Lake surface temperature set to   1.00000000000000000E+020 from nearest neighbour at I=        1419
 Lake surface temperature set to   1.00000000000000000E+020 from nearest neighbour at I=        1420
 Lake surface temperature set to   1.00000000000000000E+020 from nearest neighbour at I=        1421
 Lake surface temperature set to   1.00000000000000000E+020 from nearest neighbour at I=        1422
 Lake surface temperature set to   1.00000000000000000E+020 from nearest neighbour at I=        1423
 Lake surface temperature set to   1.00000000000000000E+020 from nearest neighbour at I=        1424
 Lake surface temperature set to   1.00000000000000000E+020 from nearest neighbour at I=        1425
 Lake surface temperature set to   1.00000000000000000E+020 from nearest neighbour at I=        1426
 Lake surface temperature set to   1.00000000000000000E+020 from nearest neighbour at I=        1427
 Lake surface temperature set to   1.00000000000000000E+020 from nearest neighbour at I=        1428
 Lake surface temperature set to   1.00000000000000000E+020 from nearest neighbour at I=        1429
 Lake surface temperature set to   1.00000000000000000E+020 from nearest neighbour at I=        1430
 Lake surface temperature set to   1.00000000000000000E+020 from nearest neighbour at I=        1431
 Lake surface temperature set to   1.00000000000000000E+020 from nearest neighbour at I=        1432
 Lake surface temperature set to   1.00000000000000000E+020 from nearest neighbour at I=        1433
 Lake surface temperature set to   1.00000000000000000E+020 from nearest neighbour at I=        1434
 Lake surface temperature set to   1.00000000000000000E+020 from nearest neighbour at I=        1435
 Lake surface temperature set to   1.00000000000000000E+020 from nearest neighbour at I=        1437
 Lake surface temperature set to   1.00000000000000000E+020 from nearest neighbour at I=        1438
 Lake surface temperature set to   1.00000000000000000E+020 from nearest neighbour at I=        1439
 Lake surface temperature set to   1.00000000000000000E+020 from nearest neighbour at I=        1440
 Lake surface temperature set to   1.00000000000000000E+020 from nearest neighbour at I=        1441
 Lake surface temperature set to   1.00000000000000000E+020 from nearest neighbour at I=        1442
 Lake surface temperature set to   1.00000000000000000E+020 from nearest neighbour at I=        1443
 Lake surface temperature set to   1.00000000000000000E+020 from nearest neighbour at I=        1446
 Lake surface temperature set to   1.00000000000000000E+020 from nearest neighbour at I=        1451
 Lake surface temperature set to   1.00000000000000000E+020 from nearest neighbour at I=        1452
 Lake surface temperature set to   1.00000000000000000E+020 from nearest neighbour at I=        1453
 Lake surface temperature set to   1.00000000000000000E+020 from nearest neighbour at I=        1454
 Lake surface temperature set to   1.00000000000000000E+020 from nearest neighbour at I=        1455
 Lake surface temperature set to   1.00000000000000000E+020 from nearest neighbour at I=        1456
 Lake surface temperature set to   1.00000000000000000E+020 from nearest neighbour at I=        1457
 Lake surface temperature set to   1.00000000000000000E+020 from nearest neighbour at I=        1458
 Lake surface temperature set to   1.00000000000000000E+020 from nearest neighbour at I=        1459
 Lake surface temperature set to   1.00000000000000000E+020 from nearest neighbour at I=        1460
 Lake surface temperature set to   1.00000000000000000E+020 from nearest neighbour at I=        1461
 Lake surface temperature set to   1.00000000000000000E+020 from nearest neighbour at I=        1462
 Lake surface temperature set to   1.00000000000000000E+020 from nearest neighbour at I=        1463
 Lake surface temperature set to   1.00000000000000000E+020 from nearest neighbour at I=        1464
 Lake surface temperature set to   1.00000000000000000E+020 from nearest neighbour at I=        1465
 Lake surface temperature set to   1.00000000000000000E+020 from nearest neighbour at I=        1466
 Lake surface temperature set to   1.00000000000000000E+020 from nearest neighbour at I=        1467
 Lake surface temperature set to   1.00000000000000000E+020 from nearest neighbour at I=        1468
 Lake surface temperature set to   1.00000000000000000E+020 from nearest neighbour at I=        1470
 Lake surface temperature set to   1.00000000000000000E+020 from nearest neighbour at I=        1471
 Lake surface temperature set to   1.00000000000000000E+020 from nearest neighbour at I=        1472
 Lake surface temperature set to   1.00000000000000000E+020 from nearest neighbour at I=        1473
 Lake surface temperature set to   1.00000000000000000E+020 from nearest neighbour at I=        1474
 Lake surface temperature set to   1.00000000000000000E+020 from nearest neighbour at I=        1476
 Lake surface temperature set to   1.00000000000000000E+020 from nearest neighbour at I=        1477
 Lake surface temperature set to   1.00000000000000000E+020 from nearest neighbour at I=        1478
 Lake surface temperature set to   1.00000000000000000E+020 from nearest neighbour at I=        1479
 Lake surface temperature set to   1.00000000000000000E+020 from nearest neighbour at I=        1480
 Lake surface temperature set to   1.00000000000000000E+020 from nearest neighbour at I=        1482
 Lake surface temperature set to   1.00000000000000000E+020 from nearest neighbour at I=        1483
 Lake surface temperature set to   1.00000000000000000E+020 from nearest neighbour at I=        1484
 Lake surface temperature set to   1.00000000000000000E+020 from nearest neighbour at I=        1485
 Lake surface temperature set to   1.00000000000000000E+020 from nearest neighbour at I=        1489
 Lake surface temperature set to   1.00000000000000000E+020 from nearest neighbour at I=        1490
 Lake surface temperature set to   1.00000000000000000E+020 from nearest neighbour at I=        1491
 Lake surface temperature set to   1.00000000000000000E+020 from nearest neighbour at I=        1492
 Lake surface temperature set to   1.00000000000000000E+020 from nearest neighbour at I=        1493
 Lake surface temperature set to   1.00000000000000000E+020 from nearest neighbour at I=        1494
 Lake surface temperature set to   1.00000000000000000E+020 from nearest neighbour at I=        1495
 Lake surface temperature set to   1.00000000000000000E+020 from nearest neighbour at I=        1496
 Lake surface temperature set to   1.00000000000000000E+020 from nearest neighbour at I=        1497
 Lake surface temperature set to   1.00000000000000000E+020 from nearest neighbour at I=        1498
 Lake surface temperature set to   1.00000000000000000E+020 from nearest neighbour at I=        1499
 Lake surface temperature set to   1.00000000000000000E+020 from nearest neighbour at I=        1500
 Lake surface temperature set to   1.00000000000000000E+020 from nearest neighbour at I=        1501
 Lake surface temperature set to   1.00000000000000000E+020 from nearest neighbour at I=        1502
 Lake surface temperature set to   1.00000000000000000E+020 from nearest neighbour at I=        1503
 Lake surface temperature set to   1.00000000000000000E+020 from nearest neighbour at I=        1504
 Lake surface temperature set to   1.00000000000000000E+020 from nearest neighbour at I=        1505
 Lake surface temperature set to   1.00000000000000000E+020 from nearest neighbour at I=        1506
 Lake surface temperature set to   1.00000000000000000E+020 from nearest neighbour at I=        1507
 Lake surface temperature set to   1.00000000000000000E+020 from nearest neighbour at I=        1508
 Lake surface temperature set to   1.00000000000000000E+020 from nearest neighbour at I=        1509
 Lake surface temperature set to   1.00000000000000000E+020 from nearest neighbour at I=        1510
 Lake surface temperature set to   1.00000000000000000E+020 from nearest neighbour at I=        1511
 Lake surface temperature set to   1.00000000000000000E+020 from nearest neighbour at I=        1512
 Lake surface temperature set to   1.00000000000000000E+020 from nearest neighbour at I=        1513
 Lake surface temperature set to   1.00000000000000000E+020 from nearest neighbour at I=        1515
 Lake surface temperature set to   1.00000000000000000E+020 from nearest neighbour at I=        1516
 Lake surface temperature set to   1.00000000000000000E+020 from nearest neighbour at I=        1517
 Mean LST increments over inland water      0.0000000000000000     
 *********************************************
 *      ASSIMILATIONS FOR NATURE POINTS      *
 *********************************************
 SNOW IS NOT UPDATED FROM ANALYSED VALUES

    --------------------------
    |   ENTERING  VARASSIM   |
    --------------------------

 number of patches =          12
 Initialized B
 LTM d(wg2)/d(wg2)   0.0000000000000000     
 B before wg2 wg2 ==>    0.0000000000000000        0.0000000000000000     
 Q value wg2 wg2 ==>   3.04119370955524829E-005  2.63078661092648188E-006
 B after wg2 wg2 ==>  3.04119370955524829E-005  2.63078661092648188E-006
 LTM d(wg2)/d(wg2)   0.0000000000000000     
 B before wg2 wg2 ==>    0.0000000000000000        0.0000000000000000     
 Q value wg2 wg2 ==>   3.00517075946584317E-005  2.56883236794268845E-006
 B after wg2 wg2 ==>  2.96957450134580092E-005  2.56883236794268845E-006
 LTM d(wg2)/d(wg2)   0.0000000000000000     
 B before wg2 wg2 ==>    0.0000000000000000        0.0000000000000000     
 Q value wg2 wg2 ==>   2.90936028119118281E-005  2.40764508324205215E-006
 B after wg2 wg2 ==>  2.78324173142219536E-005  2.40764508324205215E-006
 LTM d(wg2)/d(wg2)   0.0000000000000000     
 B before wg2 wg2 ==>    0.0000000000000000        0.0000000000000000     
 Q value wg2 wg2 ==>   3.07286077929626550E-005  2.68585909160881841E-006
 B after wg2 wg2 ==>  3.10485758906759720E-005  2.68585909160881841E-006
 LTM d(wg2)/d(wg2)   0.0000000000000000     
 B before wg2 wg2 ==>    0.0000000000000000        0.0000000000000000     
 Q value wg2 wg2 ==>   3.07286077929626550E-005  2.68585909160881841E-006
 B after wg2 wg2 ==>  3.10485758906759720E-005  2.68585909160881841E-006
 LTM d(wg2)/d(wg2)   0.0000000000000000     
 B before wg2 wg2 ==>    0.0000000000000000        0.0000000000000000     
 Q value wg2 wg2 ==>   2.93454750486159037E-005  2.44951297658009185E-006
 B after wg2 wg2 ==>  2.83164108594344069E-005  2.44951297658009185E-006
 LTM d(wg2)/d(wg2)   0.0000000000000000     
 B before wg2 wg2 ==>    0.0000000000000000        0.0000000000000000     
 Q value wg2 wg2 ==>   3.07286077929626550E-005  2.68585909160881841E-006
 B after wg2 wg2 ==>  3.10485758906759720E-005  2.68585909160881841E-006
 LTM d(wg2)/d(wg2)   0.0000000000000000     
 B before wg2 wg2 ==>    0.0000000000000000        0.0000000000000000     
 Q value wg2 wg2 ==>   2.95712842777049175E-005  2.48735531756896147E-006
 B after wg2 wg2 ==>  2.87538689523569085E-005  2.48735531756896147E-006
 LTM d(wg2)/d(wg2)   0.0000000000000000     
 B before wg2 wg2 ==>    0.0000000000000000        0.0000000000000000     
 Q value wg2 wg2 ==>   2.84954954799046985E-005  2.30966972485765470E-006
 B after wg2 wg2 ==>  2.66998205373776437E-005  2.30966972485765470E-006
 LTM d(wg2)/d(wg2)   0.0000000000000000     
 B before wg2 wg2 ==>    0.0000000000000000        0.0000000000000000     
 Q value wg2 wg2 ==>   2.84954954799046985E-005  2.30966972485765470E-006
 B after wg2 wg2 ==>  2.66998205373776437E-005  2.30966972485765470E-006
 LTM d(wg2)/d(wg2)   0.0000000000000000     
 B before wg2 wg2 ==>    0.0000000000000000        0.0000000000000000     
 Q value wg2 wg2 ==>   2.84954954799046985E-005  2.30966972485765470E-006
 B after wg2 wg2 ==>  2.66998205373776437E-005  2.30966972485765470E-006
 LTM d(wg2)/d(wg2)   0.0000000000000000     
 B before wg2 wg2 ==>    0.0000000000000000        0.0000000000000000     
 Q value wg2 wg2 ==>   2.84954954799046985E-005  2.30966972485765470E-006
 B after wg2 wg2 ==>  2.66998205373776437E-005  2.30966972485765470E-006
 LTM d(wg2)/d(wg2)   0.0000000000000000     
 B before wg2 wg2 ==>    0.0000000000000000        0.0000000000000000     
 Q value wg2 wg2 ==>   2.84954954799046985E-005  2.30966972485765470E-006
 B after wg2 wg2 ==>  2.66998205373776437E-005  2.30966972485765470E-006
 LTM d(wg2)/d(wg2)   0.0000000000000000     
 B before wg2 wg2 ==>    0.0000000000000000        0.0000000000000000     
 Q value wg2 wg2 ==>   2.84954954799046985E-005  2.30966972485765470E-006
 B after wg2 wg2 ==>  2.66998205373776437E-005  2.30966972485765470E-006
 LTM d(wg2)/d(wg2)   0.0000000000000000     
 B before wg2 wg2 ==>    0.0000000000000000        0.0000000000000000     
 Q value wg2 wg2 ==>   2.84954954799046985E-005  2.30966972485765470E-006
 B after wg2 wg2 ==>  2.66998205373776437E-005  2.30966972485765470E-006
 LTM d(wg2)/d(wg2)   0.0000000000000000     
 B before wg2 wg2 ==>    0.0000000000000000        0.0000000000000000     
 Q value wg2 wg2 ==>   2.87105044648049116E-005  2.34465583395152415E-006
 B after wg2 wg2 ==>  2.71042605419609815E-005  2.34465583395152415E-006
 LTM d(wg2)/d(wg2)   0.0000000000000000     
 B before wg2 wg2 ==>    0.0000000000000000        0.0000000000000000     
 Q value wg2 wg2 ==>   2.90936028119118281E-005  2.40764508324205215E-006
 B after wg2 wg2 ==>  2.78324173142219536E-005  2.40764508324205215E-006
 LTM d(wg2)/d(wg2)   0.0000000000000000     
 B before wg2 wg2 ==>    0.0000000000000000        0.0000000000000000     
 Q value wg2 wg2 ==>   2.90936028119118281E-005  2.40764508324205215E-006
 B after wg2 wg2 ==>  2.78324173142219536E-005  2.40764508324205215E-006
 LTM d(wg2)/d(wg2)   0.0000000000000000     
 B before wg2 wg2 ==>    0.0000000000000000        0.0000000000000000     
 Q value wg2 wg2 ==>   2.90936028119118281E-005  2.40764508324205215E-006
 B after wg2 wg2 ==>  2.78324173142219536E-005  2.40764508324205215E-006
 LTM d(wg2)/d(wg2)   0.0000000000000000     
 B before wg2 wg2 ==>    0.0000000000000000        0.0000000000000000     
 Q value wg2 wg2 ==>   2.90936028119118281E-005  2.40764508324205215E-006
 B after wg2 wg2 ==>  2.78324173142219536E-005  2.40764508324205215E-006
 LTM d(wg2)/d(wg2)   0.0000000000000000     
 B before wg2 wg2 ==>    0.0000000000000000        0.0000000000000000     
 Q value wg2 wg2 ==>   2.90936028119118281E-005  2.40764508324205215E-006
 B after wg2 wg2 ==>  2.78324173142219536E-005  2.40764508324205215E-006
 LTM d(wg2)/d(wg2)   0.0000000000000000     
 B before wg2 wg2 ==>    0.0000000000000000        0.0000000000000000     
 Q value wg2 wg2 ==>   2.90936028119118281E-005  2.40764508324205215E-006
 B after wg2 wg2 ==>  2.78324173142219536E-005  2.40764508324205215E-006
 LTM d(wg2)/d(wg2)   0.0000000000000000     
 B before wg2 wg2 ==>    0.0000000000000000        0.0000000000000000     
 Q value wg2 wg2 ==>   2.90936028119118281E-005  2.40764508324205215E-006
 B after wg2 wg2 ==>  2.78324173142219536E-005  2.40764508324205215E-006
 LTM d(wg2)/d(wg2)   0.0000000000000000     
 B before wg2 wg2 ==>    0.0000000000000000        0.0000000000000000     
 Q value wg2 wg2 ==>   2.90936028119118281E-005  2.40764508324205215E-006
 B after wg2 wg2 ==>  2.78324173142219536E-005  2.40764508324205215E-006
 LTM d(wg2)/d(wg2)   0.0000000000000000     
 B before wg2 wg2 ==>    0.0000000000000000        0.0000000000000000     
 Q value wg2 wg2 ==>   2.90936028119118281E-005  2.40764508324205215E-006
 B after wg2 wg2 ==>  2.78324173142219536E-005  2.40764508324205215E-006
 LTM d(wg2)/d(wg2)   0.0000000000000000     
 B before wg2 wg2 ==>    0.0000000000000000        0.0000000000000000     
 Q value wg2 wg2 ==>   2.90936028119118281E-005  2.40764508324205215E-006
 B after wg2 wg2 ==>  2.78324173142219536E-005  2.40764508324205215E-006
 LTM d(wg2)/d(wg2)   0.0000000000000000     
 B before wg2 wg2 ==>    0.0000000000000000        0.0000000000000000     
 Q value wg2 wg2 ==>   2.90936028119118281E-005  2.40764508324205215E-006
 B after wg2 wg2 ==>  2.78324173142219536E-005  2.40764508324205215E-006
 LTM d(wg2)/d(wg2)   0.0000000000000000     
 B before wg2 wg2 ==>    0.0000000000000000        0.0000000000000000     
 Q value wg2 wg2 ==>   3.07286077929626550E-005  2.68585909160881841E-006
 B after wg2 wg2 ==>  3.10485758906759720E-005  2.68585909160881841E-006
 LTM d(wg2)/d(wg2)   0.0000000000000000     
 B before wg2 wg2 ==>    0.0000000000000000        0.0000000000000000     
 Q value wg2 wg2 ==>   3.07286077929626550E-005  2.68585909160881841E-006
 B after wg2 wg2 ==>  3.10485758906759720E-005  2.68585909160881841E-006
 LTM d(wg2)/d(wg2)   0.0000000000000000     
 B before wg2 wg2 ==>    0.0000000000000000        0.0000000000000000     
 Q value wg2 wg2 ==>   2.98371687315400340E-005  2.53228554784537707E-006
 B after wg2 wg2 ==>  2.92732631636471332E-005  2.53228554784537707E-006
 LTM d(wg2)/d(wg2)   0.0000000000000000     
 B before wg2 wg2 ==>    0.0000000000000000        0.0000000000000000     
 Q value wg2 wg2 ==>   2.90936028119118281E-005  2.40764508324205215E-006
 B after wg2 wg2 ==>  2.78324173142219536E-005  2.40764508324205215E-006
 LTM d(wg2)/d(wg2)   0.0000000000000000     
 B before wg2 wg2 ==>    0.0000000000000000        0.0000000000000000     
 Q value wg2 wg2 ==>   2.88118473410588964E-005  2.36123746760386208E-006
 B after wg2 wg2 ==>  2.72959445035114792E-005  2.36123746760386208E-006
 LTM d(wg2)/d(wg2)   0.0000000000000000     
 B before wg2 wg2 ==>    0.0000000000000000        0.0000000000000000     
 Q value wg2 wg2 ==>   2.84954954799046985E-005  2.30966972485765470E-006
 B after wg2 wg2 ==>  2.66998205373776437E-005  2.30966972485765470E-006
 LTM d(wg2)/d(wg2)   0.0000000000000000     
 B before wg2 wg2 ==>    0.0000000000000000        0.0000000000000000     
 Q value wg2 wg2 ==>   2.99567439760672274E-005  2.55262296077550968E-006
 B after wg2 wg2 ==>  2.95083639962835194E-005  2.55262296077550968E-006
 LTM d(wg2)/d(wg2)   0.0000000000000000     
 B before wg2 wg2 ==>    0.0000000000000000        0.0000000000000000     
 Q value wg2 wg2 ==>   2.84954954799046985E-005  2.30966972485765470E-006
 B after wg2 wg2 ==>  2.66998205373776437E-005  2.30966972485765470E-006
 LTM d(wg2)/d(wg2)   0.0000000000000000     
 B before wg2 wg2 ==>    0.0000000000000000        0.0000000000000000     
 Q value wg2 wg2 ==>   2.84954954799046985E-005  2.30966972485765470E-006
 B after wg2 wg2 ==>  2.66998205373776437E-005  2.30966972485765470E-006
 LTM d(wg2)/d(wg2)   0.0000000000000000     
 B before wg2 wg2 ==>    0.0000000000000000        0.0000000000000000     
 Q value wg2 wg2 ==>   2.84954954799046985E-005  2.30966972485765470E-006
 B after wg2 wg2 ==>  2.66998205373776437E-005  2.30966972485765470E-006
 LTM d(wg2)/d(wg2)   0.0000000000000000     
 B before wg2 wg2 ==>    0.0000000000000000        0.0000000000000000     
 Q value wg2 wg2 ==>   2.84954954799046985E-005  2.30966972485765470E-006
 B after wg2 wg2 ==>  2.66998205373776437E-005  2.30966972485765470E-006
 LTM d(wg2)/d(wg2)   0.0000000000000000     
 B before wg2 wg2 ==>    0.0000000000000000        0.0000000000000000     
 Q value wg2 wg2 ==>   2.84954954799046985E-005  2.30966972485765470E-006
 B after wg2 wg2 ==>  2.66998205373776437E-005  2.30966972485765470E-006
 LTM d(wg2)/d(wg2)   0.0000000000000000     
 B before wg2 wg2 ==>    0.0000000000000000        0.0000000000000000     
 Q value wg2 wg2 ==>   2.84954954799046985E-005  2.30966972485765470E-006
 B after wg2 wg2 ==>  2.66998205373776437E-005  2.30966972485765470E-006
 LTM d(wg2)/d(wg2)   0.0000000000000000     
 B before wg2 wg2 ==>    0.0000000000000000        0.0000000000000000     
 Q value wg2 wg2 ==>   2.84954954799046985E-005  2.30966972485765470E-006
 B after wg2 wg2 ==>  2.66998205373776437E-005  2.30966972485765470E-006
 LTM d(wg2)/d(wg2)   0.0000000000000000     
 B before wg2 wg2 ==>    0.0000000000000000        0.0000000000000000     
 Q value wg2 wg2 ==>   2.84954954799046985E-005  2.30966972485765470E-006
 B after wg2 wg2 ==>  2.66998205373776437E-005  2.30966972485765470E-006
 LTM d(wg2)/d(wg2)   0.0000000000000000     
 B before wg2 wg2 ==>    0.0000000000000000        0.0000000000000000     
 Q value wg2 wg2 ==>   2.84954954799046985E-005  2.30966972485765470E-006
 B after wg2 wg2 ==>  2.66998205373776437E-005  2.30966972485765470E-006
 LTM d(wg2)/d(wg2)   0.0000000000000000     
 B before wg2 wg2 ==>    0.0000000000000000        0.0000000000000000     
 Q value wg2 wg2 ==>   2.89093558814880130E-005  2.37724688350585041E-006
 B after wg2 wg2 ==>  2.74810136183251463E-005  2.37724688350585041E-006
 LTM d(wg2)/d(wg2)   0.0000000000000000     
 B before wg2 wg2 ==>    0.0000000000000000        0.0000000000000000     
 Q value wg2 wg2 ==>   2.93454751906339301E-005  2.44951300028902855E-006
 B after wg2 wg2 ==>  2.83164111335101113E-005  2.44951300028902855E-006
 LTM d(wg2)/d(wg2)   0.0000000000000000     
 B before wg2 wg2 ==>    0.0000000000000000        0.0000000000000000     
 Q value wg2 wg2 ==>   2.90936028119118281E-005  2.40764508324205215E-006
 B after wg2 wg2 ==>  2.78324173142219536E-005  2.40764508324205215E-006
 LTM d(wg2)/d(wg2)   0.0000000000000000     
 B before wg2 wg2 ==>    0.0000000000000000        0.0000000000000000     
 Q value wg2 wg2 ==>   2.90936028119118281E-005  2.40764508324205215E-006
 B after wg2 wg2 ==>  2.78324173142219536E-005  2.40764508324205215E-006
 LTM d(wg2)/d(wg2)   0.0000000000000000     
 B before wg2 wg2 ==>    0.0000000000000000        0.0000000000000000     
 Q value wg2 wg2 ==>   2.90936028119118281E-005  2.40764508324205215E-006
 B after wg2 wg2 ==>  2.78324173142219536E-005  2.40764508324205215E-006
 LTM d(wg2)/d(wg2)   0.0000000000000000     
 B before wg2 wg2 ==>    0.0000000000000000        0.0000000000000000     
 Q value wg2 wg2 ==>   2.90936028119118281E-005  2.40764508324205215E-006
 B after wg2 wg2 ==>  2.78324173142219536E-005  2.40764508324205215E-006
 LTM d(wg2)/d(wg2)   0.0000000000000000     
 B before wg2 wg2 ==>    0.0000000000000000        0.0000000000000000     
 Q value wg2 wg2 ==>   2.90936028119118281E-005  2.40764508324205215E-006
 B after wg2 wg2 ==>  2.78324173142219536E-005  2.40764508324205215E-006
 LTM d(wg2)/d(wg2)   0.0000000000000000     
 B before wg2 wg2 ==>    0.0000000000000000        0.0000000000000000     
 Q value wg2 wg2 ==>   2.90936028119118281E-005  2.40764508324205215E-006
 B after wg2 wg2 ==>  2.78324173142219536E-005  2.40764508324205215E-006
 LTM d(wg2)/d(wg2)   0.0000000000000000     
 B before wg2 wg2 ==>    0.0000000000000000        0.0000000000000000     
 Q value wg2 wg2 ==>   2.90936028119118281E-005  2.40764508324205215E-006
 B after wg2 wg2 ==>  2.78324173142219536E-005  2.40764508324205215E-006
 LTM d(wg2)/d(wg2)   0.0000000000000000     
 B before wg2 wg2 ==>    0.0000000000000000        0.0000000000000000     
 Q value wg2 wg2 ==>   2.90936028119118281E-005  2.40764508324205215E-006
 B after wg2 wg2 ==>  2.78324173142219536E-005  2.40764508324205215E-006
 LTM d(wg2)/d(wg2)   0.0000000000000000     
 B before wg2 wg2 ==>    0.0000000000000000        0.0000000000000000     
 Q value wg2 wg2 ==>   2.90936028119118281E-005  2.40764508324205215E-006
 B after wg2 wg2 ==>  2.78324173142219536E-005  2.40764508324205215E-006
 LTM d(wg2)/d(wg2)   0.0000000000000000     
 B before wg2 wg2 ==>    0.0000000000000000        0.0000000000000000     
 Q value wg2 wg2 ==>   3.07286077929626550E-005  2.68585909160881841E-006
 B after wg2 wg2 ==>  3.10485758906759720E-005  2.68585909160881841E-006
 LTM d(wg2)/d(wg2)   0.0000000000000000     
 B before wg2 wg2 ==>    0.0000000000000000        0.0000000000000000     
 Q value wg2 wg2 ==>   3.07286077929626550E-005  2.68585909160881841E-006
 B after wg2 wg2 ==>  3.10485758906759720E-005  2.68585909160881841E-006
 LTM d(wg2)/d(wg2)   0.0000000000000000     
 B before wg2 wg2 ==>    0.0000000000000000        0.0000000000000000     
 Q value wg2 wg2 ==>   3.07286077929626550E-005  2.68585909160881841E-006
 B after wg2 wg2 ==>  3.10485758906759720E-005  2.68585909160881841E-006
 LTM d(wg2)/d(wg2)   0.0000000000000000     
 B before wg2 wg2 ==>    0.0000000000000000        0.0000000000000000     
 Q value wg2 wg2 ==>   2.90936028119118281E-005  2.40764508324205215E-006
 B after wg2 wg2 ==>  2.78324173142219536E-005  2.40764508324205215E-006
 LTM d(wg2)/d(wg2)   0.0000000000000000     
 B before wg2 wg2 ==>    0.0000000000000000        0.0000000000000000     
 Q value wg2 wg2 ==>   2.90936028119118281E-005  2.40764508324205215E-006
 B after wg2 wg2 ==>  2.78324173142219536E-005  2.40764508324205215E-006
 LTM d(wg2)/d(wg2)   0.0000000000000000     
 B before wg2 wg2 ==>    0.0000000000000000        0.0000000000000000     
 Q value wg2 wg2 ==>   2.87105044648049116E-005  2.34465583395152415E-006
 B after wg2 wg2 ==>  2.71042605419609815E-005  2.34465583395152415E-006
 LTM d(wg2)/d(wg2)   0.0000000000000000     
 B before wg2 wg2 ==>    0.0000000000000000        0.0000000000000000     
 Q value wg2 wg2 ==>   2.84954954799046985E-005  2.30966972485765470E-006
 B after wg2 wg2 ==>  2.66998205373776437E-005  2.30966972485765470E-006
 LTM d(wg2)/d(wg2)   0.0000000000000000     
 B before wg2 wg2 ==>    0.0000000000000000        0.0000000000000000     
 Q value wg2 wg2 ==>   2.84954954799046985E-005  2.30966972485765470E-006
 B after wg2 wg2 ==>  2.66998205373776437E-005  2.30966972485765470E-006
 LTM d(wg2)/d(wg2)   0.0000000000000000     
 B before wg2 wg2 ==>    0.0000000000000000        0.0000000000000000     
 Q value wg2 wg2 ==>   2.84954954799046985E-005  2.30966972485765470E-006
 B after wg2 wg2 ==>  2.66998205373776437E-005  2.30966972485765470E-006
 LTM d(wg2)/d(wg2)   0.0000000000000000     
 B before wg2 wg2 ==>    0.0000000000000000        0.0000000000000000     
 Q value wg2 wg2 ==>   2.84954954799046985E-005  2.30966972485765470E-006
 B after wg2 wg2 ==>  2.66998205373776437E-005  2.30966972485765470E-006
 LTM d(wg2)/d(wg2)   0.0000000000000000     
 B before wg2 wg2 ==>    0.0000000000000000        0.0000000000000000     
 Q value wg2 wg2 ==>   2.84954954799046985E-005  2.30966972485765470E-006
 B after wg2 wg2 ==>  2.66998205373776437E-005  2.30966972485765470E-006
 LTM d(wg2)/d(wg2)   0.0000000000000000     
 B before wg2 wg2 ==>    0.0000000000000000        0.0000000000000000     
 Q value wg2 wg2 ==>   2.84954954799046985E-005  2.30966972485765470E-006
 B after wg2 wg2 ==>  2.66998205373776437E-005  2.30966972485765470E-006
 LTM d(wg2)/d(wg2)   0.0000000000000000     
 B before wg2 wg2 ==>    0.0000000000000000        0.0000000000000000     
 Q value wg2 wg2 ==>   2.84954954799046985E-005  2.30966972485765470E-006
 B after wg2 wg2 ==>  2.66998205373776437E-005  2.30966972485765470E-006
 LTM d(wg2)/d(wg2)   0.0000000000000000     
 B before wg2 wg2 ==>    0.0000000000000000        0.0000000000000000     
 Q value wg2 wg2 ==>   2.84954954799046985E-005  2.30966972485765470E-006
 B after wg2 wg2 ==>  2.66998205373776437E-005  2.30966972485765470E-006
 LTM d(wg2)/d(wg2)   0.0000000000000000     
 B before wg2 wg2 ==>    0.0000000000000000        0.0000000000000000     
 Q value wg2 wg2 ==>   2.84954954799046985E-005  2.30966972485765470E-006
 B after wg2 wg2 ==>  2.66998205373776437E-005  2.30966972485765470E-006
 LTM d(wg2)/d(wg2)   0.0000000000000000     
 B before wg2 wg2 ==>    0.0000000000000000        0.0000000000000000     
 Q value wg2 wg2 ==>   2.84954954799046985E-005  2.30966972485765470E-006
 B after wg2 wg2 ==>  2.66998205373776437E-005  2.30966972485765470E-006
 LTM d(wg2)/d(wg2)   0.0000000000000000     
 B before wg2 wg2 ==>    0.0000000000000000        0.0000000000000000     
 Q value wg2 wg2 ==>   2.86583329363264429E-005  2.33614235502743622E-006
 B after wg2 wg2 ==>  2.70058445836204850E-005  2.33614235502743622E-006
 LTM d(wg2)/d(wg2)   0.0000000000000000     
 B before wg2 wg2 ==>    0.0000000000000000        0.0000000000000000     
 Q value wg2 wg2 ==>   2.90936028119118281E-005  2.40764508324205215E-006
 B after wg2 wg2 ==>  2.78324173142219536E-005  2.40764508324205215E-006
 LTM d(wg2)/d(wg2)   0.0000000000000000     
 B before wg2 wg2 ==>    0.0000000000000000        0.0000000000000000     
 Q value wg2 wg2 ==>   2.91806759490782810E-005  2.42207814782610668E-006
 B after wg2 wg2 ==>  2.79992637815117269E-005  2.42207814782610668E-006
 LTM d(wg2)/d(wg2)   0.0000000000000000     
 B before wg2 wg2 ==>    0.0000000000000000        0.0000000000000000     
 Q value wg2 wg2 ==>   2.93454751906339267E-005  2.44951300028902770E-006
 B after wg2 wg2 ==>  2.83164111335101011E-005  2.44951300028902770E-006
 LTM d(wg2)/d(wg2)   0.0000000000000000     
 B before wg2 wg2 ==>    0.0000000000000000        0.0000000000000000     
 Q value wg2 wg2 ==>   2.90936028119118281E-005  2.40764508324205215E-006
 B after wg2 wg2 ==>  2.78324173142219536E-005  2.40764508324205215E-006
 LTM d(wg2)/d(wg2)   0.0000000000000000     
 B before wg2 wg2 ==>    0.0000000000000000        0.0000000000000000     
 Q value wg2 wg2 ==>   2.90936028119118281E-005  2.40764508324205215E-006
 B after wg2 wg2 ==>  2.78324173142219536E-005  2.40764508324205215E-006
 LTM d(wg2)/d(wg2)   0.0000000000000000     
 B before wg2 wg2 ==>    0.0000000000000000        0.0000000000000000     
 Q value wg2 wg2 ==>   2.90936028119118281E-005  2.40764508324205215E-006
 B after wg2 wg2 ==>  2.78324173142219536E-005  2.40764508324205215E-006
 LTM d(wg2)/d(wg2)   0.0000000000000000     
 B before wg2 wg2 ==>    0.0000000000000000        0.0000000000000000     
 Q value wg2 wg2 ==>   2.90936028119118281E-005  2.40764508324205215E-006
 B after wg2 wg2 ==>  2.78324173142219536E-005  2.40764508324205215E-006
 LTM d(wg2)/d(wg2)   0.0000000000000000     
 B before wg2 wg2 ==>    0.0000000000000000        0.0000000000000000     
 Q value wg2 wg2 ==>   2.90936028119118281E-005  2.40764508324205215E-006
 B after wg2 wg2 ==>  2.78324173142219536E-005  2.40764508324205215E-006
 LTM d(wg2)/d(wg2)   0.0000000000000000     
 B before wg2 wg2 ==>    0.0000000000000000        0.0000000000000000     
 Q value wg2 wg2 ==>   2.90936028119118281E-005  2.40764508324205215E-006
 B after wg2 wg2 ==>  2.78324173142219536E-005  2.40764508324205215E-006
 LTM d(wg2)/d(wg2)   0.0000000000000000     
 B before wg2 wg2 ==>    0.0000000000000000        0.0000000000000000     
 Q value wg2 wg2 ==>   2.90936028119118281E-005  2.40764508324205215E-006
 B after wg2 wg2 ==>  2.78324173142219536E-005  2.40764508324205215E-006
 LTM d(wg2)/d(wg2)   0.0000000000000000     
 B before wg2 wg2 ==>    0.0000000000000000        0.0000000000000000     
 Q value wg2 wg2 ==>   2.90936028119118281E-005  2.40764508324205215E-006
 B after wg2 wg2 ==>  2.78324173142219536E-005  2.40764508324205215E-006
 LTM d(wg2)/d(wg2)   0.0000000000000000     
 B before wg2 wg2 ==>    0.0000000000000000        0.0000000000000000     
 Q value wg2 wg2 ==>   3.07286077929626550E-005  2.68585909160881841E-006
 B after wg2 wg2 ==>  3.10485758906759720E-005  2.68585909160881841E-006
 LTM d(wg2)/d(wg2)   0.0000000000000000     
 B before wg2 wg2 ==>    0.0000000000000000        0.0000000000000000     
 Q value wg2 wg2 ==>   3.07286077929626550E-005  2.68585909160881841E-006
 B after wg2 wg2 ==>  3.10485758906759720E-005  2.68585909160881841E-006
 LTM d(wg2)/d(wg2)   0.0000000000000000     
 B before wg2 wg2 ==>    0.0000000000000000        0.0000000000000000     
 Q value wg2 wg2 ==>   3.03599869147065250E-005  2.62180637997838615E-006
 B after wg2 wg2 ==>  3.03081254760305009E-005  2.62180637997838615E-006
 LTM d(wg2)/d(wg2)   0.0000000000000000     
 B before wg2 wg2 ==>    0.0000000000000000        0.0000000000000000     
 Q value wg2 wg2 ==>   2.90936028119118281E-005  2.40764508324205215E-006
 B after wg2 wg2 ==>  2.78324173142219536E-005  2.40764508324205215E-006
 LTM d(wg2)/d(wg2)   0.0000000000000000     
 B before wg2 wg2 ==>    0.0000000000000000        0.0000000000000000     
 Q value wg2 wg2 ==>   2.90936028119118281E-005  2.40764508324205215E-006
 B after wg2 wg2 ==>  2.78324173142219536E-005  2.40764508324205215E-006
 LTM d(wg2)/d(wg2)   0.0000000000000000     
 B before wg2 wg2 ==>    0.0000000000000000        0.0000000000000000     
 Q value wg2 wg2 ==>   2.84954954799046985E-005  2.30966972485765470E-006
 B after wg2 wg2 ==>  2.66998205373776437E-005  2.30966972485765470E-006
 LTM d(wg2)/d(wg2)   0.0000000000000000     
 B before wg2 wg2 ==>    0.0000000000000000        0.0000000000000000     
 Q value wg2 wg2 ==>   2.84954954799046985E-005  2.30966972485765470E-006
 B after wg2 wg2 ==>  2.66998205373776437E-005  2.30966972485765470E-006
 LTM d(wg2)/d(wg2)   0.0000000000000000     
 B before wg2 wg2 ==>    0.0000000000000000        0.0000000000000000     
 Q value wg2 wg2 ==>   2.84954954799046985E-005  2.30966972485765470E-006
 B after wg2 wg2 ==>  2.66998205373776437E-005  2.30966972485765470E-006
 LTM d(wg2)/d(wg2)   0.0000000000000000     
 B before wg2 wg2 ==>    0.0000000000000000        0.0000000000000000     
 Q value wg2 wg2 ==>   2.84954954799046985E-005  2.30966972485765470E-006
 B after wg2 wg2 ==>  2.66998205373776437E-005  2.30966972485765470E-006
 LTM d(wg2)/d(wg2)   0.0000000000000000     
 B before wg2 wg2 ==>    0.0000000000000000        0.0000000000000000     
 Q value wg2 wg2 ==>   2.84954954799046985E-005  2.30966972485765470E-006
 B after wg2 wg2 ==>  2.66998205373776437E-005  2.30966972485765470E-006
 LTM d(wg2)/d(wg2)   0.0000000000000000     
 B before wg2 wg2 ==>    0.0000000000000000        0.0000000000000000     
 Q value wg2 wg2 ==>   2.84954954799046985E-005  2.30966972485765470E-006
 B after wg2 wg2 ==>  2.66998205373776437E-005  2.30966972485765470E-006
 LTM d(wg2)/d(wg2)   0.0000000000000000     
 B before wg2 wg2 ==>    0.0000000000000000        0.0000000000000000     
 Q value wg2 wg2 ==>   2.84954954799046985E-005  2.30966972485765470E-006
 B after wg2 wg2 ==>  2.66998205373776437E-005  2.30966972485765470E-006
 LTM d(wg2)/d(wg2)   0.0000000000000000     
 B before wg2 wg2 ==>    0.0000000000000000        0.0000000000000000     
 Q value wg2 wg2 ==>   2.84954954799046985E-005  2.30966972485765470E-006
 B after wg2 wg2 ==>  2.66998205373776437E-005  2.30966972485765470E-006
 LTM d(wg2)/d(wg2)   0.0000000000000000     
 B before wg2 wg2 ==>    0.0000000000000000        0.0000000000000000     
 Q value wg2 wg2 ==>   2.84954954799046985E-005  2.30966972485765470E-006
 B after wg2 wg2 ==>  2.66998205373776437E-005  2.30966972485765470E-006
 LTM d(wg2)/d(wg2)   0.0000000000000000     
 B before wg2 wg2 ==>    0.0000000000000000        0.0000000000000000     
 Q value wg2 wg2 ==>   2.84954954799046985E-005  2.30966972485765470E-006
 B after wg2 wg2 ==>  2.66998205373776437E-005  2.30966972485765470E-006
 LTM d(wg2)/d(wg2)   0.0000000000000000     
 B before wg2 wg2 ==>    0.0000000000000000        0.0000000000000000     
 Q value wg2 wg2 ==>   2.84954954799046985E-005  2.30966972485765470E-006
 B after wg2 wg2 ==>  2.66998205373776437E-005  2.30966972485765470E-006
 LTM d(wg2)/d(wg2)   0.0000000000000000     
 B before wg2 wg2 ==>    0.0000000000000000        0.0000000000000000     
 Q value wg2 wg2 ==>   2.89567310871140741E-005  2.38504469404853643E-006
 B after wg2 wg2 ==>  2.75711564382415392E-005  2.38504469404853643E-006
 LTM d(wg2)/d(wg2)   0.0000000000000000     
 B before wg2 wg2 ==>    0.0000000000000000        0.0000000000000000     
 Q value wg2 wg2 ==>   2.91806759490782810E-005  2.42207814782610668E-006
 B after wg2 wg2 ==>  2.79992637815117269E-005  2.42207814782610668E-006
 LTM d(wg2)/d(wg2)   0.0000000000000000     
 B before wg2 wg2 ==>    0.0000000000000000        0.0000000000000000     
 Q value wg2 wg2 ==>   2.90936028119118281E-005  2.40764508324205215E-006
 B after wg2 wg2 ==>  2.78324173142219536E-005  2.40764508324205215E-006
 LTM d(wg2)/d(wg2)   0.0000000000000000     
 B before wg2 wg2 ==>    0.0000000000000000        0.0000000000000000     
 Q value wg2 wg2 ==>   2.91806759490782810E-005  2.42207814782610668E-006
 B after wg2 wg2 ==>  2.79992637815117269E-005  2.42207814782610668E-006
 LTM d(wg2)/d(wg2)   0.0000000000000000     
 B before wg2 wg2 ==>    0.0000000000000000        0.0000000000000000     
 Q value wg2 wg2 ==>   2.93454751906339301E-005  2.44951300028902855E-006
 B after wg2 wg2 ==>  2.83164111335101113E-005  2.44951300028902855E-006
 LTM d(wg2)/d(wg2)   0.0000000000000000     
 B before wg2 wg2 ==>    0.0000000000000000        0.0000000000000000     
 Q value wg2 wg2 ==>   2.92230175500757331E-005  2.42911219123778632E-006
 B after wg2 wg2 ==>  2.80805774406564535E-005  2.42911219123778632E-006
 LTM d(wg2)/d(wg2)   0.0000000000000000     
 B before wg2 wg2 ==>    0.0000000000000000        0.0000000000000000     
 Q value wg2 wg2 ==>   2.90936028119118281E-005  2.40764508324205215E-006
 B after wg2 wg2 ==>  2.78324173142219536E-005  2.40764508324205215E-006
 LTM d(wg2)/d(wg2)   0.0000000000000000     
 B before wg2 wg2 ==>    0.0000000000000000        0.0000000000000000     
 Q value wg2 wg2 ==>   2.90936028119118281E-005  2.40764508324205215E-006
 B after wg2 wg2 ==>  2.78324173142219536E-005  2.40764508324205215E-006
 LTM d(wg2)/d(wg2)   0.0000000000000000     
 B before wg2 wg2 ==>    0.0000000000000000        0.0000000000000000     
 Q value wg2 wg2 ==>   2.90936028119118281E-005  2.40764508324205215E-006
 B after wg2 wg2 ==>  2.78324173142219536E-005  2.40764508324205215E-006
 LTM d(wg2)/d(wg2)   0.0000000000000000     
 B before wg2 wg2 ==>    0.0000000000000000        0.0000000000000000     
 Q value wg2 wg2 ==>   2.90936028119118281E-005  2.40764508324205215E-006
 B after wg2 wg2 ==>  2.78324173142219536E-005  2.40764508324205215E-006
 LTM d(wg2)/d(wg2)   0.0000000000000000     
 B before wg2 wg2 ==>    0.0000000000000000        0.0000000000000000     
 Q value wg2 wg2 ==>   2.90936028119118281E-005  2.40764508324205215E-006
 B after wg2 wg2 ==>  2.78324173142219536E-005  2.40764508324205215E-006
 LTM d(wg2)/d(wg2)   0.0000000000000000     
 B before wg2 wg2 ==>    0.0000000000000000        0.0000000000000000     
 Q value wg2 wg2 ==>   2.90936028119118281E-005  2.40764508324205215E-006
 B after wg2 wg2 ==>  2.78324173142219536E-005  2.40764508324205215E-006
 LTM d(wg2)/d(wg2)   0.0000000000000000     
 B before wg2 wg2 ==>    0.0000000000000000        0.0000000000000000     
 Q value wg2 wg2 ==>   3.07286077929626550E-005  2.68585909160881841E-006
 B after wg2 wg2 ==>  3.10485758906759720E-005  2.68585909160881841E-006
 LTM d(wg2)/d(wg2)   0.0000000000000000     
 B before wg2 wg2 ==>    0.0000000000000000        0.0000000000000000     
 Q value wg2 wg2 ==>   3.07286077929626550E-005  2.68585909160881841E-006
 B after wg2 wg2 ==>  3.10485758906759720E-005  2.68585909160881841E-006
 LTM d(wg2)/d(wg2)   0.0000000000000000     
 B before wg2 wg2 ==>    0.0000000000000000        0.0000000000000000     
 Q value wg2 wg2 ==>   3.07286077929626550E-005  2.68585909160881841E-006
 B after wg2 wg2 ==>  3.10485758906759720E-005  2.68585909160881841E-006
 LTM d(wg2)/d(wg2)   0.0000000000000000     
 B before wg2 wg2 ==>    0.0000000000000000        0.0000000000000000     
 Q value wg2 wg2 ==>   2.90936028119118281E-005  2.40764508324205215E-006
 B after wg2 wg2 ==>  2.78324173142219536E-005  2.40764508324205215E-006
 LTM d(wg2)/d(wg2)   0.0000000000000000     
 B before wg2 wg2 ==>    0.0000000000000000        0.0000000000000000     
 Q value wg2 wg2 ==>   3.03599869147065250E-005  2.62180637997838615E-006
 B after wg2 wg2 ==>  3.03081254760305009E-005  2.62180637997838615E-006
 LTM d(wg2)/d(wg2)   0.0000000000000000     
 B before wg2 wg2 ==>    0.0000000000000000        0.0000000000000000     
 Q value wg2 wg2 ==>   3.01212029042410758E-005  2.58072708095562267E-006
 B after wg2 wg2 ==>  2.98332480942539119E-005  2.58072708095562267E-006
 LTM d(wg2)/d(wg2)   0.0000000000000000     
 B before wg2 wg2 ==>    0.0000000000000000        0.0000000000000000     
 Q value wg2 wg2 ==>   2.84954954799046985E-005  2.30966972485765470E-006
 B after wg2 wg2 ==>  2.66998205373776437E-005  2.30966972485765470E-006
 LTM d(wg2)/d(wg2)   0.0000000000000000     
 B before wg2 wg2 ==>    0.0000000000000000        0.0000000000000000     
 Q value wg2 wg2 ==>   2.84954954799046985E-005  2.30966972485765470E-006
 B after wg2 wg2 ==>  2.66998205373776437E-005  2.30966972485765470E-006
 LTM d(wg2)/d(wg2)   0.0000000000000000     
 B before wg2 wg2 ==>    0.0000000000000000        0.0000000000000000     
 Q value wg2 wg2 ==>   2.84954954799046985E-005  2.30966972485765470E-006
 B after wg2 wg2 ==>  2.66998205373776437E-005  2.30966972485765470E-006
 LTM d(wg2)/d(wg2)   0.0000000000000000     
 B before wg2 wg2 ==>    0.0000000000000000        0.0000000000000000     
 Q value wg2 wg2 ==>   2.84954954799046985E-005  2.30966972485765470E-006
 B after wg2 wg2 ==>  2.66998205373776437E-005  2.30966972485765470E-006
 LTM d(wg2)/d(wg2)   0.0000000000000000     
 B before wg2 wg2 ==>    0.0000000000000000        0.0000000000000000     
 Q value wg2 wg2 ==>   2.84954954799046985E-005  2.30966972485765470E-006
 B after wg2 wg2 ==>  2.66998205373776437E-005  2.30966972485765470E-006
 LTM d(wg2)/d(wg2)   0.0000000000000000     
 B before wg2 wg2 ==>    0.0000000000000000        0.0000000000000000     
 Q value wg2 wg2 ==>   2.84954954799046985E-005  2.30966972485765470E-006
 B after wg2 wg2 ==>  2.66998205373776437E-005  2.30966972485765470E-006
 LTM d(wg2)/d(wg2)   0.0000000000000000     
 B before wg2 wg2 ==>    0.0000000000000000        0.0000000000000000     
 Q value wg2 wg2 ==>   2.84954954799046985E-005  2.30966972485765470E-006
 B after wg2 wg2 ==>  2.66998205373776437E-005  2.30966972485765470E-006
 LTM d(wg2)/d(wg2)   0.0000000000000000     
 B before wg2 wg2 ==>    0.0000000000000000        0.0000000000000000     
 Q value wg2 wg2 ==>   2.84954954799046985E-005  2.30966972485765470E-006
 B after wg2 wg2 ==>  2.66998205373776437E-005  2.30966972485765470E-006
 LTM d(wg2)/d(wg2)   0.0000000000000000     
 B before wg2 wg2 ==>    0.0000000000000000        0.0000000000000000     
 Q value wg2 wg2 ==>   2.84954954799046985E-005  2.30966972485765470E-006
 B after wg2 wg2 ==>  2.66998205373776437E-005  2.30966972485765470E-006
 LTM d(wg2)/d(wg2)   0.0000000000000000     
 B before wg2 wg2 ==>    0.0000000000000000        0.0000000000000000     
 Q value wg2 wg2 ==>   2.84954954799046985E-005  2.30966972485765470E-006
 B after wg2 wg2 ==>  2.66998205373776437E-005  2.30966972485765470E-006
 LTM d(wg2)/d(wg2)   0.0000000000000000     
 B before wg2 wg2 ==>    0.0000000000000000        0.0000000000000000     
 Q value wg2 wg2 ==>   2.89567310871140741E-005  2.38504469404853643E-006
 B after wg2 wg2 ==>  2.75711564382415392E-005  2.38504469404853643E-006
 LTM d(wg2)/d(wg2)   0.0000000000000000     
 B before wg2 wg2 ==>    0.0000000000000000        0.0000000000000000     
 Q value wg2 wg2 ==>   2.93454751906339301E-005  2.44951300028902855E-006
 B after wg2 wg2 ==>  2.83164111335101113E-005  2.44951300028902855E-006
 LTM d(wg2)/d(wg2)   0.0000000000000000     
 B before wg2 wg2 ==>    0.0000000000000000        0.0000000000000000     
 Q value wg2 wg2 ==>   2.91806759490782810E-005  2.42207814782610668E-006
 B after wg2 wg2 ==>  2.79992637815117269E-005  2.42207814782610668E-006
 LTM d(wg2)/d(wg2)   0.0000000000000000     
 B before wg2 wg2 ==>    0.0000000000000000        0.0000000000000000     
 Q value wg2 wg2 ==>   2.90936028119118281E-005  2.40764508324205215E-006
 B after wg2 wg2 ==>  2.78324173142219536E-005  2.40764508324205215E-006
 LTM d(wg2)/d(wg2)   0.0000000000000000     
 B before wg2 wg2 ==>    0.0000000000000000        0.0000000000000000     
 Q value wg2 wg2 ==>   2.91806759490782810E-005  2.42207814782610668E-006
 B after wg2 wg2 ==>  2.79992637815117269E-005  2.42207814782610668E-006
 LTM d(wg2)/d(wg2)   0.0000000000000000     
 B before wg2 wg2 ==>    0.0000000000000000        0.0000000000000000     
 Q value wg2 wg2 ==>   2.93454751906339301E-005  2.44951300028902855E-006
 B after wg2 wg2 ==>  2.83164111335101113E-005  2.44951300028902855E-006
 LTM d(wg2)/d(wg2)   0.0000000000000000     
 B before wg2 wg2 ==>    0.0000000000000000        0.0000000000000000     
 Q value wg2 wg2 ==>   2.93454751906339267E-005  2.44951300028902770E-006
 B after wg2 wg2 ==>  2.83164111335101011E-005  2.44951300028902770E-006
 LTM d(wg2)/d(wg2)   0.0000000000000000     
 B before wg2 wg2 ==>    0.0000000000000000        0.0000000000000000     
 Q value wg2 wg2 ==>   2.90936028119118281E-005  2.40764508324205215E-006
 B after wg2 wg2 ==>  2.78324173142219536E-005  2.40764508324205215E-006
 LTM d(wg2)/d(wg2)   0.0000000000000000     
 B before wg2 wg2 ==>    0.0000000000000000        0.0000000000000000     
 Q value wg2 wg2 ==>   2.90936028119118281E-005  2.40764508324205215E-006
 B after wg2 wg2 ==>  2.78324173142219536E-005  2.40764508324205215E-006
 LTM d(wg2)/d(wg2)   0.0000000000000000     
 B before wg2 wg2 ==>    0.0000000000000000        0.0000000000000000     
 Q value wg2 wg2 ==>   2.90936028119118281E-005  2.40764508324205215E-006
 B after wg2 wg2 ==>  2.78324173142219536E-005  2.40764508324205215E-006
 LTM d(wg2)/d(wg2)   0.0000000000000000     
 B before wg2 wg2 ==>    0.0000000000000000        0.0000000000000000     
 Q value wg2 wg2 ==>   2.90936028119118281E-005  2.40764508324205215E-006
 B after wg2 wg2 ==>  2.78324173142219536E-005  2.40764508324205215E-006
 LTM d(wg2)/d(wg2)   0.0000000000000000     
 B before wg2 wg2 ==>    0.0000000000000000        0.0000000000000000     
 Q value wg2 wg2 ==>   2.90936028119118281E-005  2.40764508324205215E-006
 B after wg2 wg2 ==>  2.78324173142219536E-005  2.40764508324205215E-006
 LTM d(wg2)/d(wg2)   0.0000000000000000     
 B before wg2 wg2 ==>    0.0000000000000000        0.0000000000000000     
 Q value wg2 wg2 ==>   2.90936028119118281E-005  2.40764508324205215E-006
 B after wg2 wg2 ==>  2.78324173142219536E-005  2.40764508324205215E-006
 LTM d(wg2)/d(wg2)   0.0000000000000000     
 B before wg2 wg2 ==>    0.0000000000000000        0.0000000000000000     
 Q value wg2 wg2 ==>   3.07286077929626550E-005  2.68585909160881841E-006
 B after wg2 wg2 ==>  3.10485758906759720E-005  2.68585909160881841E-006
 LTM d(wg2)/d(wg2)   0.0000000000000000     
 B before wg2 wg2 ==>    0.0000000000000000        0.0000000000000000     
 Q value wg2 wg2 ==>   3.07286077929626550E-005  2.68585909160881841E-006
 B after wg2 wg2 ==>  3.10485758906759720E-005  2.68585909160881841E-006
 LTM d(wg2)/d(wg2)   0.0000000000000000     
 B before wg2 wg2 ==>    0.0000000000000000        0.0000000000000000     
 Q value wg2 wg2 ==>   3.07286077929626550E-005  2.68585909160881841E-006
 B after wg2 wg2 ==>  3.10485758906759720E-005  2.68585909160881841E-006
 LTM d(wg2)/d(wg2)   0.0000000000000000     
 B before wg2 wg2 ==>    0.0000000000000000        0.0000000000000000     
 Q value wg2 wg2 ==>   2.90936028119118281E-005  2.40764508324205215E-006
 B after wg2 wg2 ==>  2.78324173142219536E-005  2.40764508324205215E-006
 LTM d(wg2)/d(wg2)   0.0000000000000000     
 B before wg2 wg2 ==>    0.0000000000000000        0.0000000000000000     
 Q value wg2 wg2 ==>   3.01212029042410758E-005  2.58072708095562267E-006
 B after wg2 wg2 ==>  2.98332480942539119E-005  2.58072708095562267E-006
 LTM d(wg2)/d(wg2)   0.0000000000000000     
 B before wg2 wg2 ==>    0.0000000000000000        0.0000000000000000     
 Q value wg2 wg2 ==>   3.02694113475616320E-005  2.60618599346600623E-006
 B after wg2 wg2 ==>  3.01275535474484975E-005  2.60618599346600623E-006
 LTM d(wg2)/d(wg2)   0.0000000000000000     
 B before wg2 wg2 ==>    0.0000000000000000        0.0000000000000000     
 Q value wg2 wg2 ==>   2.95712842777049175E-005  2.48735531756896147E-006
 B after wg2 wg2 ==>  2.87538689523569085E-005  2.48735531756896147E-006
 LTM d(wg2)/d(wg2)   0.0000000000000000     
 B before wg2 wg2 ==>    0.0000000000000000        0.0000000000000000     
 Q value wg2 wg2 ==>   3.07286077929626550E-005  2.68585909160881841E-006
 B after wg2 wg2 ==>  3.10485758906759720E-005  2.68585909160881841E-006
 LTM d(wg2)/d(wg2)   0.0000000000000000     
 B before wg2 wg2 ==>    0.0000000000000000        0.0000000000000000     
 Q value wg2 wg2 ==>   2.84954954799046985E-005  2.30966972485765470E-006
 B after wg2 wg2 ==>  2.66998205373776437E-005  2.30966972485765470E-006
 LTM d(wg2)/d(wg2)   0.0000000000000000     
 B before wg2 wg2 ==>    0.0000000000000000        0.0000000000000000     
 Q value wg2 wg2 ==>   2.90936028119118349E-005  2.40764508324205300E-006
 B after wg2 wg2 ==>  2.78324173142219637E-005  2.40764508324205300E-006
 LTM d(wg2)/d(wg2)   0.0000000000000000     
 B before wg2 wg2 ==>    0.0000000000000000        0.0000000000000000     
 Q value wg2 wg2 ==>   2.93454751906339301E-005  2.44951300028902855E-006
 B after wg2 wg2 ==>  2.83164111335101113E-005  2.44951300028902855E-006
 LTM d(wg2)/d(wg2)   0.0000000000000000     
 B before wg2 wg2 ==>    0.0000000000000000        0.0000000000000000     
 Q value wg2 wg2 ==>   2.91592098578612317E-005  2.41851596667674069E-006
 B after wg2 wg2 ==>  2.79580849080190810E-005  2.41851596667674069E-006
 LTM d(wg2)/d(wg2)   0.0000000000000000     
 B before wg2 wg2 ==>    0.0000000000000000        0.0000000000000000     
 Q value wg2 wg2 ==>   2.93454751906339301E-005  2.44951300028902855E-006
 B after wg2 wg2 ==>  2.83164111335101113E-005  2.44951300028902855E-006
 LTM d(wg2)/d(wg2)   0.0000000000000000     
 B before wg2 wg2 ==>    0.0000000000000000        0.0000000000000000     
 Q value wg2 wg2 ==>   2.93454751906339267E-005  2.44951300028902770E-006
 B after wg2 wg2 ==>  2.83164111335101011E-005  2.44951300028902770E-006
 LTM d(wg2)/d(wg2)   0.0000000000000000     
 B before wg2 wg2 ==>    0.0000000000000000        0.0000000000000000     
 Q value wg2 wg2 ==>   2.84954954799046985E-005  2.30966972485765470E-006
 B after wg2 wg2 ==>  2.66998205373776437E-005  2.30966972485765470E-006
 LTM d(wg2)/d(wg2)   0.0000000000000000     
 B before wg2 wg2 ==>    0.0000000000000000        0.0000000000000000     
 Q value wg2 wg2 ==>   2.88118473410588964E-005  2.36123746760386208E-006
 B after wg2 wg2 ==>  2.72959445035114792E-005  2.36123746760386208E-006
 LTM d(wg2)/d(wg2)   0.0000000000000000     
 B before wg2 wg2 ==>    0.0000000000000000        0.0000000000000000     
 Q value wg2 wg2 ==>   2.93454751906339301E-005  2.44951300028902855E-006
 B after wg2 wg2 ==>  2.83164111335101113E-005  2.44951300028902855E-006
 LTM d(wg2)/d(wg2)   0.0000000000000000     
 B before wg2 wg2 ==>    0.0000000000000000        0.0000000000000000     
 Q value wg2 wg2 ==>   2.91806759490782810E-005  2.42207814782610668E-006
 B after wg2 wg2 ==>  2.79992637815117269E-005  2.42207814782610668E-006
 LTM d(wg2)/d(wg2)   0.0000000000000000     
 B before wg2 wg2 ==>    0.0000000000000000        0.0000000000000000     
 Q value wg2 wg2 ==>   2.90936028119118281E-005  2.40764508324205215E-006
 B after wg2 wg2 ==>  2.78324173142219536E-005  2.40764508324205215E-006
 LTM d(wg2)/d(wg2)   0.0000000000000000     
 B before wg2 wg2 ==>    0.0000000000000000        0.0000000000000000     
 Q value wg2 wg2 ==>   2.90936028119118281E-005  2.40764508324205215E-006
 B after wg2 wg2 ==>  2.78324173142219536E-005  2.40764508324205215E-006
 LTM d(wg2)/d(wg2)   0.0000000000000000     
 B before wg2 wg2 ==>    0.0000000000000000        0.0000000000000000     
 Q value wg2 wg2 ==>   2.90936028119118281E-005  2.40764508324205215E-006
 B after wg2 wg2 ==>  2.78324173142219536E-005  2.40764508324205215E-006
 LTM d(wg2)/d(wg2)   0.0000000000000000     
 B before wg2 wg2 ==>    0.0000000000000000        0.0000000000000000     
 Q value wg2 wg2 ==>   2.93454751906339301E-005  2.44951300028902855E-006
 B after wg2 wg2 ==>  2.83164111335101113E-005  2.44951300028902855E-006
 LTM d(wg2)/d(wg2)   0.0000000000000000     
 B before wg2 wg2 ==>    0.0000000000000000        0.0000000000000000     
 Q value wg2 wg2 ==>   2.93454751906339301E-005  2.44951300028902855E-006
 B after wg2 wg2 ==>  2.83164111335101113E-005  2.44951300028902855E-006
 LTM d(wg2)/d(wg2)   0.0000000000000000     
 B before wg2 wg2 ==>    0.0000000000000000        0.0000000000000000     
 Q value wg2 wg2 ==>   2.92645865345613878E-005  2.43602780455489945E-006
 B after wg2 wg2 ==>  2.81605220459329494E-005  2.43602780455489945E-006
 LTM d(wg2)/d(wg2)   0.0000000000000000     
 B before wg2 wg2 ==>    0.0000000000000000        0.0000000000000000     
 Q value wg2 wg2 ==>   2.90936028119118281E-005  2.40764508324205215E-006
 B after wg2 wg2 ==>  2.78324173142219536E-005  2.40764508324205215E-006
 LTM d(wg2)/d(wg2)   0.0000000000000000     
 B before wg2 wg2 ==>    0.0000000000000000        0.0000000000000000     
 Q value wg2 wg2 ==>   2.90936028119118281E-005  2.40764508324205215E-006
 B after wg2 wg2 ==>  2.78324173142219536E-005  2.40764508324205215E-006
 LTM d(wg2)/d(wg2)   0.0000000000000000     
 B before wg2 wg2 ==>    0.0000000000000000        0.0000000000000000     
 Q value wg2 wg2 ==>   2.90936028119118281E-005  2.40764508324205215E-006
 B after wg2 wg2 ==>  2.78324173142219536E-005  2.40764508324205215E-006
 LTM d(wg2)/d(wg2)   0.0000000000000000     
 B before wg2 wg2 ==>    0.0000000000000000        0.0000000000000000     
 Q value wg2 wg2 ==>   2.90936028119118281E-005  2.40764508324205215E-006
 B after wg2 wg2 ==>  2.78324173142219536E-005  2.40764508324205215E-006
 LTM d(wg2)/d(wg2)   0.0000000000000000     
 B before wg2 wg2 ==>    0.0000000000000000        0.0000000000000000     
 Q value wg2 wg2 ==>   2.90936028119118281E-005  2.40764508324205215E-006
 B after wg2 wg2 ==>  2.78324173142219536E-005  2.40764508324205215E-006
 LTM d(wg2)/d(wg2)   0.0000000000000000     
 B before wg2 wg2 ==>    0.0000000000000000        0.0000000000000000     
 Q value wg2 wg2 ==>   3.07286077929626550E-005  2.68585909160881841E-006
 B after wg2 wg2 ==>  3.10485758906759720E-005  2.68585909160881841E-006
 LTM d(wg2)/d(wg2)   0.0000000000000000     
 B before wg2 wg2 ==>    0.0000000000000000        0.0000000000000000     
 Q value wg2 wg2 ==>   3.07286077929626617E-005  2.68585909160882010E-006
 B after wg2 wg2 ==>  3.10485758906759923E-005  2.68585909160882010E-006
 LTM d(wg2)/d(wg2)   0.0000000000000000     
 B before wg2 wg2 ==>    0.0000000000000000        0.0000000000000000     
 Q value wg2 wg2 ==>   3.07286077929626550E-005  2.68585909160881841E-006
 B after wg2 wg2 ==>  3.10485758906759720E-005  2.68585909160881841E-006
 LTM d(wg2)/d(wg2)   0.0000000000000000     
 B before wg2 wg2 ==>    0.0000000000000000        0.0000000000000000     
 Q value wg2 wg2 ==>   3.07286077929626550E-005  2.68585909160881841E-006
 B after wg2 wg2 ==>  3.10485758906759720E-005  2.68585909160881841E-006
 LTM d(wg2)/d(wg2)   0.0000000000000000     
 B before wg2 wg2 ==>    0.0000000000000000        0.0000000000000000     
 Q value wg2 wg2 ==>   2.90936028119118281E-005  2.40764508324205215E-006
 B after wg2 wg2 ==>  2.78324173142219536E-005  2.40764508324205215E-006
 LTM d(wg2)/d(wg2)   0.0000000000000000     
 B before wg2 wg2 ==>    0.0000000000000000        0.0000000000000000     
 Q value wg2 wg2 ==>   2.90936028119118281E-005  2.40764508324205215E-006
 B after wg2 wg2 ==>  2.78324173142219536E-005  2.40764508324205215E-006
 LTM d(wg2)/d(wg2)   0.0000000000000000     
 B before wg2 wg2 ==>    0.0000000000000000        0.0000000000000000     
 Q value wg2 wg2 ==>   3.07286077929626550E-005  2.68585909160881841E-006
 B after wg2 wg2 ==>  3.10485758906759720E-005  2.68585909160881841E-006
 LTM d(wg2)/d(wg2)   0.0000000000000000     
 B before wg2 wg2 ==>    0.0000000000000000        0.0000000000000000     
 Q value wg2 wg2 ==>   3.07286077929626550E-005  2.68585909160881841E-006
 B after wg2 wg2 ==>  3.10485758906759720E-005  2.68585909160881841E-006
 LTM d(wg2)/d(wg2)   0.0000000000000000     
 B before wg2 wg2 ==>    0.0000000000000000        0.0000000000000000     
 Q value wg2 wg2 ==>   3.04029659838416442E-005  2.62923474663717567E-006
 B after wg2 wg2 ==>  3.03939975184878905E-005  2.62923474663717567E-006
 LTM d(wg2)/d(wg2)   0.0000000000000000     
 B before wg2 wg2 ==>    0.0000000000000000        0.0000000000000000     
 Q value wg2 wg2 ==>   3.07286077929626550E-005  2.68585909160881841E-006
 B after wg2 wg2 ==>  3.10485758906759720E-005  2.68585909160881841E-006
 LTM d(wg2)/d(wg2)   0.0000000000000000     
 B before wg2 wg2 ==>    0.0000000000000000        0.0000000000000000     
 Q value wg2 wg2 ==>   3.01972330212823327E-005  2.59377175364728646E-006
 B after wg2 wg2 ==>  2.99840447281136380E-005  2.59377175364728646E-006
 LTM d(wg2)/d(wg2)   0.0000000000000000     
 B before wg2 wg2 ==>    0.0000000000000000        0.0000000000000000     
 Q value wg2 wg2 ==>   2.93454751906339267E-005  2.44951300028902770E-006
 B after wg2 wg2 ==>  2.83164111335101011E-005  2.44951300028902770E-006
 LTM d(wg2)/d(wg2)   0.0000000000000000     
 B before wg2 wg2 ==>    0.0000000000000000        0.0000000000000000     
 Q value wg2 wg2 ==>   2.93454751906339301E-005  2.44951300028902855E-006
 B after wg2 wg2 ==>  2.83164111335101113E-005  2.44951300028902855E-006
 LTM d(wg2)/d(wg2)   0.0000000000000000     
 B before wg2 wg2 ==>    0.0000000000000000        0.0000000000000000     
 Q value wg2 wg2 ==>   2.93454751906339267E-005  2.44951300028902770E-006
 B after wg2 wg2 ==>  2.83164111335101011E-005  2.44951300028902770E-006
 LTM d(wg2)/d(wg2)   0.0000000000000000     
 B before wg2 wg2 ==>    0.0000000000000000        0.0000000000000000     
 Q value wg2 wg2 ==>   2.93454751906339301E-005  2.44951300028902855E-006
 B after wg2 wg2 ==>  2.83164111335101113E-005  2.44951300028902855E-006
 LTM d(wg2)/d(wg2)   0.0000000000000000     
 B before wg2 wg2 ==>    0.0000000000000000        0.0000000000000000     
 Q value wg2 wg2 ==>   2.93454751906339301E-005  2.44951300028902855E-006
 B after wg2 wg2 ==>  2.83164111335101113E-005  2.44951300028902855E-006
 LTM d(wg2)/d(wg2)   0.0000000000000000     
 B before wg2 wg2 ==>    0.0000000000000000        0.0000000000000000     
 Q value wg2 wg2 ==>   2.90936028119118281E-005  2.40764508324205215E-006
 B after wg2 wg2 ==>  2.78324173142219536E-005  2.40764508324205215E-006
 LTM d(wg2)/d(wg2)   0.0000000000000000     
 B before wg2 wg2 ==>    0.0000000000000000        0.0000000000000000     
 Q value wg2 wg2 ==>   2.90936028119118349E-005  2.40764508324205300E-006
 B after wg2 wg2 ==>  2.78324173142219637E-005  2.40764508324205300E-006
 LTM d(wg2)/d(wg2)   0.0000000000000000     
 B before wg2 wg2 ==>    0.0000000000000000        0.0000000000000000     
 Q value wg2 wg2 ==>   2.92230175500757331E-005  2.42911219123778632E-006
 B after wg2 wg2 ==>  2.80805774406564535E-005  2.42911219123778632E-006
 LTM d(wg2)/d(wg2)   0.0000000000000000     
 B before wg2 wg2 ==>    0.0000000000000000        0.0000000000000000     
 Q value wg2 wg2 ==>   2.90936028119118281E-005  2.40764508324205215E-006
 B after wg2 wg2 ==>  2.78324173142219536E-005  2.40764508324205215E-006
 LTM d(wg2)/d(wg2)   0.0000000000000000     
 B before wg2 wg2 ==>    0.0000000000000000        0.0000000000000000     
 Q value wg2 wg2 ==>   2.90936028119118281E-005  2.40764508324205215E-006
 B after wg2 wg2 ==>  2.78324173142219536E-005  2.40764508324205215E-006
 LTM d(wg2)/d(wg2)   0.0000000000000000     
 B before wg2 wg2 ==>    0.0000000000000000        0.0000000000000000     
 Q value wg2 wg2 ==>   2.90936028119118281E-005  2.40764508324205215E-006
 B after wg2 wg2 ==>  2.78324173142219536E-005  2.40764508324205215E-006
 LTM d(wg2)/d(wg2)   0.0000000000000000     
 B before wg2 wg2 ==>    0.0000000000000000        0.0000000000000000     
 Q value wg2 wg2 ==>   2.90936028119118281E-005  2.40764508324205215E-006
 B after wg2 wg2 ==>  2.78324173142219536E-005  2.40764508324205215E-006
 LTM d(wg2)/d(wg2)   0.0000000000000000     
 B before wg2 wg2 ==>    0.0000000000000000        0.0000000000000000     
 Q value wg2 wg2 ==>   2.90936028119118281E-005  2.40764508324205215E-006
 B after wg2 wg2 ==>  2.78324173142219536E-005  2.40764508324205215E-006
 LTM d(wg2)/d(wg2)   0.0000000000000000     
 B before wg2 wg2 ==>    0.0000000000000000        0.0000000000000000     
 Q value wg2 wg2 ==>   2.90936028119118281E-005  2.40764508324205215E-006
 B after wg2 wg2 ==>  2.78324173142219536E-005  2.40764508324205215E-006
 LTM d(wg2)/d(wg2)   0.0000000000000000     
 B before wg2 wg2 ==>    0.0000000000000000        0.0000000000000000     
 Q value wg2 wg2 ==>   2.91806759490782810E-005  2.42207814782610668E-006
 B after wg2 wg2 ==>  2.79992637815117269E-005  2.42207814782610668E-006
 LTM d(wg2)/d(wg2)   0.0000000000000000     
 B before wg2 wg2 ==>    0.0000000000000000        0.0000000000000000     
 Q value wg2 wg2 ==>   2.90936028119118281E-005  2.40764508324205215E-006
 B after wg2 wg2 ==>  2.78324173142219536E-005  2.40764508324205215E-006
 LTM d(wg2)/d(wg2)   0.0000000000000000     
 B before wg2 wg2 ==>    0.0000000000000000        0.0000000000000000     
 Q value wg2 wg2 ==>   2.90936028119118281E-005  2.40764508324205215E-006
 B after wg2 wg2 ==>  2.78324173142219536E-005  2.40764508324205215E-006
 LTM d(wg2)/d(wg2)   0.0000000000000000     
 B before wg2 wg2 ==>    0.0000000000000000        0.0000000000000000     
 Q value wg2 wg2 ==>   2.90936028119118281E-005  2.40764508324205215E-006
 B after wg2 wg2 ==>  2.78324173142219536E-005  2.40764508324205215E-006
 LTM d(wg2)/d(wg2)   0.0000000000000000     
 B before wg2 wg2 ==>    0.0000000000000000        0.0000000000000000     
 Q value wg2 wg2 ==>   2.90936028119118281E-005  2.40764508324205215E-006
 B after wg2 wg2 ==>  2.78324173142219536E-005  2.40764508324205215E-006
 LTM d(wg2)/d(wg2)   0.0000000000000000     
 B before wg2 wg2 ==>    0.0000000000000000        0.0000000000000000     
 Q value wg2 wg2 ==>   2.90936028119118281E-005  2.40764508324205215E-006
 B after wg2 wg2 ==>  2.78324173142219536E-005  2.40764508324205215E-006
 LTM d(wg2)/d(wg2)   0.0000000000000000     
 B before wg2 wg2 ==>    0.0000000000000000        0.0000000000000000     
 Q value wg2 wg2 ==>   3.07286077929626550E-005  2.68585909160881841E-006
 B after wg2 wg2 ==>  3.10485758906759720E-005  2.68585909160881841E-006
 LTM d(wg2)/d(wg2)   0.0000000000000000     
 B before wg2 wg2 ==>    0.0000000000000000        0.0000000000000000     
 Q value wg2 wg2 ==>   3.07286077929626550E-005  2.68585909160881841E-006
 B after wg2 wg2 ==>  3.10485758906759720E-005  2.68585909160881841E-006
 LTM d(wg2)/d(wg2)   0.0000000000000000     
 B before wg2 wg2 ==>    0.0000000000000000        0.0000000000000000     
 Q value wg2 wg2 ==>   3.07286077929626550E-005  2.68585909160881841E-006
 B after wg2 wg2 ==>  3.10485758906759720E-005  2.68585909160881841E-006
 LTM d(wg2)/d(wg2)   0.0000000000000000     
 B before wg2 wg2 ==>    0.0000000000000000        0.0000000000000000     
 Q value wg2 wg2 ==>   3.01212029042410758E-005  2.58072708095562267E-006
 B after wg2 wg2 ==>  2.98332480942539119E-005  2.58072708095562267E-006
 LTM d(wg2)/d(wg2)   0.0000000000000000     
 B before wg2 wg2 ==>    0.0000000000000000        0.0000000000000000     
 Q value wg2 wg2 ==>   2.98371687315400340E-005  2.53228554784537707E-006
 B after wg2 wg2 ==>  2.92732631636471332E-005  2.53228554784537707E-006
 LTM d(wg2)/d(wg2)   0.0000000000000000     
 B before wg2 wg2 ==>    0.0000000000000000        0.0000000000000000     
 Q value wg2 wg2 ==>   2.90936028119118281E-005  2.40764508324205215E-006
 B after wg2 wg2 ==>  2.78324173142219536E-005  2.40764508324205215E-006
 LTM d(wg2)/d(wg2)   0.0000000000000000     
 B before wg2 wg2 ==>    0.0000000000000000        0.0000000000000000     
 Q value wg2 wg2 ==>   3.07286077929626550E-005  2.68585909160881841E-006
 B after wg2 wg2 ==>  3.10485758906759720E-005  2.68585909160881841E-006
 LTM d(wg2)/d(wg2)   0.0000000000000000     
 B before wg2 wg2 ==>    0.0000000000000000        0.0000000000000000     
 Q value wg2 wg2 ==>   3.07286077929626550E-005  2.68585909160881841E-006
 B after wg2 wg2 ==>  3.10485758906759720E-005  2.68585909160881841E-006
 LTM d(wg2)/d(wg2)   0.0000000000000000     
 B before wg2 wg2 ==>    0.0000000000000000        0.0000000000000000     
 Q value wg2 wg2 ==>   3.07286077929626550E-005  2.68585909160881841E-006
 B after wg2 wg2 ==>  3.10485758906759720E-005  2.68585909160881841E-006
 LTM d(wg2)/d(wg2)   0.0000000000000000     
 B before wg2 wg2 ==>    0.0000000000000000        0.0000000000000000     
 Q value wg2 wg2 ==>   3.07286077929626550E-005  2.68585909160881841E-006
 B after wg2 wg2 ==>  3.10485758906759720E-005  2.68585909160881841E-006
 LTM d(wg2)/d(wg2)   0.0000000000000000     
 B before wg2 wg2 ==>    0.0000000000000000        0.0000000000000000     
 Q value wg2 wg2 ==>   3.04029660090152940E-005  2.62923475099118717E-006
 B after wg2 wg2 ==>  3.03939975688203365E-005  2.62923475099118717E-006
 LTM d(wg2)/d(wg2)   0.0000000000000000     
 B before wg2 wg2 ==>    0.0000000000000000        0.0000000000000000     
 Q value wg2 wg2 ==>   2.93454751906339301E-005  2.44951300028902855E-006
 B after wg2 wg2 ==>  2.83164111335101113E-005  2.44951300028902855E-006
 LTM d(wg2)/d(wg2)   0.0000000000000000     
 B before wg2 wg2 ==>    0.0000000000000000        0.0000000000000000     
 Q value wg2 wg2 ==>   2.93454751906339267E-005  2.44951300028902770E-006
 B after wg2 wg2 ==>  2.83164111335101011E-005  2.44951300028902770E-006
 LTM d(wg2)/d(wg2)   0.0000000000000000     
 B before wg2 wg2 ==>    0.0000000000000000        0.0000000000000000     
 Q value wg2 wg2 ==>   2.93454751906339301E-005  2.44951300028902855E-006
 B after wg2 wg2 ==>  2.83164111335101113E-005  2.44951300028902855E-006
 LTM d(wg2)/d(wg2)   0.0000000000000000     
 B before wg2 wg2 ==>    0.0000000000000000        0.0000000000000000     
 Q value wg2 wg2 ==>   2.93454751906339301E-005  2.44951300028902855E-006
 B after wg2 wg2 ==>  2.83164111335101113E-005  2.44951300028902855E-006
 LTM d(wg2)/d(wg2)   0.0000000000000000     
 B before wg2 wg2 ==>    0.0000000000000000        0.0000000000000000     
 Q value wg2 wg2 ==>   2.89567310871140741E-005  2.38504469404853643E-006
 B after wg2 wg2 ==>  2.75711564382415392E-005  2.38504469404853643E-006
 LTM d(wg2)/d(wg2)   0.0000000000000000     
 B before wg2 wg2 ==>    0.0000000000000000        0.0000000000000000     
 Q value wg2 wg2 ==>   2.84954954799046985E-005  2.30966972485765470E-006
 B after wg2 wg2 ==>  2.66998205373776437E-005  2.30966972485765470E-006
 LTM d(wg2)/d(wg2)   0.0000000000000000     
 B before wg2 wg2 ==>    0.0000000000000000        0.0000000000000000     
 Q value wg2 wg2 ==>   2.93454751906339301E-005  2.44951300028902855E-006
 B after wg2 wg2 ==>  2.83164111335101113E-005  2.44951300028902855E-006
 LTM d(wg2)/d(wg2)   0.0000000000000000     
 B before wg2 wg2 ==>    0.0000000000000000        0.0000000000000000     
 Q value wg2 wg2 ==>   2.92850867165852387E-005  2.43944193137185302E-006
 B after wg2 wg2 ==>  2.81999894088738228E-005  2.43944193137185302E-006
 LTM d(wg2)/d(wg2)   0.0000000000000000     
 B before wg2 wg2 ==>    0.0000000000000000        0.0000000000000000     
 Q value wg2 wg2 ==>   2.90936028119118281E-005  2.40764508324205215E-006
 B after wg2 wg2 ==>  2.78324173142219536E-005  2.40764508324205215E-006
 LTM d(wg2)/d(wg2)   0.0000000000000000     
 B before wg2 wg2 ==>    0.0000000000000000        0.0000000000000000     
 Q value wg2 wg2 ==>   2.90936028119118281E-005  2.40764508324205215E-006
 B after wg2 wg2 ==>  2.78324173142219536E-005  2.40764508324205215E-006
 LTM d(wg2)/d(wg2)   0.0000000000000000     
 B before wg2 wg2 ==>    0.0000000000000000        0.0000000000000000     
 Q value wg2 wg2 ==>   2.90936028119118281E-005  2.40764508324205215E-006
 B after wg2 wg2 ==>  2.78324173142219536E-005  2.40764508324205215E-006
 LTM d(wg2)/d(wg2)   0.0000000000000000     
 B before wg2 wg2 ==>    0.0000000000000000        0.0000000000000000     
 Q value wg2 wg2 ==>   2.90936028119118281E-005  2.40764508324205215E-006
 B after wg2 wg2 ==>  2.78324173142219536E-005  2.40764508324205215E-006
 LTM d(wg2)/d(wg2)   0.0000000000000000     
 B before wg2 wg2 ==>    0.0000000000000000        0.0000000000000000     
 Q value wg2 wg2 ==>   2.90936028119118281E-005  2.40764508324205215E-006
 B after wg2 wg2 ==>  2.78324173142219536E-005  2.40764508324205215E-006
 LTM d(wg2)/d(wg2)   0.0000000000000000     
 B before wg2 wg2 ==>    0.0000000000000000        0.0000000000000000     
 Q value wg2 wg2 ==>   2.90936028119118281E-005  2.40764508324205215E-006
 B after wg2 wg2 ==>  2.78324173142219536E-005  2.40764508324205215E-006
 LTM d(wg2)/d(wg2)   0.0000000000000000     
 B before wg2 wg2 ==>    0.0000000000000000        0.0000000000000000     
 Q value wg2 wg2 ==>   2.90936028119118281E-005  2.40764508324205215E-006
 B after wg2 wg2 ==>  2.78324173142219536E-005  2.40764508324205215E-006
 LTM d(wg2)/d(wg2)   0.0000000000000000     
 B before wg2 wg2 ==>    0.0000000000000000        0.0000000000000000     
 Q value wg2 wg2 ==>   2.90936028119118281E-005  2.40764508324205215E-006
 B after wg2 wg2 ==>  2.78324173142219536E-005  2.40764508324205215E-006
 LTM d(wg2)/d(wg2)   0.0000000000000000     
 B before wg2 wg2 ==>    0.0000000000000000        0.0000000000000000     
 Q value wg2 wg2 ==>   2.90936028119118281E-005  2.40764508324205215E-006
 B after wg2 wg2 ==>  2.78324173142219536E-005  2.40764508324205215E-006
 LTM d(wg2)/d(wg2)   0.0000000000000000     
 B before wg2 wg2 ==>    0.0000000000000000        0.0000000000000000     
 Q value wg2 wg2 ==>   2.90936028119118281E-005  2.40764508324205215E-006
 B after wg2 wg2 ==>  2.78324173142219536E-005  2.40764508324205215E-006
 LTM d(wg2)/d(wg2)   0.0000000000000000     
 B before wg2 wg2 ==>    0.0000000000000000        0.0000000000000000     
 Q value wg2 wg2 ==>   2.90936028119118281E-005  2.40764508324205215E-006
 B after wg2 wg2 ==>  2.78324173142219536E-005  2.40764508324205215E-006
 LTM d(wg2)/d(wg2)   0.0000000000000000     
 B before wg2 wg2 ==>    0.0000000000000000        0.0000000000000000     
 Q value wg2 wg2 ==>   2.90936028119118281E-005  2.40764508324205215E-006
 B after wg2 wg2 ==>  2.78324173142219536E-005  2.40764508324205215E-006
 LTM d(wg2)/d(wg2)   0.0000000000000000     
 B before wg2 wg2 ==>    0.0000000000000000        0.0000000000000000     
 Q value wg2 wg2 ==>   3.07286077929626550E-005  2.68585909160881841E-006
 B after wg2 wg2 ==>  3.10485758906759720E-005  2.68585909160881841E-006
 LTM d(wg2)/d(wg2)   0.0000000000000000     
 B before wg2 wg2 ==>    0.0000000000000000        0.0000000000000000     
 Q value wg2 wg2 ==>   3.07286077929626550E-005  2.68585909160881841E-006
 B after wg2 wg2 ==>  3.10485758906759720E-005  2.68585909160881841E-006
 LTM d(wg2)/d(wg2)   0.0000000000000000     
 B before wg2 wg2 ==>    0.0000000000000000        0.0000000000000000     
 Q value wg2 wg2 ==>   3.07286077929626550E-005  2.68585909160881841E-006
 B after wg2 wg2 ==>  3.10485758906759720E-005  2.68585909160881841E-006
 LTM d(wg2)/d(wg2)   0.0000000000000000     
 B before wg2 wg2 ==>    0.0000000000000000        0.0000000000000000     
 Q value wg2 wg2 ==>   2.90936028119118281E-005  2.40764508324205215E-006
 B after wg2 wg2 ==>  2.78324173142219536E-005  2.40764508324205215E-006
 LTM d(wg2)/d(wg2)   0.0000000000000000     
 B before wg2 wg2 ==>    0.0000000000000000        0.0000000000000000     
 Q value wg2 wg2 ==>   2.90936028119118281E-005  2.40764508324205215E-006
 B after wg2 wg2 ==>  2.78324173142219536E-005  2.40764508324205215E-006
 LTM d(wg2)/d(wg2)   0.0000000000000000     
 B before wg2 wg2 ==>    0.0000000000000000        0.0000000000000000     
 Q value wg2 wg2 ==>   2.90936028119118281E-005  2.40764508324205215E-006
 B after wg2 wg2 ==>  2.78324173142219536E-005  2.40764508324205215E-006
 LTM d(wg2)/d(wg2)   0.0000000000000000     
 B before wg2 wg2 ==>    0.0000000000000000        0.0000000000000000     
 Q value wg2 wg2 ==>   3.07286077929626550E-005  2.68585909160881841E-006
 B after wg2 wg2 ==>  3.10485758906759720E-005  2.68585909160881841E-006
 LTM d(wg2)/d(wg2)   0.0000000000000000     
 B before wg2 wg2 ==>    0.0000000000000000        0.0000000000000000     
 Q value wg2 wg2 ==>   3.07286077929626550E-005  2.68585909160881841E-006
 B after wg2 wg2 ==>  3.10485758906759720E-005  2.68585909160881841E-006
 LTM d(wg2)/d(wg2)   0.0000000000000000     
 B before wg2 wg2 ==>    0.0000000000000000        0.0000000000000000     
 Q value wg2 wg2 ==>   3.07286077929626550E-005  2.68585909160881841E-006
 B after wg2 wg2 ==>  3.10485758906759720E-005  2.68585909160881841E-006
 LTM d(wg2)/d(wg2)   0.0000000000000000     
 B before wg2 wg2 ==>    0.0000000000000000        0.0000000000000000     
 Q value wg2 wg2 ==>   3.07286077929626550E-005  2.68585909160881841E-006
 B after wg2 wg2 ==>  3.10485758906759720E-005  2.68585909160881841E-006
 LTM d(wg2)/d(wg2)   0.0000000000000000     
 B before wg2 wg2 ==>    0.0000000000000000        0.0000000000000000     
 Q value wg2 wg2 ==>   3.07286077929626550E-005  2.68585909160881841E-006
 B after wg2 wg2 ==>  3.10485758906759720E-005  2.68585909160881841E-006
 LTM d(wg2)/d(wg2)   0.0000000000000000     
 B before wg2 wg2 ==>    0.0000000000000000        0.0000000000000000     
 Q value wg2 wg2 ==>   2.98216255695461067E-005  2.52964793346903053E-006
 B after wg2 wg2 ==>  2.92427722974694574E-005  2.52964793346903053E-006
 LTM d(wg2)/d(wg2)   0.0000000000000000     
 B before wg2 wg2 ==>    0.0000000000000000        0.0000000000000000     
 Q value wg2 wg2 ==>   2.93454751906339301E-005  2.44951300028902855E-006
 B after wg2 wg2 ==>  2.83164111335101113E-005  2.44951300028902855E-006
 LTM d(wg2)/d(wg2)   0.0000000000000000     
 B before wg2 wg2 ==>    0.0000000000000000        0.0000000000000000     
 Q value wg2 wg2 ==>   2.93454751906339267E-005  2.44951300028902770E-006
 B after wg2 wg2 ==>  2.83164111335101011E-005  2.44951300028902770E-006
 LTM d(wg2)/d(wg2)   0.0000000000000000     
 B before wg2 wg2 ==>    0.0000000000000000        0.0000000000000000     
 Q value wg2 wg2 ==>   2.93454751906339267E-005  2.44951300028902770E-006
 B after wg2 wg2 ==>  2.83164111335101011E-005  2.44951300028902770E-006
 LTM d(wg2)/d(wg2)   0.0000000000000000     
 B before wg2 wg2 ==>    0.0000000000000000        0.0000000000000000     
 Q value wg2 wg2 ==>   2.84954954799046985E-005  2.30966972485765470E-006
 B after wg2 wg2 ==>  2.66998205373776437E-005  2.30966972485765470E-006
 LTM d(wg2)/d(wg2)   0.0000000000000000     
 B before wg2 wg2 ==>    0.0000000000000000        0.0000000000000000     
 Q value wg2 wg2 ==>   2.84954954799046985E-005  2.30966972485765470E-006
 B after wg2 wg2 ==>  2.66998205373776437E-005  2.30966972485765470E-006
 LTM d(wg2)/d(wg2)   0.0000000000000000     
 B before wg2 wg2 ==>    0.0000000000000000        0.0000000000000000     
 Q value wg2 wg2 ==>   2.93454751906339301E-005  2.44951300028902855E-006
 B after wg2 wg2 ==>  2.83164111335101113E-005  2.44951300028902855E-006
 LTM d(wg2)/d(wg2)   0.0000000000000000     
 B before wg2 wg2 ==>    0.0000000000000000        0.0000000000000000     
 Q value wg2 wg2 ==>   2.93454751906339301E-005  2.44951300028902855E-006
 B after wg2 wg2 ==>  2.83164111335101113E-005  2.44951300028902855E-006
 LTM d(wg2)/d(wg2)   0.0000000000000000     
 B before wg2 wg2 ==>    0.0000000000000000        0.0000000000000000     
 Q value wg2 wg2 ==>   2.91806759490782810E-005  2.42207814782610668E-006
 B after wg2 wg2 ==>  2.79992637815117269E-005  2.42207814782610668E-006
 LTM d(wg2)/d(wg2)   0.0000000000000000     
 B before wg2 wg2 ==>    0.0000000000000000        0.0000000000000000     
 Q value wg2 wg2 ==>   2.90936028119118281E-005  2.40764508324205215E-006
 B after wg2 wg2 ==>  2.78324173142219536E-005  2.40764508324205215E-006
 LTM d(wg2)/d(wg2)   0.0000000000000000     
 B before wg2 wg2 ==>    0.0000000000000000        0.0000000000000000     
 Q value wg2 wg2 ==>   2.90936028119118281E-005  2.40764508324205215E-006
 B after wg2 wg2 ==>  2.78324173142219536E-005  2.40764508324205215E-006
 LTM d(wg2)/d(wg2)   0.0000000000000000     
 B before wg2 wg2 ==>    0.0000000000000000        0.0000000000000000     
 Q value wg2 wg2 ==>   2.90936028119118281E-005  2.40764508324205215E-006
 B after wg2 wg2 ==>  2.78324173142219536E-005  2.40764508324205215E-006
 LTM d(wg2)/d(wg2)   0.0000000000000000     
 B before wg2 wg2 ==>    0.0000000000000000        0.0000000000000000     
 Q value wg2 wg2 ==>   2.90936028119118281E-005  2.40764508324205215E-006
 B after wg2 wg2 ==>  2.78324173142219536E-005  2.40764508324205215E-006
 LTM d(wg2)/d(wg2)   0.0000000000000000     
 B before wg2 wg2 ==>    0.0000000000000000        0.0000000000000000     
 Q value wg2 wg2 ==>   2.90936028119118281E-005  2.40764508324205215E-006
 B after wg2 wg2 ==>  2.78324173142219536E-005  2.40764508324205215E-006
 LTM d(wg2)/d(wg2)   0.0000000000000000     
 B before wg2 wg2 ==>    0.0000000000000000        0.0000000000000000     
 Q value wg2 wg2 ==>   2.90936028119118281E-005  2.40764508324205215E-006
 B after wg2 wg2 ==>  2.78324173142219536E-005  2.40764508324205215E-006
 LTM d(wg2)/d(wg2)   0.0000000000000000     
 B before wg2 wg2 ==>    0.0000000000000000        0.0000000000000000     
 Q value wg2 wg2 ==>   2.90936028119118281E-005  2.40764508324205215E-006
 B after wg2 wg2 ==>  2.78324173142219536E-005  2.40764508324205215E-006
 LTM d(wg2)/d(wg2)   0.0000000000000000     
 B before wg2 wg2 ==>    0.0000000000000000        0.0000000000000000     
 Q value wg2 wg2 ==>   2.90936028119118281E-005  2.40764508324205215E-006
 B after wg2 wg2 ==>  2.78324173142219536E-005  2.40764508324205215E-006
 LTM d(wg2)/d(wg2)   0.0000000000000000     
 B before wg2 wg2 ==>    0.0000000000000000        0.0000000000000000     
 Q value wg2 wg2 ==>   2.90936028119118281E-005  2.40764508324205215E-006
 B after wg2 wg2 ==>  2.78324173142219536E-005  2.40764508324205215E-006
 LTM d(wg2)/d(wg2)   0.0000000000000000     
 B before wg2 wg2 ==>    0.0000000000000000        0.0000000000000000     
 Q value wg2 wg2 ==>   3.01212029042410758E-005  2.58072708095562267E-006
 B after wg2 wg2 ==>  2.98332480942539119E-005  2.58072708095562267E-006
 LTM d(wg2)/d(wg2)   0.0000000000000000     
 B before wg2 wg2 ==>    0.0000000000000000        0.0000000000000000     
 Q value wg2 wg2 ==>   3.07286077929626550E-005  2.68585909160881841E-006
 B after wg2 wg2 ==>  3.10485758906759720E-005  2.68585909160881841E-006
 LTM d(wg2)/d(wg2)   0.0000000000000000     
 B before wg2 wg2 ==>    0.0000000000000000        0.0000000000000000     
 Q value wg2 wg2 ==>   3.02912610691424041E-005  2.60994985858543572E-006
 B after wg2 wg2 ==>  3.01710638909985264E-005  2.60994985858543572E-006
 LTM d(wg2)/d(wg2)   0.0000000000000000     
 B before wg2 wg2 ==>    0.0000000000000000        0.0000000000000000     
 Q value wg2 wg2 ==>   3.07286077929626550E-005  2.68585909160881841E-006
 B after wg2 wg2 ==>  3.10485758906759720E-005  2.68585909160881841E-006
 LTM d(wg2)/d(wg2)   0.0000000000000000     
 B before wg2 wg2 ==>    0.0000000000000000        0.0000000000000000     
 Q value wg2 wg2 ==>   2.90936028119118281E-005  2.40764508324205215E-006
 B after wg2 wg2 ==>  2.78324173142219536E-005  2.40764508324205215E-006
 LTM d(wg2)/d(wg2)   0.0000000000000000     
 B before wg2 wg2 ==>    0.0000000000000000        0.0000000000000000     
 Q value wg2 wg2 ==>   2.98371687315400340E-005  2.53228554784537707E-006
 B after wg2 wg2 ==>  2.92732631636471332E-005  2.53228554784537707E-006
 LTM d(wg2)/d(wg2)   0.0000000000000000     
 B before wg2 wg2 ==>    0.0000000000000000        0.0000000000000000     
 Q value wg2 wg2 ==>   2.90936028119118281E-005  2.40764508324205215E-006
 B after wg2 wg2 ==>  2.78324173142219536E-005  2.40764508324205215E-006
 LTM d(wg2)/d(wg2)   0.0000000000000000     
 B before wg2 wg2 ==>    0.0000000000000000        0.0000000000000000     
 Q value wg2 wg2 ==>   2.90936028119118281E-005  2.40764508324205215E-006
 B after wg2 wg2 ==>  2.78324173142219536E-005  2.40764508324205215E-006
 LTM d(wg2)/d(wg2)   0.0000000000000000     
 B before wg2 wg2 ==>    0.0000000000000000        0.0000000000000000     
 Q value wg2 wg2 ==>   2.90936028119118281E-005  2.40764508324205215E-006
 B after wg2 wg2 ==>  2.78324173142219536E-005  2.40764508324205215E-006
 LTM d(wg2)/d(wg2)   0.0000000000000000     
 B before wg2 wg2 ==>    0.0000000000000000        0.0000000000000000     
 Q value wg2 wg2 ==>   3.03599869147065149E-005  2.62180637997838445E-006
 B after wg2 wg2 ==>  3.03081254760304839E-005  2.62180637997838445E-006
 LTM d(wg2)/d(wg2)   0.0000000000000000     
 B before wg2 wg2 ==>    0.0000000000000000        0.0000000000000000     
 Q value wg2 wg2 ==>   3.07286077929626550E-005  2.68585909160881841E-006
 B after wg2 wg2 ==>  3.10485758906759720E-005  2.68585909160881841E-006
 LTM d(wg2)/d(wg2)   0.0000000000000000     
 B before wg2 wg2 ==>    0.0000000000000000        0.0000000000000000     
 Q value wg2 wg2 ==>   3.07286077929626550E-005  2.68585909160881841E-006
 B after wg2 wg2 ==>  3.10485758906759720E-005  2.68585909160881841E-006
 LTM d(wg2)/d(wg2)   0.0000000000000000     
 B before wg2 wg2 ==>    0.0000000000000000        0.0000000000000000     
 Q value wg2 wg2 ==>   3.07286077929626550E-005  2.68585909160881841E-006
 B after wg2 wg2 ==>  3.10485758906759720E-005  2.68585909160881841E-006
 LTM d(wg2)/d(wg2)   0.0000000000000000     
 B before wg2 wg2 ==>    0.0000000000000000        0.0000000000000000     
 Q value wg2 wg2 ==>   3.07286077929626550E-005  2.68585909160881841E-006
 B after wg2 wg2 ==>  3.10485758906759720E-005  2.68585909160881841E-006
 LTM d(wg2)/d(wg2)   0.0000000000000000     
 B before wg2 wg2 ==>    0.0000000000000000        0.0000000000000000     
 Q value wg2 wg2 ==>   3.01972330212823327E-005  2.59377175364728646E-006
 B after wg2 wg2 ==>  2.99840447281136380E-005  2.59377175364728646E-006
 LTM d(wg2)/d(wg2)   0.0000000000000000     
 B before wg2 wg2 ==>    0.0000000000000000        0.0000000000000000     
 Q value wg2 wg2 ==>   2.93454751906339267E-005  2.44951300028902770E-006
 B after wg2 wg2 ==>  2.83164111335101011E-005  2.44951300028902770E-006
 LTM d(wg2)/d(wg2)   0.0000000000000000     
 B before wg2 wg2 ==>    0.0000000000000000        0.0000000000000000     
 Q value wg2 wg2 ==>   2.93454751906339267E-005  2.44951300028902770E-006
 B after wg2 wg2 ==>  2.83164111335101011E-005  2.44951300028902770E-006
 LTM d(wg2)/d(wg2)   0.0000000000000000     
 B before wg2 wg2 ==>    0.0000000000000000        0.0000000000000000     
 Q value wg2 wg2 ==>   2.93454751906339301E-005  2.44951300028902855E-006
 B after wg2 wg2 ==>  2.83164111335101113E-005  2.44951300028902855E-006
 LTM d(wg2)/d(wg2)   0.0000000000000000     
 B before wg2 wg2 ==>    0.0000000000000000        0.0000000000000000     
 Q value wg2 wg2 ==>   2.84954954799046985E-005  2.30966972485765470E-006
 B after wg2 wg2 ==>  2.66998205373776437E-005  2.30966972485765470E-006
 LTM d(wg2)/d(wg2)   0.0000000000000000     
 B before wg2 wg2 ==>    0.0000000000000000        0.0000000000000000     
 Q value wg2 wg2 ==>   2.84954954799046985E-005  2.30966972485765470E-006
 B after wg2 wg2 ==>  2.66998205373776437E-005  2.30966972485765470E-006
 LTM d(wg2)/d(wg2)   0.0000000000000000     
 B before wg2 wg2 ==>    0.0000000000000000        0.0000000000000000     
 Q value wg2 wg2 ==>   2.93454751906339301E-005  2.44951300028902855E-006
 B after wg2 wg2 ==>  2.83164111335101113E-005  2.44951300028902855E-006
 LTM d(wg2)/d(wg2)   0.0000000000000000     
 B before wg2 wg2 ==>    0.0000000000000000        0.0000000000000000     
 Q value wg2 wg2 ==>   2.93454751906339301E-005  2.44951300028902855E-006
 B after wg2 wg2 ==>  2.83164111335101113E-005  2.44951300028902855E-006
 LTM d(wg2)/d(wg2)   0.0000000000000000     
 B before wg2 wg2 ==>    0.0000000000000000        0.0000000000000000     
 Q value wg2 wg2 ==>   2.93454751906339267E-005  2.44951300028902770E-006
 B after wg2 wg2 ==>  2.83164111335101011E-005  2.44951300028902770E-006
 LTM d(wg2)/d(wg2)   0.0000000000000000     
 B before wg2 wg2 ==>    0.0000000000000000        0.0000000000000000     
 Q value wg2 wg2 ==>   2.90936028119118281E-005  2.40764508324205215E-006
 B after wg2 wg2 ==>  2.78324173142219536E-005  2.40764508324205215E-006
 LTM d(wg2)/d(wg2)   0.0000000000000000     
 B before wg2 wg2 ==>    0.0000000000000000        0.0000000000000000     
 Q value wg2 wg2 ==>   2.90936028119118281E-005  2.40764508324205215E-006
 B after wg2 wg2 ==>  2.78324173142219536E-005  2.40764508324205215E-006
 LTM d(wg2)/d(wg2)   0.0000000000000000     
 B before wg2 wg2 ==>    0.0000000000000000        0.0000000000000000     
 Q value wg2 wg2 ==>   2.90936028119118281E-005  2.40764508324205215E-006
 B after wg2 wg2 ==>  2.78324173142219536E-005  2.40764508324205215E-006
 LTM d(wg2)/d(wg2)   0.0000000000000000     
 B before wg2 wg2 ==>    0.0000000000000000        0.0000000000000000     
 Q value wg2 wg2 ==>   2.90936028119118281E-005  2.40764508324205215E-006
 B after wg2 wg2 ==>  2.78324173142219536E-005  2.40764508324205215E-006
 LTM d(wg2)/d(wg2)   0.0000000000000000     
 B before wg2 wg2 ==>    0.0000000000000000        0.0000000000000000     
 Q value wg2 wg2 ==>   2.90936028119118281E-005  2.40764508324205215E-006
 B after wg2 wg2 ==>  2.78324173142219536E-005  2.40764508324205215E-006
 LTM d(wg2)/d(wg2)   0.0000000000000000     
 B before wg2 wg2 ==>    0.0000000000000000        0.0000000000000000     
 Q value wg2 wg2 ==>   2.90936028119118281E-005  2.40764508324205215E-006
 B after wg2 wg2 ==>  2.78324173142219536E-005  2.40764508324205215E-006
 LTM d(wg2)/d(wg2)   0.0000000000000000     
 B before wg2 wg2 ==>    0.0000000000000000        0.0000000000000000     
 Q value wg2 wg2 ==>   2.90936028119118281E-005  2.40764508324205215E-006
 B after wg2 wg2 ==>  2.78324173142219536E-005  2.40764508324205215E-006
 LTM d(wg2)/d(wg2)   0.0000000000000000     
 B before wg2 wg2 ==>    0.0000000000000000        0.0000000000000000     
 Q value wg2 wg2 ==>   2.90936028119118281E-005  2.40764508324205215E-006
 B after wg2 wg2 ==>  2.78324173142219536E-005  2.40764508324205215E-006
 LTM d(wg2)/d(wg2)   0.0000000000000000     
 B before wg2 wg2 ==>    0.0000000000000000        0.0000000000000000     
 Q value wg2 wg2 ==>   2.90936028119118281E-005  2.40764508324205215E-006
 B after wg2 wg2 ==>  2.78324173142219536E-005  2.40764508324205215E-006
 LTM d(wg2)/d(wg2)   0.0000000000000000     
 B before wg2 wg2 ==>    0.0000000000000000        0.0000000000000000     
 Q value wg2 wg2 ==>   3.03599869147065250E-005  2.62180637997838615E-006
 B after wg2 wg2 ==>  3.03081254760305009E-005  2.62180637997838615E-006
 LTM d(wg2)/d(wg2)   0.0000000000000000     
 B before wg2 wg2 ==>    0.0000000000000000        0.0000000000000000     
 Q value wg2 wg2 ==>   3.07286077929626550E-005  2.68585909160881841E-006
 B after wg2 wg2 ==>  3.10485758906759720E-005  2.68585909160881841E-006
 LTM d(wg2)/d(wg2)   0.0000000000000000     
 B before wg2 wg2 ==>    0.0000000000000000        0.0000000000000000     
 Q value wg2 wg2 ==>   2.99567439760672274E-005  2.55262296077550968E-006
 B after wg2 wg2 ==>  2.95083639962835194E-005  2.55262296077550968E-006
 LTM d(wg2)/d(wg2)   0.0000000000000000     
 B before wg2 wg2 ==>    0.0000000000000000        0.0000000000000000     
 Q value wg2 wg2 ==>   2.97781172930465440E-005  2.52227205551911170E-006
 B after wg2 wg2 ==>  2.91575070253619612E-005  2.52227205551911170E-006
 LTM d(wg2)/d(wg2)   0.0000000000000000     
 B before wg2 wg2 ==>    0.0000000000000000        0.0000000000000000     
 Q value wg2 wg2 ==>   3.03599869147065250E-005  2.62180637997838615E-006
 B after wg2 wg2 ==>  3.03081254760305009E-005  2.62180637997838615E-006
 LTM d(wg2)/d(wg2)   0.0000000000000000     
 B before wg2 wg2 ==>    0.0000000000000000        0.0000000000000000     
 Q value wg2 wg2 ==>   2.90936028119118281E-005  2.40764508324205215E-006
 B after wg2 wg2 ==>  2.78324173142219536E-005  2.40764508324205215E-006
 LTM d(wg2)/d(wg2)   0.0000000000000000     
 B before wg2 wg2 ==>    0.0000000000000000        0.0000000000000000     
 Q value wg2 wg2 ==>   2.90936028119118281E-005  2.40764508324205215E-006
 B after wg2 wg2 ==>  2.78324173142219536E-005  2.40764508324205215E-006
 LTM d(wg2)/d(wg2)   0.0000000000000000     
 B before wg2 wg2 ==>    0.0000000000000000        0.0000000000000000     
 Q value wg2 wg2 ==>   2.90936028119118281E-005  2.40764508324205215E-006
 B after wg2 wg2 ==>  2.78324173142219536E-005  2.40764508324205215E-006
 LTM d(wg2)/d(wg2)   0.0000000000000000     
 B before wg2 wg2 ==>    0.0000000000000000        0.0000000000000000     
 Q value wg2 wg2 ==>   2.90936028119118281E-005  2.40764508324205215E-006
 B after wg2 wg2 ==>  2.78324173142219536E-005  2.40764508324205215E-006
 LTM d(wg2)/d(wg2)   0.0000000000000000     
 B before wg2 wg2 ==>    0.0000000000000000        0.0000000000000000     
 Q value wg2 wg2 ==>   2.90936028119118281E-005  2.40764508324205215E-006
 B after wg2 wg2 ==>  2.78324173142219536E-005  2.40764508324205215E-006
 LTM d(wg2)/d(wg2)   0.0000000000000000     
 B before wg2 wg2 ==>    0.0000000000000000        0.0000000000000000     
 Q value wg2 wg2 ==>   2.90936028119118281E-005  2.40764508324205215E-006
 B after wg2 wg2 ==>  2.78324173142219536E-005  2.40764508324205215E-006
 LTM d(wg2)/d(wg2)   0.0000000000000000     
 B before wg2 wg2 ==>    0.0000000000000000        0.0000000000000000     
 Q value wg2 wg2 ==>   2.90936028119118281E-005  2.40764508324205215E-006
 B after wg2 wg2 ==>  2.78324173142219536E-005  2.40764508324205215E-006
 LTM d(wg2)/d(wg2)   0.0000000000000000     
 B before wg2 wg2 ==>    0.0000000000000000        0.0000000000000000     
 Q value wg2 wg2 ==>   3.03599869147065250E-005  2.62180637997838615E-006
 B after wg2 wg2 ==>  3.03081254760305009E-005  2.62180637997838615E-006
 LTM d(wg2)/d(wg2)   0.0000000000000000     
 B before wg2 wg2 ==>    0.0000000000000000        0.0000000000000000     
 Q value wg2 wg2 ==>   3.07286077929626550E-005  2.68585909160881841E-006
 B after wg2 wg2 ==>  3.10485758906759720E-005  2.68585909160881841E-006
 LTM d(wg2)/d(wg2)   0.0000000000000000     
 B before wg2 wg2 ==>    0.0000000000000000        0.0000000000000000     
 Q value wg2 wg2 ==>   3.07286077929626550E-005  2.68585909160881841E-006
 B after wg2 wg2 ==>  3.10485758906759720E-005  2.68585909160881841E-006
 LTM d(wg2)/d(wg2)   0.0000000000000000     
 B before wg2 wg2 ==>    0.0000000000000000        0.0000000000000000     
 Q value wg2 wg2 ==>   3.07286077929626550E-005  2.68585909160881841E-006
 B after wg2 wg2 ==>  3.10485758906759720E-005  2.68585909160881841E-006
 LTM d(wg2)/d(wg2)   0.0000000000000000     
 B before wg2 wg2 ==>    0.0000000000000000        0.0000000000000000     
 Q value wg2 wg2 ==>   3.07286077929626550E-005  2.68585909160881841E-006
 B after wg2 wg2 ==>  3.10485758906759720E-005  2.68585909160881841E-006
 LTM d(wg2)/d(wg2)   0.0000000000000000     
 B before wg2 wg2 ==>    0.0000000000000000        0.0000000000000000     
 Q value wg2 wg2 ==>   2.93454751906339301E-005  2.44951300028902855E-006
 B after wg2 wg2 ==>  2.83164111335101113E-005  2.44951300028902855E-006
 LTM d(wg2)/d(wg2)   0.0000000000000000     
 B before wg2 wg2 ==>    0.0000000000000000        0.0000000000000000     
 Q value wg2 wg2 ==>   2.93454751906339301E-005  2.44951300028902855E-006
 B after wg2 wg2 ==>  2.83164111335101113E-005  2.44951300028902855E-006
 LTM d(wg2)/d(wg2)   0.0000000000000000     
 B before wg2 wg2 ==>    0.0000000000000000        0.0000000000000000     
 Q value wg2 wg2 ==>   2.87362103846563453E-005  2.34885628379372450E-006
 B after wg2 wg2 ==>  2.71528178121871046E-005  2.34885628379372450E-006
 LTM d(wg2)/d(wg2)   0.0000000000000000     
 B before wg2 wg2 ==>    0.0000000000000000        0.0000000000000000     
 Q value wg2 wg2 ==>   2.84954954799046985E-005  2.30966972485765470E-006
 B after wg2 wg2 ==>  2.66998205373776437E-005  2.30966972485765470E-006
 LTM d(wg2)/d(wg2)   0.0000000000000000     
 B before wg2 wg2 ==>    0.0000000000000000        0.0000000000000000     
 Q value wg2 wg2 ==>   2.84954954799046985E-005  2.30966972485765470E-006
 B after wg2 wg2 ==>  2.66998205373776437E-005  2.30966972485765470E-006
 LTM d(wg2)/d(wg2)   0.0000000000000000     
 B before wg2 wg2 ==>    0.0000000000000000        0.0000000000000000     
 Q value wg2 wg2 ==>   2.93454751906339267E-005  2.44951300028902770E-006
 B after wg2 wg2 ==>  2.83164111335101011E-005  2.44951300028902770E-006
 LTM d(wg2)/d(wg2)   0.0000000000000000     
 B before wg2 wg2 ==>    0.0000000000000000        0.0000000000000000     
 Q value wg2 wg2 ==>   2.93454751906339267E-005  2.44951300028902770E-006
 B after wg2 wg2 ==>  2.83164111335101011E-005  2.44951300028902770E-006
 LTM d(wg2)/d(wg2)   0.0000000000000000     
 B before wg2 wg2 ==>    0.0000000000000000        0.0000000000000000     
 Q value wg2 wg2 ==>   2.93454751906339301E-005  2.44951300028902855E-006
 B after wg2 wg2 ==>  2.83164111335101113E-005  2.44951300028902855E-006
 LTM d(wg2)/d(wg2)   0.0000000000000000     
 B before wg2 wg2 ==>    0.0000000000000000        0.0000000000000000     
 Q value wg2 wg2 ==>   2.90936028119118281E-005  2.40764508324205215E-006
 B after wg2 wg2 ==>  2.78324173142219536E-005  2.40764508324205215E-006
 LTM d(wg2)/d(wg2)   0.0000000000000000     
 B before wg2 wg2 ==>    0.0000000000000000        0.0000000000000000     
 Q value wg2 wg2 ==>   2.90936028119118281E-005  2.40764508324205215E-006
 B after wg2 wg2 ==>  2.78324173142219536E-005  2.40764508324205215E-006
 LTM d(wg2)/d(wg2)   0.0000000000000000     
 B before wg2 wg2 ==>    0.0000000000000000        0.0000000000000000     
 Q value wg2 wg2 ==>   2.90936028119118281E-005  2.40764508324205215E-006
 B after wg2 wg2 ==>  2.78324173142219536E-005  2.40764508324205215E-006
 LTM d(wg2)/d(wg2)   0.0000000000000000     
 B before wg2 wg2 ==>    0.0000000000000000        0.0000000000000000     
 Q value wg2 wg2 ==>   2.90936028119118281E-005  2.40764508324205215E-006
 B after wg2 wg2 ==>  2.78324173142219536E-005  2.40764508324205215E-006
 LTM d(wg2)/d(wg2)   0.0000000000000000     
 B before wg2 wg2 ==>    0.0000000000000000        0.0000000000000000     
 Q value wg2 wg2 ==>   2.90936028119118281E-005  2.40764508324205215E-006
 B after wg2 wg2 ==>  2.78324173142219536E-005  2.40764508324205215E-006
 LTM d(wg2)/d(wg2)   0.0000000000000000     
 B before wg2 wg2 ==>    0.0000000000000000        0.0000000000000000     
 Q value wg2 wg2 ==>   2.90936028119118281E-005  2.40764508324205215E-006
 B after wg2 wg2 ==>  2.78324173142219536E-005  2.40764508324205215E-006
 LTM d(wg2)/d(wg2)   0.0000000000000000     
 B before wg2 wg2 ==>    0.0000000000000000        0.0000000000000000     
 Q value wg2 wg2 ==>   2.98371687315400510E-005  2.53228554784538003E-006
 B after wg2 wg2 ==>  2.92732631636471671E-005  2.53228554784538003E-006
 LTM d(wg2)/d(wg2)   0.0000000000000000     
 B before wg2 wg2 ==>    0.0000000000000000        0.0000000000000000     
 Q value wg2 wg2 ==>   3.07286077929626550E-005  2.68585909160881841E-006
 B after wg2 wg2 ==>  3.10485758906759720E-005  2.68585909160881841E-006
 LTM d(wg2)/d(wg2)   0.0000000000000000     
 B before wg2 wg2 ==>    0.0000000000000000        0.0000000000000000     
 Q value wg2 wg2 ==>   3.07286077929626550E-005  2.68585909160881841E-006
 B after wg2 wg2 ==>  3.10485758906759720E-005  2.68585909160881841E-006
 LTM d(wg2)/d(wg2)   0.0000000000000000     
 B before wg2 wg2 ==>    0.0000000000000000        0.0000000000000000     
 Q value wg2 wg2 ==>   3.07286077929626550E-005  2.68585909160881841E-006
 B after wg2 wg2 ==>  3.10485758906759720E-005  2.68585909160881841E-006
 LTM d(wg2)/d(wg2)   0.0000000000000000     
 B before wg2 wg2 ==>    0.0000000000000000        0.0000000000000000     
 Q value wg2 wg2 ==>   2.99567439760672274E-005  2.55262296077550968E-006
 B after wg2 wg2 ==>  2.95083639962835194E-005  2.55262296077550968E-006
 LTM d(wg2)/d(wg2)   0.0000000000000000     
 B before wg2 wg2 ==>    0.0000000000000000        0.0000000000000000     
 Q value wg2 wg2 ==>   2.99567439760672274E-005  2.55262296077550968E-006
 B after wg2 wg2 ==>  2.95083639962835194E-005  2.55262296077550968E-006
 LTM d(wg2)/d(wg2)   0.0000000000000000     
 B before wg2 wg2 ==>    0.0000000000000000        0.0000000000000000     
 Q value wg2 wg2 ==>   2.90936028119118349E-005  2.40764508324205300E-006
 B after wg2 wg2 ==>  2.78324173142219637E-005  2.40764508324205300E-006
 LTM d(wg2)/d(wg2)   0.0000000000000000     
 B before wg2 wg2 ==>    0.0000000000000000        0.0000000000000000     
 Q value wg2 wg2 ==>   2.90936028119118349E-005  2.40764508324205300E-006
 B after wg2 wg2 ==>  2.78324173142219637E-005  2.40764508324205300E-006
 LTM d(wg2)/d(wg2)   0.0000000000000000     
 B before wg2 wg2 ==>    0.0000000000000000        0.0000000000000000     
 Q value wg2 wg2 ==>   2.90936028119118281E-005  2.40764508324205215E-006
 B after wg2 wg2 ==>  2.78324173142219536E-005  2.40764508324205215E-006
 LTM d(wg2)/d(wg2)   0.0000000000000000     
 B before wg2 wg2 ==>    0.0000000000000000        0.0000000000000000     
 Q value wg2 wg2 ==>   2.90936028119118281E-005  2.40764508324205215E-006
 B after wg2 wg2 ==>  2.78324173142219536E-005  2.40764508324205215E-006
 LTM d(wg2)/d(wg2)   0.0000000000000000     
 B before wg2 wg2 ==>    0.0000000000000000        0.0000000000000000     
 Q value wg2 wg2 ==>   2.90936028119118281E-005  2.40764508324205215E-006
 B after wg2 wg2 ==>  2.78324173142219536E-005  2.40764508324205215E-006
 LTM d(wg2)/d(wg2)   0.0000000000000000     
 B before wg2 wg2 ==>    0.0000000000000000        0.0000000000000000     
 Q value wg2 wg2 ==>   2.90936028119118281E-005  2.40764508324205215E-006
 B after wg2 wg2 ==>  2.78324173142219536E-005  2.40764508324205215E-006
 LTM d(wg2)/d(wg2)   0.0000000000000000     
 B before wg2 wg2 ==>    0.0000000000000000        0.0000000000000000     
 Q value wg2 wg2 ==>   2.90936028119118281E-005  2.40764508324205215E-006
 B after wg2 wg2 ==>  2.78324173142219536E-005  2.40764508324205215E-006
 LTM d(wg2)/d(wg2)   0.0000000000000000     
 B before wg2 wg2 ==>    0.0000000000000000        0.0000000000000000     
 Q value wg2 wg2 ==>   2.90936028119118281E-005  2.40764508324205215E-006
 B after wg2 wg2 ==>  2.78324173142219536E-005  2.40764508324205215E-006
 LTM d(wg2)/d(wg2)   0.0000000000000000     
 B before wg2 wg2 ==>    0.0000000000000000        0.0000000000000000     
 Q value wg2 wg2 ==>   2.90936028119118281E-005  2.40764508324205215E-006
 B after wg2 wg2 ==>  2.78324173142219536E-005  2.40764508324205215E-006
 LTM d(wg2)/d(wg2)   0.0000000000000000     
 B before wg2 wg2 ==>    0.0000000000000000        0.0000000000000000     
 Q value wg2 wg2 ==>   2.90936028119118281E-005  2.40764508324205215E-006
 B after wg2 wg2 ==>  2.78324173142219536E-005  2.40764508324205215E-006
 LTM d(wg2)/d(wg2)   0.0000000000000000     
 B before wg2 wg2 ==>    0.0000000000000000        0.0000000000000000     
 Q value wg2 wg2 ==>   3.07286077929626550E-005  2.68585909160881841E-006
 B after wg2 wg2 ==>  3.10485758906759720E-005  2.68585909160881841E-006
 LTM d(wg2)/d(wg2)   0.0000000000000000     
 B before wg2 wg2 ==>    0.0000000000000000        0.0000000000000000     
 Q value wg2 wg2 ==>   3.07286077929626550E-005  2.68585909160881841E-006
 B after wg2 wg2 ==>  3.10485758906759720E-005  2.68585909160881841E-006
 LTM d(wg2)/d(wg2)   0.0000000000000000     
 B before wg2 wg2 ==>    0.0000000000000000        0.0000000000000000     
 Q value wg2 wg2 ==>   3.07286077929626550E-005  2.68585909160881841E-006
 B after wg2 wg2 ==>  3.10485758906759720E-005  2.68585909160881841E-006
 LTM d(wg2)/d(wg2)   0.0000000000000000     
 B before wg2 wg2 ==>    0.0000000000000000        0.0000000000000000     
 Q value wg2 wg2 ==>   3.07286077929626550E-005  2.68585909160881841E-006
 B after wg2 wg2 ==>  3.10485758906759720E-005  2.68585909160881841E-006
 LTM d(wg2)/d(wg2)   0.0000000000000000     
 B before wg2 wg2 ==>    0.0000000000000000        0.0000000000000000     
 Q value wg2 wg2 ==>   3.04029660090152940E-005  2.62923475099118717E-006
 B after wg2 wg2 ==>  3.03939975688203365E-005  2.62923475099118717E-006
 LTM d(wg2)/d(wg2)   0.0000000000000000     
 B before wg2 wg2 ==>    0.0000000000000000        0.0000000000000000     
 Q value wg2 wg2 ==>   2.93454751906339301E-005  2.44951300028902855E-006
 B after wg2 wg2 ==>  2.83164111335101113E-005  2.44951300028902855E-006
 LTM d(wg2)/d(wg2)   0.0000000000000000     
 B before wg2 wg2 ==>    0.0000000000000000        0.0000000000000000     
 Q value wg2 wg2 ==>   2.84954954799046985E-005  2.30966972485765470E-006
 B after wg2 wg2 ==>  2.66998205373776437E-005  2.30966972485765470E-006
 LTM d(wg2)/d(wg2)   0.0000000000000000     
 B before wg2 wg2 ==>    0.0000000000000000        0.0000000000000000     
 Q value wg2 wg2 ==>   2.84954954799046985E-005  2.30966972485765470E-006
 B after wg2 wg2 ==>  2.66998205373776437E-005  2.30966972485765470E-006
 LTM d(wg2)/d(wg2)   0.0000000000000000     
 B before wg2 wg2 ==>    0.0000000000000000        0.0000000000000000     
 Q value wg2 wg2 ==>   2.84954954799046985E-005  2.30966972485765470E-006
 B after wg2 wg2 ==>  2.66998205373776437E-005  2.30966972485765470E-006
 LTM d(wg2)/d(wg2)   0.0000000000000000     
 B before wg2 wg2 ==>    0.0000000000000000        0.0000000000000000     
 Q value wg2 wg2 ==>   2.90646357635494531E-005  2.40285312588173632E-006
 B after wg2 wg2 ==>  2.77770222072219336E-005  2.40285312588173632E-006
 LTM d(wg2)/d(wg2)   0.0000000000000000     
 B before wg2 wg2 ==>    0.0000000000000000        0.0000000000000000     
 Q value wg2 wg2 ==>   2.93454751906339267E-005  2.44951300028902770E-006
 B after wg2 wg2 ==>  2.83164111335101011E-005  2.44951300028902770E-006
 LTM d(wg2)/d(wg2)   0.0000000000000000     
 B before wg2 wg2 ==>    0.0000000000000000        0.0000000000000000     
 Q value wg2 wg2 ==>   2.93454751906339267E-005  2.44951300028902770E-006
 B after wg2 wg2 ==>  2.83164111335101011E-005  2.44951300028902770E-006
 LTM d(wg2)/d(wg2)   0.0000000000000000     
 B before wg2 wg2 ==>    0.0000000000000000        0.0000000000000000     
 Q value wg2 wg2 ==>   2.93454751906339267E-005  2.44951300028902770E-006
 B after wg2 wg2 ==>  2.83164111335101011E-005  2.44951300028902770E-006
 LTM d(wg2)/d(wg2)   0.0000000000000000     
 B before wg2 wg2 ==>    0.0000000000000000        0.0000000000000000     
 Q value wg2 wg2 ==>   2.90936028119118281E-005  2.40764508324205215E-006
 B after wg2 wg2 ==>  2.78324173142219536E-005  2.40764508324205215E-006
 LTM d(wg2)/d(wg2)   0.0000000000000000     
 B before wg2 wg2 ==>    0.0000000000000000        0.0000000000000000     
 Q value wg2 wg2 ==>   2.90936028119118281E-005  2.40764508324205215E-006
 B after wg2 wg2 ==>  2.78324173142219536E-005  2.40764508324205215E-006
 LTM d(wg2)/d(wg2)   0.0000000000000000     
 B before wg2 wg2 ==>    0.0000000000000000        0.0000000000000000     
 Q value wg2 wg2 ==>   2.90936028119118281E-005  2.40764508324205215E-006
 B after wg2 wg2 ==>  2.78324173142219536E-005  2.40764508324205215E-006
 LTM d(wg2)/d(wg2)   0.0000000000000000     
 B before wg2 wg2 ==>    0.0000000000000000        0.0000000000000000     
 Q value wg2 wg2 ==>   2.90936028119118281E-005  2.40764508324205215E-006
 B after wg2 wg2 ==>  2.78324173142219536E-005  2.40764508324205215E-006
 LTM d(wg2)/d(wg2)   0.0000000000000000     
 B before wg2 wg2 ==>    0.0000000000000000        0.0000000000000000     
 Q value wg2 wg2 ==>   2.90936028119118281E-005  2.40764508324205215E-006
 B after wg2 wg2 ==>  2.78324173142219536E-005  2.40764508324205215E-006
 LTM d(wg2)/d(wg2)   0.0000000000000000     
 B before wg2 wg2 ==>    0.0000000000000000        0.0000000000000000     
 Q value wg2 wg2 ==>   2.90936028119118281E-005  2.40764508324205215E-006
 B after wg2 wg2 ==>  2.78324173142219536E-005  2.40764508324205215E-006
 LTM d(wg2)/d(wg2)   0.0000000000000000     
 B before wg2 wg2 ==>    0.0000000000000000        0.0000000000000000     
 Q value wg2 wg2 ==>   3.01212029042410758E-005  2.58072708095562267E-006
 B after wg2 wg2 ==>  2.98332480942539119E-005  2.58072708095562267E-006
 LTM d(wg2)/d(wg2)   0.0000000000000000     
 B before wg2 wg2 ==>    0.0000000000000000        0.0000000000000000     
 Q value wg2 wg2 ==>   3.07286077929626550E-005  2.68585909160881841E-006
 B after wg2 wg2 ==>  3.10485758906759720E-005  2.68585909160881841E-006
 LTM d(wg2)/d(wg2)   0.0000000000000000     
 B before wg2 wg2 ==>    0.0000000000000000        0.0000000000000000     
 Q value wg2 wg2 ==>   3.07286077929626550E-005  2.68585909160881841E-006
 B after wg2 wg2 ==>  3.10485758906759720E-005  2.68585909160881841E-006
 LTM d(wg2)/d(wg2)   0.0000000000000000     
 B before wg2 wg2 ==>    0.0000000000000000        0.0000000000000000     
 Q value wg2 wg2 ==>   3.07286077929626550E-005  2.68585909160881841E-006
 B after wg2 wg2 ==>  3.10485758906759720E-005  2.68585909160881841E-006
 LTM d(wg2)/d(wg2)   0.0000000000000000     
 B before wg2 wg2 ==>    0.0000000000000000        0.0000000000000000     
 Q value wg2 wg2 ==>   2.99567439760672274E-005  2.55262296077550968E-006
 B after wg2 wg2 ==>  2.95083639962835194E-005  2.55262296077550968E-006
 LTM d(wg2)/d(wg2)   0.0000000000000000     
 B before wg2 wg2 ==>    0.0000000000000000        0.0000000000000000     
 Q value wg2 wg2 ==>   2.99567439760672274E-005  2.55262296077550968E-006
 B after wg2 wg2 ==>  2.95083639962835194E-005  2.55262296077550968E-006
 LTM d(wg2)/d(wg2)   0.0000000000000000     
 B before wg2 wg2 ==>    0.0000000000000000        0.0000000000000000     
 Q value wg2 wg2 ==>   2.99567439760672274E-005  2.55262296077550968E-006
 B after wg2 wg2 ==>  2.95083639962835194E-005  2.55262296077550968E-006
 LTM d(wg2)/d(wg2)   0.0000000000000000     
 B before wg2 wg2 ==>    0.0000000000000000        0.0000000000000000     
 Q value wg2 wg2 ==>   2.96992038561287700E-005  2.50892148533445407E-006
 B after wg2 wg2 ==>  2.90031742113818214E-005  2.50892148533445407E-006
 LTM d(wg2)/d(wg2)   0.0000000000000000     
 B before wg2 wg2 ==>    0.0000000000000000        0.0000000000000000     
 Q value wg2 wg2 ==>   2.94115314436394313E-005  2.46055305062454359E-006
 B after wg2 wg2 ==>  2.84440342995019669E-005  2.46055305062454359E-006
 LTM d(wg2)/d(wg2)   0.0000000000000000     
 B before wg2 wg2 ==>    0.0000000000000000        0.0000000000000000     
 Q value wg2 wg2 ==>   2.90936028119118281E-005  2.40764508324205215E-006
 B after wg2 wg2 ==>  2.78324173142219536E-005  2.40764508324205215E-006
 LTM d(wg2)/d(wg2)   0.0000000000000000     
 B before wg2 wg2 ==>    0.0000000000000000        0.0000000000000000     
 Q value wg2 wg2 ==>   2.90936028119118281E-005  2.40764508324205215E-006
 B after wg2 wg2 ==>  2.78324173142219536E-005  2.40764508324205215E-006
 LTM d(wg2)/d(wg2)   0.0000000000000000     
 B before wg2 wg2 ==>    0.0000000000000000        0.0000000000000000     
 Q value wg2 wg2 ==>   2.90936028119118281E-005  2.40764508324205215E-006
 B after wg2 wg2 ==>  2.78324173142219536E-005  2.40764508324205215E-006
 LTM d(wg2)/d(wg2)   0.0000000000000000     
 B before wg2 wg2 ==>    0.0000000000000000        0.0000000000000000     
 Q value wg2 wg2 ==>   2.90936028119118281E-005  2.40764508324205215E-006
 B after wg2 wg2 ==>  2.78324173142219536E-005  2.40764508324205215E-006
 LTM d(wg2)/d(wg2)   0.0000000000000000     
 B before wg2 wg2 ==>    0.0000000000000000        0.0000000000000000     
 Q value wg2 wg2 ==>   2.90936028119118281E-005  2.40764508324205215E-006
 B after wg2 wg2 ==>  2.78324173142219536E-005  2.40764508324205215E-006
 LTM d(wg2)/d(wg2)   0.0000000000000000     
 B before wg2 wg2 ==>    0.0000000000000000        0.0000000000000000     
 Q value wg2 wg2 ==>   2.90936028119118281E-005  2.40764508324205215E-006
 B after wg2 wg2 ==>  2.78324173142219536E-005  2.40764508324205215E-006
 LTM d(wg2)/d(wg2)   0.0000000000000000     
 B before wg2 wg2 ==>    0.0000000000000000        0.0000000000000000     
 Q value wg2 wg2 ==>   2.90936028119118281E-005  2.40764508324205215E-006
 B after wg2 wg2 ==>  2.78324173142219536E-005  2.40764508324205215E-006
 LTM d(wg2)/d(wg2)   0.0000000000000000     
 B before wg2 wg2 ==>    0.0000000000000000        0.0000000000000000     
 Q value wg2 wg2 ==>   2.90936028119118281E-005  2.40764508324205215E-006
 B after wg2 wg2 ==>  2.78324173142219536E-005  2.40764508324205215E-006
 LTM d(wg2)/d(wg2)   0.0000000000000000     
 B before wg2 wg2 ==>    0.0000000000000000        0.0000000000000000     
 Q value wg2 wg2 ==>   3.07286077929626550E-005  2.68585909160881841E-006
 B after wg2 wg2 ==>  3.10485758906759720E-005  2.68585909160881841E-006
 LTM d(wg2)/d(wg2)   0.0000000000000000     
 B before wg2 wg2 ==>    0.0000000000000000        0.0000000000000000     
 Q value wg2 wg2 ==>   3.07286077929626550E-005  2.68585909160881841E-006
 B after wg2 wg2 ==>  3.10485758906759720E-005  2.68585909160881841E-006
 LTM d(wg2)/d(wg2)   0.0000000000000000     
 B before wg2 wg2 ==>    0.0000000000000000        0.0000000000000000     
 Q value wg2 wg2 ==>   3.07286077929626550E-005  2.68585909160881841E-006
 B after wg2 wg2 ==>  3.10485758906759720E-005  2.68585909160881841E-006
 LTM d(wg2)/d(wg2)   0.0000000000000000     
 B before wg2 wg2 ==>    0.0000000000000000        0.0000000000000000     
 Q value wg2 wg2 ==>   3.07286077929626550E-005  2.68585909160881841E-006
 B after wg2 wg2 ==>  3.10485758906759720E-005  2.68585909160881841E-006
 LTM d(wg2)/d(wg2)   0.0000000000000000     
 B before wg2 wg2 ==>    0.0000000000000000        0.0000000000000000     
 Q value wg2 wg2 ==>   3.01972330212823327E-005  2.59377175364728646E-006
 B after wg2 wg2 ==>  2.99840447281136380E-005  2.59377175364728646E-006
 LTM d(wg2)/d(wg2)   0.0000000000000000     
 B before wg2 wg2 ==>    0.0000000000000000        0.0000000000000000     
 Q value wg2 wg2 ==>   2.93454751906339267E-005  2.44951300028902770E-006
 B after wg2 wg2 ==>  2.83164111335101011E-005  2.44951300028902770E-006
 LTM d(wg2)/d(wg2)   0.0000000000000000     
 B before wg2 wg2 ==>    0.0000000000000000        0.0000000000000000     
 Q value wg2 wg2 ==>   2.84954954799046985E-005  2.30966972485765470E-006
 B after wg2 wg2 ==>  2.66998205373776437E-005  2.30966972485765470E-006
 LTM d(wg2)/d(wg2)   0.0000000000000000     
 B before wg2 wg2 ==>    0.0000000000000000        0.0000000000000000     
 Q value wg2 wg2 ==>   2.84954954799046985E-005  2.30966972485765470E-006
 B after wg2 wg2 ==>  2.66998205373776437E-005  2.30966972485765470E-006
 LTM d(wg2)/d(wg2)   0.0000000000000000     
 B before wg2 wg2 ==>    0.0000000000000000        0.0000000000000000     
 Q value wg2 wg2 ==>   2.84954954799047053E-005  2.30966972485765555E-006
 B after wg2 wg2 ==>  2.66998205373776505E-005  2.30966972485765555E-006
 LTM d(wg2)/d(wg2)   0.0000000000000000     
 B before wg2 wg2 ==>    0.0000000000000000        0.0000000000000000     
 Q value wg2 wg2 ==>   2.93454751906339267E-005  2.44951300028902770E-006
 B after wg2 wg2 ==>  2.83164111335101011E-005  2.44951300028902770E-006
 LTM d(wg2)/d(wg2)   0.0000000000000000     
 B before wg2 wg2 ==>    0.0000000000000000        0.0000000000000000     
 Q value wg2 wg2 ==>   2.93454751906339301E-005  2.44951300028902855E-006
 B after wg2 wg2 ==>  2.83164111335101113E-005  2.44951300028902855E-006
 LTM d(wg2)/d(wg2)   0.0000000000000000     
 B before wg2 wg2 ==>    0.0000000000000000        0.0000000000000000     
 Q value wg2 wg2 ==>   2.93454751906339267E-005  2.44951300028902770E-006
 B after wg2 wg2 ==>  2.83164111335101011E-005  2.44951300028902770E-006
 LTM d(wg2)/d(wg2)   0.0000000000000000     
 B before wg2 wg2 ==>    0.0000000000000000        0.0000000000000000     
 Q value wg2 wg2 ==>   2.93454751906339301E-005  2.44951300028902855E-006
 B after wg2 wg2 ==>  2.83164111335101113E-005  2.44951300028902855E-006
 LTM d(wg2)/d(wg2)   0.0000000000000000     
 B before wg2 wg2 ==>    0.0000000000000000        0.0000000000000000     
 Q value wg2 wg2 ==>   2.91806759490782810E-005  2.42207814782610668E-006
 B after wg2 wg2 ==>  2.79992637815117269E-005  2.42207814782610668E-006
 LTM d(wg2)/d(wg2)   0.0000000000000000     
 B before wg2 wg2 ==>    0.0000000000000000        0.0000000000000000     
 Q value wg2 wg2 ==>   2.90936028119118281E-005  2.40764508324205215E-006
 B after wg2 wg2 ==>  2.78324173142219536E-005  2.40764508324205215E-006
 LTM d(wg2)/d(wg2)   0.0000000000000000     
 B before wg2 wg2 ==>    0.0000000000000000        0.0000000000000000     
 Q value wg2 wg2 ==>   2.90936028119118281E-005  2.40764508324205215E-006
 B after wg2 wg2 ==>  2.78324173142219536E-005  2.40764508324205215E-006
 LTM d(wg2)/d(wg2)   0.0000000000000000     
 B before wg2 wg2 ==>    0.0000000000000000        0.0000000000000000     
 Q value wg2 wg2 ==>   2.90936028119118281E-005  2.40764508324205215E-006
 B after wg2 wg2 ==>  2.78324173142219536E-005  2.40764508324205215E-006
 LTM d(wg2)/d(wg2)   0.0000000000000000     
 B before wg2 wg2 ==>    0.0000000000000000        0.0000000000000000     
 Q value wg2 wg2 ==>   2.90936028119118281E-005  2.40764508324205215E-006
 B after wg2 wg2 ==>  2.78324173142219536E-005  2.40764508324205215E-006
 LTM d(wg2)/d(wg2)   0.0000000000000000     
 B before wg2 wg2 ==>    0.0000000000000000        0.0000000000000000     
 Q value wg2 wg2 ==>   2.90936028119118281E-005  2.40764508324205215E-006
 B after wg2 wg2 ==>  2.78324173142219536E-005  2.40764508324205215E-006
 LTM d(wg2)/d(wg2)   0.0000000000000000     
 B before wg2 wg2 ==>    0.0000000000000000        0.0000000000000000     
 Q value wg2 wg2 ==>   3.07286077929626550E-005  2.68585909160881841E-006
 B after wg2 wg2 ==>  3.10485758906759720E-005  2.68585909160881841E-006
 LTM d(wg2)/d(wg2)   0.0000000000000000     
 B before wg2 wg2 ==>    0.0000000000000000        0.0000000000000000     
 Q value wg2 wg2 ==>   3.07286077929626550E-005  2.68585909160881841E-006
 B after wg2 wg2 ==>  3.10485758906759720E-005  2.68585909160881841E-006
 LTM d(wg2)/d(wg2)   0.0000000000000000     
 B before wg2 wg2 ==>    0.0000000000000000        0.0000000000000000     
 Q value wg2 wg2 ==>   3.07286077929626550E-005  2.68585909160881841E-006
 B after wg2 wg2 ==>  3.10485758906759720E-005  2.68585909160881841E-006
 LTM d(wg2)/d(wg2)   0.0000000000000000     
 B before wg2 wg2 ==>    0.0000000000000000        0.0000000000000000     
 Q value wg2 wg2 ==>   3.07286077929626550E-005  2.68585909160881841E-006
 B after wg2 wg2 ==>  3.10485758906759720E-005  2.68585909160881841E-006
 LTM d(wg2)/d(wg2)   0.0000000000000000     
 B before wg2 wg2 ==>    0.0000000000000000        0.0000000000000000     
 Q value wg2 wg2 ==>   2.99567439760672274E-005  2.55262296077550968E-006
 B after wg2 wg2 ==>  2.95083639962835194E-005  2.55262296077550968E-006
 LTM d(wg2)/d(wg2)   0.0000000000000000     
 B before wg2 wg2 ==>    0.0000000000000000        0.0000000000000000     
 Q value wg2 wg2 ==>   2.99567439760672274E-005  2.55262296077550968E-006
 B after wg2 wg2 ==>  2.95083639962835194E-005  2.55262296077550968E-006
 LTM d(wg2)/d(wg2)   0.0000000000000000     
 B before wg2 wg2 ==>    0.0000000000000000        0.0000000000000000     
 Q value wg2 wg2 ==>   2.99567439760672274E-005  2.55262296077550968E-006
 B after wg2 wg2 ==>  2.95083639962835194E-005  2.55262296077550968E-006
 LTM d(wg2)/d(wg2)   0.0000000000000000     
 B before wg2 wg2 ==>    0.0000000000000000        0.0000000000000000     
 Q value wg2 wg2 ==>   2.99567439760672274E-005  2.55262296077550968E-006
 B after wg2 wg2 ==>  2.95083639962835194E-005  2.55262296077550968E-006
 LTM d(wg2)/d(wg2)   0.0000000000000000     
 B before wg2 wg2 ==>    0.0000000000000000        0.0000000000000000     
 Q value wg2 wg2 ==>   2.99567439760672274E-005  2.55262296077550968E-006
 B after wg2 wg2 ==>  2.95083639962835194E-005  2.55262296077550968E-006
 LTM d(wg2)/d(wg2)   0.0000000000000000     
 B before wg2 wg2 ==>    0.0000000000000000        0.0000000000000000     
 Q value wg2 wg2 ==>   2.99567439760672274E-005  2.55262296077550968E-006
 B after wg2 wg2 ==>  2.95083639962835194E-005  2.55262296077550968E-006
 LTM d(wg2)/d(wg2)   0.0000000000000000     
 B before wg2 wg2 ==>    0.0000000000000000        0.0000000000000000     
 Q value wg2 wg2 ==>   2.99567439760672274E-005  2.55262296077550968E-006
 B after wg2 wg2 ==>  2.95083639962835194E-005  2.55262296077550968E-006
 LTM d(wg2)/d(wg2)   0.0000000000000000     
 B before wg2 wg2 ==>    0.0000000000000000        0.0000000000000000     
 Q value wg2 wg2 ==>   2.99567439760672274E-005  2.55262296077550968E-006
 B after wg2 wg2 ==>  2.95083639962835194E-005  2.55262296077550968E-006
 LTM d(wg2)/d(wg2)   0.0000000000000000     
 B before wg2 wg2 ==>    0.0000000000000000        0.0000000000000000     
 Q value wg2 wg2 ==>   2.90936028119118281E-005  2.40764508324205215E-006
 B after wg2 wg2 ==>  2.78324173142219536E-005  2.40764508324205215E-006
 LTM d(wg2)/d(wg2)   0.0000000000000000     
 B before wg2 wg2 ==>    0.0000000000000000        0.0000000000000000     
 Q value wg2 wg2 ==>   2.90936028119118281E-005  2.40764508324205215E-006
 B after wg2 wg2 ==>  2.78324173142219536E-005  2.40764508324205215E-006
 LTM d(wg2)/d(wg2)   0.0000000000000000     
 B before wg2 wg2 ==>    0.0000000000000000        0.0000000000000000     
 Q value wg2 wg2 ==>   2.96754184767961874E-005  2.50490442459868871E-006
 B after wg2 wg2 ==>  2.89567369222844404E-005  2.50490442459868871E-006
 LTM d(wg2)/d(wg2)   0.0000000000000000     
 B before wg2 wg2 ==>    0.0000000000000000        0.0000000000000000     
 Q value wg2 wg2 ==>   2.98371687315400510E-005  2.53228554784538003E-006
 B after wg2 wg2 ==>  2.92732631636471671E-005  2.53228554784538003E-006
 LTM d(wg2)/d(wg2)   0.0000000000000000     
 B before wg2 wg2 ==>    0.0000000000000000        0.0000000000000000     
 Q value wg2 wg2 ==>   3.01212029042410758E-005  2.58072708095562267E-006
 B after wg2 wg2 ==>  2.98332480942539119E-005  2.58072708095562267E-006
 LTM d(wg2)/d(wg2)   0.0000000000000000     
 B before wg2 wg2 ==>    0.0000000000000000        0.0000000000000000     
 Q value wg2 wg2 ==>   2.90936028119118281E-005  2.40764508324205215E-006
 B after wg2 wg2 ==>  2.78324173142219536E-005  2.40764508324205215E-006
 LTM d(wg2)/d(wg2)   0.0000000000000000     
 B before wg2 wg2 ==>    0.0000000000000000        0.0000000000000000     
 Q value wg2 wg2 ==>   3.04646860373908176E-005  2.63992062679266189E-006
 B after wg2 wg2 ==>  3.05175264712921658E-005  2.63992062679266189E-006
 LTM d(wg2)/d(wg2)   0.0000000000000000     
 B before wg2 wg2 ==>    0.0000000000000000        0.0000000000000000     
 Q value wg2 wg2 ==>   3.07286077929626550E-005  2.68585909160881841E-006
 B after wg2 wg2 ==>  3.10485758906759720E-005  2.68585909160881841E-006
 LTM d(wg2)/d(wg2)   0.0000000000000000     
 B before wg2 wg2 ==>    0.0000000000000000        0.0000000000000000     
 Q value wg2 wg2 ==>   3.07286077929626550E-005  2.68585909160881841E-006
 B after wg2 wg2 ==>  3.10485758906759720E-005  2.68585909160881841E-006
 LTM d(wg2)/d(wg2)   0.0000000000000000     
 B before wg2 wg2 ==>    0.0000000000000000        0.0000000000000000     
 Q value wg2 wg2 ==>   3.07286077929626550E-005  2.68585909160881841E-006
 B after wg2 wg2 ==>  3.10485758906759720E-005  2.68585909160881841E-006
 LTM d(wg2)/d(wg2)   0.0000000000000000     
 B before wg2 wg2 ==>    0.0000000000000000        0.0000000000000000     
 Q value wg2 wg2 ==>   3.07286077929626550E-005  2.68585909160881841E-006
 B after wg2 wg2 ==>  3.10485758906759720E-005  2.68585909160881841E-006
 LTM d(wg2)/d(wg2)   0.0000000000000000     
 B before wg2 wg2 ==>    0.0000000000000000        0.0000000000000000     
 Q value wg2 wg2 ==>   3.07286077929626550E-005  2.68585909160881841E-006
 B after wg2 wg2 ==>  3.10485758906759720E-005  2.68585909160881841E-006
 LTM d(wg2)/d(wg2)   0.0000000000000000     
 B before wg2 wg2 ==>    0.0000000000000000        0.0000000000000000     
 Q value wg2 wg2 ==>   3.00134781858164159E-005  2.56230079377202546E-006
 B after wg2 wg2 ==>  2.96202399071190401E-005  2.56230079377202546E-006
 LTM d(wg2)/d(wg2)   0.0000000000000000     
 B before wg2 wg2 ==>    0.0000000000000000        0.0000000000000000     
 Q value wg2 wg2 ==>   2.94614274340215179E-005  2.46890867612477336E-006
 B after wg2 wg2 ==>  2.85406254696301611E-005  2.46890867612477336E-006
 LTM d(wg2)/d(wg2)   0.0000000000000000     
 B before wg2 wg2 ==>    0.0000000000000000        0.0000000000000000     
 Q value wg2 wg2 ==>   2.84954954799046985E-005  2.30966972485765470E-006
 B after wg2 wg2 ==>  2.66998205373776437E-005  2.30966972485765470E-006
 LTM d(wg2)/d(wg2)   0.0000000000000000     
 B before wg2 wg2 ==>    0.0000000000000000        0.0000000000000000     
 Q value wg2 wg2 ==>   2.93454751906339301E-005  2.44951300028902855E-006
 B after wg2 wg2 ==>  2.83164111335101113E-005  2.44951300028902855E-006
 LTM d(wg2)/d(wg2)   0.0000000000000000     
 B before wg2 wg2 ==>    0.0000000000000000        0.0000000000000000     
 Q value wg2 wg2 ==>   2.93454751906339267E-005  2.44951300028902770E-006
 B after wg2 wg2 ==>  2.83164111335101011E-005  2.44951300028902770E-006
 LTM d(wg2)/d(wg2)   0.0000000000000000     
 B before wg2 wg2 ==>    0.0000000000000000        0.0000000000000000     
 Q value wg2 wg2 ==>   3.01972330212823327E-005  2.59377175364728646E-006
 B after wg2 wg2 ==>  2.99840447281136380E-005  2.59377175364728646E-006
 LTM d(wg2)/d(wg2)   0.0000000000000000     
 B before wg2 wg2 ==>    0.0000000000000000        0.0000000000000000     
 Q value wg2 wg2 ==>   2.99567440448829352E-005  2.55262297250312341E-006
 B after wg2 wg2 ==>  2.95083641318549271E-005  2.55262297250312341E-006
 LTM d(wg2)/d(wg2)   0.0000000000000000     
 B before wg2 wg2 ==>    0.0000000000000000        0.0000000000000000     
 Q value wg2 wg2 ==>   2.92645865345613878E-005  2.43602780455489945E-006
 B after wg2 wg2 ==>  2.81605220459329494E-005  2.43602780455489945E-006
 LTM d(wg2)/d(wg2)   0.0000000000000000     
 B before wg2 wg2 ==>    0.0000000000000000        0.0000000000000000     
 Q value wg2 wg2 ==>   2.90936028119118281E-005  2.40764508324205215E-006
 B after wg2 wg2 ==>  2.78324173142219536E-005  2.40764508324205215E-006
 LTM d(wg2)/d(wg2)   0.0000000000000000     
 B before wg2 wg2 ==>    0.0000000000000000        0.0000000000000000     
 Q value wg2 wg2 ==>   2.90936028119118281E-005  2.40764508324205215E-006
 B after wg2 wg2 ==>  2.78324173142219536E-005  2.40764508324205215E-006
 LTM d(wg2)/d(wg2)   0.0000000000000000     
 B before wg2 wg2 ==>    0.0000000000000000        0.0000000000000000     
 Q value wg2 wg2 ==>   2.90936028119118281E-005  2.40764508324205215E-006
 B after wg2 wg2 ==>  2.78324173142219536E-005  2.40764508324205215E-006
 LTM d(wg2)/d(wg2)   0.0000000000000000     
 B before wg2 wg2 ==>    0.0000000000000000        0.0000000000000000     
 Q value wg2 wg2 ==>   2.90936028119118281E-005  2.40764508324205215E-006
 B after wg2 wg2 ==>  2.78324173142219536E-005  2.40764508324205215E-006
 LTM d(wg2)/d(wg2)   0.0000000000000000     
 B before wg2 wg2 ==>    0.0000000000000000        0.0000000000000000     
 Q value wg2 wg2 ==>   2.90936028119118281E-005  2.40764508324205215E-006
 B after wg2 wg2 ==>  2.78324173142219536E-005  2.40764508324205215E-006
 LTM d(wg2)/d(wg2)   0.0000000000000000     
 B before wg2 wg2 ==>    0.0000000000000000        0.0000000000000000     
 Q value wg2 wg2 ==>   3.03599869147065250E-005  2.62180637997838615E-006
 B after wg2 wg2 ==>  3.03081254760305009E-005  2.62180637997838615E-006
 LTM d(wg2)/d(wg2)   0.0000000000000000     
 B before wg2 wg2 ==>    0.0000000000000000        0.0000000000000000     
 Q value wg2 wg2 ==>   3.07286077929626550E-005  2.68585909160881841E-006
 B after wg2 wg2 ==>  3.10485758906759720E-005  2.68585909160881841E-006
 LTM d(wg2)/d(wg2)   0.0000000000000000     
 B before wg2 wg2 ==>    0.0000000000000000        0.0000000000000000     
 Q value wg2 wg2 ==>   3.07286077929626550E-005  2.68585909160881841E-006
 B after wg2 wg2 ==>  3.10485758906759720E-005  2.68585909160881841E-006
 LTM d(wg2)/d(wg2)   0.0000000000000000     
 B before wg2 wg2 ==>    0.0000000000000000        0.0000000000000000     
 Q value wg2 wg2 ==>   2.99567439760672274E-005  2.55262296077550968E-006
 B after wg2 wg2 ==>  2.95083639962835194E-005  2.55262296077550968E-006
 LTM d(wg2)/d(wg2)   0.0000000000000000     
 B before wg2 wg2 ==>    0.0000000000000000        0.0000000000000000     
 Q value wg2 wg2 ==>   2.99567439760672274E-005  2.55262296077550968E-006
 B after wg2 wg2 ==>  2.95083639962835194E-005  2.55262296077550968E-006
 LTM d(wg2)/d(wg2)   0.0000000000000000     
 B before wg2 wg2 ==>    0.0000000000000000        0.0000000000000000     
 Q value wg2 wg2 ==>   2.99567439760672274E-005  2.55262296077550968E-006
 B after wg2 wg2 ==>  2.95083639962835194E-005  2.55262296077550968E-006
 LTM d(wg2)/d(wg2)   0.0000000000000000     
 B before wg2 wg2 ==>    0.0000000000000000        0.0000000000000000     
 Q value wg2 wg2 ==>   2.99567439760672274E-005  2.55262296077550968E-006
 B after wg2 wg2 ==>  2.95083639962835194E-005  2.55262296077550968E-006
 LTM d(wg2)/d(wg2)   0.0000000000000000     
 B before wg2 wg2 ==>    0.0000000000000000        0.0000000000000000     
 Q value wg2 wg2 ==>   2.99567439760672274E-005  2.55262296077550968E-006
 B after wg2 wg2 ==>  2.95083639962835194E-005  2.55262296077550968E-006
 LTM d(wg2)/d(wg2)   0.0000000000000000     
 B before wg2 wg2 ==>    0.0000000000000000        0.0000000000000000     
 Q value wg2 wg2 ==>   2.99567439760672274E-005  2.55262296077550968E-006
 B after wg2 wg2 ==>  2.95083639962835194E-005  2.55262296077550968E-006
 LTM d(wg2)/d(wg2)   0.0000000000000000     
 B before wg2 wg2 ==>    0.0000000000000000        0.0000000000000000     
 Q value wg2 wg2 ==>   2.99567439760672274E-005  2.55262296077550968E-006
 B after wg2 wg2 ==>  2.95083639962835194E-005  2.55262296077550968E-006
 LTM d(wg2)/d(wg2)   0.0000000000000000     
 B before wg2 wg2 ==>    0.0000000000000000        0.0000000000000000     
 Q value wg2 wg2 ==>   2.95712843201975552E-005  2.48735532471740243E-006
 B after wg2 wg2 ==>  2.87538690349930057E-005  2.48735532471740243E-006
 LTM d(wg2)/d(wg2)   0.0000000000000000     
 B before wg2 wg2 ==>    0.0000000000000000        0.0000000000000000     
 Q value wg2 wg2 ==>   2.94987045927177222E-005  2.47516038442218865E-006
 B after wg2 wg2 ==>  2.86128953218071067E-005  2.47516038442218865E-006
 LTM d(wg2)/d(wg2)   0.0000000000000000     
 B before wg2 wg2 ==>    0.0000000000000000        0.0000000000000000     
 Q value wg2 wg2 ==>   2.90936028119118281E-005  2.40764508324205215E-006
 B after wg2 wg2 ==>  2.78324173142219536E-005  2.40764508324205215E-006
 LTM d(wg2)/d(wg2)   0.0000000000000000     
 B before wg2 wg2 ==>    0.0000000000000000        0.0000000000000000     
 Q value wg2 wg2 ==>   3.01212029042410758E-005  2.58072708095562267E-006
 B after wg2 wg2 ==>  2.98332480942539119E-005  2.58072708095562267E-006
 LTM d(wg2)/d(wg2)   0.0000000000000000     
 B before wg2 wg2 ==>    0.0000000000000000        0.0000000000000000     
 Q value wg2 wg2 ==>   3.01212029042410758E-005  2.58072708095562267E-006
 B after wg2 wg2 ==>  2.98332480942539119E-005  2.58072708095562267E-006
 LTM d(wg2)/d(wg2)   0.0000000000000000     
 B before wg2 wg2 ==>    0.0000000000000000        0.0000000000000000     
 Q value wg2 wg2 ==>   3.01212029042410758E-005  2.58072708095562267E-006
 B after wg2 wg2 ==>  2.98332480942539119E-005  2.58072708095562267E-006
 LTM d(wg2)/d(wg2)   0.0000000000000000     
 B before wg2 wg2 ==>    0.0000000000000000        0.0000000000000000     
 Q value wg2 wg2 ==>   2.96754184767961874E-005  2.50490442459868871E-006
 B after wg2 wg2 ==>  2.89567369222844404E-005  2.50490442459868871E-006
 LTM d(wg2)/d(wg2)   0.0000000000000000     
 B before wg2 wg2 ==>    0.0000000000000000        0.0000000000000000     
 Q value wg2 wg2 ==>   3.05995492718352799E-005  2.66334553781895157E-006
 B after wg2 wg2 ==>  3.07883188334098797E-005  2.66334553781895157E-006
 LTM d(wg2)/d(wg2)   0.0000000000000000     
 B before wg2 wg2 ==>    0.0000000000000000        0.0000000000000000     
 Q value wg2 wg2 ==>   3.07286077929626550E-005  2.68585909160881841E-006
 B after wg2 wg2 ==>  3.10485758906759720E-005  2.68585909160881841E-006
 LTM d(wg2)/d(wg2)   0.0000000000000000     
 B before wg2 wg2 ==>    0.0000000000000000        0.0000000000000000     
 Q value wg2 wg2 ==>   3.07286077929626550E-005  2.68585909160881841E-006
 B after wg2 wg2 ==>  3.10485758906759720E-005  2.68585909160881841E-006
 LTM d(wg2)/d(wg2)   0.0000000000000000     
 B before wg2 wg2 ==>    0.0000000000000000        0.0000000000000000     
 Q value wg2 wg2 ==>   3.01212029042410758E-005  2.58072708095562267E-006
 B after wg2 wg2 ==>  2.98332480942539119E-005  2.58072708095562267E-006
 LTM d(wg2)/d(wg2)   0.0000000000000000     
 B before wg2 wg2 ==>    0.0000000000000000        0.0000000000000000     
 Q value wg2 wg2 ==>   3.01212029042410758E-005  2.58072708095562267E-006
 B after wg2 wg2 ==>  2.98332480942539119E-005  2.58072708095562267E-006
 LTM d(wg2)/d(wg2)   0.0000000000000000     
 B before wg2 wg2 ==>    0.0000000000000000        0.0000000000000000     
 Q value wg2 wg2 ==>   2.94317443327805172E-005  2.46393621182622727E-006
 B after wg2 wg2 ==>  2.84831436994139114E-005  2.46393621182622727E-006
 LTM d(wg2)/d(wg2)   0.0000000000000000     
 B before wg2 wg2 ==>    0.0000000000000000        0.0000000000000000     
 Q value wg2 wg2 ==>   2.93454751906339301E-005  2.44951300028902855E-006
 B after wg2 wg2 ==>  2.83164111335101113E-005  2.44951300028902855E-006
 LTM d(wg2)/d(wg2)   0.0000000000000000     
 B before wg2 wg2 ==>    0.0000000000000000        0.0000000000000000     
 Q value wg2 wg2 ==>   3.07286077929626550E-005  2.68585909160881841E-006
 B after wg2 wg2 ==>  3.10485758906759720E-005  2.68585909160881841E-006
 LTM d(wg2)/d(wg2)   0.0000000000000000     
 B before wg2 wg2 ==>    0.0000000000000000        0.0000000000000000     
 Q value wg2 wg2 ==>   3.07286077929626550E-005  2.68585909160881841E-006
 B after wg2 wg2 ==>  3.10485758906759720E-005  2.68585909160881841E-006
 LTM d(wg2)/d(wg2)   0.0000000000000000     
 B before wg2 wg2 ==>    0.0000000000000000        0.0000000000000000     
 Q value wg2 wg2 ==>   3.07286077929626550E-005  2.68585909160881841E-006
 B after wg2 wg2 ==>  3.10485758906759720E-005  2.68585909160881841E-006
 LTM d(wg2)/d(wg2)   0.0000000000000000     
 B before wg2 wg2 ==>    0.0000000000000000        0.0000000000000000     
 Q value wg2 wg2 ==>   3.04646860373908176E-005  2.63992062679266189E-006
 B after wg2 wg2 ==>  3.05175264712921658E-005  2.63992062679266189E-006
 LTM d(wg2)/d(wg2)   0.0000000000000000     
 B before wg2 wg2 ==>    0.0000000000000000        0.0000000000000000     
 Q value wg2 wg2 ==>   2.90936028119118281E-005  2.40764508324205215E-006
 B after wg2 wg2 ==>  2.78324173142219536E-005  2.40764508324205215E-006
 LTM d(wg2)/d(wg2)   0.0000000000000000     
 B before wg2 wg2 ==>    0.0000000000000000        0.0000000000000000     
 Q value wg2 wg2 ==>   2.90936028119118281E-005  2.40764508324205215E-006
 B after wg2 wg2 ==>  2.78324173142219536E-005  2.40764508324205215E-006
 LTM d(wg2)/d(wg2)   0.0000000000000000     
 B before wg2 wg2 ==>    0.0000000000000000        0.0000000000000000     
 Q value wg2 wg2 ==>   2.90936028119118281E-005  2.40764508324205215E-006
 B after wg2 wg2 ==>  2.78324173142219536E-005  2.40764508324205215E-006
 LTM d(wg2)/d(wg2)   0.0000000000000000     
 B before wg2 wg2 ==>    0.0000000000000000        0.0000000000000000     
 Q value wg2 wg2 ==>   2.90936028119118281E-005  2.40764508324205215E-006
 B after wg2 wg2 ==>  2.78324173142219536E-005  2.40764508324205215E-006
 LTM d(wg2)/d(wg2)   0.0000000000000000     
 B before wg2 wg2 ==>    0.0000000000000000        0.0000000000000000     
 Q value wg2 wg2 ==>   3.07286077929626550E-005  2.68585909160881841E-006
 B after wg2 wg2 ==>  3.10485758906759720E-005  2.68585909160881841E-006
 LTM d(wg2)/d(wg2)   0.0000000000000000     
 B before wg2 wg2 ==>    0.0000000000000000        0.0000000000000000     
 Q value wg2 wg2 ==>   3.07286077929626550E-005  2.68585909160881841E-006
 B after wg2 wg2 ==>  3.10485758906759720E-005  2.68585909160881841E-006
 LTM d(wg2)/d(wg2)   0.0000000000000000     
 B before wg2 wg2 ==>    0.0000000000000000        0.0000000000000000     
 Q value wg2 wg2 ==>   3.07286077929626550E-005  2.68585909160881841E-006
 B after wg2 wg2 ==>  3.10485758906759720E-005  2.68585909160881841E-006
 LTM d(wg2)/d(wg2)   0.0000000000000000     
 B before wg2 wg2 ==>    0.0000000000000000        0.0000000000000000     
 Q value wg2 wg2 ==>   2.99567439760672274E-005  2.55262296077550968E-006
 B after wg2 wg2 ==>  2.95083639962835194E-005  2.55262296077550968E-006
 LTM d(wg2)/d(wg2)   0.0000000000000000     
 B before wg2 wg2 ==>    0.0000000000000000        0.0000000000000000     
 Q value wg2 wg2 ==>   2.99567439760672274E-005  2.55262296077550968E-006
 B after wg2 wg2 ==>  2.95083639962835194E-005  2.55262296077550968E-006
 LTM d(wg2)/d(wg2)   0.0000000000000000     
 B before wg2 wg2 ==>    0.0000000000000000        0.0000000000000000     
 Q value wg2 wg2 ==>   2.99567439760672274E-005  2.55262296077550968E-006
 B after wg2 wg2 ==>  2.95083639962835194E-005  2.55262296077550968E-006
 LTM d(wg2)/d(wg2)   0.0000000000000000     
 B before wg2 wg2 ==>    0.0000000000000000        0.0000000000000000     
 Q value wg2 wg2 ==>   2.99567439760672274E-005  2.55262296077550968E-006
 B after wg2 wg2 ==>  2.95083639962835194E-005  2.55262296077550968E-006
 LTM d(wg2)/d(wg2)   0.0000000000000000     
 B before wg2 wg2 ==>    0.0000000000000000        0.0000000000000000     
 Q value wg2 wg2 ==>   2.99567439760672274E-005  2.55262296077550968E-006
 B after wg2 wg2 ==>  2.95083639962835194E-005  2.55262296077550968E-006
 LTM d(wg2)/d(wg2)   0.0000000000000000     
 B before wg2 wg2 ==>    0.0000000000000000        0.0000000000000000     
 Q value wg2 wg2 ==>   2.90936028119118281E-005  2.40764508324205215E-006
 B after wg2 wg2 ==>  2.78324173142219536E-005  2.40764508324205215E-006
 LTM d(wg2)/d(wg2)   0.0000000000000000     
 B before wg2 wg2 ==>    0.0000000000000000        0.0000000000000000     
 Q value wg2 wg2 ==>   2.94234733910165037E-005  2.46255157018128052E-006
 B after wg2 wg2 ==>  2.84671372189068613E-005  2.46255157018128052E-006
 LTM d(wg2)/d(wg2)   0.0000000000000000     
 B before wg2 wg2 ==>    0.0000000000000000        0.0000000000000000     
 Q value wg2 wg2 ==>   2.90936028119118281E-005  2.40764508324205215E-006
 B after wg2 wg2 ==>  2.78324173142219536E-005  2.40764508324205215E-006
 LTM d(wg2)/d(wg2)   0.0000000000000000     
 B before wg2 wg2 ==>    0.0000000000000000        0.0000000000000000     
 Q value wg2 wg2 ==>   3.01212029042410758E-005  2.58072708095562267E-006
 B after wg2 wg2 ==>  2.98332480942539119E-005  2.58072708095562267E-006
 LTM d(wg2)/d(wg2)   0.0000000000000000     
 B before wg2 wg2 ==>    0.0000000000000000        0.0000000000000000     
 Q value wg2 wg2 ==>   3.01212029042410758E-005  2.58072708095562267E-006
 B after wg2 wg2 ==>  2.98332480942539119E-005  2.58072708095562267E-006
 LTM d(wg2)/d(wg2)   0.0000000000000000     
 B before wg2 wg2 ==>    0.0000000000000000        0.0000000000000000     
 Q value wg2 wg2 ==>   3.01212029042410758E-005  2.58072708095562267E-006
 B after wg2 wg2 ==>  2.98332480942539119E-005  2.58072708095562267E-006
 LTM d(wg2)/d(wg2)   0.0000000000000000     
 B before wg2 wg2 ==>    0.0000000000000000        0.0000000000000000     
 Q value wg2 wg2 ==>   3.01212029042410758E-005  2.58072708095562267E-006
 B after wg2 wg2 ==>  2.98332480942539119E-005  2.58072708095562267E-006
 LTM d(wg2)/d(wg2)   0.0000000000000000     
 B before wg2 wg2 ==>    0.0000000000000000        0.0000000000000000     
 Q value wg2 wg2 ==>   3.01212029042410758E-005  2.58072708095562267E-006
 B after wg2 wg2 ==>  2.98332480942539119E-005  2.58072708095562267E-006
 LTM d(wg2)/d(wg2)   0.0000000000000000     
 B before wg2 wg2 ==>    0.0000000000000000        0.0000000000000000     
 Q value wg2 wg2 ==>   3.01212029042410758E-005  2.58072708095562267E-006
 B after wg2 wg2 ==>  2.98332480942539119E-005  2.58072708095562267E-006
 LTM d(wg2)/d(wg2)   0.0000000000000000     
 B before wg2 wg2 ==>    0.0000000000000000        0.0000000000000000     
 Q value wg2 wg2 ==>   2.95382902469546181E-005  2.48180790247348398E-006
 B after wg2 wg2 ==>  2.86897407413397629E-005  2.48180790247348398E-006
 LTM d(wg2)/d(wg2)   0.0000000000000000     
 B before wg2 wg2 ==>    0.0000000000000000        0.0000000000000000     
 Q value wg2 wg2 ==>   2.90936028119118349E-005  2.40764508324205300E-006
 B after wg2 wg2 ==>  2.78324173142219637E-005  2.40764508324205300E-006
 LTM d(wg2)/d(wg2)   0.0000000000000000     
 B before wg2 wg2 ==>    0.0000000000000000        0.0000000000000000     
 Q value wg2 wg2 ==>   2.90936028119118281E-005  2.40764508324205215E-006
 B after wg2 wg2 ==>  2.78324173142219536E-005  2.40764508324205215E-006
 LTM d(wg2)/d(wg2)   0.0000000000000000     
 B before wg2 wg2 ==>    0.0000000000000000        0.0000000000000000     
 Q value wg2 wg2 ==>   3.01212029042410860E-005  2.58072708095562437E-006
 B after wg2 wg2 ==>  2.98332480942539323E-005  2.58072708095562437E-006
 LTM d(wg2)/d(wg2)   0.0000000000000000     
 B before wg2 wg2 ==>    0.0000000000000000        0.0000000000000000     
 Q value wg2 wg2 ==>   3.03331771947047056E-005  2.61717799459656162E-006
 B after wg2 wg2 ==>  3.02546212638297066E-005  2.61717799459656162E-006
 LTM d(wg2)/d(wg2)   0.0000000000000000     
 B before wg2 wg2 ==>    0.0000000000000000        0.0000000000000000     
 Q value wg2 wg2 ==>   3.01212029042410758E-005  2.58072708095562267E-006
 B after wg2 wg2 ==>  2.98332480942539119E-005  2.58072708095562267E-006
 LTM d(wg2)/d(wg2)   0.0000000000000000     
 B before wg2 wg2 ==>    0.0000000000000000        0.0000000000000000     
 Q value wg2 wg2 ==>   3.01212029042410758E-005  2.58072708095562267E-006
 B after wg2 wg2 ==>  2.98332480942539119E-005  2.58072708095562267E-006
 LTM d(wg2)/d(wg2)   0.0000000000000000     
 B before wg2 wg2 ==>    0.0000000000000000        0.0000000000000000     
 Q value wg2 wg2 ==>   3.01212029042410758E-005  2.58072708095562267E-006
 B after wg2 wg2 ==>  2.98332480942539119E-005  2.58072708095562267E-006
 LTM d(wg2)/d(wg2)   0.0000000000000000     
 B before wg2 wg2 ==>    0.0000000000000000        0.0000000000000000     
 Q value wg2 wg2 ==>   3.01212029042410758E-005  2.58072708095562267E-006
 B after wg2 wg2 ==>  2.98332480942539119E-005  2.58072708095562267E-006
 LTM d(wg2)/d(wg2)   0.0000000000000000     
 B before wg2 wg2 ==>    0.0000000000000000        0.0000000000000000     
 Q value wg2 wg2 ==>   2.99489646662547768E-005  2.55129737836253058E-006
 B after wg2 wg2 ==>  2.94930402414829368E-005  2.55129737836253058E-006
 LTM d(wg2)/d(wg2)   0.0000000000000000     
 B before wg2 wg2 ==>    0.0000000000000000        0.0000000000000000     
 Q value wg2 wg2 ==>   2.93454751906339267E-005  2.44951300028902770E-006
 B after wg2 wg2 ==>  2.83164111335101011E-005  2.44951300028902770E-006
 LTM d(wg2)/d(wg2)   0.0000000000000000     
 B before wg2 wg2 ==>    0.0000000000000000        0.0000000000000000     
 Q value wg2 wg2 ==>   2.93454751906339301E-005  2.44951300028902855E-006
 B after wg2 wg2 ==>  2.83164111335101113E-005  2.44951300028902855E-006
 LTM d(wg2)/d(wg2)   0.0000000000000000     
 B before wg2 wg2 ==>    0.0000000000000000        0.0000000000000000     
 Q value wg2 wg2 ==>   3.07286077929626550E-005  2.68585909160881841E-006
 B after wg2 wg2 ==>  3.10485758906759720E-005  2.68585909160881841E-006
 LTM d(wg2)/d(wg2)   0.0000000000000000     
 B before wg2 wg2 ==>    0.0000000000000000        0.0000000000000000     
 Q value wg2 wg2 ==>   2.99567440448829352E-005  2.55262297250312341E-006
 B after wg2 wg2 ==>  2.95083641318549271E-005  2.55262297250312341E-006
 LTM d(wg2)/d(wg2)   0.0000000000000000     
 B before wg2 wg2 ==>    0.0000000000000000        0.0000000000000000     
 Q value wg2 wg2 ==>   3.07286077929626550E-005  2.68585909160881841E-006
 B after wg2 wg2 ==>  3.10485758906759720E-005  2.68585909160881841E-006
 LTM d(wg2)/d(wg2)   0.0000000000000000     
 B before wg2 wg2 ==>    0.0000000000000000        0.0000000000000000     
 Q value wg2 wg2 ==>   3.07286077929626550E-005  2.68585909160881841E-006
 B after wg2 wg2 ==>  3.10485758906759720E-005  2.68585909160881841E-006
 LTM d(wg2)/d(wg2)   0.0000000000000000     
 B before wg2 wg2 ==>    0.0000000000000000        0.0000000000000000     
 Q value wg2 wg2 ==>   3.07286077929626550E-005  2.68585909160881841E-006
 B after wg2 wg2 ==>  3.10485758906759720E-005  2.68585909160881841E-006
 LTM d(wg2)/d(wg2)   0.0000000000000000     
 B before wg2 wg2 ==>    0.0000000000000000        0.0000000000000000     
 Q value wg2 wg2 ==>   2.90936028119118281E-005  2.40764508324205215E-006
 B after wg2 wg2 ==>  2.78324173142219536E-005  2.40764508324205215E-006
 LTM d(wg2)/d(wg2)   0.0000000000000000     
 B before wg2 wg2 ==>    0.0000000000000000        0.0000000000000000     
 Q value wg2 wg2 ==>   2.90936028119118281E-005  2.40764508324205215E-006
 B after wg2 wg2 ==>  2.78324173142219536E-005  2.40764508324205215E-006
 LTM d(wg2)/d(wg2)   0.0000000000000000     
 B before wg2 wg2 ==>    0.0000000000000000        0.0000000000000000     
 Q value wg2 wg2 ==>   3.01212029042410758E-005  2.58072708095562267E-006
 B after wg2 wg2 ==>  2.98332480942539119E-005  2.58072708095562267E-006
 LTM d(wg2)/d(wg2)   0.0000000000000000     
 B before wg2 wg2 ==>    0.0000000000000000        0.0000000000000000     
 Q value wg2 wg2 ==>   3.07286077929626550E-005  2.68585909160881841E-006
 B after wg2 wg2 ==>  3.10485758906759720E-005  2.68585909160881841E-006
 LTM d(wg2)/d(wg2)   0.0000000000000000     
 B before wg2 wg2 ==>    0.0000000000000000        0.0000000000000000     
 Q value wg2 wg2 ==>   3.07286077929626550E-005  2.68585909160881841E-006
 B after wg2 wg2 ==>  3.10485758906759720E-005  2.68585909160881841E-006
 LTM d(wg2)/d(wg2)   0.0000000000000000     
 B before wg2 wg2 ==>    0.0000000000000000        0.0000000000000000     
 Q value wg2 wg2 ==>   3.07286077929626550E-005  2.68585909160881841E-006
 B after wg2 wg2 ==>  3.10485758906759720E-005  2.68585909160881841E-006
 LTM d(wg2)/d(wg2)   0.0000000000000000     
 B before wg2 wg2 ==>    0.0000000000000000        0.0000000000000000     
 Q value wg2 wg2 ==>   2.99567439760672274E-005  2.55262296077550968E-006
 B after wg2 wg2 ==>  2.95083639962835194E-005  2.55262296077550968E-006
 LTM d(wg2)/d(wg2)   0.0000000000000000     
 B before wg2 wg2 ==>    0.0000000000000000        0.0000000000000000     
 Q value wg2 wg2 ==>   2.99567439760672274E-005  2.55262296077550968E-006
 B after wg2 wg2 ==>  2.95083639962835194E-005  2.55262296077550968E-006
 LTM d(wg2)/d(wg2)   0.0000000000000000     
 B before wg2 wg2 ==>    0.0000000000000000        0.0000000000000000     
 Q value wg2 wg2 ==>   2.99567439760672274E-005  2.55262296077550968E-006
 B after wg2 wg2 ==>  2.95083639962835194E-005  2.55262296077550968E-006
 LTM d(wg2)/d(wg2)   0.0000000000000000     
 B before wg2 wg2 ==>    0.0000000000000000        0.0000000000000000     
 Q value wg2 wg2 ==>   2.90936028119118281E-005  2.40764508324205215E-006
 B after wg2 wg2 ==>  2.78324173142219536E-005  2.40764508324205215E-006
 LTM d(wg2)/d(wg2)   0.0000000000000000     
 B before wg2 wg2 ==>    0.0000000000000000        0.0000000000000000     
 Q value wg2 wg2 ==>   2.90936028119118281E-005  2.40764508324205215E-006
 B after wg2 wg2 ==>  2.78324173142219536E-005  2.40764508324205215E-006
 LTM d(wg2)/d(wg2)   0.0000000000000000     
 B before wg2 wg2 ==>    0.0000000000000000        0.0000000000000000     
 Q value wg2 wg2 ==>   2.90936028119118281E-005  2.40764508324205215E-006
 B after wg2 wg2 ==>  2.78324173142219536E-005  2.40764508324205215E-006
 LTM d(wg2)/d(wg2)   0.0000000000000000     
 B before wg2 wg2 ==>    0.0000000000000000        0.0000000000000000     
 Q value wg2 wg2 ==>   2.90936028119118281E-005  2.40764508324205215E-006
 B after wg2 wg2 ==>  2.78324173142219536E-005  2.40764508324205215E-006
 LTM d(wg2)/d(wg2)   0.0000000000000000     
 B before wg2 wg2 ==>    0.0000000000000000        0.0000000000000000     
 Q value wg2 wg2 ==>   2.90936028119118281E-005  2.40764508324205215E-006
 B after wg2 wg2 ==>  2.78324173142219536E-005  2.40764508324205215E-006
 LTM d(wg2)/d(wg2)   0.0000000000000000     
 B before wg2 wg2 ==>    0.0000000000000000        0.0000000000000000     
 Q value wg2 wg2 ==>   3.01212029042410758E-005  2.58072708095562267E-006
 B after wg2 wg2 ==>  2.98332480942539119E-005  2.58072708095562267E-006
 LTM d(wg2)/d(wg2)   0.0000000000000000     
 B before wg2 wg2 ==>    0.0000000000000000        0.0000000000000000     
 Q value wg2 wg2 ==>   3.01212029042410758E-005  2.58072708095562267E-006
 B after wg2 wg2 ==>  2.98332480942539119E-005  2.58072708095562267E-006
 LTM d(wg2)/d(wg2)   0.0000000000000000     
 B before wg2 wg2 ==>    0.0000000000000000        0.0000000000000000     
 Q value wg2 wg2 ==>   3.01212029042410758E-005  2.58072708095562267E-006
 B after wg2 wg2 ==>  2.98332480942539119E-005  2.58072708095562267E-006
 LTM d(wg2)/d(wg2)   0.0000000000000000     
 B before wg2 wg2 ==>    0.0000000000000000        0.0000000000000000     
 Q value wg2 wg2 ==>   3.01212029042410758E-005  2.58072708095562267E-006
 B after wg2 wg2 ==>  2.98332480942539119E-005  2.58072708095562267E-006
 LTM d(wg2)/d(wg2)   0.0000000000000000     
 B before wg2 wg2 ==>    0.0000000000000000        0.0000000000000000     
 Q value wg2 wg2 ==>   3.01212029042410758E-005  2.58072708095562267E-006
 B after wg2 wg2 ==>  2.98332480942539119E-005  2.58072708095562267E-006
 LTM d(wg2)/d(wg2)   0.0000000000000000     
 B before wg2 wg2 ==>    0.0000000000000000        0.0000000000000000     
 Q value wg2 wg2 ==>   2.94987045927177222E-005  2.47516038442218865E-006
 B after wg2 wg2 ==>  2.86128953218071067E-005  2.47516038442218865E-006
 LTM d(wg2)/d(wg2)   0.0000000000000000     
 B before wg2 wg2 ==>    0.0000000000000000        0.0000000000000000     
 Q value wg2 wg2 ==>   2.90936028119118281E-005  2.40764508324205215E-006
 B after wg2 wg2 ==>  2.78324173142219536E-005  2.40764508324205215E-006
 LTM d(wg2)/d(wg2)   0.0000000000000000     
 B before wg2 wg2 ==>    0.0000000000000000        0.0000000000000000     
 Q value wg2 wg2 ==>   2.90936028119118281E-005  2.40764508324205215E-006
 B after wg2 wg2 ==>  2.78324173142219536E-005  2.40764508324205215E-006
 LTM d(wg2)/d(wg2)   0.0000000000000000     
 B before wg2 wg2 ==>    0.0000000000000000        0.0000000000000000     
 Q value wg2 wg2 ==>   2.90936028119118281E-005  2.40764508324205215E-006
 B after wg2 wg2 ==>  2.78324173142219536E-005  2.40764508324205215E-006
 LTM d(wg2)/d(wg2)   0.0000000000000000     
 B before wg2 wg2 ==>    0.0000000000000000        0.0000000000000000     
 Q value wg2 wg2 ==>   3.01212029042410758E-005  2.58072708095562267E-006
 B after wg2 wg2 ==>  2.98332480942539119E-005  2.58072708095562267E-006
 LTM d(wg2)/d(wg2)   0.0000000000000000     
 B before wg2 wg2 ==>    0.0000000000000000        0.0000000000000000     
 Q value wg2 wg2 ==>   3.01212029042410758E-005  2.58072708095562267E-006
 B after wg2 wg2 ==>  2.98332480942539119E-005  2.58072708095562267E-006
 LTM d(wg2)/d(wg2)   0.0000000000000000     
 B before wg2 wg2 ==>    0.0000000000000000        0.0000000000000000     
 Q value wg2 wg2 ==>   3.01212029042410758E-005  2.58072708095562267E-006
 B after wg2 wg2 ==>  2.98332480942539119E-005  2.58072708095562267E-006
 LTM d(wg2)/d(wg2)   0.0000000000000000     
 B before wg2 wg2 ==>    0.0000000000000000        0.0000000000000000     
 Q value wg2 wg2 ==>   3.01212029042410758E-005  2.58072708095562267E-006
 B after wg2 wg2 ==>  2.98332480942539119E-005  2.58072708095562267E-006
 LTM d(wg2)/d(wg2)   0.0000000000000000     
 B before wg2 wg2 ==>    0.0000000000000000        0.0000000000000000     
 Q value wg2 wg2 ==>   3.01212029042410758E-005  2.58072708095562267E-006
 B after wg2 wg2 ==>  2.98332480942539119E-005  2.58072708095562267E-006
 LTM d(wg2)/d(wg2)   0.0000000000000000     
 B before wg2 wg2 ==>    0.0000000000000000        0.0000000000000000     
 Q value wg2 wg2 ==>   2.93454751906339301E-005  2.44951300028902855E-006
 B after wg2 wg2 ==>  2.83164111335101113E-005  2.44951300028902855E-006
 LTM d(wg2)/d(wg2)   0.0000000000000000     
 B before wg2 wg2 ==>    0.0000000000000000        0.0000000000000000     
 Q value wg2 wg2 ==>   2.93454751906339267E-005  2.44951300028902770E-006
 B after wg2 wg2 ==>  2.83164111335101011E-005  2.44951300028902770E-006
 LTM d(wg2)/d(wg2)   0.0000000000000000     
 B before wg2 wg2 ==>    0.0000000000000000        0.0000000000000000     
 Q value wg2 wg2 ==>   2.93454751906339267E-005  2.44951300028902770E-006
 B after wg2 wg2 ==>  2.83164111335101011E-005  2.44951300028902770E-006
 LTM d(wg2)/d(wg2)   0.0000000000000000     
 B before wg2 wg2 ==>    0.0000000000000000        0.0000000000000000     
 Q value wg2 wg2 ==>   2.93454751906339301E-005  2.44951300028902855E-006
 B after wg2 wg2 ==>  2.83164111335101113E-005  2.44951300028902855E-006
 LTM d(wg2)/d(wg2)   0.0000000000000000     
 B before wg2 wg2 ==>    0.0000000000000000        0.0000000000000000     
 Q value wg2 wg2 ==>   2.93454751906339301E-005  2.44951300028902855E-006
 B after wg2 wg2 ==>  2.83164111335101113E-005  2.44951300028902855E-006
 LTM d(wg2)/d(wg2)   0.0000000000000000     
 B before wg2 wg2 ==>    0.0000000000000000        0.0000000000000000     
 Q value wg2 wg2 ==>   3.01972330212823327E-005  2.59377175364728646E-006
 B after wg2 wg2 ==>  2.99840447281136380E-005  2.59377175364728646E-006
 LTM d(wg2)/d(wg2)   0.0000000000000000     
 B before wg2 wg2 ==>    0.0000000000000000        0.0000000000000000     
 Q value wg2 wg2 ==>   3.07286077929626550E-005  2.68585909160881841E-006
 B after wg2 wg2 ==>  3.10485758906759720E-005  2.68585909160881841E-006
 LTM d(wg2)/d(wg2)   0.0000000000000000     
 B before wg2 wg2 ==>    0.0000000000000000        0.0000000000000000     
 Q value wg2 wg2 ==>   3.07286077929626550E-005  2.68585909160881841E-006
 B after wg2 wg2 ==>  3.10485758906759720E-005  2.68585909160881841E-006
 LTM d(wg2)/d(wg2)   0.0000000000000000     
 B before wg2 wg2 ==>    0.0000000000000000        0.0000000000000000     
 Q value wg2 wg2 ==>   2.90936028119118281E-005  2.40764508324205215E-006
 B after wg2 wg2 ==>  2.78324173142219536E-005  2.40764508324205215E-006
 LTM d(wg2)/d(wg2)   0.0000000000000000     
 B before wg2 wg2 ==>    0.0000000000000000        0.0000000000000000     
 Q value wg2 wg2 ==>   3.03599869147065250E-005  2.62180637997838615E-006
 B after wg2 wg2 ==>  3.03081254760305009E-005  2.62180637997838615E-006
 LTM d(wg2)/d(wg2)   0.0000000000000000     
 B before wg2 wg2 ==>    0.0000000000000000        0.0000000000000000     
 Q value wg2 wg2 ==>   3.07286077929626550E-005  2.68585909160881841E-006
 B after wg2 wg2 ==>  3.10485758906759720E-005  2.68585909160881841E-006
 LTM d(wg2)/d(wg2)   0.0000000000000000     
 B before wg2 wg2 ==>    0.0000000000000000        0.0000000000000000     
 Q value wg2 wg2 ==>   3.07286077929626550E-005  2.68585909160881841E-006
 B after wg2 wg2 ==>  3.10485758906759720E-005  2.68585909160881841E-006
 LTM d(wg2)/d(wg2)   0.0000000000000000     
 B before wg2 wg2 ==>    0.0000000000000000        0.0000000000000000     
 Q value wg2 wg2 ==>   3.07286077929626550E-005  2.68585909160881841E-006
 B after wg2 wg2 ==>  3.10485758906759720E-005  2.68585909160881841E-006
 LTM d(wg2)/d(wg2)   0.0000000000000000     
 B before wg2 wg2 ==>    0.0000000000000000        0.0000000000000000     
 Q value wg2 wg2 ==>   2.99567439760672274E-005  2.55262296077550968E-006
 B after wg2 wg2 ==>  2.95083639962835194E-005  2.55262296077550968E-006
 LTM d(wg2)/d(wg2)   0.0000000000000000     
 B before wg2 wg2 ==>    0.0000000000000000        0.0000000000000000     
 Q value wg2 wg2 ==>   2.99567439760672274E-005  2.55262296077550968E-006
 B after wg2 wg2 ==>  2.95083639962835194E-005  2.55262296077550968E-006
 LTM d(wg2)/d(wg2)   0.0000000000000000     
 B before wg2 wg2 ==>    0.0000000000000000        0.0000000000000000     
 Q value wg2 wg2 ==>   2.90936028119118281E-005  2.40764508324205215E-006
 B after wg2 wg2 ==>  2.78324173142219536E-005  2.40764508324205215E-006
 LTM d(wg2)/d(wg2)   0.0000000000000000     
 B before wg2 wg2 ==>    0.0000000000000000        0.0000000000000000     
 Q value wg2 wg2 ==>   2.90936028119118281E-005  2.40764508324205215E-006
 B after wg2 wg2 ==>  2.78324173142219536E-005  2.40764508324205215E-006
 LTM d(wg2)/d(wg2)   0.0000000000000000     
 B before wg2 wg2 ==>    0.0000000000000000        0.0000000000000000     
 Q value wg2 wg2 ==>   2.90936028119118281E-005  2.40764508324205215E-006
 B after wg2 wg2 ==>  2.78324173142219536E-005  2.40764508324205215E-006
 LTM d(wg2)/d(wg2)   0.0000000000000000     
 B before wg2 wg2 ==>    0.0000000000000000        0.0000000000000000     
 Q value wg2 wg2 ==>   2.90936028119118281E-005  2.40764508324205215E-006
 B after wg2 wg2 ==>  2.78324173142219536E-005  2.40764508324205215E-006
 LTM d(wg2)/d(wg2)   0.0000000000000000     
 B before wg2 wg2 ==>    0.0000000000000000        0.0000000000000000     
 Q value wg2 wg2 ==>   2.90936028119118281E-005  2.40764508324205215E-006
 B after wg2 wg2 ==>  2.78324173142219536E-005  2.40764508324205215E-006
 LTM d(wg2)/d(wg2)   0.0000000000000000     
 B before wg2 wg2 ==>    0.0000000000000000        0.0000000000000000     
 Q value wg2 wg2 ==>   2.96754184767961874E-005  2.50490442459868871E-006
 B after wg2 wg2 ==>  2.89567369222844404E-005  2.50490442459868871E-006
 LTM d(wg2)/d(wg2)   0.0000000000000000     
 B before wg2 wg2 ==>    0.0000000000000000        0.0000000000000000     
 Q value wg2 wg2 ==>   3.01212029042410758E-005  2.58072708095562267E-006
 B after wg2 wg2 ==>  2.98332480942539119E-005  2.58072708095562267E-006
 LTM d(wg2)/d(wg2)   0.0000000000000000     
 B before wg2 wg2 ==>    0.0000000000000000        0.0000000000000000     
 Q value wg2 wg2 ==>   3.01212029042410758E-005  2.58072708095562267E-006
 B after wg2 wg2 ==>  2.98332480942539119E-005  2.58072708095562267E-006
 LTM d(wg2)/d(wg2)   0.0000000000000000     
 B before wg2 wg2 ==>    0.0000000000000000        0.0000000000000000     
 Q value wg2 wg2 ==>   3.01212029042410758E-005  2.58072708095562267E-006
 B after wg2 wg2 ==>  2.98332480942539119E-005  2.58072708095562267E-006
 LTM d(wg2)/d(wg2)   0.0000000000000000     
 B before wg2 wg2 ==>    0.0000000000000000        0.0000000000000000     
 Q value wg2 wg2 ==>   3.01212029042410758E-005  2.58072708095562267E-006
 B after wg2 wg2 ==>  2.98332480942539119E-005  2.58072708095562267E-006
 LTM d(wg2)/d(wg2)   0.0000000000000000     
 B before wg2 wg2 ==>    0.0000000000000000        0.0000000000000000     
 Q value wg2 wg2 ==>   3.01212029042410758E-005  2.58072708095562267E-006
 B after wg2 wg2 ==>  2.98332480942539119E-005  2.58072708095562267E-006
 LTM d(wg2)/d(wg2)   0.0000000000000000     
 B before wg2 wg2 ==>    0.0000000000000000        0.0000000000000000     
 Q value wg2 wg2 ==>   2.96754184767961874E-005  2.50490442459868871E-006
 B after wg2 wg2 ==>  2.89567369222844404E-005  2.50490442459868871E-006
 LTM d(wg2)/d(wg2)   0.0000000000000000     
 B before wg2 wg2 ==>    0.0000000000000000        0.0000000000000000     
 Q value wg2 wg2 ==>   2.90936028119118281E-005  2.40764508324205215E-006
 B after wg2 wg2 ==>  2.78324173142219536E-005  2.40764508324205215E-006
 LTM d(wg2)/d(wg2)   0.0000000000000000     
 B before wg2 wg2 ==>    0.0000000000000000        0.0000000000000000     
 Q value wg2 wg2 ==>   2.90936028119118281E-005  2.40764508324205215E-006
 B after wg2 wg2 ==>  2.78324173142219536E-005  2.40764508324205215E-006
 LTM d(wg2)/d(wg2)   0.0000000000000000     
 B before wg2 wg2 ==>    0.0000000000000000        0.0000000000000000     
 Q value wg2 wg2 ==>   2.90936028119118349E-005  2.40764508324205300E-006
 B after wg2 wg2 ==>  2.78324173142219637E-005  2.40764508324205300E-006
 LTM d(wg2)/d(wg2)   0.0000000000000000     
 B before wg2 wg2 ==>    0.0000000000000000        0.0000000000000000     
 Q value wg2 wg2 ==>   2.90936028119118281E-005  2.40764508324205215E-006
 B after wg2 wg2 ==>  2.78324173142219536E-005  2.40764508324205215E-006
 LTM d(wg2)/d(wg2)   0.0000000000000000     
 B before wg2 wg2 ==>    0.0000000000000000        0.0000000000000000     
 Q value wg2 wg2 ==>   3.01212029042410860E-005  2.58072708095562437E-006
 B after wg2 wg2 ==>  2.98332480942539323E-005  2.58072708095562437E-006
 LTM d(wg2)/d(wg2)   0.0000000000000000     
 B before wg2 wg2 ==>    0.0000000000000000        0.0000000000000000     
 Q value wg2 wg2 ==>   3.01212029042410758E-005  2.58072708095562267E-006
 B after wg2 wg2 ==>  2.98332480942539119E-005  2.58072708095562267E-006
 LTM d(wg2)/d(wg2)   0.0000000000000000     
 B before wg2 wg2 ==>    0.0000000000000000        0.0000000000000000     
 Q value wg2 wg2 ==>   3.01212029042410758E-005  2.58072708095562267E-006
 B after wg2 wg2 ==>  2.98332480942539119E-005  2.58072708095562267E-006
 LTM d(wg2)/d(wg2)   0.0000000000000000     
 B before wg2 wg2 ==>    0.0000000000000000        0.0000000000000000     
 Q value wg2 wg2 ==>   3.01212029042410758E-005  2.58072708095562267E-006
 B after wg2 wg2 ==>  2.98332480942539119E-005  2.58072708095562267E-006
 LTM d(wg2)/d(wg2)   0.0000000000000000     
 B before wg2 wg2 ==>    0.0000000000000000        0.0000000000000000     
 Q value wg2 wg2 ==>   2.93454751906339471E-005  2.44951300028903109E-006
 B after wg2 wg2 ==>  2.83164111335101418E-005  2.44951300028903109E-006
 LTM d(wg2)/d(wg2)   0.0000000000000000     
 B before wg2 wg2 ==>    0.0000000000000000        0.0000000000000000     
 Q value wg2 wg2 ==>   2.93454751906339267E-005  2.44951300028902770E-006
 B after wg2 wg2 ==>  2.83164111335101011E-005  2.44951300028902770E-006
 LTM d(wg2)/d(wg2)   0.0000000000000000     
 B before wg2 wg2 ==>    0.0000000000000000        0.0000000000000000     
 Q value wg2 wg2 ==>   2.93454751906339267E-005  2.44951300028902770E-006
 B after wg2 wg2 ==>  2.83164111335101011E-005  2.44951300028902770E-006
 LTM d(wg2)/d(wg2)   0.0000000000000000     
 B before wg2 wg2 ==>    0.0000000000000000        0.0000000000000000     
 Q value wg2 wg2 ==>   2.93454751906339301E-005  2.44951300028902855E-006
 B after wg2 wg2 ==>  2.83164111335101113E-005  2.44951300028902855E-006
 LTM d(wg2)/d(wg2)   0.0000000000000000     
 B before wg2 wg2 ==>    0.0000000000000000        0.0000000000000000     
 Q value wg2 wg2 ==>   2.93454751906339301E-005  2.44951300028902855E-006
 B after wg2 wg2 ==>  2.83164111335101113E-005  2.44951300028902855E-006
 LTM d(wg2)/d(wg2)   0.0000000000000000     
 B before wg2 wg2 ==>    0.0000000000000000        0.0000000000000000     
 Q value wg2 wg2 ==>   2.93454751906339301E-005  2.44951300028902855E-006
 B after wg2 wg2 ==>  2.83164111335101113E-005  2.44951300028902855E-006
 LTM d(wg2)/d(wg2)   0.0000000000000000     
 B before wg2 wg2 ==>    0.0000000000000000        0.0000000000000000     
 Q value wg2 wg2 ==>   3.07286077929626550E-005  2.68585909160881841E-006
 B after wg2 wg2 ==>  3.10485758906759720E-005  2.68585909160881841E-006
 LTM d(wg2)/d(wg2)   0.0000000000000000     
 B before wg2 wg2 ==>    0.0000000000000000        0.0000000000000000     
 Q value wg2 wg2 ==>   3.07286077929626550E-005  2.68585909160881841E-006
 B after wg2 wg2 ==>  3.10485758906759720E-005  2.68585909160881841E-006
 LTM d(wg2)/d(wg2)   0.0000000000000000     
 B before wg2 wg2 ==>    0.0000000000000000        0.0000000000000000     
 Q value wg2 wg2 ==>   3.07286077929626550E-005  2.68585909160881841E-006
 B after wg2 wg2 ==>  3.10485758906759720E-005  2.68585909160881841E-006
 LTM d(wg2)/d(wg2)   0.0000000000000000     
 B before wg2 wg2 ==>    0.0000000000000000        0.0000000000000000     
 Q value wg2 wg2 ==>   3.07286077929626550E-005  2.68585909160881841E-006
 B after wg2 wg2 ==>  3.10485758906759720E-005  2.68585909160881841E-006
 LTM d(wg2)/d(wg2)   0.0000000000000000     
 B before wg2 wg2 ==>    0.0000000000000000        0.0000000000000000     
 Q value wg2 wg2 ==>   3.07286077929626550E-005  2.68585909160881841E-006
 B after wg2 wg2 ==>  3.10485758906759720E-005  2.68585909160881841E-006
 LTM d(wg2)/d(wg2)   0.0000000000000000     
 B before wg2 wg2 ==>    0.0000000000000000        0.0000000000000000     
 Q value wg2 wg2 ==>   3.07286077929626550E-005  2.68585909160881841E-006
 B after wg2 wg2 ==>  3.10485758906759720E-005  2.68585909160881841E-006
 LTM d(wg2)/d(wg2)   0.0000000000000000     
 B before wg2 wg2 ==>    0.0000000000000000        0.0000000000000000     
 Q value wg2 wg2 ==>   2.99567439760672274E-005  2.55262296077550968E-006
 B after wg2 wg2 ==>  2.95083639962835194E-005  2.55262296077550968E-006
 LTM d(wg2)/d(wg2)   0.0000000000000000     
 B before wg2 wg2 ==>    0.0000000000000000        0.0000000000000000     
 Q value wg2 wg2 ==>   2.90936028119118281E-005  2.40764508324205215E-006
 B after wg2 wg2 ==>  2.78324173142219536E-005  2.40764508324205215E-006
 LTM d(wg2)/d(wg2)   0.0000000000000000     
 B before wg2 wg2 ==>    0.0000000000000000        0.0000000000000000     
 Q value wg2 wg2 ==>   2.90936028119118281E-005  2.40764508324205215E-006
 B after wg2 wg2 ==>  2.78324173142219536E-005  2.40764508324205215E-006
 LTM d(wg2)/d(wg2)   0.0000000000000000     
 B before wg2 wg2 ==>    0.0000000000000000        0.0000000000000000     
 Q value wg2 wg2 ==>   2.90936028119118281E-005  2.40764508324205215E-006
 B after wg2 wg2 ==>  2.78324173142219536E-005  2.40764508324205215E-006
 LTM d(wg2)/d(wg2)   0.0000000000000000     
 B before wg2 wg2 ==>    0.0000000000000000        0.0000000000000000     
 Q value wg2 wg2 ==>   2.90936028119118281E-005  2.40764508324205215E-006
 B after wg2 wg2 ==>  2.78324173142219536E-005  2.40764508324205215E-006
 LTM d(wg2)/d(wg2)   0.0000000000000000     
 B before wg2 wg2 ==>    0.0000000000000000        0.0000000000000000     
 Q value wg2 wg2 ==>   2.90936028119118281E-005  2.40764508324205215E-006
 B after wg2 wg2 ==>  2.78324173142219536E-005  2.40764508324205215E-006
 LTM d(wg2)/d(wg2)   0.0000000000000000     
 B before wg2 wg2 ==>    0.0000000000000000        0.0000000000000000     
 Q value wg2 wg2 ==>   2.93454750959552436E-005  2.44951298448307019E-006
 B after wg2 wg2 ==>  2.83164109507929683E-005  2.44951298448307019E-006
 LTM d(wg2)/d(wg2)   0.0000000000000000     
 B before wg2 wg2 ==>    0.0000000000000000        0.0000000000000000     
 Q value wg2 wg2 ==>   3.01212029042410758E-005  2.58072708095562267E-006
 B after wg2 wg2 ==>  2.98332480942539119E-005  2.58072708095562267E-006
 LTM d(wg2)/d(wg2)   0.0000000000000000     
 B before wg2 wg2 ==>    0.0000000000000000        0.0000000000000000     
 Q value wg2 wg2 ==>   3.01212029042410758E-005  2.58072708095562267E-006
 B after wg2 wg2 ==>  2.98332480942539119E-005  2.58072708095562267E-006
 LTM d(wg2)/d(wg2)   0.0000000000000000     
 B before wg2 wg2 ==>    0.0000000000000000        0.0000000000000000     
 Q value wg2 wg2 ==>   3.01212029042410758E-005  2.58072708095562267E-006
 B after wg2 wg2 ==>  2.98332480942539119E-005  2.58072708095562267E-006
 LTM d(wg2)/d(wg2)   0.0000000000000000     
 B before wg2 wg2 ==>    0.0000000000000000        0.0000000000000000     
 Q value wg2 wg2 ==>   3.01212029042410758E-005  2.58072708095562267E-006
 B after wg2 wg2 ==>  2.98332480942539119E-005  2.58072708095562267E-006
 LTM d(wg2)/d(wg2)   0.0000000000000000     
 B before wg2 wg2 ==>    0.0000000000000000        0.0000000000000000     
 Q value wg2 wg2 ==>   3.01212029042410758E-005  2.58072708095562267E-006
 B after wg2 wg2 ==>  2.98332480942539119E-005  2.58072708095562267E-006
 LTM d(wg2)/d(wg2)   0.0000000000000000     
 B before wg2 wg2 ==>    0.0000000000000000        0.0000000000000000     
 Q value wg2 wg2 ==>   3.01212029042410758E-005  2.58072708095562267E-006
 B after wg2 wg2 ==>  2.98332480942539119E-005  2.58072708095562267E-006
 LTM d(wg2)/d(wg2)   0.0000000000000000     
 B before wg2 wg2 ==>    0.0000000000000000        0.0000000000000000     
 Q value wg2 wg2 ==>   2.96754184767961874E-005  2.50490442459868871E-006
 B after wg2 wg2 ==>  2.89567369222844404E-005  2.50490442459868871E-006
 LTM d(wg2)/d(wg2)   0.0000000000000000     
 B before wg2 wg2 ==>    0.0000000000000000        0.0000000000000000     
 Q value wg2 wg2 ==>   2.90936028119118281E-005  2.40764508324205215E-006
 B after wg2 wg2 ==>  2.78324173142219536E-005  2.40764508324205215E-006
 LTM d(wg2)/d(wg2)   0.0000000000000000     
 B before wg2 wg2 ==>    0.0000000000000000        0.0000000000000000     
 Q value wg2 wg2 ==>   2.90936028119118349E-005  2.40764508324205300E-006
 B after wg2 wg2 ==>  2.78324173142219637E-005  2.40764508324205300E-006
 LTM d(wg2)/d(wg2)   0.0000000000000000     
 B before wg2 wg2 ==>    0.0000000000000000        0.0000000000000000     
 Q value wg2 wg2 ==>   2.90936028119118281E-005  2.40764508324205215E-006
 B after wg2 wg2 ==>  2.78324173142219536E-005  2.40764508324205215E-006
 LTM d(wg2)/d(wg2)   0.0000000000000000     
 B before wg2 wg2 ==>    0.0000000000000000        0.0000000000000000     
 Q value wg2 wg2 ==>   2.90936028119118281E-005  2.40764508324205215E-006
 B after wg2 wg2 ==>  2.78324173142219536E-005  2.40764508324205215E-006
 LTM d(wg2)/d(wg2)   0.0000000000000000     
 B before wg2 wg2 ==>    0.0000000000000000        0.0000000000000000     
 Q value wg2 wg2 ==>   3.01212029042410758E-005  2.58072708095562267E-006
 B after wg2 wg2 ==>  2.98332480942539119E-005  2.58072708095562267E-006
 LTM d(wg2)/d(wg2)   0.0000000000000000     
 B before wg2 wg2 ==>    0.0000000000000000        0.0000000000000000     
 Q value wg2 wg2 ==>   3.01212029042410758E-005  2.58072708095562267E-006
 B after wg2 wg2 ==>  2.98332480942539119E-005  2.58072708095562267E-006
 LTM d(wg2)/d(wg2)   0.0000000000000000     
 B before wg2 wg2 ==>    0.0000000000000000        0.0000000000000000     
 Q value wg2 wg2 ==>   3.01212029042410758E-005  2.58072708095562267E-006
 B after wg2 wg2 ==>  2.98332480942539119E-005  2.58072708095562267E-006
 LTM d(wg2)/d(wg2)   0.0000000000000000     
 B before wg2 wg2 ==>    0.0000000000000000        0.0000000000000000     
 Q value wg2 wg2 ==>   2.96413213679464513E-005  2.49915145226774437E-006
 B after wg2 wg2 ==>  2.88902324661972484E-005  2.49915145226774437E-006
 LTM d(wg2)/d(wg2)   0.0000000000000000     
 B before wg2 wg2 ==>    0.0000000000000000        0.0000000000000000     
 Q value wg2 wg2 ==>   2.93454751906339301E-005  2.44951300028902855E-006
 B after wg2 wg2 ==>  2.83164111335101113E-005  2.44951300028902855E-006
 LTM d(wg2)/d(wg2)   0.0000000000000000     
 B before wg2 wg2 ==>    0.0000000000000000        0.0000000000000000     
 Q value wg2 wg2 ==>   2.93454751906339267E-005  2.44951300028902770E-006
 B after wg2 wg2 ==>  2.83164111335101011E-005  2.44951300028902770E-006
 LTM d(wg2)/d(wg2)   0.0000000000000000     
 B before wg2 wg2 ==>    0.0000000000000000        0.0000000000000000     
 Q value wg2 wg2 ==>   2.93454751906339301E-005  2.44951300028902855E-006
 B after wg2 wg2 ==>  2.83164111335101113E-005  2.44951300028902855E-006
 LTM d(wg2)/d(wg2)   0.0000000000000000     
 B before wg2 wg2 ==>    0.0000000000000000        0.0000000000000000     
 Q value wg2 wg2 ==>   2.93454751906339267E-005  2.44951300028902770E-006
 B after wg2 wg2 ==>  2.83164111335101011E-005  2.44951300028902770E-006
 LTM d(wg2)/d(wg2)   0.0000000000000000     
 B before wg2 wg2 ==>    0.0000000000000000        0.0000000000000000     
 Q value wg2 wg2 ==>   2.93454751906339301E-005  2.44951300028902855E-006
 B after wg2 wg2 ==>  2.83164111335101113E-005  2.44951300028902855E-006
 LTM d(wg2)/d(wg2)   0.0000000000000000     
 B before wg2 wg2 ==>    0.0000000000000000        0.0000000000000000     
 Q value wg2 wg2 ==>   2.93454751906339267E-005  2.44951300028902770E-006
 B after wg2 wg2 ==>  2.83164111335101011E-005  2.44951300028902770E-006
 LTM d(wg2)/d(wg2)   0.0000000000000000     
 B before wg2 wg2 ==>    0.0000000000000000        0.0000000000000000     
 Q value wg2 wg2 ==>   2.99567440448829352E-005  2.55262297250312341E-006
 B after wg2 wg2 ==>  2.95083641318549271E-005  2.55262297250312341E-006
 LTM d(wg2)/d(wg2)   0.0000000000000000     
 B before wg2 wg2 ==>    0.0000000000000000        0.0000000000000000     
 Q value wg2 wg2 ==>   3.07286077929626550E-005  2.68585909160881841E-006
 B after wg2 wg2 ==>  3.10485758906759720E-005  2.68585909160881841E-006
 LTM d(wg2)/d(wg2)   0.0000000000000000     
 B before wg2 wg2 ==>    0.0000000000000000        0.0000000000000000     
 Q value wg2 wg2 ==>   3.07286077929626550E-005  2.68585909160881841E-006
 B after wg2 wg2 ==>  3.10485758906759720E-005  2.68585909160881841E-006
 LTM d(wg2)/d(wg2)   0.0000000000000000     
 B before wg2 wg2 ==>    0.0000000000000000        0.0000000000000000     
 Q value wg2 wg2 ==>   3.07286077929626550E-005  2.68585909160881841E-006
 B after wg2 wg2 ==>  3.10485758906759720E-005  2.68585909160881841E-006
 LTM d(wg2)/d(wg2)   0.0000000000000000     
 B before wg2 wg2 ==>    0.0000000000000000        0.0000000000000000     
 Q value wg2 wg2 ==>   3.07286077929626550E-005  2.68585909160881841E-006
 B after wg2 wg2 ==>  3.10485758906759720E-005  2.68585909160881841E-006
 LTM d(wg2)/d(wg2)   0.0000000000000000     
 B before wg2 wg2 ==>    0.0000000000000000        0.0000000000000000     
 Q value wg2 wg2 ==>   3.04482127782057813E-005  2.63706641461160951E-006
 B after wg2 wg2 ==>  3.04845317308799230E-005  2.63706641461160951E-006
 LTM d(wg2)/d(wg2)   0.0000000000000000     
 B before wg2 wg2 ==>    0.0000000000000000        0.0000000000000000     
 Q value wg2 wg2 ==>   2.99567439760672274E-005  2.55262296077550968E-006
 B after wg2 wg2 ==>  2.95083639962835194E-005  2.55262296077550968E-006
 LTM d(wg2)/d(wg2)   0.0000000000000000     
 B before wg2 wg2 ==>    0.0000000000000000        0.0000000000000000     
 Q value wg2 wg2 ==>   2.90936028119118281E-005  2.40764508324205215E-006
 B after wg2 wg2 ==>  2.78324173142219536E-005  2.40764508324205215E-006
 LTM d(wg2)/d(wg2)   0.0000000000000000     
 B before wg2 wg2 ==>    0.0000000000000000        0.0000000000000000     
 Q value wg2 wg2 ==>   2.90936028119118281E-005  2.40764508324205215E-006
 B after wg2 wg2 ==>  2.78324173142219536E-005  2.40764508324205215E-006
 LTM d(wg2)/d(wg2)   0.0000000000000000     
 B before wg2 wg2 ==>    0.0000000000000000        0.0000000000000000     
 Q value wg2 wg2 ==>   2.90936028119118281E-005  2.40764508324205215E-006
 B after wg2 wg2 ==>  2.78324173142219536E-005  2.40764508324205215E-006
 LTM d(wg2)/d(wg2)   0.0000000000000000     
 B before wg2 wg2 ==>    0.0000000000000000        0.0000000000000000     
 Q value wg2 wg2 ==>   2.90936028119118281E-005  2.40764508324205215E-006
 B after wg2 wg2 ==>  2.78324173142219536E-005  2.40764508324205215E-006
 LTM d(wg2)/d(wg2)   0.0000000000000000     
 B before wg2 wg2 ==>    0.0000000000000000        0.0000000000000000     
 Q value wg2 wg2 ==>   2.92850866436060285E-005  2.43944191921354549E-006
 B after wg2 wg2 ==>  2.81999892683235859E-005  2.43944191921354549E-006
 LTM d(wg2)/d(wg2)   0.0000000000000000     
 B before wg2 wg2 ==>    0.0000000000000000        0.0000000000000000     
 Q value wg2 wg2 ==>   2.95712842777049175E-005  2.48735531756896147E-006
 B after wg2 wg2 ==>  2.87538689523569085E-005  2.48735531756896147E-006
 LTM d(wg2)/d(wg2)   0.0000000000000000     
 B before wg2 wg2 ==>    0.0000000000000000        0.0000000000000000     
 Q value wg2 wg2 ==>   3.01212029042410758E-005  2.58072708095562267E-006
 B after wg2 wg2 ==>  2.98332480942539119E-005  2.58072708095562267E-006
 LTM d(wg2)/d(wg2)   0.0000000000000000     
 B before wg2 wg2 ==>    0.0000000000000000        0.0000000000000000     
 Q value wg2 wg2 ==>   3.01212029042410758E-005  2.58072708095562267E-006
 B after wg2 wg2 ==>  2.98332480942539119E-005  2.58072708095562267E-006
 LTM d(wg2)/d(wg2)   0.0000000000000000     
 B before wg2 wg2 ==>    0.0000000000000000        0.0000000000000000     
 Q value wg2 wg2 ==>   3.01212029042410758E-005  2.58072708095562267E-006
 B after wg2 wg2 ==>  2.98332480942539119E-005  2.58072708095562267E-006
 LTM d(wg2)/d(wg2)   0.0000000000000000     
 B before wg2 wg2 ==>    0.0000000000000000        0.0000000000000000     
 Q value wg2 wg2 ==>   3.01212029042410758E-005  2.58072708095562267E-006
 B after wg2 wg2 ==>  2.98332480942539119E-005  2.58072708095562267E-006
 LTM d(wg2)/d(wg2)   0.0000000000000000     
 B before wg2 wg2 ==>    0.0000000000000000        0.0000000000000000     
 Q value wg2 wg2 ==>   3.01212029042410758E-005  2.58072708095562267E-006
 B after wg2 wg2 ==>  2.98332480942539119E-005  2.58072708095562267E-006
 LTM d(wg2)/d(wg2)   0.0000000000000000     
 B before wg2 wg2 ==>    0.0000000000000000        0.0000000000000000     
 Q value wg2 wg2 ==>   2.96754184767961874E-005  2.50490442459868871E-006
 B after wg2 wg2 ==>  2.89567369222844404E-005  2.50490442459868871E-006
 LTM d(wg2)/d(wg2)   0.0000000000000000     
 B before wg2 wg2 ==>    0.0000000000000000        0.0000000000000000     
 Q value wg2 wg2 ==>   2.94042379355188607E-005  2.45933285992848086E-006
 B after wg2 wg2 ==>  2.84299288747065405E-005  2.45933285992848086E-006
 LTM d(wg2)/d(wg2)   0.0000000000000000     
 B before wg2 wg2 ==>    0.0000000000000000        0.0000000000000000     
 Q value wg2 wg2 ==>   2.90936028119118281E-005  2.40764508324205215E-006
 B after wg2 wg2 ==>  2.78324173142219536E-005  2.40764508324205215E-006
 LTM d(wg2)/d(wg2)   0.0000000000000000     
 B before wg2 wg2 ==>    0.0000000000000000        0.0000000000000000     
 Q value wg2 wg2 ==>   2.90936028119118281E-005  2.40764508324205215E-006
 B after wg2 wg2 ==>  2.78324173142219536E-005  2.40764508324205215E-006
 LTM d(wg2)/d(wg2)   0.0000000000000000     
 B before wg2 wg2 ==>    0.0000000000000000        0.0000000000000000     
 Q value wg2 wg2 ==>   2.90936028119118281E-005  2.40764508324205215E-006
 B after wg2 wg2 ==>  2.78324173142219536E-005  2.40764508324205215E-006
 LTM d(wg2)/d(wg2)   0.0000000000000000     
 B before wg2 wg2 ==>    0.0000000000000000        0.0000000000000000     
 Q value wg2 wg2 ==>   2.90936028119118349E-005  2.40764508324205300E-006
 B after wg2 wg2 ==>  2.78324173142219637E-005  2.40764508324205300E-006
 LTM d(wg2)/d(wg2)   0.0000000000000000     
 B before wg2 wg2 ==>    0.0000000000000000        0.0000000000000000     
 Q value wg2 wg2 ==>   2.90936028119118281E-005  2.40764508324205215E-006
 B after wg2 wg2 ==>  2.78324173142219536E-005  2.40764508324205215E-006
 LTM d(wg2)/d(wg2)   0.0000000000000000     
 B before wg2 wg2 ==>    0.0000000000000000        0.0000000000000000     
 Q value wg2 wg2 ==>   2.90936028119118281E-005  2.40764508324205215E-006
 B after wg2 wg2 ==>  2.78324173142219536E-005  2.40764508324205215E-006
 LTM d(wg2)/d(wg2)   0.0000000000000000     
 B before wg2 wg2 ==>    0.0000000000000000        0.0000000000000000     
 Q value wg2 wg2 ==>   2.98371687315400510E-005  2.53228554784538003E-006
 B after wg2 wg2 ==>  2.92732631636471671E-005  2.53228554784538003E-006
 LTM d(wg2)/d(wg2)   0.0000000000000000     
 B before wg2 wg2 ==>    0.0000000000000000        0.0000000000000000     
 Q value wg2 wg2 ==>   3.01212029042410758E-005  2.58072708095562267E-006
 B after wg2 wg2 ==>  2.98332480942539119E-005  2.58072708095562267E-006
 LTM d(wg2)/d(wg2)   0.0000000000000000     
 B before wg2 wg2 ==>    0.0000000000000000        0.0000000000000000     
 Q value wg2 wg2 ==>   3.01212029042410758E-005  2.58072708095562267E-006
 B after wg2 wg2 ==>  2.98332480942539119E-005  2.58072708095562267E-006
 LTM d(wg2)/d(wg2)   0.0000000000000000     
 B before wg2 wg2 ==>    0.0000000000000000        0.0000000000000000     
 Q value wg2 wg2 ==>   2.93454751906339301E-005  2.44951300028902855E-006
 B after wg2 wg2 ==>  2.83164111335101113E-005  2.44951300028902855E-006
 LTM d(wg2)/d(wg2)   0.0000000000000000     
 B before wg2 wg2 ==>    0.0000000000000000        0.0000000000000000     
 Q value wg2 wg2 ==>   2.93454751906339301E-005  2.44951300028902855E-006
 B after wg2 wg2 ==>  2.83164111335101113E-005  2.44951300028902855E-006
 LTM d(wg2)/d(wg2)   0.0000000000000000     
 B before wg2 wg2 ==>    0.0000000000000000        0.0000000000000000     
 Q value wg2 wg2 ==>   2.93454751906339301E-005  2.44951300028902855E-006
 B after wg2 wg2 ==>  2.83164111335101113E-005  2.44951300028902855E-006
 LTM d(wg2)/d(wg2)   0.0000000000000000     
 B before wg2 wg2 ==>    0.0000000000000000        0.0000000000000000     
 Q value wg2 wg2 ==>   2.93454751906339301E-005  2.44951300028902855E-006
 B after wg2 wg2 ==>  2.83164111335101113E-005  2.44951300028902855E-006
 LTM d(wg2)/d(wg2)   0.0000000000000000     
 B before wg2 wg2 ==>    0.0000000000000000        0.0000000000000000     
 Q value wg2 wg2 ==>   2.93454751906339267E-005  2.44951300028902770E-006
 B after wg2 wg2 ==>  2.83164111335101011E-005  2.44951300028902770E-006
 LTM d(wg2)/d(wg2)   0.0000000000000000     
 B before wg2 wg2 ==>    0.0000000000000000        0.0000000000000000     
 Q value wg2 wg2 ==>   2.93454751906339301E-005  2.44951300028902855E-006
 B after wg2 wg2 ==>  2.83164111335101113E-005  2.44951300028902855E-006
 LTM d(wg2)/d(wg2)   0.0000000000000000     
 B before wg2 wg2 ==>    0.0000000000000000        0.0000000000000000     
 Q value wg2 wg2 ==>   2.93454751906339267E-005  2.44951300028902770E-006
 B after wg2 wg2 ==>  2.83164111335101011E-005  2.44951300028902770E-006
 LTM d(wg2)/d(wg2)   0.0000000000000000     
 B before wg2 wg2 ==>    0.0000000000000000        0.0000000000000000     
 Q value wg2 wg2 ==>   2.93454751906339301E-005  2.44951300028902855E-006
 B after wg2 wg2 ==>  2.83164111335101113E-005  2.44951300028902855E-006
 LTM d(wg2)/d(wg2)   0.0000000000000000     
 B before wg2 wg2 ==>    0.0000000000000000        0.0000000000000000     
 Q value wg2 wg2 ==>   2.93454751906339267E-005  2.44951300028902770E-006
 B after wg2 wg2 ==>  2.83164111335101011E-005  2.44951300028902770E-006
 LTM d(wg2)/d(wg2)   0.0000000000000000     
 B before wg2 wg2 ==>    0.0000000000000000        0.0000000000000000     
 Q value wg2 wg2 ==>   2.93454751906339301E-005  2.44951300028902855E-006
 B after wg2 wg2 ==>  2.83164111335101113E-005  2.44951300028902855E-006
 LTM d(wg2)/d(wg2)   0.0000000000000000     
 B before wg2 wg2 ==>    0.0000000000000000        0.0000000000000000     
 Q value wg2 wg2 ==>   2.93454751906339301E-005  2.44951300028902855E-006
 B after wg2 wg2 ==>  2.83164111335101113E-005  2.44951300028902855E-006
 LTM d(wg2)/d(wg2)   0.0000000000000000     
 B before wg2 wg2 ==>    0.0000000000000000        0.0000000000000000     
 Q value wg2 wg2 ==>   2.93454751906339301E-005  2.44951300028902855E-006
 B after wg2 wg2 ==>  2.83164111335101113E-005  2.44951300028902855E-006
 LTM d(wg2)/d(wg2)   0.0000000000000000     
 B before wg2 wg2 ==>    0.0000000000000000        0.0000000000000000     
 Q value wg2 wg2 ==>   2.93454751906339267E-005  2.44951300028902770E-006
 B after wg2 wg2 ==>  2.83164111335101011E-005  2.44951300028902770E-006
 LTM d(wg2)/d(wg2)   0.0000000000000000     
 B before wg2 wg2 ==>    0.0000000000000000        0.0000000000000000     
 Q value wg2 wg2 ==>   2.99567439760672274E-005  2.55262296077550968E-006
 B after wg2 wg2 ==>  2.95083639962835194E-005  2.55262296077550968E-006
 LTM d(wg2)/d(wg2)   0.0000000000000000     
 B before wg2 wg2 ==>    0.0000000000000000        0.0000000000000000     
 Q value wg2 wg2 ==>   2.90936028119118281E-005  2.40764508324205215E-006
 B after wg2 wg2 ==>  2.78324173142219536E-005  2.40764508324205215E-006
 LTM d(wg2)/d(wg2)   0.0000000000000000     
 B before wg2 wg2 ==>    0.0000000000000000        0.0000000000000000     
 Q value wg2 wg2 ==>   2.90936028119118281E-005  2.40764508324205215E-006
 B after wg2 wg2 ==>  2.78324173142219536E-005  2.40764508324205215E-006
 LTM d(wg2)/d(wg2)   0.0000000000000000     
 B before wg2 wg2 ==>    0.0000000000000000        0.0000000000000000     
 Q value wg2 wg2 ==>   2.90936028119118281E-005  2.40764508324205215E-006
 B after wg2 wg2 ==>  2.78324173142219536E-005  2.40764508324205215E-006
 LTM d(wg2)/d(wg2)   0.0000000000000000     
 B before wg2 wg2 ==>    0.0000000000000000        0.0000000000000000     
 Q value wg2 wg2 ==>   2.94614274340215179E-005  2.46890867612477336E-006
 B after wg2 wg2 ==>  2.85406254696301611E-005  2.46890867612477336E-006
 LTM d(wg2)/d(wg2)   0.0000000000000000     
 B before wg2 wg2 ==>    0.0000000000000000        0.0000000000000000     
 Q value wg2 wg2 ==>   2.97741698954513687E-005  2.52160339331755398E-006
 B after wg2 wg2 ==>  2.91497772791607756E-005  2.52160339331755398E-006
 LTM d(wg2)/d(wg2)   0.0000000000000000     
 B before wg2 wg2 ==>    0.0000000000000000        0.0000000000000000     
 Q value wg2 wg2 ==>   2.97741698954513687E-005  2.52160339331755398E-006
 B after wg2 wg2 ==>  2.91497772791607756E-005  2.52160339331755398E-006
 LTM d(wg2)/d(wg2)   0.0000000000000000     
 B before wg2 wg2 ==>    0.0000000000000000        0.0000000000000000     
 Q value wg2 wg2 ==>   3.01212029042410758E-005  2.58072708095562267E-006
 B after wg2 wg2 ==>  2.98332480942539119E-005  2.58072708095562267E-006
 LTM d(wg2)/d(wg2)   0.0000000000000000     
 B before wg2 wg2 ==>    0.0000000000000000        0.0000000000000000     
 Q value wg2 wg2 ==>   3.01212029042410758E-005  2.58072708095562267E-006
 B after wg2 wg2 ==>  2.98332480942539119E-005  2.58072708095562267E-006
 LTM d(wg2)/d(wg2)   0.0000000000000000     
 B before wg2 wg2 ==>    0.0000000000000000        0.0000000000000000     
 Q value wg2 wg2 ==>   3.01212029042410758E-005  2.58072708095562267E-006
 B after wg2 wg2 ==>  2.98332480942539119E-005  2.58072708095562267E-006
 LTM d(wg2)/d(wg2)   0.0000000000000000     
 B before wg2 wg2 ==>    0.0000000000000000        0.0000000000000000     
 Q value wg2 wg2 ==>   2.98371687315400510E-005  2.53228554784538003E-006
 B after wg2 wg2 ==>  2.92732631636471671E-005  2.53228554784538003E-006
 LTM d(wg2)/d(wg2)   0.0000000000000000     
 B before wg2 wg2 ==>    0.0000000000000000        0.0000000000000000     
 Q value wg2 wg2 ==>   2.96754184767961874E-005  2.50490442459868871E-006
 B after wg2 wg2 ==>  2.89567369222844404E-005  2.50490442459868871E-006
 LTM d(wg2)/d(wg2)   0.0000000000000000     
 B before wg2 wg2 ==>    0.0000000000000000        0.0000000000000000     
 Q value wg2 wg2 ==>   2.90936028119118281E-005  2.40764508324205215E-006
 B after wg2 wg2 ==>  2.78324173142219536E-005  2.40764508324205215E-006
 LTM d(wg2)/d(wg2)   0.0000000000000000     
 B before wg2 wg2 ==>    0.0000000000000000        0.0000000000000000     
 Q value wg2 wg2 ==>   2.90936028119118281E-005  2.40764508324205215E-006
 B after wg2 wg2 ==>  2.78324173142219536E-005  2.40764508324205215E-006
 LTM d(wg2)/d(wg2)   0.0000000000000000     
 B before wg2 wg2 ==>    0.0000000000000000        0.0000000000000000     
 Q value wg2 wg2 ==>   2.90936028119118281E-005  2.40764508324205215E-006
 B after wg2 wg2 ==>  2.78324173142219536E-005  2.40764508324205215E-006
 LTM d(wg2)/d(wg2)   0.0000000000000000     
 B before wg2 wg2 ==>    0.0000000000000000        0.0000000000000000     
 Q value wg2 wg2 ==>   2.90936028119118281E-005  2.40764508324205215E-006
 B after wg2 wg2 ==>  2.78324173142219536E-005  2.40764508324205215E-006
 LTM d(wg2)/d(wg2)   0.0000000000000000     
 B before wg2 wg2 ==>    0.0000000000000000        0.0000000000000000     
 Q value wg2 wg2 ==>   2.90936028119118281E-005  2.40764508324205215E-006
 B after wg2 wg2 ==>  2.78324173142219536E-005  2.40764508324205215E-006
 LTM d(wg2)/d(wg2)   0.0000000000000000     
 B before wg2 wg2 ==>    0.0000000000000000        0.0000000000000000     
 Q value wg2 wg2 ==>   2.90936028119118281E-005  2.40764508324205215E-006
 B after wg2 wg2 ==>  2.78324173142219536E-005  2.40764508324205215E-006
 LTM d(wg2)/d(wg2)   0.0000000000000000     
 B before wg2 wg2 ==>    0.0000000000000000        0.0000000000000000     
 Q value wg2 wg2 ==>   2.90936028119118281E-005  2.40764508324205215E-006
 B after wg2 wg2 ==>  2.78324173142219536E-005  2.40764508324205215E-006
 LTM d(wg2)/d(wg2)   0.0000000000000000     
 B before wg2 wg2 ==>    0.0000000000000000        0.0000000000000000     
 Q value wg2 wg2 ==>   2.90936028119118281E-005  2.40764508324205215E-006
 B after wg2 wg2 ==>  2.78324173142219536E-005  2.40764508324205215E-006
 LTM d(wg2)/d(wg2)   0.0000000000000000     
 B before wg2 wg2 ==>    0.0000000000000000        0.0000000000000000     
 Q value wg2 wg2 ==>   3.01212029042410758E-005  2.58072708095562267E-006
 B after wg2 wg2 ==>  2.98332480942539119E-005  2.58072708095562267E-006
 LTM d(wg2)/d(wg2)   0.0000000000000000     
 B before wg2 wg2 ==>    0.0000000000000000        0.0000000000000000     
 Q value wg2 wg2 ==>   3.01212029042410758E-005  2.58072708095562267E-006
 B after wg2 wg2 ==>  2.98332480942539119E-005  2.58072708095562267E-006
 LTM d(wg2)/d(wg2)   0.0000000000000000     
 B before wg2 wg2 ==>    0.0000000000000000        0.0000000000000000     
 Q value wg2 wg2 ==>   3.01212029042410758E-005  2.58072708095562267E-006
 B after wg2 wg2 ==>  2.98332480942539119E-005  2.58072708095562267E-006
 LTM d(wg2)/d(wg2)   0.0000000000000000     
 B before wg2 wg2 ==>    0.0000000000000000        0.0000000000000000     
 Q value wg2 wg2 ==>   3.01212029042410758E-005  2.58072708095562267E-006
 B after wg2 wg2 ==>  2.98332480942539119E-005  2.58072708095562267E-006
 LTM d(wg2)/d(wg2)   0.0000000000000000     
 B before wg2 wg2 ==>    0.0000000000000000        0.0000000000000000     
 Q value wg2 wg2 ==>   2.96413213679464513E-005  2.49915145226774437E-006
 B after wg2 wg2 ==>  2.88902324661972484E-005  2.49915145226774437E-006
 LTM d(wg2)/d(wg2)   0.0000000000000000     
 B before wg2 wg2 ==>    0.0000000000000000        0.0000000000000000     
 Q value wg2 wg2 ==>   2.93454751906339267E-005  2.44951300028902770E-006
 B after wg2 wg2 ==>  2.83164111335101011E-005  2.44951300028902770E-006
 LTM d(wg2)/d(wg2)   0.0000000000000000     
 B before wg2 wg2 ==>    0.0000000000000000        0.0000000000000000     
 Q value wg2 wg2 ==>   2.93454751906339301E-005  2.44951300028902855E-006
 B after wg2 wg2 ==>  2.83164111335101113E-005  2.44951300028902855E-006
 LTM d(wg2)/d(wg2)   0.0000000000000000     
 B before wg2 wg2 ==>    0.0000000000000000        0.0000000000000000     
 Q value wg2 wg2 ==>   2.93454751906339267E-005  2.44951300028902770E-006
 B after wg2 wg2 ==>  2.83164111335101011E-005  2.44951300028902770E-006
 LTM d(wg2)/d(wg2)   0.0000000000000000     
 B before wg2 wg2 ==>    0.0000000000000000        0.0000000000000000     
 Q value wg2 wg2 ==>   2.93454751906339301E-005  2.44951300028902855E-006
 B after wg2 wg2 ==>  2.83164111335101113E-005  2.44951300028902855E-006
 LTM d(wg2)/d(wg2)   0.0000000000000000     
 B before wg2 wg2 ==>    0.0000000000000000        0.0000000000000000     
 Q value wg2 wg2 ==>   2.93454751906339267E-005  2.44951300028902770E-006
 B after wg2 wg2 ==>  2.83164111335101011E-005  2.44951300028902770E-006
 LTM d(wg2)/d(wg2)   0.0000000000000000     
 B before wg2 wg2 ==>    0.0000000000000000        0.0000000000000000     
 Q value wg2 wg2 ==>   2.93454751906339267E-005  2.44951300028902770E-006
 B after wg2 wg2 ==>  2.83164111335101011E-005  2.44951300028902770E-006
 LTM d(wg2)/d(wg2)   0.0000000000000000     
 B before wg2 wg2 ==>    0.0000000000000000        0.0000000000000000     
 Q value wg2 wg2 ==>   2.93454751906339301E-005  2.44951300028902855E-006
 B after wg2 wg2 ==>  2.83164111335101113E-005  2.44951300028902855E-006
 LTM d(wg2)/d(wg2)   0.0000000000000000     
 B before wg2 wg2 ==>    0.0000000000000000        0.0000000000000000     
 Q value wg2 wg2 ==>   2.93454751906339267E-005  2.44951300028902770E-006
 B after wg2 wg2 ==>  2.83164111335101011E-005  2.44951300028902770E-006
 LTM d(wg2)/d(wg2)   0.0000000000000000     
 B before wg2 wg2 ==>    0.0000000000000000        0.0000000000000000     
 Q value wg2 wg2 ==>   2.93454751906339301E-005  2.44951300028902855E-006
 B after wg2 wg2 ==>  2.83164111335101113E-005  2.44951300028902855E-006
 LTM d(wg2)/d(wg2)   0.0000000000000000     
 B before wg2 wg2 ==>    0.0000000000000000        0.0000000000000000     
 Q value wg2 wg2 ==>   2.93454751906339267E-005  2.44951300028902770E-006
 B after wg2 wg2 ==>  2.83164111335101011E-005  2.44951300028902770E-006
 LTM d(wg2)/d(wg2)   0.0000000000000000     
 B before wg2 wg2 ==>    0.0000000000000000        0.0000000000000000     
 Q value wg2 wg2 ==>   2.93454751906339301E-005  2.44951300028902855E-006
 B after wg2 wg2 ==>  2.83164111335101113E-005  2.44951300028902855E-006
 LTM d(wg2)/d(wg2)   0.0000000000000000     
 B before wg2 wg2 ==>    0.0000000000000000        0.0000000000000000     
 Q value wg2 wg2 ==>   2.93454751906339301E-005  2.44951300028902855E-006
 B after wg2 wg2 ==>  2.83164111335101113E-005  2.44951300028902855E-006
 LTM d(wg2)/d(wg2)   0.0000000000000000     
 B before wg2 wg2 ==>    0.0000000000000000        0.0000000000000000     
 Q value wg2 wg2 ==>   2.97741699527708641E-005  2.52160340302644213E-006
 B after wg2 wg2 ==>  2.91497773913956836E-005  2.52160340302644213E-006
 LTM d(wg2)/d(wg2)   0.0000000000000000     
 B before wg2 wg2 ==>    0.0000000000000000        0.0000000000000000     
 Q value wg2 wg2 ==>   2.90936028119118281E-005  2.40764508324205215E-006
 B after wg2 wg2 ==>  2.78324173142219536E-005  2.40764508324205215E-006
 LTM d(wg2)/d(wg2)   0.0000000000000000     
 B before wg2 wg2 ==>    0.0000000000000000        0.0000000000000000     
 Q value wg2 wg2 ==>   2.90936028119118281E-005  2.40764508324205215E-006
 B after wg2 wg2 ==>  2.78324173142219536E-005  2.40764508324205215E-006
 LTM d(wg2)/d(wg2)   0.0000000000000000     
 B before wg2 wg2 ==>    0.0000000000000000        0.0000000000000000     
 Q value wg2 wg2 ==>   2.90936028119118281E-005  2.40764508324205215E-006
 B after wg2 wg2 ==>  2.78324173142219536E-005  2.40764508324205215E-006
 LTM d(wg2)/d(wg2)   0.0000000000000000     
 B before wg2 wg2 ==>    0.0000000000000000        0.0000000000000000     
 Q value wg2 wg2 ==>   2.95712842777049175E-005  2.48735531756896147E-006
 B after wg2 wg2 ==>  2.87538689523569085E-005  2.48735531756896147E-006
 LTM d(wg2)/d(wg2)   0.0000000000000000     
 B before wg2 wg2 ==>    0.0000000000000000        0.0000000000000000     
 Q value wg2 wg2 ==>   2.97741698954513687E-005  2.52160339331755398E-006
 B after wg2 wg2 ==>  2.91497772791607756E-005  2.52160339331755398E-006
 LTM d(wg2)/d(wg2)   0.0000000000000000     
 B before wg2 wg2 ==>    0.0000000000000000        0.0000000000000000     
 Q value wg2 wg2 ==>   2.97741698954513687E-005  2.52160339331755398E-006
 B after wg2 wg2 ==>  2.91497772791607756E-005  2.52160339331755398E-006
 LTM d(wg2)/d(wg2)   0.0000000000000000     
 B before wg2 wg2 ==>    0.0000000000000000        0.0000000000000000     
 Q value wg2 wg2 ==>   2.99567439760672274E-005  2.55262296077550968E-006
 B after wg2 wg2 ==>  2.95083639962835194E-005  2.55262296077550968E-006
 LTM d(wg2)/d(wg2)   0.0000000000000000     
 B before wg2 wg2 ==>    0.0000000000000000        0.0000000000000000     
 Q value wg2 wg2 ==>   3.01212029042410758E-005  2.58072708095562267E-006
 B after wg2 wg2 ==>  2.98332480942539119E-005  2.58072708095562267E-006
 LTM d(wg2)/d(wg2)   0.0000000000000000     
 B before wg2 wg2 ==>    0.0000000000000000        0.0000000000000000     
 Q value wg2 wg2 ==>   2.98371687315400340E-005  2.53228554784537707E-006
 B after wg2 wg2 ==>  2.92732631636471332E-005  2.53228554784537707E-006
 LTM d(wg2)/d(wg2)   0.0000000000000000     
 B before wg2 wg2 ==>    0.0000000000000000        0.0000000000000000     
 Q value wg2 wg2 ==>   2.90936028119118281E-005  2.40764508324205215E-006
 B after wg2 wg2 ==>  2.78324173142219536E-005  2.40764508324205215E-006
 LTM d(wg2)/d(wg2)   0.0000000000000000     
 B before wg2 wg2 ==>    0.0000000000000000        0.0000000000000000     
 Q value wg2 wg2 ==>   2.90936028119118281E-005  2.40764508324205215E-006
 B after wg2 wg2 ==>  2.78324173142219536E-005  2.40764508324205215E-006
 LTM d(wg2)/d(wg2)   0.0000000000000000     
 B before wg2 wg2 ==>    0.0000000000000000        0.0000000000000000     
 Q value wg2 wg2 ==>   2.90936028119118281E-005  2.40764508324205215E-006
 B after wg2 wg2 ==>  2.78324173142219536E-005  2.40764508324205215E-006
 LTM d(wg2)/d(wg2)   0.0000000000000000     
 B before wg2 wg2 ==>    0.0000000000000000        0.0000000000000000     
 Q value wg2 wg2 ==>   2.90936028119118281E-005  2.40764508324205215E-006
 B after wg2 wg2 ==>  2.78324173142219536E-005  2.40764508324205215E-006
 LTM d(wg2)/d(wg2)   0.0000000000000000     
 B before wg2 wg2 ==>    0.0000000000000000        0.0000000000000000     
 Q value wg2 wg2 ==>   2.90936028119118281E-005  2.40764508324205215E-006
 B after wg2 wg2 ==>  2.78324173142219536E-005  2.40764508324205215E-006
 LTM d(wg2)/d(wg2)   0.0000000000000000     
 B before wg2 wg2 ==>    0.0000000000000000        0.0000000000000000     
 Q value wg2 wg2 ==>   2.90936028119118281E-005  2.40764508324205215E-006
 B after wg2 wg2 ==>  2.78324173142219536E-005  2.40764508324205215E-006
 LTM d(wg2)/d(wg2)   0.0000000000000000     
 B before wg2 wg2 ==>    0.0000000000000000        0.0000000000000000     
 Q value wg2 wg2 ==>   2.90936028119118281E-005  2.40764508324205215E-006
 B after wg2 wg2 ==>  2.78324173142219536E-005  2.40764508324205215E-006
 LTM d(wg2)/d(wg2)   0.0000000000000000     
 B before wg2 wg2 ==>    0.0000000000000000        0.0000000000000000     
 Q value wg2 wg2 ==>   2.90936028119118281E-005  2.40764508324205215E-006
 B after wg2 wg2 ==>  2.78324173142219536E-005  2.40764508324205215E-006
 LTM d(wg2)/d(wg2)   0.0000000000000000     
 B before wg2 wg2 ==>    0.0000000000000000        0.0000000000000000     
 Q value wg2 wg2 ==>   2.90936028119118281E-005  2.40764508324205215E-006
 B after wg2 wg2 ==>  2.78324173142219536E-005  2.40764508324205215E-006
 LTM d(wg2)/d(wg2)   0.0000000000000000     
 B before wg2 wg2 ==>    0.0000000000000000        0.0000000000000000     
 Q value wg2 wg2 ==>   2.98371687315400510E-005  2.53228554784538003E-006
 B after wg2 wg2 ==>  2.92732631636471671E-005  2.53228554784538003E-006
 LTM d(wg2)/d(wg2)   0.0000000000000000     
 B before wg2 wg2 ==>    0.0000000000000000        0.0000000000000000     
 Q value wg2 wg2 ==>   3.01212029042410758E-005  2.58072708095562267E-006
 B after wg2 wg2 ==>  2.98332480942539119E-005  2.58072708095562267E-006
 LTM d(wg2)/d(wg2)   0.0000000000000000     
 B before wg2 wg2 ==>    0.0000000000000000        0.0000000000000000     
 Q value wg2 wg2 ==>   2.94987045927177222E-005  2.47516038442218865E-006
 B after wg2 wg2 ==>  2.86128953218071067E-005  2.47516038442218865E-006
 LTM d(wg2)/d(wg2)   0.0000000000000000     
 B before wg2 wg2 ==>    0.0000000000000000        0.0000000000000000     
 Q value wg2 wg2 ==>   3.01212029042410758E-005  2.58072708095562267E-006
 B after wg2 wg2 ==>  2.98332480942539119E-005  2.58072708095562267E-006
 LTM d(wg2)/d(wg2)   0.0000000000000000     
 B before wg2 wg2 ==>    0.0000000000000000        0.0000000000000000     
 Q value wg2 wg2 ==>   3.01212029042410758E-005  2.58072708095562267E-006
 B after wg2 wg2 ==>  2.98332480942539119E-005  2.58072708095562267E-006
 LTM d(wg2)/d(wg2)   0.0000000000000000     
 B before wg2 wg2 ==>    0.0000000000000000        0.0000000000000000     
 Q value wg2 wg2 ==>   2.96413213679464513E-005  2.49915145226774437E-006
 B after wg2 wg2 ==>  2.88902324661972484E-005  2.49915145226774437E-006
 LTM d(wg2)/d(wg2)   0.0000000000000000     
 B before wg2 wg2 ==>    0.0000000000000000        0.0000000000000000     
 Q value wg2 wg2 ==>   2.93454751906339267E-005  2.44951300028902770E-006
 B after wg2 wg2 ==>  2.83164111335101011E-005  2.44951300028902770E-006
 LTM d(wg2)/d(wg2)   0.0000000000000000     
 B before wg2 wg2 ==>    0.0000000000000000        0.0000000000000000     
 Q value wg2 wg2 ==>   2.93454751906339267E-005  2.44951300028902770E-006
 B after wg2 wg2 ==>  2.83164111335101011E-005  2.44951300028902770E-006
 LTM d(wg2)/d(wg2)   0.0000000000000000     
 B before wg2 wg2 ==>    0.0000000000000000        0.0000000000000000     
 Q value wg2 wg2 ==>   2.93454751906339267E-005  2.44951300028902770E-006
 B after wg2 wg2 ==>  2.83164111335101011E-005  2.44951300028902770E-006
 LTM d(wg2)/d(wg2)   0.0000000000000000     
 B before wg2 wg2 ==>    0.0000000000000000        0.0000000000000000     
 Q value wg2 wg2 ==>   2.93454751906339301E-005  2.44951300028902855E-006
 B after wg2 wg2 ==>  2.83164111335101113E-005  2.44951300028902855E-006
 LTM d(wg2)/d(wg2)   0.0000000000000000     
 B before wg2 wg2 ==>    0.0000000000000000        0.0000000000000000     
 Q value wg2 wg2 ==>   2.93454751906339267E-005  2.44951300028902770E-006
 B after wg2 wg2 ==>  2.83164111335101011E-005  2.44951300028902770E-006
 LTM d(wg2)/d(wg2)   0.0000000000000000     
 B before wg2 wg2 ==>    0.0000000000000000        0.0000000000000000     
 Q value wg2 wg2 ==>   2.93454751906339301E-005  2.44951300028902855E-006
 B after wg2 wg2 ==>  2.83164111335101113E-005  2.44951300028902855E-006
 LTM d(wg2)/d(wg2)   0.0000000000000000     
 B before wg2 wg2 ==>    0.0000000000000000        0.0000000000000000     
 Q value wg2 wg2 ==>   2.93454751906339267E-005  2.44951300028902770E-006
 B after wg2 wg2 ==>  2.83164111335101011E-005  2.44951300028902770E-006
 LTM d(wg2)/d(wg2)   0.0000000000000000     
 B before wg2 wg2 ==>    0.0000000000000000        0.0000000000000000     
 Q value wg2 wg2 ==>   2.93454751906339301E-005  2.44951300028902855E-006
 B after wg2 wg2 ==>  2.83164111335101113E-005  2.44951300028902855E-006
 LTM d(wg2)/d(wg2)   0.0000000000000000     
 B before wg2 wg2 ==>    0.0000000000000000        0.0000000000000000     
 Q value wg2 wg2 ==>   2.93454751906339301E-005  2.44951300028902855E-006
 B after wg2 wg2 ==>  2.83164111335101113E-005  2.44951300028902855E-006
 LTM d(wg2)/d(wg2)   0.0000000000000000     
 B before wg2 wg2 ==>    0.0000000000000000        0.0000000000000000     
 Q value wg2 wg2 ==>   2.93454751906339301E-005  2.44951300028902855E-006
 B after wg2 wg2 ==>  2.83164111335101113E-005  2.44951300028902855E-006
 LTM d(wg2)/d(wg2)   0.0000000000000000     
 B before wg2 wg2 ==>    0.0000000000000000        0.0000000000000000     
 Q value wg2 wg2 ==>   2.93454751906339301E-005  2.44951300028902855E-006
 B after wg2 wg2 ==>  2.83164111335101113E-005  2.44951300028902855E-006
 LTM d(wg2)/d(wg2)   0.0000000000000000     
 B before wg2 wg2 ==>    0.0000000000000000        0.0000000000000000     
 Q value wg2 wg2 ==>   2.93454751906339301E-005  2.44951300028902855E-006
 B after wg2 wg2 ==>  2.83164111335101113E-005  2.44951300028902855E-006
 LTM d(wg2)/d(wg2)   0.0000000000000000     
 B before wg2 wg2 ==>    0.0000000000000000        0.0000000000000000     
 Q value wg2 wg2 ==>   2.93454751906339267E-005  2.44951300028902770E-006
 B after wg2 wg2 ==>  2.83164111335101011E-005  2.44951300028902770E-006
 LTM d(wg2)/d(wg2)   0.0000000000000000     
 B before wg2 wg2 ==>    0.0000000000000000        0.0000000000000000     
 Q value wg2 wg2 ==>   2.99567439760672274E-005  2.55262296077550968E-006
 B after wg2 wg2 ==>  2.95083639962835194E-005  2.55262296077550968E-006
 LTM d(wg2)/d(wg2)   0.0000000000000000     
 B before wg2 wg2 ==>    0.0000000000000000        0.0000000000000000     
 Q value wg2 wg2 ==>   2.99567439760672274E-005  2.55262296077550968E-006
 B after wg2 wg2 ==>  2.95083639962835194E-005  2.55262296077550968E-006
 LTM d(wg2)/d(wg2)   0.0000000000000000     
 B before wg2 wg2 ==>    0.0000000000000000        0.0000000000000000     
 Q value wg2 wg2 ==>   2.90936028119118281E-005  2.40764508324205215E-006
 B after wg2 wg2 ==>  2.78324173142219536E-005  2.40764508324205215E-006
 LTM d(wg2)/d(wg2)   0.0000000000000000     
 B before wg2 wg2 ==>    0.0000000000000000        0.0000000000000000     
 Q value wg2 wg2 ==>   2.90936028119118281E-005  2.40764508324205215E-006
 B after wg2 wg2 ==>  2.78324173142219536E-005  2.40764508324205215E-006
 LTM d(wg2)/d(wg2)   0.0000000000000000     
 B before wg2 wg2 ==>    0.0000000000000000        0.0000000000000000     
 Q value wg2 wg2 ==>   2.94614274340215179E-005  2.46890867612477336E-006
 B after wg2 wg2 ==>  2.85406254696301611E-005  2.46890867612477336E-006
 LTM d(wg2)/d(wg2)   0.0000000000000000     
 B before wg2 wg2 ==>    0.0000000000000000        0.0000000000000000     
 Q value wg2 wg2 ==>   2.97741698954513687E-005  2.52160339331755398E-006
 B after wg2 wg2 ==>  2.91497772791607756E-005  2.52160339331755398E-006
 LTM d(wg2)/d(wg2)   0.0000000000000000     
 B before wg2 wg2 ==>    0.0000000000000000        0.0000000000000000     
 Q value wg2 wg2 ==>   2.97741698954513687E-005  2.52160339331755398E-006
 B after wg2 wg2 ==>  2.91497772791607756E-005  2.52160339331755398E-006
 LTM d(wg2)/d(wg2)   0.0000000000000000     
 B before wg2 wg2 ==>    0.0000000000000000        0.0000000000000000     
 Q value wg2 wg2 ==>   2.99567439760672274E-005  2.55262296077550968E-006
 B after wg2 wg2 ==>  2.95083639962835194E-005  2.55262296077550968E-006
 LTM d(wg2)/d(wg2)   0.0000000000000000     
 B before wg2 wg2 ==>    0.0000000000000000        0.0000000000000000     
 Q value wg2 wg2 ==>   2.99128783724487075E-005  2.54515283207085452E-006
 B after wg2 wg2 ==>  2.94220091838794638E-005  2.54515283207085452E-006
 LTM d(wg2)/d(wg2)   0.0000000000000000     
 B before wg2 wg2 ==>    0.0000000000000000        0.0000000000000000     
 Q value wg2 wg2 ==>   2.90936028119118281E-005  2.40764508324205215E-006
 B after wg2 wg2 ==>  2.78324173142219536E-005  2.40764508324205215E-006
 LTM d(wg2)/d(wg2)   0.0000000000000000     
 B before wg2 wg2 ==>    0.0000000000000000        0.0000000000000000     
 Q value wg2 wg2 ==>   2.93454750959552436E-005  2.44951298448307019E-006
 B after wg2 wg2 ==>  2.83164109507929683E-005  2.44951298448307019E-006
 LTM d(wg2)/d(wg2)   0.0000000000000000     
 B before wg2 wg2 ==>    0.0000000000000000        0.0000000000000000     
 Q value wg2 wg2 ==>   2.96240447016984717E-005  2.49623900298874129E-006
 B after wg2 wg2 ==>  2.88565645039614820E-005  2.49623900298874129E-006
 LTM d(wg2)/d(wg2)   0.0000000000000000     
 B before wg2 wg2 ==>    0.0000000000000000        0.0000000000000000     
 Q value wg2 wg2 ==>   2.97741698954513687E-005  2.52160339331755398E-006
 B after wg2 wg2 ==>  2.91497772791607756E-005  2.52160339331755398E-006
 LTM d(wg2)/d(wg2)   0.0000000000000000     
 B before wg2 wg2 ==>    0.0000000000000000        0.0000000000000000     
 Q value wg2 wg2 ==>   2.94614274340215179E-005  2.46890867612477336E-006
 B after wg2 wg2 ==>  2.85406254696301611E-005  2.46890867612477336E-006
 LTM d(wg2)/d(wg2)   0.0000000000000000     
 B before wg2 wg2 ==>    0.0000000000000000        0.0000000000000000     
 Q value wg2 wg2 ==>   2.90936028119118281E-005  2.40764508324205215E-006
 B after wg2 wg2 ==>  2.78324173142219536E-005  2.40764508324205215E-006
 LTM d(wg2)/d(wg2)   0.0000000000000000     
 B before wg2 wg2 ==>    0.0000000000000000        0.0000000000000000     
 Q value wg2 wg2 ==>   2.90936028119118281E-005  2.40764508324205215E-006
 B after wg2 wg2 ==>  2.78324173142219536E-005  2.40764508324205215E-006
 LTM d(wg2)/d(wg2)   0.0000000000000000     
 B before wg2 wg2 ==>    0.0000000000000000        0.0000000000000000     
 Q value wg2 wg2 ==>   2.90936028119118281E-005  2.40764508324205215E-006
 B after wg2 wg2 ==>  2.78324173142219536E-005  2.40764508324205215E-006
 LTM d(wg2)/d(wg2)   0.0000000000000000     
 B before wg2 wg2 ==>    0.0000000000000000        0.0000000000000000     
 Q value wg2 wg2 ==>   2.90936028119118281E-005  2.40764508324205215E-006
 B after wg2 wg2 ==>  2.78324173142219536E-005  2.40764508324205215E-006
 LTM d(wg2)/d(wg2)   0.0000000000000000     
 B before wg2 wg2 ==>    0.0000000000000000        0.0000000000000000     
 Q value wg2 wg2 ==>   2.94042379355188607E-005  2.45933285992848086E-006
 B after wg2 wg2 ==>  2.84299288747065405E-005  2.45933285992848086E-006
 LTM d(wg2)/d(wg2)   0.0000000000000000     
 B before wg2 wg2 ==>    0.0000000000000000        0.0000000000000000     
 Q value wg2 wg2 ==>   3.01212029042410758E-005  2.58072708095562267E-006
 B after wg2 wg2 ==>  2.98332480942539119E-005  2.58072708095562267E-006
 LTM d(wg2)/d(wg2)   0.0000000000000000     
 B before wg2 wg2 ==>    0.0000000000000000        0.0000000000000000     
 Q value wg2 wg2 ==>   2.90936028119118281E-005  2.40764508324205215E-006
 B after wg2 wg2 ==>  2.78324173142219536E-005  2.40764508324205215E-006
 LTM d(wg2)/d(wg2)   0.0000000000000000     
 B before wg2 wg2 ==>    0.0000000000000000        0.0000000000000000     
 Q value wg2 wg2 ==>   2.94987045927177222E-005  2.47516038442218865E-006
 B after wg2 wg2 ==>  2.86128953218071067E-005  2.47516038442218865E-006
 LTM d(wg2)/d(wg2)   0.0000000000000000     
 B before wg2 wg2 ==>    0.0000000000000000        0.0000000000000000     
 Q value wg2 wg2 ==>   3.01212029042410758E-005  2.58072708095562267E-006
 B after wg2 wg2 ==>  2.98332480942539119E-005  2.58072708095562267E-006
 LTM d(wg2)/d(wg2)   0.0000000000000000     
 B before wg2 wg2 ==>    0.0000000000000000        0.0000000000000000     
 Q value wg2 wg2 ==>   3.01212029042410758E-005  2.58072708095562267E-006
 B after wg2 wg2 ==>  2.98332480942539119E-005  2.58072708095562267E-006
 LTM d(wg2)/d(wg2)   0.0000000000000000     
 B before wg2 wg2 ==>    0.0000000000000000        0.0000000000000000     
 Q value wg2 wg2 ==>   2.93454751906339267E-005  2.44951300028902770E-006
 B after wg2 wg2 ==>  2.83164111335101011E-005  2.44951300028902770E-006
 LTM d(wg2)/d(wg2)   0.0000000000000000     
 B before wg2 wg2 ==>    0.0000000000000000        0.0000000000000000     
 Q value wg2 wg2 ==>   2.93454751906339301E-005  2.44951300028902855E-006
 B after wg2 wg2 ==>  2.83164111335101113E-005  2.44951300028902855E-006
 LTM d(wg2)/d(wg2)   0.0000000000000000     
 B before wg2 wg2 ==>    0.0000000000000000        0.0000000000000000     
 Q value wg2 wg2 ==>   2.93454751906339267E-005  2.44951300028902770E-006
 B after wg2 wg2 ==>  2.83164111335101011E-005  2.44951300028902770E-006
 LTM d(wg2)/d(wg2)   0.0000000000000000     
 B before wg2 wg2 ==>    0.0000000000000000        0.0000000000000000     
 Q value wg2 wg2 ==>   2.93454751906339471E-005  2.44951300028903109E-006
 B after wg2 wg2 ==>  2.83164111335101418E-005  2.44951300028903109E-006
 LTM d(wg2)/d(wg2)   0.0000000000000000     
 B before wg2 wg2 ==>    0.0000000000000000        0.0000000000000000     
 Q value wg2 wg2 ==>   2.93454751906339267E-005  2.44951300028902770E-006
 B after wg2 wg2 ==>  2.83164111335101011E-005  2.44951300028902770E-006
 LTM d(wg2)/d(wg2)   0.0000000000000000     
 B before wg2 wg2 ==>    0.0000000000000000        0.0000000000000000     
 Q value wg2 wg2 ==>   2.93454751906339301E-005  2.44951300028902855E-006
 B after wg2 wg2 ==>  2.83164111335101113E-005  2.44951300028902855E-006
 LTM d(wg2)/d(wg2)   0.0000000000000000     
 B before wg2 wg2 ==>    0.0000000000000000        0.0000000000000000     
 Q value wg2 wg2 ==>   2.93454751906339267E-005  2.44951300028902770E-006
 B after wg2 wg2 ==>  2.83164111335101011E-005  2.44951300028902770E-006
 LTM d(wg2)/d(wg2)   0.0000000000000000     
 B before wg2 wg2 ==>    0.0000000000000000        0.0000000000000000     
 Q value wg2 wg2 ==>   2.93454751906339267E-005  2.44951300028902770E-006
 B after wg2 wg2 ==>  2.83164111335101011E-005  2.44951300028902770E-006
 LTM d(wg2)/d(wg2)   0.0000000000000000     
 B before wg2 wg2 ==>    0.0000000000000000        0.0000000000000000     
 Q value wg2 wg2 ==>   2.93454751906339301E-005  2.44951300028902855E-006
 B after wg2 wg2 ==>  2.83164111335101113E-005  2.44951300028902855E-006
 LTM d(wg2)/d(wg2)   0.0000000000000000     
 B before wg2 wg2 ==>    0.0000000000000000        0.0000000000000000     
 Q value wg2 wg2 ==>   2.93454751906339267E-005  2.44951300028902770E-006
 B after wg2 wg2 ==>  2.83164111335101011E-005  2.44951300028902770E-006
 LTM d(wg2)/d(wg2)   0.0000000000000000     
 B before wg2 wg2 ==>    0.0000000000000000        0.0000000000000000     
 Q value wg2 wg2 ==>   2.93454751906339301E-005  2.44951300028902855E-006
 B after wg2 wg2 ==>  2.83164111335101113E-005  2.44951300028902855E-006
 LTM d(wg2)/d(wg2)   0.0000000000000000     
 B before wg2 wg2 ==>    0.0000000000000000        0.0000000000000000     
 Q value wg2 wg2 ==>   2.93454751906339267E-005  2.44951300028902770E-006
 B after wg2 wg2 ==>  2.83164111335101011E-005  2.44951300028902770E-006
 LTM d(wg2)/d(wg2)   0.0000000000000000     
 B before wg2 wg2 ==>    0.0000000000000000        0.0000000000000000     
 Q value wg2 wg2 ==>   2.93454751906339301E-005  2.44951300028902855E-006
 B after wg2 wg2 ==>  2.83164111335101113E-005  2.44951300028902855E-006
 LTM d(wg2)/d(wg2)   0.0000000000000000     
 B before wg2 wg2 ==>    0.0000000000000000        0.0000000000000000     
 Q value wg2 wg2 ==>   2.93454751906339301E-005  2.44951300028902855E-006
 B after wg2 wg2 ==>  2.83164111335101113E-005  2.44951300028902855E-006
 LTM d(wg2)/d(wg2)   0.0000000000000000     
 B before wg2 wg2 ==>    0.0000000000000000        0.0000000000000000     
 Q value wg2 wg2 ==>   2.97816303550016031E-005  2.52286721877888862E-006
 B after wg2 wg2 ==>  2.91643871225704338E-005  2.52286721877888862E-006
 LTM d(wg2)/d(wg2)   0.0000000000000000     
 B before wg2 wg2 ==>    0.0000000000000000        0.0000000000000000     
 Q value wg2 wg2 ==>   2.99567439760672274E-005  2.55262296077550968E-006
 B after wg2 wg2 ==>  2.95083639962835194E-005  2.55262296077550968E-006
 LTM d(wg2)/d(wg2)   0.0000000000000000     
 B before wg2 wg2 ==>    0.0000000000000000        0.0000000000000000     
 Q value wg2 wg2 ==>   2.99567439760672274E-005  2.55262296077550968E-006
 B after wg2 wg2 ==>  2.95083639962835194E-005  2.55262296077550968E-006
 LTM d(wg2)/d(wg2)   0.0000000000000000     
 B before wg2 wg2 ==>    0.0000000000000000        0.0000000000000000     
 Q value wg2 wg2 ==>   2.90936028119118281E-005  2.40764508324205215E-006
 B after wg2 wg2 ==>  2.78324173142219536E-005  2.40764508324205215E-006
 LTM d(wg2)/d(wg2)   0.0000000000000000     
 B before wg2 wg2 ==>    0.0000000000000000        0.0000000000000000     
 Q value wg2 wg2 ==>   2.90936028119118281E-005  2.40764508324205215E-006
 B after wg2 wg2 ==>  2.78324173142219536E-005  2.40764508324205215E-006
 LTM d(wg2)/d(wg2)   0.0000000000000000     
 B before wg2 wg2 ==>    0.0000000000000000        0.0000000000000000     
 Q value wg2 wg2 ==>   2.96240447016984717E-005  2.49623900298874129E-006
 B after wg2 wg2 ==>  2.88565645039614820E-005  2.49623900298874129E-006
 LTM d(wg2)/d(wg2)   0.0000000000000000     
 B before wg2 wg2 ==>    0.0000000000000000        0.0000000000000000     
 Q value wg2 wg2 ==>   2.97741698954513687E-005  2.52160339331755398E-006
 B after wg2 wg2 ==>  2.91497772791607756E-005  2.52160339331755398E-006
 LTM d(wg2)/d(wg2)   0.0000000000000000     
 B before wg2 wg2 ==>    0.0000000000000000        0.0000000000000000     
 Q value wg2 wg2 ==>   2.97741698954513687E-005  2.52160339331755398E-006
 B after wg2 wg2 ==>  2.91497772791607756E-005  2.52160339331755398E-006
 LTM d(wg2)/d(wg2)   0.0000000000000000     
 B before wg2 wg2 ==>    0.0000000000000000        0.0000000000000000     
 Q value wg2 wg2 ==>   2.97741698954513687E-005  2.52160339331755398E-006
 B after wg2 wg2 ==>  2.91497772791607756E-005  2.52160339331755398E-006
 LTM d(wg2)/d(wg2)   0.0000000000000000     
 B before wg2 wg2 ==>    0.0000000000000000        0.0000000000000000     
 Q value wg2 wg2 ==>   2.97741698954513687E-005  2.52160339331755398E-006
 B after wg2 wg2 ==>  2.91497772791607756E-005  2.52160339331755398E-006
 LTM d(wg2)/d(wg2)   0.0000000000000000     
 B before wg2 wg2 ==>    0.0000000000000000        0.0000000000000000     
 Q value wg2 wg2 ==>   2.95712842777049175E-005  2.48735531756896147E-006
 B after wg2 wg2 ==>  2.87538689523569085E-005  2.48735531756896147E-006
 LTM d(wg2)/d(wg2)   0.0000000000000000     
 B before wg2 wg2 ==>    0.0000000000000000        0.0000000000000000     
 Q value wg2 wg2 ==>   2.97741698954513687E-005  2.52160339331755398E-006
 B after wg2 wg2 ==>  2.91497772791607756E-005  2.52160339331755398E-006
 LTM d(wg2)/d(wg2)   0.0000000000000000     
 B before wg2 wg2 ==>    0.0000000000000000        0.0000000000000000     
 Q value wg2 wg2 ==>   2.97741698954513687E-005  2.52160339331755398E-006
 B after wg2 wg2 ==>  2.91497772791607756E-005  2.52160339331755398E-006
 LTM d(wg2)/d(wg2)   0.0000000000000000     
 B before wg2 wg2 ==>    0.0000000000000000        0.0000000000000000     
 Q value wg2 wg2 ==>   2.97741698954513687E-005  2.52160339331755398E-006
 B after wg2 wg2 ==>  2.91497772791607756E-005  2.52160339331755398E-006
 LTM d(wg2)/d(wg2)   0.0000000000000000     
 B before wg2 wg2 ==>    0.0000000000000000        0.0000000000000000     
 Q value wg2 wg2 ==>   2.90936028119118281E-005  2.40764508324205215E-006
 B after wg2 wg2 ==>  2.78324173142219536E-005  2.40764508324205215E-006
 LTM d(wg2)/d(wg2)   0.0000000000000000     
 B before wg2 wg2 ==>    0.0000000000000000        0.0000000000000000     
 Q value wg2 wg2 ==>   2.94614274340215179E-005  2.46890867612477336E-006
 B after wg2 wg2 ==>  2.85406254696301611E-005  2.46890867612477336E-006
 LTM d(wg2)/d(wg2)   0.0000000000000000     
 B before wg2 wg2 ==>    0.0000000000000000        0.0000000000000000     
 Q value wg2 wg2 ==>   2.90936028119118281E-005  2.40764508324205215E-006
 B after wg2 wg2 ==>  2.78324173142219536E-005  2.40764508324205215E-006
 LTM d(wg2)/d(wg2)   0.0000000000000000     
 B before wg2 wg2 ==>    0.0000000000000000        0.0000000000000000     
 Q value wg2 wg2 ==>   2.82625169972558664E-005  2.27205651063516949E-006
 B after wg2 wg2 ==>  2.62650111536956565E-005  2.27205651063516949E-006
 LTM d(wg2)/d(wg2)   0.0000000000000000     
 B before wg2 wg2 ==>    0.0000000000000000        0.0000000000000000     
 Q value wg2 wg2 ==>   2.77337176582312260E-005  2.18783031508334000E-006
 B after wg2 wg2 ==>  2.52913549284886031E-005  2.18783031508334000E-006
 LTM d(wg2)/d(wg2)   0.0000000000000000     
 B before wg2 wg2 ==>    0.0000000000000000        0.0000000000000000     
 Q value wg2 wg2 ==>   2.77337176582312260E-005  2.18783031508334000E-006
 B after wg2 wg2 ==>  2.52913549284886031E-005  2.18783031508334000E-006
 LTM d(wg2)/d(wg2)   0.0000000000000000     
 B before wg2 wg2 ==>    0.0000000000000000        0.0000000000000000     
 Q value wg2 wg2 ==>   2.90936028119118281E-005  2.40764508324205215E-006
 B after wg2 wg2 ==>  2.78324173142219536E-005  2.40764508324205215E-006
 LTM d(wg2)/d(wg2)   0.0000000000000000     
 B before wg2 wg2 ==>    0.0000000000000000        0.0000000000000000     
 Q value wg2 wg2 ==>   2.77337176582312260E-005  2.18783031508334000E-006
 B after wg2 wg2 ==>  2.52913549284886031E-005  2.18783031508334000E-006
 LTM d(wg2)/d(wg2)   0.0000000000000000     
 B before wg2 wg2 ==>    0.0000000000000000        0.0000000000000000     
 Q value wg2 wg2 ==>   2.95712843626901861E-005  2.48735533186584212E-006
 B after wg2 wg2 ==>  2.87538691176290895E-005  2.48735533186584212E-006
 LTM d(wg2)/d(wg2)   0.0000000000000000     
 B before wg2 wg2 ==>    0.0000000000000000        0.0000000000000000     
 Q value wg2 wg2 ==>   3.01212029042410758E-005  2.58072708095562267E-006
 B after wg2 wg2 ==>  2.98332480942539119E-005  2.58072708095562267E-006
 LTM d(wg2)/d(wg2)   0.0000000000000000     
 B before wg2 wg2 ==>    0.0000000000000000        0.0000000000000000     
 Q value wg2 wg2 ==>   2.98979997522275425E-005  2.54262155145727492E-006
 B after wg2 wg2 ==>  2.93927475377726895E-005  2.54262155145727492E-006
 LTM d(wg2)/d(wg2)   0.0000000000000000     
 B before wg2 wg2 ==>    0.0000000000000000        0.0000000000000000     
 Q value wg2 wg2 ==>   2.93454751906339301E-005  2.44951300028902855E-006
 B after wg2 wg2 ==>  2.83164111335101113E-005  2.44951300028902855E-006
 LTM d(wg2)/d(wg2)   0.0000000000000000     
 B before wg2 wg2 ==>    0.0000000000000000        0.0000000000000000     
 Q value wg2 wg2 ==>   2.93454751906339267E-005  2.44951300028902770E-006
 B after wg2 wg2 ==>  2.83164111335101011E-005  2.44951300028902770E-006
 LTM d(wg2)/d(wg2)   0.0000000000000000     
 B before wg2 wg2 ==>    0.0000000000000000        0.0000000000000000     
 Q value wg2 wg2 ==>   2.92645865345613878E-005  2.43602780455489902E-006
 B after wg2 wg2 ==>  2.81605220459329426E-005  2.43602780455489902E-006
 LTM d(wg2)/d(wg2)   0.0000000000000000     
 B before wg2 wg2 ==>    0.0000000000000000        0.0000000000000000     
 Q value wg2 wg2 ==>   2.93454751906339301E-005  2.44951300028902855E-006
 B after wg2 wg2 ==>  2.83164111335101113E-005  2.44951300028902855E-006
 LTM d(wg2)/d(wg2)   0.0000000000000000     
 B before wg2 wg2 ==>    0.0000000000000000        0.0000000000000000     
 Q value wg2 wg2 ==>   2.93454751906339301E-005  2.44951300028902855E-006
 B after wg2 wg2 ==>  2.83164111335101113E-005  2.44951300028902855E-006
 LTM d(wg2)/d(wg2)   0.0000000000000000     
 B before wg2 wg2 ==>    0.0000000000000000        0.0000000000000000     
 Q value wg2 wg2 ==>   2.93454751906339301E-005  2.44951300028902855E-006
 B after wg2 wg2 ==>  2.83164111335101113E-005  2.44951300028902855E-006
 LTM d(wg2)/d(wg2)   0.0000000000000000     
 B before wg2 wg2 ==>    0.0000000000000000        0.0000000000000000     
 Q value wg2 wg2 ==>   2.93454751906339301E-005  2.44951300028902855E-006
 B after wg2 wg2 ==>  2.83164111335101113E-005  2.44951300028902855E-006
 LTM d(wg2)/d(wg2)   0.0000000000000000     
 B before wg2 wg2 ==>    0.0000000000000000        0.0000000000000000     
 Q value wg2 wg2 ==>   2.93454751906339301E-005  2.44951300028902855E-006
 B after wg2 wg2 ==>  2.83164111335101113E-005  2.44951300028902855E-006
 LTM d(wg2)/d(wg2)   0.0000000000000000     
 B before wg2 wg2 ==>    0.0000000000000000        0.0000000000000000     
 Q value wg2 wg2 ==>   2.93454751906339267E-005  2.44951300028902770E-006
 B after wg2 wg2 ==>  2.83164111335101011E-005  2.44951300028902770E-006
 LTM d(wg2)/d(wg2)   0.0000000000000000     
 B before wg2 wg2 ==>    0.0000000000000000        0.0000000000000000     
 Q value wg2 wg2 ==>   2.93454751906339301E-005  2.44951300028902855E-006
 B after wg2 wg2 ==>  2.83164111335101113E-005  2.44951300028902855E-006
 LTM d(wg2)/d(wg2)   0.0000000000000000     
 B before wg2 wg2 ==>    0.0000000000000000        0.0000000000000000     
 Q value wg2 wg2 ==>   2.93454751906339471E-005  2.44951300028903109E-006
 B after wg2 wg2 ==>  2.83164111335101418E-005  2.44951300028903109E-006
 LTM d(wg2)/d(wg2)   0.0000000000000000     
 B before wg2 wg2 ==>    0.0000000000000000        0.0000000000000000     
 Q value wg2 wg2 ==>   2.93454751906339267E-005  2.44951300028902770E-006
 B after wg2 wg2 ==>  2.83164111335101011E-005  2.44951300028902770E-006
 LTM d(wg2)/d(wg2)   0.0000000000000000     
 B before wg2 wg2 ==>    0.0000000000000000        0.0000000000000000     
 Q value wg2 wg2 ==>   2.93454751906339267E-005  2.44951300028902770E-006
 B after wg2 wg2 ==>  2.83164111335101011E-005  2.44951300028902770E-006
 LTM d(wg2)/d(wg2)   0.0000000000000000     
 B before wg2 wg2 ==>    0.0000000000000000        0.0000000000000000     
 Q value wg2 wg2 ==>   2.93454751906339267E-005  2.44951300028902770E-006
 B after wg2 wg2 ==>  2.83164111335101011E-005  2.44951300028902770E-006
 LTM d(wg2)/d(wg2)   0.0000000000000000     
 B before wg2 wg2 ==>    0.0000000000000000        0.0000000000000000     
 Q value wg2 wg2 ==>   3.00120139070519016E-005  2.56205078402012951E-006
 B after wg2 wg2 ==>  2.96173497902177473E-005  2.56205078402012951E-006
 LTM d(wg2)/d(wg2)   0.0000000000000000     
 B before wg2 wg2 ==>    0.0000000000000000        0.0000000000000000     
 Q value wg2 wg2 ==>   2.99567439760672274E-005  2.55262296077550968E-006
 B after wg2 wg2 ==>  2.95083639962835194E-005  2.55262296077550968E-006
 LTM d(wg2)/d(wg2)   0.0000000000000000     
 B before wg2 wg2 ==>    0.0000000000000000        0.0000000000000000     
 Q value wg2 wg2 ==>   2.99567439760672274E-005  2.55262296077550968E-006
 B after wg2 wg2 ==>  2.95083639962835194E-005  2.55262296077550968E-006
 LTM d(wg2)/d(wg2)   0.0000000000000000     
 B before wg2 wg2 ==>    0.0000000000000000        0.0000000000000000     
 Q value wg2 wg2 ==>   2.90936028119118281E-005  2.40764508324205215E-006
 B after wg2 wg2 ==>  2.78324173142219536E-005  2.40764508324205215E-006
 LTM d(wg2)/d(wg2)   0.0000000000000000     
 B before wg2 wg2 ==>    0.0000000000000000        0.0000000000000000     
 Q value wg2 wg2 ==>   2.93454750959552436E-005  2.44951298448307019E-006
 B after wg2 wg2 ==>  2.83164109507929683E-005  2.44951298448307019E-006
 LTM d(wg2)/d(wg2)   0.0000000000000000     
 B before wg2 wg2 ==>    0.0000000000000000        0.0000000000000000     
 Q value wg2 wg2 ==>   2.97741698954513687E-005  2.52160339331755398E-006
 B after wg2 wg2 ==>  2.91497772791607756E-005  2.52160339331755398E-006
 LTM d(wg2)/d(wg2)   0.0000000000000000     
 B before wg2 wg2 ==>    0.0000000000000000        0.0000000000000000     
 Q value wg2 wg2 ==>   2.97741698954513687E-005  2.52160339331755398E-006
 B after wg2 wg2 ==>  2.91497772791607756E-005  2.52160339331755398E-006
 LTM d(wg2)/d(wg2)   0.0000000000000000     
 B before wg2 wg2 ==>    0.0000000000000000        0.0000000000000000     
 Q value wg2 wg2 ==>   2.97741698954513687E-005  2.52160339331755398E-006
 B after wg2 wg2 ==>  2.91497772791607756E-005  2.52160339331755398E-006
 LTM d(wg2)/d(wg2)   0.0000000000000000     
 B before wg2 wg2 ==>    0.0000000000000000        0.0000000000000000     
 Q value wg2 wg2 ==>   2.97741698954513687E-005  2.52160339331755398E-006
 B after wg2 wg2 ==>  2.91497772791607756E-005  2.52160339331755398E-006
 LTM d(wg2)/d(wg2)   0.0000000000000000     
 B before wg2 wg2 ==>    0.0000000000000000        0.0000000000000000     
 Q value wg2 wg2 ==>   2.97741698954513687E-005  2.52160339331755398E-006
 B after wg2 wg2 ==>  2.91497772791607756E-005  2.52160339331755398E-006
 LTM d(wg2)/d(wg2)   0.0000000000000000     
 B before wg2 wg2 ==>    0.0000000000000000        0.0000000000000000     
 Q value wg2 wg2 ==>   2.97741698954513687E-005  2.52160339331755398E-006
 B after wg2 wg2 ==>  2.91497772791607756E-005  2.52160339331755398E-006
 LTM d(wg2)/d(wg2)   0.0000000000000000     
 B before wg2 wg2 ==>    0.0000000000000000        0.0000000000000000     
 Q value wg2 wg2 ==>   2.97741698954513687E-005  2.52160339331755398E-006
 B after wg2 wg2 ==>  2.91497772791607756E-005  2.52160339331755398E-006
 LTM d(wg2)/d(wg2)   0.0000000000000000     
 B before wg2 wg2 ==>    0.0000000000000000        0.0000000000000000     
 Q value wg2 wg2 ==>   2.97741698954513687E-005  2.52160339331755398E-006
 B after wg2 wg2 ==>  2.91497772791607756E-005  2.52160339331755398E-006
 LTM d(wg2)/d(wg2)   0.0000000000000000     
 B before wg2 wg2 ==>    0.0000000000000000        0.0000000000000000     
 Q value wg2 wg2 ==>   2.95712842777049175E-005  2.48735531756896147E-006
 B after wg2 wg2 ==>  2.87538689523569085E-005  2.48735531756896147E-006
 LTM d(wg2)/d(wg2)   0.0000000000000000     
 B before wg2 wg2 ==>    0.0000000000000000        0.0000000000000000     
 Q value wg2 wg2 ==>   2.94614274340215179E-005  2.46890867612477336E-006
 B after wg2 wg2 ==>  2.85406254696301611E-005  2.46890867612477336E-006
 LTM d(wg2)/d(wg2)   0.0000000000000000     
 B before wg2 wg2 ==>    0.0000000000000000        0.0000000000000000     
 Q value wg2 wg2 ==>   2.97741698954513687E-005  2.52160339331755398E-006
 B after wg2 wg2 ==>  2.91497772791607756E-005  2.52160339331755398E-006
 LTM d(wg2)/d(wg2)   0.0000000000000000     
 B before wg2 wg2 ==>    0.0000000000000000        0.0000000000000000     
 Q value wg2 wg2 ==>   2.77337176582312260E-005  2.18783031508334000E-006
 B after wg2 wg2 ==>  2.52913549284886031E-005  2.18783031508334000E-006
 LTM d(wg2)/d(wg2)   0.0000000000000000     
 B before wg2 wg2 ==>    0.0000000000000000        0.0000000000000000     
 Q value wg2 wg2 ==>   2.77337176582312260E-005  2.18783031508334000E-006
 B after wg2 wg2 ==>  2.52913549284886031E-005  2.18783031508334000E-006
 LTM d(wg2)/d(wg2)   0.0000000000000000     
 B before wg2 wg2 ==>    0.0000000000000000        0.0000000000000000     
 Q value wg2 wg2 ==>   2.77337176582312260E-005  2.18783031508334000E-006
 B after wg2 wg2 ==>  2.52913549284886031E-005  2.18783031508334000E-006
 LTM d(wg2)/d(wg2)   0.0000000000000000     
 B before wg2 wg2 ==>    0.0000000000000000        0.0000000000000000     
 Q value wg2 wg2 ==>   2.77337176582312260E-005  2.18783031508334000E-006
 B after wg2 wg2 ==>  2.52913549284886031E-005  2.18783031508334000E-006
 LTM d(wg2)/d(wg2)   0.0000000000000000     
 B before wg2 wg2 ==>    0.0000000000000000        0.0000000000000000     
 Q value wg2 wg2 ==>   2.77337176582312260E-005  2.18783031508334000E-006
 B after wg2 wg2 ==>  2.52913549284886031E-005  2.18783031508334000E-006
 LTM d(wg2)/d(wg2)   0.0000000000000000     
 B before wg2 wg2 ==>    0.0000000000000000        0.0000000000000000     
 Q value wg2 wg2 ==>   2.77337176582312260E-005  2.18783031508334000E-006
 B after wg2 wg2 ==>  2.52913549284886031E-005  2.18783031508334000E-006
 LTM d(wg2)/d(wg2)   0.0000000000000000     
 B before wg2 wg2 ==>    0.0000000000000000        0.0000000000000000     
 Q value wg2 wg2 ==>   2.77337176582312260E-005  2.18783031508334000E-006
 B after wg2 wg2 ==>  2.52913549284886031E-005  2.18783031508334000E-006
 LTM d(wg2)/d(wg2)   0.0000000000000000     
 B before wg2 wg2 ==>    0.0000000000000000        0.0000000000000000     
 Q value wg2 wg2 ==>   2.88118474595451211E-005  2.36123748702463053E-006
 B after wg2 wg2 ==>  2.72959447280158881E-005  2.36123748702463053E-006
 LTM d(wg2)/d(wg2)   0.0000000000000000     
 B before wg2 wg2 ==>    0.0000000000000000        0.0000000000000000     
 Q value wg2 wg2 ==>   2.97089177555428681E-005  2.51056297018484745E-006
 B after wg2 wg2 ==>  2.90221498036271693E-005  2.51056297018484745E-006
 LTM d(wg2)/d(wg2)   0.0000000000000000     
 B before wg2 wg2 ==>    0.0000000000000000        0.0000000000000000     
 Q value wg2 wg2 ==>   2.84954954799046985E-005  2.30966972485765470E-006
 B after wg2 wg2 ==>  2.66998205373776437E-005  2.30966972485765470E-006
 LTM d(wg2)/d(wg2)   0.0000000000000000     
 B before wg2 wg2 ==>    0.0000000000000000        0.0000000000000000     
 Q value wg2 wg2 ==>   2.84954954799046985E-005  2.30966972485765470E-006
 B after wg2 wg2 ==>  2.66998205373776437E-005  2.30966972485765470E-006
 LTM d(wg2)/d(wg2)   0.0000000000000000     
 B before wg2 wg2 ==>    0.0000000000000000        0.0000000000000000     
 Q value wg2 wg2 ==>   2.90936028119118349E-005  2.40764508324205300E-006
 B after wg2 wg2 ==>  2.78324173142219637E-005  2.40764508324205300E-006
 LTM d(wg2)/d(wg2)   0.0000000000000000     
 B before wg2 wg2 ==>    0.0000000000000000        0.0000000000000000     
 Q value wg2 wg2 ==>   2.93454751906339267E-005  2.44951300028902770E-006
 B after wg2 wg2 ==>  2.83164111335101011E-005  2.44951300028902770E-006
 LTM d(wg2)/d(wg2)   0.0000000000000000     
 B before wg2 wg2 ==>    0.0000000000000000        0.0000000000000000     
 Q value wg2 wg2 ==>   2.93454751906339301E-005  2.44951300028902855E-006
 B after wg2 wg2 ==>  2.83164111335101113E-005  2.44951300028902855E-006
 LTM d(wg2)/d(wg2)   0.0000000000000000     
 B before wg2 wg2 ==>    0.0000000000000000        0.0000000000000000     
 Q value wg2 wg2 ==>   2.93454751906339301E-005  2.44951300028902855E-006
 B after wg2 wg2 ==>  2.83164111335101113E-005  2.44951300028902855E-006
 LTM d(wg2)/d(wg2)   0.0000000000000000     
 B before wg2 wg2 ==>    0.0000000000000000        0.0000000000000000     
 Q value wg2 wg2 ==>   2.93454751906339301E-005  2.44951300028902855E-006
 B after wg2 wg2 ==>  2.83164111335101113E-005  2.44951300028902855E-006
 LTM d(wg2)/d(wg2)   0.0000000000000000     
 B before wg2 wg2 ==>    0.0000000000000000        0.0000000000000000     
 Q value wg2 wg2 ==>   2.93454751906339301E-005  2.44951300028902855E-006
 B after wg2 wg2 ==>  2.83164111335101113E-005  2.44951300028902855E-006
 LTM d(wg2)/d(wg2)   0.0000000000000000     
 B before wg2 wg2 ==>    0.0000000000000000        0.0000000000000000     
 Q value wg2 wg2 ==>   2.93454751906339301E-005  2.44951300028902855E-006
 B after wg2 wg2 ==>  2.83164111335101113E-005  2.44951300028902855E-006
 LTM d(wg2)/d(wg2)   0.0000000000000000     
 B before wg2 wg2 ==>    0.0000000000000000        0.0000000000000000     
 Q value wg2 wg2 ==>   2.93454751906339301E-005  2.44951300028902855E-006
 B after wg2 wg2 ==>  2.83164111335101113E-005  2.44951300028902855E-006
 LTM d(wg2)/d(wg2)   0.0000000000000000     
 B before wg2 wg2 ==>    0.0000000000000000        0.0000000000000000     
 Q value wg2 wg2 ==>   2.93454751906339267E-005  2.44951300028902770E-006
 B after wg2 wg2 ==>  2.83164111335101011E-005  2.44951300028902770E-006
 LTM d(wg2)/d(wg2)   0.0000000000000000     
 B before wg2 wg2 ==>    0.0000000000000000        0.0000000000000000     
 Q value wg2 wg2 ==>   2.93454751906339267E-005  2.44951300028902770E-006
 B after wg2 wg2 ==>  2.83164111335101011E-005  2.44951300028902770E-006
 LTM d(wg2)/d(wg2)   0.0000000000000000     
 B before wg2 wg2 ==>    0.0000000000000000        0.0000000000000000     
 Q value wg2 wg2 ==>   2.93454751906339301E-005  2.44951300028902855E-006
 B after wg2 wg2 ==>  2.83164111335101113E-005  2.44951300028902855E-006
 LTM d(wg2)/d(wg2)   0.0000000000000000     
 B before wg2 wg2 ==>    0.0000000000000000        0.0000000000000000     
 Q value wg2 wg2 ==>   2.93454751906339301E-005  2.44951300028902855E-006
 B after wg2 wg2 ==>  2.83164111335101113E-005  2.44951300028902855E-006
 LTM d(wg2)/d(wg2)   0.0000000000000000     
 B before wg2 wg2 ==>    0.0000000000000000        0.0000000000000000     
 Q value wg2 wg2 ==>   3.07286077929626550E-005  2.68585909160881841E-006
 B after wg2 wg2 ==>  3.10485758906759720E-005  2.68585909160881841E-006
 LTM d(wg2)/d(wg2)   0.0000000000000000     
 B before wg2 wg2 ==>    0.0000000000000000        0.0000000000000000     
 Q value wg2 wg2 ==>   2.99567439760672274E-005  2.55262296077550968E-006
 B after wg2 wg2 ==>  2.95083639962835194E-005  2.55262296077550968E-006
 LTM d(wg2)/d(wg2)   0.0000000000000000     
 B before wg2 wg2 ==>    0.0000000000000000        0.0000000000000000     
 Q value wg2 wg2 ==>   2.99567439760672274E-005  2.55262296077550968E-006
 B after wg2 wg2 ==>  2.95083639962835194E-005  2.55262296077550968E-006
 LTM d(wg2)/d(wg2)   0.0000000000000000     
 B before wg2 wg2 ==>    0.0000000000000000        0.0000000000000000     
 Q value wg2 wg2 ==>   2.95712843201975552E-005  2.48735532471740243E-006
 B after wg2 wg2 ==>  2.87538690349930057E-005  2.48735532471740243E-006
 LTM d(wg2)/d(wg2)   0.0000000000000000     
 B before wg2 wg2 ==>    0.0000000000000000        0.0000000000000000     
 Q value wg2 wg2 ==>   2.97741698954513687E-005  2.52160339331755398E-006
 B after wg2 wg2 ==>  2.91497772791607756E-005  2.52160339331755398E-006
 LTM d(wg2)/d(wg2)   0.0000000000000000     
 B before wg2 wg2 ==>    0.0000000000000000        0.0000000000000000     
 Q value wg2 wg2 ==>   2.97741698954513687E-005  2.52160339331755398E-006
 B after wg2 wg2 ==>  2.91497772791607756E-005  2.52160339331755398E-006
 LTM d(wg2)/d(wg2)   0.0000000000000000     
 B before wg2 wg2 ==>    0.0000000000000000        0.0000000000000000     
 Q value wg2 wg2 ==>   2.97741698954513687E-005  2.52160339331755398E-006
 B after wg2 wg2 ==>  2.91497772791607756E-005  2.52160339331755398E-006
 LTM d(wg2)/d(wg2)   0.0000000000000000     
 B before wg2 wg2 ==>    0.0000000000000000        0.0000000000000000     
 Q value wg2 wg2 ==>   2.97741698954513687E-005  2.52160339331755398E-006
 B after wg2 wg2 ==>  2.91497772791607756E-005  2.52160339331755398E-006
 LTM d(wg2)/d(wg2)   0.0000000000000000     
 B before wg2 wg2 ==>    0.0000000000000000        0.0000000000000000     
 Q value wg2 wg2 ==>   2.97741698954513687E-005  2.52160339331755398E-006
 B after wg2 wg2 ==>  2.91497772791607756E-005  2.52160339331755398E-006
 LTM d(wg2)/d(wg2)   0.0000000000000000     
 B before wg2 wg2 ==>    0.0000000000000000        0.0000000000000000     
 Q value wg2 wg2 ==>   2.97741698954513687E-005  2.52160339331755398E-006
 B after wg2 wg2 ==>  2.91497772791607756E-005  2.52160339331755398E-006
 LTM d(wg2)/d(wg2)   0.0000000000000000     
 B before wg2 wg2 ==>    0.0000000000000000        0.0000000000000000     
 Q value wg2 wg2 ==>   2.97741698954513687E-005  2.52160339331755398E-006
 B after wg2 wg2 ==>  2.91497772791607756E-005  2.52160339331755398E-006
 LTM d(wg2)/d(wg2)   0.0000000000000000     
 B before wg2 wg2 ==>    0.0000000000000000        0.0000000000000000     
 Q value wg2 wg2 ==>   2.97741698954513687E-005  2.52160339331755398E-006
 B after wg2 wg2 ==>  2.91497772791607756E-005  2.52160339331755398E-006
 LTM d(wg2)/d(wg2)   0.0000000000000000     
 B before wg2 wg2 ==>    0.0000000000000000        0.0000000000000000     
 Q value wg2 wg2 ==>   2.97741698954513687E-005  2.52160339331755398E-006
 B after wg2 wg2 ==>  2.91497772791607756E-005  2.52160339331755398E-006
 LTM d(wg2)/d(wg2)   0.0000000000000000     
 B before wg2 wg2 ==>    0.0000000000000000        0.0000000000000000     
 Q value wg2 wg2 ==>   2.97741698954513687E-005  2.52160339331755398E-006
 B after wg2 wg2 ==>  2.91497772791607756E-005  2.52160339331755398E-006
 LTM d(wg2)/d(wg2)   0.0000000000000000     
 B before wg2 wg2 ==>    0.0000000000000000        0.0000000000000000     
 Q value wg2 wg2 ==>   2.97741698954513687E-005  2.52160339331755398E-006
 B after wg2 wg2 ==>  2.91497772791607756E-005  2.52160339331755398E-006
 LTM d(wg2)/d(wg2)   0.0000000000000000     
 B before wg2 wg2 ==>    0.0000000000000000        0.0000000000000000     
 Q value wg2 wg2 ==>   2.86051263465708515E-005  2.32747592050711275E-006
 B after wg2 wg2 ==>  2.69056604560366904E-005  2.32747592050711275E-006
 LTM d(wg2)/d(wg2)   0.0000000000000000     
 B before wg2 wg2 ==>    0.0000000000000000        0.0000000000000000     
 Q value wg2 wg2 ==>   2.77337176582312260E-005  2.18783031508334000E-006
 B after wg2 wg2 ==>  2.52913549284886031E-005  2.18783031508334000E-006
 LTM d(wg2)/d(wg2)   0.0000000000000000     
 B before wg2 wg2 ==>    0.0000000000000000        0.0000000000000000     
 Q value wg2 wg2 ==>   2.77337176582312260E-005  2.18783031508334000E-006
 B after wg2 wg2 ==>  2.52913549284886031E-005  2.18783031508334000E-006
 LTM d(wg2)/d(wg2)   0.0000000000000000     
 B before wg2 wg2 ==>    0.0000000000000000        0.0000000000000000     
 Q value wg2 wg2 ==>   2.77337176582312260E-005  2.18783031508334000E-006
 B after wg2 wg2 ==>  2.52913549284886031E-005  2.18783031508334000E-006
 LTM d(wg2)/d(wg2)   0.0000000000000000     
 B before wg2 wg2 ==>    0.0000000000000000        0.0000000000000000     
 Q value wg2 wg2 ==>   2.77337176582312260E-005  2.18783031508334000E-006
 B after wg2 wg2 ==>  2.52913549284886031E-005  2.18783031508334000E-006
 LTM d(wg2)/d(wg2)   0.0000000000000000     
 B before wg2 wg2 ==>    0.0000000000000000        0.0000000000000000     
 Q value wg2 wg2 ==>   2.77337176582312260E-005  2.18783031508334000E-006
 B after wg2 wg2 ==>  2.52913549284886031E-005  2.18783031508334000E-006
 LTM d(wg2)/d(wg2)   0.0000000000000000     
 B before wg2 wg2 ==>    0.0000000000000000        0.0000000000000000     
 Q value wg2 wg2 ==>   2.77337176582312260E-005  2.18783031508334000E-006
 B after wg2 wg2 ==>  2.52913549284886031E-005  2.18783031508334000E-006
 LTM d(wg2)/d(wg2)   0.0000000000000000     
 B before wg2 wg2 ==>    0.0000000000000000        0.0000000000000000     
 Q value wg2 wg2 ==>   2.77337176582312260E-005  2.18783031508334000E-006
 B after wg2 wg2 ==>  2.52913549284886031E-005  2.18783031508334000E-006
 LTM d(wg2)/d(wg2)   0.0000000000000000     
 B before wg2 wg2 ==>    0.0000000000000000        0.0000000000000000     
 Q value wg2 wg2 ==>   2.88118474595451211E-005  2.36123748702463053E-006
 B after wg2 wg2 ==>  2.72959447280158881E-005  2.36123748702463053E-006
 LTM d(wg2)/d(wg2)   0.0000000000000000     
 B before wg2 wg2 ==>    0.0000000000000000        0.0000000000000000     
 Q value wg2 wg2 ==>   2.84954954799046985E-005  2.30966972485765470E-006
 B after wg2 wg2 ==>  2.66998205373776437E-005  2.30966972485765470E-006
 LTM d(wg2)/d(wg2)   0.0000000000000000     
 B before wg2 wg2 ==>    0.0000000000000000        0.0000000000000000     
 Q value wg2 wg2 ==>   2.84954954799046985E-005  2.30966972485765470E-006
 B after wg2 wg2 ==>  2.66998205373776437E-005  2.30966972485765470E-006
 LTM d(wg2)/d(wg2)   0.0000000000000000     
 B before wg2 wg2 ==>    0.0000000000000000        0.0000000000000000     
 Q value wg2 wg2 ==>   2.84954954799046985E-005  2.30966972485765470E-006
 B after wg2 wg2 ==>  2.66998205373776437E-005  2.30966972485765470E-006
 LTM d(wg2)/d(wg2)   0.0000000000000000     
 B before wg2 wg2 ==>    0.0000000000000000        0.0000000000000000     
 Q value wg2 wg2 ==>   2.95712842777049175E-005  2.48735531756896147E-006
 B after wg2 wg2 ==>  2.87538689523569085E-005  2.48735531756896147E-006
 LTM d(wg2)/d(wg2)   0.0000000000000000     
 B before wg2 wg2 ==>    0.0000000000000000        0.0000000000000000     
 Q value wg2 wg2 ==>   3.07286077929626550E-005  2.68585909160881841E-006
 B after wg2 wg2 ==>  3.10485758906759720E-005  2.68585909160881841E-006
 LTM d(wg2)/d(wg2)   0.0000000000000000     
 B before wg2 wg2 ==>    0.0000000000000000        0.0000000000000000     
 Q value wg2 wg2 ==>   3.07286077929626550E-005  2.68585909160881841E-006
 B after wg2 wg2 ==>  3.10485758906759720E-005  2.68585909160881841E-006
 LTM d(wg2)/d(wg2)   0.0000000000000000     
 B before wg2 wg2 ==>    0.0000000000000000        0.0000000000000000     
 Q value wg2 wg2 ==>   3.07286077929626550E-005  2.68585909160881841E-006
 B after wg2 wg2 ==>  3.10485758906759720E-005  2.68585909160881841E-006
 LTM d(wg2)/d(wg2)   0.0000000000000000     
 B before wg2 wg2 ==>    0.0000000000000000        0.0000000000000000     
 Q value wg2 wg2 ==>   3.07286077929626550E-005  2.68585909160881841E-006
 B after wg2 wg2 ==>  3.10485758906759720E-005  2.68585909160881841E-006
 LTM d(wg2)/d(wg2)   0.0000000000000000     
 B before wg2 wg2 ==>    0.0000000000000000        0.0000000000000000     
 Q value wg2 wg2 ==>   3.07286077929626550E-005  2.68585909160881841E-006
 B after wg2 wg2 ==>  3.10485758906759720E-005  2.68585909160881841E-006
 LTM d(wg2)/d(wg2)   0.0000000000000000     
 B before wg2 wg2 ==>    0.0000000000000000        0.0000000000000000     
 Q value wg2 wg2 ==>   3.07286077929626550E-005  2.68585909160881841E-006
 B after wg2 wg2 ==>  3.10485758906759720E-005  2.68585909160881841E-006
 LTM d(wg2)/d(wg2)   0.0000000000000000     
 B before wg2 wg2 ==>    0.0000000000000000        0.0000000000000000     
 Q value wg2 wg2 ==>   2.93454751906339301E-005  2.44951300028902855E-006
 B after wg2 wg2 ==>  2.83164111335101113E-005  2.44951300028902855E-006
 LTM d(wg2)/d(wg2)   0.0000000000000000     
 B before wg2 wg2 ==>    0.0000000000000000        0.0000000000000000     
 Q value wg2 wg2 ==>   2.93454751906339267E-005  2.44951300028902770E-006
 B after wg2 wg2 ==>  2.83164111335101011E-005  2.44951300028902770E-006
 LTM d(wg2)/d(wg2)   0.0000000000000000     
 B before wg2 wg2 ==>    0.0000000000000000        0.0000000000000000     
 Q value wg2 wg2 ==>   2.93454751906339301E-005  2.44951300028902855E-006
 B after wg2 wg2 ==>  2.83164111335101113E-005  2.44951300028902855E-006
 LTM d(wg2)/d(wg2)   0.0000000000000000     
 B before wg2 wg2 ==>    0.0000000000000000        0.0000000000000000     
 Q value wg2 wg2 ==>   2.93454751906339301E-005  2.44951300028902855E-006
 B after wg2 wg2 ==>  2.83164111335101113E-005  2.44951300028902855E-006
 LTM d(wg2)/d(wg2)   0.0000000000000000     
 B before wg2 wg2 ==>    0.0000000000000000        0.0000000000000000     
 Q value wg2 wg2 ==>   2.93454751906339301E-005  2.44951300028902855E-006
 B after wg2 wg2 ==>  2.83164111335101113E-005  2.44951300028902855E-006
 LTM d(wg2)/d(wg2)   0.0000000000000000     
 B before wg2 wg2 ==>    0.0000000000000000        0.0000000000000000     
 Q value wg2 wg2 ==>   3.07286077929626550E-005  2.68585909160881841E-006
 B after wg2 wg2 ==>  3.10485758906759720E-005  2.68585909160881841E-006
 LTM d(wg2)/d(wg2)   0.0000000000000000     
 B before wg2 wg2 ==>    0.0000000000000000        0.0000000000000000     
 Q value wg2 wg2 ==>   2.99567439760672274E-005  2.55262296077550968E-006
 B after wg2 wg2 ==>  2.95083639962835194E-005  2.55262296077550968E-006
 LTM d(wg2)/d(wg2)   0.0000000000000000     
 B before wg2 wg2 ==>    0.0000000000000000        0.0000000000000000     
 Q value wg2 wg2 ==>   2.99567439760672274E-005  2.55262296077550968E-006
 B after wg2 wg2 ==>  2.95083639962835194E-005  2.55262296077550968E-006
 LTM d(wg2)/d(wg2)   0.0000000000000000     
 B before wg2 wg2 ==>    0.0000000000000000        0.0000000000000000     
 Q value wg2 wg2 ==>   2.97741698954513687E-005  2.52160339331755398E-006
 B after wg2 wg2 ==>  2.91497772791607756E-005  2.52160339331755398E-006
 LTM d(wg2)/d(wg2)   0.0000000000000000     
 B before wg2 wg2 ==>    0.0000000000000000        0.0000000000000000     
 Q value wg2 wg2 ==>   2.97741698954513687E-005  2.52160339331755398E-006
 B after wg2 wg2 ==>  2.91497772791607756E-005  2.52160339331755398E-006
 LTM d(wg2)/d(wg2)   0.0000000000000000     
 B before wg2 wg2 ==>    0.0000000000000000        0.0000000000000000     
 Q value wg2 wg2 ==>   2.97741698954513687E-005  2.52160339331755398E-006
 B after wg2 wg2 ==>  2.91497772791607756E-005  2.52160339331755398E-006
 LTM d(wg2)/d(wg2)   0.0000000000000000     
 B before wg2 wg2 ==>    0.0000000000000000        0.0000000000000000     
 Q value wg2 wg2 ==>   2.97741698954513687E-005  2.52160339331755398E-006
 B after wg2 wg2 ==>  2.91497772791607756E-005  2.52160339331755398E-006
 LTM d(wg2)/d(wg2)   0.0000000000000000     
 B before wg2 wg2 ==>    0.0000000000000000        0.0000000000000000     
 Q value wg2 wg2 ==>   2.97741698954513687E-005  2.52160339331755398E-006
 B after wg2 wg2 ==>  2.91497772791607756E-005  2.52160339331755398E-006
 LTM d(wg2)/d(wg2)   0.0000000000000000     
 B before wg2 wg2 ==>    0.0000000000000000        0.0000000000000000     
 Q value wg2 wg2 ==>   2.97741698954513687E-005  2.52160339331755398E-006
 B after wg2 wg2 ==>  2.91497772791607756E-005  2.52160339331755398E-006
 LTM d(wg2)/d(wg2)   0.0000000000000000     
 B before wg2 wg2 ==>    0.0000000000000000        0.0000000000000000     
 Q value wg2 wg2 ==>   2.97741698954513687E-005  2.52160339331755398E-006
 B after wg2 wg2 ==>  2.91497772791607756E-005  2.52160339331755398E-006
 LTM d(wg2)/d(wg2)   0.0000000000000000     
 B before wg2 wg2 ==>    0.0000000000000000        0.0000000000000000     
 Q value wg2 wg2 ==>   2.97741698954513687E-005  2.52160339331755398E-006
 B after wg2 wg2 ==>  2.91497772791607756E-005  2.52160339331755398E-006
 LTM d(wg2)/d(wg2)   0.0000000000000000     
 B before wg2 wg2 ==>    0.0000000000000000        0.0000000000000000     
 Q value wg2 wg2 ==>   2.97741698954513687E-005  2.52160339331755398E-006
 B after wg2 wg2 ==>  2.91497772791607756E-005  2.52160339331755398E-006
 LTM d(wg2)/d(wg2)   0.0000000000000000     
 B before wg2 wg2 ==>    0.0000000000000000        0.0000000000000000     
 Q value wg2 wg2 ==>   2.97741698954513687E-005  2.52160339331755398E-006
 B after wg2 wg2 ==>  2.91497772791607756E-005  2.52160339331755398E-006
 LTM d(wg2)/d(wg2)   0.0000000000000000     
 B before wg2 wg2 ==>    0.0000000000000000        0.0000000000000000     
 Q value wg2 wg2 ==>   2.97741698954513687E-005  2.52160339331755398E-006
 B after wg2 wg2 ==>  2.91497772791607756E-005  2.52160339331755398E-006
 LTM d(wg2)/d(wg2)   0.0000000000000000     
 B before wg2 wg2 ==>    0.0000000000000000        0.0000000000000000     
 Q value wg2 wg2 ==>   2.97741698954513687E-005  2.52160339331755398E-006
 B after wg2 wg2 ==>  2.91497772791607756E-005  2.52160339331755398E-006
 LTM d(wg2)/d(wg2)   0.0000000000000000     
 B before wg2 wg2 ==>    0.0000000000000000        0.0000000000000000     
 Q value wg2 wg2 ==>   2.89567310871140741E-005  2.38504469404853643E-006
 B after wg2 wg2 ==>  2.75711564382415392E-005  2.38504469404853643E-006
 LTM d(wg2)/d(wg2)   0.0000000000000000     
 B before wg2 wg2 ==>    0.0000000000000000        0.0000000000000000     
 Q value wg2 wg2 ==>   2.77337176582312260E-005  2.18783031508334000E-006
 B after wg2 wg2 ==>  2.52913549284886031E-005  2.18783031508334000E-006
 LTM d(wg2)/d(wg2)   0.0000000000000000     
 B before wg2 wg2 ==>    0.0000000000000000        0.0000000000000000     
 Q value wg2 wg2 ==>   2.77337176582312260E-005  2.18783031508334000E-006
 B after wg2 wg2 ==>  2.52913549284886031E-005  2.18783031508334000E-006
 LTM d(wg2)/d(wg2)   0.0000000000000000     
 B before wg2 wg2 ==>    0.0000000000000000        0.0000000000000000     
 Q value wg2 wg2 ==>   2.77337176582312260E-005  2.18783031508334000E-006
 B after wg2 wg2 ==>  2.52913549284886031E-005  2.18783031508334000E-006
 LTM d(wg2)/d(wg2)   0.0000000000000000     
 B before wg2 wg2 ==>    0.0000000000000000        0.0000000000000000     
 Q value wg2 wg2 ==>   2.77337176582312260E-005  2.18783031508334000E-006
 B after wg2 wg2 ==>  2.52913549284886031E-005  2.18783031508334000E-006
 LTM d(wg2)/d(wg2)   0.0000000000000000     
 B before wg2 wg2 ==>    0.0000000000000000        0.0000000000000000     
 Q value wg2 wg2 ==>   2.77337176582312260E-005  2.18783031508334000E-006
 B after wg2 wg2 ==>  2.52913549284886031E-005  2.18783031508334000E-006
 LTM d(wg2)/d(wg2)   0.0000000000000000     
 B before wg2 wg2 ==>    0.0000000000000000        0.0000000000000000     
 Q value wg2 wg2 ==>   2.77337176582312260E-005  2.18783031508334000E-006
 B after wg2 wg2 ==>  2.52913549284886031E-005  2.18783031508334000E-006
 LTM d(wg2)/d(wg2)   0.0000000000000000     
 B before wg2 wg2 ==>    0.0000000000000000        0.0000000000000000     
 Q value wg2 wg2 ==>   2.77337176582312260E-005  2.18783031508334000E-006
 B after wg2 wg2 ==>  2.52913549284886031E-005  2.18783031508334000E-006
 LTM d(wg2)/d(wg2)   0.0000000000000000     
 B before wg2 wg2 ==>    0.0000000000000000        0.0000000000000000     
 Q value wg2 wg2 ==>   2.77337176582312260E-005  2.18783031508334000E-006
 B after wg2 wg2 ==>  2.52913549284886031E-005  2.18783031508334000E-006
 LTM d(wg2)/d(wg2)   0.0000000000000000     
 B before wg2 wg2 ==>    0.0000000000000000        0.0000000000000000     
 Q value wg2 wg2 ==>   2.82625168526286871E-005  2.27205648738167606E-006
 B after wg2 wg2 ==>  2.62650108848848853E-005  2.27205648738167606E-006
 LTM d(wg2)/d(wg2)   0.0000000000000000     
 B before wg2 wg2 ==>    0.0000000000000000        0.0000000000000000     
 Q value wg2 wg2 ==>   2.84954954799046985E-005  2.30966972485765470E-006
 B after wg2 wg2 ==>  2.66998205373776437E-005  2.30966972485765470E-006
 LTM d(wg2)/d(wg2)   0.0000000000000000     
 B before wg2 wg2 ==>    0.0000000000000000        0.0000000000000000     
 Q value wg2 wg2 ==>   2.84954954799046985E-005  2.30966972485765470E-006
 B after wg2 wg2 ==>  2.66998205373776437E-005  2.30966972485765470E-006
 LTM d(wg2)/d(wg2)   0.0000000000000000     
 B before wg2 wg2 ==>    0.0000000000000000        0.0000000000000000     
 Q value wg2 wg2 ==>   2.84954954799046985E-005  2.30966972485765470E-006
 B after wg2 wg2 ==>  2.66998205373776437E-005  2.30966972485765470E-006
 LTM d(wg2)/d(wg2)   0.0000000000000000     
 B before wg2 wg2 ==>    0.0000000000000000        0.0000000000000000     
 Q value wg2 wg2 ==>   3.07286077929626550E-005  2.68585909160881841E-006
 B after wg2 wg2 ==>  3.10485758906759720E-005  2.68585909160881841E-006
 LTM d(wg2)/d(wg2)   0.0000000000000000     
 B before wg2 wg2 ==>    0.0000000000000000        0.0000000000000000     
 Q value wg2 wg2 ==>   3.07286077929626550E-005  2.68585909160881841E-006
 B after wg2 wg2 ==>  3.10485758906759720E-005  2.68585909160881841E-006
 LTM d(wg2)/d(wg2)   0.0000000000000000     
 B before wg2 wg2 ==>    0.0000000000000000        0.0000000000000000     
 Q value wg2 wg2 ==>   3.07286077929626550E-005  2.68585909160881841E-006
 B after wg2 wg2 ==>  3.10485758906759720E-005  2.68585909160881841E-006
 LTM d(wg2)/d(wg2)   0.0000000000000000     
 B before wg2 wg2 ==>    0.0000000000000000        0.0000000000000000     
 Q value wg2 wg2 ==>   3.07286077929626550E-005  2.68585909160881841E-006
 B after wg2 wg2 ==>  3.10485758906759720E-005  2.68585909160881841E-006
 LTM d(wg2)/d(wg2)   0.0000000000000000     
 B before wg2 wg2 ==>    0.0000000000000000        0.0000000000000000     
 Q value wg2 wg2 ==>   3.07286077929626550E-005  2.68585909160881841E-006
 B after wg2 wg2 ==>  3.10485758906759720E-005  2.68585909160881841E-006
 LTM d(wg2)/d(wg2)   0.0000000000000000     
 B before wg2 wg2 ==>    0.0000000000000000        0.0000000000000000     
 Q value wg2 wg2 ==>   3.07286077929626550E-005  2.68585909160881841E-006
 B after wg2 wg2 ==>  3.10485758906759720E-005  2.68585909160881841E-006
 LTM d(wg2)/d(wg2)   0.0000000000000000     
 B before wg2 wg2 ==>    0.0000000000000000        0.0000000000000000     
 Q value wg2 wg2 ==>   3.07286077929626550E-005  2.68585909160881841E-006
 B after wg2 wg2 ==>  3.10485758906759720E-005  2.68585909160881841E-006
 LTM d(wg2)/d(wg2)   0.0000000000000000     
 B before wg2 wg2 ==>    0.0000000000000000        0.0000000000000000     
 Q value wg2 wg2 ==>   3.07286077929626550E-005  2.68585909160881841E-006
 B after wg2 wg2 ==>  3.10485758906759720E-005  2.68585909160881841E-006
 LTM d(wg2)/d(wg2)   0.0000000000000000     
 B before wg2 wg2 ==>    0.0000000000000000        0.0000000000000000     
 Q value wg2 wg2 ==>   2.93454751906339301E-005  2.44951300028902855E-006
 B after wg2 wg2 ==>  2.83164111335101113E-005  2.44951300028902855E-006
 LTM d(wg2)/d(wg2)   0.0000000000000000     
 B before wg2 wg2 ==>    0.0000000000000000        0.0000000000000000     
 Q value wg2 wg2 ==>   2.99567440448829352E-005  2.55262297250312341E-006
 B after wg2 wg2 ==>  2.95083641318549271E-005  2.55262297250312341E-006
 LTM d(wg2)/d(wg2)   0.0000000000000000     
 B before wg2 wg2 ==>    0.0000000000000000        0.0000000000000000     
 Q value wg2 wg2 ==>   3.07286077929626550E-005  2.68585909160881841E-006
 B after wg2 wg2 ==>  3.10485758906759720E-005  2.68585909160881841E-006
 LTM d(wg2)/d(wg2)   0.0000000000000000     
 B before wg2 wg2 ==>    0.0000000000000000        0.0000000000000000     
 Q value wg2 wg2 ==>   3.07286077929626550E-005  2.68585909160881841E-006
 B after wg2 wg2 ==>  3.10485758906759720E-005  2.68585909160881841E-006
 LTM d(wg2)/d(wg2)   0.0000000000000000     
 B before wg2 wg2 ==>    0.0000000000000000        0.0000000000000000     
 Q value wg2 wg2 ==>   2.99567439760672274E-005  2.55262296077550968E-006
 B after wg2 wg2 ==>  2.95083639962835194E-005  2.55262296077550968E-006
 LTM d(wg2)/d(wg2)   0.0000000000000000     
 B before wg2 wg2 ==>    0.0000000000000000        0.0000000000000000     
 Q value wg2 wg2 ==>   2.99567439760672274E-005  2.55262296077550968E-006
 B after wg2 wg2 ==>  2.95083639962835194E-005  2.55262296077550968E-006
 LTM d(wg2)/d(wg2)   0.0000000000000000     
 B before wg2 wg2 ==>    0.0000000000000000        0.0000000000000000     
 Q value wg2 wg2 ==>   2.97741698954513687E-005  2.52160339331755398E-006
 B after wg2 wg2 ==>  2.91497772791607756E-005  2.52160339331755398E-006
 LTM d(wg2)/d(wg2)   0.0000000000000000     
 B before wg2 wg2 ==>    0.0000000000000000        0.0000000000000000     
 Q value wg2 wg2 ==>   2.97741698954513687E-005  2.52160339331755398E-006
 B after wg2 wg2 ==>  2.91497772791607756E-005  2.52160339331755398E-006
 LTM d(wg2)/d(wg2)   0.0000000000000000     
 B before wg2 wg2 ==>    0.0000000000000000        0.0000000000000000     
 Q value wg2 wg2 ==>   2.97741698954513687E-005  2.52160339331755398E-006
 B after wg2 wg2 ==>  2.91497772791607756E-005  2.52160339331755398E-006
 LTM d(wg2)/d(wg2)   0.0000000000000000     
 B before wg2 wg2 ==>    0.0000000000000000        0.0000000000000000     
 Q value wg2 wg2 ==>   2.97741698954513687E-005  2.52160339331755398E-006
 B after wg2 wg2 ==>  2.91497772791607756E-005  2.52160339331755398E-006
 LTM d(wg2)/d(wg2)   0.0000000000000000     
 B before wg2 wg2 ==>    0.0000000000000000        0.0000000000000000     
 Q value wg2 wg2 ==>   2.97741698954513687E-005  2.52160339331755398E-006
 B after wg2 wg2 ==>  2.91497772791607756E-005  2.52160339331755398E-006
 LTM d(wg2)/d(wg2)   0.0000000000000000     
 B before wg2 wg2 ==>    0.0000000000000000        0.0000000000000000     
 Q value wg2 wg2 ==>   2.97741698954513687E-005  2.52160339331755398E-006
 B after wg2 wg2 ==>  2.91497772791607756E-005  2.52160339331755398E-006
 LTM d(wg2)/d(wg2)   0.0000000000000000     
 B before wg2 wg2 ==>    0.0000000000000000        0.0000000000000000     
 Q value wg2 wg2 ==>   2.97741698954513687E-005  2.52160339331755398E-006
 B after wg2 wg2 ==>  2.91497772791607756E-005  2.52160339331755398E-006
 LTM d(wg2)/d(wg2)   0.0000000000000000     
 B before wg2 wg2 ==>    0.0000000000000000        0.0000000000000000     
 Q value wg2 wg2 ==>   2.97741698954513687E-005  2.52160339331755398E-006
 B after wg2 wg2 ==>  2.91497772791607756E-005  2.52160339331755398E-006
 LTM d(wg2)/d(wg2)   0.0000000000000000     
 B before wg2 wg2 ==>    0.0000000000000000        0.0000000000000000     
 Q value wg2 wg2 ==>   2.97741698954513687E-005  2.52160339331755398E-006
 B after wg2 wg2 ==>  2.91497772791607756E-005  2.52160339331755398E-006
 LTM d(wg2)/d(wg2)   0.0000000000000000     
 B before wg2 wg2 ==>    0.0000000000000000        0.0000000000000000     
 Q value wg2 wg2 ==>   2.97741698954513687E-005  2.52160339331755398E-006
 B after wg2 wg2 ==>  2.91497772791607756E-005  2.52160339331755398E-006
 LTM d(wg2)/d(wg2)   0.0000000000000000     
 B before wg2 wg2 ==>    0.0000000000000000        0.0000000000000000     
 Q value wg2 wg2 ==>   2.97741698954513687E-005  2.52160339331755398E-006
 B after wg2 wg2 ==>  2.91497772791607756E-005  2.52160339331755398E-006
 LTM d(wg2)/d(wg2)   0.0000000000000000     
 B before wg2 wg2 ==>    0.0000000000000000        0.0000000000000000     
 Q value wg2 wg2 ==>   2.97741698954513687E-005  2.52160339331755398E-006
 B after wg2 wg2 ==>  2.91497772791607756E-005  2.52160339331755398E-006
 LTM d(wg2)/d(wg2)   0.0000000000000000     
 B before wg2 wg2 ==>    0.0000000000000000        0.0000000000000000     
 Q value wg2 wg2 ==>   2.86051263465708515E-005  2.32747592050711275E-006
 B after wg2 wg2 ==>  2.69056604560366904E-005  2.32747592050711275E-006
 LTM d(wg2)/d(wg2)   0.0000000000000000     
 B before wg2 wg2 ==>    0.0000000000000000        0.0000000000000000     
 Q value wg2 wg2 ==>   2.77337176582312260E-005  2.18783031508334000E-006
 B after wg2 wg2 ==>  2.52913549284886031E-005  2.18783031508334000E-006
 LTM d(wg2)/d(wg2)   0.0000000000000000     
 B before wg2 wg2 ==>    0.0000000000000000        0.0000000000000000     
 Q value wg2 wg2 ==>   2.77337176582312260E-005  2.18783031508334000E-006
 B after wg2 wg2 ==>  2.52913549284886031E-005  2.18783031508334000E-006
 LTM d(wg2)/d(wg2)   0.0000000000000000     
 B before wg2 wg2 ==>    0.0000000000000000        0.0000000000000000     
 Q value wg2 wg2 ==>   2.77337176582312260E-005  2.18783031508334000E-006
 B after wg2 wg2 ==>  2.52913549284886031E-005  2.18783031508334000E-006
 LTM d(wg2)/d(wg2)   0.0000000000000000     
 B before wg2 wg2 ==>    0.0000000000000000        0.0000000000000000     
 Q value wg2 wg2 ==>   2.77337176582312260E-005  2.18783031508334000E-006
 B after wg2 wg2 ==>  2.52913549284886031E-005  2.18783031508334000E-006
 LTM d(wg2)/d(wg2)   0.0000000000000000     
 B before wg2 wg2 ==>    0.0000000000000000        0.0000000000000000     
 Q value wg2 wg2 ==>   2.77337176582312260E-005  2.18783031508334000E-006
 B after wg2 wg2 ==>  2.52913549284886031E-005  2.18783031508334000E-006
 LTM d(wg2)/d(wg2)   0.0000000000000000     
 B before wg2 wg2 ==>    0.0000000000000000        0.0000000000000000     
 Q value wg2 wg2 ==>   2.77337176582312260E-005  2.18783031508334000E-006
 B after wg2 wg2 ==>  2.52913549284886031E-005  2.18783031508334000E-006
 LTM d(wg2)/d(wg2)   0.0000000000000000     
 B before wg2 wg2 ==>    0.0000000000000000        0.0000000000000000     
 Q value wg2 wg2 ==>   2.77337176582312260E-005  2.18783031508334000E-006
 B after wg2 wg2 ==>  2.52913549284886031E-005  2.18783031508334000E-006
 LTM d(wg2)/d(wg2)   0.0000000000000000     
 B before wg2 wg2 ==>    0.0000000000000000        0.0000000000000000     
 Q value wg2 wg2 ==>   2.77337176582312260E-005  2.18783031508334000E-006
 B after wg2 wg2 ==>  2.52913549284886031E-005  2.18783031508334000E-006
 LTM d(wg2)/d(wg2)   0.0000000000000000     
 B before wg2 wg2 ==>    0.0000000000000000        0.0000000000000000     
 Q value wg2 wg2 ==>   2.77337176582312260E-005  2.18783031508334000E-006
 B after wg2 wg2 ==>  2.52913549284886031E-005  2.18783031508334000E-006
 LTM d(wg2)/d(wg2)   0.0000000000000000     
 B before wg2 wg2 ==>    0.0000000000000000        0.0000000000000000     
 Q value wg2 wg2 ==>   2.84954954799046985E-005  2.30966972485765470E-006
 B after wg2 wg2 ==>  2.66998205373776437E-005  2.30966972485765470E-006
 LTM d(wg2)/d(wg2)   0.0000000000000000     
 B before wg2 wg2 ==>    0.0000000000000000        0.0000000000000000     
 Q value wg2 wg2 ==>   2.84954954799046985E-005  2.30966972485765470E-006
 B after wg2 wg2 ==>  2.66998205373776437E-005  2.30966972485765470E-006
 LTM d(wg2)/d(wg2)   0.0000000000000000     
 B before wg2 wg2 ==>    0.0000000000000000        0.0000000000000000     
 Q value wg2 wg2 ==>   2.84954954799046985E-005  2.30966972485765470E-006
 B after wg2 wg2 ==>  2.66998205373776437E-005  2.30966972485765470E-006
 LTM d(wg2)/d(wg2)   0.0000000000000000     
 B before wg2 wg2 ==>    0.0000000000000000        0.0000000000000000     
 Q value wg2 wg2 ==>   2.99567439760672274E-005  2.55262296077550968E-006
 B after wg2 wg2 ==>  2.95083639962835194E-005  2.55262296077550968E-006
 LTM d(wg2)/d(wg2)   0.0000000000000000     
 B before wg2 wg2 ==>    0.0000000000000000        0.0000000000000000     
 Q value wg2 wg2 ==>   3.07286077929626550E-005  2.68585909160881841E-006
 B after wg2 wg2 ==>  3.10485758906759720E-005  2.68585909160881841E-006
 LTM d(wg2)/d(wg2)   0.0000000000000000     
 B before wg2 wg2 ==>    0.0000000000000000        0.0000000000000000     
 Q value wg2 wg2 ==>   3.07286077929626550E-005  2.68585909160881841E-006
 B after wg2 wg2 ==>  3.10485758906759720E-005  2.68585909160881841E-006
 LTM d(wg2)/d(wg2)   0.0000000000000000     
 B before wg2 wg2 ==>    0.0000000000000000        0.0000000000000000     
 Q value wg2 wg2 ==>   3.07286077929626550E-005  2.68585909160881841E-006
 B after wg2 wg2 ==>  3.10485758906759720E-005  2.68585909160881841E-006
 LTM d(wg2)/d(wg2)   0.0000000000000000     
 B before wg2 wg2 ==>    0.0000000000000000        0.0000000000000000     
 Q value wg2 wg2 ==>   3.07286077929626550E-005  2.68585909160881841E-006
 B after wg2 wg2 ==>  3.10485758906759720E-005  2.68585909160881841E-006
 LTM d(wg2)/d(wg2)   0.0000000000000000     
 B before wg2 wg2 ==>    0.0000000000000000        0.0000000000000000     
 Q value wg2 wg2 ==>   3.07286077929626550E-005  2.68585909160881841E-006
 B after wg2 wg2 ==>  3.10485758906759720E-005  2.68585909160881841E-006
 LTM d(wg2)/d(wg2)   0.0000000000000000     
 B before wg2 wg2 ==>    0.0000000000000000        0.0000000000000000     
 Q value wg2 wg2 ==>   3.07286077929626550E-005  2.68585909160881841E-006
 B after wg2 wg2 ==>  3.10485758906759720E-005  2.68585909160881841E-006
 LTM d(wg2)/d(wg2)   0.0000000000000000     
 B before wg2 wg2 ==>    0.0000000000000000        0.0000000000000000     
 Q value wg2 wg2 ==>   3.04824799435852309E-005  2.64300539309817188E-006
 B after wg2 wg2 ==>  3.05531864212280540E-005  2.64300539309817188E-006
 LTM d(wg2)/d(wg2)   0.0000000000000000     
 B before wg2 wg2 ==>    0.0000000000000000        0.0000000000000000     
 Q value wg2 wg2 ==>   3.07286077929626550E-005  2.68585909160881841E-006
 B after wg2 wg2 ==>  3.10485758906759720E-005  2.68585909160881841E-006
 LTM d(wg2)/d(wg2)   0.0000000000000000     
 B before wg2 wg2 ==>    0.0000000000000000        0.0000000000000000     
 Q value wg2 wg2 ==>   3.07286077929626550E-005  2.68585909160881841E-006
 B after wg2 wg2 ==>  3.10485758906759720E-005  2.68585909160881841E-006
 LTM d(wg2)/d(wg2)   0.0000000000000000     
 B before wg2 wg2 ==>    0.0000000000000000        0.0000000000000000     
 Q value wg2 wg2 ==>   3.07286077929626550E-005  2.68585909160881841E-006
 B after wg2 wg2 ==>  3.10485758906759720E-005  2.68585909160881841E-006
 LTM d(wg2)/d(wg2)   0.0000000000000000     
 B before wg2 wg2 ==>    0.0000000000000000        0.0000000000000000     
 Q value wg2 wg2 ==>   3.07286077929626550E-005  2.68585909160881841E-006
 B after wg2 wg2 ==>  3.10485758906759720E-005  2.68585909160881841E-006
 LTM d(wg2)/d(wg2)   0.0000000000000000     
 B before wg2 wg2 ==>    0.0000000000000000        0.0000000000000000     
 Q value wg2 wg2 ==>   2.99567439760672274E-005  2.55262296077550968E-006
 B after wg2 wg2 ==>  2.95083639962835194E-005  2.55262296077550968E-006
 LTM d(wg2)/d(wg2)   0.0000000000000000     
 B before wg2 wg2 ==>    0.0000000000000000        0.0000000000000000     
 Q value wg2 wg2 ==>   2.98678499673674923E-005  2.53749606875925152E-006
 B after wg2 wg2 ==>  2.93334968723066133E-005  2.53749606875925152E-006
 LTM d(wg2)/d(wg2)   0.0000000000000000     
 B before wg2 wg2 ==>    0.0000000000000000        0.0000000000000000     
 Q value wg2 wg2 ==>   2.97741698954513687E-005  2.52160339331755398E-006
 B after wg2 wg2 ==>  2.91497772791607756E-005  2.52160339331755398E-006
 LTM d(wg2)/d(wg2)   0.0000000000000000     
 B before wg2 wg2 ==>    0.0000000000000000        0.0000000000000000     
 Q value wg2 wg2 ==>   2.97741698954513687E-005  2.52160339331755398E-006
 B after wg2 wg2 ==>  2.91497772791607756E-005  2.52160339331755398E-006
 LTM d(wg2)/d(wg2)   0.0000000000000000     
 B before wg2 wg2 ==>    0.0000000000000000        0.0000000000000000     
 Q value wg2 wg2 ==>   2.97741698954513687E-005  2.52160339331755398E-006
 B after wg2 wg2 ==>  2.91497772791607756E-005  2.52160339331755398E-006
 LTM d(wg2)/d(wg2)   0.0000000000000000     
 B before wg2 wg2 ==>    0.0000000000000000        0.0000000000000000     
 Q value wg2 wg2 ==>   2.97741698954513687E-005  2.52160339331755398E-006
 B after wg2 wg2 ==>  2.91497772791607756E-005  2.52160339331755398E-006
 LTM d(wg2)/d(wg2)   0.0000000000000000     
 B before wg2 wg2 ==>    0.0000000000000000        0.0000000000000000     
 Q value wg2 wg2 ==>   2.97741698954513687E-005  2.52160339331755398E-006
 B after wg2 wg2 ==>  2.91497772791607756E-005  2.52160339331755398E-006
 LTM d(wg2)/d(wg2)   0.0000000000000000     
 B before wg2 wg2 ==>    0.0000000000000000        0.0000000000000000     
 Q value wg2 wg2 ==>   2.97741698954513687E-005  2.52160339331755398E-006
 B after wg2 wg2 ==>  2.91497772791607756E-005  2.52160339331755398E-006
 LTM d(wg2)/d(wg2)   0.0000000000000000     
 B before wg2 wg2 ==>    0.0000000000000000        0.0000000000000000     
 Q value wg2 wg2 ==>   2.97741698954513687E-005  2.52160339331755398E-006
 B after wg2 wg2 ==>  2.91497772791607756E-005  2.52160339331755398E-006
 LTM d(wg2)/d(wg2)   0.0000000000000000     
 B before wg2 wg2 ==>    0.0000000000000000        0.0000000000000000     
 Q value wg2 wg2 ==>   2.97741698954513687E-005  2.52160339331755398E-006
 B after wg2 wg2 ==>  2.91497772791607756E-005  2.52160339331755398E-006
 LTM d(wg2)/d(wg2)   0.0000000000000000     
 B before wg2 wg2 ==>    0.0000000000000000        0.0000000000000000     
 Q value wg2 wg2 ==>   2.97741698954513687E-005  2.52160339331755398E-006
 B after wg2 wg2 ==>  2.91497772791607756E-005  2.52160339331755398E-006
 LTM d(wg2)/d(wg2)   0.0000000000000000     
 B before wg2 wg2 ==>    0.0000000000000000        0.0000000000000000     
 Q value wg2 wg2 ==>   2.97741698954513687E-005  2.52160339331755398E-006
 B after wg2 wg2 ==>  2.91497772791607756E-005  2.52160339331755398E-006
 LTM d(wg2)/d(wg2)   0.0000000000000000     
 B before wg2 wg2 ==>    0.0000000000000000        0.0000000000000000     
 Q value wg2 wg2 ==>   2.97741698954513687E-005  2.52160339331755398E-006
 B after wg2 wg2 ==>  2.91497772791607756E-005  2.52160339331755398E-006
 LTM d(wg2)/d(wg2)   0.0000000000000000     
 B before wg2 wg2 ==>    0.0000000000000000        0.0000000000000000     
 Q value wg2 wg2 ==>   2.97741698954513687E-005  2.52160339331755398E-006
 B after wg2 wg2 ==>  2.91497772791607756E-005  2.52160339331755398E-006
 LTM d(wg2)/d(wg2)   0.0000000000000000     
 B before wg2 wg2 ==>    0.0000000000000000        0.0000000000000000     
 Q value wg2 wg2 ==>   2.92645864363604198E-005  2.43602778820610943E-006
 B after wg2 wg2 ==>  2.81605218569406645E-005  2.43602778820610943E-006
 LTM d(wg2)/d(wg2)   0.0000000000000000     
 B before wg2 wg2 ==>    0.0000000000000000        0.0000000000000000     
 Q value wg2 wg2 ==>   2.77337176582312260E-005  2.18783031508334000E-006
 B after wg2 wg2 ==>  2.52913549284886031E-005  2.18783031508334000E-006
 LTM d(wg2)/d(wg2)   0.0000000000000000     
 B before wg2 wg2 ==>    0.0000000000000000        0.0000000000000000     
 Q value wg2 wg2 ==>   2.77337176582312260E-005  2.18783031508334000E-006
 B after wg2 wg2 ==>  2.52913549284886031E-005  2.18783031508334000E-006
 LTM d(wg2)/d(wg2)   0.0000000000000000     
 B before wg2 wg2 ==>    0.0000000000000000        0.0000000000000000     
 Q value wg2 wg2 ==>   2.77337176582312260E-005  2.18783031508334000E-006
 B after wg2 wg2 ==>  2.52913549284886031E-005  2.18783031508334000E-006
 LTM d(wg2)/d(wg2)   0.0000000000000000     
 B before wg2 wg2 ==>    0.0000000000000000        0.0000000000000000     
 Q value wg2 wg2 ==>   2.77337176582312260E-005  2.18783031508334000E-006
 B after wg2 wg2 ==>  2.52913549284886031E-005  2.18783031508334000E-006
 LTM d(wg2)/d(wg2)   0.0000000000000000     
 B before wg2 wg2 ==>    0.0000000000000000        0.0000000000000000     
 Q value wg2 wg2 ==>   2.77337176582312260E-005  2.18783031508334000E-006
 B after wg2 wg2 ==>  2.52913549284886031E-005  2.18783031508334000E-006
 LTM d(wg2)/d(wg2)   0.0000000000000000     
 B before wg2 wg2 ==>    0.0000000000000000        0.0000000000000000     
 Q value wg2 wg2 ==>   2.77337176582312260E-005  2.18783031508334000E-006
 B after wg2 wg2 ==>  2.52913549284886031E-005  2.18783031508334000E-006
 LTM d(wg2)/d(wg2)   0.0000000000000000     
 B before wg2 wg2 ==>    0.0000000000000000        0.0000000000000000     
 Q value wg2 wg2 ==>   2.77337176582312260E-005  2.18783031508334000E-006
 B after wg2 wg2 ==>  2.52913549284886031E-005  2.18783031508334000E-006
 LTM d(wg2)/d(wg2)   0.0000000000000000     
 B before wg2 wg2 ==>    0.0000000000000000        0.0000000000000000     
 Q value wg2 wg2 ==>   2.77337176582312260E-005  2.18783031508334000E-006
 B after wg2 wg2 ==>  2.52913549284886031E-005  2.18783031508334000E-006
 LTM d(wg2)/d(wg2)   0.0000000000000000     
 B before wg2 wg2 ==>    0.0000000000000000        0.0000000000000000     
 Q value wg2 wg2 ==>   2.77337176582312260E-005  2.18783031508334000E-006
 B after wg2 wg2 ==>  2.52913549284886031E-005  2.18783031508334000E-006
 LTM d(wg2)/d(wg2)   0.0000000000000000     
 B before wg2 wg2 ==>    0.0000000000000000        0.0000000000000000     
 Q value wg2 wg2 ==>   2.81386369527439368E-005  2.25218244141035141E-006
 B after wg2 wg2 ==>  2.60352665820198228E-005  2.25218244141035141E-006
 LTM d(wg2)/d(wg2)   0.0000000000000000     
 B before wg2 wg2 ==>    0.0000000000000000        0.0000000000000000     
 Q value wg2 wg2 ==>   2.84954954799046985E-005  2.30966972485765470E-006
 B after wg2 wg2 ==>  2.66998205373776437E-005  2.30966972485765470E-006
 LTM d(wg2)/d(wg2)   0.0000000000000000     
 B before wg2 wg2 ==>    0.0000000000000000        0.0000000000000000     
 Q value wg2 wg2 ==>   2.84954954799046985E-005  2.30966972485765470E-006
 B after wg2 wg2 ==>  2.66998205373776437E-005  2.30966972485765470E-006
 LTM d(wg2)/d(wg2)   0.0000000000000000     
 B before wg2 wg2 ==>    0.0000000000000000        0.0000000000000000     
 Q value wg2 wg2 ==>   2.84954954799046985E-005  2.30966972485765470E-006
 B after wg2 wg2 ==>  2.66998205373776437E-005  2.30966972485765470E-006
 LTM d(wg2)/d(wg2)   0.0000000000000000     
 B before wg2 wg2 ==>    0.0000000000000000        0.0000000000000000     
 Q value wg2 wg2 ==>   3.02694113475616320E-005  2.60618599346600623E-006
 B after wg2 wg2 ==>  3.01275535474484975E-005  2.60618599346600623E-006
 LTM d(wg2)/d(wg2)   0.0000000000000000     
 B before wg2 wg2 ==>    0.0000000000000000        0.0000000000000000     
 Q value wg2 wg2 ==>   3.07286077929626550E-005  2.68585909160881841E-006
 B after wg2 wg2 ==>  3.10485758906759720E-005  2.68585909160881841E-006
 LTM d(wg2)/d(wg2)   0.0000000000000000     
 B before wg2 wg2 ==>    0.0000000000000000        0.0000000000000000     
 Q value wg2 wg2 ==>   3.07286077929626550E-005  2.68585909160881841E-006
 B after wg2 wg2 ==>  3.10485758906759720E-005  2.68585909160881841E-006
 LTM d(wg2)/d(wg2)   0.0000000000000000     
 B before wg2 wg2 ==>    0.0000000000000000        0.0000000000000000     
 Q value wg2 wg2 ==>   3.07286077929626550E-005  2.68585909160881841E-006
 B after wg2 wg2 ==>  3.10485758906759720E-005  2.68585909160881841E-006
 LTM d(wg2)/d(wg2)   0.0000000000000000     
 B before wg2 wg2 ==>    0.0000000000000000        0.0000000000000000     
 Q value wg2 wg2 ==>   3.07286077929626550E-005  2.68585909160881841E-006
 B after wg2 wg2 ==>  3.10485758906759720E-005  2.68585909160881841E-006
 LTM d(wg2)/d(wg2)   0.0000000000000000     
 B before wg2 wg2 ==>    0.0000000000000000        0.0000000000000000     
 Q value wg2 wg2 ==>   3.07286077929626550E-005  2.68585909160881841E-006
 B after wg2 wg2 ==>  3.10485758906759720E-005  2.68585909160881841E-006
 LTM d(wg2)/d(wg2)   0.0000000000000000     
 B before wg2 wg2 ==>    0.0000000000000000        0.0000000000000000     
 Q value wg2 wg2 ==>   3.07286077929626617E-005  2.68585909160882010E-006
 B after wg2 wg2 ==>  3.10485758906759923E-005  2.68585909160882010E-006
 LTM d(wg2)/d(wg2)   0.0000000000000000     
 B before wg2 wg2 ==>    0.0000000000000000        0.0000000000000000     
 Q value wg2 wg2 ==>   3.07286077929626550E-005  2.68585909160881841E-006
 B after wg2 wg2 ==>  3.10485758906759720E-005  2.68585909160881841E-006
 LTM d(wg2)/d(wg2)   0.0000000000000000     
 B before wg2 wg2 ==>    0.0000000000000000        0.0000000000000000     
 Q value wg2 wg2 ==>   3.07286077929626550E-005  2.68585909160881841E-006
 B after wg2 wg2 ==>  3.10485758906759720E-005  2.68585909160881841E-006
 LTM d(wg2)/d(wg2)   0.0000000000000000     
 B before wg2 wg2 ==>    0.0000000000000000        0.0000000000000000     
 Q value wg2 wg2 ==>   3.07286077929626550E-005  2.68585909160881841E-006
 B after wg2 wg2 ==>  3.10485758906759720E-005  2.68585909160881841E-006
 LTM d(wg2)/d(wg2)   0.0000000000000000     
 B before wg2 wg2 ==>    0.0000000000000000        0.0000000000000000     
 Q value wg2 wg2 ==>   3.07286077929626550E-005  2.68585909160881841E-006
 B after wg2 wg2 ==>  3.10485758906759720E-005  2.68585909160881841E-006
 LTM d(wg2)/d(wg2)   0.0000000000000000     
 B before wg2 wg2 ==>    0.0000000000000000        0.0000000000000000     
 Q value wg2 wg2 ==>   2.99567439760672274E-005  2.55262296077550968E-006
 B after wg2 wg2 ==>  2.95083639962835194E-005  2.55262296077550968E-006
 LTM d(wg2)/d(wg2)   0.0000000000000000     
 B before wg2 wg2 ==>    0.0000000000000000        0.0000000000000000     
 Q value wg2 wg2 ==>   2.97741698954513687E-005  2.52160339331755398E-006
 B after wg2 wg2 ==>  2.91497772791607756E-005  2.52160339331755398E-006
 LTM d(wg2)/d(wg2)   0.0000000000000000     
 B before wg2 wg2 ==>    0.0000000000000000        0.0000000000000000     
 Q value wg2 wg2 ==>   2.97741698954513687E-005  2.52160339331755398E-006
 B after wg2 wg2 ==>  2.91497772791607756E-005  2.52160339331755398E-006
 LTM d(wg2)/d(wg2)   0.0000000000000000     
 B before wg2 wg2 ==>    0.0000000000000000        0.0000000000000000     
 Q value wg2 wg2 ==>   2.97741698954513687E-005  2.52160339331755398E-006
 B after wg2 wg2 ==>  2.91497772791607756E-005  2.52160339331755398E-006
 LTM d(wg2)/d(wg2)   0.0000000000000000     
 B before wg2 wg2 ==>    0.0000000000000000        0.0000000000000000     
 Q value wg2 wg2 ==>   2.97741698954513687E-005  2.52160339331755398E-006
 B after wg2 wg2 ==>  2.91497772791607756E-005  2.52160339331755398E-006
 LTM d(wg2)/d(wg2)   0.0000000000000000     
 B before wg2 wg2 ==>    0.0000000000000000        0.0000000000000000     
 Q value wg2 wg2 ==>   2.97741698954513687E-005  2.52160339331755398E-006
 B after wg2 wg2 ==>  2.91497772791607756E-005  2.52160339331755398E-006
 LTM d(wg2)/d(wg2)   0.0000000000000000     
 B before wg2 wg2 ==>    0.0000000000000000        0.0000000000000000     
 Q value wg2 wg2 ==>   2.97741698954513687E-005  2.52160339331755398E-006
 B after wg2 wg2 ==>  2.91497772791607756E-005  2.52160339331755398E-006
 LTM d(wg2)/d(wg2)   0.0000000000000000     
 B before wg2 wg2 ==>    0.0000000000000000        0.0000000000000000     
 Q value wg2 wg2 ==>   2.97741698954513687E-005  2.52160339331755398E-006
 B after wg2 wg2 ==>  2.91497772791607756E-005  2.52160339331755398E-006
 LTM d(wg2)/d(wg2)   0.0000000000000000     
 B before wg2 wg2 ==>    0.0000000000000000        0.0000000000000000     
 Q value wg2 wg2 ==>   2.97741698954513687E-005  2.52160339331755398E-006
 B after wg2 wg2 ==>  2.91497772791607756E-005  2.52160339331755398E-006
 LTM d(wg2)/d(wg2)   0.0000000000000000     
 B before wg2 wg2 ==>    0.0000000000000000        0.0000000000000000     
 Q value wg2 wg2 ==>   2.97741698954513687E-005  2.52160339331755398E-006
 B after wg2 wg2 ==>  2.91497772791607756E-005  2.52160339331755398E-006
 LTM d(wg2)/d(wg2)   0.0000000000000000     
 B before wg2 wg2 ==>    0.0000000000000000        0.0000000000000000     
 Q value wg2 wg2 ==>   2.97741698954513687E-005  2.52160339331755398E-006
 B after wg2 wg2 ==>  2.91497772791607756E-005  2.52160339331755398E-006
 LTM d(wg2)/d(wg2)   0.0000000000000000     
 B before wg2 wg2 ==>    0.0000000000000000        0.0000000000000000     
 Q value wg2 wg2 ==>   2.97741698954513687E-005  2.52160339331755398E-006
 B after wg2 wg2 ==>  2.91497772791607756E-005  2.52160339331755398E-006
 LTM d(wg2)/d(wg2)   0.0000000000000000     
 B before wg2 wg2 ==>    0.0000000000000000        0.0000000000000000     
 Q value wg2 wg2 ==>   2.97741698954513687E-005  2.52160339331755398E-006
 B after wg2 wg2 ==>  2.91497772791607756E-005  2.52160339331755398E-006
 LTM d(wg2)/d(wg2)   0.0000000000000000     
 B before wg2 wg2 ==>    0.0000000000000000        0.0000000000000000     
 Q value wg2 wg2 ==>   2.97741698954513687E-005  2.52160339331755398E-006
 B after wg2 wg2 ==>  2.91497772791607756E-005  2.52160339331755398E-006
 LTM d(wg2)/d(wg2)   0.0000000000000000     
 B before wg2 wg2 ==>    0.0000000000000000        0.0000000000000000     
 Q value wg2 wg2 ==>   2.97741698954513687E-005  2.52160339331755398E-006
 B after wg2 wg2 ==>  2.91497772791607756E-005  2.52160339331755398E-006
 LTM d(wg2)/d(wg2)   0.0000000000000000     
 B before wg2 wg2 ==>    0.0000000000000000        0.0000000000000000     
 Q value wg2 wg2 ==>   2.77337176582312260E-005  2.18783031508334000E-006
 B after wg2 wg2 ==>  2.52913549284886031E-005  2.18783031508334000E-006
 LTM d(wg2)/d(wg2)   0.0000000000000000     
 B before wg2 wg2 ==>    0.0000000000000000        0.0000000000000000     
 Q value wg2 wg2 ==>   2.77337176582312260E-005  2.18783031508334000E-006
 B after wg2 wg2 ==>  2.52913549284886031E-005  2.18783031508334000E-006
 LTM d(wg2)/d(wg2)   0.0000000000000000     
 B before wg2 wg2 ==>    0.0000000000000000        0.0000000000000000     
 Q value wg2 wg2 ==>   2.77337176582312260E-005  2.18783031508334000E-006
 B after wg2 wg2 ==>  2.52913549284886031E-005  2.18783031508334000E-006
 LTM d(wg2)/d(wg2)   0.0000000000000000     
 B before wg2 wg2 ==>    0.0000000000000000        0.0000000000000000     
 Q value wg2 wg2 ==>   2.77337176582312260E-005  2.18783031508334000E-006
 B after wg2 wg2 ==>  2.52913549284886031E-005  2.18783031508334000E-006
 LTM d(wg2)/d(wg2)   0.0000000000000000     
 B before wg2 wg2 ==>    0.0000000000000000        0.0000000000000000     
 Q value wg2 wg2 ==>   2.77337176582312260E-005  2.18783031508334000E-006
 B after wg2 wg2 ==>  2.52913549284886031E-005  2.18783031508334000E-006
 LTM d(wg2)/d(wg2)   0.0000000000000000     
 B before wg2 wg2 ==>    0.0000000000000000        0.0000000000000000     
 Q value wg2 wg2 ==>   2.77337176582312260E-005  2.18783031508334000E-006
 B after wg2 wg2 ==>  2.52913549284886031E-005  2.18783031508334000E-006
 LTM d(wg2)/d(wg2)   0.0000000000000000     
 B before wg2 wg2 ==>    0.0000000000000000        0.0000000000000000     
 Q value wg2 wg2 ==>   2.77337176582312260E-005  2.18783031508334000E-006
 B after wg2 wg2 ==>  2.52913549284886031E-005  2.18783031508334000E-006
 LTM d(wg2)/d(wg2)   0.0000000000000000     
 B before wg2 wg2 ==>    0.0000000000000000        0.0000000000000000     
 Q value wg2 wg2 ==>   2.77337176582312260E-005  2.18783031508334000E-006
 B after wg2 wg2 ==>  2.52913549284886031E-005  2.18783031508334000E-006
 LTM d(wg2)/d(wg2)   0.0000000000000000     
 B before wg2 wg2 ==>    0.0000000000000000        0.0000000000000000     
 Q value wg2 wg2 ==>   2.77337176582312260E-005  2.18783031508334000E-006
 B after wg2 wg2 ==>  2.52913549284886031E-005  2.18783031508334000E-006
 LTM d(wg2)/d(wg2)   0.0000000000000000     
 B before wg2 wg2 ==>    0.0000000000000000        0.0000000000000000     
 Q value wg2 wg2 ==>   2.77337176582312260E-005  2.18783031508334000E-006
 B after wg2 wg2 ==>  2.52913549284886031E-005  2.18783031508334000E-006
 LTM d(wg2)/d(wg2)   0.0000000000000000     
 B before wg2 wg2 ==>    0.0000000000000000        0.0000000000000000     
 Q value wg2 wg2 ==>   2.84954954799046985E-005  2.30966972485765470E-006
 B after wg2 wg2 ==>  2.66998205373776437E-005  2.30966972485765470E-006
 LTM d(wg2)/d(wg2)   0.0000000000000000     
 B before wg2 wg2 ==>    0.0000000000000000        0.0000000000000000     
 Q value wg2 wg2 ==>   2.84954954799046985E-005  2.30966972485765470E-006
 B after wg2 wg2 ==>  2.66998205373776437E-005  2.30966972485765470E-006
 LTM d(wg2)/d(wg2)   0.0000000000000000     
 B before wg2 wg2 ==>    0.0000000000000000        0.0000000000000000     
 Q value wg2 wg2 ==>   2.84954954799046985E-005  2.30966972485765470E-006
 B after wg2 wg2 ==>  2.66998205373776437E-005  2.30966972485765470E-006
 LTM d(wg2)/d(wg2)   0.0000000000000000     
 B before wg2 wg2 ==>    0.0000000000000000        0.0000000000000000     
 Q value wg2 wg2 ==>   2.84954954799046985E-005  2.30966972485765470E-006
 B after wg2 wg2 ==>  2.66998205373776437E-005  2.30966972485765470E-006
 LTM d(wg2)/d(wg2)   0.0000000000000000     
 B before wg2 wg2 ==>    0.0000000000000000        0.0000000000000000     
 Q value wg2 wg2 ==>   3.07286077929626550E-005  2.68585909160881841E-006
 B after wg2 wg2 ==>  3.10485758906759720E-005  2.68585909160881841E-006
 LTM d(wg2)/d(wg2)   0.0000000000000000     
 B before wg2 wg2 ==>    0.0000000000000000        0.0000000000000000     
 Q value wg2 wg2 ==>   3.07286077929626550E-005  2.68585909160881841E-006
 B after wg2 wg2 ==>  3.10485758906759720E-005  2.68585909160881841E-006
 LTM d(wg2)/d(wg2)   0.0000000000000000     
 B before wg2 wg2 ==>    0.0000000000000000        0.0000000000000000     
 Q value wg2 wg2 ==>   3.07286077929626550E-005  2.68585909160881841E-006
 B after wg2 wg2 ==>  3.10485758906759720E-005  2.68585909160881841E-006
 LTM d(wg2)/d(wg2)   0.0000000000000000     
 B before wg2 wg2 ==>    0.0000000000000000        0.0000000000000000     
 Q value wg2 wg2 ==>   3.07286077929626550E-005  2.68585909160881841E-006
 B after wg2 wg2 ==>  3.10485758906759720E-005  2.68585909160881841E-006
 LTM d(wg2)/d(wg2)   0.0000000000000000     
 B before wg2 wg2 ==>    0.0000000000000000        0.0000000000000000     
 Q value wg2 wg2 ==>   3.07286077929626550E-005  2.68585909160881841E-006
 B after wg2 wg2 ==>  3.10485758906759720E-005  2.68585909160881841E-006
 LTM d(wg2)/d(wg2)   0.0000000000000000     
 B before wg2 wg2 ==>    0.0000000000000000        0.0000000000000000     
 Q value wg2 wg2 ==>   3.07286077929626550E-005  2.68585909160881841E-006
 B after wg2 wg2 ==>  3.10485758906759720E-005  2.68585909160881841E-006
 LTM d(wg2)/d(wg2)   0.0000000000000000     
 B before wg2 wg2 ==>    0.0000000000000000        0.0000000000000000     
 Q value wg2 wg2 ==>   3.07286077929626550E-005  2.68585909160881841E-006
 B after wg2 wg2 ==>  3.10485758906759720E-005  2.68585909160881841E-006
 LTM d(wg2)/d(wg2)   0.0000000000000000     
 B before wg2 wg2 ==>    0.0000000000000000        0.0000000000000000     
 Q value wg2 wg2 ==>   3.07286077929626550E-005  2.68585909160881841E-006
 B after wg2 wg2 ==>  3.10485758906759720E-005  2.68585909160881841E-006
 LTM d(wg2)/d(wg2)   0.0000000000000000     
 B before wg2 wg2 ==>    0.0000000000000000        0.0000000000000000     
 Q value wg2 wg2 ==>   3.07286077929626550E-005  2.68585909160881841E-006
 B after wg2 wg2 ==>  3.10485758906759720E-005  2.68585909160881841E-006
 LTM d(wg2)/d(wg2)   0.0000000000000000     
 B before wg2 wg2 ==>    0.0000000000000000        0.0000000000000000     
 Q value wg2 wg2 ==>   3.07286077929626550E-005  2.68585909160881841E-006
 B after wg2 wg2 ==>  3.10485758906759720E-005  2.68585909160881841E-006
 LTM d(wg2)/d(wg2)   0.0000000000000000     
 B before wg2 wg2 ==>    0.0000000000000000        0.0000000000000000     
 Q value wg2 wg2 ==>   2.98979996809707739E-005  2.54262153933746757E-006
 B after wg2 wg2 ==>  2.93927473976675142E-005  2.54262153933746757E-006
 LTM d(wg2)/d(wg2)   0.0000000000000000     
 B before wg2 wg2 ==>    0.0000000000000000        0.0000000000000000     
 Q value wg2 wg2 ==>   2.97741698954513687E-005  2.52160339331755398E-006
 B after wg2 wg2 ==>  2.91497772791607756E-005  2.52160339331755398E-006
 LTM d(wg2)/d(wg2)   0.0000000000000000     
 B before wg2 wg2 ==>    0.0000000000000000        0.0000000000000000     
 Q value wg2 wg2 ==>   2.97741698954513687E-005  2.52160339331755398E-006
 B after wg2 wg2 ==>  2.91497772791607756E-005  2.52160339331755398E-006
 LTM d(wg2)/d(wg2)   0.0000000000000000     
 B before wg2 wg2 ==>    0.0000000000000000        0.0000000000000000     
 Q value wg2 wg2 ==>   2.97741698954513687E-005  2.52160339331755398E-006
 B after wg2 wg2 ==>  2.91497772791607756E-005  2.52160339331755398E-006
 LTM d(wg2)/d(wg2)   0.0000000000000000     
 B before wg2 wg2 ==>    0.0000000000000000        0.0000000000000000     
 Q value wg2 wg2 ==>   2.97741698954513687E-005  2.52160339331755398E-006
 B after wg2 wg2 ==>  2.91497772791607756E-005  2.52160339331755398E-006
 LTM d(wg2)/d(wg2)   0.0000000000000000     
 B before wg2 wg2 ==>    0.0000000000000000        0.0000000000000000     
 Q value wg2 wg2 ==>   2.97741698954513687E-005  2.52160339331755398E-006
 B after wg2 wg2 ==>  2.91497772791607756E-005  2.52160339331755398E-006
 LTM d(wg2)/d(wg2)   0.0000000000000000     
 B before wg2 wg2 ==>    0.0000000000000000        0.0000000000000000     
 Q value wg2 wg2 ==>   2.97741698954513687E-005  2.52160339331755398E-006
 B after wg2 wg2 ==>  2.91497772791607756E-005  2.52160339331755398E-006
 LTM d(wg2)/d(wg2)   0.0000000000000000     
 B before wg2 wg2 ==>    0.0000000000000000        0.0000000000000000     
 Q value wg2 wg2 ==>   2.97741698954513687E-005  2.52160339331755398E-006
 B after wg2 wg2 ==>  2.91497772791607756E-005  2.52160339331755398E-006
 LTM d(wg2)/d(wg2)   0.0000000000000000     
 B before wg2 wg2 ==>    0.0000000000000000        0.0000000000000000     
 Q value wg2 wg2 ==>   2.97741698954513687E-005  2.52160339331755398E-006
 B after wg2 wg2 ==>  2.91497772791607756E-005  2.52160339331755398E-006
 LTM d(wg2)/d(wg2)   0.0000000000000000     
 B before wg2 wg2 ==>    0.0000000000000000        0.0000000000000000     
 Q value wg2 wg2 ==>   2.97741698954513687E-005  2.52160339331755398E-006
 B after wg2 wg2 ==>  2.91497772791607756E-005  2.52160339331755398E-006
 LTM d(wg2)/d(wg2)   0.0000000000000000     
 B before wg2 wg2 ==>    0.0000000000000000        0.0000000000000000     
 Q value wg2 wg2 ==>   2.97741698954513687E-005  2.52160339331755398E-006
 B after wg2 wg2 ==>  2.91497772791607756E-005  2.52160339331755398E-006
 LTM d(wg2)/d(wg2)   0.0000000000000000     
 B before wg2 wg2 ==>    0.0000000000000000        0.0000000000000000     
 Q value wg2 wg2 ==>   2.97741698954513687E-005  2.52160339331755398E-006
 B after wg2 wg2 ==>  2.91497772791607756E-005  2.52160339331755398E-006
 LTM d(wg2)/d(wg2)   0.0000000000000000     
 B before wg2 wg2 ==>    0.0000000000000000        0.0000000000000000     
 Q value wg2 wg2 ==>   2.97741698954513687E-005  2.52160339331755398E-006
 B after wg2 wg2 ==>  2.91497772791607756E-005  2.52160339331755398E-006
 LTM d(wg2)/d(wg2)   0.0000000000000000     
 B before wg2 wg2 ==>    0.0000000000000000        0.0000000000000000     
 Q value wg2 wg2 ==>   2.97741698954513687E-005  2.52160339331755398E-006
 B after wg2 wg2 ==>  2.91497772791607756E-005  2.52160339331755398E-006
 LTM d(wg2)/d(wg2)   0.0000000000000000     
 B before wg2 wg2 ==>    0.0000000000000000        0.0000000000000000     
 Q value wg2 wg2 ==>   2.97741698954513687E-005  2.52160339331755398E-006
 B after wg2 wg2 ==>  2.91497772791607756E-005  2.52160339331755398E-006
 LTM d(wg2)/d(wg2)   0.0000000000000000     
 B before wg2 wg2 ==>    0.0000000000000000        0.0000000000000000     
 Q value wg2 wg2 ==>   2.77337176582312260E-005  2.18783031508334000E-006
 B after wg2 wg2 ==>  2.52913549284886031E-005  2.18783031508334000E-006
 LTM d(wg2)/d(wg2)   0.0000000000000000     
 B before wg2 wg2 ==>    0.0000000000000000        0.0000000000000000     
 Q value wg2 wg2 ==>   2.77337176582312260E-005  2.18783031508334000E-006
 B after wg2 wg2 ==>  2.52913549284886031E-005  2.18783031508334000E-006
 LTM d(wg2)/d(wg2)   0.0000000000000000     
 B before wg2 wg2 ==>    0.0000000000000000        0.0000000000000000     
 Q value wg2 wg2 ==>   2.77337176582312260E-005  2.18783031508334000E-006
 B after wg2 wg2 ==>  2.52913549284886031E-005  2.18783031508334000E-006
 LTM d(wg2)/d(wg2)   0.0000000000000000     
 B before wg2 wg2 ==>    0.0000000000000000        0.0000000000000000     
 Q value wg2 wg2 ==>   2.77337176582312260E-005  2.18783031508334000E-006
 B after wg2 wg2 ==>  2.52913549284886031E-005  2.18783031508334000E-006
 LTM d(wg2)/d(wg2)   0.0000000000000000     
 B before wg2 wg2 ==>    0.0000000000000000        0.0000000000000000     
 Q value wg2 wg2 ==>   2.77337176582312260E-005  2.18783031508334000E-006
 B after wg2 wg2 ==>  2.52913549284886031E-005  2.18783031508334000E-006
 LTM d(wg2)/d(wg2)   0.0000000000000000     
 B before wg2 wg2 ==>    0.0000000000000000        0.0000000000000000     
 Q value wg2 wg2 ==>   2.77337176582312260E-005  2.18783031508334000E-006
 B after wg2 wg2 ==>  2.52913549284886031E-005  2.18783031508334000E-006
 LTM d(wg2)/d(wg2)   0.0000000000000000     
 B before wg2 wg2 ==>    0.0000000000000000        0.0000000000000000     
 Q value wg2 wg2 ==>   2.77337176582312260E-005  2.18783031508334000E-006
 B after wg2 wg2 ==>  2.52913549284886031E-005  2.18783031508334000E-006
 LTM d(wg2)/d(wg2)   0.0000000000000000     
 B before wg2 wg2 ==>    0.0000000000000000        0.0000000000000000     
 Q value wg2 wg2 ==>   2.77337176582312260E-005  2.18783031508334000E-006
 B after wg2 wg2 ==>  2.52913549284886031E-005  2.18783031508334000E-006
 LTM d(wg2)/d(wg2)   0.0000000000000000     
 B before wg2 wg2 ==>    0.0000000000000000        0.0000000000000000     
 Q value wg2 wg2 ==>   2.77337176582312260E-005  2.18783031508334000E-006
 B after wg2 wg2 ==>  2.52913549284886031E-005  2.18783031508334000E-006
 LTM d(wg2)/d(wg2)   0.0000000000000000     
 B before wg2 wg2 ==>    0.0000000000000000        0.0000000000000000     
 Q value wg2 wg2 ==>   2.77337176582312260E-005  2.18783031508334000E-006
 B after wg2 wg2 ==>  2.52913549284886031E-005  2.18783031508334000E-006
 LTM d(wg2)/d(wg2)   0.0000000000000000     
 B before wg2 wg2 ==>    0.0000000000000000        0.0000000000000000     
 Q value wg2 wg2 ==>   2.81386369527439368E-005  2.25218244141035141E-006
 B after wg2 wg2 ==>  2.60352665820198228E-005  2.25218244141035141E-006
 LTM d(wg2)/d(wg2)   0.0000000000000000     
 B before wg2 wg2 ==>    0.0000000000000000        0.0000000000000000     
 Q value wg2 wg2 ==>   2.87105044648049116E-005  2.34465583395152415E-006
 B after wg2 wg2 ==>  2.71042605419609815E-005  2.34465583395152415E-006
 LTM d(wg2)/d(wg2)   0.0000000000000000     
 B before wg2 wg2 ==>    0.0000000000000000        0.0000000000000000     
 Q value wg2 wg2 ==>   2.88118473410588964E-005  2.36123746760386208E-006
 B after wg2 wg2 ==>  2.72959445035114792E-005  2.36123746760386208E-006
 LTM d(wg2)/d(wg2)   0.0000000000000000     
 B before wg2 wg2 ==>    0.0000000000000000        0.0000000000000000     
 Q value wg2 wg2 ==>   2.90936028119118281E-005  2.40764508324205215E-006
 B after wg2 wg2 ==>  2.78324173142219536E-005  2.40764508324205215E-006
 LTM d(wg2)/d(wg2)   0.0000000000000000     
 B before wg2 wg2 ==>    0.0000000000000000        0.0000000000000000     
 Q value wg2 wg2 ==>   2.96754184767961874E-005  2.50490442459868871E-006
 B after wg2 wg2 ==>  2.89567369222844404E-005  2.50490442459868871E-006
 LTM d(wg2)/d(wg2)   0.0000000000000000     
 B before wg2 wg2 ==>    0.0000000000000000        0.0000000000000000     
 Q value wg2 wg2 ==>   3.07286077929626550E-005  2.68585909160881841E-006
 B after wg2 wg2 ==>  3.10485758906759720E-005  2.68585909160881841E-006
 LTM d(wg2)/d(wg2)   0.0000000000000000     
 B before wg2 wg2 ==>    0.0000000000000000        0.0000000000000000     
 Q value wg2 wg2 ==>   3.07286077929626550E-005  2.68585909160881841E-006
 B after wg2 wg2 ==>  3.10485758906759720E-005  2.68585909160881841E-006
 LTM d(wg2)/d(wg2)   0.0000000000000000     
 B before wg2 wg2 ==>    0.0000000000000000        0.0000000000000000     
 Q value wg2 wg2 ==>   3.07286077929626550E-005  2.68585909160881841E-006
 B after wg2 wg2 ==>  3.10485758906759720E-005  2.68585909160881841E-006
 LTM d(wg2)/d(wg2)   0.0000000000000000     
 B before wg2 wg2 ==>    0.0000000000000000        0.0000000000000000     
 Q value wg2 wg2 ==>   3.07286077929626550E-005  2.68585909160881841E-006
 B after wg2 wg2 ==>  3.10485758906759720E-005  2.68585909160881841E-006
 LTM d(wg2)/d(wg2)   0.0000000000000000     
 B before wg2 wg2 ==>    0.0000000000000000        0.0000000000000000     
 Q value wg2 wg2 ==>   3.07286077929626550E-005  2.68585909160881841E-006
 B after wg2 wg2 ==>  3.10485758906759720E-005  2.68585909160881841E-006
 LTM d(wg2)/d(wg2)   0.0000000000000000     
 B before wg2 wg2 ==>    0.0000000000000000        0.0000000000000000     
 Q value wg2 wg2 ==>   3.07286077929626550E-005  2.68585909160881841E-006
 B after wg2 wg2 ==>  3.10485758906759720E-005  2.68585909160881841E-006
 LTM d(wg2)/d(wg2)   0.0000000000000000     
 B before wg2 wg2 ==>    0.0000000000000000        0.0000000000000000     
 Q value wg2 wg2 ==>   3.07286077929626550E-005  2.68585909160881841E-006
 B after wg2 wg2 ==>  3.10485758906759720E-005  2.68585909160881841E-006
 LTM d(wg2)/d(wg2)   0.0000000000000000     
 B before wg2 wg2 ==>    0.0000000000000000        0.0000000000000000     
 Q value wg2 wg2 ==>   3.07286077929626550E-005  2.68585909160881841E-006
 B after wg2 wg2 ==>  3.10485758906759720E-005  2.68585909160881841E-006
 LTM d(wg2)/d(wg2)   0.0000000000000000     
 B before wg2 wg2 ==>    0.0000000000000000        0.0000000000000000     
 Q value wg2 wg2 ==>   3.07286077929626550E-005  2.68585909160881841E-006
 B after wg2 wg2 ==>  3.10485758906759720E-005  2.68585909160881841E-006
 LTM d(wg2)/d(wg2)   0.0000000000000000     
 B before wg2 wg2 ==>    0.0000000000000000        0.0000000000000000     
 Q value wg2 wg2 ==>   2.97741698954513687E-005  2.52160339331755398E-006
 B after wg2 wg2 ==>  2.91497772791607756E-005  2.52160339331755398E-006
 LTM d(wg2)/d(wg2)   0.0000000000000000     
 B before wg2 wg2 ==>    0.0000000000000000        0.0000000000000000     
 Q value wg2 wg2 ==>   2.97741698954513687E-005  2.52160339331755398E-006
 B after wg2 wg2 ==>  2.91497772791607756E-005  2.52160339331755398E-006
 LTM d(wg2)/d(wg2)   0.0000000000000000     
 B before wg2 wg2 ==>    0.0000000000000000        0.0000000000000000     
 Q value wg2 wg2 ==>   2.97741698954513687E-005  2.52160339331755398E-006
 B after wg2 wg2 ==>  2.91497772791607756E-005  2.52160339331755398E-006
 LTM d(wg2)/d(wg2)   0.0000000000000000     
 B before wg2 wg2 ==>    0.0000000000000000        0.0000000000000000     
 Q value wg2 wg2 ==>   2.97741698954513687E-005  2.52160339331755398E-006
 B after wg2 wg2 ==>  2.91497772791607756E-005  2.52160339331755398E-006
 LTM d(wg2)/d(wg2)   0.0000000000000000     
 B before wg2 wg2 ==>    0.0000000000000000        0.0000000000000000     
 Q value wg2 wg2 ==>   2.97741698954513687E-005  2.52160339331755398E-006
 B after wg2 wg2 ==>  2.91497772791607756E-005  2.52160339331755398E-006
 LTM d(wg2)/d(wg2)   0.0000000000000000     
 B before wg2 wg2 ==>    0.0000000000000000        0.0000000000000000     
 Q value wg2 wg2 ==>   2.97741698954513687E-005  2.52160339331755398E-006
 B after wg2 wg2 ==>  2.91497772791607756E-005  2.52160339331755398E-006
 LTM d(wg2)/d(wg2)   0.0000000000000000     
 B before wg2 wg2 ==>    0.0000000000000000        0.0000000000000000     
 Q value wg2 wg2 ==>   2.97741698954513687E-005  2.52160339331755398E-006
 B after wg2 wg2 ==>  2.91497772791607756E-005  2.52160339331755398E-006
 LTM d(wg2)/d(wg2)   0.0000000000000000     
 B before wg2 wg2 ==>    0.0000000000000000        0.0000000000000000     
 Q value wg2 wg2 ==>   2.97741698954513687E-005  2.52160339331755398E-006
 B after wg2 wg2 ==>  2.91497772791607756E-005  2.52160339331755398E-006
 LTM d(wg2)/d(wg2)   0.0000000000000000     
 B before wg2 wg2 ==>    0.0000000000000000        0.0000000000000000     
 Q value wg2 wg2 ==>   2.97741698954513687E-005  2.52160339331755398E-006
 B after wg2 wg2 ==>  2.91497772791607756E-005  2.52160339331755398E-006
 LTM d(wg2)/d(wg2)   0.0000000000000000     
 B before wg2 wg2 ==>    0.0000000000000000        0.0000000000000000     
 Q value wg2 wg2 ==>   2.97741698954513687E-005  2.52160339331755398E-006
 B after wg2 wg2 ==>  2.91497772791607756E-005  2.52160339331755398E-006
 LTM d(wg2)/d(wg2)   0.0000000000000000     
 B before wg2 wg2 ==>    0.0000000000000000        0.0000000000000000     
 Q value wg2 wg2 ==>   2.97741698954513687E-005  2.52160339331755398E-006
 B after wg2 wg2 ==>  2.91497772791607756E-005  2.52160339331755398E-006
 LTM d(wg2)/d(wg2)   0.0000000000000000     
 B before wg2 wg2 ==>    0.0000000000000000        0.0000000000000000     
 Q value wg2 wg2 ==>   2.97741698954513687E-005  2.52160339331755398E-006
 B after wg2 wg2 ==>  2.91497772791607756E-005  2.52160339331755398E-006
 LTM d(wg2)/d(wg2)   0.0000000000000000     
 B before wg2 wg2 ==>    0.0000000000000000        0.0000000000000000     
 Q value wg2 wg2 ==>   2.97741698954513687E-005  2.52160339331755398E-006
 B after wg2 wg2 ==>  2.91497772791607756E-005  2.52160339331755398E-006
 LTM d(wg2)/d(wg2)   0.0000000000000000     
 B before wg2 wg2 ==>    0.0000000000000000        0.0000000000000000     
 Q value wg2 wg2 ==>   2.97741698954513687E-005  2.52160339331755398E-006
 B after wg2 wg2 ==>  2.91497772791607756E-005  2.52160339331755398E-006
 LTM d(wg2)/d(wg2)   0.0000000000000000     
 B before wg2 wg2 ==>    0.0000000000000000        0.0000000000000000     
 Q value wg2 wg2 ==>   2.97741698954513687E-005  2.52160339331755398E-006
 B after wg2 wg2 ==>  2.91497772791607756E-005  2.52160339331755398E-006
 LTM d(wg2)/d(wg2)   0.0000000000000000     
 B before wg2 wg2 ==>    0.0000000000000000        0.0000000000000000     
 Q value wg2 wg2 ==>   2.77337176582312260E-005  2.18783031508334000E-006
 B after wg2 wg2 ==>  2.52913549284886031E-005  2.18783031508334000E-006
 LTM d(wg2)/d(wg2)   0.0000000000000000     
 B before wg2 wg2 ==>    0.0000000000000000        0.0000000000000000     
 Q value wg2 wg2 ==>   2.77337176582312260E-005  2.18783031508334000E-006
 B after wg2 wg2 ==>  2.52913549284886031E-005  2.18783031508334000E-006
 LTM d(wg2)/d(wg2)   0.0000000000000000     
 B before wg2 wg2 ==>    0.0000000000000000        0.0000000000000000     
 Q value wg2 wg2 ==>   2.77337176582312260E-005  2.18783031508334000E-006
 B after wg2 wg2 ==>  2.52913549284886031E-005  2.18783031508334000E-006
 LTM d(wg2)/d(wg2)   0.0000000000000000     
 B before wg2 wg2 ==>    0.0000000000000000        0.0000000000000000     
 Q value wg2 wg2 ==>   2.77337176582312260E-005  2.18783031508334000E-006
 B after wg2 wg2 ==>  2.52913549284886031E-005  2.18783031508334000E-006
 LTM d(wg2)/d(wg2)   0.0000000000000000     
 B before wg2 wg2 ==>    0.0000000000000000        0.0000000000000000     
 Q value wg2 wg2 ==>   2.77337176582312260E-005  2.18783031508334000E-006
 B after wg2 wg2 ==>  2.52913549284886031E-005  2.18783031508334000E-006
 LTM d(wg2)/d(wg2)   0.0000000000000000     
 B before wg2 wg2 ==>    0.0000000000000000        0.0000000000000000     
 Q value wg2 wg2 ==>   2.77337176582312260E-005  2.18783031508334000E-006
 B after wg2 wg2 ==>  2.52913549284886031E-005  2.18783031508334000E-006
 LTM d(wg2)/d(wg2)   0.0000000000000000     
 B before wg2 wg2 ==>    0.0000000000000000        0.0000000000000000     
 Q value wg2 wg2 ==>   2.77337176582312260E-005  2.18783031508334000E-006
 B after wg2 wg2 ==>  2.52913549284886031E-005  2.18783031508334000E-006
 LTM d(wg2)/d(wg2)   0.0000000000000000     
 B before wg2 wg2 ==>    0.0000000000000000        0.0000000000000000     
 Q value wg2 wg2 ==>   2.77337176582312260E-005  2.18783031508334000E-006
 B after wg2 wg2 ==>  2.52913549284886031E-005  2.18783031508334000E-006
 LTM d(wg2)/d(wg2)   0.0000000000000000     
 B before wg2 wg2 ==>    0.0000000000000000        0.0000000000000000     
 Q value wg2 wg2 ==>   2.77337176582312260E-005  2.18783031508334000E-006
 B after wg2 wg2 ==>  2.52913549284886031E-005  2.18783031508334000E-006
 LTM d(wg2)/d(wg2)   0.0000000000000000     
 B before wg2 wg2 ==>    0.0000000000000000        0.0000000000000000     
 Q value wg2 wg2 ==>   2.77337176582312260E-005  2.18783031508334000E-006
 B after wg2 wg2 ==>  2.52913549284886031E-005  2.18783031508334000E-006
 LTM d(wg2)/d(wg2)   0.0000000000000000     
 B before wg2 wg2 ==>    0.0000000000000000        0.0000000000000000     
 Q value wg2 wg2 ==>   2.77337176582312260E-005  2.18783031508334000E-006
 B after wg2 wg2 ==>  2.52913549284886031E-005  2.18783031508334000E-006
 LTM d(wg2)/d(wg2)   0.0000000000000000     
 B before wg2 wg2 ==>    0.0000000000000000        0.0000000000000000     
 Q value wg2 wg2 ==>   2.90936028119118281E-005  2.40764508324205215E-006
 B after wg2 wg2 ==>  2.78324173142219536E-005  2.40764508324205215E-006
 LTM d(wg2)/d(wg2)   0.0000000000000000     
 B before wg2 wg2 ==>    0.0000000000000000        0.0000000000000000     
 Q value wg2 wg2 ==>   2.90936028119118281E-005  2.40764508324205215E-006
 B after wg2 wg2 ==>  2.78324173142219536E-005  2.40764508324205215E-006
 LTM d(wg2)/d(wg2)   0.0000000000000000     
 B before wg2 wg2 ==>    0.0000000000000000        0.0000000000000000     
 Q value wg2 wg2 ==>   2.90936028119118281E-005  2.40764508324205215E-006
 B after wg2 wg2 ==>  2.78324173142219536E-005  2.40764508324205215E-006
 LTM d(wg2)/d(wg2)   0.0000000000000000     
 B before wg2 wg2 ==>    0.0000000000000000        0.0000000000000000     
 Q value wg2 wg2 ==>   2.90936028119118281E-005  2.40764508324205215E-006
 B after wg2 wg2 ==>  2.78324173142219536E-005  2.40764508324205215E-006
 LTM d(wg2)/d(wg2)   0.0000000000000000     
 B before wg2 wg2 ==>    0.0000000000000000        0.0000000000000000     
 Q value wg2 wg2 ==>   2.90936028119118281E-005  2.40764508324205215E-006
 B after wg2 wg2 ==>  2.78324173142219536E-005  2.40764508324205215E-006
 LTM d(wg2)/d(wg2)   0.0000000000000000     
 B before wg2 wg2 ==>    0.0000000000000000        0.0000000000000000     
 Q value wg2 wg2 ==>   2.90936028119118281E-005  2.40764508324205215E-006
 B after wg2 wg2 ==>  2.78324173142219536E-005  2.40764508324205215E-006
 LTM d(wg2)/d(wg2)   0.0000000000000000     
 B before wg2 wg2 ==>    0.0000000000000000        0.0000000000000000     
 Q value wg2 wg2 ==>   3.04646860373908176E-005  2.63992062679266189E-006
 B after wg2 wg2 ==>  3.05175264712921658E-005  2.63992062679266189E-006
 LTM d(wg2)/d(wg2)   0.0000000000000000     
 B before wg2 wg2 ==>    0.0000000000000000        0.0000000000000000     
 Q value wg2 wg2 ==>   3.07286077929626550E-005  2.68585909160881841E-006
 B after wg2 wg2 ==>  3.10485758906759720E-005  2.68585909160881841E-006
 LTM d(wg2)/d(wg2)   0.0000000000000000     
 B before wg2 wg2 ==>    0.0000000000000000        0.0000000000000000     
 Q value wg2 wg2 ==>   3.04029660090152940E-005  2.62923475099118717E-006
 B after wg2 wg2 ==>  3.03939975688203365E-005  2.62923475099118717E-006
 LTM d(wg2)/d(wg2)   0.0000000000000000     
 B before wg2 wg2 ==>    0.0000000000000000        0.0000000000000000     
 Q value wg2 wg2 ==>   2.93454751906339267E-005  2.44951300028902770E-006
 B after wg2 wg2 ==>  2.83164111335101011E-005  2.44951300028902770E-006
 LTM d(wg2)/d(wg2)   0.0000000000000000     
 B before wg2 wg2 ==>    0.0000000000000000        0.0000000000000000     
 Q value wg2 wg2 ==>   3.04029660090152940E-005  2.62923475099118717E-006
 B after wg2 wg2 ==>  3.03939975688203365E-005  2.62923475099118717E-006
 LTM d(wg2)/d(wg2)   0.0000000000000000     
 B before wg2 wg2 ==>    0.0000000000000000        0.0000000000000000     
 Q value wg2 wg2 ==>   2.99567440448829352E-005  2.55262297250312341E-006
 B after wg2 wg2 ==>  2.95083641318549271E-005  2.55262297250312341E-006
 LTM d(wg2)/d(wg2)   0.0000000000000000     
 B before wg2 wg2 ==>    0.0000000000000000        0.0000000000000000     
 Q value wg2 wg2 ==>   3.04029660090152940E-005  2.62923475099118717E-006
 B after wg2 wg2 ==>  3.03939975688203365E-005  2.62923475099118717E-006
 LTM d(wg2)/d(wg2)   0.0000000000000000     
 B before wg2 wg2 ==>    0.0000000000000000        0.0000000000000000     
 Q value wg2 wg2 ==>   2.97741698954513687E-005  2.52160339331755398E-006
 B after wg2 wg2 ==>  2.91497772791607756E-005  2.52160339331755398E-006
 LTM d(wg2)/d(wg2)   0.0000000000000000     
 B before wg2 wg2 ==>    0.0000000000000000        0.0000000000000000     
 Q value wg2 wg2 ==>   2.97741698954513687E-005  2.52160339331755398E-006
 B after wg2 wg2 ==>  2.91497772791607756E-005  2.52160339331755398E-006
 LTM d(wg2)/d(wg2)   0.0000000000000000     
 B before wg2 wg2 ==>    0.0000000000000000        0.0000000000000000     
 Q value wg2 wg2 ==>   2.97741698954513687E-005  2.52160339331755398E-006
 B after wg2 wg2 ==>  2.91497772791607756E-005  2.52160339331755398E-006
 LTM d(wg2)/d(wg2)   0.0000000000000000     
 B before wg2 wg2 ==>    0.0000000000000000        0.0000000000000000     
 Q value wg2 wg2 ==>   2.97741698954513687E-005  2.52160339331755398E-006
 B after wg2 wg2 ==>  2.91497772791607756E-005  2.52160339331755398E-006
 LTM d(wg2)/d(wg2)   0.0000000000000000     
 B before wg2 wg2 ==>    0.0000000000000000        0.0000000000000000     
 Q value wg2 wg2 ==>   2.97741698954513687E-005  2.52160339331755398E-006
 B after wg2 wg2 ==>  2.91497772791607756E-005  2.52160339331755398E-006
 LTM d(wg2)/d(wg2)   0.0000000000000000     
 B before wg2 wg2 ==>    0.0000000000000000        0.0000000000000000     
 Q value wg2 wg2 ==>   2.97741698954513687E-005  2.52160339331755398E-006
 B after wg2 wg2 ==>  2.91497772791607756E-005  2.52160339331755398E-006
 LTM d(wg2)/d(wg2)   0.0000000000000000     
 B before wg2 wg2 ==>    0.0000000000000000        0.0000000000000000     
 Q value wg2 wg2 ==>   2.97741698954513687E-005  2.52160339331755398E-006
 B after wg2 wg2 ==>  2.91497772791607756E-005  2.52160339331755398E-006
 LTM d(wg2)/d(wg2)   0.0000000000000000     
 B before wg2 wg2 ==>    0.0000000000000000        0.0000000000000000     
 Q value wg2 wg2 ==>   2.97741698954513687E-005  2.52160339331755398E-006
 B after wg2 wg2 ==>  2.91497772791607756E-005  2.52160339331755398E-006
 LTM d(wg2)/d(wg2)   0.0000000000000000     
 B before wg2 wg2 ==>    0.0000000000000000        0.0000000000000000     
 Q value wg2 wg2 ==>   2.97741698954513687E-005  2.52160339331755398E-006
 B after wg2 wg2 ==>  2.91497772791607756E-005  2.52160339331755398E-006
 LTM d(wg2)/d(wg2)   0.0000000000000000     
 B before wg2 wg2 ==>    0.0000000000000000        0.0000000000000000     
 Q value wg2 wg2 ==>   2.97741698954513687E-005  2.52160339331755398E-006
 B after wg2 wg2 ==>  2.91497772791607756E-005  2.52160339331755398E-006
 LTM d(wg2)/d(wg2)   0.0000000000000000     
 B before wg2 wg2 ==>    0.0000000000000000        0.0000000000000000     
 Q value wg2 wg2 ==>   2.97741698954513687E-005  2.52160339331755398E-006
 B after wg2 wg2 ==>  2.91497772791607756E-005  2.52160339331755398E-006
 LTM d(wg2)/d(wg2)   0.0000000000000000     
 B before wg2 wg2 ==>    0.0000000000000000        0.0000000000000000     
 Q value wg2 wg2 ==>   2.97741698954513687E-005  2.52160339331755398E-006
 B after wg2 wg2 ==>  2.91497772791607756E-005  2.52160339331755398E-006
 LTM d(wg2)/d(wg2)   0.0000000000000000     
 B before wg2 wg2 ==>    0.0000000000000000        0.0000000000000000     
 Q value wg2 wg2 ==>   2.97741698954513687E-005  2.52160339331755398E-006
 B after wg2 wg2 ==>  2.91497772791607756E-005  2.52160339331755398E-006
 LTM d(wg2)/d(wg2)   0.0000000000000000     
 B before wg2 wg2 ==>    0.0000000000000000        0.0000000000000000     
 Q value wg2 wg2 ==>   2.97741698954513687E-005  2.52160339331755398E-006
 B after wg2 wg2 ==>  2.91497772791607756E-005  2.52160339331755398E-006
 LTM d(wg2)/d(wg2)   0.0000000000000000     
 B before wg2 wg2 ==>    0.0000000000000000        0.0000000000000000     
 Q value wg2 wg2 ==>   2.97741698954513687E-005  2.52160339331755398E-006
 B after wg2 wg2 ==>  2.91497772791607756E-005  2.52160339331755398E-006
 LTM d(wg2)/d(wg2)   0.0000000000000000     
 B before wg2 wg2 ==>    0.0000000000000000        0.0000000000000000     
 Q value wg2 wg2 ==>   2.77337176582312260E-005  2.18783031508334000E-006
 B after wg2 wg2 ==>  2.52913549284886031E-005  2.18783031508334000E-006
 LTM d(wg2)/d(wg2)   0.0000000000000000     
 B before wg2 wg2 ==>    0.0000000000000000        0.0000000000000000     
 Q value wg2 wg2 ==>   2.77337176582312260E-005  2.18783031508334000E-006
 B after wg2 wg2 ==>  2.52913549284886031E-005  2.18783031508334000E-006
 LTM d(wg2)/d(wg2)   0.0000000000000000     
 B before wg2 wg2 ==>    0.0000000000000000        0.0000000000000000     
 Q value wg2 wg2 ==>   2.77337176582312260E-005  2.18783031508334000E-006
 B after wg2 wg2 ==>  2.52913549284886031E-005  2.18783031508334000E-006
 LTM d(wg2)/d(wg2)   0.0000000000000000     
 B before wg2 wg2 ==>    0.0000000000000000        0.0000000000000000     
 Q value wg2 wg2 ==>   2.77337176582312260E-005  2.18783031508334000E-006
 B after wg2 wg2 ==>  2.52913549284886031E-005  2.18783031508334000E-006
 LTM d(wg2)/d(wg2)   0.0000000000000000     
 B before wg2 wg2 ==>    0.0000000000000000        0.0000000000000000     
 Q value wg2 wg2 ==>   2.77337176582312260E-005  2.18783031508334000E-006
 B after wg2 wg2 ==>  2.52913549284886031E-005  2.18783031508334000E-006
 LTM d(wg2)/d(wg2)   0.0000000000000000     
 B before wg2 wg2 ==>    0.0000000000000000        0.0000000000000000     
 Q value wg2 wg2 ==>   2.77337176582312260E-005  2.18783031508334000E-006
 B after wg2 wg2 ==>  2.52913549284886031E-005  2.18783031508334000E-006
 LTM d(wg2)/d(wg2)   0.0000000000000000     
 B before wg2 wg2 ==>    0.0000000000000000        0.0000000000000000     
 Q value wg2 wg2 ==>   2.77337176582312260E-005  2.18783031508334000E-006
 B after wg2 wg2 ==>  2.52913549284886031E-005  2.18783031508334000E-006
 LTM d(wg2)/d(wg2)   0.0000000000000000     
 B before wg2 wg2 ==>    0.0000000000000000        0.0000000000000000     
 Q value wg2 wg2 ==>   2.77337176582312260E-005  2.18783031508334000E-006
 B after wg2 wg2 ==>  2.52913549284886031E-005  2.18783031508334000E-006
 LTM d(wg2)/d(wg2)   0.0000000000000000     
 B before wg2 wg2 ==>    0.0000000000000000        0.0000000000000000     
 Q value wg2 wg2 ==>   2.81386370658330945E-005  2.25218245951338986E-006
 B after wg2 wg2 ==>  2.60352667912912488E-005  2.25218245951338986E-006
 LTM d(wg2)/d(wg2)   0.0000000000000000     
 B before wg2 wg2 ==>    0.0000000000000000        0.0000000000000000     
 Q value wg2 wg2 ==>   2.77337176582312260E-005  2.18783031508334000E-006
 B after wg2 wg2 ==>  2.52913549284886031E-005  2.18783031508334000E-006
 LTM d(wg2)/d(wg2)   0.0000000000000000     
 B before wg2 wg2 ==>    0.0000000000000000        0.0000000000000000     
 Q value wg2 wg2 ==>   2.88118474299235658E-005  2.36123748216943810E-006
 B after wg2 wg2 ==>  2.72959446718897808E-005  2.36123748216943810E-006
 LTM d(wg2)/d(wg2)   0.0000000000000000     
 B before wg2 wg2 ==>    0.0000000000000000        0.0000000000000000     
 Q value wg2 wg2 ==>   2.90936028119118281E-005  2.40764508324205215E-006
 B after wg2 wg2 ==>  2.78324173142219536E-005  2.40764508324205215E-006
 LTM d(wg2)/d(wg2)   0.0000000000000000     
 B before wg2 wg2 ==>    0.0000000000000000        0.0000000000000000     
 Q value wg2 wg2 ==>   2.90936028119118281E-005  2.40764508324205215E-006
 B after wg2 wg2 ==>  2.78324173142219536E-005  2.40764508324205215E-006
 LTM d(wg2)/d(wg2)   0.0000000000000000     
 B before wg2 wg2 ==>    0.0000000000000000        0.0000000000000000     
 Q value wg2 wg2 ==>   2.90936028119118281E-005  2.40764508324205215E-006
 B after wg2 wg2 ==>  2.78324173142219536E-005  2.40764508324205215E-006
 LTM d(wg2)/d(wg2)   0.0000000000000000     
 B before wg2 wg2 ==>    0.0000000000000000        0.0000000000000000     
 Q value wg2 wg2 ==>   2.90936028119118281E-005  2.40764508324205215E-006
 B after wg2 wg2 ==>  2.78324173142219536E-005  2.40764508324205215E-006
 LTM d(wg2)/d(wg2)   0.0000000000000000     
 B before wg2 wg2 ==>    0.0000000000000000        0.0000000000000000     
 Q value wg2 wg2 ==>   2.90936028119118281E-005  2.40764508324205215E-006
 B after wg2 wg2 ==>  2.78324173142219536E-005  2.40764508324205215E-006
 LTM d(wg2)/d(wg2)   0.0000000000000000     
 B before wg2 wg2 ==>    0.0000000000000000        0.0000000000000000     
 Q value wg2 wg2 ==>   2.90936028119118281E-005  2.40764508324205215E-006
 B after wg2 wg2 ==>  2.78324173142219536E-005  2.40764508324205215E-006
 LTM d(wg2)/d(wg2)   0.0000000000000000     
 B before wg2 wg2 ==>    0.0000000000000000        0.0000000000000000     
 Q value wg2 wg2 ==>   3.03599869147065250E-005  2.62180637997838615E-006
 B after wg2 wg2 ==>  3.03081254760305009E-005  2.62180637997838615E-006
 LTM d(wg2)/d(wg2)   0.0000000000000000     
 B before wg2 wg2 ==>    0.0000000000000000        0.0000000000000000     
 Q value wg2 wg2 ==>   3.07286077929626550E-005  2.68585909160881841E-006
 B after wg2 wg2 ==>  3.10485758906759720E-005  2.68585909160881841E-006
 LTM d(wg2)/d(wg2)   0.0000000000000000     
 B before wg2 wg2 ==>    0.0000000000000000        0.0000000000000000     
 Q value wg2 wg2 ==>   3.04943511418322924E-005  2.64506439555233706E-006
 B after wg2 wg2 ==>  3.05769885239358914E-005  2.64506439555233706E-006
 LTM d(wg2)/d(wg2)   0.0000000000000000     
 B before wg2 wg2 ==>    0.0000000000000000        0.0000000000000000     
 Q value wg2 wg2 ==>   2.93454751906339301E-005  2.44951300028902855E-006
 B after wg2 wg2 ==>  2.83164111335101113E-005  2.44951300028902855E-006
 LTM d(wg2)/d(wg2)   0.0000000000000000     
 B before wg2 wg2 ==>    0.0000000000000000        0.0000000000000000     
 Q value wg2 wg2 ==>   2.93454751906339267E-005  2.44951300028902770E-006
 B after wg2 wg2 ==>  2.83164111335101011E-005  2.44951300028902770E-006
 LTM d(wg2)/d(wg2)   0.0000000000000000     
 B before wg2 wg2 ==>    0.0000000000000000        0.0000000000000000     
 Q value wg2 wg2 ==>   2.93454751906339267E-005  2.44951300028902770E-006
 B after wg2 wg2 ==>  2.83164111335101011E-005  2.44951300028902770E-006
 LTM d(wg2)/d(wg2)   0.0000000000000000     
 B before wg2 wg2 ==>    0.0000000000000000        0.0000000000000000     
 Q value wg2 wg2 ==>   2.93454751906339301E-005  2.44951300028902855E-006
 B after wg2 wg2 ==>  2.83164111335101113E-005  2.44951300028902855E-006
 LTM d(wg2)/d(wg2)   0.0000000000000000     
 B before wg2 wg2 ==>    0.0000000000000000        0.0000000000000000     
 Q value wg2 wg2 ==>   2.97741698954513687E-005  2.52160339331755398E-006
 B after wg2 wg2 ==>  2.91497772791607756E-005  2.52160339331755398E-006
 LTM d(wg2)/d(wg2)   0.0000000000000000     
 B before wg2 wg2 ==>    0.0000000000000000        0.0000000000000000     
 Q value wg2 wg2 ==>   2.97741698954513687E-005  2.52160339331755398E-006
 B after wg2 wg2 ==>  2.91497772791607756E-005  2.52160339331755398E-006
 LTM d(wg2)/d(wg2)   0.0000000000000000     
 B before wg2 wg2 ==>    0.0000000000000000        0.0000000000000000     
 Q value wg2 wg2 ==>   2.97741698954513687E-005  2.52160339331755398E-006
 B after wg2 wg2 ==>  2.91497772791607756E-005  2.52160339331755398E-006
 LTM d(wg2)/d(wg2)   0.0000000000000000     
 B before wg2 wg2 ==>    0.0000000000000000        0.0000000000000000     
 Q value wg2 wg2 ==>   2.97741698954513687E-005  2.52160339331755398E-006
 B after wg2 wg2 ==>  2.91497772791607756E-005  2.52160339331755398E-006
 LTM d(wg2)/d(wg2)   0.0000000000000000     
 B before wg2 wg2 ==>    0.0000000000000000        0.0000000000000000     
 Q value wg2 wg2 ==>   2.97741698954513687E-005  2.52160339331755398E-006
 B after wg2 wg2 ==>  2.91497772791607756E-005  2.52160339331755398E-006
 LTM d(wg2)/d(wg2)   0.0000000000000000     
 B before wg2 wg2 ==>    0.0000000000000000        0.0000000000000000     
 Q value wg2 wg2 ==>   2.97741698954513687E-005  2.52160339331755398E-006
 B after wg2 wg2 ==>  2.91497772791607756E-005  2.52160339331755398E-006
 LTM d(wg2)/d(wg2)   0.0000000000000000     
 B before wg2 wg2 ==>    0.0000000000000000        0.0000000000000000     
 Q value wg2 wg2 ==>   2.97741698954513687E-005  2.52160339331755398E-006
 B after wg2 wg2 ==>  2.91497772791607756E-005  2.52160339331755398E-006
 LTM d(wg2)/d(wg2)   0.0000000000000000     
 B before wg2 wg2 ==>    0.0000000000000000        0.0000000000000000     
 Q value wg2 wg2 ==>   2.97741698954513687E-005  2.52160339331755398E-006
 B after wg2 wg2 ==>  2.91497772791607756E-005  2.52160339331755398E-006
 LTM d(wg2)/d(wg2)   0.0000000000000000     
 B before wg2 wg2 ==>    0.0000000000000000        0.0000000000000000     
 Q value wg2 wg2 ==>   2.97741698954513687E-005  2.52160339331755398E-006
 B after wg2 wg2 ==>  2.91497772791607756E-005  2.52160339331755398E-006
 LTM d(wg2)/d(wg2)   0.0000000000000000     
 B before wg2 wg2 ==>    0.0000000000000000        0.0000000000000000     
 Q value wg2 wg2 ==>   2.97741698954513687E-005  2.52160339331755398E-006
 B after wg2 wg2 ==>  2.91497772791607756E-005  2.52160339331755398E-006
 LTM d(wg2)/d(wg2)   0.0000000000000000     
 B before wg2 wg2 ==>    0.0000000000000000        0.0000000000000000     
 Q value wg2 wg2 ==>   2.97741698954513687E-005  2.52160339331755398E-006
 B after wg2 wg2 ==>  2.91497772791607756E-005  2.52160339331755398E-006
 LTM d(wg2)/d(wg2)   0.0000000000000000     
 B before wg2 wg2 ==>    0.0000000000000000        0.0000000000000000     
 Q value wg2 wg2 ==>   2.97741698954513687E-005  2.52160339331755398E-006
 B after wg2 wg2 ==>  2.91497772791607756E-005  2.52160339331755398E-006
 LTM d(wg2)/d(wg2)   0.0000000000000000     
 B before wg2 wg2 ==>    0.0000000000000000        0.0000000000000000     
 Q value wg2 wg2 ==>   2.97741698954513687E-005  2.52160339331755398E-006
 B after wg2 wg2 ==>  2.91497772791607756E-005  2.52160339331755398E-006
 LTM d(wg2)/d(wg2)   0.0000000000000000     
 B before wg2 wg2 ==>    0.0000000000000000        0.0000000000000000     
 Q value wg2 wg2 ==>   2.97741698954513687E-005  2.52160339331755398E-006
 B after wg2 wg2 ==>  2.91497772791607756E-005  2.52160339331755398E-006
 LTM d(wg2)/d(wg2)   0.0000000000000000     
 B before wg2 wg2 ==>    0.0000000000000000        0.0000000000000000     
 Q value wg2 wg2 ==>   2.97741698954513687E-005  2.52160339331755398E-006
 B after wg2 wg2 ==>  2.91497772791607756E-005  2.52160339331755398E-006
 LTM d(wg2)/d(wg2)   0.0000000000000000     
 B before wg2 wg2 ==>    0.0000000000000000        0.0000000000000000     
 Q value wg2 wg2 ==>   2.86051263465708515E-005  2.32747592050711275E-006
 B after wg2 wg2 ==>  2.69056604560366904E-005  2.32747592050711275E-006
 LTM d(wg2)/d(wg2)   0.0000000000000000     
 B before wg2 wg2 ==>    0.0000000000000000        0.0000000000000000     
 Q value wg2 wg2 ==>   2.77337176582312260E-005  2.18783031508334000E-006
 B after wg2 wg2 ==>  2.52913549284886031E-005  2.18783031508334000E-006
 LTM d(wg2)/d(wg2)   0.0000000000000000     
 B before wg2 wg2 ==>    0.0000000000000000        0.0000000000000000     
 Q value wg2 wg2 ==>   2.77337176582312260E-005  2.18783031508334000E-006
 B after wg2 wg2 ==>  2.52913549284886031E-005  2.18783031508334000E-006
 LTM d(wg2)/d(wg2)   0.0000000000000000     
 B before wg2 wg2 ==>    0.0000000000000000        0.0000000000000000     
 Q value wg2 wg2 ==>   2.77337176582312260E-005  2.18783031508334000E-006
 B after wg2 wg2 ==>  2.52913549284886031E-005  2.18783031508334000E-006
 LTM d(wg2)/d(wg2)   0.0000000000000000     
 B before wg2 wg2 ==>    0.0000000000000000        0.0000000000000000     
 Q value wg2 wg2 ==>   2.77337176582312260E-005  2.18783031508334000E-006
 B after wg2 wg2 ==>  2.52913549284886031E-005  2.18783031508334000E-006
 LTM d(wg2)/d(wg2)   0.0000000000000000     
 B before wg2 wg2 ==>    0.0000000000000000        0.0000000000000000     
 Q value wg2 wg2 ==>   2.77337176582312260E-005  2.18783031508334000E-006
 B after wg2 wg2 ==>  2.52913549284886031E-005  2.18783031508334000E-006
 LTM d(wg2)/d(wg2)   0.0000000000000000     
 B before wg2 wg2 ==>    0.0000000000000000        0.0000000000000000     
 Q value wg2 wg2 ==>   2.90936028119118281E-005  2.40764508324205215E-006
 B after wg2 wg2 ==>  2.78324173142219536E-005  2.40764508324205215E-006
 LTM d(wg2)/d(wg2)   0.0000000000000000     
 B before wg2 wg2 ==>    0.0000000000000000        0.0000000000000000     
 Q value wg2 wg2 ==>   2.90936028119118281E-005  2.40764508324205215E-006
 B after wg2 wg2 ==>  2.78324173142219536E-005  2.40764508324205215E-006
 LTM d(wg2)/d(wg2)   0.0000000000000000     
 B before wg2 wg2 ==>    0.0000000000000000        0.0000000000000000     
 Q value wg2 wg2 ==>   2.90936028119118281E-005  2.40764508324205215E-006
 B after wg2 wg2 ==>  2.78324173142219536E-005  2.40764508324205215E-006
 LTM d(wg2)/d(wg2)   0.0000000000000000     
 B before wg2 wg2 ==>    0.0000000000000000        0.0000000000000000     
 Q value wg2 wg2 ==>   2.90936028119118281E-005  2.40764508324205215E-006
 B after wg2 wg2 ==>  2.78324173142219536E-005  2.40764508324205215E-006
 LTM d(wg2)/d(wg2)   0.0000000000000000     
 B before wg2 wg2 ==>    0.0000000000000000        0.0000000000000000     
 Q value wg2 wg2 ==>   2.90936028119118281E-005  2.40764508324205215E-006
 B after wg2 wg2 ==>  2.78324173142219536E-005  2.40764508324205215E-006
 LTM d(wg2)/d(wg2)   0.0000000000000000     
 B before wg2 wg2 ==>    0.0000000000000000        0.0000000000000000     
 Q value wg2 wg2 ==>   2.90936028119118281E-005  2.40764508324205215E-006
 B after wg2 wg2 ==>  2.78324173142219536E-005  2.40764508324205215E-006
 LTM d(wg2)/d(wg2)   0.0000000000000000     
 B before wg2 wg2 ==>    0.0000000000000000        0.0000000000000000     
 Q value wg2 wg2 ==>   2.90936028119118281E-005  2.40764508324205215E-006
 B after wg2 wg2 ==>  2.78324173142219536E-005  2.40764508324205215E-006
 LTM d(wg2)/d(wg2)   0.0000000000000000     
 B before wg2 wg2 ==>    0.0000000000000000        0.0000000000000000     
 Q value wg2 wg2 ==>   2.90936028119118281E-005  2.40764508324205215E-006
 B after wg2 wg2 ==>  2.78324173142219536E-005  2.40764508324205215E-006
 LTM d(wg2)/d(wg2)   0.0000000000000000     
 B before wg2 wg2 ==>    0.0000000000000000        0.0000000000000000     
 Q value wg2 wg2 ==>   2.90936028119118281E-005  2.40764508324205215E-006
 B after wg2 wg2 ==>  2.78324173142219536E-005  2.40764508324205215E-006
 LTM d(wg2)/d(wg2)   0.0000000000000000     
 B before wg2 wg2 ==>    0.0000000000000000        0.0000000000000000     
 Q value wg2 wg2 ==>   2.90936028119118281E-005  2.40764508324205215E-006
 B after wg2 wg2 ==>  2.78324173142219536E-005  2.40764508324205215E-006
 LTM d(wg2)/d(wg2)   0.0000000000000000     
 B before wg2 wg2 ==>    0.0000000000000000        0.0000000000000000     
 Q value wg2 wg2 ==>   2.90936028119118281E-005  2.40764508324205215E-006
 B after wg2 wg2 ==>  2.78324173142219536E-005  2.40764508324205215E-006
 LTM d(wg2)/d(wg2)   0.0000000000000000     
 B before wg2 wg2 ==>    0.0000000000000000        0.0000000000000000     
 Q value wg2 wg2 ==>   3.01212029042410758E-005  2.58072708095562267E-006
 B after wg2 wg2 ==>  2.98332480942539119E-005  2.58072708095562267E-006
 LTM d(wg2)/d(wg2)   0.0000000000000000     
 B before wg2 wg2 ==>    0.0000000000000000        0.0000000000000000     
 Q value wg2 wg2 ==>   3.07286077929626550E-005  2.68585909160881841E-006
 B after wg2 wg2 ==>  3.10485758906759720E-005  2.68585909160881841E-006
 LTM d(wg2)/d(wg2)   0.0000000000000000     
 B before wg2 wg2 ==>    0.0000000000000000        0.0000000000000000     
 Q value wg2 wg2 ==>   2.99567440448829352E-005  2.55262297250312341E-006
 B after wg2 wg2 ==>  2.95083641318549271E-005  2.55262297250312341E-006
 LTM d(wg2)/d(wg2)   0.0000000000000000     
 B before wg2 wg2 ==>    0.0000000000000000        0.0000000000000000     
 Q value wg2 wg2 ==>   2.93454751906339301E-005  2.44951300028902855E-006
 B after wg2 wg2 ==>  2.83164111335101113E-005  2.44951300028902855E-006
 LTM d(wg2)/d(wg2)   0.0000000000000000     
 B before wg2 wg2 ==>    0.0000000000000000        0.0000000000000000     
 Q value wg2 wg2 ==>   2.93454751906339267E-005  2.44951300028902770E-006
 B after wg2 wg2 ==>  2.83164111335101011E-005  2.44951300028902770E-006
 LTM d(wg2)/d(wg2)   0.0000000000000000     
 B before wg2 wg2 ==>    0.0000000000000000        0.0000000000000000     
 Q value wg2 wg2 ==>   2.93454751906339267E-005  2.44951300028902770E-006
 B after wg2 wg2 ==>  2.83164111335101011E-005  2.44951300028902770E-006
 LTM d(wg2)/d(wg2)   0.0000000000000000     
 B before wg2 wg2 ==>    0.0000000000000000        0.0000000000000000     
 Q value wg2 wg2 ==>   2.93454751906339267E-005  2.44951300028902770E-006
 B after wg2 wg2 ==>  2.83164111335101011E-005  2.44951300028902770E-006
 LTM d(wg2)/d(wg2)   0.0000000000000000     
 B before wg2 wg2 ==>    0.0000000000000000        0.0000000000000000     
 Q value wg2 wg2 ==>   2.97741698954513687E-005  2.52160339331755398E-006
 B after wg2 wg2 ==>  2.91497772791607756E-005  2.52160339331755398E-006
 LTM d(wg2)/d(wg2)   0.0000000000000000     
 B before wg2 wg2 ==>    0.0000000000000000        0.0000000000000000     
 Q value wg2 wg2 ==>   2.97741698954513687E-005  2.52160339331755398E-006
 B after wg2 wg2 ==>  2.91497772791607756E-005  2.52160339331755398E-006
 LTM d(wg2)/d(wg2)   0.0000000000000000     
 B before wg2 wg2 ==>    0.0000000000000000        0.0000000000000000     
 Q value wg2 wg2 ==>   2.97741698954513687E-005  2.52160339331755398E-006
 B after wg2 wg2 ==>  2.91497772791607756E-005  2.52160339331755398E-006
 LTM d(wg2)/d(wg2)   0.0000000000000000     
 B before wg2 wg2 ==>    0.0000000000000000        0.0000000000000000     
 Q value wg2 wg2 ==>   2.97741698954513687E-005  2.52160339331755398E-006
 B after wg2 wg2 ==>  2.91497772791607756E-005  2.52160339331755398E-006
 LTM d(wg2)/d(wg2)   0.0000000000000000     
 B before wg2 wg2 ==>    0.0000000000000000        0.0000000000000000     
 Q value wg2 wg2 ==>   2.97741698954513687E-005  2.52160339331755398E-006
 B after wg2 wg2 ==>  2.91497772791607756E-005  2.52160339331755398E-006
 LTM d(wg2)/d(wg2)   0.0000000000000000     
 B before wg2 wg2 ==>    0.0000000000000000        0.0000000000000000     
 Q value wg2 wg2 ==>   2.97741698954513687E-005  2.52160339331755398E-006
 B after wg2 wg2 ==>  2.91497772791607756E-005  2.52160339331755398E-006
 LTM d(wg2)/d(wg2)   0.0000000000000000     
 B before wg2 wg2 ==>    0.0000000000000000        0.0000000000000000     
 Q value wg2 wg2 ==>   2.97741698954513687E-005  2.52160339331755398E-006
 B after wg2 wg2 ==>  2.91497772791607756E-005  2.52160339331755398E-006
 LTM d(wg2)/d(wg2)   0.0000000000000000     
 B before wg2 wg2 ==>    0.0000000000000000        0.0000000000000000     
 Q value wg2 wg2 ==>   2.97741698954513687E-005  2.52160339331755398E-006
 B after wg2 wg2 ==>  2.91497772791607756E-005  2.52160339331755398E-006
 LTM d(wg2)/d(wg2)   0.0000000000000000     
 B before wg2 wg2 ==>    0.0000000000000000        0.0000000000000000     
 Q value wg2 wg2 ==>   2.97741698954513687E-005  2.52160339331755398E-006
 B after wg2 wg2 ==>  2.91497772791607756E-005  2.52160339331755398E-006
 LTM d(wg2)/d(wg2)   0.0000000000000000     
 B before wg2 wg2 ==>    0.0000000000000000        0.0000000000000000     
 Q value wg2 wg2 ==>   2.97741698954513687E-005  2.52160339331755398E-006
 B after wg2 wg2 ==>  2.91497772791607756E-005  2.52160339331755398E-006
 LTM d(wg2)/d(wg2)   0.0000000000000000     
 B before wg2 wg2 ==>    0.0000000000000000        0.0000000000000000     
 Q value wg2 wg2 ==>   2.97741698954513687E-005  2.52160339331755398E-006
 B after wg2 wg2 ==>  2.91497772791607756E-005  2.52160339331755398E-006
 LTM d(wg2)/d(wg2)   0.0000000000000000     
 B before wg2 wg2 ==>    0.0000000000000000        0.0000000000000000     
 Q value wg2 wg2 ==>   2.97741698954513687E-005  2.52160339331755398E-006
 B after wg2 wg2 ==>  2.91497772791607756E-005  2.52160339331755398E-006
 LTM d(wg2)/d(wg2)   0.0000000000000000     
 B before wg2 wg2 ==>    0.0000000000000000        0.0000000000000000     
 Q value wg2 wg2 ==>   2.97741698954513687E-005  2.52160339331755398E-006
 B after wg2 wg2 ==>  2.91497772791607756E-005  2.52160339331755398E-006
 LTM d(wg2)/d(wg2)   0.0000000000000000     
 B before wg2 wg2 ==>    0.0000000000000000        0.0000000000000000     
 Q value wg2 wg2 ==>   2.97741698954513687E-005  2.52160339331755398E-006
 B after wg2 wg2 ==>  2.91497772791607756E-005  2.52160339331755398E-006
 LTM d(wg2)/d(wg2)   0.0000000000000000     
 B before wg2 wg2 ==>    0.0000000000000000        0.0000000000000000     
 Q value wg2 wg2 ==>   2.92645864363604198E-005  2.43602778820610943E-006
 B after wg2 wg2 ==>  2.81605218569406645E-005  2.43602778820610943E-006
 LTM d(wg2)/d(wg2)   0.0000000000000000     
 B before wg2 wg2 ==>    0.0000000000000000        0.0000000000000000     
 Q value wg2 wg2 ==>   2.77337176582312260E-005  2.18783031508334000E-006
 B after wg2 wg2 ==>  2.52913549284886031E-005  2.18783031508334000E-006
 LTM d(wg2)/d(wg2)   0.0000000000000000     
 B before wg2 wg2 ==>    0.0000000000000000        0.0000000000000000     
 Q value wg2 wg2 ==>   2.77337176582312260E-005  2.18783031508334000E-006
 B after wg2 wg2 ==>  2.52913549284886031E-005  2.18783031508334000E-006
 LTM d(wg2)/d(wg2)   0.0000000000000000     
 B before wg2 wg2 ==>    0.0000000000000000        0.0000000000000000     
 Q value wg2 wg2 ==>   2.77337176582312260E-005  2.18783031508334000E-006
 B after wg2 wg2 ==>  2.52913549284886031E-005  2.18783031508334000E-006
 LTM d(wg2)/d(wg2)   0.0000000000000000     
 B before wg2 wg2 ==>    0.0000000000000000        0.0000000000000000     
 Q value wg2 wg2 ==>   2.77337176582312260E-005  2.18783031508334000E-006
 B after wg2 wg2 ==>  2.52913549284886031E-005  2.18783031508334000E-006
 LTM d(wg2)/d(wg2)   0.0000000000000000     
 B before wg2 wg2 ==>    0.0000000000000000        0.0000000000000000     
 Q value wg2 wg2 ==>   2.88118474299235658E-005  2.36123748216943810E-006
 B after wg2 wg2 ==>  2.72959446718897808E-005  2.36123748216943810E-006
 LTM d(wg2)/d(wg2)   0.0000000000000000     
 B before wg2 wg2 ==>    0.0000000000000000        0.0000000000000000     
 Q value wg2 wg2 ==>   2.90936028119118281E-005  2.40764508324205215E-006
 B after wg2 wg2 ==>  2.78324173142219536E-005  2.40764508324205215E-006
 LTM d(wg2)/d(wg2)   0.0000000000000000     
 B before wg2 wg2 ==>    0.0000000000000000        0.0000000000000000     
 Q value wg2 wg2 ==>   2.90936028119118281E-005  2.40764508324205215E-006
 B after wg2 wg2 ==>  2.78324173142219536E-005  2.40764508324205215E-006
 LTM d(wg2)/d(wg2)   0.0000000000000000     
 B before wg2 wg2 ==>    0.0000000000000000        0.0000000000000000     
 Q value wg2 wg2 ==>   2.90936028119118281E-005  2.40764508324205215E-006
 B after wg2 wg2 ==>  2.78324173142219536E-005  2.40764508324205215E-006
 LTM d(wg2)/d(wg2)   0.0000000000000000     
 B before wg2 wg2 ==>    0.0000000000000000        0.0000000000000000     
 Q value wg2 wg2 ==>   2.84954956798789282E-005  2.30966975727501887E-006
 B after wg2 wg2 ==>  2.66998209121229123E-005  2.30966975727501887E-006
 LTM d(wg2)/d(wg2)   0.0000000000000000     
 B before wg2 wg2 ==>    0.0000000000000000        0.0000000000000000     
 Q value wg2 wg2 ==>   2.88118474299235590E-005  2.36123748216943725E-006
 B after wg2 wg2 ==>  2.72959446718897706E-005  2.36123748216943725E-006
 LTM d(wg2)/d(wg2)   0.0000000000000000     
 B before wg2 wg2 ==>    0.0000000000000000        0.0000000000000000     
 Q value wg2 wg2 ==>   2.90936028119118281E-005  2.40764508324205215E-006
 B after wg2 wg2 ==>  2.78324173142219536E-005  2.40764508324205215E-006
 LTM d(wg2)/d(wg2)   0.0000000000000000     
 B before wg2 wg2 ==>    0.0000000000000000        0.0000000000000000     
 Q value wg2 wg2 ==>   2.90936028119118281E-005  2.40764508324205215E-006
 B after wg2 wg2 ==>  2.78324173142219536E-005  2.40764508324205215E-006
 LTM d(wg2)/d(wg2)   0.0000000000000000     
 B before wg2 wg2 ==>    0.0000000000000000        0.0000000000000000     
 Q value wg2 wg2 ==>   2.90936028119118281E-005  2.40764508324205215E-006
 B after wg2 wg2 ==>  2.78324173142219536E-005  2.40764508324205215E-006
 LTM d(wg2)/d(wg2)   0.0000000000000000     
 B before wg2 wg2 ==>    0.0000000000000000        0.0000000000000000     
 Q value wg2 wg2 ==>   2.90936028119118281E-005  2.40764508324205215E-006
 B after wg2 wg2 ==>  2.78324173142219536E-005  2.40764508324205215E-006
 LTM d(wg2)/d(wg2)   0.0000000000000000     
 B before wg2 wg2 ==>    0.0000000000000000        0.0000000000000000     
 Q value wg2 wg2 ==>   2.90936028119118281E-005  2.40764508324205215E-006
 B after wg2 wg2 ==>  2.78324173142219536E-005  2.40764508324205215E-006
 LTM d(wg2)/d(wg2)   0.0000000000000000     
 B before wg2 wg2 ==>    0.0000000000000000        0.0000000000000000     
 Q value wg2 wg2 ==>   2.90936028119118281E-005  2.40764508324205215E-006
 B after wg2 wg2 ==>  2.78324173142219536E-005  2.40764508324205215E-006
 LTM d(wg2)/d(wg2)   0.0000000000000000     
 B before wg2 wg2 ==>    0.0000000000000000        0.0000000000000000     
 Q value wg2 wg2 ==>   2.90936028119118281E-005  2.40764508324205215E-006
 B after wg2 wg2 ==>  2.78324173142219536E-005  2.40764508324205215E-006
 LTM d(wg2)/d(wg2)   0.0000000000000000     
 B before wg2 wg2 ==>    0.0000000000000000        0.0000000000000000     
 Q value wg2 wg2 ==>   2.98371687315400510E-005  2.53228554784538003E-006
 B after wg2 wg2 ==>  2.92732631636471671E-005  2.53228554784538003E-006
 LTM d(wg2)/d(wg2)   0.0000000000000000     
 B before wg2 wg2 ==>    0.0000000000000000        0.0000000000000000     
 Q value wg2 wg2 ==>   3.04029660090152940E-005  2.62923475099118717E-006
 B after wg2 wg2 ==>  3.03939975688203365E-005  2.62923475099118717E-006
 LTM d(wg2)/d(wg2)   0.0000000000000000     
 B before wg2 wg2 ==>    0.0000000000000000        0.0000000000000000     
 Q value wg2 wg2 ==>   2.93454751906339267E-005  2.44951300028902770E-006
 B after wg2 wg2 ==>  2.83164111335101011E-005  2.44951300028902770E-006
 LTM d(wg2)/d(wg2)   0.0000000000000000     
 B before wg2 wg2 ==>    0.0000000000000000        0.0000000000000000     
 Q value wg2 wg2 ==>   2.93454751906339301E-005  2.44951300028902855E-006
 B after wg2 wg2 ==>  2.83164111335101113E-005  2.44951300028902855E-006
 LTM d(wg2)/d(wg2)   0.0000000000000000     
 B before wg2 wg2 ==>    0.0000000000000000        0.0000000000000000     
 Q value wg2 wg2 ==>   2.93454751906339301E-005  2.44951300028902855E-006
 B after wg2 wg2 ==>  2.83164111335101113E-005  2.44951300028902855E-006
 LTM d(wg2)/d(wg2)   0.0000000000000000     
 B before wg2 wg2 ==>    0.0000000000000000        0.0000000000000000     
 Q value wg2 wg2 ==>   2.93454751906339267E-005  2.44951300028902770E-006
 B after wg2 wg2 ==>  2.83164111335101011E-005  2.44951300028902770E-006
 LTM d(wg2)/d(wg2)   0.0000000000000000     
 B before wg2 wg2 ==>    0.0000000000000000        0.0000000000000000     
 Q value wg2 wg2 ==>   2.93454751906339301E-005  2.44951300028902855E-006
 B after wg2 wg2 ==>  2.83164111335101113E-005  2.44951300028902855E-006
 LTM d(wg2)/d(wg2)   0.0000000000000000     
 B before wg2 wg2 ==>    0.0000000000000000        0.0000000000000000     
 Q value wg2 wg2 ==>   2.97741698954513687E-005  2.52160339331755398E-006
 B after wg2 wg2 ==>  2.91497772791607756E-005  2.52160339331755398E-006
 LTM d(wg2)/d(wg2)   0.0000000000000000     
 B before wg2 wg2 ==>    0.0000000000000000        0.0000000000000000     
 Q value wg2 wg2 ==>   2.97741698954513687E-005  2.52160339331755398E-006
 B after wg2 wg2 ==>  2.91497772791607756E-005  2.52160339331755398E-006
 LTM d(wg2)/d(wg2)   0.0000000000000000     
 B before wg2 wg2 ==>    0.0000000000000000        0.0000000000000000     
 Q value wg2 wg2 ==>   2.97741698954513687E-005  2.52160339331755398E-006
 B after wg2 wg2 ==>  2.91497772791607756E-005  2.52160339331755398E-006
 LTM d(wg2)/d(wg2)   0.0000000000000000     
 B before wg2 wg2 ==>    0.0000000000000000        0.0000000000000000     
 Q value wg2 wg2 ==>   2.97741698954513687E-005  2.52160339331755398E-006
 B after wg2 wg2 ==>  2.91497772791607756E-005  2.52160339331755398E-006
 LTM d(wg2)/d(wg2)   0.0000000000000000     
 B before wg2 wg2 ==>    0.0000000000000000        0.0000000000000000     
 Q value wg2 wg2 ==>   2.97741698954513687E-005  2.52160339331755398E-006
 B after wg2 wg2 ==>  2.91497772791607756E-005  2.52160339331755398E-006
 LTM d(wg2)/d(wg2)   0.0000000000000000     
 B before wg2 wg2 ==>    0.0000000000000000        0.0000000000000000     
 Q value wg2 wg2 ==>   2.97741698954513687E-005  2.52160339331755398E-006
 B after wg2 wg2 ==>  2.91497772791607756E-005  2.52160339331755398E-006
 LTM d(wg2)/d(wg2)   0.0000000000000000     
 B before wg2 wg2 ==>    0.0000000000000000        0.0000000000000000     
 Q value wg2 wg2 ==>   2.97741698954513687E-005  2.52160339331755398E-006
 B after wg2 wg2 ==>  2.91497772791607756E-005  2.52160339331755398E-006
 LTM d(wg2)/d(wg2)   0.0000000000000000     
 B before wg2 wg2 ==>    0.0000000000000000        0.0000000000000000     
 Q value wg2 wg2 ==>   2.97741698954513687E-005  2.52160339331755398E-006
 B after wg2 wg2 ==>  2.91497772791607756E-005  2.52160339331755398E-006
 LTM d(wg2)/d(wg2)   0.0000000000000000     
 B before wg2 wg2 ==>    0.0000000000000000        0.0000000000000000     
 Q value wg2 wg2 ==>   2.97741698954513687E-005  2.52160339331755398E-006
 B after wg2 wg2 ==>  2.91497772791607756E-005  2.52160339331755398E-006
 LTM d(wg2)/d(wg2)   0.0000000000000000     
 B before wg2 wg2 ==>    0.0000000000000000        0.0000000000000000     
 Q value wg2 wg2 ==>   2.97741698954513687E-005  2.52160339331755398E-006
 B after wg2 wg2 ==>  2.91497772791607756E-005  2.52160339331755398E-006
 LTM d(wg2)/d(wg2)   0.0000000000000000     
 B before wg2 wg2 ==>    0.0000000000000000        0.0000000000000000     
 Q value wg2 wg2 ==>   2.97741698954513687E-005  2.52160339331755398E-006
 B after wg2 wg2 ==>  2.91497772791607756E-005  2.52160339331755398E-006
 LTM d(wg2)/d(wg2)   0.0000000000000000     
 B before wg2 wg2 ==>    0.0000000000000000        0.0000000000000000     
 Q value wg2 wg2 ==>   2.97741698954513687E-005  2.52160339331755398E-006
 B after wg2 wg2 ==>  2.91497772791607756E-005  2.52160339331755398E-006
 LTM d(wg2)/d(wg2)   0.0000000000000000     
 B before wg2 wg2 ==>    0.0000000000000000        0.0000000000000000     
 Q value wg2 wg2 ==>   2.97741698954513687E-005  2.52160339331755398E-006
 B after wg2 wg2 ==>  2.91497772791607756E-005  2.52160339331755398E-006
 LTM d(wg2)/d(wg2)   0.0000000000000000     
 B before wg2 wg2 ==>    0.0000000000000000        0.0000000000000000     
 Q value wg2 wg2 ==>   2.97741698954513687E-005  2.52160339331755398E-006
 B after wg2 wg2 ==>  2.91497772791607756E-005  2.52160339331755398E-006
 LTM d(wg2)/d(wg2)   0.0000000000000000     
 B before wg2 wg2 ==>    0.0000000000000000        0.0000000000000000     
 Q value wg2 wg2 ==>   2.86051263465708515E-005  2.32747592050711275E-006
 B after wg2 wg2 ==>  2.69056604560366904E-005  2.32747592050711275E-006
 LTM d(wg2)/d(wg2)   0.0000000000000000     
 B before wg2 wg2 ==>    0.0000000000000000        0.0000000000000000     
 Q value wg2 wg2 ==>   2.77337176582312260E-005  2.18783031508334000E-006
 B after wg2 wg2 ==>  2.52913549284886031E-005  2.18783031508334000E-006
 LTM d(wg2)/d(wg2)   0.0000000000000000     
 B before wg2 wg2 ==>    0.0000000000000000        0.0000000000000000     
 Q value wg2 wg2 ==>   2.89567310871140741E-005  2.38504469404853643E-006
 B after wg2 wg2 ==>  2.75711564382415392E-005  2.38504469404853643E-006
 LTM d(wg2)/d(wg2)   0.0000000000000000     
 B before wg2 wg2 ==>    0.0000000000000000        0.0000000000000000     
 Q value wg2 wg2 ==>   2.89567310871140741E-005  2.38504469404853643E-006
 B after wg2 wg2 ==>  2.75711564382415392E-005  2.38504469404853643E-006
 LTM d(wg2)/d(wg2)   0.0000000000000000     
 B before wg2 wg2 ==>    0.0000000000000000        0.0000000000000000     
 Q value wg2 wg2 ==>   2.82625169972558664E-005  2.27205651063516949E-006
 B after wg2 wg2 ==>  2.62650111536956565E-005  2.27205651063516949E-006
 LTM d(wg2)/d(wg2)   0.0000000000000000     
 B before wg2 wg2 ==>    0.0000000000000000        0.0000000000000000     
 Q value wg2 wg2 ==>   2.77337176582312260E-005  2.18783031508334000E-006
 B after wg2 wg2 ==>  2.52913549284886031E-005  2.18783031508334000E-006
 LTM d(wg2)/d(wg2)   0.0000000000000000     
 B before wg2 wg2 ==>    0.0000000000000000        0.0000000000000000     
 Q value wg2 wg2 ==>   2.82625169972558664E-005  2.27205651063516949E-006
 B after wg2 wg2 ==>  2.62650111536956565E-005  2.27205651063516949E-006
 LTM d(wg2)/d(wg2)   0.0000000000000000     
 B before wg2 wg2 ==>    0.0000000000000000        0.0000000000000000     
 Q value wg2 wg2 ==>   2.82625169972558664E-005  2.27205651063516949E-006
 B after wg2 wg2 ==>  2.62650111536956565E-005  2.27205651063516949E-006
 LTM d(wg2)/d(wg2)   0.0000000000000000     
 B before wg2 wg2 ==>    0.0000000000000000        0.0000000000000000     
 Q value wg2 wg2 ==>   2.90936028119118281E-005  2.40764508324205215E-006
 B after wg2 wg2 ==>  2.78324173142219536E-005  2.40764508324205215E-006
 LTM d(wg2)/d(wg2)   0.0000000000000000     
 B before wg2 wg2 ==>    0.0000000000000000        0.0000000000000000     
 Q value wg2 wg2 ==>   2.82625169972558664E-005  2.27205651063516949E-006
 B after wg2 wg2 ==>  2.62650111536956565E-005  2.27205651063516949E-006
 LTM d(wg2)/d(wg2)   0.0000000000000000     
 B before wg2 wg2 ==>    0.0000000000000000        0.0000000000000000     
 Q value wg2 wg2 ==>   2.77337176582312260E-005  2.18783031508334000E-006
 B after wg2 wg2 ==>  2.52913549284886031E-005  2.18783031508334000E-006
 LTM d(wg2)/d(wg2)   0.0000000000000000     
 B before wg2 wg2 ==>    0.0000000000000000        0.0000000000000000     
 Q value wg2 wg2 ==>   2.90936028119118281E-005  2.40764508324205215E-006
 B after wg2 wg2 ==>  2.78324173142219536E-005  2.40764508324205215E-006
 LTM d(wg2)/d(wg2)   0.0000000000000000     
 B before wg2 wg2 ==>    0.0000000000000000        0.0000000000000000     
 Q value wg2 wg2 ==>   2.84954954799046985E-005  2.30966972485765470E-006
 B after wg2 wg2 ==>  2.66998205373776437E-005  2.30966972485765470E-006
 LTM d(wg2)/d(wg2)   0.0000000000000000     
 B before wg2 wg2 ==>    0.0000000000000000        0.0000000000000000     
 Q value wg2 wg2 ==>   2.84954954799046985E-005  2.30966972485765470E-006
 B after wg2 wg2 ==>  2.66998205373776437E-005  2.30966972485765470E-006
 LTM d(wg2)/d(wg2)   0.0000000000000000     
 B before wg2 wg2 ==>    0.0000000000000000        0.0000000000000000     
 Q value wg2 wg2 ==>   2.90936028119118281E-005  2.40764508324205215E-006
 B after wg2 wg2 ==>  2.78324173142219536E-005  2.40764508324205215E-006
 LTM d(wg2)/d(wg2)   0.0000000000000000     
 B before wg2 wg2 ==>    0.0000000000000000        0.0000000000000000     
 Q value wg2 wg2 ==>   2.90936028119118281E-005  2.40764508324205215E-006
 B after wg2 wg2 ==>  2.78324173142219536E-005  2.40764508324205215E-006
 LTM d(wg2)/d(wg2)   0.0000000000000000     
 B before wg2 wg2 ==>    0.0000000000000000        0.0000000000000000     
 Q value wg2 wg2 ==>   2.90936028119118281E-005  2.40764508324205215E-006
 B after wg2 wg2 ==>  2.78324173142219536E-005  2.40764508324205215E-006
 LTM d(wg2)/d(wg2)   0.0000000000000000     
 B before wg2 wg2 ==>    0.0000000000000000        0.0000000000000000     
 Q value wg2 wg2 ==>   2.90936028119118281E-005  2.40764508324205215E-006
 B after wg2 wg2 ==>  2.78324173142219536E-005  2.40764508324205215E-006
 LTM d(wg2)/d(wg2)   0.0000000000000000     
 B before wg2 wg2 ==>    0.0000000000000000        0.0000000000000000     
 Q value wg2 wg2 ==>   2.92645865345613878E-005  2.43602780455489902E-006
 B after wg2 wg2 ==>  2.81605220459329426E-005  2.43602780455489902E-006
 LTM d(wg2)/d(wg2)   0.0000000000000000     
 B before wg2 wg2 ==>    0.0000000000000000        0.0000000000000000     
 Q value wg2 wg2 ==>   2.93454751906339267E-005  2.44951300028902770E-006
 B after wg2 wg2 ==>  2.83164111335101011E-005  2.44951300028902770E-006
 LTM d(wg2)/d(wg2)   0.0000000000000000     
 B before wg2 wg2 ==>    0.0000000000000000        0.0000000000000000     
 Q value wg2 wg2 ==>   2.93454751906339267E-005  2.44951300028902770E-006
 B after wg2 wg2 ==>  2.83164111335101011E-005  2.44951300028902770E-006
 LTM d(wg2)/d(wg2)   0.0000000000000000     
 B before wg2 wg2 ==>    0.0000000000000000        0.0000000000000000     
 Q value wg2 wg2 ==>   2.93454751906339267E-005  2.44951300028902770E-006
 B after wg2 wg2 ==>  2.83164111335101011E-005  2.44951300028902770E-006
 LTM d(wg2)/d(wg2)   0.0000000000000000     
 B before wg2 wg2 ==>    0.0000000000000000        0.0000000000000000     
 Q value wg2 wg2 ==>   2.93454751906339267E-005  2.44951300028902770E-006
 B after wg2 wg2 ==>  2.83164111335101011E-005  2.44951300028902770E-006
 LTM d(wg2)/d(wg2)   0.0000000000000000     
 B before wg2 wg2 ==>    0.0000000000000000        0.0000000000000000     
 Q value wg2 wg2 ==>   2.93454751906339301E-005  2.44951300028902855E-006
 B after wg2 wg2 ==>  2.83164111335101113E-005  2.44951300028902855E-006
 LTM d(wg2)/d(wg2)   0.0000000000000000     
 B before wg2 wg2 ==>    0.0000000000000000        0.0000000000000000     
 Q value wg2 wg2 ==>   2.93454751906339267E-005  2.44951300028902770E-006
 B after wg2 wg2 ==>  2.83164111335101011E-005  2.44951300028902770E-006
 LTM d(wg2)/d(wg2)   0.0000000000000000     
 B before wg2 wg2 ==>    0.0000000000000000        0.0000000000000000     
 Q value wg2 wg2 ==>   2.97741698954513687E-005  2.52160339331755398E-006
 B after wg2 wg2 ==>  2.91497772791607756E-005  2.52160339331755398E-006
 LTM d(wg2)/d(wg2)   0.0000000000000000     
 B before wg2 wg2 ==>    0.0000000000000000        0.0000000000000000     
 Q value wg2 wg2 ==>   2.97741698954513687E-005  2.52160339331755398E-006
 B after wg2 wg2 ==>  2.91497772791607756E-005  2.52160339331755398E-006
 LTM d(wg2)/d(wg2)   0.0000000000000000     
 B before wg2 wg2 ==>    0.0000000000000000        0.0000000000000000     
 Q value wg2 wg2 ==>   2.97741698954513687E-005  2.52160339331755398E-006
 B after wg2 wg2 ==>  2.91497772791607756E-005  2.52160339331755398E-006
 LTM d(wg2)/d(wg2)   0.0000000000000000     
 B before wg2 wg2 ==>    0.0000000000000000        0.0000000000000000     
 Q value wg2 wg2 ==>   2.97741698954513687E-005  2.52160339331755398E-006
 B after wg2 wg2 ==>  2.91497772791607756E-005  2.52160339331755398E-006
 LTM d(wg2)/d(wg2)   0.0000000000000000     
 B before wg2 wg2 ==>    0.0000000000000000        0.0000000000000000     
 Q value wg2 wg2 ==>   2.97741698954513687E-005  2.52160339331755398E-006
 B after wg2 wg2 ==>  2.91497772791607756E-005  2.52160339331755398E-006
 LTM d(wg2)/d(wg2)   0.0000000000000000     
 B before wg2 wg2 ==>    0.0000000000000000        0.0000000000000000     
 Q value wg2 wg2 ==>   2.97741698954513687E-005  2.52160339331755398E-006
 B after wg2 wg2 ==>  2.91497772791607756E-005  2.52160339331755398E-006
 LTM d(wg2)/d(wg2)   0.0000000000000000     
 B before wg2 wg2 ==>    0.0000000000000000        0.0000000000000000     
 Q value wg2 wg2 ==>   2.97741698954513687E-005  2.52160339331755398E-006
 B after wg2 wg2 ==>  2.91497772791607756E-005  2.52160339331755398E-006
 LTM d(wg2)/d(wg2)   0.0000000000000000     
 B before wg2 wg2 ==>    0.0000000000000000        0.0000000000000000     
 Q value wg2 wg2 ==>   2.97741698954513687E-005  2.52160339331755398E-006
 B after wg2 wg2 ==>  2.91497772791607756E-005  2.52160339331755398E-006
 LTM d(wg2)/d(wg2)   0.0000000000000000     
 B before wg2 wg2 ==>    0.0000000000000000        0.0000000000000000     
 Q value wg2 wg2 ==>   2.97741698954513687E-005  2.52160339331755398E-006
 B after wg2 wg2 ==>  2.91497772791607756E-005  2.52160339331755398E-006
 LTM d(wg2)/d(wg2)   0.0000000000000000     
 B before wg2 wg2 ==>    0.0000000000000000        0.0000000000000000     
 Q value wg2 wg2 ==>   2.97741698954513687E-005  2.52160339331755398E-006
 B after wg2 wg2 ==>  2.91497772791607756E-005  2.52160339331755398E-006
 LTM d(wg2)/d(wg2)   0.0000000000000000     
 B before wg2 wg2 ==>    0.0000000000000000        0.0000000000000000     
 Q value wg2 wg2 ==>   2.97741698954513687E-005  2.52160339331755398E-006
 B after wg2 wg2 ==>  2.91497772791607756E-005  2.52160339331755398E-006
 LTM d(wg2)/d(wg2)   0.0000000000000000     
 B before wg2 wg2 ==>    0.0000000000000000        0.0000000000000000     
 Q value wg2 wg2 ==>   2.97741698954513687E-005  2.52160339331755398E-006
 B after wg2 wg2 ==>  2.91497772791607756E-005  2.52160339331755398E-006
 LTM d(wg2)/d(wg2)   0.0000000000000000     
 B before wg2 wg2 ==>    0.0000000000000000        0.0000000000000000     
 Q value wg2 wg2 ==>   2.97741698954513687E-005  2.52160339331755398E-006
 B after wg2 wg2 ==>  2.91497772791607756E-005  2.52160339331755398E-006
 LTM d(wg2)/d(wg2)   0.0000000000000000     
 B before wg2 wg2 ==>    0.0000000000000000        0.0000000000000000     
 Q value wg2 wg2 ==>   2.89567310871140741E-005  2.38504469404853643E-006
 B after wg2 wg2 ==>  2.75711564382415392E-005  2.38504469404853643E-006
 LTM d(wg2)/d(wg2)   0.0000000000000000     
 B before wg2 wg2 ==>    0.0000000000000000        0.0000000000000000     
 Q value wg2 wg2 ==>   2.86051263465708515E-005  2.32747592050711275E-006
 B after wg2 wg2 ==>  2.69056604560366904E-005  2.32747592050711275E-006
 LTM d(wg2)/d(wg2)   0.0000000000000000     
 B before wg2 wg2 ==>    0.0000000000000000        0.0000000000000000     
 Q value wg2 wg2 ==>   2.92645864363604198E-005  2.43602778820610943E-006
 B after wg2 wg2 ==>  2.81605218569406645E-005  2.43602778820610943E-006
 LTM d(wg2)/d(wg2)   0.0000000000000000     
 B before wg2 wg2 ==>    0.0000000000000000        0.0000000000000000     
 Q value wg2 wg2 ==>   2.97741698954513687E-005  2.52160339331755398E-006
 B after wg2 wg2 ==>  2.91497772791607756E-005  2.52160339331755398E-006
 LTM d(wg2)/d(wg2)   0.0000000000000000     
 B before wg2 wg2 ==>    0.0000000000000000        0.0000000000000000     
 Q value wg2 wg2 ==>   2.97741698954513687E-005  2.52160339331755398E-006
 B after wg2 wg2 ==>  2.91497772791607756E-005  2.52160339331755398E-006
 LTM d(wg2)/d(wg2)   0.0000000000000000     
 B before wg2 wg2 ==>    0.0000000000000000        0.0000000000000000     
 Q value wg2 wg2 ==>   2.77337176582312260E-005  2.18783031508334000E-006
 B after wg2 wg2 ==>  2.52913549284886031E-005  2.18783031508334000E-006
 LTM d(wg2)/d(wg2)   0.0000000000000000     
 B before wg2 wg2 ==>    0.0000000000000000        0.0000000000000000     
 Q value wg2 wg2 ==>   2.77337176582312260E-005  2.18783031508334000E-006
 B after wg2 wg2 ==>  2.52913549284886031E-005  2.18783031508334000E-006
 LTM d(wg2)/d(wg2)   0.0000000000000000     
 B before wg2 wg2 ==>    0.0000000000000000        0.0000000000000000     
 Q value wg2 wg2 ==>   2.77337176582312260E-005  2.18783031508334000E-006
 B after wg2 wg2 ==>  2.52913549284886031E-005  2.18783031508334000E-006
 LTM d(wg2)/d(wg2)   0.0000000000000000     
 B before wg2 wg2 ==>    0.0000000000000000        0.0000000000000000     
 Q value wg2 wg2 ==>   2.77337176582312260E-005  2.18783031508334000E-006
 B after wg2 wg2 ==>  2.52913549284886031E-005  2.18783031508334000E-006
 LTM d(wg2)/d(wg2)   0.0000000000000000     
 B before wg2 wg2 ==>    0.0000000000000000        0.0000000000000000     
 Q value wg2 wg2 ==>   2.87105045879787962E-005  2.34465585406962222E-006
 B after wg2 wg2 ==>  2.71042607745265318E-005  2.34465585406962222E-006
 LTM d(wg2)/d(wg2)   0.0000000000000000     
 B before wg2 wg2 ==>    0.0000000000000000        0.0000000000000000     
 Q value wg2 wg2 ==>   2.77337176582312260E-005  2.18783031508334000E-006
 B after wg2 wg2 ==>  2.52913549284886031E-005  2.18783031508334000E-006
 LTM d(wg2)/d(wg2)   0.0000000000000000     
 B before wg2 wg2 ==>    0.0000000000000000        0.0000000000000000     
 Q value wg2 wg2 ==>   2.77337176582312260E-005  2.18783031508334000E-006
 B after wg2 wg2 ==>  2.52913549284886031E-005  2.18783031508334000E-006
 LTM d(wg2)/d(wg2)   0.0000000000000000     
 B before wg2 wg2 ==>    0.0000000000000000        0.0000000000000000     
 Q value wg2 wg2 ==>   2.81386369527439368E-005  2.25218244141035141E-006
 B after wg2 wg2 ==>  2.60352665820198228E-005  2.25218244141035141E-006
 LTM d(wg2)/d(wg2)   0.0000000000000000     
 B before wg2 wg2 ==>    0.0000000000000000        0.0000000000000000     
 Q value wg2 wg2 ==>   2.84954954799046985E-005  2.30966972485765470E-006
 B after wg2 wg2 ==>  2.66998205373776437E-005  2.30966972485765470E-006
 LTM d(wg2)/d(wg2)   0.0000000000000000     
 B before wg2 wg2 ==>    0.0000000000000000        0.0000000000000000     
 Q value wg2 wg2 ==>   2.87105044648049116E-005  2.34465583395152415E-006
 B after wg2 wg2 ==>  2.71042605419609815E-005  2.34465583395152415E-006
 LTM d(wg2)/d(wg2)   0.0000000000000000     
 B before wg2 wg2 ==>    0.0000000000000000        0.0000000000000000     
 Q value wg2 wg2 ==>   2.90936028119118281E-005  2.40764508324205215E-006
 B after wg2 wg2 ==>  2.78324173142219536E-005  2.40764508324205215E-006
 LTM d(wg2)/d(wg2)   0.0000000000000000     
 B before wg2 wg2 ==>    0.0000000000000000        0.0000000000000000     
 Q value wg2 wg2 ==>   2.90936028119118281E-005  2.40764508324205215E-006
 B after wg2 wg2 ==>  2.78324173142219536E-005  2.40764508324205215E-006
 LTM d(wg2)/d(wg2)   0.0000000000000000     
 B before wg2 wg2 ==>    0.0000000000000000        0.0000000000000000     
 Q value wg2 wg2 ==>   2.90936028119118281E-005  2.40764508324205215E-006
 B after wg2 wg2 ==>  2.78324173142219536E-005  2.40764508324205215E-006
 LTM d(wg2)/d(wg2)   0.0000000000000000     
 B before wg2 wg2 ==>    0.0000000000000000        0.0000000000000000     
 Q value wg2 wg2 ==>   2.90936028119118281E-005  2.40764508324205215E-006
 B after wg2 wg2 ==>  2.78324173142219536E-005  2.40764508324205215E-006
 LTM d(wg2)/d(wg2)   0.0000000000000000     
 B before wg2 wg2 ==>    0.0000000000000000        0.0000000000000000     
 Q value wg2 wg2 ==>   2.93454751906339267E-005  2.44951300028902770E-006
 B after wg2 wg2 ==>  2.83164111335101011E-005  2.44951300028902770E-006
 LTM d(wg2)/d(wg2)   0.0000000000000000     
 B before wg2 wg2 ==>    0.0000000000000000        0.0000000000000000     
 Q value wg2 wg2 ==>   2.93454751906339267E-005  2.44951300028902770E-006
 B after wg2 wg2 ==>  2.83164111335101011E-005  2.44951300028902770E-006
 LTM d(wg2)/d(wg2)   0.0000000000000000     
 B before wg2 wg2 ==>    0.0000000000000000        0.0000000000000000     
 Q value wg2 wg2 ==>   2.93454751906339301E-005  2.44951300028902855E-006
 B after wg2 wg2 ==>  2.83164111335101113E-005  2.44951300028902855E-006
 LTM d(wg2)/d(wg2)   0.0000000000000000     
 B before wg2 wg2 ==>    0.0000000000000000        0.0000000000000000     
 Q value wg2 wg2 ==>   2.93454751906339267E-005  2.44951300028902770E-006
 B after wg2 wg2 ==>  2.83164111335101011E-005  2.44951300028902770E-006
 LTM d(wg2)/d(wg2)   0.0000000000000000     
 B before wg2 wg2 ==>    0.0000000000000000        0.0000000000000000     
 Q value wg2 wg2 ==>   2.93454751906339267E-005  2.44951300028902770E-006
 B after wg2 wg2 ==>  2.83164111335101011E-005  2.44951300028902770E-006
 LTM d(wg2)/d(wg2)   0.0000000000000000     
 B before wg2 wg2 ==>    0.0000000000000000        0.0000000000000000     
 Q value wg2 wg2 ==>   2.93454751906339301E-005  2.44951300028902855E-006
 B after wg2 wg2 ==>  2.83164111335101113E-005  2.44951300028902855E-006
 LTM d(wg2)/d(wg2)   0.0000000000000000     
 B before wg2 wg2 ==>    0.0000000000000000        0.0000000000000000     
 Q value wg2 wg2 ==>   2.93454751906339301E-005  2.44951300028902855E-006
 B after wg2 wg2 ==>  2.83164111335101113E-005  2.44951300028902855E-006
 LTM d(wg2)/d(wg2)   0.0000000000000000     
 B before wg2 wg2 ==>    0.0000000000000000        0.0000000000000000     
 Q value wg2 wg2 ==>   2.97741698954513687E-005  2.52160339331755398E-006
 B after wg2 wg2 ==>  2.91497772791607756E-005  2.52160339331755398E-006
 LTM d(wg2)/d(wg2)   0.0000000000000000     
 B before wg2 wg2 ==>    0.0000000000000000        0.0000000000000000     
 Q value wg2 wg2 ==>   2.97741698954513687E-005  2.52160339331755398E-006
 B after wg2 wg2 ==>  2.91497772791607756E-005  2.52160339331755398E-006
 LTM d(wg2)/d(wg2)   0.0000000000000000     
 B before wg2 wg2 ==>    0.0000000000000000        0.0000000000000000     
 Q value wg2 wg2 ==>   2.97741698954513687E-005  2.52160339331755398E-006
 B after wg2 wg2 ==>  2.91497772791607756E-005  2.52160339331755398E-006
 LTM d(wg2)/d(wg2)   0.0000000000000000     
 B before wg2 wg2 ==>    0.0000000000000000        0.0000000000000000     
 Q value wg2 wg2 ==>   2.97741698954513687E-005  2.52160339331755398E-006
 B after wg2 wg2 ==>  2.91497772791607756E-005  2.52160339331755398E-006
 LTM d(wg2)/d(wg2)   0.0000000000000000     
 B before wg2 wg2 ==>    0.0000000000000000        0.0000000000000000     
 Q value wg2 wg2 ==>   2.97741698954513687E-005  2.52160339331755398E-006
 B after wg2 wg2 ==>  2.91497772791607756E-005  2.52160339331755398E-006
 LTM d(wg2)/d(wg2)   0.0000000000000000     
 B before wg2 wg2 ==>    0.0000000000000000        0.0000000000000000     
 Q value wg2 wg2 ==>   2.97741698954513687E-005  2.52160339331755398E-006
 B after wg2 wg2 ==>  2.91497772791607756E-005  2.52160339331755398E-006
 LTM d(wg2)/d(wg2)   0.0000000000000000     
 B before wg2 wg2 ==>    0.0000000000000000        0.0000000000000000     
 Q value wg2 wg2 ==>   2.97741698954513687E-005  2.52160339331755398E-006
 B after wg2 wg2 ==>  2.91497772791607756E-005  2.52160339331755398E-006
 LTM d(wg2)/d(wg2)   0.0000000000000000     
 B before wg2 wg2 ==>    0.0000000000000000        0.0000000000000000     
 Q value wg2 wg2 ==>   2.97741698954513687E-005  2.52160339331755398E-006
 B after wg2 wg2 ==>  2.91497772791607756E-005  2.52160339331755398E-006
 LTM d(wg2)/d(wg2)   0.0000000000000000     
 B before wg2 wg2 ==>    0.0000000000000000        0.0000000000000000     
 Q value wg2 wg2 ==>   2.97741698954513687E-005  2.52160339331755398E-006
 B after wg2 wg2 ==>  2.91497772791607756E-005  2.52160339331755398E-006
 LTM d(wg2)/d(wg2)   0.0000000000000000     
 B before wg2 wg2 ==>    0.0000000000000000        0.0000000000000000     
 Q value wg2 wg2 ==>   2.97741698954513687E-005  2.52160339331755398E-006
 B after wg2 wg2 ==>  2.91497772791607756E-005  2.52160339331755398E-006
 LTM d(wg2)/d(wg2)   0.0000000000000000     
 B before wg2 wg2 ==>    0.0000000000000000        0.0000000000000000     
 Q value wg2 wg2 ==>   2.97741698954513687E-005  2.52160339331755398E-006
 B after wg2 wg2 ==>  2.91497772791607756E-005  2.52160339331755398E-006
 LTM d(wg2)/d(wg2)   0.0000000000000000     
 B before wg2 wg2 ==>    0.0000000000000000        0.0000000000000000     
 Q value wg2 wg2 ==>   2.97741698954513687E-005  2.52160339331755398E-006
 B after wg2 wg2 ==>  2.91497772791607756E-005  2.52160339331755398E-006
 LTM d(wg2)/d(wg2)   0.0000000000000000     
 B before wg2 wg2 ==>    0.0000000000000000        0.0000000000000000     
 Q value wg2 wg2 ==>   2.92645864363604198E-005  2.43602778820610943E-006
 B after wg2 wg2 ==>  2.81605218569406645E-005  2.43602778820610943E-006
 LTM d(wg2)/d(wg2)   0.0000000000000000     
 B before wg2 wg2 ==>    0.0000000000000000        0.0000000000000000     
 Q value wg2 wg2 ==>   2.84103413041592994E-005  2.29588620236464349E-006
 B after wg2 wg2 ==>  2.65404827874926485E-005  2.29588620236464349E-006
 LTM d(wg2)/d(wg2)   0.0000000000000000     
 B before wg2 wg2 ==>    0.0000000000000000        0.0000000000000000     
 Q value wg2 wg2 ==>   2.89567310871140741E-005  2.38504469404853643E-006
 B after wg2 wg2 ==>  2.75711564382415392E-005  2.38504469404853643E-006
 LTM d(wg2)/d(wg2)   0.0000000000000000     
 B before wg2 wg2 ==>    0.0000000000000000        0.0000000000000000     
 Q value wg2 wg2 ==>   2.97741698954513687E-005  2.52160339331755398E-006
 B after wg2 wg2 ==>  2.91497772791607756E-005  2.52160339331755398E-006
 LTM d(wg2)/d(wg2)   0.0000000000000000     
 B before wg2 wg2 ==>    0.0000000000000000        0.0000000000000000     
 Q value wg2 wg2 ==>   2.97741698954513687E-005  2.52160339331755398E-006
 B after wg2 wg2 ==>  2.91497772791607756E-005  2.52160339331755398E-006
 LTM d(wg2)/d(wg2)   0.0000000000000000     
 B before wg2 wg2 ==>    0.0000000000000000        0.0000000000000000     
 Q value wg2 wg2 ==>   2.97741698954513687E-005  2.52160339331755398E-006
 B after wg2 wg2 ==>  2.91497772791607756E-005  2.52160339331755398E-006
 LTM d(wg2)/d(wg2)   0.0000000000000000     
 B before wg2 wg2 ==>    0.0000000000000000        0.0000000000000000     
 Q value wg2 wg2 ==>   2.97741698954513687E-005  2.52160339331755398E-006
 B after wg2 wg2 ==>  2.91497772791607756E-005  2.52160339331755398E-006
 LTM d(wg2)/d(wg2)   0.0000000000000000     
 B before wg2 wg2 ==>    0.0000000000000000        0.0000000000000000     
 Q value wg2 wg2 ==>   2.77337176582312260E-005  2.18783031508334000E-006
 B after wg2 wg2 ==>  2.52913549284886031E-005  2.18783031508334000E-006
 LTM d(wg2)/d(wg2)   0.0000000000000000     
 B before wg2 wg2 ==>    0.0000000000000000        0.0000000000000000     
 Q value wg2 wg2 ==>   2.77337176582312260E-005  2.18783031508334000E-006
 B after wg2 wg2 ==>  2.52913549284886031E-005  2.18783031508334000E-006
 LTM d(wg2)/d(wg2)   0.0000000000000000     
 B before wg2 wg2 ==>    0.0000000000000000        0.0000000000000000     
 Q value wg2 wg2 ==>   2.77337176582312260E-005  2.18783031508334000E-006
 B after wg2 wg2 ==>  2.52913549284886031E-005  2.18783031508334000E-006
 LTM d(wg2)/d(wg2)   0.0000000000000000     
 B before wg2 wg2 ==>    0.0000000000000000        0.0000000000000000     
 Q value wg2 wg2 ==>   2.77337176582312260E-005  2.18783031508334000E-006
 B after wg2 wg2 ==>  2.52913549284886031E-005  2.18783031508334000E-006
 LTM d(wg2)/d(wg2)   0.0000000000000000     
 B before wg2 wg2 ==>    0.0000000000000000        0.0000000000000000     
 Q value wg2 wg2 ==>   2.77337176582312260E-005  2.18783031508334000E-006
 B after wg2 wg2 ==>  2.52913549284886031E-005  2.18783031508334000E-006
 LTM d(wg2)/d(wg2)   0.0000000000000000     
 B before wg2 wg2 ==>    0.0000000000000000        0.0000000000000000     
 Q value wg2 wg2 ==>   2.77337176582312260E-005  2.18783031508334000E-006
 B after wg2 wg2 ==>  2.52913549284886031E-005  2.18783031508334000E-006
 LTM d(wg2)/d(wg2)   0.0000000000000000     
 B before wg2 wg2 ==>    0.0000000000000000        0.0000000000000000     
 Q value wg2 wg2 ==>   2.84954954799046985E-005  2.30966972485765470E-006
 B after wg2 wg2 ==>  2.66998205373776437E-005  2.30966972485765470E-006
 LTM d(wg2)/d(wg2)   0.0000000000000000     
 B before wg2 wg2 ==>    0.0000000000000000        0.0000000000000000     
 Q value wg2 wg2 ==>   2.84954954799046985E-005  2.30966972485765470E-006
 B after wg2 wg2 ==>  2.66998205373776437E-005  2.30966972485765470E-006
 LTM d(wg2)/d(wg2)   0.0000000000000000     
 B before wg2 wg2 ==>    0.0000000000000000        0.0000000000000000     
 Q value wg2 wg2 ==>   2.90936028119118281E-005  2.40764508324205215E-006
 B after wg2 wg2 ==>  2.78324173142219536E-005  2.40764508324205215E-006
 LTM d(wg2)/d(wg2)   0.0000000000000000     
 B before wg2 wg2 ==>    0.0000000000000000        0.0000000000000000     
 Q value wg2 wg2 ==>   2.90936028119118281E-005  2.40764508324205215E-006
 B after wg2 wg2 ==>  2.78324173142219536E-005  2.40764508324205215E-006
 LTM d(wg2)/d(wg2)   0.0000000000000000     
 B before wg2 wg2 ==>    0.0000000000000000        0.0000000000000000     
 Q value wg2 wg2 ==>   2.90936028119118281E-005  2.40764508324205215E-006
 B after wg2 wg2 ==>  2.78324173142219536E-005  2.40764508324205215E-006
 LTM d(wg2)/d(wg2)   0.0000000000000000     
 B before wg2 wg2 ==>    0.0000000000000000        0.0000000000000000     
 Q value wg2 wg2 ==>   2.90936028119118281E-005  2.40764508324205215E-006
 B after wg2 wg2 ==>  2.78324173142219536E-005  2.40764508324205215E-006
 LTM d(wg2)/d(wg2)   0.0000000000000000     
 B before wg2 wg2 ==>    0.0000000000000000        0.0000000000000000     
 Q value wg2 wg2 ==>   2.92230175500757331E-005  2.42911219123778632E-006
 B after wg2 wg2 ==>  2.80805774406564535E-005  2.42911219123778632E-006
 LTM d(wg2)/d(wg2)   0.0000000000000000     
 B before wg2 wg2 ==>    0.0000000000000000        0.0000000000000000     
 Q value wg2 wg2 ==>   2.93454751906339267E-005  2.44951300028902770E-006
 B after wg2 wg2 ==>  2.83164111335101011E-005  2.44951300028902770E-006
 LTM d(wg2)/d(wg2)   0.0000000000000000     
 B before wg2 wg2 ==>    0.0000000000000000        0.0000000000000000     
 Q value wg2 wg2 ==>   2.93454751906339301E-005  2.44951300028902855E-006
 B after wg2 wg2 ==>  2.83164111335101113E-005  2.44951300028902855E-006
 LTM d(wg2)/d(wg2)   0.0000000000000000     
 B before wg2 wg2 ==>    0.0000000000000000        0.0000000000000000     
 Q value wg2 wg2 ==>   2.93454751906339301E-005  2.44951300028902855E-006
 B after wg2 wg2 ==>  2.83164111335101113E-005  2.44951300028902855E-006
 LTM d(wg2)/d(wg2)   0.0000000000000000     
 B before wg2 wg2 ==>    0.0000000000000000        0.0000000000000000     
 Q value wg2 wg2 ==>   2.93454751906339267E-005  2.44951300028902770E-006
 B after wg2 wg2 ==>  2.83164111335101011E-005  2.44951300028902770E-006
 LTM d(wg2)/d(wg2)   0.0000000000000000     
 B before wg2 wg2 ==>    0.0000000000000000        0.0000000000000000     
 Q value wg2 wg2 ==>   2.93454751906339301E-005  2.44951300028902855E-006
 B after wg2 wg2 ==>  2.83164111335101113E-005  2.44951300028902855E-006
 LTM d(wg2)/d(wg2)   0.0000000000000000     
 B before wg2 wg2 ==>    0.0000000000000000        0.0000000000000000     
 Q value wg2 wg2 ==>   2.93454751906339301E-005  2.44951300028902855E-006
 B after wg2 wg2 ==>  2.83164111335101113E-005  2.44951300028902855E-006
 LTM d(wg2)/d(wg2)   0.0000000000000000     
 B before wg2 wg2 ==>    0.0000000000000000        0.0000000000000000     
 Q value wg2 wg2 ==>   2.93454751906339267E-005  2.44951300028902770E-006
 B after wg2 wg2 ==>  2.83164111335101011E-005  2.44951300028902770E-006
 LTM d(wg2)/d(wg2)   0.0000000000000000     
 B before wg2 wg2 ==>    0.0000000000000000        0.0000000000000000     
 Q value wg2 wg2 ==>   2.97741698954513687E-005  2.52160339331755398E-006
 B after wg2 wg2 ==>  2.91497772791607756E-005  2.52160339331755398E-006
 LTM d(wg2)/d(wg2)   0.0000000000000000     
 B before wg2 wg2 ==>    0.0000000000000000        0.0000000000000000     
 Q value wg2 wg2 ==>   2.97741698954513687E-005  2.52160339331755398E-006
 B after wg2 wg2 ==>  2.91497772791607756E-005  2.52160339331755398E-006
 LTM d(wg2)/d(wg2)   0.0000000000000000     
 B before wg2 wg2 ==>    0.0000000000000000        0.0000000000000000     
 Q value wg2 wg2 ==>   2.97741698954513687E-005  2.52160339331755398E-006
 B after wg2 wg2 ==>  2.91497772791607756E-005  2.52160339331755398E-006
 LTM d(wg2)/d(wg2)   0.0000000000000000     
 B before wg2 wg2 ==>    0.0000000000000000        0.0000000000000000     
 Q value wg2 wg2 ==>   2.97741698954513687E-005  2.52160339331755398E-006
 B after wg2 wg2 ==>  2.91497772791607756E-005  2.52160339331755398E-006
 LTM d(wg2)/d(wg2)   0.0000000000000000     
 B before wg2 wg2 ==>    0.0000000000000000        0.0000000000000000     
 Q value wg2 wg2 ==>   2.97741698954513687E-005  2.52160339331755398E-006
 B after wg2 wg2 ==>  2.91497772791607756E-005  2.52160339331755398E-006
 LTM d(wg2)/d(wg2)   0.0000000000000000     
 B before wg2 wg2 ==>    0.0000000000000000        0.0000000000000000     
 Q value wg2 wg2 ==>   2.97741698954513687E-005  2.52160339331755398E-006
 B after wg2 wg2 ==>  2.91497772791607756E-005  2.52160339331755398E-006
 LTM d(wg2)/d(wg2)   0.0000000000000000     
 B before wg2 wg2 ==>    0.0000000000000000        0.0000000000000000     
 Q value wg2 wg2 ==>   2.97741698954513687E-005  2.52160339331755398E-006
 B after wg2 wg2 ==>  2.91497772791607756E-005  2.52160339331755398E-006
 LTM d(wg2)/d(wg2)   0.0000000000000000     
 B before wg2 wg2 ==>    0.0000000000000000        0.0000000000000000     
 Q value wg2 wg2 ==>   2.97741698954513687E-005  2.52160339331755398E-006
 B after wg2 wg2 ==>  2.91497772791607756E-005  2.52160339331755398E-006
 LTM d(wg2)/d(wg2)   0.0000000000000000     
 B before wg2 wg2 ==>    0.0000000000000000        0.0000000000000000     
 Q value wg2 wg2 ==>   2.97741698954513687E-005  2.52160339331755398E-006
 B after wg2 wg2 ==>  2.91497772791607756E-005  2.52160339331755398E-006
 LTM d(wg2)/d(wg2)   0.0000000000000000     
 B before wg2 wg2 ==>    0.0000000000000000        0.0000000000000000     
 Q value wg2 wg2 ==>   2.97741698954513687E-005  2.52160339331755398E-006
 B after wg2 wg2 ==>  2.91497772791607756E-005  2.52160339331755398E-006
 LTM d(wg2)/d(wg2)   0.0000000000000000     
 B before wg2 wg2 ==>    0.0000000000000000        0.0000000000000000     
 Q value wg2 wg2 ==>   2.89567310871140741E-005  2.38504469404853643E-006
 B after wg2 wg2 ==>  2.75711564382415392E-005  2.38504469404853643E-006
 LTM d(wg2)/d(wg2)   0.0000000000000000     
 B before wg2 wg2 ==>    0.0000000000000000        0.0000000000000000     
 Q value wg2 wg2 ==>   2.94042378664160257E-005  2.45933284836913531E-006
 B after wg2 wg2 ==>  2.84299287410803134E-005  2.45933284836913531E-006
 LTM d(wg2)/d(wg2)   0.0000000000000000     
 B before wg2 wg2 ==>    0.0000000000000000        0.0000000000000000     
 Q value wg2 wg2 ==>   2.77337176582312260E-005  2.18783031508334000E-006
 B after wg2 wg2 ==>  2.52913549284886031E-005  2.18783031508334000E-006
 LTM d(wg2)/d(wg2)   0.0000000000000000     
 B before wg2 wg2 ==>    0.0000000000000000        0.0000000000000000     
 Q value wg2 wg2 ==>   2.77337176582312260E-005  2.18783031508334000E-006
 B after wg2 wg2 ==>  2.52913549284886031E-005  2.18783031508334000E-006
 LTM d(wg2)/d(wg2)   0.0000000000000000     
 B before wg2 wg2 ==>    0.0000000000000000        0.0000000000000000     
 Q value wg2 wg2 ==>   2.89567310871140741E-005  2.38504469404853643E-006
 B after wg2 wg2 ==>  2.75711564382415392E-005  2.38504469404853643E-006
 LTM d(wg2)/d(wg2)   0.0000000000000000     
 B before wg2 wg2 ==>    0.0000000000000000        0.0000000000000000     
 Q value wg2 wg2 ==>   2.97741698954513687E-005  2.52160339331755398E-006
 B after wg2 wg2 ==>  2.91497772791607756E-005  2.52160339331755398E-006
 LTM d(wg2)/d(wg2)   0.0000000000000000     
 B before wg2 wg2 ==>    0.0000000000000000        0.0000000000000000     
 Q value wg2 wg2 ==>   2.97741698954513687E-005  2.52160339331755398E-006
 B after wg2 wg2 ==>  2.91497772791607756E-005  2.52160339331755398E-006
 LTM d(wg2)/d(wg2)   0.0000000000000000     
 B before wg2 wg2 ==>    0.0000000000000000        0.0000000000000000     
 Q value wg2 wg2 ==>   2.97741698954513687E-005  2.52160339331755398E-006
 B after wg2 wg2 ==>  2.91497772791607756E-005  2.52160339331755398E-006
 LTM d(wg2)/d(wg2)   0.0000000000000000     
 B before wg2 wg2 ==>    0.0000000000000000        0.0000000000000000     
 Q value wg2 wg2 ==>   2.97741698954513687E-005  2.52160339331755398E-006
 B after wg2 wg2 ==>  2.91497772791607756E-005  2.52160339331755398E-006
 LTM d(wg2)/d(wg2)   0.0000000000000000     
 B before wg2 wg2 ==>    0.0000000000000000        0.0000000000000000     
 Q value wg2 wg2 ==>   2.77337176582312260E-005  2.18783031508334000E-006
 B after wg2 wg2 ==>  2.52913549284886031E-005  2.18783031508334000E-006
 LTM d(wg2)/d(wg2)   0.0000000000000000     
 B before wg2 wg2 ==>    0.0000000000000000        0.0000000000000000     
 Q value wg2 wg2 ==>   2.77337176582312260E-005  2.18783031508334000E-006
 B after wg2 wg2 ==>  2.52913549284886031E-005  2.18783031508334000E-006
 LTM d(wg2)/d(wg2)   0.0000000000000000     
 B before wg2 wg2 ==>    0.0000000000000000        0.0000000000000000     
 Q value wg2 wg2 ==>   2.89567310871140741E-005  2.38504469404853643E-006
 B after wg2 wg2 ==>  2.75711564382415392E-005  2.38504469404853643E-006
 LTM d(wg2)/d(wg2)   0.0000000000000000     
 B before wg2 wg2 ==>    0.0000000000000000        0.0000000000000000     
 Q value wg2 wg2 ==>   2.92645864363604198E-005  2.43602778820610943E-006
 B after wg2 wg2 ==>  2.81605218569406645E-005  2.43602778820610943E-006
 LTM d(wg2)/d(wg2)   0.0000000000000000     
 B before wg2 wg2 ==>    0.0000000000000000        0.0000000000000000     
 Q value wg2 wg2 ==>   2.97741698954513687E-005  2.52160339331755398E-006
 B after wg2 wg2 ==>  2.91497772791607756E-005  2.52160339331755398E-006
 LTM d(wg2)/d(wg2)   0.0000000000000000     
 B before wg2 wg2 ==>    0.0000000000000000        0.0000000000000000     
 Q value wg2 wg2 ==>   2.89567310871140741E-005  2.38504469404853643E-006
 B after wg2 wg2 ==>  2.75711564382415392E-005  2.38504469404853643E-006
 LTM d(wg2)/d(wg2)   0.0000000000000000     
 B before wg2 wg2 ==>    0.0000000000000000        0.0000000000000000     
 Q value wg2 wg2 ==>   2.82625168526286871E-005  2.27205648738167606E-006
 B after wg2 wg2 ==>  2.62650108848848853E-005  2.27205648738167606E-006
 LTM d(wg2)/d(wg2)   0.0000000000000000     
 B before wg2 wg2 ==>    0.0000000000000000        0.0000000000000000     
 Q value wg2 wg2 ==>   2.84954954799046985E-005  2.30966972485765470E-006
 B after wg2 wg2 ==>  2.66998205373776437E-005  2.30966972485765470E-006
 LTM d(wg2)/d(wg2)   0.0000000000000000     
 B before wg2 wg2 ==>    0.0000000000000000        0.0000000000000000     
 Q value wg2 wg2 ==>   2.88118473410588964E-005  2.36123746760386208E-006
 B after wg2 wg2 ==>  2.72959445035114792E-005  2.36123746760386208E-006
 LTM d(wg2)/d(wg2)   0.0000000000000000     
 B before wg2 wg2 ==>    0.0000000000000000        0.0000000000000000     
 Q value wg2 wg2 ==>   2.90936028119118281E-005  2.40764508324205215E-006
 B after wg2 wg2 ==>  2.78324173142219536E-005  2.40764508324205215E-006
 LTM d(wg2)/d(wg2)   0.0000000000000000     
 B before wg2 wg2 ==>    0.0000000000000000        0.0000000000000000     
 Q value wg2 wg2 ==>   2.90936028119118281E-005  2.40764508324205215E-006
 B after wg2 wg2 ==>  2.78324173142219536E-005  2.40764508324205215E-006
 LTM d(wg2)/d(wg2)   0.0000000000000000     
 B before wg2 wg2 ==>    0.0000000000000000        0.0000000000000000     
 Q value wg2 wg2 ==>   2.90936028119118281E-005  2.40764508324205215E-006
 B after wg2 wg2 ==>  2.78324173142219536E-005  2.40764508324205215E-006
 LTM d(wg2)/d(wg2)   0.0000000000000000     
 B before wg2 wg2 ==>    0.0000000000000000        0.0000000000000000     
 Q value wg2 wg2 ==>   2.91592098578612317E-005  2.41851596667674069E-006
 B after wg2 wg2 ==>  2.79580849080190810E-005  2.41851596667674069E-006
 LTM d(wg2)/d(wg2)   0.0000000000000000     
 B before wg2 wg2 ==>    0.0000000000000000        0.0000000000000000     
 Q value wg2 wg2 ==>   2.93454751906339267E-005  2.44951300028902770E-006
 B after wg2 wg2 ==>  2.83164111335101011E-005  2.44951300028902770E-006
 LTM d(wg2)/d(wg2)   0.0000000000000000     
 B before wg2 wg2 ==>    0.0000000000000000        0.0000000000000000     
 Q value wg2 wg2 ==>   2.93454751906339267E-005  2.44951300028902770E-006
 B after wg2 wg2 ==>  2.83164111335101011E-005  2.44951300028902770E-006
 LTM d(wg2)/d(wg2)   0.0000000000000000     
 B before wg2 wg2 ==>    0.0000000000000000        0.0000000000000000     
 Q value wg2 wg2 ==>   2.93454751906339301E-005  2.44951300028902855E-006
 B after wg2 wg2 ==>  2.83164111335101113E-005  2.44951300028902855E-006
 LTM d(wg2)/d(wg2)   0.0000000000000000     
 B before wg2 wg2 ==>    0.0000000000000000        0.0000000000000000     
 Q value wg2 wg2 ==>   2.93454751906339301E-005  2.44951300028902855E-006
 B after wg2 wg2 ==>  2.83164111335101113E-005  2.44951300028902855E-006
 LTM d(wg2)/d(wg2)   0.0000000000000000     
 B before wg2 wg2 ==>    0.0000000000000000        0.0000000000000000     
 Q value wg2 wg2 ==>   2.93454751906339301E-005  2.44951300028902855E-006
 B after wg2 wg2 ==>  2.83164111335101113E-005  2.44951300028902855E-006
 LTM d(wg2)/d(wg2)   0.0000000000000000     
 B before wg2 wg2 ==>    0.0000000000000000        0.0000000000000000     
 Q value wg2 wg2 ==>   2.93454751906339267E-005  2.44951300028902770E-006
 B after wg2 wg2 ==>  2.83164111335101011E-005  2.44951300028902770E-006
 store B matrix after TL evolution ==>  2.63078661092648188E-006
 writing out B
 OBSERVATION FOR POINT         1341  REMOVED
 OBSERVATION FOR POINT         1342  REMOVED
 calculating jacobians           2
  and then PERFORMING ANALYSIS
 read in sim obs yf   284.00238889868206        284.00238879005167        284.00238889868206        284.00239173215908        284.00238901777016     
 read in sim obs yf   283.47494631766563        283.47494632962668        283.47494631766563        283.47495166795011        283.47494644307540     
 read in sim obs yf   281.89026391075839        281.89026746915840        281.89026300161879        281.89047373290254        281.89027029762406     
 read in sim obs yf   279.16562362525508        279.16563754974959        279.16561534072849        279.16623374951507        279.16565056429158     
 read in sim obs yf   278.65673238936535        278.65673803398738        278.65673237733495        278.65726801260899        278.65677406319384     
 read in sim obs yf   278.38069798628027        278.38070969750487        278.38069798628027        278.38117633198385        278.38073648019611     
 read in sim obs yf   277.46487664485807        277.46489880970870        277.46487664485807        277.46541201629140        277.46491865055953     
 read in sim obs yf   277.44008017913438        277.44008986591888        277.44008017913438        277.44065649639350        277.44011748801006     
 read in sim obs yf   277.58278129939367        277.58278576082000        277.58278129939367        277.58334138560116        277.58281791792541     
 read in sim obs yf   277.39330034557139        277.39331248649472        277.39330034557139        277.39392436283333        277.39334482770863     
 read in sim obs yf   277.66888185315634        277.66888625994488        277.66888185315634        277.66947081342914        277.66891838225570     
 read in sim obs yf   277.81917983814651        277.81918419197757        277.81917983814651        277.81970445070368        277.81921264265384     
 read in sim obs yf   277.54962862769560        277.54963756933347        277.54962862769560        277.55020430086637        277.54966708401366     
 read in sim obs yf   277.60333596646086        277.60334940610716        277.60333596646086        277.60428127377600        277.60340433272307     
 read in sim obs yf   278.13735740874353        278.13736993779122        278.13735740874353        278.13812260180396        278.13740624830410     
 read in sim obs yf   278.57504098056705        278.57505103299883        278.57504098056705        278.57567202807138        278.57507621348145     
 read in sim obs yf   278.83271823439469        278.83272182696260        278.83271823439469        278.83334555254089        278.83274677442841     
 read in sim obs yf   278.51683947590402        278.51684457565494        278.51683947590402        278.51765110874067        278.51687898596907     
 read in sim obs yf   278.57568132843198        278.57568991387410        278.57568132843198        278.57647089971374        278.57572320547672     
 read in sim obs yf   279.07277294553853        279.07277994704123        279.07277294553853        279.07341708718991        279.07280769984288     
 read in sim obs yf   278.84258643831396        278.84259441144337        278.84258643831396        278.84337249021399        278.84262473874423     
 read in sim obs yf   278.62795891041134        278.62796461153602        278.62795891041134        278.62885468310168        278.62799534080881     
 read in sim obs yf   278.28568542324876        278.28568968049655        278.28568542324876        278.28630570969489        278.28570744535773     
 read in sim obs yf   278.40901523800886        278.40902034048230        278.40901523800886        278.40963201344874        278.40903733504649     
 read in sim obs yf   278.54037934661341        278.54038418989671        278.54037934661341        278.54100925096060        278.54040422878734     
 read in sim obs yf   278.49049858342698        278.49050752385239        278.49049846583034        278.49113002527554        278.49053034423360     
 read in sim obs yf   278.47412816721186        278.47414140188801        278.47412792695582        278.47476806585274        278.47416633905391     
 read in sim obs yf   283.55207893795387        283.55207922169888        283.55207893795387        283.55208614319309        283.55207951517235     
 read in sim obs yf   281.35589728524099        281.35590829251277        281.35589690292363        281.35611384431894        281.35591298156305     
 read in sim obs yf   280.02761332967395        280.02761784075028        280.02761263959781        280.02789446533609        280.02763312308662     
 read in sim obs yf   278.55210575798469        278.55211247904100        278.55210575798469        278.55262748030862        278.55213898045304     
 read in sim obs yf   278.04211886491800        278.04212748622012        278.04211886491800        278.04265453664692        278.04215925482242     
 read in sim obs yf   277.49399803996937        277.49401002872361        277.49399803996937        277.49459670993633        277.49404269237061     
 read in sim obs yf   277.59919992152959        277.59921035734686        277.59919992152959        277.59975048670231        277.59924035292772     
 read in sim obs yf   277.28832324862816        277.28833178637967        277.28832324862816        277.28890951855698        277.28836377802787     
 read in sim obs yf   277.14652533342718        277.14653395883033        277.14652533342718        277.14710786115859        277.14656816178825     
 read in sim obs yf   277.33015620428250        277.33016490228931        277.33015620428250        277.33074142338023        277.33019860459524     
 read in sim obs yf   277.25331582316971        277.25332850068997        277.25331582316971        277.25391973029019        277.25335963107943     
 read in sim obs yf   277.54998844048401        277.54999371733260        277.54998844048401        277.55055344697161        277.55002404877615     
 read in sim obs yf   277.60935482640491        277.60936246576944        277.60935482640491        277.61016905149091        277.60940899583807     
 read in sim obs yf   277.78469742614533        277.78470959585354        277.78469742614533        277.78553253005862        277.78475799847985     
 read in sim obs yf   278.06139688936202        278.06140584841359        278.06139688936202        278.06214530300042        278.06144498756856     
 read in sim obs yf   278.33767141309221        278.33767875161283        278.33767141309221        278.33834570447158        278.33771165255462     
 read in sim obs yf   278.95660642871951        278.95661018728657        278.95660642871951        278.95715245230735        278.95663637354215     
 read in sim obs yf   278.74281538686711        278.74282019073092        278.74281538686711        278.74347495355795        278.74285025625596     
 read in sim obs yf   278.67589338160241        278.67589996518598        278.67589338160241        278.67665132301460        278.67593375487508     
 read in sim obs yf   278.97213011421218        278.97213647100739        278.97213011421218        278.97276879127526        278.97216172061695     
 read in sim obs yf   279.07474296180726        279.07474799501261        279.07474296180726        279.07529592809993        279.07476473581954     
 read in sim obs yf   278.50370089714028        278.50370654998181        278.50370089714028        278.50456498125283        278.50373214080315     
 read in sim obs yf   278.39730995523735        278.39731403377135        278.39730995523735        278.39792007855095        278.39733235323985     
 read in sim obs yf   278.38506892873505        278.38507367903168        278.38506892873505        278.38569957761746        278.38509622829923     
 read in sim obs yf   278.56252252460803        278.56252777013447        278.56252248085394        278.56316662718859        278.56255219768008     
 read in sim obs yf   278.78380821213318        278.78381387857632        278.78380802347971        278.78440616020919        278.78383961653816     
 read in sim obs yf   278.54142000293933        278.54142713934561        278.54141999792978        278.54206568420312        278.54145782833376     
 read in sim obs yf   283.85674013626056        283.85674056220688        283.85674012261626        283.85674348680493        283.85674030461263     
 read in sim obs yf   282.35583405714306        282.35583241796309        282.35583405714306        282.35598851139440        282.35583923659374     
 read in sim obs yf   279.28566120922642        279.28567530663963        279.28565818504319        279.28617909413214        279.28569633656878     
 read in sim obs yf   278.24683733569498        278.24685445485454        278.24683733569498        278.24731011546987        278.24687802715897     
 read in sim obs yf   277.56781362259449        277.56783636766284        277.56781362259449        277.56838740011113        277.56786194738544     
 read in sim obs yf   277.64676754798450        277.64677583149899        277.64676754798450        277.64731599278190        277.64680656275510     
 read in sim obs yf   277.41293498781226        277.41294625100801        277.41293498781226        277.41349151685057        277.41297585134805     
 read in sim obs yf   277.38713936848757        277.38714433341596        277.38713936848757        277.38771744577116        277.38718088310611     
 read in sim obs yf   277.44809848688078        277.44810481371252        277.44809848688078        277.44864989508585        277.44813789827549     
 read in sim obs yf   277.15224378907999        277.15225409636827        277.15224378907999        277.15285172150124        277.15228837476207     
 read in sim obs yf   276.77891297779598        276.77893947308127        276.77891297779598        276.77957308264786        276.77897186295849     
 read in sim obs yf   276.85593649732704        276.85596085271953        276.85593649732704        276.85657218355607        276.85599100498200     
 read in sim obs yf   277.23021786502386        277.23023168282435        277.23021786502386        277.23081637864982        277.23026225129348     
 read in sim obs yf   277.90648747698998        277.90649445366813        277.90648747698998        277.90743033833462        277.90655156110677     
 read in sim obs yf   278.67002233875058        278.67002538652491        278.67002233875058        278.67053804335870        278.67005028162271     
 read in sim obs yf   278.35358969123160        278.35360558888863        278.35358969123160        278.35418703803106        278.35363348760069     
 read in sim obs yf   278.64528503051952        278.64528959465815        278.64528503051952        278.64586661437687        278.64531769675773     
 read in sim obs yf   278.63884517779633        278.63885509265549        278.63884517779633        278.63941278117994        278.63887927278000     
 read in sim obs yf   278.67623062153069        278.67623523655448        278.67623062153069        278.67691589276558        278.67626634088481     
 read in sim obs yf   278.87557801657147        278.87558212411824        278.87557801657147        278.87619195018806        278.87560695511132     
 read in sim obs yf   279.29917382421121        279.29917616305517        279.29917382421121        279.29948002407542        279.29918350110449     
 read in sim obs yf   279.00056800470105        279.00057199392643        279.00056800470105        279.00101465124487        279.00058231463726     
 read in sim obs yf   278.33512332127617        278.33513044545174        278.33512332127617        278.33605127391013        278.33516377311196     
 read in sim obs yf   278.24815732038036        278.24816146811787        278.24815732038036        278.24877028963516        278.24818475320018     
 read in sim obs yf   278.43851073177012        278.43851499238917        278.43851073177012        278.43912848091151        278.43854040656339     
 read in sim obs yf   278.56940305057174        278.56940770056406        278.56940295304759        278.57003350049132        278.56943450241602     
 read in sim obs yf   279.15565021617510        279.15565383801874        279.15565000965643        279.15615906540029        279.15567799383530     
 read in sim obs yf   278.58307554568410        278.58308057067399        278.58307554096336        278.58370551954812        278.58311377008397     
 read in sim obs yf   282.36296386847351        282.36296054112927        282.36296371139065        282.36318650805833        282.36297007895416     
 read in sim obs yf   281.44890413672448        281.44890018796229        281.44890413672448        281.44909099003161        281.44891128372677     
 read in sim obs yf   278.55277485554257        278.55278306750381        278.55277330531931        278.55331900065283        278.55280582469993     
 read in sim obs yf   277.57124349470502        277.57126802826946        277.57124349470502        277.57183801023160        277.57129538948527     
 read in sim obs yf   277.21634743141760        277.21637810480706        277.21634743141760        277.21695763664138        277.21640149485160     
 read in sim obs yf   277.69585820009826        277.69587108973661        277.69585820009826        277.69636546348886        277.69589718937510     
 read in sim obs yf   277.30024871934347        277.30025504311840        277.30024871934347        277.30082097479391        277.30028831520582     
 read in sim obs yf   277.01770578914818        277.01771645612598        277.01770578914818        277.01830609560812        277.01774880764805     
 read in sim obs yf   277.10014692759881        277.10016138973828        277.10014692759881        277.10068427464012        277.10018986810991     
 read in sim obs yf   277.22866823723444        277.22868508818556        277.22866823723444        277.22941272354825        277.22872756337370     
 read in sim obs yf   277.71782021444017        277.71783505178291        277.71782021444017        277.71861595550081        277.71788749036932     
 read in sim obs yf   277.88374577988549        277.88377134136175        277.88374577988549        277.88438313437803        277.88378143886416     
 read in sim obs yf   278.55748401627392        278.55748725337861        278.55748401627392        278.55783914199725        278.55749774877336     
 read in sim obs yf   278.48865764359073        278.48866073483600        278.48865764359073        278.48915738335467        278.48868099190656     
 read in sim obs yf   278.72064959964342        278.72065459821152        278.72064959964342        278.72096552518110        278.72066932012160     
 read in sim obs yf   279.05864750171759        279.05865436552114        279.05864750171759        279.05898546211739        279.05867313094359     
 read in sim obs yf   279.32511540573040        279.32511607480012        279.32511540573040        279.32524826153553        279.32511814384890     
 read in sim obs yf   279.28526862859979        279.28527118045275        279.28526862859979        279.28542337716959        279.28527350449650     
 read in sim obs yf   278.64660687397003        278.64662754553734        278.64660687397003        278.64717145143220        278.64664993199870     
 read in sim obs yf   278.41155246493145        278.41156690143981        278.41155246493145        278.41224176633352        278.41159371999845     
 read in sim obs yf   278.84169181977779        278.84169681871970        278.84169181977779        278.84230832309817        278.84171749485728     
 read in sim obs yf   278.39597842995687        278.39598639952044        278.39597842995687        278.39681523587029        278.39601682902713     
 read in sim obs yf   278.16222699089622        278.16223425492842        278.16222699089622        278.16277933764957        278.16225432190868     
 read in sim obs yf   278.25542324139724        278.25542949074560        278.25542324139724        278.25603734396566        278.25545343332681     
 read in sim obs yf   278.62427697163918        278.62428132468085        278.62427697163918        278.62485727271070        278.62430464391849     
 read in sim obs yf   278.55829272897023        278.55829730745251        278.55829256797762        278.55893527342732        278.55832665266229     
 read in sim obs yf   278.87076307098715        278.87076910983802        278.87076289754367        278.87133212053106        278.87079708998539     
 read in sim obs yf   278.35868574744069        278.35869998314865        278.35868560967793        278.35934268979418        278.35872957870515     
 read in sim obs yf   282.59565012200852        282.59564940541151        282.59565012200852        282.59581457251534        282.59565400020404     
 read in sim obs yf   281.38931671035891        281.38931601695788        281.38931671035891        281.38960449339214        281.38932283390216     
 read in sim obs yf   280.15053176100758        280.15054072488175        280.15053120164077        280.15079752197897        280.15054351839740     
 read in sim obs yf   278.00252551235178        278.00253106601116        278.00252515764123        278.00312398903753        278.00255565878285     
 read in sim obs yf   276.97363662477863        276.97368164012602        276.97363662477863        276.97428212558106        276.97369839807550     
 read in sim obs yf   277.82186138542596        277.82187073277487        277.82186138542596        277.82234989000756        277.82189560567844     
 read in sim obs yf   278.20814106761861        278.20815127743487        278.20814106761861        278.20851260663511        278.20817057588386     
 read in sim obs yf   277.22574161163948        277.22574957985825        277.22574161163948        277.22632061720390        277.22578046257883     
 read in sim obs yf   276.95681205425859        276.95682700411191        276.95681205425859        276.95742100469528        276.95685645066817     
 read in sim obs yf   276.75352033486951        276.75355186705133        276.75352033486951        276.75414896589439        276.75346106051711     
 read in sim obs yf   277.18360814384397        277.18363158790100        277.18360814384397        277.18437204631732        277.18366998862672     
 read in sim obs yf   278.64074445529241        278.64075162899667        278.64074445529241        278.64105617502105        278.64076118164496     
 read in sim obs yf   278.60771847711584        278.60772031700270        278.60771847711584        278.60785871891261        278.60772171847265     
 read in sim obs yf   278.62752692713946        278.62752757000800        278.62752692713946        278.62764881109297        278.62753004553417     
 read in sim obs yf   278.74809953191624        278.74810050175699        278.74809953191624        278.74828151588383        278.74810642433198     
 read in sim obs yf   278.53582024474537        278.53582708066273        278.53582024474537        278.53634313742918        278.53585887785425     
 read in sim obs yf   279.24134751671278        279.24134839055978        279.24134751671278        279.24147345594918        279.24135096750274     
 read in sim obs yf   279.14554131442247        279.14554180538880        279.14554131442247        279.14566079465192        279.14554346835422     
 read in sim obs yf   279.17696014287128        279.17696135551790        279.17696014287128        279.17708228592761        279.17696272356551     
 read in sim obs yf   279.33864012469053        279.33864644262241        279.33864012469053        279.33892858363282        279.33866111098371     
 read in sim obs yf   278.29840320717364        278.29842357654860        278.29840320717364        278.29905641275343        278.29844984466052     
 read in sim obs yf   278.21293379866114        278.21295622064071        278.21293379866114        278.21361737522858        278.21298475547377     
 read in sim obs yf   277.75736654067447        277.75738811329921        277.75736654067447        277.75795080518969        277.75740770819755     
 read in sim obs yf   278.14983671334181        278.14984838381832        278.14983671334181        278.15037392975393        278.14986922179969     
 read in sim obs yf   277.96543698387444        277.96545362623016        277.96543698387444        277.96606529077292        277.96547636911470     
 read in sim obs yf   278.43266885640611        278.43267464340448        278.43266885640611        278.43329027400068        278.43270078837190     
 read in sim obs yf   278.18285457932097        278.18287410759132        278.18285431229117        278.18352653855544        278.18290129853784     
 read in sim obs yf   278.14605784083506        278.14608250230151        278.14605782308212        278.14675420745124        278.14611427558538     
 read in sim obs yf   278.50152228887612        278.50153387336127        278.50152150887368        278.50214574436194        278.50156059674083     
 read in sim obs yf   281.77098648110564        281.77098231303859        281.77098648110564        281.77129238771283        281.77099743345178     
 read in sim obs yf   280.73630061845023        280.73630618869709        280.73630019001155        280.73695818470048        280.73632110258654     
 read in sim obs yf   279.73702625833562        279.73703310231764        279.73702420195258        279.73760017152432        279.73705360043607     
 read in sim obs yf   277.95639458270711        277.95640201427648        277.95639458270711        277.95700327795578        277.95643069514659     
 read in sim obs yf   276.95348064060903        276.95351832761776        276.95348064060903        276.95415679001161        276.95354010195922     
 read in sim obs yf   277.54587456270383        277.54588336505594        277.54587456270383        277.54642331757935        277.54591049375807     
 read in sim obs yf   277.08282125818960        277.08285136146264        277.08282125818960        277.08344027197660        277.08287345456762     
 read in sim obs yf   276.80251210818562        276.80254505120899        276.80251210818562        276.80315137351619        276.80256525801263     
 read in sim obs yf   277.16644751750323        277.16647412154725        277.16644751750323        277.16721057545578        277.16651405106961     
 read in sim obs yf   276.56495251793348        276.56498359425115        276.56495251793348        276.56579577601588        276.56501726206523     
 read in sim obs yf   276.73008590179882        276.73011452947520        276.73008590179882        276.73087923147278        276.73014618290642     
 read in sim obs yf   278.51719987168138        278.51721285966835        278.51719985581542        278.51758501173725        278.51722620691220     
 read in sim obs yf   278.64340304749038        278.64340535933150        278.64340304749038        278.64354475550857        278.64340824327519     
 read in sim obs yf   278.72217626085398        278.72217719420183        278.72217626085398        278.72231667999978        278.72218123706199     
 read in sim obs yf   278.35565546193891        278.35566056454576        278.35565537991204        278.35624214313293        278.35569445168994     
 read in sim obs yf   277.70586054027723        277.70588053454776        277.70586051948300        277.70655378353888        277.70592252460841     
 read in sim obs yf   279.31938035942176        279.31938207763829        279.31938035942176        279.31950542011003        279.31938597359192     
 read in sim obs yf   279.09045943807121        279.09046150980760        279.09045943807121        279.09058702835824        279.09046280335639     
 read in sim obs yf   279.20608717394862        279.20608809228611        279.20608717394862        279.20619963740182        279.20609029699261     
 read in sim obs yf   279.57569672974523        279.57569811818598        279.57569672974523        279.57582560278416        279.57570380216720     
 read in sim obs yf   279.50871000796695        279.50872121567102        279.50871000796695        279.50917061587575        279.50875474999805     
 read in sim obs yf   279.68919507874108        279.68919736398612        279.68919507874108        279.68938144329223        279.68920528847826     
 read in sim obs yf   279.29618479194096        279.29619470749867        279.29618479194096        279.29676519210932        279.29622467116906     
 read in sim obs yf   278.50153932636539        278.50154850355750        278.50153932636539        278.50224151828894        278.50158066385086     
 read in sim obs yf   278.22916892753892        278.22918564571341        278.22916892753892        278.22979269022153        278.22921115088917     
 read in sim obs yf   278.01747226682539        278.01749993832061        278.01747226682539        278.01814714923563        278.01752451860216     
 read in sim obs yf   278.41145092482816        278.41146109537584        278.41145077586168        278.41210283023366        278.41149235923194     
 read in sim obs yf   278.47859924137174        278.47860860561065        278.47859924137174        278.47924328181239        278.47864460338843     
 read in sim obs yf   278.68521049282151        278.68521936265302        278.68520962260874        278.68582502779145        278.68524057316665     
 read in sim obs yf   283.34669741481218        283.34669742841015        283.34669741481218        283.34670812790796        283.34669802347020     
 read in sim obs yf   282.71690509430960        282.71690527053551        282.71690509430960        282.71693530027954        282.71690679985835     
 read in sim obs yf   281.90295874911715        281.90295877680512        281.90296083105841        281.90305763499958        281.90296413094643     
 read in sim obs yf   281.06310230789529        281.06310227027126        281.06310171564132        281.06319073805622        281.06310476323853     
 read in sim obs yf   280.17541648583079        280.17541577783413        280.17541261331547        280.17553215814996        280.17542098341357     
 read in sim obs yf   279.34595978970782        279.34596158940445        279.34595978970782        279.34612892712317        279.34596917305231     
 read in sim obs yf   277.20873563702645        277.20877253058057        277.20873563702645        277.20941099838450        277.20879313807455     
 read in sim obs yf   277.34257803933616        277.34260111313137        277.34257803933616        277.34313605220757        277.34261950353084     
 read in sim obs yf   276.79289701615386        276.79293805372311        276.79289701615386        276.79353626495987        276.79295356862070     
 read in sim obs yf   276.27494378276947        276.27500329734301        276.27494378276947        276.27562333064338        276.27501144210908     
 read in sim obs yf   276.61009492775827        276.61013936507686        276.61009492775827        276.61085802691105        276.61016617449576     
 read in sim obs yf   276.43091917262888        276.43096419138004        276.43091917262888        276.43162775087291        276.43098334544476     
 read in sim obs yf   276.02874971271962        276.02879933182379        276.02874930154110        276.02946179964550        276.02881569566614     
 read in sim obs yf   278.35399788586091        278.35401952033669        278.35399753316261        278.35458866667210        278.35406001999337     
 read in sim obs yf   278.85371912498044        278.85372054618728        278.85371911332851        278.85384375212311        278.85372427286853     
 read in sim obs yf   278.87026774402733        278.87026911138747        278.87026774402733        278.87040251758259        278.87027431269445     
 read in sim obs yf   277.18697539913296        277.18699946326967        277.18697501661319        277.18773400612645        277.18703817535288     
 read in sim obs yf   278.36095246539242        278.36097044038519        278.36095196032875        278.36128881799209        278.36098336494410     
 read in sim obs yf   279.49485855424223        279.49486196276581        279.49485838977893        279.49500545022426        279.49486888370552     
 read in sim obs yf   279.28329645982683        279.28329847462373        279.28329645481449        279.28342585842387        279.28330228253731     
 read in sim obs yf   279.39673593723768        279.39673726665518        279.39673593723768        279.39686100159901        279.39674173298152     
 read in sim obs yf   279.58786198730917        279.58786305390248        279.58786198730917        279.58797191214217        279.58786662444902     
 read in sim obs yf   279.63044260792157        279.63044489931787        279.63044260792157        279.63057179962345        279.63044858530867     
 read in sim obs yf   279.73402912208803        279.73402943289261        279.73402912208803        279.73411686442745        279.73403093946797     
 read in sim obs yf   279.64469107150813        279.64469169059140        279.64469107150813        279.64481017682351        279.64469451048035     
 read in sim obs yf   279.66057108496182        279.66057173151393        279.66057108496182        279.66069950424588        279.66057570624298     
 read in sim obs yf   279.32332832392825        279.32333244010209        279.32332832392825        279.32396554226028        279.32336428930233     
 read in sim obs yf   278.81461183957293        278.81462055078384        278.81461183957293        278.81527275642401        278.81465047209991     
 read in sim obs yf   278.44894138385496        278.44894829053158        278.44894138385496        278.44955380339871        278.44897436175194     
 read in sim obs yf   278.51928047119497        278.51929236327044        278.51928047119497        278.51986139249465        278.51932052587739     
 read in sim obs yf   278.93160997156303        278.93161962770864        278.93160928092618        278.93217699401521        278.93163303803061     
 read in sim obs yf   282.96796668282121        282.96796031141270        282.96796668282121        282.96805499490313        282.96797100042755     
 read in sim obs yf   282.29850316243858        282.29850052435069        282.29849037962907        282.29862845545466        282.29850774467417     
 read in sim obs yf   281.72810552752509        281.72810416962773        281.72809983512713        281.72819888541920        281.72810833830397     
 read in sim obs yf   281.11315294069391        281.11315200482517        281.11314882190948        281.11325236650669        281.11315726906838     
 read in sim obs yf   280.58625785607182        280.58625844788759        280.58625785607182        280.58639821328813        280.58626474296631     
 read in sim obs yf   280.14049830316992        280.14049905100586        280.14049830316992        280.14062787504872        280.14050508485610     
 read in sim obs yf   279.53207178374578        279.53207640758404        279.53207178374578        279.53221775292917        279.53208618398486     
 read in sim obs yf   276.95496750244604        276.95500582740004        276.95496750244604        276.95573704534337        276.95503274744630     
 read in sim obs yf   276.52543925608859        276.52548831224419        276.52543925608859        276.52614568186635        276.52550011691301     
 read in sim obs yf   276.00888827513569        276.00895498907738        276.00888827513569        276.00958679792973        276.00895736474774     
 read in sim obs yf   276.73881279876764        276.73885306590802        276.73881232322879        276.73941469567859        276.73882596444139     
 read in sim obs yf   276.41560225515445        276.41564279551443        276.41560101336574        276.41627027805293        276.41566178836666     
 read in sim obs yf   275.92028771067567        275.92034266583596        275.92028717296495        275.92096041303785        275.92035597797837     
 read in sim obs yf   276.46687683836825        276.46692369063072        276.46687682408214        276.46754298285913        276.46694583490506     
 read in sim obs yf   278.96483237241875        278.96483426136791        278.96483234993394        278.96497947585578        278.96484108150872     
 read in sim obs yf   278.92217033418922        278.92217140262375        278.92217033418922        278.92229618916360        278.92217636928137     
 read in sim obs yf   278.07369335772501        278.07371700080023        278.07369200412171        278.07412230316930        278.07372905658593     
 read in sim obs yf   279.93619550099334        279.93620793126559        279.93619492554222        279.93639461780680        279.93621192499472     
 read in sim obs yf   279.51138512818306        279.51138481350165        279.51137661686721        279.51150563571372        279.51139170913422     
 read in sim obs yf   279.39761369090689        279.39761478929051        279.39761369090689        279.39772932090068        279.39761809812580     
 read in sim obs yf   279.55673482540692        279.55673711451095        279.55673482540692        279.55686907773105        279.55674362080470     
 read in sim obs yf   279.49523424699572        279.49523606439595        279.49523424699572        279.49536673254437        279.49523997806136     
 read in sim obs yf   279.44603507277571        279.44603579059509        279.44603507277571        279.44615202432175        279.44603775075461     
 read in sim obs yf   279.53822542188090        279.53822615318921        279.53822542188090        279.53835370905176        279.53822870350621     
 read in sim obs yf   279.73381602944215        279.73381718761385        279.73381602944215        279.73395865219777        279.73382189894284     
 read in sim obs yf   279.72858346716015        279.72858503866473        279.72858346716015        279.72874355522941        279.72859229653426     
 read in sim obs yf   279.07446399030204        279.07447322799550        279.07446399030204        279.07512676687844        279.07450748861532     
 read in sim obs yf   278.19200472245888        278.19201980877011        278.19200472245888        278.19264133264647        278.19204638123568     
 read in sim obs yf   278.01722384195205        278.01723769054598        278.01722384195205        278.01789829129126        278.01726902468619     
 read in sim obs yf   278.53416091914028        278.53416938363188        278.53416091914028        278.53476253536257        278.53419554923823     
 read in sim obs yf   279.12779966903940        279.12781000987843        279.12779849141270        279.12852750141207        279.12782136632143     
 read in sim obs yf   282.67472184801471        282.67471823848018        282.67469872260148        282.67485573598822        282.67472981666788     
 read in sim obs yf   281.92645753470401        281.92645807453590        281.92645753470401        281.92660491371606        281.92646295824557     
 read in sim obs yf   281.45997108011238        281.45997171408709        281.45997108011238        281.46009907887850        281.45997671233414     
 read in sim obs yf   281.00097203451884        281.00097251120542        281.00097203451884        281.00110400742687        281.00097768504980     
 read in sim obs yf   280.76447436851123        280.76447487792092        280.76447436851123        280.76462621471001        280.76448233116628     
 read in sim obs yf   280.68600672179110        280.68600746250229        280.68600672179110        280.68615280728005        280.68601359091610     
 read in sim obs yf   280.27002765634762        280.27002922814228        280.27002765634762        280.27016275795683        280.27003788600990     
 read in sim obs yf   279.16746421135082        279.16747131906658        279.16746421135082        279.16770084332711        279.16748519684467     
 read in sim obs yf   276.14297586557427        276.14304119668162        276.14297586557427        276.14367488752669        276.14304593512787     
 read in sim obs yf   276.18784704760395        276.18791041653373        276.18784535897794        276.18852401194255        276.18791689034401     
 read in sim obs yf   276.09416362856365        276.09422315812662        276.09416176383002        276.09481178396010        276.09423028832975     
 read in sim obs yf   276.92015460473101        276.92018320750083        276.92015355187732        276.92074953289631        276.92020012674124     
 read in sim obs yf   276.21053844465570        276.21062092452627        276.21053844465570        276.21152859126727        276.21065595716539     
 read in sim obs yf   276.56405521804726        276.56413032454674        276.56405521804726        276.56506028893659        276.56416729953213     
 read in sim obs yf   278.91483590138284        278.91484404790640        278.91483590138284        278.91516115634437        278.91487023835509     
 read in sim obs yf   279.06441076756369        279.06441199894448        279.06441076756369        279.06454963159058        279.06441775562507     
 read in sim obs yf   279.44555449581702        279.44556289914374        279.44555423439391        279.44578911567635        279.44556621342929     
 read in sim obs yf   280.30733184683294        280.30734011832004        280.30733172390586        280.30750623454111        280.30734109759391     
 read in sim obs yf   279.39761560874229        279.39762063508488        279.39761375602376        279.39785542276798        279.39762872589591     
 read in sim obs yf   279.54235116718854        279.54235315253896        279.54235116718854        279.54248460823129        279.54235854722828     
 read in sim obs yf   279.65366350971698        279.65366656187558        279.65366350971698        279.65380842208140        279.65367399626257     
 read in sim obs yf   279.55909571413292        279.55909692458982        279.55909571413292        279.55920874050918        279.55909987766529     
 read in sim obs yf   279.58532066708938        279.58532189042620        279.58532066708938        279.58542215486085        279.58532462630001     
 read in sim obs yf   279.54246269860425        279.54246318655521        279.54246269860425        279.54258557172369        279.54246589876129     
 read in sim obs yf   279.76406593175477        279.76406662839685        279.76406593175477        279.76420127826157        279.76407097640458     
 read in sim obs yf   279.79350790974723        279.79350897529741        279.79350790974723        279.79366579103493        279.79351595763961     
 read in sim obs yf   279.32917727849701        279.32918577561384        279.32917727849701        279.32960303133768        279.32920745035341     
 read in sim obs yf   278.10425661491848        278.10426901405037        278.10425661491848        278.10491228574676        278.10429760582787     
 read in sim obs yf   277.99453173759554        277.99454554166937        277.99453173759554        277.99517757081333        277.99457490816599     
 read in sim obs yf   278.55008998760036        278.55010077694823        278.55008998760036        278.55068509378384        278.55012167222350     
 read in sim obs yf   279.31015412097400        279.31017225780533        279.31015312332869        279.31068732156405        279.31017699601551     
 read in sim obs yf   283.23360156324605        283.23360081601061        283.23359704631150        283.23362465907189        283.23360285559880     
 read in sim obs yf   282.26564529593071        282.26564370840174        282.26563972314648        282.26579896986345        282.26565265468145     
 read in sim obs yf   281.61106275706459        281.61106319151310        281.61106275706459        281.61119760339051        281.61106831322354     
 read in sim obs yf   281.27831948375888        281.27831990345203        281.27831948375888        281.27845054899899        281.27832534493518     
 read in sim obs yf   281.00234580370659        281.00234621669063        281.00234580370659        281.00248348500543        281.00235264516664     
 read in sim obs yf   280.84929041915558        280.84929115518435        280.84929041915558        280.84945543843185        280.84930080138332     
 read in sim obs yf   280.86691959241676        280.86692106398851        280.86691959241676        280.86710961024994        280.86693375826906     
 read in sim obs yf   280.93365728843128        280.93365740373758        280.93365728843128        280.93367738703620        280.93365825671827     
 read in sim obs yf   279.99025953402833        279.99026133502588        279.99025953402833        279.99034284305441        279.99026610577931     
 read in sim obs yf   278.38748413213057        278.38750807003305        278.38748413213057        278.38798043736972        278.38753646311432     
 read in sim obs yf   276.13389979187986        276.13399483016957        276.13389599197427        276.13489996149792        276.13400193334462     
 read in sim obs yf   276.28848259195649        276.28857351179573        276.28847987519725        276.28947937033627        276.28859474781484     
 read in sim obs yf   276.52219150853398        276.52222861499928        276.52219049623784        276.52275874389829        276.52221109932384     
 read in sim obs yf   276.02231301791329        276.02240326773688        276.02231301791329        276.02335583331973        276.02243843458285     
 read in sim obs yf   276.33325039511095        276.33333006124752        276.33325039511095        276.33429080043391        276.33337110290068     
 read in sim obs yf   278.77308492855605        278.77310427302609        278.77308492855605        278.77374264967210        278.77316568910322     
 read in sim obs yf   279.29867765604200        279.29868310376014        279.29867763113884        279.29899127683251        279.29870301282551     
 read in sim obs yf   280.00885984709919        280.00887065095117        280.00885905198800        280.00907585278424        280.00887484661428     
 read in sim obs yf   281.00859608850573        281.00859635389236        281.00859606565859        281.00862990436468        281.00859683326530     
 read in sim obs yf   278.63089803369058        278.63091910291166        278.63089669876581        278.63139311627066        278.63093610662094     
 read in sim obs yf   279.72345043925844        279.72345264808718        279.72345043925844        279.72357374336713        279.72345920520314     
 read in sim obs yf   279.72243265672364        279.72243585089990        279.72243265672364        279.72258980996861        279.72244450177391     
 read in sim obs yf   279.65933564680876        279.65933793377701        279.65933564680876        279.65947705377374        279.65934340841437     
 read in sim obs yf   279.71773629975132        279.71773739378091        279.71773629975132        279.71786011223355        279.71774137715261     
 read in sim obs yf   279.64878717712429        279.64878765805480        279.64878717712429        279.64890851392693        279.64879088878070     
 read in sim obs yf   279.76646317142792        279.76646381868329        279.76646317142792        279.76658611177430        279.76646794340706     
 read in sim obs yf   279.77999425916494        279.77999647695623        279.77999425916494        279.78015783067468        279.77999864989255     
 read in sim obs yf   279.27222615240731        279.27223798024090        279.27222615240731        279.27266371397309        279.27226474431535     
 read in sim obs yf   278.19836794040242        278.19838284335168        278.19836789553966        278.19890622183129        278.19840513188291     
 read in sim obs yf   278.07773758749062        278.07775110712754        278.07773740378758        278.07833571425874        278.07777726704785     
 read in sim obs yf   278.51620875424987        278.51622541295995        278.51620875424987        278.51688498415132        278.51624526097413     
 read in sim obs yf   280.98753159238936        280.98753276739779        280.98753150438750        280.98760158156921        280.98753371231004     
 read in sim obs yf   280.75566087136616        280.75567554394280        280.75566087136616        280.75590478500692        280.75568283238903     
 read in sim obs yf   283.14650919050871        283.14650918667633        283.14650919050871        283.14651022961493        283.14650922299103     
 read in sim obs yf   282.50848132367577        282.50848186891409        282.50848132367577        282.50859202814763        282.50848688623927     
 read in sim obs yf   281.84122054360648        281.84122114329597        281.84122054360648        281.84137417321500        281.84122836968447     
 read in sim obs yf   281.35641127160557        281.35641162966709        281.35641127160557        281.35653811520581        281.35641660697252     
 read in sim obs yf   281.09660111067728        281.09660146448522        281.09660111067728        281.09674417529868        281.09660771873797     
 read in sim obs yf   280.87635990555026        280.87636061256194        280.87635990555026        280.87652213805194        280.87636905992309     
 read in sim obs yf   280.71083119544983        280.71083191603856        280.71083119544983        280.71098540622103        280.71083868689021     
 read in sim obs yf   280.79356565404231        280.79356851800878        280.79356565404231        280.79376156546772        280.79358113998683     
 read in sim obs yf   280.99533927221188        280.99534045529361        280.99533927221188        280.99540252431524        280.99534453798833     
 read in sim obs yf   280.81310553106658        280.81310564475018        280.81310553106658        280.81311123210889        280.81310599472562     
 read in sim obs yf   279.41525651147163        279.41525940662694        279.41525475674905        279.41536858101853        279.41526629321612     
 read in sim obs yf   276.93615054320111        276.93622418016213        276.93614683376268        276.93710489574926        276.93625009720995     
 read in sim obs yf   276.23059977191309        276.23069473511566        276.23059615612345        276.23161433202569        276.23070680177079     
 read in sim obs yf   276.30986947513571        276.30992200994490        276.30986947513571        276.31049118239230        276.30993023546029     
 read in sim obs yf   276.39497673249025        276.39504335248745        276.39497673249025        276.39582778781511        276.39507838612451     
 read in sim obs yf   276.48115523494499        276.48119834995737        276.48115523494499        276.48180626617932        276.48122453858360     
 read in sim obs yf   278.39750994064775        278.39753052919434        278.39750994064775        278.39819217407796        278.39758031059182     
 read in sim obs yf   278.68791267535875        278.68793163196995        278.68791267535875        278.68858284783863        278.68797195247703     
 read in sim obs yf   280.56194808012754        280.56195956345908        280.56194703526137        280.56214045218701        280.56196479009623     
 read in sim obs yf   277.96890768109847        277.96892828817806        277.96890632430711        277.96940343715511        277.96893943871152     
 read in sim obs yf   279.78097714206098        279.78097959262084        279.78097714206098        279.78116981775395        279.78099056631788     
 read in sim obs yf   280.09909139247253        280.09909283399185        280.09909139247253        280.09920955883325        280.09910011367919     
 read in sim obs yf   280.18270725688581        280.18270751706223        280.18270725688581        280.18276764143138        280.18270950897443     
 read in sim obs yf   280.04665795394658        280.04665846483891        280.04665795394658        280.04673689559695        280.04666115161444     
 read in sim obs yf   279.87301939789586        279.87302013921254        279.87301939789586        279.87315022840926        279.87302490822350     
 read in sim obs yf   279.85567418469179        279.85567488594438        279.85567418469179        279.85580571596341        279.85568039893366     
 read in sim obs yf   279.66052266828262        279.66052441214669        279.66052266828262        279.66068384982839        279.66053432281166     
 read in sim obs yf   279.31129653834518        279.31129924665913        279.31129653834518        279.31151862269178        279.31130976272334     
 read in sim obs yf   277.20535527602715        277.20538653759201        277.20535455181539        277.20604225545509        277.20541059687673     
 read in sim obs yf   278.12647222136991        278.12648823870285        278.12647846519508        278.12704787659703        278.12651579907538     
 read in sim obs yf   278.80922264008234        278.80924267488587        278.80922192490414        278.80977747119624        278.80925267927540     
 read in sim obs yf   281.17603313509210        281.17603683072355        281.17603313509210        281.17610606411068        281.17603686340232     
 read in sim obs yf   279.15326414255782        279.15329042897071        279.15326333051934        279.15386163349126        279.15331389011351     
 read in sim obs yf   281.54708061022922        281.54709407385712        281.54708061022922        281.54726467746053        281.54709473005965     
 read in sim obs yf   282.86344827039420        282.86344796377068        282.86344827039420        282.86345322681370        282.86344856473420     
 read in sim obs yf   282.40753053401704        282.40753028954668        282.40752933669592        282.40755234859341        282.40753203136933     
 read in sim obs yf   282.02681116507443        282.02681152510900        282.02681116507443        282.02695803273815        282.02681875020437     
 read in sim obs yf   281.70486778161904        281.70486801258369        281.70486778161904        281.70498866478306        281.70487308970058     
 read in sim obs yf   281.24115260501401        281.24115287446307        281.24115260501401        281.24127735000218        281.24115782004128     
 read in sim obs yf   280.98942452341583        280.98942470515550        280.98942452341583        280.98956879864761        280.98943125752527     
 read in sim obs yf   280.80090456294812        280.80090514138425        280.80090456294812        280.80107837184624        280.80091362922406     
 read in sim obs yf   280.65036379072683        280.65036236173506        280.65035777885271        280.65051047645409        280.65036866778064     
 read in sim obs yf   280.89188305773030        280.89188398155005        280.89187230561913        280.89213756207903        280.89190423715047     
 read in sim obs yf   281.18325054220333        281.18324888685646        281.18324076897909        281.18334491853022        281.18325738965564     
 read in sim obs yf   280.37348940151281        280.37348963599368        280.37348340376144        280.37356277212240        280.37349552781421     
 read in sim obs yf   279.16959011109731        279.16960466312150        279.16967170865007        279.17000526513516        279.16971548192907     
 read in sim obs yf   277.33228926292452        277.33233754613451        277.33228860666605        277.33266485627428        277.33217608370745     
 read in sim obs yf   276.16611656073513        276.16621022815070        276.16611656073513        276.16715093837109        276.16624584389012     
 read in sim obs yf   276.27202704695384        276.27207672371213        276.27202704695384        276.27263443109439        276.27209051403287     
 read in sim obs yf   277.02924339945872        277.02926890890950        277.02924339945872        277.02974114372034        277.02929398323778     
 read in sim obs yf   277.42577206492052        277.42580389024386        277.42577206492052        277.42647082155582        277.42584994791480     
 read in sim obs yf   277.98072527667728        277.98075056225417        277.98072527667728        277.98132210993668        277.98077993001914     
 read in sim obs yf   280.83761469152972        280.83761950141184        280.83761431749093        280.83773893460312        280.83762609910087     
 read in sim obs yf   281.10000158662626        281.10000200786141        281.10000158662626        281.10002015668874        281.10000236798294     
 read in sim obs yf   277.48946432980409        277.48949379313069        277.48946276224569        277.49003790768433        277.48950261190970     
 read in sim obs yf   279.60157551787938        279.60157861771256        279.60157551787938        279.60194290611662        279.60159661465485     
 read in sim obs yf   280.12439461481125        280.12439614461613        280.12439461481125        280.12455330346256        280.12440612849667     
 read in sim obs yf   280.16770665429499        280.16770712434084        280.16770665429499        280.16782887117654        280.16771191134745     
 read in sim obs yf   280.08000470072301        280.08000524209990        280.08000470072301        280.08013173340606        280.08000990522714     
 read in sim obs yf   280.09305974715227        280.09306096911052        280.09305974715227        280.09320763339252        280.09306931052862     
 read in sim obs yf   280.01309975861358        280.01310071170263        280.01309975861358        280.01322200346186        280.01310839649500     
 read in sim obs yf   279.59171633290765        279.59171783966036        279.59171633290765        279.59186644772069        279.59172682592521     
 read in sim obs yf   278.87864022857894        278.87864750620196        278.87864022857894        278.87920268733910        278.87868236764325     
 read in sim obs yf   276.90908401679917        276.90912496499180        276.90908289681215        276.90977160583964        276.90914437086803     
 read in sim obs yf   278.55788497830002        278.55790458611233        278.55788375603203        278.55847122645486        278.55791756333656     
 read in sim obs yf   280.32197100843160        280.32197781326511        280.32197071218275        280.32211855247704        280.32197859900521     
 read in sim obs yf   281.77415326903264        281.77415327667603        281.77415326903264        281.77415510861107        281.77415330233947     
 read in sim obs yf   278.21041669650151        278.21043514138557        278.21041498197906        278.21119013009269        278.21046895618002     
 read in sim obs yf   280.48990883760735        280.48989538975945        280.48990883760735        280.49020161241253        280.48992779974373     
 read in sim obs yf   282.34121177247670        282.34120579537193        282.34121177247670        282.34127596682447        282.34121505602025     
 read in sim obs yf   282.51758144812061        282.51758214586732        282.51758144812061        282.51760246205430        282.51758338486087     
 read in sim obs yf   282.09999164736541        282.09999168771594        282.09999164736541        282.09999968805414        282.09999204655185     
 read in sim obs yf   281.53467991462304        281.53467933394819        281.53467702290362        281.53476480807842        281.53468299260498     
 read in sim obs yf   281.63371561421656        281.63371597217787        281.63371561421656        281.63386160159843        281.63372141211653     
 read in sim obs yf   281.50823905598287        281.50823929460955        281.50823905598287        281.50838797716511        281.50824487238157     
 read in sim obs yf   281.04099706803277        281.04099731853483        281.04099706803277        281.04112809479375        281.04100233461423     
 read in sim obs yf   280.90499207733870        280.90499279597054        280.90499207733870        280.90517986522502        280.90500393444574     
 read in sim obs yf   280.84948314939385        280.84948317128965        280.84948168174822        280.84967527905314        280.84949396797617     
 read in sim obs yf   280.85335564496182        280.85335270138472        280.85334422647281        280.85351022656374        280.85336148627880     
 read in sim obs yf   281.27497863469557        281.27498130304309        281.27497863469557        281.27518532154210        281.27499783256320     
 read in sim obs yf   280.94160986772698        280.94161010247348        280.94160986772698        280.94163613616308        280.94161152083694     
 read in sim obs yf   280.01554471271095        280.01555130200933        280.01554409298694        280.01580801510715        280.01557129686444     
 read in sim obs yf   278.56298578313914        278.56301219242783        278.56298431200776        278.56346373235550        278.56303784723463     
 read in sim obs yf   276.08662607868513        276.08668624392647        276.08662415078959        276.08728674341870        276.08670191462039     
 read in sim obs yf   276.61002606996396        276.61006542530987        276.61002513772831        276.61058093832611        276.61007720479887     
 read in sim obs yf   276.21766578087511        276.21771409450582        276.21766578087511        276.21831683856726        276.21773867699250     
 read in sim obs yf   277.20958430415311        277.20961486358328        277.20958430415311        277.21019308421756        277.20964672008614     
 read in sim obs yf   278.04702026696538        278.04704000975437        278.04702026696538        278.04761931626660        278.04706837224887     
 read in sim obs yf   280.72591895737662        280.72592407810117        280.72591895737662        280.72610145027915        280.72593861406153     
 read in sim obs yf   280.77402542601658        280.77402803327493        280.77402542601658        280.77412829216416        280.77403267552012     
 read in sim obs yf   277.40365215449299        277.40369722352591        277.40364969622925        277.40417657490900        277.40370777921100     
 read in sim obs yf   277.44632921403218        277.44636340734201        277.44632921403218        277.44691898006772        277.44637711519937     
 read in sim obs yf   279.27460433995145        279.27462799623754        279.27460433995145        279.27532380419711        279.27468413875226     
 read in sim obs yf   280.17287676531402        280.17287829550020        280.17287676531402        280.17304861894684        280.17289923699940     
 read in sim obs yf   280.28696664588551        280.28696426207205        280.28695635294565        280.28710044216689        280.28697361201284     
 read in sim obs yf   280.25145900588990        280.25146004285034        280.25145727838861        280.25162192567842        280.25147172792356     
 read in sim obs yf   279.76511571238069        279.76511692154008        279.76511571238069        279.76525009536215        279.76512544600848     
 read in sim obs yf   279.42561480612687        279.42561535702299        279.42561480612687        279.42575001709099        279.42562031659367     
 read in sim obs yf   278.01893443721889        278.01894147489872        278.01893430718718        278.01957954415309        278.01898524650971     
 read in sim obs yf   277.20311185447974        277.20314744821565        277.20311078550759        277.20377654138099        277.20316476176527     
 read in sim obs yf   278.60224987137076        278.60228423053547        278.60224987137076        278.60264991427073        278.60228043571999     
 read in sim obs yf   280.32463554188013        280.32465747133313        280.32463554188013        280.32492400790881        280.32465076988183     
 read in sim obs yf   282.02375183505001        282.02375194142439        282.02375183505001        282.02375951912558        282.02375208213323     
 read in sim obs yf   277.68415780007302        277.68418943911735        277.68415596946443        277.68496614675797        277.68420378819991     
 read in sim obs yf   278.64321615516781        278.64319062546639        278.64321615516781        278.64375590335834        278.64324821680020     
 read in sim obs yf   282.13549458351571        282.13549489182600        282.13549458351571        282.13553211132154        282.13549585201639     
 read in sim obs yf   282.04215821411560        282.04215857129429        282.04215815450351        282.04216143350794        282.04215843066316     
 read in sim obs yf   281.44679063335292        281.44679215030192        281.44679055301464        281.44687666850496        281.44679589992575     
 read in sim obs yf   281.40820249449632        281.40820249647948        281.40820248949825        281.40821176579783        281.40820278403152     
 read in sim obs yf   281.04952461334159        281.04952487562537        281.04952461334159        281.04962155871436        281.04952785874707     
 read in sim obs yf   281.38876452139510        281.38876487009401        281.38876452139510        281.38888797139475        281.38877010922050     
 read in sim obs yf   281.33701688820054        281.33701707519378        281.33701688820054        281.33716057336352        281.33702304269985     
 read in sim obs yf   280.95543309127407        280.95543333384757        280.95543309127407        280.95558905985223        280.95544003605636     
 read in sim obs yf   280.94895647930076        280.94895727728226        280.94895582499714        280.94919206293696        280.94897435977867     
 read in sim obs yf   280.96693213249728        280.96693232243888        280.96692832524650        280.96718044101675        280.96695056902746     
 read in sim obs yf   281.02058437729465        281.02058251269335        281.02057421915015        281.02077789127543        281.02059451593897     
 read in sim obs yf   281.45676889987038        281.45677058793956        281.45676889987038        281.45695790134118        281.45678485314392     
 read in sim obs yf   281.30367413409624        281.30367415586767        281.30367413409624        281.30367645302147        281.30367431258350     
 read in sim obs yf   280.71915875871861        280.71915935177810        280.71915875871861        280.71920603294950        280.71916321371907     
 read in sim obs yf   279.92605631611809        279.92605828951014        279.92605631611809        279.92612060560703        279.92606350982919     
 read in sim obs yf   277.33075299221497        277.33078225573098        277.33075299221497        277.33124571447598        277.33079386593874     
 read in sim obs yf   276.30259057900645        276.30263953135159        276.30258935213840        276.30317975770618        276.30264181692519     
 read in sim obs yf   276.23180971111350        276.23188402148452        276.23180971111350        276.23259923356875        276.23191490768596     
 read in sim obs yf   276.78431676044647        276.78435331117998        276.78431676044647        276.78493952916858        276.78437504053699     
 read in sim obs yf   278.04997000377466        278.04998986307487        278.04996880495548        278.05057266472068        278.05000940313460     
 read in sim obs yf   280.54275681500013        280.54274271006221        280.54275681500013        280.54299974196113        280.54278285455655     
 read in sim obs yf   280.89850099741852        280.89849981706573        280.89850099741852        280.89853370200240        280.89850386634794     
 read in sim obs yf   277.29826522224022        277.29831552316085        277.29826323196284        277.29886755196071        277.29833012654069     
 read in sim obs yf   276.49776560230134        276.49784082335509        276.49776560230134        276.49860715576187        276.49786656354752     
 read in sim obs yf   277.26287403571030        277.26292918407557        277.26287403571030        277.26358164246892        277.26295954252078     
 read in sim obs yf   279.78449619509075        279.78450984106047        279.78449619509075        279.78505671667779        279.78455885879629     
 read in sim obs yf   280.19543271574463        280.19543925065960        280.19542790934122        280.19587671868862        280.19548402003079     
 read in sim obs yf   280.24191134521965        280.24191432476016        280.24191134521965        280.24215719971073        280.24193162251316     
 read in sim obs yf   279.70065538087067        279.70065772772944        279.70065538087067        279.70087238472445        279.70067068246152     
 read in sim obs yf   279.30030159578058        279.30030439612057        279.30030159578058        279.30053959931769        279.30031921378185     
 read in sim obs yf   277.41049343921918        277.41051541617338        277.41049343921918        277.41113372115615        277.41055123758446     
 read in sim obs yf   278.02366307593132        278.02369060691495        278.02366238981779        278.02428200868087        278.02370567431262     
 read in sim obs yf   277.83354226025767        277.83353027469911        277.83354226025767        277.83411295169611        277.83358307629180     
 read in sim obs yf   280.99831517622977        280.99831546147720        280.99831517622977        280.99845456582261        280.99832077491146     
 read in sim obs yf   277.59391111254484        277.59394542353419        277.59391111254484        277.59465166763999        277.59394912809807     
 read in sim obs yf   278.00428815964727        278.00426982910909        278.00428815964727        278.00492510103714        278.00432429801327     
 read in sim obs yf   281.49044265737643        281.49044504180080        281.49044259235092        281.49047707483049        281.49044481340763     
 read in sim obs yf   280.70425358941128        280.70426318661220        280.70425358941128        280.70456839450321        280.70427397677332     
 read in sim obs yf   280.75379401600236        280.75379508681647        280.75379401600236        280.75389727697285        280.75380044593868     
 read in sim obs yf   280.64718273891168        280.64718410926781        280.64718273891168        280.64729570885856        280.64719029859020     
 read in sim obs yf   280.55188302781733        280.55188458371725        280.55188302781733        280.55203009380205        280.55189163941498     
 read in sim obs yf   281.08610616091261        281.08610656395615        281.08610616091261        281.08622927661287        281.08611228677620     
 read in sim obs yf   281.24086166344335        281.24086186027807        281.24086166344335        281.24106264563454        281.24087159206391     
 read in sim obs yf   281.01496418693932        281.01496437697909        281.01496418693932        281.01510664954810        281.01497131698460     
 read in sim obs yf   280.95159814008753        280.95159762507404        280.95159483191026        280.95189663807378        280.95162104774755     
 read in sim obs yf   280.91405769172934        280.91405941059372        280.91405742217825        280.91440149385380        280.91409198589349     
 read in sim obs yf   280.96009243679634        280.96009270516163        280.96008986621564        280.96047859889546        280.96012317754906     
 read in sim obs yf   281.38329541661113        281.38329742303387        281.38329519358706        281.38359456935615        281.38331868290288     
 read in sim obs yf   279.78834377335471        279.78834310905233        279.78834377335471        279.78837883895960        279.78834598093709     
 read in sim obs yf   277.31336116047891        277.31339671409506        277.31336034391290        277.31378655374544        277.31339809870150     
 read in sim obs yf   276.82595356314744        276.82600404645723        276.82595316008161        276.82651956838470        276.82601279040551     
 read in sim obs yf   277.29867270167063        277.29871222971155        277.29867270167063        277.29917585913836        277.29872243880482     
 read in sim obs yf   278.16693992533851        278.16695386253718        278.16693861768618        278.16768852435445        278.16699633218860     
 read in sim obs yf   280.69148381641958        280.69148543611857        280.69148381641958        280.69156795277161        280.69149055965420     
 read in sim obs yf   278.69100009747393        278.69102013797090        278.69099930551545        278.69124613659477        278.69102257843366     
 read in sim obs yf   276.34287302132697        276.34295037655238        276.34287302132697        276.34367529760192        276.34294400033997     
 read in sim obs yf   276.99763477660179        276.99771915033062        276.99763477660179        276.99857690671138        276.99771425987342     
 read in sim obs yf   277.50188064716247        277.50193522442589        277.50188064716247        277.50261634815905        277.50195011584725     
 read in sim obs yf   279.85871642838697        279.85873224601175        279.85871351077185        279.85929659595052        279.85877097786999     
 read in sim obs yf   279.97364983222405        279.97366307195239        279.97364983222405        279.97417822692086        279.97370390581710     
 read in sim obs yf   279.27664574109787        279.27666083371531        279.27664574109787        279.27721892631700        279.27669519927690     
 read in sim obs yf   278.78397712726019        278.78398639042484        278.78397712726019        278.78469193798117        278.78402763455841     
 read in sim obs yf   277.66572261797813        277.66573869795508        277.66572261797813        277.66630370779973        277.66577140135576     
 read in sim obs yf   277.55876090167300        277.55879794885999        277.55875963701783        277.55947059649588        277.55881028497225     
 read in sim obs yf   278.19165811725276        278.19170573964664        278.19165811725276        278.19219759740400        278.19169621356690     
 read in sim obs yf   281.43939472438149        281.43939567076728        281.43939472438149        281.43946565203680        281.43939750219920     
 read in sim obs yf   277.45115930333372        277.45114046832617        277.45115930333372        277.45184695873235        277.45119934276670     
 read in sim obs yf   280.03388649190691        280.03387948169734        280.03388649190691        280.03416651623013        280.03389817353911     
 read in sim obs yf   280.18063931967737        280.18065304044717        280.18063839717661        280.18086711135061        280.18065143654252     
 read in sim obs yf   280.69149622398845        280.69149873183159        280.69149622398845        280.69163546603784        280.69150636147617     
 read in sim obs yf   280.29753101793955        280.29753241433701        280.29753101793955        280.29764544046907        280.29753856182145     
 read in sim obs yf   280.10417757461465        280.10417838647192        280.10417757461465        280.10428460170453        280.10418347394875     
 read in sim obs yf   280.20146511827119        280.20146572960277        280.20146511827119        280.20160927672657        280.20147091277011     
 read in sim obs yf   280.82651718423801        280.82651743811368        280.82651718423801        280.82665929332762        280.82652243496977     
 read in sim obs yf   281.14340979398173        281.14341023422395        281.14340979398173        281.14361476373676        281.14342204976322     
 read in sim obs yf   281.03124797792236        281.03124804972191        281.03124736204376        281.03142687404426        281.03125857513515     
 read in sim obs yf   280.94536406379638        280.94536403057555        280.94536288150493        280.94558557869641        280.94536294177794     
 read in sim obs yf   280.81177398517457        280.81177492758809        280.81177398517457        280.81215678706013        280.81181119442800     
 read in sim obs yf   280.81375566374902        280.81375747249132        280.81375566374902        280.81414437896717        280.81378970023167     
 read in sim obs yf   281.08980298282393        281.08980661902876        281.08980234182724        281.09027289690619        281.08984588418906     
 read in sim obs yf   281.91691068287781        281.91691068199128        281.91691068287781        281.91691111457209        281.91691069813123     
 read in sim obs yf   281.64312995543037        281.64312858985431        281.64312995543037        281.64315773898676        281.64313235206430     
 read in sim obs yf   281.08818593481789        281.08817400005483        281.08818593481789        281.08843053364853        281.08821141080443     
 read in sim obs yf   280.88573237660796        280.88573237561275        280.88573237660796        280.88573385171321        280.88573240563795     
 read in sim obs yf   279.96767882825486        279.96769138948395        279.96767882825486        279.96782023689389        279.96768517051868     
 read in sim obs yf   278.00115839822581        278.00118336928904        278.00115839822581        278.00157500187277        278.00119105301485     
 read in sim obs yf   276.43242464208532        276.43248079971539        276.43242393419945        276.43308030738098        276.43248600874728     
 read in sim obs yf   277.49284209050745        277.49285994278068        277.49284209050745        277.49350509528642        277.49288926407655     
 read in sim obs yf   278.18837695535154        278.18838617441475        278.18837691931128        278.18888999638023        278.18841374867117     
 read in sim obs yf   280.38687380838030        280.38687399823391        280.38687369267251        280.38700357231767        280.38687899397803     
 read in sim obs yf   280.68860278001927        280.68860278016456        280.68860277982594        280.68860380171736        280.68860280734447     
 read in sim obs yf   278.08153665729225        278.08156100550741        278.08153665729225        278.08197364227226        278.08156518309363     
 read in sim obs yf   277.47200363418108        277.47204416864349        277.47200363418108        277.47248471871865        277.47203945864766     
 read in sim obs yf   276.95138517522571        276.95146872830048        276.95138517522571        276.95227716521799        276.95145826101287     
 read in sim obs yf   278.02398008700288        278.02402524159447        278.02398008700288        278.02450781067921        278.02402387676648     
 read in sim obs yf   278.70822988412010        278.70827402745294        278.70822988412010        278.70889267833059        278.70828301134452     
 read in sim obs yf   279.48883752756478        279.48886569431744        279.48883752756478        279.48962880583110        279.48890917639721     
 read in sim obs yf   278.63193852224919        278.63196318075620        278.63193852224919        278.63257262707612        278.63198884234089     
 read in sim obs yf   278.51547618541548        278.51548695466670        278.51547618541548        278.51625811957547        278.51552778296133     
 read in sim obs yf   277.74618284892705        277.74620999806626        277.74618258207528        277.74671149073981        277.74623284136078     
 read in sim obs yf   277.14403095620645        277.14407598790245        277.14402958619650        277.14475018706111        277.14409368032784     
 read in sim obs yf   279.06003888039226        279.06006313789476        279.06003888039226        279.06041481084742        279.06006262560743     
 read in sim obs yf   281.77961212313363        281.77961258113561        281.77961212313363        281.77963499290325        281.77961296874798     
 read in sim obs yf   279.50526647602607        279.50527426682635        279.50526647602607        279.50554979751757        279.50527794308681     
 read in sim obs yf   280.44524617622864        280.44525108827497        280.44524617622864        280.44536313004562        280.44525053726994     
 read in sim obs yf   279.79696449414928        279.79697124655678        279.79696338210010        279.79736406100830        279.79697803145353     
 read in sim obs yf   280.28964772406528        280.28964839272214        280.28964772406528        280.28976547695993        280.28965204191803     
 read in sim obs yf   279.87378299351769        279.87378379203437        279.87378299351769        279.87392197337078        279.87378827459963     
 read in sim obs yf   279.78427679214781        279.78427821024650        279.78427677050882        279.78441376911695        279.78428365273840     
 read in sim obs yf   280.06473021124111        280.06473208254283        280.06472987602973        280.06489095193558        280.06473930693164     
 read in sim obs yf   280.78845942692999        280.78845962008990        280.78845942692999        280.78857236727430        280.78846270671124     
 read in sim obs yf   281.17027722966645        281.17027736067956        281.17027722966645        281.17038751971893        281.17028222928536     
 read in sim obs yf   281.04024456652303        281.04024455247003        281.04024195258802        281.04041141399529        281.04025725864977     
 read in sim obs yf   281.02362697944983        281.02362736323551        281.02362697944983        281.02378951523167        281.02363996198483     
 read in sim obs yf   280.91962212316417        280.91962239994160        280.91962212316417        280.91980505875438        280.91963689952689     
 read in sim obs yf   280.88805328260895        280.88805432829389        280.88805328260895        280.88827735422768        280.88807285652393     
 read in sim obs yf   280.99218567702798        280.99218916957352        280.99218045456718        280.99280756395558        280.99224980554334     
 read in sim obs yf   281.27170466597562        281.27170767221594        281.27170466597562        281.27222494309194        281.27174606244114     
 read in sim obs yf   280.63024969307418        280.63025393847482        280.63024969307418        280.63077684268268        280.63030003785087     
 read in sim obs yf   281.20434012510447        281.20433564374900        281.20434012510447        281.20451928836201        281.20435545597780     
 read in sim obs yf   279.47072550397928        279.47072724051179        279.47072550397928        279.47087046503003        279.47073065575012     
 read in sim obs yf   277.00842533322344        277.00846264433721        277.00842533322344        277.00907307276248        277.00847261475968     
 read in sim obs yf   277.93577401915479        277.93579369215911        277.93577401915479        277.93639788260066        277.93581648385498     
 read in sim obs yf   279.16585793613757        279.16586150184878        279.16585793613757        279.16615569345259        279.16587512815681     
 read in sim obs yf   279.81466938245728        279.81467361316686        279.81466938245728        279.81509761532368        279.81468653797742     
 read in sim obs yf   280.37724964297900        280.37725040156607        280.37724963420010        280.37728449378591        280.37725171786371     
 read in sim obs yf   278.44405201237214        278.44406716896225        278.44405201237214        278.44458460546633        278.44407832979965     
 read in sim obs yf   277.66625892196919        277.66628082913655        277.66625892196919        277.66689233495464        277.66628859872338     
 read in sim obs yf   277.63762053458453        277.63764542042554        277.63762053458453        277.63825297500381        277.63765575362197     
 read in sim obs yf   278.20715022349930        278.20717067793311        278.20715022349930        278.20771742069206        278.20718032938157     
 read in sim obs yf   279.24284221111373        279.24285912887058        279.24284221111373        279.24321327574825        279.24286461050229     
 read in sim obs yf   278.81221776515139        278.81226214001754        278.81221776515139        278.81304086370153        278.81229183642876     
 read in sim obs yf   277.56049540821903        277.56054269172671        277.56049518359953        277.56121566159038        277.56055975469098     
 read in sim obs yf   277.43177454475847        277.43181438987301        277.43177240641319        277.43257409296780        277.43185978854234     
 read in sim obs yf   276.67466224437709        276.67471811888504        276.67466153871834        276.67534435081802        276.67473846836850     
 read in sim obs yf   277.31869844630967        277.31874499164763        277.31869731922859        277.31931954335136        277.31875970524993     
 read in sim obs yf   280.31403357999113        280.31404266359289        280.31403357999113        280.31416559941636        280.31404458812426     
 read in sim obs yf   282.10111040042938        282.10111040639617        282.10111040042938        282.10111244944824        282.10111043802004     
 read in sim obs yf   278.40429455661717        278.40430281106205        278.40429385869476        278.40479146580401        278.40431337804262     
 read in sim obs yf   278.70801906128906        278.70802551271493        278.70801846500211        278.70847222474760        278.70803250937865     
 read in sim obs yf   279.83527033403163        279.83528046589601        279.83526690232526        279.83572968391792        279.83529956607396     
 read in sim obs yf   279.89732870895045        279.89732961226417        279.89732773019369        279.89748621053349        279.89733439220907     
 read in sim obs yf   279.66816211278109        279.66816354004516        279.66816083009979        279.66829647569807        279.66816917236332     
 read in sim obs yf   279.76538128063964        279.76538293434839        279.76537622996511        279.76556047039560        279.76539380376209     
 read in sim obs yf   279.92856974199384        279.92857024330027        279.92856891628571        279.92871246210302        279.92857360816691     
 read in sim obs yf   280.64290696248327        280.64290723429355        280.64290696248327        280.64303081700137        280.64291028555704     
 read in sim obs yf   281.08139768530765        281.08139782126563        281.08139768530765        281.08148989280517        281.08140117162418     
 read in sim obs yf   280.88778436957409        280.88778418103436        280.88778233518525        280.88794358321633        280.88779085553836     
 read in sim obs yf   280.76548578410842        280.76548770096684        280.76548578410842        280.76568337574395        280.76550020356859     
 read in sim obs yf   280.70285970478199        280.70286037339400        280.70285970478199        280.70301241256612        280.70286843101252     
 read in sim obs yf   280.81365927330728        280.81366045143130        280.81365927330728        280.81382741656842        280.81367236540007     
 read in sim obs yf   281.02425053886907        281.02425579557359        281.02425053886907        281.02470597963071        281.02430367902537     
 read in sim obs yf   280.71540771881098        280.71541484403105        280.71540568986200        280.71609695650966        280.71547920045646     
 read in sim obs yf   280.85797723496461        280.85798037270450        280.85797723496461        280.85840902311907        280.85801340124146     
 read in sim obs yf   280.51729672753783        280.51729672925245        280.51729672753783        280.51729780908465        280.51729675612893     
 read in sim obs yf   279.04007296985702        279.04008643342240        279.04007296985702        279.04038165641816        279.04009783964352     
 read in sim obs yf   278.89796140050447        278.89796875539633        278.89796140050447        278.89830262396293        278.89797947065404     
 read in sim obs yf   277.84006080770428        277.84007572567174        277.84006080770428        277.84087898253904        277.84011007281879     
 read in sim obs yf   278.40258820681385        278.40259378237897        278.40258820681385        278.40320025958431        278.40261844569682     
 read in sim obs yf   280.17504202767196        280.17504553429848        280.17504202767196        280.17527276679016        280.17505356677538     
 read in sim obs yf   280.24916021201710        280.24916171162840        280.24916021201710        280.24925703513287        280.24916541763866     
 read in sim obs yf   279.52059329362430        279.52059469168051        279.52059329362430        279.52073981562609        279.52059822825902     
 read in sim obs yf   278.90242549384345        278.90243640846177        278.90242549384345        278.90273876115367        278.90244333412511     
 read in sim obs yf   277.85812031479401        277.85815350300516        277.85812031479401        277.85878619400518        277.85817339589698     
 read in sim obs yf   278.49084619120691        278.49086021374410        278.49084619120691        278.49145952694164        278.49087887822839     
 read in sim obs yf   279.29700417340126        279.29702482533384        279.29700417340126        279.29737557951688        279.29704150028306     
 read in sim obs yf   279.23431353365930        279.23433395136669        279.23431353365930        279.23470788488743        279.23435087354295     
 read in sim obs yf   277.49377311686948        277.49381609159417        277.49377151867611        277.49439132005818        277.49383780951496     
 read in sim obs yf   276.87559695395430        276.87565350598680        276.87559567631371        276.87630191056911        276.87568245817272     
 read in sim obs yf   277.03182945556563        277.03187865943693        277.03182920035783        277.03240434914102        277.03189543684869     
 read in sim obs yf   278.43878570767009        278.43881498686795        278.43878510509956        278.43916916776698        278.43882377406999     
 read in sim obs yf   280.95572525560175        280.95572820406454        280.95572525560175        280.95578119422424        280.95572912997636     
 read in sim obs yf   278.14844902378542        278.14846788284393        278.14844877930483        278.14897691839627        278.14848657011379     
 read in sim obs yf   278.47266370268693        278.47268142978902        278.47266310907037        278.47316058183554        278.47269515168551     
 read in sim obs yf   279.55738283434130        279.55740021511326        279.55738226047254        279.55804962067583        279.55744705868204     
 read in sim obs yf   279.72840835345289        279.72840903153855        279.72840438179452        279.72856883963857        279.72841536806357     
 read in sim obs yf   279.67532174960434        279.67532240434042        279.67531641758876        279.67547723939089        279.67532995608809     
 read in sim obs yf   279.77249301012836        279.77249412057699        279.77248698642745        279.77267510329847        279.77250244797443     
 read in sim obs yf   279.87387714850678        279.87387772742801        279.87387707435647        279.87400243018175        279.87388002434739     
 read in sim obs yf   280.47624646324437        280.47624684807840        280.47624646324437        280.47638480919687        280.47625005142805     
 read in sim obs yf   280.84101883825201        280.84101934000631        280.84101704846847        280.84120154471475        280.84102634000794     
 read in sim obs yf   280.61737071027159        280.61737153282155        280.61736941343918        280.61757045141877        280.61737867695058     
 read in sim obs yf   280.52130777865131        280.52130815281720        280.52130777865131        280.52144911798200        280.52131255552547     
 read in sim obs yf   280.51690651179524        280.51690676573804        280.51690651179524        280.51701672814880        280.51691068755241     
 read in sim obs yf   280.76329547848286        280.76329666116851        280.76329547848286        280.76345869975250        280.76330616851811     
 read in sim obs yf   281.06722402729127        281.06722678169382        281.06722402729127        281.06747426931588        281.06724883181039     
 read in sim obs yf   281.16272587368724        281.16273020904816        281.16272556148743        281.16321922615117        281.16277663688180     
 read in sim obs yf   281.47146443094312        281.47146497877839        281.47146443094312        281.47153193605413        281.47146946077555     
 read in sim obs yf   279.98234055613881        279.98234316372304        279.98234055613881        279.98250235433784        279.98235071020162     
 read in sim obs yf   278.73190295283229        278.73191907530025        278.73190295283229        278.73238217033776        278.73193926163412     
 read in sim obs yf   278.89124783576131        278.89126491561541        278.89124783576131        278.89158722504760        278.89127445987322     
 read in sim obs yf   278.02683254059514        278.02684065785962        278.02683254059514        278.02750115854360        278.02688365859365     
 read in sim obs yf   278.64156286555806        278.64157164271307        278.64156286555806        278.64220526639878        278.64160385904984     
 read in sim obs yf   280.41521891468534        280.41522063585188        280.41521891468534        280.41535991426429        280.41522807364169     
 read in sim obs yf   280.41114683562017        280.41114784195031        280.41114683562017        280.41127025804383        280.41115358676240     
 read in sim obs yf   280.06538159832479        280.06538281728206        280.06538159832479        280.06550295148946        280.06538813807634     
 read in sim obs yf   279.80611141930427        279.80611222663384        279.80611137298348        279.80623725941280        279.80611676988281     
 read in sim obs yf   279.49098102092967        279.49098829878972        279.49098073496549        279.49121424383685        279.49100019204781     
 read in sim obs yf   279.84696538553419        279.84696858814436        279.84696382947192        279.84715187568077        279.84697839405123     
 read in sim obs yf   280.17519834059533        280.17520010716299        280.17519834046448        280.17532901052340        280.17520695310179     
 read in sim obs yf   279.97537255421088        279.97537387104063        279.97537255421088        279.97549899099977        279.97537936566141     
 read in sim obs yf   279.54620336028682        279.54620416778351        279.54620094005088        279.54627470412288        279.54621077046704     
 read in sim obs yf   278.93692007530808        278.93693634920817        278.93691986470958        278.93736913299421        278.93697564788044     
 read in sim obs yf   276.80881417423734        276.80887177081564        276.80881417423734        276.80953521856202        276.80890075976976     
 read in sim obs yf   277.56227355423925        277.56232062322067        277.56227298143170        277.56289321999810        277.56233227688625     
 read in sim obs yf   281.04891438912898        281.04891939544643        281.04891438912898        281.04899199899296        281.04891979171612     
 read in sim obs yf   279.47197845539813        279.47198273426147        279.47197845539813        279.47222181691149        279.47200177465839     
 read in sim obs yf   279.13834007341075        279.13834261976763        279.13834007341075        279.13875128073147        279.13829245501267     
 read in sim obs yf   279.49470965505168        279.49471295075546        279.49470964146474        279.49497307817450        279.49472748820722     
 read in sim obs yf   279.49373344221414        279.49373334925224        279.49372941757179        279.49387154359925        279.49373650445068     
 read in sim obs yf   279.69136570317971        279.69136602707727        279.69135922929615        279.69152263468482        279.69137045939050     
 read in sim obs yf   279.75451019326619        279.75451048881450        279.75450565105712        279.75466672693858        279.75451454701016     
 read in sim obs yf   279.89875460476094        279.89875508570168        279.89875460449468        279.89889612059113        279.89875742661309     
 read in sim obs yf   280.35499280743647        280.35499311723612        280.35499280743647        280.35512428315371        280.35499600208351     
 read in sim obs yf   280.56215724709006        280.56215652338710        280.56215190397057        280.56232815921715        280.56216364108633     
 read in sim obs yf   280.36552685989784        280.36552701715033        280.36552522181483        280.36565871164606        280.36553183280068     
 read in sim obs yf   280.52255293869166        280.52255311286797        280.52255293869166        280.52264967358747        280.52255646195817     
 read in sim obs yf   280.76543950760765        280.76544001621062        280.76543950760765        280.76558009743837        280.76544646329705     
 read in sim obs yf   281.00011172529770        281.00011293104109        281.00011172529770        281.00029651156825        281.00012713795354     
 read in sim obs yf   281.16103921850839        281.16104037788807        281.16103921850839        281.16121084134403        281.16105476324589     
 read in sim obs yf   281.25217888068710        281.25217893041037        281.25217110994868        281.25239280083878        281.25220493019975     
 read in sim obs yf   281.19780104896046        281.19780464805018        281.19780104896046        281.19809091026764        281.19782894014861     
 read in sim obs yf   281.31438557616377        281.31438688958286        281.31438557616377        281.31451681139635        281.31439299070416     
 read in sim obs yf   281.06025585188729        281.06025602978616        281.06025585188729        281.06027122550614        281.06025662196225     
 read in sim obs yf   280.00112713799922        280.00113018542925        280.00112713799922        280.00127164186699        280.00113612015855     
 read in sim obs yf   278.33800023218714        278.33802180076788        278.33799570503157        278.33870756390172        278.33804254180995     
 read in sim obs yf   278.13677922671559        278.13680928096790        278.13677922671559        278.13750487207017        278.13683621179257     
 read in sim obs yf   278.91231413913516        278.91232189189179        278.91231413913516        278.91299969512045        278.91236909717156     
 read in sim obs yf   279.12175095349500        279.12176974499278        279.12174825136748        279.12236344281268        279.12180987917731     
 read in sim obs yf   280.75367526338493        280.75367758555285        280.75367526157760        280.75385907695392        280.75369584165696     
 read in sim obs yf   280.71989979257899        280.71990087304329        280.71989979257899        280.72004100897340        280.71991105324611     
 read in sim obs yf   280.59656115911866        280.59656186474183        280.59656109896764        280.59670949592510        280.59656957657666     
 read in sim obs yf   280.45374926728306        280.45375009804445        280.45374871366374        280.45388498678773        280.45375859609646     
 read in sim obs yf   280.43666256106292        280.43666321828556        280.43666233940735        280.43679453852371        280.43667345401093     
 read in sim obs yf   280.59398703564835        280.59398744962101        280.59398695615641        280.59410161187361        280.59399307291579     
 read in sim obs yf   280.52032632193567        280.52032679595141        280.52032630467392        280.52043779282440        280.52033129199822     
 read in sim obs yf   280.13395089780926        280.13395139132314        280.13395089780926        280.13407433865416        280.13395523522303     
 read in sim obs yf   279.81860874733604        279.81860946964463        279.81860874733604        279.81873816317921        279.81861402939666     
 read in sim obs yf   279.52767473742517        279.52767615991911        279.52767473742517        279.52781328664344        279.52768713835246     
 read in sim obs yf   278.65343889050700        278.65344997293982        278.65343889050700        278.65394521037990        278.65348421736360     
 read in sim obs yf   279.45365385520029        279.45366481757026        279.45365354860155        279.45398785925175        279.45367893578441     
 read in sim obs yf   281.49647407282646        281.49647409907129        281.49647407282646        281.49648031975948        281.49647422482963     
 read in sim obs yf   278.52621153977560        278.52621605078377        278.52621153977560        278.52656299206456        278.52624388299711     
 read in sim obs yf   278.99662285539489        278.99662560849367        278.99662285539489        278.99687418496910        278.99664295459104     
 read in sim obs yf   279.15870836176731        279.15870934607733        279.15870836176731        279.15889208215162        279.15871499939738     
 read in sim obs yf   279.32948999038518        279.32949022203377        279.32948788847074        279.32959534168373        279.32949206606412     
 read in sim obs yf   279.56594528083474        279.56594507988660        279.56594125846601        279.56609266046900        279.56594837354982     
 read in sim obs yf   279.69303001845236        279.69303023727400        279.69302569776880        279.69320120594654        279.69303448827054     
 read in sim obs yf   279.87245378269114        279.87245408373610        279.87245378269114        279.87257315389530        279.87245615117206     
 read in sim obs yf   280.24390250577829        280.24390249450346        280.24390107184570        280.24404307547292        280.24390562280638     
 read in sim obs yf   280.47349187189792        280.47348957018880        280.47348160415021        280.47365619729698        280.47349870992491     
 read in sim obs yf   280.41026546734298        280.41026431239925        280.41025944066058        280.41041315563643        280.41027174839445     
 read in sim obs yf   280.76699241128392        280.76699255952821        280.76699186901430        280.76713162228356        280.76699981282195     
 read in sim obs yf   281.07785143994852        281.07785226164827        281.07785143994852        281.07800032957948        281.07786396740102     
 read in sim obs yf   281.21084274907071        281.21084377933352        281.21084274907071        281.21106307548700        281.21086592644173     
 read in sim obs yf   281.18176007493321        281.18176069167771        281.18176007493321        281.18187211866427        281.18177070188437     
 read in sim obs yf   281.15860708373805        281.15860696926302        281.15860289759985        281.15873768512142        281.15861719299443     
 read in sim obs yf   281.14797976727101        281.14797535947514        281.14796014925821        281.14811996589435        281.14798983758038     
 read in sim obs yf   281.16191501744061        281.16191325738367        281.16190814872402        281.16200312827687        281.16192163653915     
 read in sim obs yf   280.95696062195663        280.95696084949236        280.95696062195663        280.95700526330307        280.95696346247240     
 read in sim obs yf   280.75675182370315        280.75675274214177        280.75675182370315        280.75684078146134        280.75675943219528     
 read in sim obs yf   280.57575932372697        280.57576165271416        280.57575932372697        280.57594382278887        280.57577509484241     
 read in sim obs yf   280.33622036685011        280.33622150056459        280.33622036685011        280.33636355469065        280.33622697568040     
 read in sim obs yf   280.37858716349587        280.37858823988751        280.37858716349587        280.37873581366813        280.37859657273475     
 read in sim obs yf   280.50203251709337        280.50203272446942        280.50203106498424        280.50218856596558        280.50204080759056     
 read in sim obs yf   280.73690880082302        280.73691166752934        280.73690436398363        280.73729215231890        280.73695741529883     
 read in sim obs yf   281.04894786386774        281.04895216386581        281.04894786386774        281.04942826955102        281.04901708900081     
 read in sim obs yf   281.16662305009663        281.16662574855496        281.16662305009663        281.16696464405061        281.16666736428743     
 read in sim obs yf   281.02053159534813        281.02053380317062        281.02053063142421        281.02080737057452        281.02057775236591     
 read in sim obs yf   280.93807799692047        280.93807803973033        280.93807717432873        280.93820218317040        280.93808535867100     
 read in sim obs yf   280.96901136002811        280.96901170838191        280.96901066976949        280.96916361763084        280.96902221335432     
 read in sim obs yf   281.03343300093246        281.03343319193232        281.03343274453090        281.03353872583358        281.03343982550928     
 read in sim obs yf   280.90150669422155        280.90150713644306        280.90150664045871        280.90163529627489        280.90151580351016     
 read in sim obs yf   280.50920919841889        280.50920974556271        280.50920919841889        280.50933585216421        280.50921749537270     
 read in sim obs yf   280.12153242295346        280.12153355829440        280.12153242295346        280.12167092760427        280.12154341706622     
 read in sim obs yf   279.43205526630169        279.43206786325806        279.43205526630169        279.43259866196865        279.43212075763802     
 read in sim obs yf   277.36240632396107        277.36244850232828        277.36240632396107        277.36312745980865        277.36248862169072     
 read in sim obs yf   277.89450796169803        277.89454339287846        277.89450737300928        277.89514909513662        277.89456180923702     
 read in sim obs yf   280.89722386709349        280.89722968401526        280.89722386709349        280.89734509545258        280.89723049228763     
 read in sim obs yf   277.73099182301587        277.73099469238713        277.73099182301587        277.73148073273995        277.73100476690752     
 read in sim obs yf   278.46152243493282        278.46152613485867        278.46152243493282        278.46185492605599        278.46154123112279     
 read in sim obs yf   278.98446510848879        278.98446705645324        278.98446510848879        278.98468204629216        278.98447289165983     
 read in sim obs yf   279.34534960819582        279.34535038620612        279.34534852540941        279.34549288755579        279.34535338319654     
 read in sim obs yf   279.35245122171278        279.35245121161267        279.35244718653706        279.35260601735240        279.35245461022959     
 read in sim obs yf   279.45111518801360        279.45111545204117        279.45111353236109        279.45125399262230        279.45111808318586     
 read in sim obs yf   279.72594871099471        279.72594890639277        279.72594870900849        279.72607228606967        279.72595083030399     
 read in sim obs yf   280.12121786047999        280.12121700531804        280.12121446717583        280.12135948764706        280.12122044552598     
 read in sim obs yf   280.54857418867005        280.54857117418845        280.54855934808342        280.54876447335960        280.54858071635852     
 read in sim obs yf   280.75092693317379        280.75092481309093        280.75091954595075        280.75105097149839        280.75093153393618     
 read in sim obs yf   280.96731341035866        280.96731382752762        280.96731262981376        280.96747369107248        280.96732452554301     
 read in sim obs yf   281.03047204469135        281.03047292069516        281.03047204469135        281.03067297884820        281.03048935824131     
 read in sim obs yf   281.04588895770331        281.04588950725923        281.04588895770331        281.04605445402984        281.04590541005280     
 read in sim obs yf   281.07207552385506        281.07207612161716        281.07207552385506        281.07224870996549        281.07208933764269     
 read in sim obs yf   281.01345551211335        281.01345678036773        281.01345551211335        281.01361933985737        281.01346860851021     
 read in sim obs yf   281.07374680037617        281.07374776645696        281.07374680037617        281.07388958759884        281.07375678602477     
 read in sim obs yf   281.01448194843329        281.01448263177554        281.01448106684347        281.01461440832418        281.01448908369724     
 read in sim obs yf   280.89597404502751        280.89597187026101        280.89596316226658        280.89610528724569        280.89598204904718     
 read in sim obs yf   280.83714009391588        280.83713470937079        280.83711974982759        280.83731525864528        280.83715765317635     
 read in sim obs yf   280.83738994701343        280.83738859083167        280.83738330463217        280.83754993454670        280.83739971908119     
 read in sim obs yf   280.75731895488599        280.75731938561245        280.75731895488599        280.75746282492167        280.75732713809691     
 read in sim obs yf   280.78790588923766        280.78790670096112        280.78790588923766        280.78808023643228        280.78792561737794     
 read in sim obs yf   280.66222011546120        280.66222003655110        280.66221873750629        280.66238817268760        280.66222941802323     
 read in sim obs yf   280.83213699373835        280.83213922915752        280.83213699373835        280.83246893250288        280.83217736912297     
 read in sim obs yf   281.09164666354195        281.09165050430465        281.09164666354195        281.09235109910691        281.09174536700971     
 read in sim obs yf   281.24670005540986        281.24670436082420        281.24669998287885        281.24734990819024        281.24680050034715     
 read in sim obs yf   281.24025782570828        281.24026045904708        281.24025447879103        281.24075562512797        281.24032327915717     
 read in sim obs yf   281.24995603490083        281.24995386245166        281.24994470397189        281.25022965882687        281.24998598710681     
 read in sim obs yf   281.27585581170530        281.27585281825134        281.27584347539232        281.27605562231889        281.27587677081561     
 read in sim obs yf   281.27804885868801        281.27804818209421        281.27804454270512        281.27822001089589        281.27806620590690     
 read in sim obs yf   281.05596961268947        281.05597017938607        281.05596767665259        281.05613478658211        281.05599037835128     
 read in sim obs yf   280.69297051378658        280.69297165094190        280.69297046657016        280.69313625607208        280.69298626416600     
 read in sim obs yf   280.25977361634591        280.25977539098631        280.25977361300261        280.25992930619702        280.25979265877311     
 read in sim obs yf   279.70887296834098        279.70888163179302        279.70887296219490        279.70925491586149        279.70892204949115     
 read in sim obs yf   278.32705670329443        278.32708619787093        278.32705667456230        278.32759680245198        278.32711875581623     
 read in sim obs yf   277.74807021000692        277.74811559270864        277.74806974998904        277.74872036790373        277.74813364741016     
 read in sim obs yf   280.17110665115592        280.17111978293542        280.17110665115592        280.17141324536288        280.17112107985849     
 read in sim obs yf   282.42156794754021        282.42156955395586        282.42156794754021        282.42161230740646        282.42156899465044     
 read in sim obs yf   277.07190197541433        277.07190467646836        277.07190197541433        277.07236625614911        277.07191076988244     
 read in sim obs yf   278.06058582842189        278.06059049373857        278.06058582842189        278.06090630577063        278.06059489592042     
 read in sim obs yf   278.87813312252177        278.87813647564514        278.87813312252177        278.87831205567170        278.87813909338871     
 read in sim obs yf   279.34161484712132        279.34161652526006        279.34161218412106        279.34180485649296        279.34162340512006     
 read in sim obs yf   279.35024515332719        279.35024572644352        279.35024027054141        279.35043593706524        279.35025097438916     
 read in sim obs yf   279.20815580978285        279.20815618870085        279.20815433383274        279.20828267111528        279.20815833554695     
 read in sim obs yf   279.41735740142155        279.41735739170423        279.41735705009779        279.41742825957454        279.41735840440884     
 read in sim obs yf   280.05016066552383        280.05015971203864        280.05015727308074        280.05029570227168        280.05016289672062     
 read in sim obs yf   280.50659787535710        280.50659530071516        280.50658846387660        280.50679749569525        280.50660267630633     
 read in sim obs yf   280.71382967979986        280.71382728916859        280.71382139280098        280.71402673357989        280.71383630573928     
 read in sim obs yf   280.71408715720264        280.71408742153312        280.71408649574545        280.71426527431339        280.71409441480790     
 read in sim obs yf   280.43562711097690        280.43562737464356        280.43562710285391        280.43577178578607        280.43563142586180     
 read in sim obs yf   280.61824511094301        280.61824533100173        280.61824511094301        280.61838813220351        280.61825077358611     
 read in sim obs yf   280.88950991368193        280.88951030041471        280.88950991368193        280.88967294524230        280.88951914218489     
 read in sim obs yf   280.93540711250051        280.93540733876819        280.93540711250051        280.93553753705197        280.93541271424897     
 read in sim obs yf   280.97223121743485        280.97223169665654        280.97223121743485        280.97237570216163        280.97224094557424     
 read in sim obs yf   280.88298227960047        280.88298302782846        280.88298227960047        280.88313372460527        280.88299183661377     
 read in sim obs yf   280.76093728219053        280.76093835594565        280.76093728219053        280.76110281630946        280.76094838904584     
 read in sim obs yf   280.76695276264456        280.76695343427838        280.76695267513674        280.76712930640599        280.76696346551205     
 read in sim obs yf   280.79480540486281        280.79480549042228        280.79480513936801        280.79492632808621        280.79481165250201     
 read in sim obs yf   280.67888924908010        280.67888989071855        280.67888924908010        280.67906349644352        280.67890404642048     
 read in sim obs yf   280.62146676007745        280.62146782762073        280.62146676007745        280.62172699123170        280.62149489148362     
 read in sim obs yf   280.51952556887147        280.51952580219069        280.51952556887147        280.51968970452208        280.51953607871218     
 read in sim obs yf   280.65534830387395        280.65534943195598        280.65534830387395        280.65558092411209        280.65537163772615     
 read in sim obs yf   281.13097896615943        281.13098154925012        281.13097896615943        281.13154695957883        281.13105737999797     
 read in sim obs yf   281.39430665460384        281.39430850146044        281.39430663979476        281.39474067116242        281.39436545582731     
 read in sim obs yf   281.46091981353828        281.46092043090255        281.46091429539240        281.46130050157609        281.46097274803054     
 read in sim obs yf   281.66568355785495        281.66568405466450        281.66568355785495        281.66582558897943        281.66570225144557     
 read in sim obs yf   281.70429489319088        281.70429505627641        281.70429489319088        281.70438003304872        281.70430277204582     
 read in sim obs yf   281.39893844175384        281.39893708187998        281.39892851296878        281.39920344787356        281.39896857712580     
 read in sim obs yf   281.02204182430808        281.02204152197356        281.02203787781139        281.02223577069907        281.02206370201577     
 read in sim obs yf   280.64361630193554        280.64361561431525        280.64361080976960        280.64381164517795        280.64363910713149     
 read in sim obs yf   280.33143478368669        280.33143528271222        280.33143239212728        280.33160981604095        280.33145543863509     
 read in sim obs yf   280.02383779852352        280.02384275649263        280.02383747476028        280.02425032680998        280.02388789693509     
 read in sim obs yf   279.31343430507826        279.31344824024296        279.31343411907858        279.31405509495551        279.31349585531461     
 read in sim obs yf   277.99349111808993        277.99353279780490        277.99349067163359        277.99412787358665        277.99355710468762     
 read in sim obs yf   278.27402215383245        278.27406213567889        278.27402215383245        278.27466711963967        278.27406400134083     
 read in sim obs yf   281.45038678422424        281.45039559499003        281.45038678422424        281.45069148838462        281.45039371021352     
 read in sim obs yf   283.38550916896912        283.38550916571006        283.38550916896912        283.38551264011647        283.38550921396103     
 read in sim obs yf   276.93831003389778        276.93831249533309        276.93831003389778        276.93872323025346        276.93831858834955     
 read in sim obs yf   277.90093129582345        277.90093922946880        277.90093129582345        277.90127723518509        277.90094636738888     
 read in sim obs yf   278.75714648012041        278.75714964320815        278.75714185860153        278.75735925673689        278.75715599271882     
 read in sim obs yf   279.15590473085047        279.15590566127941        279.15590070240813        279.15607310735476        279.15591249247439     
 read in sim obs yf   279.26339944533402        279.26339959540576        279.26339651725431        279.26356141377858        279.26340463582750     
 read in sim obs yf   278.85283592282320        278.85283595056137        278.85283540149885        278.85290464108823        278.85283711884261     
 read in sim obs yf   278.93428352936843        278.93428367088586        278.93428344797417        278.93436153695893        278.93428477686274     
 read in sim obs yf   279.70928482280431        279.70928446145422        279.70928298999121        279.70943937444866        279.70928821093031     
 read in sim obs yf   280.11636756682753        280.11636653279220        280.11636330451148        280.11659048877038        280.11637307809042     
 read in sim obs yf   280.19819004092273        280.19818944290984        280.19818787975390        280.19840032811311        280.19819416369495     
 read in sim obs yf   280.19313665368134        280.19313681809746        280.19313659582326        280.19333577424163        280.19314077802824     
 read in sim obs yf   280.04556688352500        280.04556697936158        280.04556688352500        280.04571244919930        280.04556962421935     
 read in sim obs yf   280.38879466129612        280.38879483079177        280.38879466129612        280.38895217584229        280.38879922332944     
 read in sim obs yf   280.70482850197601        280.70482874063492        280.70482850197601        280.70500835936161        280.70483646743560     
 read in sim obs yf   280.77793911157255        280.77793944482477        280.77793911157255        280.77813954309829        280.77794877192071     
 read in sim obs yf   280.74257840058073        280.74257872192175        280.74257840058073        280.74278001647747        280.74258876575544     
 read in sim obs yf   280.59259937670856        280.59259962765344        280.59259937670856        280.59276056015995        280.59260549033434     
 read in sim obs yf   280.55600811280914        280.55600829509768        280.55600811280914        280.55613009975650        280.55601338074416     
 read in sim obs yf   280.63052543326739        280.63052573217487        280.63052543326739        280.63072230758479        280.63053755849796     
 read in sim obs yf   280.62067440401478        280.62067455370641        280.62067438353893        280.62082579504204        280.62068282822167     
 read in sim obs yf   280.46017780867999        280.46017797441459        280.46017780867999        280.46034068276884        280.46018537699518     
 read in sim obs yf   280.41041373318433        280.41041390072536        280.41041373318433        280.41056482774945        280.41042192389909     
 read in sim obs yf   280.42455416419654        280.42455446195174        280.42455416419654        280.42472223330554        280.42456780715150     
 read in sim obs yf   280.56806580093541        280.56806624904971        280.56806580093541        280.56824496263948        280.56808213757682     
 read in sim obs yf   280.99651401716773        280.99651624354533        280.99651401716773        280.99707041294016        280.99658849369553     
 read in sim obs yf   281.30164888004128        281.30165037873286        281.30164888004128        281.30217296735816        281.30171513628619     
 read in sim obs yf   281.53269914225882        281.53269749703247        281.53269175992875        281.53291157786077        281.53272451407838     
 read in sim obs yf   281.77885867554050        281.77885890996578        281.77885867554050        281.77895597136114        281.77886972442104     
 read in sim obs yf   281.85446030719618        281.85446037923089        281.85446030719618        281.85448426888917        281.85446250875617     
 read in sim obs yf   281.44495312492842        281.44495233944798        281.44494656896876        281.44520814163081        281.44497879016507     
 read in sim obs yf   280.99194735881326        280.99194682509574        280.99194386991644        280.99215915236294        280.99196967642200     
 read in sim obs yf   280.66805482278431        280.66805377744998        280.66805273110674        280.66823651079909        280.66807198020206     
 read in sim obs yf   280.45625895234321        280.45625764429946        280.45625333229401        280.45643086453714        280.45627777712252     
 read in sim obs yf   280.36248717681428        280.36248752647418        280.36248547209010        280.36270901528883        280.36250579412348     
 read in sim obs yf   280.31391696274778        280.31391967614945        280.31391687959632        280.31419149008485        280.31394322220581     
 read in sim obs yf   278.56610624787521        278.56612898960583        278.56610604455608        278.56669360102597        278.56615715076776     
 read in sim obs yf   278.46632716354742        278.46635689595581        278.46632716354742        278.46694146964654        278.46637107696932     
 read in sim obs yf   279.74150490173741        279.74153083326451        279.74150490173741        279.74197192383235        279.74152643091116     
 read in sim obs yf   283.03743191583249        283.03743205564820        283.03743191583249        283.03743800571846        283.03743202790224     
 read in sim obs yf   276.32621781474353        276.32622127368927        276.32621781474353        276.32668317655452        276.32622857335144     
 read in sim obs yf   277.77565736812448        277.77566284392918        277.77565342236699        277.77598852782637        277.77567012313898     
 read in sim obs yf   278.62145626929350        278.62145830824011        278.62145216320471        278.62172501854963        278.62146886538790     
 read in sim obs yf   278.97256768387814        278.97256851367160        278.97256416672741        278.97271831857432        278.97257475614418     
 read in sim obs yf   279.10259304652567        279.10259338805849        279.10259118818340        279.10271450229573        279.10259857611271     
 read in sim obs yf   278.78486854228640        278.78486873843997        278.78486850414993        278.78494735650742        278.78487002782703     
 read in sim obs yf   278.70964720487910        278.70964734004843        278.70964717945247        278.70971289941542        278.70964821377618     
 read in sim obs yf   279.28595479094821        279.28595492318158        279.28595475056846        279.28606003203225        279.28595676243992     
 read in sim obs yf   279.60296998182940        279.60297006713625        279.60296992990345        279.60310213490089        279.60297239701634     
 read in sim obs yf   279.66006010176790        279.66006015912012        279.66006005177809        279.66019778146182        279.66006226472007     
 read in sim obs yf   279.74266500127692        279.74266504039781        279.74266499170108        279.74278774642568        279.74266700775092     
 read in sim obs yf   279.97533492856400        279.97533497705922        279.97533492856400        279.97549621529640        279.97533810467377     
 read in sim obs yf   280.36141652242895        280.36141652859931        280.36141652242895        280.36157465697909        280.36142039353086     
 read in sim obs yf   280.47538813868641        280.47538824810380        280.47538813868641        280.47561379275226        280.47539533972014     
 read in sim obs yf   280.48719194535812        280.48719216928288        280.48719194535812        280.48739887440189        280.48719905195065     
 read in sim obs yf   280.42365802854766        280.42365820473606        280.42365801399416        280.42386366514177        280.42366504552075     
 read in sim obs yf   280.24222445414659        280.24222466793185        280.24222440816129        280.24240553430661        280.24222968535088     
 read in sim obs yf   280.35891023191232        280.35891032562955        280.35891023191232        280.35906202030776        280.35891491215557     
 read in sim obs yf   280.44032458497998        280.44032465552306        280.44032458497998        280.44045142430787        280.44032841681354     
 read in sim obs yf   280.37296217926956        280.37296225077029        280.37296217926956        280.37307152221177        280.37296578360645     
 read in sim obs yf   280.25807275093695        280.25807283635038        280.25807275093695        280.25817990236123        280.25807661216459     
 read in sim obs yf   280.29072337300943        280.29072347405014        280.29072337300943        280.29084129958665        280.29072868948492     
 read in sim obs yf   280.45042730073476        280.45042746690240        280.45042730073476        280.45058265884751        280.45043801510968     
 read in sim obs yf   280.59184366652215        280.59184421891297        280.59184366652215        280.59205479323026        280.59186768723737     
 read in sim obs yf   280.93342538621403        280.93342639952095        280.93342538621403        280.93385309816250        280.93347786100480     
 read in sim obs yf   281.13547409957198        281.13547534132800        281.13547409957198        281.13591600207769        281.13553380231963     
 read in sim obs yf   281.23852450599821        281.23852581319551        281.23852195094167        281.23914442255983        281.23860845991140     
 read in sim obs yf   281.51371134767800        281.51371301012989        281.51371134767800        281.51415151098439        281.51376468461194     
 read in sim obs yf   281.49199917561003        281.49200127835581        281.49199662463121        281.49244901996389        281.49205402392397     
 read in sim obs yf   281.24397720791995        281.24397839241993        281.24397314606330        281.24440450985145        281.24403740246328     
 read in sim obs yf   281.00536711375599        281.00536697970858        281.00536493202696        281.00561830922879        281.00539561527421     
 read in sim obs yf   280.75230706943887        280.75230721880882        280.75230706943887        280.75248888397346        280.75232404536240     
 read in sim obs yf   280.57972664274524        280.57972667692661        280.57972473212720        280.57993682609077        280.57975109835849     
 read in sim obs yf   280.59805528235728        280.59805562438936        280.59805403949946        280.59824638542915        280.59807614285273     
 read in sim obs yf   280.01480467638498        280.01481493381738        280.01480463045380        280.01542158397694        280.01487484928151     
 read in sim obs yf   278.60511655893714        278.60514974674533        278.60511646947543        278.60564481951070        278.60517651309732     
 read in sim obs yf   279.04992231681433        279.04994324863003        279.04992231681433        279.05041438561216        279.04996061707237     
 read in sim obs yf   279.27974088460564        279.27977366350825        279.27974067738432        279.28022682681370        279.27978113209770     
 read in sim obs yf   281.05343458668165        281.05345400163804        281.05343458668165        281.05370745647679        281.05344489167931     
 read in sim obs yf   276.08431538979710        276.08431943728789        276.08431538979710        276.08474641988431        276.08432671425669     
 read in sim obs yf   277.88107205004690        277.88107328545209        277.88107175856777        277.88124901150189        277.88107771456879     
 read in sim obs yf   278.41055445578547        278.41055980660224        278.41055445578547        278.41088471940247        278.41057332701757     
 read in sim obs yf   278.65630795115123        278.65630804427730        278.65630650197824        278.65645305250740        278.65631133241953     
 read in sim obs yf   278.85415599216083        278.85415697308878        278.85415574334729        278.85428976442836        278.85416036786665     
 read in sim obs yf   278.76433939754924        278.76434049803589        278.76433924753678        278.76446370963112        278.76434279364594     
 read in sim obs yf   278.89944637128053        278.89944677904975        278.89944630237017        278.89955818466473        278.89944897792014     
 read in sim obs yf   279.06059003858218        279.06059013520394        279.06059000237167        279.06068001054143        279.06059144325491     
 read in sim obs yf   279.13020268768446        279.13020274663251        279.13020265676619        279.13027443902445        279.13020371226145     
 read in sim obs yf   279.10076446352878        279.10076454066814        279.10076443077833        279.10085330905775        279.10076579470609     
 read in sim obs yf   279.27783023937303        279.27783030946051        279.27783022817800        279.27793041144270        279.27783177037668     
 read in sim obs yf   279.81195429421831        279.81195435637835        279.81195429421831        279.81211400661147        279.81195796484798     
 read in sim obs yf   280.11150124979633        280.11150130616693        280.11150124979633        280.11167793350756        280.11150660977501     
 read in sim obs yf   280.13316355777238        280.13316366509713        280.13316353622071        280.13337594255381        280.13316924048439     
 read in sim obs yf   280.21552447472180        280.21552458984388        280.21552445194709        280.21574051449306        280.21553134447242     
 read in sim obs yf   280.14595768290479        280.14595779772685        280.14595765999002        280.14615195422749        280.14596300112964     
 read in sim obs yf   279.94060832298243        279.94060846025513        279.94060830310929        279.94076323180343        279.94061194229670     
 read in sim obs yf   280.05370639668695        280.05370652502688        280.05370639297826        280.05385725159744        280.05370985613916     
 read in sim obs yf   280.05614110825530        280.05614121843638        280.05614110825530        280.05625559492245        280.05614359807873     
 read in sim obs yf   280.12943991198534        280.12944002270444        280.12943991198534        280.12955588160827        280.12944387298438     
 read in sim obs yf   280.18420914151767        280.18420920653477        280.18420914151767        280.18429505725533        280.18421284350569     
 read in sim obs yf   280.28343218550748        280.28343230223868        280.28343218550748        280.28358252333749        280.28343963761375     
 read in sim obs yf   280.37447722159800        280.37447741731910        280.37447722159800        280.37463520375252        280.37448778936130     
 read in sim obs yf   280.51885903382185        280.51885927695497        280.51885903382185        280.51900127588203        280.51887029090835     
 read in sim obs yf   280.72388703345143        280.72388769331411        280.72388703345143        280.72412631629140        280.72391522778003     
 read in sim obs yf   280.83911485959555        280.83911616564978        280.83911485959555        280.83954199856777        280.83916950816655     
 read in sim obs yf   280.97486499331296        280.97486600052127        280.97486254070452        280.97536261079182        280.97493001984492     
 read in sim obs yf   281.11115088656464        281.11115340908702        281.11115021800975        281.11193900938656        281.11136286637549     
 read in sim obs yf   281.21981430164726        281.21981602721962        281.21981290782526        281.22033099760665        281.21988220677531     
 read in sim obs yf   281.05779164867232        281.05779405227997        281.05779112443145        281.05840797316370        281.05788453411463     
 read in sim obs yf   281.02542481616194        281.02542475656446        281.02542377947844        281.02583445315582        281.02547501659575     
 read in sim obs yf   280.78877172575244        280.78877158343369        280.78877172575244        280.78922794866105        280.78882767908715     
 read in sim obs yf   280.73113754597887        280.73113786762877        280.73113658189692        280.73168788680118        280.73120351079024     
 read in sim obs yf   280.78043057905660        280.78043226774406        280.78043057905660        280.78087628470058        280.78042663133414     
 read in sim obs yf   279.26973777209793        279.26974823523267        279.26973777209793        279.27035421632633        279.26978988909667     
 read in sim obs yf   279.05492767811387        279.05494251324126        279.05492767744977        279.05548237258796        279.05497043832867     
 read in sim obs yf   278.98881675350447        278.98883637039478        278.98881675350447        278.98938009481333        278.98885587360712     
 read in sim obs yf   279.76498396781460        279.76500948696867        279.76498372136183        279.76538785561957        279.76502101470123     
 read in sim obs yf   279.64014668424085        279.64017919258509        279.64014668424085        279.64064283817453        279.64017339929120     
 read in sim obs yf   275.96443854241136        275.96444305359347        275.96443854241136        275.96495826530463        275.96445133677918     
 read in sim obs yf   277.41249595016529        277.41249884175528        277.41249595016529        277.41279708655486        277.41250908440202     
 read in sim obs yf   278.11698580511444        278.11698680949917        278.11698580511444        278.11716960861025        278.11699141337454     
 read in sim obs yf   278.40420550028205        278.40420577872715        278.40420444007958        278.40432635183907        278.40420821664446     
 read in sim obs yf   278.69977839624778        278.69977873474386        278.69977833902647        278.69986636147360        278.69978051219715     
 read in sim obs yf   278.47224669930222        278.47224691210465        278.47224665735996        278.47232620154659        278.47224809233512     
 read in sim obs yf   278.81090322202579        278.81090355522548        278.81090314608241        278.81102292058279        278.81090613399942     
 read in sim obs yf   278.87472845316893        278.87472857144246        278.87472840129806        278.87482453452287        278.87472995386099     
 read in sim obs yf   278.81142685845157        278.81142693545075        278.81142681495010        278.81150598913592        278.81142795342657     
 read in sim obs yf   278.89800412004166        278.89800420000404        278.89800408013923        278.89808627187813        278.89800533685042     
 read in sim obs yf   279.36401780452536        279.36401788111039        279.36401776576429        279.36412735289235        279.36401990052792     
 read in sim obs yf   279.89165372488759        279.89165381367911        279.89165367622468        279.89184866722360        279.89165987960996     
 read in sim obs yf   279.88074862139115        279.88074869264591        279.88074857160473        279.88090199811404        279.88075180704186     
 read in sim obs yf   279.83596151577905        279.83596161451248        279.83596145705746        279.83611350507482        279.83596463215270     
 read in sim obs yf   280.06144448700081        280.06144461846566        280.06144437919181        280.06165551402182        280.06145228462680     
 read in sim obs yf   279.98213143661491        279.98213155484393        279.98213140934701        279.98230055442383        279.98213607103435     
 read in sim obs yf   279.65532380824726        279.65532392353083        279.65532377933522        279.65545096327980        279.65532619119085     
 read in sim obs yf   279.74687468650251        279.74687480419516        279.74687466146918        279.74701008477132        279.74687751889900     
 read in sim obs yf   279.81333734881525        279.81333746759185        279.81333734059581        279.81346766025138        279.81334040057925     
 read in sim obs yf   279.92145050539261        279.92145062429546        279.92145050539204        279.92156557920475        279.92145423236690     
 read in sim obs yf   280.00964756746168        280.00964770199045        280.00964756746168        280.00974843779323        280.00965132760729     
 read in sim obs yf   280.11807926587312        280.11807939196439        280.11807926587312        280.11822319808624        280.11808589657608     
 read in sim obs yf   280.25017200149722        280.25017215231651        280.25017200149722        280.25030949180820        280.25017949874575     
 read in sim obs yf   280.35256700052105        280.35256753714316        280.35256700052105        280.35276772953432        280.35258280954764     
 read in sim obs yf   280.54543100906551        280.54543109325732        280.54543100906551        280.54556239625970        280.54543852741551     
 read in sim obs yf   280.67418458509695        280.67418476390446        280.67418458509695        280.67433690226846        280.67419611592823     
 read in sim obs yf   280.78977407309571        280.78977280311773        280.78977010510670        280.78995103932709        280.78980717871457     
 read in sim obs yf   280.97478779378707        280.97478745158867        280.97478449814213        280.97511056672499        280.97482033404845     
 read in sim obs yf   281.09277869255453        281.09277841943697        281.09277667279486        281.09313131668398        281.09281559880935     
 read in sim obs yf   281.12409704358299        281.12409706612971        281.12409643327226        281.12440027976203        281.12412510910752     
 read in sim obs yf   281.10490547999092        281.10490578416409        281.10490512361042        281.10517736010041        281.10494445653308     
 read in sim obs yf   280.83851586395133        280.83851607930558        280.83851558130164        280.83912860377967        280.83859703123852     
 read in sim obs yf   280.73400736853603        280.73400838068238        280.73400645246687        280.73459928757541        280.73407458541834     
 read in sim obs yf   280.17542641001398        280.17543600320658        280.17542641001398        280.17611219646852        280.17549649496442     
 read in sim obs yf   278.77327041961365        278.77330602676017        278.77327037534207        278.77385491949786        278.77333213839319     
 read in sim obs yf   279.27705166613856        279.27707723419735        279.27705158271476        279.27755585843084        279.27709812909967     
 read in sim obs yf   279.07558308901196        279.07560893184001        279.07558298249756        279.07611683555410        279.07562861584353     
 read in sim obs yf   279.15441261867238        279.15444185171026        279.15441261867238        279.15490145002730        279.15445958213996     
 read in sim obs yf   278.93684535774025        278.93687807912755        278.93684494993551        278.93745288183283        278.93688643914015     
 read in sim obs yf   275.60998388002531        275.60998968654917        275.60998424799880        275.61063047221432        275.61000589050991     
 read in sim obs yf   277.35645172849411        277.35645356394980        277.35645172849411        277.35668546590318        277.35646395768396     
 read in sim obs yf   277.89817390428493        277.89817465341605        277.89817390428493        277.89835361663864        277.89817870221179     
 read in sim obs yf   277.96699247220232        277.96699274240945        277.96699226842867        277.96708482242099        277.96699422411871     
 read in sim obs yf   278.05145008721274        278.05145031594276        278.05145004448519        278.05152330326581        278.05145131034692     
 read in sim obs yf   278.19310272503594        278.19310304713849        278.19310266909946        278.19318253233575        278.19310428020356     
 read in sim obs yf   278.68306014410837        278.68306057186561        278.68306002478062        278.68318496208707        278.68306303585928     
 read in sim obs yf   278.64232237492638        278.64232250429609        278.64232232099238        278.64240296853797        278.64232374197735     
 read in sim obs yf   278.60914326367532        278.60914337503704        278.60914320791653        278.60922454187113        278.60914458562473     
 read in sim obs yf   278.87751785303925        278.87751794401203        278.87751779499968        278.87760386815711        278.87751933290701     
 read in sim obs yf   279.48267680917132        279.48267691086488        279.48267668603432        279.48283632139987        279.48268087315063     
 read in sim obs yf   279.73855705554018        279.73855719844266        279.73855689833408        279.73877571084881        279.73856407249025     
 read in sim obs yf   279.66128112396609        279.66128121358628        279.66128103188140        279.66141164710587        279.66128396278873     
 read in sim obs yf   279.77246811724780        279.77246819967627        279.77246798837001        279.77261578306889        279.77247154621705     
 read in sim obs yf   279.89012333084975        279.89012342570010        279.89012317479757        279.89031672962710        279.89012915702693     
 read in sim obs yf   279.79005201705502        279.79005209835123        279.79005195042578        279.79019387798292        279.79005603643691     
 read in sim obs yf   279.59745366566483        279.59745376743820        279.59745358788149        279.59760159167456        279.59745726092962     
 read in sim obs yf   279.70226755187531        279.70226762570184        279.70226748748144        279.70240473651114        279.70227053623375     
 read in sim obs yf   279.74691395476538        279.74691402592833        279.74691389631653        279.74705878779571        279.74691800728124     
 read in sim obs yf   279.83021197027489        279.83021206007976        279.83021195943053        279.83035735492189        279.83021694958381     
 read in sim obs yf   279.89588392865596        279.89588404178687        279.89588392865596        279.89600736215141        279.89588980556732     
 read in sim obs yf   279.99167536985954        279.99167547094032        279.99167536985954        279.99177531036827        279.99168066367827     
 read in sim obs yf   280.15841039750666        280.15841053588503        280.15841039750666        280.15853810142386        280.15841593598373     
 read in sim obs yf   280.23120181817796        280.23120215321114        280.23120181817796        280.23136103519175        280.23121044411857     
 read in sim obs yf   280.43537127300965        280.43537156997007        280.43537127300965        280.43552103577616        280.43538214113028     
 read in sim obs yf   280.61685675924616        280.61685692319696        280.61685675924616        280.61695880217280        280.61686555398387     
 read in sim obs yf   280.76787410934213        280.76787430548586        280.76787410934213        280.76800723044767        280.76788538780318     
 read in sim obs yf   280.88707536506070        280.88707554768303        280.88707536506070        280.88721364058875        280.88708425105318     
 read in sim obs yf   281.04161994311283        281.04161913060591        281.04161595613368        281.04180401040992        281.04163258354799     
 read in sim obs yf   281.11795602010176        281.11795446394274        281.11794907025069        281.11817274181465        281.11797578014784     
 read in sim obs yf   281.21398208040222        281.21398161000724        281.21398050788201        281.21407313645898        281.21399189302838     
 read in sim obs yf   281.17490831682181        281.17490893722601        281.17490797178095        281.17507090459867        281.17493315388668     
 read in sim obs yf   280.81867142629625        280.81867458629262        280.81867142629625        280.81907787836457        280.81871863745556     
 read in sim obs yf   280.48595683136887        280.48596997408532        280.48595683136887        280.48631829238002        280.48599391916594     
 read in sim obs yf   279.98593715855247        279.98596016806783        279.98593683976014        279.98635457250157        279.98597391734972     
 read in sim obs yf   281.47913673880447        281.47914229659102        281.47913661970159        281.47924695827680        281.47914490537801     
 read in sim obs yf   280.78488670633158        280.78489803881121        280.78488659971345        280.78512157161151        280.78490521046552     
 read in sim obs yf   280.30772107849288        280.30773417668962        280.30772089032342        280.30800443291628        280.30774686278664     
 read in sim obs yf   279.84252411403008        279.84253817496227        279.84252401193373        279.84291785791208        279.84255360790553     
 read in sim obs yf   277.51183437178815        277.51184298193272        277.51183412706325        277.51209667452281        277.51185993694821     
 read in sim obs yf   276.94442730389284        276.94443817205655        276.94442730389284        276.94506853730070        276.94448033909856     
 read in sim obs yf   277.82219445192197        277.82219506944142        277.82219445192197        277.82234866688185        277.82219819162526     
 read in sim obs yf   277.33471840507826        277.33471866614809        277.33471831757322        277.33479704207519        277.33471954133506     
 read in sim obs yf   277.58887817925415        277.58887877878840        277.58887807609318        277.58896725487574        277.58887974637815     
 read in sim obs yf   278.48313077929424        278.48313137588343        278.48313065970012        278.48322460753599        278.48313426609513     
 read in sim obs yf   278.75335765550068        278.75335804980045        278.75335752375139        278.75351702682406        278.75336278513703     
 read in sim obs yf   278.32755091767694        278.32755109865468        278.32755085139081        278.32762848029870        278.32755226058168     
 read in sim obs yf   278.32301977198790        278.32301991800796        278.32301971811341        278.32308546138955        278.32302092468240     
 read in sim obs yf   278.60371322111541        278.60371337612281        278.60371314987731        278.60380483332841        278.60371500022501     
 read in sim obs yf   279.13703510246552        279.13703530054755        279.13703494928376        279.13720731898979        279.13704059802154     
 read in sim obs yf   279.26641681005947        279.26641699765952        279.26641666190261        279.26657511971985        279.26642133650302     
 read in sim obs yf   279.29740493881712        279.29740503140789        279.29740481273205        279.29751355201103        279.29740729666486     
 read in sim obs yf   279.56791018166467        279.56791024355266        279.56790998513151        279.56804259515803        279.56791330569342     
 read in sim obs yf   279.56506960404676        279.56506966153688        279.56506946443642        279.56519493429539        279.56507281175817     
 read in sim obs yf   279.49713527512824        279.49713533250656        279.49713515007511        279.49726640454418        279.49713890906571     
 read in sim obs yf   279.49040219576693        279.49040224497276        279.49040206334706        279.49053744390386        279.49040541787645     
 read in sim obs yf   279.48283854283375        279.48283858607317        279.48283839290229        279.48295989832775        279.48284225955865     
 read in sim obs yf   279.49404372473043        279.49404380102533        279.49404365329644        279.49417441151564        279.49404710836217     
 read in sim obs yf   279.56379041730634        279.56379050923948        279.56379040419432        279.56391912001538        279.56379422007274     
 read in sim obs yf   279.63028163698658        279.63028174716828        279.63028163698658        279.63040445399247        279.63028602349340     
 read in sim obs yf   279.79791035405844        279.79791048498674        279.79791035405844        279.79802112758711        279.79791536644228     
 read in sim obs yf   279.79837902975834        279.79837915386634        279.79837902975834        279.79846046310774        279.79838161461976     
 read in sim obs yf   279.91196567022860        279.91196582337443        279.91196567022860        279.91203738460666        279.91196771111709     
 read in sim obs yf   280.30400294607858        280.30400335060853        280.30400294607858        280.30415376017726        280.30401040579204     
 read in sim obs yf   280.57146266542111        280.57146272831318        280.57146266542111        280.57152726200701        280.57146594547009     
 read in sim obs yf   280.78549177007864        280.78549189954862        280.78549177007864        280.78563389701878        280.78550055195080     
 read in sim obs yf   280.84875795778095        280.84875807154401        280.84875795778095        280.84887699000649        280.84876425073367     
 read in sim obs yf   280.99573234725307        280.99573102157092        280.99572744263179        280.99586681950109        280.99574064333052     
 read in sim obs yf   281.14276377287041        281.14276121930021        281.14275343186358        281.14293739052982        281.14277934781751     
 read in sim obs yf   281.23679348267899        281.23679351212024        281.23679314150911        281.23702455975064        281.23681593584888     
 read in sim obs yf   280.99985208315479        280.99985462088949        280.99985175538274        281.00048329832219        280.99994174295983     
 read in sim obs yf   280.93177103434903        280.93177605876110        280.93177103434903        280.93222207289608        280.93182949311853     
 read in sim obs yf   280.93159395505768        280.93160567960075        280.93159395505768        280.93187248743459        280.93162502392380     
 read in sim obs yf   280.90231517013518        280.90233027438546        280.90231497957825        280.90259412975695        280.90233583363033     
 read in sim obs yf   281.56713112399467        281.56713749896750        281.56713112399467        281.56725614843782        281.56713850077500     
 read in sim obs yf   279.95780617056528        279.95783012645001        279.95780587945194        279.95820710499925        279.95784048006124     
 read in sim obs yf   280.56410349593483        280.56411041508295        280.56410342154879        280.56434278557606        280.56412280801931     
 read in sim obs yf   280.72792750280917        280.72793066466568        280.72792750280917        280.72812953167477        280.72794349094733     
 read in sim obs yf   276.42240312464736        276.42243561916047        276.42240266856589        276.42292892196974        276.42246795427508     
 read in sim obs yf   276.35369629566588        276.35371929936883        276.35369629566588        276.35438650713229        276.35376721962473     
 read in sim obs yf   277.58770268759002        277.58770260952713        277.58770053755745        277.58783988025777        277.58770625139294     
 read in sim obs yf   277.33552234424462        277.33552248718712        277.33552176959483        277.33559960589554        277.33552365509166     
 read in sim obs yf   277.92746714206476        277.92746782263231        277.92746700828968        277.92756087290473        277.92747013085653     
 read in sim obs yf   278.57536276793991        278.57536396825060        278.57536246081747        278.57556830096667        278.57537613854072     
 read in sim obs yf   278.41997057773631        278.41997094215481        278.41997044405599        278.42010346174203        278.41997482106927     
 read in sim obs yf   277.76473640681013        277.76473670627058        277.76473633864799        277.76481038073928        277.76473792991692     
 read in sim obs yf   277.79850768810911        277.79850798033499        277.79850762318733        277.79858486236026        277.79850925811411     
 read in sim obs yf   278.14080975166166        278.14080999813115        278.14080968500389        278.14089493987109        278.14081172193193     
 read in sim obs yf   278.61628922313980        278.61628951664176        278.61628911224165        278.61641811086281        278.61629390301158     
 read in sim obs yf   278.73816504701801        278.73816527514668        278.73816492513538        278.73827909187423        278.73816842118208     
 read in sim obs yf   278.68669037910018        278.68669050228124        278.68669025583819        278.68677286393796        278.68669206553369     
 read in sim obs yf   278.84044876863032        278.84044888395158        278.84044860569304        278.84053774310877        278.84045077541293     
 read in sim obs yf   278.95585274990964        278.95585283693322        278.95585258248320        278.95595210306431        278.95585485783420     
 read in sim obs yf   279.01426833348916        279.01426844124734        279.01426815865386        279.01438145001805        279.01427093792864     
 read in sim obs yf   279.05492760894055        279.05492771920234        279.05492739801321        279.05505903431998        279.05493087426714     
 read in sim obs yf   279.09960590504539        279.09960599669120        279.09960581184066        279.09972014434544        279.09960855186335     
 read in sim obs yf   279.13029783232247        279.13029793337614        279.13029779740708        279.13041527256593        279.13030054957687     
 read in sim obs yf   279.34479672491648        279.34479682206734        279.34479672301183        279.34493185078759        279.34480141101210     
 read in sim obs yf   279.50069087461998        279.50069094086831        279.50069087461998        279.50080954298932        279.50069533668511     
 read in sim obs yf   279.75154349591270        279.75154359043995        279.75154349591270        279.75167272124725        279.75154970742494     
 read in sim obs yf   279.89372949648202        279.89372964805023        279.89372949648202        279.89383211424047        279.89373385583247     
 read in sim obs yf   280.06620415829218        280.06620429569989        280.06620415756095        280.06629346968322        280.06620703905151     
 read in sim obs yf   280.33719295615117        280.33719326735718        280.33719278644452        280.33729027566488        280.33719915983795     
 read in sim obs yf   280.61462875773037        280.61462886504609        280.61462875747003        280.61473748682647        280.61463333905118     
 read in sim obs yf   280.76429588333605        280.76429600258456        280.76429588333605        280.76440271887185        280.76430227210375     
 read in sim obs yf   280.85615566474138        280.85615510495461        280.85615396913846        280.85627542182863        280.85616223535567     
 read in sim obs yf   280.98303866471622        280.98303887781117        280.98303866471622        280.98317555031969        280.98304775380399     
 read in sim obs yf   281.11590311038429        281.11590330509290        281.11590311038429        281.11607777179881        281.11591789184104     
 read in sim obs yf   281.21385406751534        281.21385425879976        281.21385406751534        281.21406078622789        281.21387055866848     
 read in sim obs yf   281.22620963733652        281.22620991079611        281.22620963733652        281.22653003139726        281.22623657196789     
 read in sim obs yf   280.94894289994158        280.94894738675458        280.94894248444353        280.94969085950191        280.94904461388637     
 read in sim obs yf   280.35991529172355        280.35993627164873        280.35991421639426        280.36084205210614        280.36002341215317     
 read in sim obs yf   280.13695918778058        280.13698282764415        280.13695918778058        280.13740712227332        280.13699648912853     
 read in sim obs yf   280.44340724035521        280.44342634876023        280.44340724035521        280.44378130134214        280.44343058447902     
 read in sim obs yf   280.24558789372605        280.24560791599254        280.24558734544570        280.24598042303592        280.24561564951227     
 read in sim obs yf   279.78843022546397        279.78844773808800        279.78843008942943        279.78886154517892        279.78846721035569     
 read in sim obs yf   280.89533110168986        280.89533807308908        280.89533110168986        280.89554050984185        280.89534867071450     
 read in sim obs yf   275.01757926219307        275.01762077658827        275.01757854794329        275.01826561119412        275.01765796301089     
 read in sim obs yf   276.04625938907378        276.04628381531154        276.04625858828086        276.04690661935132        276.04633258725971     
 read in sim obs yf   277.82820923801557        277.82820952267349        277.82820593943109        277.82847234217536        277.82823076813878     
 read in sim obs yf   277.87569541323558        277.87569532497440        277.87569370119678        277.87578489669107        277.87569892683479     
 read in sim obs yf   278.04986109766116        278.04986242638557        278.04986079781719        278.04999546168688        278.04986680833485     
 read in sim obs yf   278.17939728739623        278.17939832078588        278.17939704249767        278.17957205217220        278.17940715164815     
 read in sim obs yf   278.14380069708938        278.14380114417503        278.14380054199944        278.14393480452100        278.14380605584716     
 read in sim obs yf   277.61090721408016        277.61090754878865        277.61090713173098        277.61098656047812        277.61090900734712     
 read in sim obs yf   277.42648375673372        277.42648403216100        277.42648368738338        277.42655884077749        277.42648507905068     
 read in sim obs yf   277.82351673598021        277.82351698554265        277.82351666551688        277.82359710259931        277.82351870736568     
 read in sim obs yf   278.22405298616047        278.22405328553469        278.22405287750638        278.22417353779508        278.22405771888867     
 read in sim obs yf   278.19260277190273        278.19260297792931        278.19260265996957        278.19268385950670        278.19260661720671     
 read in sim obs yf   277.96980633174826        277.96980653536968        277.96980619187764        277.96987725033352        277.96980802588951     
 read in sim obs yf   278.06313251074340        278.06313267424110        278.06313237902378        278.06320135425540        278.06313393245614     
 read in sim obs yf   278.42145155490527        278.42145165546754        278.42145140085211        278.42151882889698        278.42145293275996     
 read in sim obs yf   278.57367550071223        278.57367558782545        278.57367541599308        278.57375889691201        278.57367709236257     
 read in sim obs yf   278.72334244332455        278.72334253078662        278.72334236820888        278.72343520313967        278.72334428314201     
 read in sim obs yf   278.97071454241569        278.97071461167076        278.97071450055023        278.97079190374188        278.97071621858368     
 read in sim obs yf   279.13821686595327        279.13821694580815        279.13821684781874        279.13831454686573        279.13821928045672     
 read in sim obs yf   279.44572979951448        279.44572984615951        279.44572979951448        279.44584119864822        279.44573371357615     
 read in sim obs yf   279.63374474138203        279.63374475196127        279.63374474138203        279.63385122133468        279.63374899746202     
 read in sim obs yf   279.84636371399836        279.84636373097635        279.84636371399836        279.84644307634767        279.84636716242017     
 read in sim obs yf   280.16407574598463        280.16407581697251        280.16407574598463        280.16418199661712        280.16408067992592     
 read in sim obs yf   280.35919009764319        280.35919021694428        280.35919007718627        280.35928615282091        280.35919488149841     
 read in sim obs yf   280.47384971408496        280.47384985749324        280.47384962807104        280.47395543995958        280.47385359534178     
 read in sim obs yf   280.63997023646164        280.63997023275419        280.63996994307655        280.64007226546221        280.63997367305933     
 read in sim obs yf   280.77539641084638        280.77539646899538        280.77539615723077        280.77551554939566        280.77540218884536     
 read in sim obs yf   280.89631383623731        280.89631137899380        280.89630711831268        280.89642542179541        280.89632056686895     
 read in sim obs yf   281.00978882350313        281.00978675905952        281.00978288061998        281.00991931275297        281.00979949608097     
 read in sim obs yf   281.12980086316952        281.12980107790469        281.12980079087254        281.12994960665407        281.12981320062738     
 read in sim obs yf   281.17132025524108        281.17131979944077        281.17131782719355        281.17146447673008        281.17133093676460     
 read in sim obs yf   281.20372158292423        281.20372189213390        281.20372158292423        281.20388656964661        281.20373525607425     
 read in sim obs yf   281.24632314793394        281.24632289945890        281.24632069970323        281.24661947108046        281.24634819365752     
 read in sim obs yf   280.98890237295495        280.98890664096052        280.98890155169840        280.98951863156378        280.98897269057363     
 read in sim obs yf   279.95426589530393        279.95428739659337        279.95426589530393        279.95474360770646        279.95431646092891     
 read in sim obs yf   279.81444892300505        279.81447410235762        279.81444819170468        279.81495507639829        279.81449047380346     
 read in sim obs yf   280.15713096815949        280.15714855051232        280.15713067396808        280.15757940047433        280.15716419226959     
 read in sim obs yf   279.16918576640251        279.16921517983070        279.16918550014753        279.16976074834378        279.16924284302382     
 read in sim obs yf   279.54279327341516        279.54281608645982        279.54279315308708        279.54332882203857        279.54284021401759     
 read in sim obs yf   274.22147153695272        274.22147932583403        274.22147291876172        274.22180463115211        274.22149586429242     
 read in sim obs yf   276.09425136901410        276.09425645718392        276.09424943412785        276.09475523074758        276.09429400519406     
 read in sim obs yf   277.72477181342310        277.72477186207647        277.72476793067779        277.72502678458011        277.72479593671801     
 read in sim obs yf   277.61201817564574        277.61201814088452        277.61201572997095        277.61213624370055        277.61202293190843     
 read in sim obs yf   277.50768381511477        277.50768434191775        277.50768367507027        277.50778883138520        277.50768688525932     
 read in sim obs yf   277.60704991080644        277.60705052531188        277.60704977593639        277.60717442879013        277.60705452742604     
 read in sim obs yf   277.77919355327748        277.77919399926907        277.77919340796194        277.77930140493930        277.77919727246638     
 read in sim obs yf   277.51362362126417        277.51362394858950        277.51362351237128        277.51369723876473        277.51362565549465     
 read in sim obs yf   277.42281106877368        277.42281140159486        277.42281096630859        277.42289192344242        277.42281345374209     
 read in sim obs yf   277.53560362593606        277.53560392051162        277.53560352673395        277.53569902119011        277.53560685392029     
 read in sim obs yf   277.63308419810409        277.63308441951108        277.63308409825174        277.63316622367176        277.63308495334002     
 read in sim obs yf   277.50931958047477        277.50931981660062        277.50931951174755        277.50939082340159        277.50932177506604     
 read in sim obs yf   277.37924633806352        277.37924658187177        277.37924626520504        277.37931534135299        277.37924790664806     
 read in sim obs yf   277.75216658611964        277.75216683384059        277.75216644765538        277.75223733373520        277.75216796229370     
 read in sim obs yf   278.23903384686150        278.23903394401009        278.23903372753750        278.23909450307781        278.23903524038894     
 read in sim obs yf   278.52691752022491        278.52691759621382        278.52691745592728        278.52699226312086        278.52691917477887     
 read in sim obs yf   278.76346496561371        278.76346502592173        278.76346490617908        278.76355291847977        278.76346671196956     
 read in sim obs yf   279.04074447243437        279.04074453106392        279.04074442619560        279.04082525649443        279.04074627593337     
 read in sim obs yf   279.18281782128867        279.18281788133044        279.18281778233506        279.18290332940825        279.18282003390135     
 read in sim obs yf   279.31490138418940        279.31490142748061        279.31490138256652        279.31499116932906        279.31490392182485     
 read in sim obs yf   279.45622155289868        279.45622157340335        279.45622155289868        279.45631252206982        279.45622471282002     
 read in sim obs yf   279.74173703725364        279.74173708147737        279.74173703677360        279.74182787634669        279.74174018558625     
 read in sim obs yf   280.00066528966880        280.00066536968239        280.00066527765756        280.00075113845384        280.00066856688312     
 read in sim obs yf   280.22349430772880        280.22349438929422        280.22349426798087        280.22360223980240        280.22349914364236     
 read in sim obs yf   280.28682753705516        280.28682759579578        280.28682745210654        280.28693959253610        280.28683071728238     
 read in sim obs yf   280.45612100018127        280.45612071764054        280.45611993071634        280.45623902166119        280.45612558293755     
 read in sim obs yf   280.69053992898552        280.69053861152878        280.69053605219477        280.69065166527423        280.69054642691316     
 read in sim obs yf   280.85703304342252        280.85703106236411        280.85702712652284        280.85716774983524        280.85704195909699     
 read in sim obs yf   281.01318962196876        281.01318756408153        281.01318389109986        281.01330890637769        281.01319616291886     
 read in sim obs yf   281.10129398162161        281.10128983267066        281.10128185170618        281.10143222439388        281.10130484223356     
 read in sim obs yf   281.12545682534153        281.12545285296335        281.12544471557652        281.12557874024429        281.12546553791634     
 read in sim obs yf   281.12050640198765        281.12050318176364        281.12049571032594        281.12062400579333        281.12051508549706     
 read in sim obs yf   281.21367554321296        281.21367447249963        281.21366962688370        281.21381529338322        281.21368375684534     
 read in sim obs yf   281.21051919834366        281.21052000437010        281.21051860979082        281.21084496619159        281.21054948786571     
 read in sim obs yf   280.95378344123941        280.95379175321244        280.95378344123941        280.95427192725782        280.95384612263109     
 read in sim obs yf   279.64390598867953        279.64392930751285        279.64390598867953        279.64453769356464        279.64397556621356     
 read in sim obs yf   279.18528844702939        279.18531650471840        279.18528814270974        279.18594623754899        279.18535528788829     
 read in sim obs yf   278.79579569323982        278.79582869717495        278.79579527843583        278.79650096078427        278.79586892982729     
 read in sim obs yf   279.60486203467963        279.60488074952906        279.60486169075648        279.60553629206845        279.60491096636679     
 read in sim obs yf   274.28534121768286        274.28534779615416        274.28534660012986        274.28573608783029        274.28537458025289     
 read in sim obs yf   275.51989359210063        275.51989836169969        275.51988913316154        275.52051912925714        275.51995249267839     
 read in sim obs yf   277.02424928389485        277.02425076475254        277.02424399928282        277.02454036105502        277.02427450253742     
 read in sim obs yf   276.99010959108375        276.99010904729016        276.99010620614200        276.99021981371601        276.99011268240736     
 read in sim obs yf   276.78896938450129        276.78896987056584        276.78896922546966        276.78905722844632        276.78897178587471     
 read in sim obs yf   276.99088258866607        276.99088300670672        276.99088249875570        276.99096996869577        276.99088507857022     
 read in sim obs yf   277.20446025449399        277.20446079731505        277.20446004303176        277.20457076368069        277.20446406253188     
 read in sim obs yf   277.14848970991409        277.14849023257699        277.14848944623066        277.14860579387488        277.14849418213646     
 read in sim obs yf   277.30395767478285        277.30395802160581        277.30395750272868        277.30407514999763        277.30396251699813     
 read in sim obs yf   276.98324238185512        276.98324254403076        276.98324230869110        276.98331368230043        276.98324424723779     
 read in sim obs yf   276.84244307266181        276.84244324830001        276.84244302225727        276.84250149371076        276.84244461261972     
 read in sim obs yf   277.10218078869639        277.10218096658559        277.10218070367523        277.10224835120141        277.10218267422579     
 read in sim obs yf   277.28846338743239        277.28846358969594        277.28846332726243        277.28853355468272        277.28846501409384     
 read in sim obs yf   277.68478603769915        277.68478619869137        277.68478597557237        277.68485143297931        277.68478736406189     
 read in sim obs yf   277.97917584286830        277.97917596078622        277.97917578959112        277.97924320664475        277.97917714065562     
 read in sim obs yf   278.38992438358821        278.38992445071261        278.38992434216686        278.38999263336603        278.38992580299373     
 read in sim obs yf   278.77136225340149        278.77136230870013        278.77136220272587        278.77144757837914        278.77136456853708     
 read in sim obs yf   278.96416938871232        278.96416943205185        278.96416931880526        278.96426065322339        278.96417164840597     
 read in sim obs yf   279.13280848123281        279.13280853082853        279.13280844042009        279.13291667043933        279.13281131191741     
 read in sim obs yf   279.10841783046482        279.10841787251610        279.10841781940815        279.10852385520440        279.10842098203807     
 read in sim obs yf   279.00160022273116        279.00160025946661        279.00160021692483        279.00168842926786        279.00160224975320     
 read in sim obs yf   279.37033834483879        279.37033838995461        279.37033833206937        279.37041957688967        279.37034056163731     
 read in sim obs yf   279.76793779456278        279.76793785616786        279.76793777259064        279.76802278366790        279.76794065103900     
 read in sim obs yf   279.88971401546263        279.88971407747709        279.88971396138135        279.88982004308951        279.88971903683301     
 read in sim obs yf   280.06629796054477        280.06629802616254        280.06629785181008        280.06640848683821        280.06630370124935     
 read in sim obs yf   280.31664136686476        280.31664034001500        280.31663859075854        280.31675734513118        280.31664706316297     
 read in sim obs yf   280.62299224641754        280.62299081769197        280.62298842495181        280.62310812768578        280.62300247820809     
 read in sim obs yf   280.79583441306005        280.79583289503677        280.79583044504926        280.79596507688660        280.79584459126283     
 read in sim obs yf   280.95231743878833        280.95231558387144        280.95231250165926        280.95246855602841        280.95232975924512     
 read in sim obs yf   281.07645012736396        281.07644808694209        281.07644444993116        281.07660712733644        281.07646161717258     
 read in sim obs yf   281.09859945962626        281.09859751707523        281.09859350273115        281.09874098315038        281.09860877171275     
 read in sim obs yf   281.09488812494760        281.09488831042569        281.09488812494760        281.09501668157475        281.09489483553716     
 read in sim obs yf   281.13568184132072        281.13568217956112        281.13568184132072        281.13581685210772        281.13568896337728     
 read in sim obs yf   281.18359459242873        281.18359507910372        281.18359401905479        281.18391582575543        281.18362646662604     
 read in sim obs yf   281.07207997571538        281.07208332921130        281.07207997571538        281.07256481638785        281.07213595906347     
 read in sim obs yf   279.92569498104126        279.92571104114336        279.92569498104126        279.92629790774220        279.92575711863969     
 read in sim obs yf   279.28466508511599        279.28468892615257        279.28466471588251        279.28534191218114        279.28473180256526     
 read in sim obs yf   279.24191494042708        279.24193961426374        279.24191460831918        279.24263523841080        279.24198715155705     
 read in sim obs yf   279.53325225084427        279.53327161814946        279.53325203411060        279.53394552866553        279.53330932379509     
 read in sim obs yf   274.69532913558771        274.69533343902629        274.69533278172366        274.69571812092352        274.69537635964861     
 read in sim obs yf   275.48227013274078        275.48227419221001        275.48226711941720        275.48296243942849        275.48235739202994     
 read in sim obs yf   276.19948274764192        276.19948375776556        276.19947897717492        276.19976959761919        276.19950123327590     
 read in sim obs yf   276.35477244648860        276.35477208271811        276.35476920352829        276.35490345563028        276.35477708173624     
 read in sim obs yf   276.17994798915930        276.17994805230398        276.17994665559365        276.18003378087332        276.17995024524618     
 read in sim obs yf   276.50883186418508        276.50883220732305        276.50883161444068        276.50891310402318        276.50883462695271     
 read in sim obs yf   276.98883757736991        276.98883798486020        276.98883701454503        276.98898093630538        276.98884520386355     
 read in sim obs yf   276.80223584840007        276.80223621986175        276.80223548914717        276.80235513718901        276.80224066273257     
 read in sim obs yf   276.73604885129970        276.73604904095862        276.73604873897250        276.73612824944712        276.73605145790197     
 read in sim obs yf   276.42727507256632        276.42727525026237        276.42727499987308        276.42734787269933        276.42727670622497     
 read in sim obs yf   276.52742146402773        276.52742166579537        276.52742138713506        276.52748851536381        276.52742335309944     
 read in sim obs yf   277.03538485573074        277.03538501574769        277.03538476182882        277.03545356457153        277.03538726138413     
 read in sim obs yf   277.20021198348246        277.20021215563037        277.20021191887207        277.20027532743313        277.20021395090447     
 read in sim obs yf   277.50644651939245        277.50644667955351        277.50644645088857        277.50650969471570        277.50644834120158     
 read in sim obs yf   277.66036516950845        277.66036533678772        277.66036510162684        277.66043764733149        277.66036684559276     
 read in sim obs yf   277.95679179036142        277.95679189989079        277.95679174130095        277.95686610189858        277.95679328935472     
 read in sim obs yf   278.37290196047542        278.37290205194694        278.37290191340333        278.37298827482454        278.37290402365073     
 read in sim obs yf   278.57987965352112        278.57987971169234        278.57987960737313        278.57998939186194        278.57988211137035     
 read in sim obs yf   278.90009330151338        278.90009331334056        278.90009324241441        278.90020382860899        278.90009636681805     
 read in sim obs yf   279.23244106837984        279.23244102747014        279.23244101171383        279.23260409513085        279.23244889139119     
 read in sim obs yf   279.08523601360008        279.08523602818894        279.08523598379747        279.08533495164136        279.08523882162882     
 read in sim obs yf   279.43524356223571        279.43524340262172        279.43524311550698        279.43538515807069        279.43525042225275     
 read in sim obs yf   279.87731450675574        279.87731391071924        279.87731383159820        279.87752094361849        279.87732920641332     
 read in sim obs yf   279.85041563516864        279.85041510066208        279.85041518422400        279.85060108336074        279.85043278766085     
 read in sim obs yf   280.13164721335033        280.13164600148707        280.13164688410359        280.13187761472386        280.13167127255764     
 read in sim obs yf   280.28511538674002        280.28511381221847        280.28511189031258        280.28528502151096        280.28512962953442     
 read in sim obs yf   280.43986746808866        280.43986569509923        280.43986301435899        280.43999334037687        280.43987647266414     
 read in sim obs yf   280.65040920291824        280.65040779382582        280.65040570413095        280.65052852889261        280.65041841968105     
 read in sim obs yf   280.88756423771832        280.88756314285945        280.88756170051812        280.88769796646767        280.88757457401692     
 read in sim obs yf   281.02778622319130        281.02778493706211        281.02778338891244        281.02796427684484        281.02780179831973     
 read in sim obs yf   281.07279932049647        281.07279880458566        281.07279787951956        281.07298291279443        281.07281477128959     
 read in sim obs yf   281.11765924937527        281.11765933544217        281.11765924937527        281.11783567800967        281.11767143160733     
 read in sim obs yf   281.08270825664147        281.08270724576681        281.08270364568943        281.08295991129000        281.08272899214847     
 read in sim obs yf   280.88487987321923        280.88488185730580        280.88487957894733        280.88550408785022        280.88496763417425     
 read in sim obs yf   280.47450232263338        280.47451324584091        280.47450232263338        280.47525378602165        280.47459580601276     
 read in sim obs yf   280.03758143373710        280.03759318947795        280.03758143373710        280.03817161752528        280.03762906109216     
 read in sim obs yf   279.99163095806495        279.99164138751524        279.99163083478413        279.99233603377547        279.99168122766832     
 read in sim obs yf   279.80147367972569        279.80148702595994        279.80147351065261        279.80222708352920        279.80153745530674     
 read in sim obs yf   279.03689439750218        279.03691827896517        279.03689417587566        279.03759714046794        279.03696235701102     
 read in sim obs yf   274.56123333952337        274.56123815770559        274.56123813066466        274.56174764922332        274.56128303174916     
 read in sim obs yf   274.78919014017271        274.78919630331177        274.78918982079074        274.79000940579755        274.78928266272652     
 read in sim obs yf   275.01702658916389        275.01702768944710        275.01702262528187        275.01733244197533        275.01703800641798     
 read in sim obs yf   275.51099362728269        275.51099543108023        275.51099084881611        275.51133579024395        275.51101962495613     
 read in sim obs yf   275.94654193929972        275.94654122777490        275.94653811400082        275.94668036511962        275.94654686962571     
 read in sim obs yf   276.24854043974210        276.24853950827611        276.24853642095854        276.24866612561283        276.24854505401572     
 read in sim obs yf   276.80939044470119        276.80938981916682        276.80938739653288        276.80951228038839        276.80939802138317     
 read in sim obs yf   276.55510871642878        276.55510817351609        276.55510610730056        276.55522119663874        276.55511412466677     
 read in sim obs yf   276.28490508900813        276.28490474276816        276.28490348237153        276.28499358354696        276.28490908011656     
 read in sim obs yf   276.27403807260850        276.27403776996550        276.27403667300229        276.27412249984826        276.27404143158674     
 read in sim obs yf   276.33499133277178        276.33499103101076        276.33498999151129        276.33506521915530        276.33499370482633     
 read in sim obs yf   276.49172582617888        276.49172578289534        276.49172502361802        276.49179449727524        276.49172810083451     
 read in sim obs yf   276.67973585088242        276.67973578121826        276.67973499912051        276.67980402029247        276.67973759878379     
 read in sim obs yf   277.31497247394384        277.31497246385999        277.31497196967456        277.31502735889666        277.31497500118081     
 read in sim obs yf   277.60029840877610        277.60029851308974        277.60029809884776        277.60039110348515        277.60030122385945     
 read in sim obs yf   277.56113287872415        277.56113300080261        277.56113275669134        277.56121513834148        277.56113478232493     
 read in sim obs yf   277.82444797584367        277.82444806448160        277.82444788489568        277.82452037846656        277.82444948464428     
 read in sim obs yf   278.22680891363837        278.22680896787989        278.22680867943086        278.22692359354784        278.22681198669397     
 read in sim obs yf   278.68780464684056        278.68780451511606        278.68780417718312        278.68799597808800        278.68781191237929     
 read in sim obs yf   279.16666389699174        279.16666321411498        279.16666276696196        279.16696274542585        279.16668587126708     
 read in sim obs yf   279.18583458802283        279.18583386285098        279.18583294028900        279.18601511129538        279.18584269013098     
 read in sim obs yf   279.57734321526283        279.57734276700461        279.57734267800060        279.57751759564854        279.57735486383467     
 read in sim obs yf   279.58576851271869        279.58576697038347        279.58576833026507        279.58605419304109        279.58579869810222     
 read in sim obs yf   279.75338397193440        279.75337937430163        279.75338396230643        279.75387229449507        279.75344975108499     
 read in sim obs yf   279.75569457752079        279.75568871963020        279.75569446281310        279.75629607921741        279.75577453082462     
 read in sim obs yf   280.18316560621145        280.18316413859287        280.18316301810506        280.18336555275448        280.18318368771452     
 read in sim obs yf   280.23550612312641        280.23550486312814        280.23550312018585        280.23563165741825        280.23551481744795     
 read in sim obs yf   280.49559747477548        280.49559613541447        280.49559426473814        280.49574101215705        280.49560817430893     
 read in sim obs yf   280.71909819615524        280.71909737682012        280.71909642346873        280.71921327225851        280.71910806269841     
 read in sim obs yf   280.86250403530426        280.86250291877712        280.86250202159982        280.86273686308289        280.86252538291296     
 read in sim obs yf   280.77259617654323        280.77259540398006        280.77259600187938        280.77300468698257        280.77264578346916     
 read in sim obs yf   280.77141390940045        280.77141389877801        280.77141390940045        280.77180490578189        280.77146045134680     
 read in sim obs yf   280.70687451849938        280.70687529872356        280.70687433998415        280.70735682768390        280.70692400261106     
 read in sim obs yf   279.71918694629596        279.71919925422060        279.71918661166262        279.72000009206107        279.71927843748210     
 read in sim obs yf   279.72223698783006        279.72224962340135        279.72223698783006        279.72286492931289        279.72223149885906     
 read in sim obs yf   278.88130701521817        278.88133185351825        278.88130672773462        278.88199634480304        278.88137828882543     
 read in sim obs yf   279.09548926580982        279.09551046336730        279.09548904703553        279.09621400820703        279.09555802599419     
 read in sim obs yf   279.34894045646382        279.34895428421476        279.34894029766650        279.34950204827999        279.34899148839196     
 read in sim obs yf   279.93864912336721        279.93866500989452        279.93864887193126        279.93919638385751        279.93869481923491     
 read in sim obs yf   273.50738120505099        273.50739043200792        273.50739823368355        273.50791630897692        273.50742695022700     
 read in sim obs yf   274.57545622397606        274.57546109585707        274.57545919933381        274.57603799463664        274.57550262603178     
 read in sim obs yf   275.21346694864746        275.21346818590263        275.21346171835904        275.21392873521961        275.21348969532465     
 read in sim obs yf   274.80006063246094        274.80006124658519        274.80005854353163        274.80039025285538        274.80006805755085     
 read in sim obs yf   275.71434915482024        275.71434876568941        275.71434490085545        275.71459968425694        275.71436341025770     
 read in sim obs yf   276.21270578083693        276.21270448511871        276.21270059947642        276.21290654466998        276.21271947922492     
 read in sim obs yf   276.45760334491001        276.45760205201634        276.45759846615999        276.45789503437095        276.45762169801708     
 read in sim obs yf   276.28494857215071        276.28494755101070        276.28494454827148        276.28512286502871        276.28496018574447     
 read in sim obs yf   275.88843736827448        275.88843644376772        275.88843386261982        275.88855246413459        275.88844194328158     
 read in sim obs yf   276.08384590547547        276.08384457068058        276.08384144806638        276.08397672693758        276.08385120499560     
 read in sim obs yf   276.07306974455378        276.07306854424155        276.07306564230646        276.07318215450869        276.07307434648465     
 read in sim obs yf   276.22096415762354        276.22096327541738        276.22096093874143        276.22105278493416        276.22096827229763     
 read in sim obs yf   276.69518831926291        276.69518699218725        276.69518380404679        276.69529467986706        276.69519331930030     
 read in sim obs yf   277.17496886787916        277.17496786878399        277.17496543827747        277.17505488268256        277.17497363108538     
 read in sim obs yf   277.32646278063731        277.32646169902455        277.32645980922666        277.32657764032450        277.32646742762108     
 read in sim obs yf   277.24623552991943        277.24623507398570        277.24623414096959        277.24636985226215        277.24623913004154     
 read in sim obs yf   277.67271829197875        277.67271741262010        277.67271572919202        277.67285317813946        277.67272269527064     
 read in sim obs yf   278.34693637461601        278.34693542389391        278.34693344371760        278.34714920219125        278.34694951337684     
 read in sim obs yf   278.67397259814788        278.67397180505225        278.67397058099391        278.67424304415823        278.67399164905629     
 read in sim obs yf   278.88830675502675        278.88830633129305        278.88830621367907        278.88860256658114        278.88832789080971     
 read in sim obs yf   279.01633376040246        279.01633319963997        279.01633287618154        279.01655764287432        279.01634612956099     
 read in sim obs yf   279.34574504365156        279.34574441648783        279.34574503198394        279.34605067317221        279.34576642169134     
 read in sim obs yf   278.76618666761152        278.76618675932508        278.76618666761152        278.76645801390941        278.76621592989000     
 read in sim obs yf   279.48756370287077        279.48756309357663        279.48756369950712        279.48786545526593        279.48758732728732     
 read in sim obs yf   279.49846208015123        279.49846148217614        279.49846204165931        279.49878720650037        279.49849593309085     
 read in sim obs yf   279.81534495605518        279.81534473776571        279.81534425878414        279.81565984790575        279.81537640387211     
 read in sim obs yf   280.08894356244252        280.08894309156932        280.08894181007935        280.08925339959660        280.08897557137777     
 read in sim obs yf   280.32696892471500        280.32696832453792        280.32696692714069        280.32729689354926        280.32700216658191     
 read in sim obs yf   280.28237531401533        280.28237605290099        280.28237409890681        280.28283486073178        280.28242670521217     
 read in sim obs yf   280.46861959041860        280.46862039830364        280.46861932414578        280.46896429615890        280.46865188810256     
 read in sim obs yf   280.42956705350258        280.42956792542060        280.42956677794575        280.43000884530858        280.42961923187011     
 read in sim obs yf   279.55776305897155        279.55777097472742        279.55776267338234        279.55837649592769        279.55783649517872     
 read in sim obs yf   278.47830821610881        278.47832885204764        278.47830773382600        278.47905151275739        278.47839336541341     
 read in sim obs yf   278.43900660026179        278.43902935427343        278.43900656330356        278.43962305085211        278.43907333068381     
 read in sim obs yf   279.09354086586222        279.09355018667327        279.09354082564323        279.09434381618303        279.09362988349505     
 read in sim obs yf   277.92231432650618        277.92235093748593        277.92231406625137        277.92301215830406        277.92239403768582     
 read in sim obs yf   279.26326504361668        279.26327902301693        279.26326484722784        279.26396497390471        279.26326333965170     
 read in sim obs yf   279.79689091912991        279.79689865964565        279.79689051126047        279.79770846924760        279.79694677850125     
 read in sim obs yf   279.99113041973510        279.99114630516669        279.99112993232808        279.99162845327277        279.99116286319054     
 read in sim obs yf   273.25030296627756        273.25031342178573        273.25032379381980        273.25082451197727        273.25034284803149     
 read in sim obs yf   274.00066009018610        274.00066621685824        274.00066792089660        274.00125982766048        274.00070143207682     
 read in sim obs yf   274.10379598932201        274.10380056333025        274.10380446723184        274.10418694985657        274.10382043141516     
 read in sim obs yf   274.10747493593146        274.10747931944559        274.10748344163147        274.10772380845748        274.10748603397292     
 read in sim obs yf   275.17110137704952        275.17110217050487        275.17110105723083        275.17135752490680        275.17111311673563     
 read in sim obs yf   275.19403951358817        275.19404159814275        275.19403861038887        275.19463702352022        275.19409958278209     
 read in sim obs yf   275.01715024769203        275.01715265453333        275.01715007867949        275.01777556691457        275.01721786504748     
 read in sim obs yf   274.86432803867052        274.86432856771722        274.86432383671405        274.86478237551501        274.86434347646008     
 read in sim obs yf   275.10126952527344        275.10126868318434        275.10126522112751        275.10143720309759        275.10127557428120     
 read in sim obs yf   275.66287009327510        275.66286899528944        275.66286600047130        275.66300415369642        275.66287623117023     
 read in sim obs yf   275.87686729320166        275.87686691601738        275.87686431335078        275.87709666400025        275.87688612836121     
 read in sim obs yf   276.21792825929788        276.21792705981056        276.21792360729899        276.21810556530374        276.21793985819670     
 read in sim obs yf   276.34278420857783        276.34278337130655        276.34277929875725        276.34307352995847        276.34280651721798     
 read in sim obs yf   276.45090472581137        276.45090443694590        276.45090168136585        276.45114166491760        276.45092545953520     
 read in sim obs yf   276.82926642672498        276.82926526197042        276.82926305363122        276.82941339261208        276.82927538365510     
 read in sim obs yf   277.35581629160373        277.35581527346829        277.35581318876581        277.35593442933708        277.35582366338627     
 read in sim obs yf   277.75772268605942        277.75772233141271        277.75772131514060        277.75781135524733        277.75772974864327     
 read in sim obs yf   277.86504448976302        277.86504457790198        277.86504393887645        277.86517573823636        277.86505908878473     
 read in sim obs yf   277.73051104913765        277.73051369709526        277.73051092808731        277.73096298270525        277.73056279510087     
 read in sim obs yf   278.29759016706953        278.29759054611969        278.29759005327145        278.29793282111336        278.29762184904490     
 read in sim obs yf   278.49547460231236        278.49547412702748        278.49547457386370        278.49578776787985        278.49550434945257     
 read in sim obs yf   278.69522861658152        278.69522808000056        278.69522861658152        278.69553882941665        278.69526294864346     
 read in sim obs yf   277.36931425534442        277.36931672062224        277.36931425534442        277.37013846301284        277.36944121129056     
 read in sim obs yf   277.84036683334796        277.84036807510256        277.84036676205392        277.84129822492753        277.84052085986923     
 read in sim obs yf   279.03972799362577        279.03972780036651        279.03972789490780        279.04018595735806        279.03978297759909     
 read in sim obs yf   279.37109847447817        279.37110010627362        279.37109822187733        279.37161106001167        279.37110164650301     
 read in sim obs yf   278.72927497999984        278.72928642915622        278.72927444297909        278.72996768773936        278.72935722919198     
 read in sim obs yf   278.87996298470119        278.87997254598235        278.87996252336109        278.88065803201147        278.88003198258980     
 read in sim obs yf   279.28829620242391        279.28830133096659        279.28829571711464        279.28905815171811        279.28836512167624     
 read in sim obs yf   279.76969323488396        279.76969838661341        279.76969293477566        279.77012342972557        279.76973304483658     
 read in sim obs yf   279.19520120928456        279.19521266011640        279.19520076556967        279.19566929469306        279.19525081901372     
 read in sim obs yf   277.89547870860093        277.89550757735532        277.89547828509893        277.89616799244357        277.89555937822541     
 read in sim obs yf   278.09304000981155        278.09306670341306        278.09303964141179        278.09367418692676        278.09311237362181     
 read in sim obs yf   277.98645837425016        277.98648577242159        277.98645805121726        277.98708952515381        277.98652630676321     
 read in sim obs yf   278.64776135824104        278.64777518900388        278.64776115946648        278.64831572137683        278.64781196959257     
 read in sim obs yf   278.86099209635449        278.86101353515676        278.86099180874089        278.86172601498436        278.86106354046836     
 read in sim obs yf   280.32491408347562        280.32491966317662        280.32491395661378        280.32545312292950        280.32494163627399     
 read in sim obs yf   280.30324013506652        280.30325254051581        280.30324013506652        280.30364342443045        280.30326717152394     
 read in sim obs yf   281.23470839256868        281.23471954648517        281.23470839256868        281.23515891675441        281.23473378411370     
 read in sim obs yf   273.31329360168610        273.31330182869743        273.31330999403269        273.31380745172009        273.31332875729356     
 read in sim obs yf   273.19156724378200        273.19158076481875        273.19159352722841        273.19205382556777        273.19160363300182     
 read in sim obs yf   274.25751322395718        274.25751632796090        274.25751537879580        274.25800118918249        274.25754929413648     
 read in sim obs yf   274.31926910066932        274.31927115803450        274.31927091475160        274.31961042596919        274.31928586895680     
 read in sim obs yf   273.85877601381281        273.85878139035225        273.85878717542721        273.85918343534991        273.85879702473119     
 read in sim obs yf   274.16785080136731        274.16785462718701        274.16785012878438        274.16861330621106        274.16791945957550     
 read in sim obs yf   274.26816324043995        274.26816717403949        274.26816339837580        274.26900316493436        274.26824459265856     
 read in sim obs yf   274.50681819635872        274.50682168425328        274.50681959177501        274.50760222707856        274.50691000586249     
 read in sim obs yf   275.25206739353939        275.25206796722773        275.25206733771239        275.25235309342474        275.25208433924553     
 read in sim obs yf   275.04674231475713        275.04674305613798        275.04674331243882        275.04700847523509        275.04675369452013     
 read in sim obs yf   275.27891985253802        275.27892108924624        275.27892127298270        275.27916328879616        275.27893295607424     
 read in sim obs yf   275.55239838469032        275.55239921009542        275.55239869957137        275.55262655244417        275.55241339945047     
 read in sim obs yf   275.60530355107852        275.60530461010904        275.60530381396222        275.60557927128275        275.60532631976128     
 read in sim obs yf   275.78866064902473        275.78866183527447        275.78866041570018        275.78902188341783        275.78869397677465     
 read in sim obs yf   276.22768072728945        276.22768235526053        276.22768045846368        276.22817002057178        276.22771185894413     
 read in sim obs yf   276.75067693952332        276.75067873136857        276.75067683837949        276.75106879958872        276.75072425219258     
 read in sim obs yf   276.95180518769575        276.95180674509407        276.95180506902852        276.95225608314820        276.95185198863885     
 read in sim obs yf   276.87411599987576        276.87411898295937        276.87411578117877        276.87484209025774        276.87421444152591     
 read in sim obs yf   276.47969694762708        276.47970067645582        276.47969691543483        276.48009208174187        276.47973452822839     
 read in sim obs yf   276.46871900071011        276.46872003023657        276.46871901482228        276.46920863055078        276.46876340848155     
 read in sim obs yf   276.94852203138180        276.94852307376499        276.94852206920478        276.94940122720243        276.94865592134227     
 read in sim obs yf   277.47529606529179        277.47529693627530        277.47529605837286        277.47614783411188        277.47542930259976     
 read in sim obs yf   277.08200147841211        277.08200439653928        277.08200148835630        277.08265651627016        277.08210290045804     
 read in sim obs yf   277.59966107353046        277.59966160112469        277.59966103690425        277.60009992731216        277.59969996157156     
 read in sim obs yf   277.98490960906815        277.98491085414179        277.98490946489915        277.98567492847855        277.98497486110597     
 read in sim obs yf   278.33642930521000        278.33643373344370        278.33642905750895        278.33711974194290        278.33648898894177     
 read in sim obs yf   278.66712145594795        278.66713397981505        278.66712115696873        278.66758749988355        278.66717160416783     
 read in sim obs yf   279.60317256638410        279.60317915979135        279.60317241192342        279.60342748683286        279.60319910741526     
 read in sim obs yf   278.62395033037916        278.62395615621620        278.62395006858623        278.62446500285023        278.62399390463628     
 read in sim obs yf   278.73456711465860        278.73457770333516        278.73456673438034        278.73510829446269        278.73461621534858     
 read in sim obs yf   279.34717676787233        279.34718837048655        279.34717645194303        279.34756881557342        279.34721815406857     
 read in sim obs yf   278.26659256881481        278.26661678669467        278.26659199449750        278.26739625738912        278.26669678402368     
 read in sim obs yf   278.76331345972136        278.76333038521494        278.76331273605786        278.76410467999136        278.76340391504482     
 read in sim obs yf   278.93262788546446        278.93264141332486        278.93262720941834        278.93330555220518        278.93269478226273     
 read in sim obs yf   278.89316851026695        278.89318953869889        278.89316784595650        278.89387536933964        278.89323103328525     
 read in sim obs yf   279.05447235688644        279.05449873660712        279.05447173536442        279.05503248898958        279.05452471969681     
 read in sim obs yf   281.39744632999202        281.39745903406254        281.39744632999202        281.39778680102251        281.39747398028828     
 read in sim obs yf   283.11979045161326        283.11979064179968        283.11979045161326        283.11984404008422        283.11979214296207     
 read in sim obs yf   283.35343420535690        283.35343425932058        283.35343420535690        283.35348106457099        283.35343518999395     
 read in sim obs yf   272.54185766197560        272.54187604294850        272.54191363061148        272.54217374579957        272.54187427009288     
 read in sim obs yf   272.54047852287886        272.54049730923265        272.54052844137357        272.54078331044622        272.54049224505542     
 read in sim obs yf   273.47426018984942        273.47426668917637        273.47427664609677        273.47460244330881        273.47427616441155     
 read in sim obs yf   273.10822893555383        273.10824130031756        273.10825730977859        273.10867558242973        273.10825660847621     
 read in sim obs yf   273.11297644541753        273.11298689909410        273.11300199366946        273.11343222462301        273.11300157156143     
 read in sim obs yf   273.20423932448449        273.20424731877642        273.20425489700807        273.20489724303161        273.20428733787304     
 read in sim obs yf   273.41342376125164        273.41342997850847        273.41343443426638        273.41406077817840        273.41346953315633     
 read in sim obs yf   274.14021190664641        274.14021566127889        274.14021783103135        274.14077594346020        274.14025818858954     
 read in sim obs yf   274.83913538873605        274.83913828041580        274.83914134114673        274.83956003520433        274.83917556170212     
 read in sim obs yf   274.50622263400180        274.50622619749271        274.50623204440240        274.50659557497664        274.50625671719558     
 read in sim obs yf   275.12372551358192        275.12372731317532        275.12372866265952        275.12403442198195        275.12375131829583     
 read in sim obs yf   275.35666103431947        275.35666243192878        275.35666295632808        275.35694731007197        275.35668647877549     
 read in sim obs yf   275.78752587753849        275.78752663000370        275.78752590050055        275.78781807774050        275.78755468811443     
 read in sim obs yf   275.86181364106312        275.86181498922360        275.86181357318100        275.86229154709531        275.86186947172581     
 read in sim obs yf   275.86295201665064        275.86295434190697        275.86295181000480        275.86359241970302        275.86304372983091     
 read in sim obs yf   276.05949925198388        276.05950320849973        276.05949919801913        276.05990675476642        276.05955815705778     
 read in sim obs yf   275.60485789017065        275.60486039823104        275.60485824406982        275.60545796625667        275.60495957668070     
 read in sim obs yf   275.62475991143481        275.62476171946514        275.62476073744284        275.62523300944554        275.62480688405134     
 read in sim obs yf   275.58278852697117        275.58279400669380        275.58278940907485        275.58326298459957        275.58282903321589     
 read in sim obs yf   276.27973251583217        276.27973322391802        276.27973281626385        276.28009581031381        276.27975922864090     
 read in sim obs yf   276.11507154504039        276.11507239881308        276.11507245090041        276.11552342513255        276.11510247459017     
 read in sim obs yf   276.59568953442493        276.59568980855329        276.59568979355424        276.59609765123110        276.59571415606723     
 read in sim obs yf   276.92019369759373        276.92019425685197        276.92019380584389        276.92065060858351        276.92022828885331     
 read in sim obs yf   277.03368545456766        277.03368653299515        277.03368559297542        277.03410119073425        277.03371773909413     
 read in sim obs yf   277.49910032998469        277.49910182633323        277.49910019763877        277.49957496568231        277.49913921168314     
 read in sim obs yf   277.90520388824609        277.90521134159809        277.90520360324757        277.90573523711817        277.90525292026018     
 read in sim obs yf   278.03124756539705        278.03126345888802        278.03124716183504        278.03184348137603        278.03131044419086     
 read in sim obs yf   278.71380946177447        278.71381974083482        278.71380917851792        278.71428519575153        278.71385714558375     
 read in sim obs yf   278.70239303363428        278.70240150007095        278.70239277468380        278.70289137405678        278.70243872874511     
 read in sim obs yf   279.08312357792141        279.08312875283519        279.08312312094517        279.08363463597374        279.08317631338002     
 read in sim obs yf   279.60069955261406        279.60071109227198        279.60069875398227        279.60122757425353        279.60075095841813     
 read in sim obs yf   279.31147329557785        279.31149428219044        279.31147231108321        279.31196463896276        279.31152848967560     
 read in sim obs yf   279.62694883123788        279.62696786230072        279.62694756751068        279.62743835574673        279.62699670714011     
 read in sim obs yf   280.78209587048781        280.78210211263610        280.78209587048781        280.78242720842894        280.78211646403895     
 read in sim obs yf   280.82172992216920        280.82174718109104        280.82172992216920        280.82216638553945        280.82177150230712     
 read in sim obs yf   282.05976896405934        282.05977694506919        282.05976896405934        282.06002910371575        282.05978608415239     
 read in sim obs yf   282.87573303568206        282.87573328961901        282.87573303568206        282.87585932454914        282.87573765032425     
 read in sim obs yf   283.92379552073811        283.92379547747754        283.92379552073811        283.92380420913560        283.92379569438248     

    ---------------------------------------
    |   EXITING VARASSIM AFTER ANALYSIS   |
    ---------------------------------------

 Number of assimilated observations =           0

 *********************************************
 *      ASSIMILATIONS FOR URBAN POINTS       *
 *********************************************
 UPDATING TOWN FOR SCHEME: TEB
 Mean T2m increments over TOWN    1.1356850012878368     
 Mean T_ROAD3 increments over TOWN    1.1356850012878368     
 KTYPE=           1
 YCOMMAND=transfer.x MESONH         SURFOUT.20081001_00h00                                                    
 KTYPE=           1
 YCOMMAND=transfer.x MESONH         SURFOUT.20081001_00h00                                                    
 KTYPE=           1
 YCOMMAND=transfer.x MESONH         SURFOUT.20081001_00h00                                                    
 KTYPE=           1
 YCOMMAND=transfer.x MESONH         SURFOUT.20081001_00h00                                                    
 KTYPE=           1
 YCOMMAND=transfer.x MESONH         SURFOUT.20081001_00h00                                                    
 KTYPE=           1
 YCOMMAND=transfer.x MESONH         SURFOUT.20081001_00h00                                                    
 KTYPE=           1
 YCOMMAND=transfer.x MESONH         SURFOUT.20081001_00h00                                                    
 KTYPE=           1
 YCOMMAND=transfer.x MESONH         SURFOUT.20081001_00h00                                                    
 KTYPE=           1
 YCOMMAND=transfer.x MESONH         SURFOUT.20081001_00h00                                                    
 KTYPE=           1
 YCOMMAND=transfer.x MESONH         SURFOUT.20081001_00h00                                                    
 KTYPE=           1
 YCOMMAND=transfer.x MESONH         SURFOUT.20081001_00h00                                                    
 KTYPE=           1
 YCOMMAND=transfer.x MESONH         SURFOUT.20081001_00h00                                                    
 KTYPE=           1
 YCOMMAND=transfer.x MESONH         SURFOUT.20081001_00h00                                                    
 KTYPE=           1
 YCOMMAND=transfer.x MESONH         SURFOUT                                                                   
 KTYPE=           1
 YCOMMAND=transfer.x MESONH         SURFOUT                                                                   
 KTYPE=           1
 YCOMMAND=transfer.x MESONH         SURFOUT                                                                   
 KTYPE=           1
 YCOMMAND=transfer.x MESONH         SURFOUT                                                                   
 KTYPE=           1
 YCOMMAND=transfer.x MESONH         SURFOUT                                                                   
  
     -----------------------
     | SODA ENDS CORRECTLY |
     -----------------------
