  
     ----------------------
     | PGD ENDS CORRECTLY |
     ----------------------
  
     -----------------------
     | PREP ENDS CORRECTLY |
     -----------------------
Running offline for perturbation 0
 CAUTION: DID YOU THINK TO SET OMP_NUM_THREADS=1?
 PLEASE VERIFY OMP_NUM_THREADS IS INITIALIZED : TYPE ECHO $OMP_NUM_THREADS IN A TERMINAL
  
     --------------------------
     | OFFLINE ENDS CORRECTLY |
     --------------------------
  
Running offline for perturbation 1
 CAUTION: DID YOU THINK TO SET OMP_NUM_THREADS=1?
 PLEASE VERIFY OMP_NUM_THREADS IS INITIALIZED : TYPE ECHO $OMP_NUM_THREADS IN A TERMINAL
  
     --------------------------
     | OFFLINE ENDS CORRECTLY |
     --------------------------
  
Running offline for perturbation 2
 CAUTION: DID YOU THINK TO SET OMP_NUM_THREADS=1?
 PLEASE VERIFY OMP_NUM_THREADS IS INITIALIZED : TYPE ECHO $OMP_NUM_THREADS IN A TERMINAL
  
     --------------------------
     | OFFLINE ENDS CORRECTLY |
     --------------------------
  
Running offline for perturbation 3
 CAUTION: DID YOU THINK TO SET OMP_NUM_THREADS=1?
 PLEASE VERIFY OMP_NUM_THREADS IS INITIALIZED : TYPE ECHO $OMP_NUM_THREADS IN A TERMINAL
  
     --------------------------
     | OFFLINE ENDS CORRECTLY |
     --------------------------
  
Running offline for perturbation 4
 CAUTION: DID YOU THINK TO SET OMP_NUM_THREADS=1?
 PLEASE VERIFY OMP_NUM_THREADS IS INITIALIZED : TYPE ECHO $OMP_NUM_THREADS IN A TERMINAL
  
     --------------------------
     | OFFLINE ENDS CORRECTLY |
     --------------------------
  
Assuming we are evolving B matrix from initial state for first cycle with assimilation

    ------------------------------------
    |               SODA               |
    | SURFEX OFFLINE DATA ASSIMILATION |
    ------------------------------------

 INITIALIZING SURFEX...
 READING Land-Sea mask
 READ LSM OK
 READING CANARI ANALYSIS
 READ CANARI OK
 READING SST FROM SST_SIC
 READ SST_SIC OK
   ECMWF_SST_SIC
  SURFSEA.TEMPERA - min, mean, max:    0.2855E+03   0.2863E+03   0.2880E+03
   Replaced land by UNDEF 
  SST            - min, mean, max:    0.2855E+03   0.2863E+03   0.2880E+03
 PERFORMIMG OFFLINE SURFEX DATA ASSIMILATION...
 *********************************************
 *      ASSIMILATIONS FOR SEA POINTS         *
 *********************************************
 UPDATING SST FOR SCHEME: SEAFLX
 Mean SST increments over SEA     0.52200680826893808     
 *********************************************
 *      ASSIMILATIONS FOR WATER POINTS       *
 *********************************************
 UPDATING LST FOR INLAND_WATER: WATFLX
 Lake surface temperature set to   0.60751578922958693      from nearest neighbour at I=         299
 Lake surface temperature set to   0.62245252047326616      from nearest neighbour at I=         338
 Lake surface temperature set to  -1.50463235939809429E-003 from nearest neighbour at I=         366
 Lake surface temperature set to   0.18448016730238159      from nearest neighbour at I=         376
 Lake surface temperature set to   0.59241428806892438      from nearest neighbour at I=         377
 Lake surface temperature set to   7.80828895075907775E-002 from nearest neighbour at I=         406
 Lake surface temperature set to   0.21149760623726996      from nearest neighbour at I=         415
 Lake surface temperature set to   0.48543137308886081      from nearest neighbour at I=         416
 Lake surface temperature set to   4.12651407419016708E-002 from nearest neighbour at I=         445
 Lake surface temperature set to   3.29138120131201514E-002 from nearest neighbour at I=         446
 Lake surface temperature set to   0.24947154233822261      from nearest neighbour at I=         454
 Lake surface temperature set to   0.27770718302006786      from nearest neighbour at I=         455
 Lake surface temperature set to   3.52401094907451654E-002 from nearest neighbour at I=         483
 Lake surface temperature set to   5.23214270889691205E-002 from nearest neighbour at I=         484
 Lake surface temperature set to   4.22916796425997082E-002 from nearest neighbour at I=         485
 Lake surface temperature set to   0.20739094435341018      from nearest neighbour at I=         493
 Lake surface temperature set to   7.00878482549788379E-002 from nearest neighbour at I=         494
 Lake surface temperature set to   0.15730685869612920      from nearest neighbour at I=         522
 Lake surface temperature set to   0.17011886631167544      from nearest neighbour at I=         523
 Lake surface temperature set to   5.46655584766261166E-002 from nearest neighbour at I=         524
 Lake surface temperature set to   5.13883163528393583E-002 from nearest neighbour at I=         525
 Lake surface temperature set to   3.75831804260947089E-002 from nearest neighbour at I=         526
 Lake surface temperature set to   0.14808233158977896      from nearest neighbour at I=         532
 Lake surface temperature set to   2.04629028208141786E-002 from nearest neighbour at I=         533
 Lake surface temperature set to   0.20301156612076646      from nearest neighbour at I=         561
 Lake surface temperature set to   1.74835766423357512E-002 from nearest neighbour at I=         562
 Lake surface temperature set to   1.42917884242591345E-002 from nearest neighbour at I=         563
 Lake surface temperature set to   1.74577506235057203E-002 from nearest neighbour at I=         564
 Lake surface temperature set to   7.80155889362202648E-002 from nearest neighbour at I=         565
 Lake surface temperature set to   7.68294363186207696E-002 from nearest neighbour at I=         566
 Lake surface temperature set to   9.65416498905781462E-002 from nearest neighbour at I=         571
 Lake surface temperature set to   3.66318495290052643E-002 from nearest neighbour at I=         572
 Lake surface temperature set to  -1.35985356764538779E-003 from nearest neighbour at I=         573
 Lake surface temperature set to   0.14000951880890439      from nearest neighbour at I=         588
 Lake surface temperature set to   8.13808183656187234E-002 from nearest neighbour at I=         600
 Lake surface temperature set to  -3.14657206634588922E-004 from nearest neighbour at I=         601
 Lake surface temperature set to   1.44413674325229689E-002 from nearest neighbour at I=         603
 Lake surface temperature set to   1.29490327380952404E-002 from nearest neighbour at I=         604
 Lake surface temperature set to   8.06748951823943461E-002 from nearest neighbour at I=         611
 Lake surface temperature set to  -1.23991930735692854E-002 from nearest neighbour at I=         641
 Lake surface temperature set to   1.44570132894900304E-002 from nearest neighbour at I=         642
 Lake surface temperature set to   1.55210521708683147E-002 from nearest neighbour at I=         643
 Lake surface temperature set to   5.42606533945692946E-003 from nearest neighbour at I=         644
 Lake surface temperature set to   0.22801088573233302      from nearest neighbour at I=         645
 Lake surface temperature set to   1.55998986281125681E-002 from nearest neighbour at I=         648
 Lake surface temperature set to   0.11749581805687624      from nearest neighbour at I=         650
 Lake surface temperature set to   8.73080766687823334E-002 from nearest neighbour at I=         680
 Lake surface temperature set to   0.10702454564688456      from nearest neighbour at I=         681
 Lake surface temperature set to   7.78095238095237590E-002 from nearest neighbour at I=         682
 Lake surface temperature set to   6.71953423705247826E-002 from nearest neighbour at I=         683
 Lake surface temperature set to   4.76096108031109563E-002 from nearest neighbour at I=         718
 Lake surface temperature set to   0.10260231640500729      from nearest neighbour at I=         719
 Lake surface temperature set to   6.05282636490869982E-002 from nearest neighbour at I=         720
 Lake surface temperature set to   9.39393506493506059E-002 from nearest neighbour at I=         721
 Lake surface temperature set to   8.50392419348079687E-002 from nearest neighbour at I=         722
 Lake surface temperature set to   8.67830169136547674E-002 from nearest neighbour at I=         758
 Lake surface temperature set to   5.30601120637785306E-002 from nearest neighbour at I=         759
 Lake surface temperature set to   5.61839217625557039E-002 from nearest neighbour at I=         760
 Lake surface temperature set to   0.21805240017801644      from nearest neighbour at I=         761
 Lake surface temperature set to  -6.29847565495989525E-002 from nearest neighbour at I=         792
 Lake surface temperature set to   6.25729179059469343E-002 from nearest neighbour at I=         857
 Lake surface temperature set to   9.01917610673997339E-002 from nearest neighbour at I=         887
 Lake surface temperature set to   5.14159962735247500E-002 from nearest neighbour at I=         925
 Lake surface temperature set to   0.13222637031073112      from nearest neighbour at I=         926
 Lake surface temperature set to   5.04175027366895526E-002 from nearest neighbour at I=        1089
 Lake surface temperature set to   3.24376652773120874E-002 from nearest neighbour at I=        1093
 Lake surface temperature set to   0.20721710371873395      from nearest neighbour at I=        1422
 Mean LST increments over inland water     -281.29108725095239     
 *********************************************
 *      ASSIMILATIONS FOR NATURE POINTS      *
 *********************************************
 SNOW IS NOT UPDATED FROM ANALYSED VALUES

    --------------------------
    |   ENTERING  VARASSIM   |
    --------------------------

 number of patches =          12
 Initialized B
 LTM d(wg2)/d(wg2)   0.0000000000000000     
 B before wg2 wg2 ==>    0.0000000000000000        0.0000000000000000     
 Q value wg2 wg2 ==>   3.04119370955524829E-005  2.63078661092648188E-006
 B after wg2 wg2 ==>  3.04119370955524829E-005  2.63078661092648188E-006
 LTM d(wg2)/d(wg2)   0.0000000000000000     
 B before wg2 wg2 ==>    0.0000000000000000        0.0000000000000000     
 Q value wg2 wg2 ==>   3.00517075946584317E-005  2.56883236794268845E-006
 B after wg2 wg2 ==>  2.96957450134580092E-005  2.56883236794268845E-006
 LTM d(wg2)/d(wg2)   0.0000000000000000     
 B before wg2 wg2 ==>    0.0000000000000000        0.0000000000000000     
 Q value wg2 wg2 ==>   2.90936028119118281E-005  2.40764508324205215E-006
 B after wg2 wg2 ==>  2.78324173142219536E-005  2.40764508324205215E-006
 LTM d(wg2)/d(wg2)   0.0000000000000000     
 B before wg2 wg2 ==>    0.0000000000000000        0.0000000000000000     
 Q value wg2 wg2 ==>   3.07286077929626550E-005  2.68585909160881841E-006
 B after wg2 wg2 ==>  3.10485758906759720E-005  2.68585909160881841E-006
 LTM d(wg2)/d(wg2)   0.0000000000000000     
 B before wg2 wg2 ==>    0.0000000000000000        0.0000000000000000     
 Q value wg2 wg2 ==>   3.07286077929626550E-005  2.68585909160881841E-006
 B after wg2 wg2 ==>  3.10485758906759720E-005  2.68585909160881841E-006
 LTM d(wg2)/d(wg2)   0.0000000000000000     
 B before wg2 wg2 ==>    0.0000000000000000        0.0000000000000000     
 Q value wg2 wg2 ==>   2.93454750486159037E-005  2.44951297658009185E-006
 B after wg2 wg2 ==>  2.83164108594344069E-005  2.44951297658009185E-006
 LTM d(wg2)/d(wg2)   0.0000000000000000     
 B before wg2 wg2 ==>    0.0000000000000000        0.0000000000000000     
 Q value wg2 wg2 ==>   3.07286077929626550E-005  2.68585909160881841E-006
 B after wg2 wg2 ==>  3.10485758906759720E-005  2.68585909160881841E-006
 LTM d(wg2)/d(wg2)   0.0000000000000000     
 B before wg2 wg2 ==>    0.0000000000000000        0.0000000000000000     
 Q value wg2 wg2 ==>   2.95712842777049175E-005  2.48735531756896147E-006
 B after wg2 wg2 ==>  2.87538689523569085E-005  2.48735531756896147E-006
 LTM d(wg2)/d(wg2)   0.0000000000000000     
 B before wg2 wg2 ==>    0.0000000000000000        0.0000000000000000     
 Q value wg2 wg2 ==>   2.84954954799046985E-005  2.30966972485765470E-006
 B after wg2 wg2 ==>  2.66998205373776437E-005  2.30966972485765470E-006
 LTM d(wg2)/d(wg2)   0.0000000000000000     
 B before wg2 wg2 ==>    0.0000000000000000        0.0000000000000000     
 Q value wg2 wg2 ==>   2.84954954799046985E-005  2.30966972485765470E-006
 B after wg2 wg2 ==>  2.66998205373776437E-005  2.30966972485765470E-006
 LTM d(wg2)/d(wg2)   0.0000000000000000     
 B before wg2 wg2 ==>    0.0000000000000000        0.0000000000000000     
 Q value wg2 wg2 ==>   2.84954954799046985E-005  2.30966972485765470E-006
 B after wg2 wg2 ==>  2.66998205373776437E-005  2.30966972485765470E-006
 LTM d(wg2)/d(wg2)   0.0000000000000000     
 B before wg2 wg2 ==>    0.0000000000000000        0.0000000000000000     
 Q value wg2 wg2 ==>   2.84954954799046985E-005  2.30966972485765470E-006
 B after wg2 wg2 ==>  2.66998205373776437E-005  2.30966972485765470E-006
 LTM d(wg2)/d(wg2)   0.0000000000000000     
 B before wg2 wg2 ==>    0.0000000000000000        0.0000000000000000     
 Q value wg2 wg2 ==>   2.84954954799046985E-005  2.30966972485765470E-006
 B after wg2 wg2 ==>  2.66998205373776437E-005  2.30966972485765470E-006
 LTM d(wg2)/d(wg2)   0.0000000000000000     
 B before wg2 wg2 ==>    0.0000000000000000        0.0000000000000000     
 Q value wg2 wg2 ==>   2.84954954799046985E-005  2.30966972485765470E-006
 B after wg2 wg2 ==>  2.66998205373776437E-005  2.30966972485765470E-006
 LTM d(wg2)/d(wg2)   0.0000000000000000     
 B before wg2 wg2 ==>    0.0000000000000000        0.0000000000000000     
 Q value wg2 wg2 ==>   2.84954954799046985E-005  2.30966972485765470E-006
 B after wg2 wg2 ==>  2.66998205373776437E-005  2.30966972485765470E-006
 LTM d(wg2)/d(wg2)   0.0000000000000000     
 B before wg2 wg2 ==>    0.0000000000000000        0.0000000000000000     
 Q value wg2 wg2 ==>   2.87105044648049116E-005  2.34465583395152415E-006
 B after wg2 wg2 ==>  2.71042605419609815E-005  2.34465583395152415E-006
 LTM d(wg2)/d(wg2)   0.0000000000000000     
 B before wg2 wg2 ==>    0.0000000000000000        0.0000000000000000     
 Q value wg2 wg2 ==>   2.90936028119118281E-005  2.40764508324205215E-006
 B after wg2 wg2 ==>  2.78324173142219536E-005  2.40764508324205215E-006
 LTM d(wg2)/d(wg2)   0.0000000000000000     
 B before wg2 wg2 ==>    0.0000000000000000        0.0000000000000000     
 Q value wg2 wg2 ==>   2.90936028119118281E-005  2.40764508324205215E-006
 B after wg2 wg2 ==>  2.78324173142219536E-005  2.40764508324205215E-006
 LTM d(wg2)/d(wg2)   0.0000000000000000     
 B before wg2 wg2 ==>    0.0000000000000000        0.0000000000000000     
 Q value wg2 wg2 ==>   2.90936028119118281E-005  2.40764508324205215E-006
 B after wg2 wg2 ==>  2.78324173142219536E-005  2.40764508324205215E-006
 LTM d(wg2)/d(wg2)   0.0000000000000000     
 B before wg2 wg2 ==>    0.0000000000000000        0.0000000000000000     
 Q value wg2 wg2 ==>   2.90936028119118281E-005  2.40764508324205215E-006
 B after wg2 wg2 ==>  2.78324173142219536E-005  2.40764508324205215E-006
 LTM d(wg2)/d(wg2)   0.0000000000000000     
 B before wg2 wg2 ==>    0.0000000000000000        0.0000000000000000     
 Q value wg2 wg2 ==>   2.90936028119118281E-005  2.40764508324205215E-006
 B after wg2 wg2 ==>  2.78324173142219536E-005  2.40764508324205215E-006
 LTM d(wg2)/d(wg2)   0.0000000000000000     
 B before wg2 wg2 ==>    0.0000000000000000        0.0000000000000000     
 Q value wg2 wg2 ==>   2.90936028119118281E-005  2.40764508324205215E-006
 B after wg2 wg2 ==>  2.78324173142219536E-005  2.40764508324205215E-006
 LTM d(wg2)/d(wg2)   0.0000000000000000     
 B before wg2 wg2 ==>    0.0000000000000000        0.0000000000000000     
 Q value wg2 wg2 ==>   2.90936028119118281E-005  2.40764508324205215E-006
 B after wg2 wg2 ==>  2.78324173142219536E-005  2.40764508324205215E-006
 LTM d(wg2)/d(wg2)   0.0000000000000000     
 B before wg2 wg2 ==>    0.0000000000000000        0.0000000000000000     
 Q value wg2 wg2 ==>   2.90936028119118281E-005  2.40764508324205215E-006
 B after wg2 wg2 ==>  2.78324173142219536E-005  2.40764508324205215E-006
 LTM d(wg2)/d(wg2)   0.0000000000000000     
 B before wg2 wg2 ==>    0.0000000000000000        0.0000000000000000     
 Q value wg2 wg2 ==>   2.90936028119118281E-005  2.40764508324205215E-006
 B after wg2 wg2 ==>  2.78324173142219536E-005  2.40764508324205215E-006
 LTM d(wg2)/d(wg2)   0.0000000000000000     
 B before wg2 wg2 ==>    0.0000000000000000        0.0000000000000000     
 Q value wg2 wg2 ==>   2.90936028119118281E-005  2.40764508324205215E-006
 B after wg2 wg2 ==>  2.78324173142219536E-005  2.40764508324205215E-006
 LTM d(wg2)/d(wg2)   0.0000000000000000     
 B before wg2 wg2 ==>    0.0000000000000000        0.0000000000000000     
 Q value wg2 wg2 ==>   2.90936028119118281E-005  2.40764508324205215E-006
 B after wg2 wg2 ==>  2.78324173142219536E-005  2.40764508324205215E-006
 LTM d(wg2)/d(wg2)   0.0000000000000000     
 B before wg2 wg2 ==>    0.0000000000000000        0.0000000000000000     
 Q value wg2 wg2 ==>   3.07286077929626550E-005  2.68585909160881841E-006
 B after wg2 wg2 ==>  3.10485758906759720E-005  2.68585909160881841E-006
 LTM d(wg2)/d(wg2)   0.0000000000000000     
 B before wg2 wg2 ==>    0.0000000000000000        0.0000000000000000     
 Q value wg2 wg2 ==>   3.07286077929626550E-005  2.68585909160881841E-006
 B after wg2 wg2 ==>  3.10485758906759720E-005  2.68585909160881841E-006
 LTM d(wg2)/d(wg2)   0.0000000000000000     
 B before wg2 wg2 ==>    0.0000000000000000        0.0000000000000000     
 Q value wg2 wg2 ==>   2.98371687315400340E-005  2.53228554784537707E-006
 B after wg2 wg2 ==>  2.92732631636471332E-005  2.53228554784537707E-006
 LTM d(wg2)/d(wg2)   0.0000000000000000     
 B before wg2 wg2 ==>    0.0000000000000000        0.0000000000000000     
 Q value wg2 wg2 ==>   2.90936028119118281E-005  2.40764508324205215E-006
 B after wg2 wg2 ==>  2.78324173142219536E-005  2.40764508324205215E-006
 LTM d(wg2)/d(wg2)   0.0000000000000000     
 B before wg2 wg2 ==>    0.0000000000000000        0.0000000000000000     
 Q value wg2 wg2 ==>   2.88118473410588964E-005  2.36123746760386208E-006
 B after wg2 wg2 ==>  2.72959445035114792E-005  2.36123746760386208E-006
 LTM d(wg2)/d(wg2)   0.0000000000000000     
 B before wg2 wg2 ==>    0.0000000000000000        0.0000000000000000     
 Q value wg2 wg2 ==>   2.84954954799046985E-005  2.30966972485765470E-006
 B after wg2 wg2 ==>  2.66998205373776437E-005  2.30966972485765470E-006
 LTM d(wg2)/d(wg2)   0.0000000000000000     
 B before wg2 wg2 ==>    0.0000000000000000        0.0000000000000000     
 Q value wg2 wg2 ==>   2.99567439760672274E-005  2.55262296077550968E-006
 B after wg2 wg2 ==>  2.95083639962835194E-005  2.55262296077550968E-006
 LTM d(wg2)/d(wg2)   0.0000000000000000     
 B before wg2 wg2 ==>    0.0000000000000000        0.0000000000000000     
 Q value wg2 wg2 ==>   2.84954954799046985E-005  2.30966972485765470E-006
 B after wg2 wg2 ==>  2.66998205373776437E-005  2.30966972485765470E-006
 LTM d(wg2)/d(wg2)   0.0000000000000000     
 B before wg2 wg2 ==>    0.0000000000000000        0.0000000000000000     
 Q value wg2 wg2 ==>   2.84954954799046985E-005  2.30966972485765470E-006
 B after wg2 wg2 ==>  2.66998205373776437E-005  2.30966972485765470E-006
 LTM d(wg2)/d(wg2)   0.0000000000000000     
 B before wg2 wg2 ==>    0.0000000000000000        0.0000000000000000     
 Q value wg2 wg2 ==>   2.84954954799046985E-005  2.30966972485765470E-006
 B after wg2 wg2 ==>  2.66998205373776437E-005  2.30966972485765470E-006
 LTM d(wg2)/d(wg2)   0.0000000000000000     
 B before wg2 wg2 ==>    0.0000000000000000        0.0000000000000000     
 Q value wg2 wg2 ==>   2.84954954799046985E-005  2.30966972485765470E-006
 B after wg2 wg2 ==>  2.66998205373776437E-005  2.30966972485765470E-006
 LTM d(wg2)/d(wg2)   0.0000000000000000     
 B before wg2 wg2 ==>    0.0000000000000000        0.0000000000000000     
 Q value wg2 wg2 ==>   2.84954954799046985E-005  2.30966972485765470E-006
 B after wg2 wg2 ==>  2.66998205373776437E-005  2.30966972485765470E-006
 LTM d(wg2)/d(wg2)   0.0000000000000000     
 B before wg2 wg2 ==>    0.0000000000000000        0.0000000000000000     
 Q value wg2 wg2 ==>   2.84954954799046985E-005  2.30966972485765470E-006
 B after wg2 wg2 ==>  2.66998205373776437E-005  2.30966972485765470E-006
 LTM d(wg2)/d(wg2)   0.0000000000000000     
 B before wg2 wg2 ==>    0.0000000000000000        0.0000000000000000     
 Q value wg2 wg2 ==>   2.84954954799046985E-005  2.30966972485765470E-006
 B after wg2 wg2 ==>  2.66998205373776437E-005  2.30966972485765470E-006
 LTM d(wg2)/d(wg2)   0.0000000000000000     
 B before wg2 wg2 ==>    0.0000000000000000        0.0000000000000000     
 Q value wg2 wg2 ==>   2.84954954799046985E-005  2.30966972485765470E-006
 B after wg2 wg2 ==>  2.66998205373776437E-005  2.30966972485765470E-006
 LTM d(wg2)/d(wg2)   0.0000000000000000     
 B before wg2 wg2 ==>    0.0000000000000000        0.0000000000000000     
 Q value wg2 wg2 ==>   2.84954954799046985E-005  2.30966972485765470E-006
 B after wg2 wg2 ==>  2.66998205373776437E-005  2.30966972485765470E-006
 LTM d(wg2)/d(wg2)   0.0000000000000000     
 B before wg2 wg2 ==>    0.0000000000000000        0.0000000000000000     
 Q value wg2 wg2 ==>   2.89093558814880130E-005  2.37724688350585041E-006
 B after wg2 wg2 ==>  2.74810136183251463E-005  2.37724688350585041E-006
 LTM d(wg2)/d(wg2)   0.0000000000000000     
 B before wg2 wg2 ==>    0.0000000000000000        0.0000000000000000     
 Q value wg2 wg2 ==>   2.93454751906339301E-005  2.44951300028902855E-006
 B after wg2 wg2 ==>  2.83164111335101113E-005  2.44951300028902855E-006
 LTM d(wg2)/d(wg2)   0.0000000000000000     
 B before wg2 wg2 ==>    0.0000000000000000        0.0000000000000000     
 Q value wg2 wg2 ==>   2.90936028119118281E-005  2.40764508324205215E-006
 B after wg2 wg2 ==>  2.78324173142219536E-005  2.40764508324205215E-006
 LTM d(wg2)/d(wg2)   0.0000000000000000     
 B before wg2 wg2 ==>    0.0000000000000000        0.0000000000000000     
 Q value wg2 wg2 ==>   2.90936028119118281E-005  2.40764508324205215E-006
 B after wg2 wg2 ==>  2.78324173142219536E-005  2.40764508324205215E-006
 LTM d(wg2)/d(wg2)   0.0000000000000000     
 B before wg2 wg2 ==>    0.0000000000000000        0.0000000000000000     
 Q value wg2 wg2 ==>   2.90936028119118281E-005  2.40764508324205215E-006
 B after wg2 wg2 ==>  2.78324173142219536E-005  2.40764508324205215E-006
 LTM d(wg2)/d(wg2)   0.0000000000000000     
 B before wg2 wg2 ==>    0.0000000000000000        0.0000000000000000     
 Q value wg2 wg2 ==>   2.90936028119118281E-005  2.40764508324205215E-006
 B after wg2 wg2 ==>  2.78324173142219536E-005  2.40764508324205215E-006
 LTM d(wg2)/d(wg2)   0.0000000000000000     
 B before wg2 wg2 ==>    0.0000000000000000        0.0000000000000000     
 Q value wg2 wg2 ==>   2.90936028119118281E-005  2.40764508324205215E-006
 B after wg2 wg2 ==>  2.78324173142219536E-005  2.40764508324205215E-006
 LTM d(wg2)/d(wg2)   0.0000000000000000     
 B before wg2 wg2 ==>    0.0000000000000000        0.0000000000000000     
 Q value wg2 wg2 ==>   2.90936028119118281E-005  2.40764508324205215E-006
 B after wg2 wg2 ==>  2.78324173142219536E-005  2.40764508324205215E-006
 LTM d(wg2)/d(wg2)   0.0000000000000000     
 B before wg2 wg2 ==>    0.0000000000000000        0.0000000000000000     
 Q value wg2 wg2 ==>   2.90936028119118281E-005  2.40764508324205215E-006
 B after wg2 wg2 ==>  2.78324173142219536E-005  2.40764508324205215E-006
 LTM d(wg2)/d(wg2)   0.0000000000000000     
 B before wg2 wg2 ==>    0.0000000000000000        0.0000000000000000     
 Q value wg2 wg2 ==>   2.90936028119118281E-005  2.40764508324205215E-006
 B after wg2 wg2 ==>  2.78324173142219536E-005  2.40764508324205215E-006
 LTM d(wg2)/d(wg2)   0.0000000000000000     
 B before wg2 wg2 ==>    0.0000000000000000        0.0000000000000000     
 Q value wg2 wg2 ==>   2.90936028119118281E-005  2.40764508324205215E-006
 B after wg2 wg2 ==>  2.78324173142219536E-005  2.40764508324205215E-006
 LTM d(wg2)/d(wg2)   0.0000000000000000     
 B before wg2 wg2 ==>    0.0000000000000000        0.0000000000000000     
 Q value wg2 wg2 ==>   3.07286077929626550E-005  2.68585909160881841E-006
 B after wg2 wg2 ==>  3.10485758906759720E-005  2.68585909160881841E-006
 LTM d(wg2)/d(wg2)   0.0000000000000000     
 B before wg2 wg2 ==>    0.0000000000000000        0.0000000000000000     
 Q value wg2 wg2 ==>   3.07286077929626550E-005  2.68585909160881841E-006
 B after wg2 wg2 ==>  3.10485758906759720E-005  2.68585909160881841E-006
 LTM d(wg2)/d(wg2)   0.0000000000000000     
 B before wg2 wg2 ==>    0.0000000000000000        0.0000000000000000     
 Q value wg2 wg2 ==>   3.07286077929626550E-005  2.68585909160881841E-006
 B after wg2 wg2 ==>  3.10485758906759720E-005  2.68585909160881841E-006
 LTM d(wg2)/d(wg2)   0.0000000000000000     
 B before wg2 wg2 ==>    0.0000000000000000        0.0000000000000000     
 Q value wg2 wg2 ==>   2.90936028119118281E-005  2.40764508324205215E-006
 B after wg2 wg2 ==>  2.78324173142219536E-005  2.40764508324205215E-006
 LTM d(wg2)/d(wg2)   0.0000000000000000     
 B before wg2 wg2 ==>    0.0000000000000000        0.0000000000000000     
 Q value wg2 wg2 ==>   2.90936028119118281E-005  2.40764508324205215E-006
 B after wg2 wg2 ==>  2.78324173142219536E-005  2.40764508324205215E-006
 LTM d(wg2)/d(wg2)   0.0000000000000000     
 B before wg2 wg2 ==>    0.0000000000000000        0.0000000000000000     
 Q value wg2 wg2 ==>   2.87105044648049116E-005  2.34465583395152415E-006
 B after wg2 wg2 ==>  2.71042605419609815E-005  2.34465583395152415E-006
 LTM d(wg2)/d(wg2)   0.0000000000000000     
 B before wg2 wg2 ==>    0.0000000000000000        0.0000000000000000     
 Q value wg2 wg2 ==>   2.84954954799046985E-005  2.30966972485765470E-006
 B after wg2 wg2 ==>  2.66998205373776437E-005  2.30966972485765470E-006
 LTM d(wg2)/d(wg2)   0.0000000000000000     
 B before wg2 wg2 ==>    0.0000000000000000        0.0000000000000000     
 Q value wg2 wg2 ==>   2.84954954799046985E-005  2.30966972485765470E-006
 B after wg2 wg2 ==>  2.66998205373776437E-005  2.30966972485765470E-006
 LTM d(wg2)/d(wg2)   0.0000000000000000     
 B before wg2 wg2 ==>    0.0000000000000000        0.0000000000000000     
 Q value wg2 wg2 ==>   2.84954954799046985E-005  2.30966972485765470E-006
 B after wg2 wg2 ==>  2.66998205373776437E-005  2.30966972485765470E-006
 LTM d(wg2)/d(wg2)   0.0000000000000000     
 B before wg2 wg2 ==>    0.0000000000000000        0.0000000000000000     
 Q value wg2 wg2 ==>   2.84954954799046985E-005  2.30966972485765470E-006
 B after wg2 wg2 ==>  2.66998205373776437E-005  2.30966972485765470E-006
 LTM d(wg2)/d(wg2)   0.0000000000000000     
 B before wg2 wg2 ==>    0.0000000000000000        0.0000000000000000     
 Q value wg2 wg2 ==>   2.84954954799046985E-005  2.30966972485765470E-006
 B after wg2 wg2 ==>  2.66998205373776437E-005  2.30966972485765470E-006
 LTM d(wg2)/d(wg2)   0.0000000000000000     
 B before wg2 wg2 ==>    0.0000000000000000        0.0000000000000000     
 Q value wg2 wg2 ==>   2.84954954799046985E-005  2.30966972485765470E-006
 B after wg2 wg2 ==>  2.66998205373776437E-005  2.30966972485765470E-006
 LTM d(wg2)/d(wg2)   0.0000000000000000     
 B before wg2 wg2 ==>    0.0000000000000000        0.0000000000000000     
 Q value wg2 wg2 ==>   2.84954954799046985E-005  2.30966972485765470E-006
 B after wg2 wg2 ==>  2.66998205373776437E-005  2.30966972485765470E-006
 LTM d(wg2)/d(wg2)   0.0000000000000000     
 B before wg2 wg2 ==>    0.0000000000000000        0.0000000000000000     
 Q value wg2 wg2 ==>   2.84954954799046985E-005  2.30966972485765470E-006
 B after wg2 wg2 ==>  2.66998205373776437E-005  2.30966972485765470E-006
 LTM d(wg2)/d(wg2)   0.0000000000000000     
 B before wg2 wg2 ==>    0.0000000000000000        0.0000000000000000     
 Q value wg2 wg2 ==>   2.84954954799046985E-005  2.30966972485765470E-006
 B after wg2 wg2 ==>  2.66998205373776437E-005  2.30966972485765470E-006
 LTM d(wg2)/d(wg2)   0.0000000000000000     
 B before wg2 wg2 ==>    0.0000000000000000        0.0000000000000000     
 Q value wg2 wg2 ==>   2.84954954799046985E-005  2.30966972485765470E-006
 B after wg2 wg2 ==>  2.66998205373776437E-005  2.30966972485765470E-006
 LTM d(wg2)/d(wg2)   0.0000000000000000     
 B before wg2 wg2 ==>    0.0000000000000000        0.0000000000000000     
 Q value wg2 wg2 ==>   2.86583329363264429E-005  2.33614235502743622E-006
 B after wg2 wg2 ==>  2.70058445836204850E-005  2.33614235502743622E-006
 LTM d(wg2)/d(wg2)   0.0000000000000000     
 B before wg2 wg2 ==>    0.0000000000000000        0.0000000000000000     
 Q value wg2 wg2 ==>   2.90936028119118281E-005  2.40764508324205215E-006
 B after wg2 wg2 ==>  2.78324173142219536E-005  2.40764508324205215E-006
 LTM d(wg2)/d(wg2)   0.0000000000000000     
 B before wg2 wg2 ==>    0.0000000000000000        0.0000000000000000     
 Q value wg2 wg2 ==>   2.91806759490782810E-005  2.42207814782610668E-006
 B after wg2 wg2 ==>  2.79992637815117269E-005  2.42207814782610668E-006
 LTM d(wg2)/d(wg2)   0.0000000000000000     
 B before wg2 wg2 ==>    0.0000000000000000        0.0000000000000000     
 Q value wg2 wg2 ==>   2.93454751906339267E-005  2.44951300028902770E-006
 B after wg2 wg2 ==>  2.83164111335101011E-005  2.44951300028902770E-006
 LTM d(wg2)/d(wg2)   0.0000000000000000     
 B before wg2 wg2 ==>    0.0000000000000000        0.0000000000000000     
 Q value wg2 wg2 ==>   2.90936028119118281E-005  2.40764508324205215E-006
 B after wg2 wg2 ==>  2.78324173142219536E-005  2.40764508324205215E-006
 LTM d(wg2)/d(wg2)   0.0000000000000000     
 B before wg2 wg2 ==>    0.0000000000000000        0.0000000000000000     
 Q value wg2 wg2 ==>   2.90936028119118281E-005  2.40764508324205215E-006
 B after wg2 wg2 ==>  2.78324173142219536E-005  2.40764508324205215E-006
 LTM d(wg2)/d(wg2)   0.0000000000000000     
 B before wg2 wg2 ==>    0.0000000000000000        0.0000000000000000     
 Q value wg2 wg2 ==>   2.90936028119118281E-005  2.40764508324205215E-006
 B after wg2 wg2 ==>  2.78324173142219536E-005  2.40764508324205215E-006
 LTM d(wg2)/d(wg2)   0.0000000000000000     
 B before wg2 wg2 ==>    0.0000000000000000        0.0000000000000000     
 Q value wg2 wg2 ==>   2.90936028119118281E-005  2.40764508324205215E-006
 B after wg2 wg2 ==>  2.78324173142219536E-005  2.40764508324205215E-006
 LTM d(wg2)/d(wg2)   0.0000000000000000     
 B before wg2 wg2 ==>    0.0000000000000000        0.0000000000000000     
 Q value wg2 wg2 ==>   2.90936028119118281E-005  2.40764508324205215E-006
 B after wg2 wg2 ==>  2.78324173142219536E-005  2.40764508324205215E-006
 LTM d(wg2)/d(wg2)   0.0000000000000000     
 B before wg2 wg2 ==>    0.0000000000000000        0.0000000000000000     
 Q value wg2 wg2 ==>   2.90936028119118281E-005  2.40764508324205215E-006
 B after wg2 wg2 ==>  2.78324173142219536E-005  2.40764508324205215E-006
 LTM d(wg2)/d(wg2)   0.0000000000000000     
 B before wg2 wg2 ==>    0.0000000000000000        0.0000000000000000     
 Q value wg2 wg2 ==>   2.90936028119118281E-005  2.40764508324205215E-006
 B after wg2 wg2 ==>  2.78324173142219536E-005  2.40764508324205215E-006
 LTM d(wg2)/d(wg2)   0.0000000000000000     
 B before wg2 wg2 ==>    0.0000000000000000        0.0000000000000000     
 Q value wg2 wg2 ==>   2.90936028119118281E-005  2.40764508324205215E-006
 B after wg2 wg2 ==>  2.78324173142219536E-005  2.40764508324205215E-006
 LTM d(wg2)/d(wg2)   0.0000000000000000     
 B before wg2 wg2 ==>    0.0000000000000000        0.0000000000000000     
 Q value wg2 wg2 ==>   3.07286077929626550E-005  2.68585909160881841E-006
 B after wg2 wg2 ==>  3.10485758906759720E-005  2.68585909160881841E-006
 LTM d(wg2)/d(wg2)   0.0000000000000000     
 B before wg2 wg2 ==>    0.0000000000000000        0.0000000000000000     
 Q value wg2 wg2 ==>   3.07286077929626550E-005  2.68585909160881841E-006
 B after wg2 wg2 ==>  3.10485758906759720E-005  2.68585909160881841E-006
 LTM d(wg2)/d(wg2)   0.0000000000000000     
 B before wg2 wg2 ==>    0.0000000000000000        0.0000000000000000     
 Q value wg2 wg2 ==>   3.03599869147065250E-005  2.62180637997838615E-006
 B after wg2 wg2 ==>  3.03081254760305009E-005  2.62180637997838615E-006
 LTM d(wg2)/d(wg2)   0.0000000000000000     
 B before wg2 wg2 ==>    0.0000000000000000        0.0000000000000000     
 Q value wg2 wg2 ==>   2.90936028119118281E-005  2.40764508324205215E-006
 B after wg2 wg2 ==>  2.78324173142219536E-005  2.40764508324205215E-006
 LTM d(wg2)/d(wg2)   0.0000000000000000     
 B before wg2 wg2 ==>    0.0000000000000000        0.0000000000000000     
 Q value wg2 wg2 ==>   2.90936028119118281E-005  2.40764508324205215E-006
 B after wg2 wg2 ==>  2.78324173142219536E-005  2.40764508324205215E-006
 LTM d(wg2)/d(wg2)   0.0000000000000000     
 B before wg2 wg2 ==>    0.0000000000000000        0.0000000000000000     
 Q value wg2 wg2 ==>   2.84954954799046985E-005  2.30966972485765470E-006
 B after wg2 wg2 ==>  2.66998205373776437E-005  2.30966972485765470E-006
 LTM d(wg2)/d(wg2)   0.0000000000000000     
 B before wg2 wg2 ==>    0.0000000000000000        0.0000000000000000     
 Q value wg2 wg2 ==>   2.84954954799046985E-005  2.30966972485765470E-006
 B after wg2 wg2 ==>  2.66998205373776437E-005  2.30966972485765470E-006
 LTM d(wg2)/d(wg2)   0.0000000000000000     
 B before wg2 wg2 ==>    0.0000000000000000        0.0000000000000000     
 Q value wg2 wg2 ==>   2.84954954799046985E-005  2.30966972485765470E-006
 B after wg2 wg2 ==>  2.66998205373776437E-005  2.30966972485765470E-006
 LTM d(wg2)/d(wg2)   0.0000000000000000     
 B before wg2 wg2 ==>    0.0000000000000000        0.0000000000000000     
 Q value wg2 wg2 ==>   2.84954954799046985E-005  2.30966972485765470E-006
 B after wg2 wg2 ==>  2.66998205373776437E-005  2.30966972485765470E-006
 LTM d(wg2)/d(wg2)   0.0000000000000000     
 B before wg2 wg2 ==>    0.0000000000000000        0.0000000000000000     
 Q value wg2 wg2 ==>   2.84954954799046985E-005  2.30966972485765470E-006
 B after wg2 wg2 ==>  2.66998205373776437E-005  2.30966972485765470E-006
 LTM d(wg2)/d(wg2)   0.0000000000000000     
 B before wg2 wg2 ==>    0.0000000000000000        0.0000000000000000     
 Q value wg2 wg2 ==>   2.84954954799046985E-005  2.30966972485765470E-006
 B after wg2 wg2 ==>  2.66998205373776437E-005  2.30966972485765470E-006
 LTM d(wg2)/d(wg2)   0.0000000000000000     
 B before wg2 wg2 ==>    0.0000000000000000        0.0000000000000000     
 Q value wg2 wg2 ==>   2.84954954799046985E-005  2.30966972485765470E-006
 B after wg2 wg2 ==>  2.66998205373776437E-005  2.30966972485765470E-006
 LTM d(wg2)/d(wg2)   0.0000000000000000     
 B before wg2 wg2 ==>    0.0000000000000000        0.0000000000000000     
 Q value wg2 wg2 ==>   2.84954954799046985E-005  2.30966972485765470E-006
 B after wg2 wg2 ==>  2.66998205373776437E-005  2.30966972485765470E-006
 LTM d(wg2)/d(wg2)   0.0000000000000000     
 B before wg2 wg2 ==>    0.0000000000000000        0.0000000000000000     
 Q value wg2 wg2 ==>   2.84954954799046985E-005  2.30966972485765470E-006
 B after wg2 wg2 ==>  2.66998205373776437E-005  2.30966972485765470E-006
 LTM d(wg2)/d(wg2)   0.0000000000000000     
 B before wg2 wg2 ==>    0.0000000000000000        0.0000000000000000     
 Q value wg2 wg2 ==>   2.84954954799046985E-005  2.30966972485765470E-006
 B after wg2 wg2 ==>  2.66998205373776437E-005  2.30966972485765470E-006
 LTM d(wg2)/d(wg2)   0.0000000000000000     
 B before wg2 wg2 ==>    0.0000000000000000        0.0000000000000000     
 Q value wg2 wg2 ==>   2.84954954799046985E-005  2.30966972485765470E-006
 B after wg2 wg2 ==>  2.66998205373776437E-005  2.30966972485765470E-006
 LTM d(wg2)/d(wg2)   0.0000000000000000     
 B before wg2 wg2 ==>    0.0000000000000000        0.0000000000000000     
 Q value wg2 wg2 ==>   2.89567310871140741E-005  2.38504469404853643E-006
 B after wg2 wg2 ==>  2.75711564382415392E-005  2.38504469404853643E-006
 LTM d(wg2)/d(wg2)   0.0000000000000000     
 B before wg2 wg2 ==>    0.0000000000000000        0.0000000000000000     
 Q value wg2 wg2 ==>   2.91806759490782810E-005  2.42207814782610668E-006
 B after wg2 wg2 ==>  2.79992637815117269E-005  2.42207814782610668E-006
 LTM d(wg2)/d(wg2)   0.0000000000000000     
 B before wg2 wg2 ==>    0.0000000000000000        0.0000000000000000     
 Q value wg2 wg2 ==>   2.90936028119118281E-005  2.40764508324205215E-006
 B after wg2 wg2 ==>  2.78324173142219536E-005  2.40764508324205215E-006
 LTM d(wg2)/d(wg2)   0.0000000000000000     
 B before wg2 wg2 ==>    0.0000000000000000        0.0000000000000000     
 Q value wg2 wg2 ==>   2.91806759490782810E-005  2.42207814782610668E-006
 B after wg2 wg2 ==>  2.79992637815117269E-005  2.42207814782610668E-006
 LTM d(wg2)/d(wg2)   0.0000000000000000     
 B before wg2 wg2 ==>    0.0000000000000000        0.0000000000000000     
 Q value wg2 wg2 ==>   2.93454751906339301E-005  2.44951300028902855E-006
 B after wg2 wg2 ==>  2.83164111335101113E-005  2.44951300028902855E-006
 LTM d(wg2)/d(wg2)   0.0000000000000000     
 B before wg2 wg2 ==>    0.0000000000000000        0.0000000000000000     
 Q value wg2 wg2 ==>   2.92230175500757331E-005  2.42911219123778632E-006
 B after wg2 wg2 ==>  2.80805774406564535E-005  2.42911219123778632E-006
 LTM d(wg2)/d(wg2)   0.0000000000000000     
 B before wg2 wg2 ==>    0.0000000000000000        0.0000000000000000     
 Q value wg2 wg2 ==>   2.90936028119118281E-005  2.40764508324205215E-006
 B after wg2 wg2 ==>  2.78324173142219536E-005  2.40764508324205215E-006
 LTM d(wg2)/d(wg2)   0.0000000000000000     
 B before wg2 wg2 ==>    0.0000000000000000        0.0000000000000000     
 Q value wg2 wg2 ==>   2.90936028119118281E-005  2.40764508324205215E-006
 B after wg2 wg2 ==>  2.78324173142219536E-005  2.40764508324205215E-006
 LTM d(wg2)/d(wg2)   0.0000000000000000     
 B before wg2 wg2 ==>    0.0000000000000000        0.0000000000000000     
 Q value wg2 wg2 ==>   2.90936028119118281E-005  2.40764508324205215E-006
 B after wg2 wg2 ==>  2.78324173142219536E-005  2.40764508324205215E-006
 LTM d(wg2)/d(wg2)   0.0000000000000000     
 B before wg2 wg2 ==>    0.0000000000000000        0.0000000000000000     
 Q value wg2 wg2 ==>   2.90936028119118281E-005  2.40764508324205215E-006
 B after wg2 wg2 ==>  2.78324173142219536E-005  2.40764508324205215E-006
 LTM d(wg2)/d(wg2)   0.0000000000000000     
 B before wg2 wg2 ==>    0.0000000000000000        0.0000000000000000     
 Q value wg2 wg2 ==>   2.90936028119118281E-005  2.40764508324205215E-006
 B after wg2 wg2 ==>  2.78324173142219536E-005  2.40764508324205215E-006
 LTM d(wg2)/d(wg2)   0.0000000000000000     
 B before wg2 wg2 ==>    0.0000000000000000        0.0000000000000000     
 Q value wg2 wg2 ==>   2.90936028119118281E-005  2.40764508324205215E-006
 B after wg2 wg2 ==>  2.78324173142219536E-005  2.40764508324205215E-006
 LTM d(wg2)/d(wg2)   0.0000000000000000     
 B before wg2 wg2 ==>    0.0000000000000000        0.0000000000000000     
 Q value wg2 wg2 ==>   3.07286077929626550E-005  2.68585909160881841E-006
 B after wg2 wg2 ==>  3.10485758906759720E-005  2.68585909160881841E-006
 LTM d(wg2)/d(wg2)   0.0000000000000000     
 B before wg2 wg2 ==>    0.0000000000000000        0.0000000000000000     
 Q value wg2 wg2 ==>   3.07286077929626550E-005  2.68585909160881841E-006
 B after wg2 wg2 ==>  3.10485758906759720E-005  2.68585909160881841E-006
 LTM d(wg2)/d(wg2)   0.0000000000000000     
 B before wg2 wg2 ==>    0.0000000000000000        0.0000000000000000     
 Q value wg2 wg2 ==>   3.07286077929626550E-005  2.68585909160881841E-006
 B after wg2 wg2 ==>  3.10485758906759720E-005  2.68585909160881841E-006
 LTM d(wg2)/d(wg2)   0.0000000000000000     
 B before wg2 wg2 ==>    0.0000000000000000        0.0000000000000000     
 Q value wg2 wg2 ==>   2.90936028119118281E-005  2.40764508324205215E-006
 B after wg2 wg2 ==>  2.78324173142219536E-005  2.40764508324205215E-006
 LTM d(wg2)/d(wg2)   0.0000000000000000     
 B before wg2 wg2 ==>    0.0000000000000000        0.0000000000000000     
 Q value wg2 wg2 ==>   3.03599869147065250E-005  2.62180637997838615E-006
 B after wg2 wg2 ==>  3.03081254760305009E-005  2.62180637997838615E-006
 LTM d(wg2)/d(wg2)   0.0000000000000000     
 B before wg2 wg2 ==>    0.0000000000000000        0.0000000000000000     
 Q value wg2 wg2 ==>   3.01212029042410758E-005  2.58072708095562267E-006
 B after wg2 wg2 ==>  2.98332480942539119E-005  2.58072708095562267E-006
 LTM d(wg2)/d(wg2)   0.0000000000000000     
 B before wg2 wg2 ==>    0.0000000000000000        0.0000000000000000     
 Q value wg2 wg2 ==>   2.84954954799046985E-005  2.30966972485765470E-006
 B after wg2 wg2 ==>  2.66998205373776437E-005  2.30966972485765470E-006
 LTM d(wg2)/d(wg2)   0.0000000000000000     
 B before wg2 wg2 ==>    0.0000000000000000        0.0000000000000000     
 Q value wg2 wg2 ==>   2.84954954799046985E-005  2.30966972485765470E-006
 B after wg2 wg2 ==>  2.66998205373776437E-005  2.30966972485765470E-006
 LTM d(wg2)/d(wg2)   0.0000000000000000     
 B before wg2 wg2 ==>    0.0000000000000000        0.0000000000000000     
 Q value wg2 wg2 ==>   2.84954954799046985E-005  2.30966972485765470E-006
 B after wg2 wg2 ==>  2.66998205373776437E-005  2.30966972485765470E-006
 LTM d(wg2)/d(wg2)   0.0000000000000000     
 B before wg2 wg2 ==>    0.0000000000000000        0.0000000000000000     
 Q value wg2 wg2 ==>   2.84954954799046985E-005  2.30966972485765470E-006
 B after wg2 wg2 ==>  2.66998205373776437E-005  2.30966972485765470E-006
 LTM d(wg2)/d(wg2)   0.0000000000000000     
 B before wg2 wg2 ==>    0.0000000000000000        0.0000000000000000     
 Q value wg2 wg2 ==>   2.84954954799046985E-005  2.30966972485765470E-006
 B after wg2 wg2 ==>  2.66998205373776437E-005  2.30966972485765470E-006
 LTM d(wg2)/d(wg2)   0.0000000000000000     
 B before wg2 wg2 ==>    0.0000000000000000        0.0000000000000000     
 Q value wg2 wg2 ==>   2.84954954799046985E-005  2.30966972485765470E-006
 B after wg2 wg2 ==>  2.66998205373776437E-005  2.30966972485765470E-006
 LTM d(wg2)/d(wg2)   0.0000000000000000     
 B before wg2 wg2 ==>    0.0000000000000000        0.0000000000000000     
 Q value wg2 wg2 ==>   2.84954954799046985E-005  2.30966972485765470E-006
 B after wg2 wg2 ==>  2.66998205373776437E-005  2.30966972485765470E-006
 LTM d(wg2)/d(wg2)   0.0000000000000000     
 B before wg2 wg2 ==>    0.0000000000000000        0.0000000000000000     
 Q value wg2 wg2 ==>   2.84954954799046985E-005  2.30966972485765470E-006
 B after wg2 wg2 ==>  2.66998205373776437E-005  2.30966972485765470E-006
 LTM d(wg2)/d(wg2)   0.0000000000000000     
 B before wg2 wg2 ==>    0.0000000000000000        0.0000000000000000     
 Q value wg2 wg2 ==>   2.84954954799046985E-005  2.30966972485765470E-006
 B after wg2 wg2 ==>  2.66998205373776437E-005  2.30966972485765470E-006
 LTM d(wg2)/d(wg2)   0.0000000000000000     
 B before wg2 wg2 ==>    0.0000000000000000        0.0000000000000000     
 Q value wg2 wg2 ==>   2.84954954799046985E-005  2.30966972485765470E-006
 B after wg2 wg2 ==>  2.66998205373776437E-005  2.30966972485765470E-006
 LTM d(wg2)/d(wg2)   0.0000000000000000     
 B before wg2 wg2 ==>    0.0000000000000000        0.0000000000000000     
 Q value wg2 wg2 ==>   2.89567310871140741E-005  2.38504469404853643E-006
 B after wg2 wg2 ==>  2.75711564382415392E-005  2.38504469404853643E-006
 LTM d(wg2)/d(wg2)   0.0000000000000000     
 B before wg2 wg2 ==>    0.0000000000000000        0.0000000000000000     
 Q value wg2 wg2 ==>   2.93454751906339301E-005  2.44951300028902855E-006
 B after wg2 wg2 ==>  2.83164111335101113E-005  2.44951300028902855E-006
 LTM d(wg2)/d(wg2)   0.0000000000000000     
 B before wg2 wg2 ==>    0.0000000000000000        0.0000000000000000     
 Q value wg2 wg2 ==>   2.91806759490782810E-005  2.42207814782610668E-006
 B after wg2 wg2 ==>  2.79992637815117269E-005  2.42207814782610668E-006
 LTM d(wg2)/d(wg2)   0.0000000000000000     
 B before wg2 wg2 ==>    0.0000000000000000        0.0000000000000000     
 Q value wg2 wg2 ==>   2.90936028119118281E-005  2.40764508324205215E-006
 B after wg2 wg2 ==>  2.78324173142219536E-005  2.40764508324205215E-006
 LTM d(wg2)/d(wg2)   0.0000000000000000     
 B before wg2 wg2 ==>    0.0000000000000000        0.0000000000000000     
 Q value wg2 wg2 ==>   2.91806759490782810E-005  2.42207814782610668E-006
 B after wg2 wg2 ==>  2.79992637815117269E-005  2.42207814782610668E-006
 LTM d(wg2)/d(wg2)   0.0000000000000000     
 B before wg2 wg2 ==>    0.0000000000000000        0.0000000000000000     
 Q value wg2 wg2 ==>   2.93454751906339301E-005  2.44951300028902855E-006
 B after wg2 wg2 ==>  2.83164111335101113E-005  2.44951300028902855E-006
 LTM d(wg2)/d(wg2)   0.0000000000000000     
 B before wg2 wg2 ==>    0.0000000000000000        0.0000000000000000     
 Q value wg2 wg2 ==>   2.93454751906339267E-005  2.44951300028902770E-006
 B after wg2 wg2 ==>  2.83164111335101011E-005  2.44951300028902770E-006
 LTM d(wg2)/d(wg2)   0.0000000000000000     
 B before wg2 wg2 ==>    0.0000000000000000        0.0000000000000000     
 Q value wg2 wg2 ==>   2.90936028119118281E-005  2.40764508324205215E-006
 B after wg2 wg2 ==>  2.78324173142219536E-005  2.40764508324205215E-006
 LTM d(wg2)/d(wg2)   0.0000000000000000     
 B before wg2 wg2 ==>    0.0000000000000000        0.0000000000000000     
 Q value wg2 wg2 ==>   2.90936028119118281E-005  2.40764508324205215E-006
 B after wg2 wg2 ==>  2.78324173142219536E-005  2.40764508324205215E-006
 LTM d(wg2)/d(wg2)   0.0000000000000000     
 B before wg2 wg2 ==>    0.0000000000000000        0.0000000000000000     
 Q value wg2 wg2 ==>   2.90936028119118281E-005  2.40764508324205215E-006
 B after wg2 wg2 ==>  2.78324173142219536E-005  2.40764508324205215E-006
 LTM d(wg2)/d(wg2)   0.0000000000000000     
 B before wg2 wg2 ==>    0.0000000000000000        0.0000000000000000     
 Q value wg2 wg2 ==>   2.90936028119118281E-005  2.40764508324205215E-006
 B after wg2 wg2 ==>  2.78324173142219536E-005  2.40764508324205215E-006
 LTM d(wg2)/d(wg2)   0.0000000000000000     
 B before wg2 wg2 ==>    0.0000000000000000        0.0000000000000000     
 Q value wg2 wg2 ==>   2.90936028119118281E-005  2.40764508324205215E-006
 B after wg2 wg2 ==>  2.78324173142219536E-005  2.40764508324205215E-006
 LTM d(wg2)/d(wg2)   0.0000000000000000     
 B before wg2 wg2 ==>    0.0000000000000000        0.0000000000000000     
 Q value wg2 wg2 ==>   2.90936028119118281E-005  2.40764508324205215E-006
 B after wg2 wg2 ==>  2.78324173142219536E-005  2.40764508324205215E-006
 LTM d(wg2)/d(wg2)   0.0000000000000000     
 B before wg2 wg2 ==>    0.0000000000000000        0.0000000000000000     
 Q value wg2 wg2 ==>   3.07286077929626550E-005  2.68585909160881841E-006
 B after wg2 wg2 ==>  3.10485758906759720E-005  2.68585909160881841E-006
 LTM d(wg2)/d(wg2)   0.0000000000000000     
 B before wg2 wg2 ==>    0.0000000000000000        0.0000000000000000     
 Q value wg2 wg2 ==>   3.07286077929626550E-005  2.68585909160881841E-006
 B after wg2 wg2 ==>  3.10485758906759720E-005  2.68585909160881841E-006
 LTM d(wg2)/d(wg2)   0.0000000000000000     
 B before wg2 wg2 ==>    0.0000000000000000        0.0000000000000000     
 Q value wg2 wg2 ==>   3.07286077929626550E-005  2.68585909160881841E-006
 B after wg2 wg2 ==>  3.10485758906759720E-005  2.68585909160881841E-006
 LTM d(wg2)/d(wg2)   0.0000000000000000     
 B before wg2 wg2 ==>    0.0000000000000000        0.0000000000000000     
 Q value wg2 wg2 ==>   2.90936028119118281E-005  2.40764508324205215E-006
 B after wg2 wg2 ==>  2.78324173142219536E-005  2.40764508324205215E-006
 LTM d(wg2)/d(wg2)   0.0000000000000000     
 B before wg2 wg2 ==>    0.0000000000000000        0.0000000000000000     
 Q value wg2 wg2 ==>   3.01212029042410758E-005  2.58072708095562267E-006
 B after wg2 wg2 ==>  2.98332480942539119E-005  2.58072708095562267E-006
 LTM d(wg2)/d(wg2)   0.0000000000000000     
 B before wg2 wg2 ==>    0.0000000000000000        0.0000000000000000     
 Q value wg2 wg2 ==>   3.02694113475616320E-005  2.60618599346600623E-006
 B after wg2 wg2 ==>  3.01275535474484975E-005  2.60618599346600623E-006
 LTM d(wg2)/d(wg2)   0.0000000000000000     
 B before wg2 wg2 ==>    0.0000000000000000        0.0000000000000000     
 Q value wg2 wg2 ==>   2.95712842777049175E-005  2.48735531756896147E-006
 B after wg2 wg2 ==>  2.87538689523569085E-005  2.48735531756896147E-006
 LTM d(wg2)/d(wg2)   0.0000000000000000     
 B before wg2 wg2 ==>    0.0000000000000000        0.0000000000000000     
 Q value wg2 wg2 ==>   3.07286077929626550E-005  2.68585909160881841E-006
 B after wg2 wg2 ==>  3.10485758906759720E-005  2.68585909160881841E-006
 LTM d(wg2)/d(wg2)   0.0000000000000000     
 B before wg2 wg2 ==>    0.0000000000000000        0.0000000000000000     
 Q value wg2 wg2 ==>   2.84954954799046985E-005  2.30966972485765470E-006
 B after wg2 wg2 ==>  2.66998205373776437E-005  2.30966972485765470E-006
 LTM d(wg2)/d(wg2)   0.0000000000000000     
 B before wg2 wg2 ==>    0.0000000000000000        0.0000000000000000     
 Q value wg2 wg2 ==>   2.90936028119118349E-005  2.40764508324205300E-006
 B after wg2 wg2 ==>  2.78324173142219637E-005  2.40764508324205300E-006
 LTM d(wg2)/d(wg2)   0.0000000000000000     
 B before wg2 wg2 ==>    0.0000000000000000        0.0000000000000000     
 Q value wg2 wg2 ==>   2.93454751906339301E-005  2.44951300028902855E-006
 B after wg2 wg2 ==>  2.83164111335101113E-005  2.44951300028902855E-006
 LTM d(wg2)/d(wg2)   0.0000000000000000     
 B before wg2 wg2 ==>    0.0000000000000000        0.0000000000000000     
 Q value wg2 wg2 ==>   2.91592098578612317E-005  2.41851596667674069E-006
 B after wg2 wg2 ==>  2.79580849080190810E-005  2.41851596667674069E-006
 LTM d(wg2)/d(wg2)   0.0000000000000000     
 B before wg2 wg2 ==>    0.0000000000000000        0.0000000000000000     
 Q value wg2 wg2 ==>   2.93454751906339301E-005  2.44951300028902855E-006
 B after wg2 wg2 ==>  2.83164111335101113E-005  2.44951300028902855E-006
 LTM d(wg2)/d(wg2)   0.0000000000000000     
 B before wg2 wg2 ==>    0.0000000000000000        0.0000000000000000     
 Q value wg2 wg2 ==>   2.93454751906339267E-005  2.44951300028902770E-006
 B after wg2 wg2 ==>  2.83164111335101011E-005  2.44951300028902770E-006
 LTM d(wg2)/d(wg2)   0.0000000000000000     
 B before wg2 wg2 ==>    0.0000000000000000        0.0000000000000000     
 Q value wg2 wg2 ==>   2.84954954799046985E-005  2.30966972485765470E-006
 B after wg2 wg2 ==>  2.66998205373776437E-005  2.30966972485765470E-006
 LTM d(wg2)/d(wg2)   0.0000000000000000     
 B before wg2 wg2 ==>    0.0000000000000000        0.0000000000000000     
 Q value wg2 wg2 ==>   2.88118473410588964E-005  2.36123746760386208E-006
 B after wg2 wg2 ==>  2.72959445035114792E-005  2.36123746760386208E-006
 LTM d(wg2)/d(wg2)   0.0000000000000000     
 B before wg2 wg2 ==>    0.0000000000000000        0.0000000000000000     
 Q value wg2 wg2 ==>   2.93454751906339301E-005  2.44951300028902855E-006
 B after wg2 wg2 ==>  2.83164111335101113E-005  2.44951300028902855E-006
 LTM d(wg2)/d(wg2)   0.0000000000000000     
 B before wg2 wg2 ==>    0.0000000000000000        0.0000000000000000     
 Q value wg2 wg2 ==>   2.91806759490782810E-005  2.42207814782610668E-006
 B after wg2 wg2 ==>  2.79992637815117269E-005  2.42207814782610668E-006
 LTM d(wg2)/d(wg2)   0.0000000000000000     
 B before wg2 wg2 ==>    0.0000000000000000        0.0000000000000000     
 Q value wg2 wg2 ==>   2.90936028119118281E-005  2.40764508324205215E-006
 B after wg2 wg2 ==>  2.78324173142219536E-005  2.40764508324205215E-006
 LTM d(wg2)/d(wg2)   0.0000000000000000     
 B before wg2 wg2 ==>    0.0000000000000000        0.0000000000000000     
 Q value wg2 wg2 ==>   2.90936028119118281E-005  2.40764508324205215E-006
 B after wg2 wg2 ==>  2.78324173142219536E-005  2.40764508324205215E-006
 LTM d(wg2)/d(wg2)   0.0000000000000000     
 B before wg2 wg2 ==>    0.0000000000000000        0.0000000000000000     
 Q value wg2 wg2 ==>   2.90936028119118281E-005  2.40764508324205215E-006
 B after wg2 wg2 ==>  2.78324173142219536E-005  2.40764508324205215E-006
 LTM d(wg2)/d(wg2)   0.0000000000000000     
 B before wg2 wg2 ==>    0.0000000000000000        0.0000000000000000     
 Q value wg2 wg2 ==>   2.93454751906339301E-005  2.44951300028902855E-006
 B after wg2 wg2 ==>  2.83164111335101113E-005  2.44951300028902855E-006
 LTM d(wg2)/d(wg2)   0.0000000000000000     
 B before wg2 wg2 ==>    0.0000000000000000        0.0000000000000000     
 Q value wg2 wg2 ==>   2.93454751906339301E-005  2.44951300028902855E-006
 B after wg2 wg2 ==>  2.83164111335101113E-005  2.44951300028902855E-006
 LTM d(wg2)/d(wg2)   0.0000000000000000     
 B before wg2 wg2 ==>    0.0000000000000000        0.0000000000000000     
 Q value wg2 wg2 ==>   2.92645865345613878E-005  2.43602780455489945E-006
 B after wg2 wg2 ==>  2.81605220459329494E-005  2.43602780455489945E-006
 LTM d(wg2)/d(wg2)   0.0000000000000000     
 B before wg2 wg2 ==>    0.0000000000000000        0.0000000000000000     
 Q value wg2 wg2 ==>   2.90936028119118281E-005  2.40764508324205215E-006
 B after wg2 wg2 ==>  2.78324173142219536E-005  2.40764508324205215E-006
 LTM d(wg2)/d(wg2)   0.0000000000000000     
 B before wg2 wg2 ==>    0.0000000000000000        0.0000000000000000     
 Q value wg2 wg2 ==>   2.90936028119118281E-005  2.40764508324205215E-006
 B after wg2 wg2 ==>  2.78324173142219536E-005  2.40764508324205215E-006
 LTM d(wg2)/d(wg2)   0.0000000000000000     
 B before wg2 wg2 ==>    0.0000000000000000        0.0000000000000000     
 Q value wg2 wg2 ==>   2.90936028119118281E-005  2.40764508324205215E-006
 B after wg2 wg2 ==>  2.78324173142219536E-005  2.40764508324205215E-006
 LTM d(wg2)/d(wg2)   0.0000000000000000     
 B before wg2 wg2 ==>    0.0000000000000000        0.0000000000000000     
 Q value wg2 wg2 ==>   2.90936028119118281E-005  2.40764508324205215E-006
 B after wg2 wg2 ==>  2.78324173142219536E-005  2.40764508324205215E-006
 LTM d(wg2)/d(wg2)   0.0000000000000000     
 B before wg2 wg2 ==>    0.0000000000000000        0.0000000000000000     
 Q value wg2 wg2 ==>   2.90936028119118281E-005  2.40764508324205215E-006
 B after wg2 wg2 ==>  2.78324173142219536E-005  2.40764508324205215E-006
 LTM d(wg2)/d(wg2)   0.0000000000000000     
 B before wg2 wg2 ==>    0.0000000000000000        0.0000000000000000     
 Q value wg2 wg2 ==>   3.07286077929626550E-005  2.68585909160881841E-006
 B after wg2 wg2 ==>  3.10485758906759720E-005  2.68585909160881841E-006
 LTM d(wg2)/d(wg2)   0.0000000000000000     
 B before wg2 wg2 ==>    0.0000000000000000        0.0000000000000000     
 Q value wg2 wg2 ==>   3.07286077929626617E-005  2.68585909160882010E-006
 B after wg2 wg2 ==>  3.10485758906759923E-005  2.68585909160882010E-006
 LTM d(wg2)/d(wg2)   0.0000000000000000     
 B before wg2 wg2 ==>    0.0000000000000000        0.0000000000000000     
 Q value wg2 wg2 ==>   3.07286077929626550E-005  2.68585909160881841E-006
 B after wg2 wg2 ==>  3.10485758906759720E-005  2.68585909160881841E-006
 LTM d(wg2)/d(wg2)   0.0000000000000000     
 B before wg2 wg2 ==>    0.0000000000000000        0.0000000000000000     
 Q value wg2 wg2 ==>   3.07286077929626550E-005  2.68585909160881841E-006
 B after wg2 wg2 ==>  3.10485758906759720E-005  2.68585909160881841E-006
 LTM d(wg2)/d(wg2)   0.0000000000000000     
 B before wg2 wg2 ==>    0.0000000000000000        0.0000000000000000     
 Q value wg2 wg2 ==>   2.90936028119118281E-005  2.40764508324205215E-006
 B after wg2 wg2 ==>  2.78324173142219536E-005  2.40764508324205215E-006
 LTM d(wg2)/d(wg2)   0.0000000000000000     
 B before wg2 wg2 ==>    0.0000000000000000        0.0000000000000000     
 Q value wg2 wg2 ==>   2.90936028119118281E-005  2.40764508324205215E-006
 B after wg2 wg2 ==>  2.78324173142219536E-005  2.40764508324205215E-006
 LTM d(wg2)/d(wg2)   0.0000000000000000     
 B before wg2 wg2 ==>    0.0000000000000000        0.0000000000000000     
 Q value wg2 wg2 ==>   3.07286077929626550E-005  2.68585909160881841E-006
 B after wg2 wg2 ==>  3.10485758906759720E-005  2.68585909160881841E-006
 LTM d(wg2)/d(wg2)   0.0000000000000000     
 B before wg2 wg2 ==>    0.0000000000000000        0.0000000000000000     
 Q value wg2 wg2 ==>   3.07286077929626550E-005  2.68585909160881841E-006
 B after wg2 wg2 ==>  3.10485758906759720E-005  2.68585909160881841E-006
 LTM d(wg2)/d(wg2)   0.0000000000000000     
 B before wg2 wg2 ==>    0.0000000000000000        0.0000000000000000     
 Q value wg2 wg2 ==>   3.04029659838416442E-005  2.62923474663717567E-006
 B after wg2 wg2 ==>  3.03939975184878905E-005  2.62923474663717567E-006
 LTM d(wg2)/d(wg2)   0.0000000000000000     
 B before wg2 wg2 ==>    0.0000000000000000        0.0000000000000000     
 Q value wg2 wg2 ==>   3.07286077929626550E-005  2.68585909160881841E-006
 B after wg2 wg2 ==>  3.10485758906759720E-005  2.68585909160881841E-006
 LTM d(wg2)/d(wg2)   0.0000000000000000     
 B before wg2 wg2 ==>    0.0000000000000000        0.0000000000000000     
 Q value wg2 wg2 ==>   3.01972330212823327E-005  2.59377175364728646E-006
 B after wg2 wg2 ==>  2.99840447281136380E-005  2.59377175364728646E-006
 LTM d(wg2)/d(wg2)   0.0000000000000000     
 B before wg2 wg2 ==>    0.0000000000000000        0.0000000000000000     
 Q value wg2 wg2 ==>   2.93454751906339267E-005  2.44951300028902770E-006
 B after wg2 wg2 ==>  2.83164111335101011E-005  2.44951300028902770E-006
 LTM d(wg2)/d(wg2)   0.0000000000000000     
 B before wg2 wg2 ==>    0.0000000000000000        0.0000000000000000     
 Q value wg2 wg2 ==>   2.93454751906339301E-005  2.44951300028902855E-006
 B after wg2 wg2 ==>  2.83164111335101113E-005  2.44951300028902855E-006
 LTM d(wg2)/d(wg2)   0.0000000000000000     
 B before wg2 wg2 ==>    0.0000000000000000        0.0000000000000000     
 Q value wg2 wg2 ==>   2.93454751906339267E-005  2.44951300028902770E-006
 B after wg2 wg2 ==>  2.83164111335101011E-005  2.44951300028902770E-006
 LTM d(wg2)/d(wg2)   0.0000000000000000     
 B before wg2 wg2 ==>    0.0000000000000000        0.0000000000000000     
 Q value wg2 wg2 ==>   2.93454751906339301E-005  2.44951300028902855E-006
 B after wg2 wg2 ==>  2.83164111335101113E-005  2.44951300028902855E-006
 LTM d(wg2)/d(wg2)   0.0000000000000000     
 B before wg2 wg2 ==>    0.0000000000000000        0.0000000000000000     
 Q value wg2 wg2 ==>   2.93454751906339301E-005  2.44951300028902855E-006
 B after wg2 wg2 ==>  2.83164111335101113E-005  2.44951300028902855E-006
 LTM d(wg2)/d(wg2)   0.0000000000000000     
 B before wg2 wg2 ==>    0.0000000000000000        0.0000000000000000     
 Q value wg2 wg2 ==>   2.90936028119118281E-005  2.40764508324205215E-006
 B after wg2 wg2 ==>  2.78324173142219536E-005  2.40764508324205215E-006
 LTM d(wg2)/d(wg2)   0.0000000000000000     
 B before wg2 wg2 ==>    0.0000000000000000        0.0000000000000000     
 Q value wg2 wg2 ==>   2.90936028119118349E-005  2.40764508324205300E-006
 B after wg2 wg2 ==>  2.78324173142219637E-005  2.40764508324205300E-006
 LTM d(wg2)/d(wg2)   0.0000000000000000     
 B before wg2 wg2 ==>    0.0000000000000000        0.0000000000000000     
 Q value wg2 wg2 ==>   2.92230175500757331E-005  2.42911219123778632E-006
 B after wg2 wg2 ==>  2.80805774406564535E-005  2.42911219123778632E-006
 LTM d(wg2)/d(wg2)   0.0000000000000000     
 B before wg2 wg2 ==>    0.0000000000000000        0.0000000000000000     
 Q value wg2 wg2 ==>   2.90936028119118281E-005  2.40764508324205215E-006
 B after wg2 wg2 ==>  2.78324173142219536E-005  2.40764508324205215E-006
 LTM d(wg2)/d(wg2)   0.0000000000000000     
 B before wg2 wg2 ==>    0.0000000000000000        0.0000000000000000     
 Q value wg2 wg2 ==>   2.90936028119118281E-005  2.40764508324205215E-006
 B after wg2 wg2 ==>  2.78324173142219536E-005  2.40764508324205215E-006
 LTM d(wg2)/d(wg2)   0.0000000000000000     
 B before wg2 wg2 ==>    0.0000000000000000        0.0000000000000000     
 Q value wg2 wg2 ==>   2.90936028119118281E-005  2.40764508324205215E-006
 B after wg2 wg2 ==>  2.78324173142219536E-005  2.40764508324205215E-006
 LTM d(wg2)/d(wg2)   0.0000000000000000     
 B before wg2 wg2 ==>    0.0000000000000000        0.0000000000000000     
 Q value wg2 wg2 ==>   2.90936028119118281E-005  2.40764508324205215E-006
 B after wg2 wg2 ==>  2.78324173142219536E-005  2.40764508324205215E-006
 LTM d(wg2)/d(wg2)   0.0000000000000000     
 B before wg2 wg2 ==>    0.0000000000000000        0.0000000000000000     
 Q value wg2 wg2 ==>   2.90936028119118281E-005  2.40764508324205215E-006
 B after wg2 wg2 ==>  2.78324173142219536E-005  2.40764508324205215E-006
 LTM d(wg2)/d(wg2)   0.0000000000000000     
 B before wg2 wg2 ==>    0.0000000000000000        0.0000000000000000     
 Q value wg2 wg2 ==>   2.90936028119118281E-005  2.40764508324205215E-006
 B after wg2 wg2 ==>  2.78324173142219536E-005  2.40764508324205215E-006
 LTM d(wg2)/d(wg2)   0.0000000000000000     
 B before wg2 wg2 ==>    0.0000000000000000        0.0000000000000000     
 Q value wg2 wg2 ==>   2.91806759490782810E-005  2.42207814782610668E-006
 B after wg2 wg2 ==>  2.79992637815117269E-005  2.42207814782610668E-006
 LTM d(wg2)/d(wg2)   0.0000000000000000     
 B before wg2 wg2 ==>    0.0000000000000000        0.0000000000000000     
 Q value wg2 wg2 ==>   2.90936028119118281E-005  2.40764508324205215E-006
 B after wg2 wg2 ==>  2.78324173142219536E-005  2.40764508324205215E-006
 LTM d(wg2)/d(wg2)   0.0000000000000000     
 B before wg2 wg2 ==>    0.0000000000000000        0.0000000000000000     
 Q value wg2 wg2 ==>   2.90936028119118281E-005  2.40764508324205215E-006
 B after wg2 wg2 ==>  2.78324173142219536E-005  2.40764508324205215E-006
 LTM d(wg2)/d(wg2)   0.0000000000000000     
 B before wg2 wg2 ==>    0.0000000000000000        0.0000000000000000     
 Q value wg2 wg2 ==>   2.90936028119118281E-005  2.40764508324205215E-006
 B after wg2 wg2 ==>  2.78324173142219536E-005  2.40764508324205215E-006
 LTM d(wg2)/d(wg2)   0.0000000000000000     
 B before wg2 wg2 ==>    0.0000000000000000        0.0000000000000000     
 Q value wg2 wg2 ==>   2.90936028119118281E-005  2.40764508324205215E-006
 B after wg2 wg2 ==>  2.78324173142219536E-005  2.40764508324205215E-006
 LTM d(wg2)/d(wg2)   0.0000000000000000     
 B before wg2 wg2 ==>    0.0000000000000000        0.0000000000000000     
 Q value wg2 wg2 ==>   2.90936028119118281E-005  2.40764508324205215E-006
 B after wg2 wg2 ==>  2.78324173142219536E-005  2.40764508324205215E-006
 LTM d(wg2)/d(wg2)   0.0000000000000000     
 B before wg2 wg2 ==>    0.0000000000000000        0.0000000000000000     
 Q value wg2 wg2 ==>   3.07286077929626550E-005  2.68585909160881841E-006
 B after wg2 wg2 ==>  3.10485758906759720E-005  2.68585909160881841E-006
 LTM d(wg2)/d(wg2)   0.0000000000000000     
 B before wg2 wg2 ==>    0.0000000000000000        0.0000000000000000     
 Q value wg2 wg2 ==>   3.07286077929626550E-005  2.68585909160881841E-006
 B after wg2 wg2 ==>  3.10485758906759720E-005  2.68585909160881841E-006
 LTM d(wg2)/d(wg2)   0.0000000000000000     
 B before wg2 wg2 ==>    0.0000000000000000        0.0000000000000000     
 Q value wg2 wg2 ==>   3.07286077929626550E-005  2.68585909160881841E-006
 B after wg2 wg2 ==>  3.10485758906759720E-005  2.68585909160881841E-006
 LTM d(wg2)/d(wg2)   0.0000000000000000     
 B before wg2 wg2 ==>    0.0000000000000000        0.0000000000000000     
 Q value wg2 wg2 ==>   3.01212029042410758E-005  2.58072708095562267E-006
 B after wg2 wg2 ==>  2.98332480942539119E-005  2.58072708095562267E-006
 LTM d(wg2)/d(wg2)   0.0000000000000000     
 B before wg2 wg2 ==>    0.0000000000000000        0.0000000000000000     
 Q value wg2 wg2 ==>   2.98371687315400340E-005  2.53228554784537707E-006
 B after wg2 wg2 ==>  2.92732631636471332E-005  2.53228554784537707E-006
 LTM d(wg2)/d(wg2)   0.0000000000000000     
 B before wg2 wg2 ==>    0.0000000000000000        0.0000000000000000     
 Q value wg2 wg2 ==>   2.90936028119118281E-005  2.40764508324205215E-006
 B after wg2 wg2 ==>  2.78324173142219536E-005  2.40764508324205215E-006
 LTM d(wg2)/d(wg2)   0.0000000000000000     
 B before wg2 wg2 ==>    0.0000000000000000        0.0000000000000000     
 Q value wg2 wg2 ==>   3.07286077929626550E-005  2.68585909160881841E-006
 B after wg2 wg2 ==>  3.10485758906759720E-005  2.68585909160881841E-006
 LTM d(wg2)/d(wg2)   0.0000000000000000     
 B before wg2 wg2 ==>    0.0000000000000000        0.0000000000000000     
 Q value wg2 wg2 ==>   3.07286077929626550E-005  2.68585909160881841E-006
 B after wg2 wg2 ==>  3.10485758906759720E-005  2.68585909160881841E-006
 LTM d(wg2)/d(wg2)   0.0000000000000000     
 B before wg2 wg2 ==>    0.0000000000000000        0.0000000000000000     
 Q value wg2 wg2 ==>   3.07286077929626550E-005  2.68585909160881841E-006
 B after wg2 wg2 ==>  3.10485758906759720E-005  2.68585909160881841E-006
 LTM d(wg2)/d(wg2)   0.0000000000000000     
 B before wg2 wg2 ==>    0.0000000000000000        0.0000000000000000     
 Q value wg2 wg2 ==>   3.07286077929626550E-005  2.68585909160881841E-006
 B after wg2 wg2 ==>  3.10485758906759720E-005  2.68585909160881841E-006
 LTM d(wg2)/d(wg2)   0.0000000000000000     
 B before wg2 wg2 ==>    0.0000000000000000        0.0000000000000000     
 Q value wg2 wg2 ==>   3.04029660090152940E-005  2.62923475099118717E-006
 B after wg2 wg2 ==>  3.03939975688203365E-005  2.62923475099118717E-006
 LTM d(wg2)/d(wg2)   0.0000000000000000     
 B before wg2 wg2 ==>    0.0000000000000000        0.0000000000000000     
 Q value wg2 wg2 ==>   2.93454751906339301E-005  2.44951300028902855E-006
 B after wg2 wg2 ==>  2.83164111335101113E-005  2.44951300028902855E-006
 LTM d(wg2)/d(wg2)   0.0000000000000000     
 B before wg2 wg2 ==>    0.0000000000000000        0.0000000000000000     
 Q value wg2 wg2 ==>   2.93454751906339267E-005  2.44951300028902770E-006
 B after wg2 wg2 ==>  2.83164111335101011E-005  2.44951300028902770E-006
 LTM d(wg2)/d(wg2)   0.0000000000000000     
 B before wg2 wg2 ==>    0.0000000000000000        0.0000000000000000     
 Q value wg2 wg2 ==>   2.93454751906339301E-005  2.44951300028902855E-006
 B after wg2 wg2 ==>  2.83164111335101113E-005  2.44951300028902855E-006
 LTM d(wg2)/d(wg2)   0.0000000000000000     
 B before wg2 wg2 ==>    0.0000000000000000        0.0000000000000000     
 Q value wg2 wg2 ==>   2.93454751906339301E-005  2.44951300028902855E-006
 B after wg2 wg2 ==>  2.83164111335101113E-005  2.44951300028902855E-006
 LTM d(wg2)/d(wg2)   0.0000000000000000     
 B before wg2 wg2 ==>    0.0000000000000000        0.0000000000000000     
 Q value wg2 wg2 ==>   2.89567310871140741E-005  2.38504469404853643E-006
 B after wg2 wg2 ==>  2.75711564382415392E-005  2.38504469404853643E-006
 LTM d(wg2)/d(wg2)   0.0000000000000000     
 B before wg2 wg2 ==>    0.0000000000000000        0.0000000000000000     
 Q value wg2 wg2 ==>   2.84954954799046985E-005  2.30966972485765470E-006
 B after wg2 wg2 ==>  2.66998205373776437E-005  2.30966972485765470E-006
 LTM d(wg2)/d(wg2)   0.0000000000000000     
 B before wg2 wg2 ==>    0.0000000000000000        0.0000000000000000     
 Q value wg2 wg2 ==>   2.93454751906339301E-005  2.44951300028902855E-006
 B after wg2 wg2 ==>  2.83164111335101113E-005  2.44951300028902855E-006
 LTM d(wg2)/d(wg2)   0.0000000000000000     
 B before wg2 wg2 ==>    0.0000000000000000        0.0000000000000000     
 Q value wg2 wg2 ==>   2.92850867165852387E-005  2.43944193137185302E-006
 B after wg2 wg2 ==>  2.81999894088738228E-005  2.43944193137185302E-006
 LTM d(wg2)/d(wg2)   0.0000000000000000     
 B before wg2 wg2 ==>    0.0000000000000000        0.0000000000000000     
 Q value wg2 wg2 ==>   2.90936028119118281E-005  2.40764508324205215E-006
 B after wg2 wg2 ==>  2.78324173142219536E-005  2.40764508324205215E-006
 LTM d(wg2)/d(wg2)   0.0000000000000000     
 B before wg2 wg2 ==>    0.0000000000000000        0.0000000000000000     
 Q value wg2 wg2 ==>   2.90936028119118281E-005  2.40764508324205215E-006
 B after wg2 wg2 ==>  2.78324173142219536E-005  2.40764508324205215E-006
 LTM d(wg2)/d(wg2)   0.0000000000000000     
 B before wg2 wg2 ==>    0.0000000000000000        0.0000000000000000     
 Q value wg2 wg2 ==>   2.90936028119118281E-005  2.40764508324205215E-006
 B after wg2 wg2 ==>  2.78324173142219536E-005  2.40764508324205215E-006
 LTM d(wg2)/d(wg2)   0.0000000000000000     
 B before wg2 wg2 ==>    0.0000000000000000        0.0000000000000000     
 Q value wg2 wg2 ==>   2.90936028119118281E-005  2.40764508324205215E-006
 B after wg2 wg2 ==>  2.78324173142219536E-005  2.40764508324205215E-006
 LTM d(wg2)/d(wg2)   0.0000000000000000     
 B before wg2 wg2 ==>    0.0000000000000000        0.0000000000000000     
 Q value wg2 wg2 ==>   2.90936028119118281E-005  2.40764508324205215E-006
 B after wg2 wg2 ==>  2.78324173142219536E-005  2.40764508324205215E-006
 LTM d(wg2)/d(wg2)   0.0000000000000000     
 B before wg2 wg2 ==>    0.0000000000000000        0.0000000000000000     
 Q value wg2 wg2 ==>   2.90936028119118281E-005  2.40764508324205215E-006
 B after wg2 wg2 ==>  2.78324173142219536E-005  2.40764508324205215E-006
 LTM d(wg2)/d(wg2)   0.0000000000000000     
 B before wg2 wg2 ==>    0.0000000000000000        0.0000000000000000     
 Q value wg2 wg2 ==>   2.90936028119118281E-005  2.40764508324205215E-006
 B after wg2 wg2 ==>  2.78324173142219536E-005  2.40764508324205215E-006
 LTM d(wg2)/d(wg2)   0.0000000000000000     
 B before wg2 wg2 ==>    0.0000000000000000        0.0000000000000000     
 Q value wg2 wg2 ==>   2.90936028119118281E-005  2.40764508324205215E-006
 B after wg2 wg2 ==>  2.78324173142219536E-005  2.40764508324205215E-006
 LTM d(wg2)/d(wg2)   0.0000000000000000     
 B before wg2 wg2 ==>    0.0000000000000000        0.0000000000000000     
 Q value wg2 wg2 ==>   2.90936028119118281E-005  2.40764508324205215E-006
 B after wg2 wg2 ==>  2.78324173142219536E-005  2.40764508324205215E-006
 LTM d(wg2)/d(wg2)   0.0000000000000000     
 B before wg2 wg2 ==>    0.0000000000000000        0.0000000000000000     
 Q value wg2 wg2 ==>   2.90936028119118281E-005  2.40764508324205215E-006
 B after wg2 wg2 ==>  2.78324173142219536E-005  2.40764508324205215E-006
 LTM d(wg2)/d(wg2)   0.0000000000000000     
 B before wg2 wg2 ==>    0.0000000000000000        0.0000000000000000     
 Q value wg2 wg2 ==>   2.90936028119118281E-005  2.40764508324205215E-006
 B after wg2 wg2 ==>  2.78324173142219536E-005  2.40764508324205215E-006
 LTM d(wg2)/d(wg2)   0.0000000000000000     
 B before wg2 wg2 ==>    0.0000000000000000        0.0000000000000000     
 Q value wg2 wg2 ==>   2.90936028119118281E-005  2.40764508324205215E-006
 B after wg2 wg2 ==>  2.78324173142219536E-005  2.40764508324205215E-006
 LTM d(wg2)/d(wg2)   0.0000000000000000     
 B before wg2 wg2 ==>    0.0000000000000000        0.0000000000000000     
 Q value wg2 wg2 ==>   3.07286077929626550E-005  2.68585909160881841E-006
 B after wg2 wg2 ==>  3.10485758906759720E-005  2.68585909160881841E-006
 LTM d(wg2)/d(wg2)   0.0000000000000000     
 B before wg2 wg2 ==>    0.0000000000000000        0.0000000000000000     
 Q value wg2 wg2 ==>   3.07286077929626550E-005  2.68585909160881841E-006
 B after wg2 wg2 ==>  3.10485758906759720E-005  2.68585909160881841E-006
 LTM d(wg2)/d(wg2)   0.0000000000000000     
 B before wg2 wg2 ==>    0.0000000000000000        0.0000000000000000     
 Q value wg2 wg2 ==>   3.07286077929626550E-005  2.68585909160881841E-006
 B after wg2 wg2 ==>  3.10485758906759720E-005  2.68585909160881841E-006
 LTM d(wg2)/d(wg2)   0.0000000000000000     
 B before wg2 wg2 ==>    0.0000000000000000        0.0000000000000000     
 Q value wg2 wg2 ==>   2.90936028119118281E-005  2.40764508324205215E-006
 B after wg2 wg2 ==>  2.78324173142219536E-005  2.40764508324205215E-006
 LTM d(wg2)/d(wg2)   0.0000000000000000     
 B before wg2 wg2 ==>    0.0000000000000000        0.0000000000000000     
 Q value wg2 wg2 ==>   2.90936028119118281E-005  2.40764508324205215E-006
 B after wg2 wg2 ==>  2.78324173142219536E-005  2.40764508324205215E-006
 LTM d(wg2)/d(wg2)   0.0000000000000000     
 B before wg2 wg2 ==>    0.0000000000000000        0.0000000000000000     
 Q value wg2 wg2 ==>   2.90936028119118281E-005  2.40764508324205215E-006
 B after wg2 wg2 ==>  2.78324173142219536E-005  2.40764508324205215E-006
 LTM d(wg2)/d(wg2)   0.0000000000000000     
 B before wg2 wg2 ==>    0.0000000000000000        0.0000000000000000     
 Q value wg2 wg2 ==>   3.07286077929626550E-005  2.68585909160881841E-006
 B after wg2 wg2 ==>  3.10485758906759720E-005  2.68585909160881841E-006
 LTM d(wg2)/d(wg2)   0.0000000000000000     
 B before wg2 wg2 ==>    0.0000000000000000        0.0000000000000000     
 Q value wg2 wg2 ==>   3.07286077929626550E-005  2.68585909160881841E-006
 B after wg2 wg2 ==>  3.10485758906759720E-005  2.68585909160881841E-006
 LTM d(wg2)/d(wg2)   0.0000000000000000     
 B before wg2 wg2 ==>    0.0000000000000000        0.0000000000000000     
 Q value wg2 wg2 ==>   3.07286077929626550E-005  2.68585909160881841E-006
 B after wg2 wg2 ==>  3.10485758906759720E-005  2.68585909160881841E-006
 LTM d(wg2)/d(wg2)   0.0000000000000000     
 B before wg2 wg2 ==>    0.0000000000000000        0.0000000000000000     
 Q value wg2 wg2 ==>   3.07286077929626550E-005  2.68585909160881841E-006
 B after wg2 wg2 ==>  3.10485758906759720E-005  2.68585909160881841E-006
 LTM d(wg2)/d(wg2)   0.0000000000000000     
 B before wg2 wg2 ==>    0.0000000000000000        0.0000000000000000     
 Q value wg2 wg2 ==>   3.07286077929626550E-005  2.68585909160881841E-006
 B after wg2 wg2 ==>  3.10485758906759720E-005  2.68585909160881841E-006
 LTM d(wg2)/d(wg2)   0.0000000000000000     
 B before wg2 wg2 ==>    0.0000000000000000        0.0000000000000000     
 Q value wg2 wg2 ==>   2.98216255695461067E-005  2.52964793346903053E-006
 B after wg2 wg2 ==>  2.92427722974694574E-005  2.52964793346903053E-006
 LTM d(wg2)/d(wg2)   0.0000000000000000     
 B before wg2 wg2 ==>    0.0000000000000000        0.0000000000000000     
 Q value wg2 wg2 ==>   2.93454751906339301E-005  2.44951300028902855E-006
 B after wg2 wg2 ==>  2.83164111335101113E-005  2.44951300028902855E-006
 LTM d(wg2)/d(wg2)   0.0000000000000000     
 B before wg2 wg2 ==>    0.0000000000000000        0.0000000000000000     
 Q value wg2 wg2 ==>   2.93454751906339267E-005  2.44951300028902770E-006
 B after wg2 wg2 ==>  2.83164111335101011E-005  2.44951300028902770E-006
 LTM d(wg2)/d(wg2)   0.0000000000000000     
 B before wg2 wg2 ==>    0.0000000000000000        0.0000000000000000     
 Q value wg2 wg2 ==>   2.93454751906339267E-005  2.44951300028902770E-006
 B after wg2 wg2 ==>  2.83164111335101011E-005  2.44951300028902770E-006
 LTM d(wg2)/d(wg2)   0.0000000000000000     
 B before wg2 wg2 ==>    0.0000000000000000        0.0000000000000000     
 Q value wg2 wg2 ==>   2.84954954799046985E-005  2.30966972485765470E-006
 B after wg2 wg2 ==>  2.66998205373776437E-005  2.30966972485765470E-006
 LTM d(wg2)/d(wg2)   0.0000000000000000     
 B before wg2 wg2 ==>    0.0000000000000000        0.0000000000000000     
 Q value wg2 wg2 ==>   2.84954954799046985E-005  2.30966972485765470E-006
 B after wg2 wg2 ==>  2.66998205373776437E-005  2.30966972485765470E-006
 LTM d(wg2)/d(wg2)   0.0000000000000000     
 B before wg2 wg2 ==>    0.0000000000000000        0.0000000000000000     
 Q value wg2 wg2 ==>   2.93454751906339301E-005  2.44951300028902855E-006
 B after wg2 wg2 ==>  2.83164111335101113E-005  2.44951300028902855E-006
 LTM d(wg2)/d(wg2)   0.0000000000000000     
 B before wg2 wg2 ==>    0.0000000000000000        0.0000000000000000     
 Q value wg2 wg2 ==>   2.93454751906339301E-005  2.44951300028902855E-006
 B after wg2 wg2 ==>  2.83164111335101113E-005  2.44951300028902855E-006
 LTM d(wg2)/d(wg2)   0.0000000000000000     
 B before wg2 wg2 ==>    0.0000000000000000        0.0000000000000000     
 Q value wg2 wg2 ==>   2.91806759490782810E-005  2.42207814782610668E-006
 B after wg2 wg2 ==>  2.79992637815117269E-005  2.42207814782610668E-006
 LTM d(wg2)/d(wg2)   0.0000000000000000     
 B before wg2 wg2 ==>    0.0000000000000000        0.0000000000000000     
 Q value wg2 wg2 ==>   2.90936028119118281E-005  2.40764508324205215E-006
 B after wg2 wg2 ==>  2.78324173142219536E-005  2.40764508324205215E-006
 LTM d(wg2)/d(wg2)   0.0000000000000000     
 B before wg2 wg2 ==>    0.0000000000000000        0.0000000000000000     
 Q value wg2 wg2 ==>   2.90936028119118281E-005  2.40764508324205215E-006
 B after wg2 wg2 ==>  2.78324173142219536E-005  2.40764508324205215E-006
 LTM d(wg2)/d(wg2)   0.0000000000000000     
 B before wg2 wg2 ==>    0.0000000000000000        0.0000000000000000     
 Q value wg2 wg2 ==>   2.90936028119118281E-005  2.40764508324205215E-006
 B after wg2 wg2 ==>  2.78324173142219536E-005  2.40764508324205215E-006
 LTM d(wg2)/d(wg2)   0.0000000000000000     
 B before wg2 wg2 ==>    0.0000000000000000        0.0000000000000000     
 Q value wg2 wg2 ==>   2.90936028119118281E-005  2.40764508324205215E-006
 B after wg2 wg2 ==>  2.78324173142219536E-005  2.40764508324205215E-006
 LTM d(wg2)/d(wg2)   0.0000000000000000     
 B before wg2 wg2 ==>    0.0000000000000000        0.0000000000000000     
 Q value wg2 wg2 ==>   2.90936028119118281E-005  2.40764508324205215E-006
 B after wg2 wg2 ==>  2.78324173142219536E-005  2.40764508324205215E-006
 LTM d(wg2)/d(wg2)   0.0000000000000000     
 B before wg2 wg2 ==>    0.0000000000000000        0.0000000000000000     
 Q value wg2 wg2 ==>   2.90936028119118281E-005  2.40764508324205215E-006
 B after wg2 wg2 ==>  2.78324173142219536E-005  2.40764508324205215E-006
 LTM d(wg2)/d(wg2)   0.0000000000000000     
 B before wg2 wg2 ==>    0.0000000000000000        0.0000000000000000     
 Q value wg2 wg2 ==>   2.90936028119118281E-005  2.40764508324205215E-006
 B after wg2 wg2 ==>  2.78324173142219536E-005  2.40764508324205215E-006
 LTM d(wg2)/d(wg2)   0.0000000000000000     
 B before wg2 wg2 ==>    0.0000000000000000        0.0000000000000000     
 Q value wg2 wg2 ==>   2.90936028119118281E-005  2.40764508324205215E-006
 B after wg2 wg2 ==>  2.78324173142219536E-005  2.40764508324205215E-006
 LTM d(wg2)/d(wg2)   0.0000000000000000     
 B before wg2 wg2 ==>    0.0000000000000000        0.0000000000000000     
 Q value wg2 wg2 ==>   2.90936028119118281E-005  2.40764508324205215E-006
 B after wg2 wg2 ==>  2.78324173142219536E-005  2.40764508324205215E-006
 LTM d(wg2)/d(wg2)   0.0000000000000000     
 B before wg2 wg2 ==>    0.0000000000000000        0.0000000000000000     
 Q value wg2 wg2 ==>   3.01212029042410758E-005  2.58072708095562267E-006
 B after wg2 wg2 ==>  2.98332480942539119E-005  2.58072708095562267E-006
 LTM d(wg2)/d(wg2)   0.0000000000000000     
 B before wg2 wg2 ==>    0.0000000000000000        0.0000000000000000     
 Q value wg2 wg2 ==>   3.07286077929626550E-005  2.68585909160881841E-006
 B after wg2 wg2 ==>  3.10485758906759720E-005  2.68585909160881841E-006
 LTM d(wg2)/d(wg2)   0.0000000000000000     
 B before wg2 wg2 ==>    0.0000000000000000        0.0000000000000000     
 Q value wg2 wg2 ==>   3.02912610691424041E-005  2.60994985858543572E-006
 B after wg2 wg2 ==>  3.01710638909985264E-005  2.60994985858543572E-006
 LTM d(wg2)/d(wg2)   0.0000000000000000     
 B before wg2 wg2 ==>    0.0000000000000000        0.0000000000000000     
 Q value wg2 wg2 ==>   3.07286077929626550E-005  2.68585909160881841E-006
 B after wg2 wg2 ==>  3.10485758906759720E-005  2.68585909160881841E-006
 LTM d(wg2)/d(wg2)   0.0000000000000000     
 B before wg2 wg2 ==>    0.0000000000000000        0.0000000000000000     
 Q value wg2 wg2 ==>   2.90936028119118281E-005  2.40764508324205215E-006
 B after wg2 wg2 ==>  2.78324173142219536E-005  2.40764508324205215E-006
 LTM d(wg2)/d(wg2)   0.0000000000000000     
 B before wg2 wg2 ==>    0.0000000000000000        0.0000000000000000     
 Q value wg2 wg2 ==>   2.98371687315400340E-005  2.53228554784537707E-006
 B after wg2 wg2 ==>  2.92732631636471332E-005  2.53228554784537707E-006
 LTM d(wg2)/d(wg2)   0.0000000000000000     
 B before wg2 wg2 ==>    0.0000000000000000        0.0000000000000000     
 Q value wg2 wg2 ==>   2.90936028119118281E-005  2.40764508324205215E-006
 B after wg2 wg2 ==>  2.78324173142219536E-005  2.40764508324205215E-006
 LTM d(wg2)/d(wg2)   0.0000000000000000     
 B before wg2 wg2 ==>    0.0000000000000000        0.0000000000000000     
 Q value wg2 wg2 ==>   2.90936028119118281E-005  2.40764508324205215E-006
 B after wg2 wg2 ==>  2.78324173142219536E-005  2.40764508324205215E-006
 LTM d(wg2)/d(wg2)   0.0000000000000000     
 B before wg2 wg2 ==>    0.0000000000000000        0.0000000000000000     
 Q value wg2 wg2 ==>   2.90936028119118281E-005  2.40764508324205215E-006
 B after wg2 wg2 ==>  2.78324173142219536E-005  2.40764508324205215E-006
 LTM d(wg2)/d(wg2)   0.0000000000000000     
 B before wg2 wg2 ==>    0.0000000000000000        0.0000000000000000     
 Q value wg2 wg2 ==>   3.03599869147065149E-005  2.62180637997838445E-006
 B after wg2 wg2 ==>  3.03081254760304839E-005  2.62180637997838445E-006
 LTM d(wg2)/d(wg2)   0.0000000000000000     
 B before wg2 wg2 ==>    0.0000000000000000        0.0000000000000000     
 Q value wg2 wg2 ==>   3.07286077929626550E-005  2.68585909160881841E-006
 B after wg2 wg2 ==>  3.10485758906759720E-005  2.68585909160881841E-006
 LTM d(wg2)/d(wg2)   0.0000000000000000     
 B before wg2 wg2 ==>    0.0000000000000000        0.0000000000000000     
 Q value wg2 wg2 ==>   3.07286077929626550E-005  2.68585909160881841E-006
 B after wg2 wg2 ==>  3.10485758906759720E-005  2.68585909160881841E-006
 LTM d(wg2)/d(wg2)   0.0000000000000000     
 B before wg2 wg2 ==>    0.0000000000000000        0.0000000000000000     
 Q value wg2 wg2 ==>   3.07286077929626550E-005  2.68585909160881841E-006
 B after wg2 wg2 ==>  3.10485758906759720E-005  2.68585909160881841E-006
 LTM d(wg2)/d(wg2)   0.0000000000000000     
 B before wg2 wg2 ==>    0.0000000000000000        0.0000000000000000     
 Q value wg2 wg2 ==>   3.07286077929626550E-005  2.68585909160881841E-006
 B after wg2 wg2 ==>  3.10485758906759720E-005  2.68585909160881841E-006
 LTM d(wg2)/d(wg2)   0.0000000000000000     
 B before wg2 wg2 ==>    0.0000000000000000        0.0000000000000000     
 Q value wg2 wg2 ==>   3.01972330212823327E-005  2.59377175364728646E-006
 B after wg2 wg2 ==>  2.99840447281136380E-005  2.59377175364728646E-006
 LTM d(wg2)/d(wg2)   0.0000000000000000     
 B before wg2 wg2 ==>    0.0000000000000000        0.0000000000000000     
 Q value wg2 wg2 ==>   2.93454751906339267E-005  2.44951300028902770E-006
 B after wg2 wg2 ==>  2.83164111335101011E-005  2.44951300028902770E-006
 LTM d(wg2)/d(wg2)   0.0000000000000000     
 B before wg2 wg2 ==>    0.0000000000000000        0.0000000000000000     
 Q value wg2 wg2 ==>   2.93454751906339267E-005  2.44951300028902770E-006
 B after wg2 wg2 ==>  2.83164111335101011E-005  2.44951300028902770E-006
 LTM d(wg2)/d(wg2)   0.0000000000000000     
 B before wg2 wg2 ==>    0.0000000000000000        0.0000000000000000     
 Q value wg2 wg2 ==>   2.93454751906339301E-005  2.44951300028902855E-006
 B after wg2 wg2 ==>  2.83164111335101113E-005  2.44951300028902855E-006
 LTM d(wg2)/d(wg2)   0.0000000000000000     
 B before wg2 wg2 ==>    0.0000000000000000        0.0000000000000000     
 Q value wg2 wg2 ==>   2.84954954799046985E-005  2.30966972485765470E-006
 B after wg2 wg2 ==>  2.66998205373776437E-005  2.30966972485765470E-006
 LTM d(wg2)/d(wg2)   0.0000000000000000     
 B before wg2 wg2 ==>    0.0000000000000000        0.0000000000000000     
 Q value wg2 wg2 ==>   2.84954954799046985E-005  2.30966972485765470E-006
 B after wg2 wg2 ==>  2.66998205373776437E-005  2.30966972485765470E-006
 LTM d(wg2)/d(wg2)   0.0000000000000000     
 B before wg2 wg2 ==>    0.0000000000000000        0.0000000000000000     
 Q value wg2 wg2 ==>   2.93454751906339301E-005  2.44951300028902855E-006
 B after wg2 wg2 ==>  2.83164111335101113E-005  2.44951300028902855E-006
 LTM d(wg2)/d(wg2)   0.0000000000000000     
 B before wg2 wg2 ==>    0.0000000000000000        0.0000000000000000     
 Q value wg2 wg2 ==>   2.93454751906339301E-005  2.44951300028902855E-006
 B after wg2 wg2 ==>  2.83164111335101113E-005  2.44951300028902855E-006
 LTM d(wg2)/d(wg2)   0.0000000000000000     
 B before wg2 wg2 ==>    0.0000000000000000        0.0000000000000000     
 Q value wg2 wg2 ==>   2.93454751906339267E-005  2.44951300028902770E-006
 B after wg2 wg2 ==>  2.83164111335101011E-005  2.44951300028902770E-006
 LTM d(wg2)/d(wg2)   0.0000000000000000     
 B before wg2 wg2 ==>    0.0000000000000000        0.0000000000000000     
 Q value wg2 wg2 ==>   2.90936028119118281E-005  2.40764508324205215E-006
 B after wg2 wg2 ==>  2.78324173142219536E-005  2.40764508324205215E-006
 LTM d(wg2)/d(wg2)   0.0000000000000000     
 B before wg2 wg2 ==>    0.0000000000000000        0.0000000000000000     
 Q value wg2 wg2 ==>   2.90936028119118281E-005  2.40764508324205215E-006
 B after wg2 wg2 ==>  2.78324173142219536E-005  2.40764508324205215E-006
 LTM d(wg2)/d(wg2)   0.0000000000000000     
 B before wg2 wg2 ==>    0.0000000000000000        0.0000000000000000     
 Q value wg2 wg2 ==>   2.90936028119118281E-005  2.40764508324205215E-006
 B after wg2 wg2 ==>  2.78324173142219536E-005  2.40764508324205215E-006
 LTM d(wg2)/d(wg2)   0.0000000000000000     
 B before wg2 wg2 ==>    0.0000000000000000        0.0000000000000000     
 Q value wg2 wg2 ==>   2.90936028119118281E-005  2.40764508324205215E-006
 B after wg2 wg2 ==>  2.78324173142219536E-005  2.40764508324205215E-006
 LTM d(wg2)/d(wg2)   0.0000000000000000     
 B before wg2 wg2 ==>    0.0000000000000000        0.0000000000000000     
 Q value wg2 wg2 ==>   2.90936028119118281E-005  2.40764508324205215E-006
 B after wg2 wg2 ==>  2.78324173142219536E-005  2.40764508324205215E-006
 LTM d(wg2)/d(wg2)   0.0000000000000000     
 B before wg2 wg2 ==>    0.0000000000000000        0.0000000000000000     
 Q value wg2 wg2 ==>   2.90936028119118281E-005  2.40764508324205215E-006
 B after wg2 wg2 ==>  2.78324173142219536E-005  2.40764508324205215E-006
 LTM d(wg2)/d(wg2)   0.0000000000000000     
 B before wg2 wg2 ==>    0.0000000000000000        0.0000000000000000     
 Q value wg2 wg2 ==>   2.90936028119118281E-005  2.40764508324205215E-006
 B after wg2 wg2 ==>  2.78324173142219536E-005  2.40764508324205215E-006
 LTM d(wg2)/d(wg2)   0.0000000000000000     
 B before wg2 wg2 ==>    0.0000000000000000        0.0000000000000000     
 Q value wg2 wg2 ==>   2.90936028119118281E-005  2.40764508324205215E-006
 B after wg2 wg2 ==>  2.78324173142219536E-005  2.40764508324205215E-006
 LTM d(wg2)/d(wg2)   0.0000000000000000     
 B before wg2 wg2 ==>    0.0000000000000000        0.0000000000000000     
 Q value wg2 wg2 ==>   2.90936028119118281E-005  2.40764508324205215E-006
 B after wg2 wg2 ==>  2.78324173142219536E-005  2.40764508324205215E-006
 LTM d(wg2)/d(wg2)   0.0000000000000000     
 B before wg2 wg2 ==>    0.0000000000000000        0.0000000000000000     
 Q value wg2 wg2 ==>   3.03599869147065250E-005  2.62180637997838615E-006
 B after wg2 wg2 ==>  3.03081254760305009E-005  2.62180637997838615E-006
 LTM d(wg2)/d(wg2)   0.0000000000000000     
 B before wg2 wg2 ==>    0.0000000000000000        0.0000000000000000     
 Q value wg2 wg2 ==>   3.07286077929626550E-005  2.68585909160881841E-006
 B after wg2 wg2 ==>  3.10485758906759720E-005  2.68585909160881841E-006
 LTM d(wg2)/d(wg2)   0.0000000000000000     
 B before wg2 wg2 ==>    0.0000000000000000        0.0000000000000000     
 Q value wg2 wg2 ==>   2.99567439760672274E-005  2.55262296077550968E-006
 B after wg2 wg2 ==>  2.95083639962835194E-005  2.55262296077550968E-006
 LTM d(wg2)/d(wg2)   0.0000000000000000     
 B before wg2 wg2 ==>    0.0000000000000000        0.0000000000000000     
 Q value wg2 wg2 ==>   2.97781172930465440E-005  2.52227205551911170E-006
 B after wg2 wg2 ==>  2.91575070253619612E-005  2.52227205551911170E-006
 LTM d(wg2)/d(wg2)   0.0000000000000000     
 B before wg2 wg2 ==>    0.0000000000000000        0.0000000000000000     
 Q value wg2 wg2 ==>   3.03599869147065250E-005  2.62180637997838615E-006
 B after wg2 wg2 ==>  3.03081254760305009E-005  2.62180637997838615E-006
 LTM d(wg2)/d(wg2)   0.0000000000000000     
 B before wg2 wg2 ==>    0.0000000000000000        0.0000000000000000     
 Q value wg2 wg2 ==>   2.90936028119118281E-005  2.40764508324205215E-006
 B after wg2 wg2 ==>  2.78324173142219536E-005  2.40764508324205215E-006
 LTM d(wg2)/d(wg2)   0.0000000000000000     
 B before wg2 wg2 ==>    0.0000000000000000        0.0000000000000000     
 Q value wg2 wg2 ==>   2.90936028119118281E-005  2.40764508324205215E-006
 B after wg2 wg2 ==>  2.78324173142219536E-005  2.40764508324205215E-006
 LTM d(wg2)/d(wg2)   0.0000000000000000     
 B before wg2 wg2 ==>    0.0000000000000000        0.0000000000000000     
 Q value wg2 wg2 ==>   2.90936028119118281E-005  2.40764508324205215E-006
 B after wg2 wg2 ==>  2.78324173142219536E-005  2.40764508324205215E-006
 LTM d(wg2)/d(wg2)   0.0000000000000000     
 B before wg2 wg2 ==>    0.0000000000000000        0.0000000000000000     
 Q value wg2 wg2 ==>   2.90936028119118281E-005  2.40764508324205215E-006
 B after wg2 wg2 ==>  2.78324173142219536E-005  2.40764508324205215E-006
 LTM d(wg2)/d(wg2)   0.0000000000000000     
 B before wg2 wg2 ==>    0.0000000000000000        0.0000000000000000     
 Q value wg2 wg2 ==>   2.90936028119118281E-005  2.40764508324205215E-006
 B after wg2 wg2 ==>  2.78324173142219536E-005  2.40764508324205215E-006
 LTM d(wg2)/d(wg2)   0.0000000000000000     
 B before wg2 wg2 ==>    0.0000000000000000        0.0000000000000000     
 Q value wg2 wg2 ==>   2.90936028119118281E-005  2.40764508324205215E-006
 B after wg2 wg2 ==>  2.78324173142219536E-005  2.40764508324205215E-006
 LTM d(wg2)/d(wg2)   0.0000000000000000     
 B before wg2 wg2 ==>    0.0000000000000000        0.0000000000000000     
 Q value wg2 wg2 ==>   2.90936028119118281E-005  2.40764508324205215E-006
 B after wg2 wg2 ==>  2.78324173142219536E-005  2.40764508324205215E-006
 LTM d(wg2)/d(wg2)   0.0000000000000000     
 B before wg2 wg2 ==>    0.0000000000000000        0.0000000000000000     
 Q value wg2 wg2 ==>   3.03599869147065250E-005  2.62180637997838615E-006
 B after wg2 wg2 ==>  3.03081254760305009E-005  2.62180637997838615E-006
 LTM d(wg2)/d(wg2)   0.0000000000000000     
 B before wg2 wg2 ==>    0.0000000000000000        0.0000000000000000     
 Q value wg2 wg2 ==>   3.07286077929626550E-005  2.68585909160881841E-006
 B after wg2 wg2 ==>  3.10485758906759720E-005  2.68585909160881841E-006
 LTM d(wg2)/d(wg2)   0.0000000000000000     
 B before wg2 wg2 ==>    0.0000000000000000        0.0000000000000000     
 Q value wg2 wg2 ==>   3.07286077929626550E-005  2.68585909160881841E-006
 B after wg2 wg2 ==>  3.10485758906759720E-005  2.68585909160881841E-006
 LTM d(wg2)/d(wg2)   0.0000000000000000     
 B before wg2 wg2 ==>    0.0000000000000000        0.0000000000000000     
 Q value wg2 wg2 ==>   3.07286077929626550E-005  2.68585909160881841E-006
 B after wg2 wg2 ==>  3.10485758906759720E-005  2.68585909160881841E-006
 LTM d(wg2)/d(wg2)   0.0000000000000000     
 B before wg2 wg2 ==>    0.0000000000000000        0.0000000000000000     
 Q value wg2 wg2 ==>   3.07286077929626550E-005  2.68585909160881841E-006
 B after wg2 wg2 ==>  3.10485758906759720E-005  2.68585909160881841E-006
 LTM d(wg2)/d(wg2)   0.0000000000000000     
 B before wg2 wg2 ==>    0.0000000000000000        0.0000000000000000     
 Q value wg2 wg2 ==>   2.93454751906339301E-005  2.44951300028902855E-006
 B after wg2 wg2 ==>  2.83164111335101113E-005  2.44951300028902855E-006
 LTM d(wg2)/d(wg2)   0.0000000000000000     
 B before wg2 wg2 ==>    0.0000000000000000        0.0000000000000000     
 Q value wg2 wg2 ==>   2.93454751906339301E-005  2.44951300028902855E-006
 B after wg2 wg2 ==>  2.83164111335101113E-005  2.44951300028902855E-006
 LTM d(wg2)/d(wg2)   0.0000000000000000     
 B before wg2 wg2 ==>    0.0000000000000000        0.0000000000000000     
 Q value wg2 wg2 ==>   2.87362103846563453E-005  2.34885628379372450E-006
 B after wg2 wg2 ==>  2.71528178121871046E-005  2.34885628379372450E-006
 LTM d(wg2)/d(wg2)   0.0000000000000000     
 B before wg2 wg2 ==>    0.0000000000000000        0.0000000000000000     
 Q value wg2 wg2 ==>   2.84954954799046985E-005  2.30966972485765470E-006
 B after wg2 wg2 ==>  2.66998205373776437E-005  2.30966972485765470E-006
 LTM d(wg2)/d(wg2)   0.0000000000000000     
 B before wg2 wg2 ==>    0.0000000000000000        0.0000000000000000     
 Q value wg2 wg2 ==>   2.84954954799046985E-005  2.30966972485765470E-006
 B after wg2 wg2 ==>  2.66998205373776437E-005  2.30966972485765470E-006
 LTM d(wg2)/d(wg2)   0.0000000000000000     
 B before wg2 wg2 ==>    0.0000000000000000        0.0000000000000000     
 Q value wg2 wg2 ==>   2.93454751906339267E-005  2.44951300028902770E-006
 B after wg2 wg2 ==>  2.83164111335101011E-005  2.44951300028902770E-006
 LTM d(wg2)/d(wg2)   0.0000000000000000     
 B before wg2 wg2 ==>    0.0000000000000000        0.0000000000000000     
 Q value wg2 wg2 ==>   2.93454751906339267E-005  2.44951300028902770E-006
 B after wg2 wg2 ==>  2.83164111335101011E-005  2.44951300028902770E-006
 LTM d(wg2)/d(wg2)   0.0000000000000000     
 B before wg2 wg2 ==>    0.0000000000000000        0.0000000000000000     
 Q value wg2 wg2 ==>   2.93454751906339301E-005  2.44951300028902855E-006
 B after wg2 wg2 ==>  2.83164111335101113E-005  2.44951300028902855E-006
 LTM d(wg2)/d(wg2)   0.0000000000000000     
 B before wg2 wg2 ==>    0.0000000000000000        0.0000000000000000     
 Q value wg2 wg2 ==>   2.90936028119118281E-005  2.40764508324205215E-006
 B after wg2 wg2 ==>  2.78324173142219536E-005  2.40764508324205215E-006
 LTM d(wg2)/d(wg2)   0.0000000000000000     
 B before wg2 wg2 ==>    0.0000000000000000        0.0000000000000000     
 Q value wg2 wg2 ==>   2.90936028119118281E-005  2.40764508324205215E-006
 B after wg2 wg2 ==>  2.78324173142219536E-005  2.40764508324205215E-006
 LTM d(wg2)/d(wg2)   0.0000000000000000     
 B before wg2 wg2 ==>    0.0000000000000000        0.0000000000000000     
 Q value wg2 wg2 ==>   2.90936028119118281E-005  2.40764508324205215E-006
 B after wg2 wg2 ==>  2.78324173142219536E-005  2.40764508324205215E-006
 LTM d(wg2)/d(wg2)   0.0000000000000000     
 B before wg2 wg2 ==>    0.0000000000000000        0.0000000000000000     
 Q value wg2 wg2 ==>   2.90936028119118281E-005  2.40764508324205215E-006
 B after wg2 wg2 ==>  2.78324173142219536E-005  2.40764508324205215E-006
 LTM d(wg2)/d(wg2)   0.0000000000000000     
 B before wg2 wg2 ==>    0.0000000000000000        0.0000000000000000     
 Q value wg2 wg2 ==>   2.90936028119118281E-005  2.40764508324205215E-006
 B after wg2 wg2 ==>  2.78324173142219536E-005  2.40764508324205215E-006
 LTM d(wg2)/d(wg2)   0.0000000000000000     
 B before wg2 wg2 ==>    0.0000000000000000        0.0000000000000000     
 Q value wg2 wg2 ==>   2.90936028119118281E-005  2.40764508324205215E-006
 B after wg2 wg2 ==>  2.78324173142219536E-005  2.40764508324205215E-006
 LTM d(wg2)/d(wg2)   0.0000000000000000     
 B before wg2 wg2 ==>    0.0000000000000000        0.0000000000000000     
 Q value wg2 wg2 ==>   2.98371687315400510E-005  2.53228554784538003E-006
 B after wg2 wg2 ==>  2.92732631636471671E-005  2.53228554784538003E-006
 LTM d(wg2)/d(wg2)   0.0000000000000000     
 B before wg2 wg2 ==>    0.0000000000000000        0.0000000000000000     
 Q value wg2 wg2 ==>   3.07286077929626550E-005  2.68585909160881841E-006
 B after wg2 wg2 ==>  3.10485758906759720E-005  2.68585909160881841E-006
 LTM d(wg2)/d(wg2)   0.0000000000000000     
 B before wg2 wg2 ==>    0.0000000000000000        0.0000000000000000     
 Q value wg2 wg2 ==>   3.07286077929626550E-005  2.68585909160881841E-006
 B after wg2 wg2 ==>  3.10485758906759720E-005  2.68585909160881841E-006
 LTM d(wg2)/d(wg2)   0.0000000000000000     
 B before wg2 wg2 ==>    0.0000000000000000        0.0000000000000000     
 Q value wg2 wg2 ==>   3.07286077929626550E-005  2.68585909160881841E-006
 B after wg2 wg2 ==>  3.10485758906759720E-005  2.68585909160881841E-006
 LTM d(wg2)/d(wg2)   0.0000000000000000     
 B before wg2 wg2 ==>    0.0000000000000000        0.0000000000000000     
 Q value wg2 wg2 ==>   2.99567439760672274E-005  2.55262296077550968E-006
 B after wg2 wg2 ==>  2.95083639962835194E-005  2.55262296077550968E-006
 LTM d(wg2)/d(wg2)   0.0000000000000000     
 B before wg2 wg2 ==>    0.0000000000000000        0.0000000000000000     
 Q value wg2 wg2 ==>   2.99567439760672274E-005  2.55262296077550968E-006
 B after wg2 wg2 ==>  2.95083639962835194E-005  2.55262296077550968E-006
 LTM d(wg2)/d(wg2)   0.0000000000000000     
 B before wg2 wg2 ==>    0.0000000000000000        0.0000000000000000     
 Q value wg2 wg2 ==>   2.90936028119118349E-005  2.40764508324205300E-006
 B after wg2 wg2 ==>  2.78324173142219637E-005  2.40764508324205300E-006
 LTM d(wg2)/d(wg2)   0.0000000000000000     
 B before wg2 wg2 ==>    0.0000000000000000        0.0000000000000000     
 Q value wg2 wg2 ==>   2.90936028119118349E-005  2.40764508324205300E-006
 B after wg2 wg2 ==>  2.78324173142219637E-005  2.40764508324205300E-006
 LTM d(wg2)/d(wg2)   0.0000000000000000     
 B before wg2 wg2 ==>    0.0000000000000000        0.0000000000000000     
 Q value wg2 wg2 ==>   2.90936028119118281E-005  2.40764508324205215E-006
 B after wg2 wg2 ==>  2.78324173142219536E-005  2.40764508324205215E-006
 LTM d(wg2)/d(wg2)   0.0000000000000000     
 B before wg2 wg2 ==>    0.0000000000000000        0.0000000000000000     
 Q value wg2 wg2 ==>   2.90936028119118281E-005  2.40764508324205215E-006
 B after wg2 wg2 ==>  2.78324173142219536E-005  2.40764508324205215E-006
 LTM d(wg2)/d(wg2)   0.0000000000000000     
 B before wg2 wg2 ==>    0.0000000000000000        0.0000000000000000     
 Q value wg2 wg2 ==>   2.90936028119118281E-005  2.40764508324205215E-006
 B after wg2 wg2 ==>  2.78324173142219536E-005  2.40764508324205215E-006
 LTM d(wg2)/d(wg2)   0.0000000000000000     
 B before wg2 wg2 ==>    0.0000000000000000        0.0000000000000000     
 Q value wg2 wg2 ==>   2.90936028119118281E-005  2.40764508324205215E-006
 B after wg2 wg2 ==>  2.78324173142219536E-005  2.40764508324205215E-006
 LTM d(wg2)/d(wg2)   0.0000000000000000     
 B before wg2 wg2 ==>    0.0000000000000000        0.0000000000000000     
 Q value wg2 wg2 ==>   2.90936028119118281E-005  2.40764508324205215E-006
 B after wg2 wg2 ==>  2.78324173142219536E-005  2.40764508324205215E-006
 LTM d(wg2)/d(wg2)   0.0000000000000000     
 B before wg2 wg2 ==>    0.0000000000000000        0.0000000000000000     
 Q value wg2 wg2 ==>   2.90936028119118281E-005  2.40764508324205215E-006
 B after wg2 wg2 ==>  2.78324173142219536E-005  2.40764508324205215E-006
 LTM d(wg2)/d(wg2)   0.0000000000000000     
 B before wg2 wg2 ==>    0.0000000000000000        0.0000000000000000     
 Q value wg2 wg2 ==>   2.90936028119118281E-005  2.40764508324205215E-006
 B after wg2 wg2 ==>  2.78324173142219536E-005  2.40764508324205215E-006
 LTM d(wg2)/d(wg2)   0.0000000000000000     
 B before wg2 wg2 ==>    0.0000000000000000        0.0000000000000000     
 Q value wg2 wg2 ==>   2.90936028119118281E-005  2.40764508324205215E-006
 B after wg2 wg2 ==>  2.78324173142219536E-005  2.40764508324205215E-006
 LTM d(wg2)/d(wg2)   0.0000000000000000     
 B before wg2 wg2 ==>    0.0000000000000000        0.0000000000000000     
 Q value wg2 wg2 ==>   3.07286077929626550E-005  2.68585909160881841E-006
 B after wg2 wg2 ==>  3.10485758906759720E-005  2.68585909160881841E-006
 LTM d(wg2)/d(wg2)   0.0000000000000000     
 B before wg2 wg2 ==>    0.0000000000000000        0.0000000000000000     
 Q value wg2 wg2 ==>   3.07286077929626550E-005  2.68585909160881841E-006
 B after wg2 wg2 ==>  3.10485758906759720E-005  2.68585909160881841E-006
 LTM d(wg2)/d(wg2)   0.0000000000000000     
 B before wg2 wg2 ==>    0.0000000000000000        0.0000000000000000     
 Q value wg2 wg2 ==>   3.07286077929626550E-005  2.68585909160881841E-006
 B after wg2 wg2 ==>  3.10485758906759720E-005  2.68585909160881841E-006
 LTM d(wg2)/d(wg2)   0.0000000000000000     
 B before wg2 wg2 ==>    0.0000000000000000        0.0000000000000000     
 Q value wg2 wg2 ==>   3.07286077929626550E-005  2.68585909160881841E-006
 B after wg2 wg2 ==>  3.10485758906759720E-005  2.68585909160881841E-006
 LTM d(wg2)/d(wg2)   0.0000000000000000     
 B before wg2 wg2 ==>    0.0000000000000000        0.0000000000000000     
 Q value wg2 wg2 ==>   3.04029660090152940E-005  2.62923475099118717E-006
 B after wg2 wg2 ==>  3.03939975688203365E-005  2.62923475099118717E-006
 LTM d(wg2)/d(wg2)   0.0000000000000000     
 B before wg2 wg2 ==>    0.0000000000000000        0.0000000000000000     
 Q value wg2 wg2 ==>   2.93454751906339301E-005  2.44951300028902855E-006
 B after wg2 wg2 ==>  2.83164111335101113E-005  2.44951300028902855E-006
 LTM d(wg2)/d(wg2)   0.0000000000000000     
 B before wg2 wg2 ==>    0.0000000000000000        0.0000000000000000     
 Q value wg2 wg2 ==>   2.84954954799046985E-005  2.30966972485765470E-006
 B after wg2 wg2 ==>  2.66998205373776437E-005  2.30966972485765470E-006
 LTM d(wg2)/d(wg2)   0.0000000000000000     
 B before wg2 wg2 ==>    0.0000000000000000        0.0000000000000000     
 Q value wg2 wg2 ==>   2.84954954799046985E-005  2.30966972485765470E-006
 B after wg2 wg2 ==>  2.66998205373776437E-005  2.30966972485765470E-006
 LTM d(wg2)/d(wg2)   0.0000000000000000     
 B before wg2 wg2 ==>    0.0000000000000000        0.0000000000000000     
 Q value wg2 wg2 ==>   2.84954954799046985E-005  2.30966972485765470E-006
 B after wg2 wg2 ==>  2.66998205373776437E-005  2.30966972485765470E-006
 LTM d(wg2)/d(wg2)   0.0000000000000000     
 B before wg2 wg2 ==>    0.0000000000000000        0.0000000000000000     
 Q value wg2 wg2 ==>   2.90646357635494531E-005  2.40285312588173632E-006
 B after wg2 wg2 ==>  2.77770222072219336E-005  2.40285312588173632E-006
 LTM d(wg2)/d(wg2)   0.0000000000000000     
 B before wg2 wg2 ==>    0.0000000000000000        0.0000000000000000     
 Q value wg2 wg2 ==>   2.93454751906339267E-005  2.44951300028902770E-006
 B after wg2 wg2 ==>  2.83164111335101011E-005  2.44951300028902770E-006
 LTM d(wg2)/d(wg2)   0.0000000000000000     
 B before wg2 wg2 ==>    0.0000000000000000        0.0000000000000000     
 Q value wg2 wg2 ==>   2.93454751906339267E-005  2.44951300028902770E-006
 B after wg2 wg2 ==>  2.83164111335101011E-005  2.44951300028902770E-006
 LTM d(wg2)/d(wg2)   0.0000000000000000     
 B before wg2 wg2 ==>    0.0000000000000000        0.0000000000000000     
 Q value wg2 wg2 ==>   2.93454751906339267E-005  2.44951300028902770E-006
 B after wg2 wg2 ==>  2.83164111335101011E-005  2.44951300028902770E-006
 LTM d(wg2)/d(wg2)   0.0000000000000000     
 B before wg2 wg2 ==>    0.0000000000000000        0.0000000000000000     
 Q value wg2 wg2 ==>   2.90936028119118281E-005  2.40764508324205215E-006
 B after wg2 wg2 ==>  2.78324173142219536E-005  2.40764508324205215E-006
 LTM d(wg2)/d(wg2)   0.0000000000000000     
 B before wg2 wg2 ==>    0.0000000000000000        0.0000000000000000     
 Q value wg2 wg2 ==>   2.90936028119118281E-005  2.40764508324205215E-006
 B after wg2 wg2 ==>  2.78324173142219536E-005  2.40764508324205215E-006
 LTM d(wg2)/d(wg2)   0.0000000000000000     
 B before wg2 wg2 ==>    0.0000000000000000        0.0000000000000000     
 Q value wg2 wg2 ==>   2.90936028119118281E-005  2.40764508324205215E-006
 B after wg2 wg2 ==>  2.78324173142219536E-005  2.40764508324205215E-006
 LTM d(wg2)/d(wg2)   0.0000000000000000     
 B before wg2 wg2 ==>    0.0000000000000000        0.0000000000000000     
 Q value wg2 wg2 ==>   2.90936028119118281E-005  2.40764508324205215E-006
 B after wg2 wg2 ==>  2.78324173142219536E-005  2.40764508324205215E-006
 LTM d(wg2)/d(wg2)   0.0000000000000000     
 B before wg2 wg2 ==>    0.0000000000000000        0.0000000000000000     
 Q value wg2 wg2 ==>   2.90936028119118281E-005  2.40764508324205215E-006
 B after wg2 wg2 ==>  2.78324173142219536E-005  2.40764508324205215E-006
 LTM d(wg2)/d(wg2)   0.0000000000000000     
 B before wg2 wg2 ==>    0.0000000000000000        0.0000000000000000     
 Q value wg2 wg2 ==>   2.90936028119118281E-005  2.40764508324205215E-006
 B after wg2 wg2 ==>  2.78324173142219536E-005  2.40764508324205215E-006
 LTM d(wg2)/d(wg2)   0.0000000000000000     
 B before wg2 wg2 ==>    0.0000000000000000        0.0000000000000000     
 Q value wg2 wg2 ==>   3.01212029042410758E-005  2.58072708095562267E-006
 B after wg2 wg2 ==>  2.98332480942539119E-005  2.58072708095562267E-006
 LTM d(wg2)/d(wg2)   0.0000000000000000     
 B before wg2 wg2 ==>    0.0000000000000000        0.0000000000000000     
 Q value wg2 wg2 ==>   3.07286077929626550E-005  2.68585909160881841E-006
 B after wg2 wg2 ==>  3.10485758906759720E-005  2.68585909160881841E-006
 LTM d(wg2)/d(wg2)   0.0000000000000000     
 B before wg2 wg2 ==>    0.0000000000000000        0.0000000000000000     
 Q value wg2 wg2 ==>   3.07286077929626550E-005  2.68585909160881841E-006
 B after wg2 wg2 ==>  3.10485758906759720E-005  2.68585909160881841E-006
 LTM d(wg2)/d(wg2)   0.0000000000000000     
 B before wg2 wg2 ==>    0.0000000000000000        0.0000000000000000     
 Q value wg2 wg2 ==>   3.07286077929626550E-005  2.68585909160881841E-006
 B after wg2 wg2 ==>  3.10485758906759720E-005  2.68585909160881841E-006
 LTM d(wg2)/d(wg2)   0.0000000000000000     
 B before wg2 wg2 ==>    0.0000000000000000        0.0000000000000000     
 Q value wg2 wg2 ==>   2.99567439760672274E-005  2.55262296077550968E-006
 B after wg2 wg2 ==>  2.95083639962835194E-005  2.55262296077550968E-006
 LTM d(wg2)/d(wg2)   0.0000000000000000     
 B before wg2 wg2 ==>    0.0000000000000000        0.0000000000000000     
 Q value wg2 wg2 ==>   2.99567439760672274E-005  2.55262296077550968E-006
 B after wg2 wg2 ==>  2.95083639962835194E-005  2.55262296077550968E-006
 LTM d(wg2)/d(wg2)   0.0000000000000000     
 B before wg2 wg2 ==>    0.0000000000000000        0.0000000000000000     
 Q value wg2 wg2 ==>   2.99567439760672274E-005  2.55262296077550968E-006
 B after wg2 wg2 ==>  2.95083639962835194E-005  2.55262296077550968E-006
 LTM d(wg2)/d(wg2)   0.0000000000000000     
 B before wg2 wg2 ==>    0.0000000000000000        0.0000000000000000     
 Q value wg2 wg2 ==>   2.96992038561287700E-005  2.50892148533445407E-006
 B after wg2 wg2 ==>  2.90031742113818214E-005  2.50892148533445407E-006
 LTM d(wg2)/d(wg2)   0.0000000000000000     
 B before wg2 wg2 ==>    0.0000000000000000        0.0000000000000000     
 Q value wg2 wg2 ==>   2.94115314436394313E-005  2.46055305062454359E-006
 B after wg2 wg2 ==>  2.84440342995019669E-005  2.46055305062454359E-006
 LTM d(wg2)/d(wg2)   0.0000000000000000     
 B before wg2 wg2 ==>    0.0000000000000000        0.0000000000000000     
 Q value wg2 wg2 ==>   2.90936028119118281E-005  2.40764508324205215E-006
 B after wg2 wg2 ==>  2.78324173142219536E-005  2.40764508324205215E-006
 LTM d(wg2)/d(wg2)   0.0000000000000000     
 B before wg2 wg2 ==>    0.0000000000000000        0.0000000000000000     
 Q value wg2 wg2 ==>   2.90936028119118281E-005  2.40764508324205215E-006
 B after wg2 wg2 ==>  2.78324173142219536E-005  2.40764508324205215E-006
 LTM d(wg2)/d(wg2)   0.0000000000000000     
 B before wg2 wg2 ==>    0.0000000000000000        0.0000000000000000     
 Q value wg2 wg2 ==>   2.90936028119118281E-005  2.40764508324205215E-006
 B after wg2 wg2 ==>  2.78324173142219536E-005  2.40764508324205215E-006
 LTM d(wg2)/d(wg2)   0.0000000000000000     
 B before wg2 wg2 ==>    0.0000000000000000        0.0000000000000000     
 Q value wg2 wg2 ==>   2.90936028119118281E-005  2.40764508324205215E-006
 B after wg2 wg2 ==>  2.78324173142219536E-005  2.40764508324205215E-006
 LTM d(wg2)/d(wg2)   0.0000000000000000     
 B before wg2 wg2 ==>    0.0000000000000000        0.0000000000000000     
 Q value wg2 wg2 ==>   2.90936028119118281E-005  2.40764508324205215E-006
 B after wg2 wg2 ==>  2.78324173142219536E-005  2.40764508324205215E-006
 LTM d(wg2)/d(wg2)   0.0000000000000000     
 B before wg2 wg2 ==>    0.0000000000000000        0.0000000000000000     
 Q value wg2 wg2 ==>   2.90936028119118281E-005  2.40764508324205215E-006
 B after wg2 wg2 ==>  2.78324173142219536E-005  2.40764508324205215E-006
 LTM d(wg2)/d(wg2)   0.0000000000000000     
 B before wg2 wg2 ==>    0.0000000000000000        0.0000000000000000     
 Q value wg2 wg2 ==>   2.90936028119118281E-005  2.40764508324205215E-006
 B after wg2 wg2 ==>  2.78324173142219536E-005  2.40764508324205215E-006
 LTM d(wg2)/d(wg2)   0.0000000000000000     
 B before wg2 wg2 ==>    0.0000000000000000        0.0000000000000000     
 Q value wg2 wg2 ==>   2.90936028119118281E-005  2.40764508324205215E-006
 B after wg2 wg2 ==>  2.78324173142219536E-005  2.40764508324205215E-006
 LTM d(wg2)/d(wg2)   0.0000000000000000     
 B before wg2 wg2 ==>    0.0000000000000000        0.0000000000000000     
 Q value wg2 wg2 ==>   3.07286077929626550E-005  2.68585909160881841E-006
 B after wg2 wg2 ==>  3.10485758906759720E-005  2.68585909160881841E-006
 LTM d(wg2)/d(wg2)   0.0000000000000000     
 B before wg2 wg2 ==>    0.0000000000000000        0.0000000000000000     
 Q value wg2 wg2 ==>   3.07286077929626550E-005  2.68585909160881841E-006
 B after wg2 wg2 ==>  3.10485758906759720E-005  2.68585909160881841E-006
 LTM d(wg2)/d(wg2)   0.0000000000000000     
 B before wg2 wg2 ==>    0.0000000000000000        0.0000000000000000     
 Q value wg2 wg2 ==>   3.07286077929626550E-005  2.68585909160881841E-006
 B after wg2 wg2 ==>  3.10485758906759720E-005  2.68585909160881841E-006
 LTM d(wg2)/d(wg2)   0.0000000000000000     
 B before wg2 wg2 ==>    0.0000000000000000        0.0000000000000000     
 Q value wg2 wg2 ==>   3.07286077929626550E-005  2.68585909160881841E-006
 B after wg2 wg2 ==>  3.10485758906759720E-005  2.68585909160881841E-006
 LTM d(wg2)/d(wg2)   0.0000000000000000     
 B before wg2 wg2 ==>    0.0000000000000000        0.0000000000000000     
 Q value wg2 wg2 ==>   3.01972330212823327E-005  2.59377175364728646E-006
 B after wg2 wg2 ==>  2.99840447281136380E-005  2.59377175364728646E-006
 LTM d(wg2)/d(wg2)   0.0000000000000000     
 B before wg2 wg2 ==>    0.0000000000000000        0.0000000000000000     
 Q value wg2 wg2 ==>   2.93454751906339267E-005  2.44951300028902770E-006
 B after wg2 wg2 ==>  2.83164111335101011E-005  2.44951300028902770E-006
 LTM d(wg2)/d(wg2)   0.0000000000000000     
 B before wg2 wg2 ==>    0.0000000000000000        0.0000000000000000     
 Q value wg2 wg2 ==>   2.84954954799046985E-005  2.30966972485765470E-006
 B after wg2 wg2 ==>  2.66998205373776437E-005  2.30966972485765470E-006
 LTM d(wg2)/d(wg2)   0.0000000000000000     
 B before wg2 wg2 ==>    0.0000000000000000        0.0000000000000000     
 Q value wg2 wg2 ==>   2.84954954799046985E-005  2.30966972485765470E-006
 B after wg2 wg2 ==>  2.66998205373776437E-005  2.30966972485765470E-006
 LTM d(wg2)/d(wg2)   0.0000000000000000     
 B before wg2 wg2 ==>    0.0000000000000000        0.0000000000000000     
 Q value wg2 wg2 ==>   2.84954954799047053E-005  2.30966972485765555E-006
 B after wg2 wg2 ==>  2.66998205373776505E-005  2.30966972485765555E-006
 LTM d(wg2)/d(wg2)   0.0000000000000000     
 B before wg2 wg2 ==>    0.0000000000000000        0.0000000000000000     
 Q value wg2 wg2 ==>   2.93454751906339267E-005  2.44951300028902770E-006
 B after wg2 wg2 ==>  2.83164111335101011E-005  2.44951300028902770E-006
 LTM d(wg2)/d(wg2)   0.0000000000000000     
 B before wg2 wg2 ==>    0.0000000000000000        0.0000000000000000     
 Q value wg2 wg2 ==>   2.93454751906339301E-005  2.44951300028902855E-006
 B after wg2 wg2 ==>  2.83164111335101113E-005  2.44951300028902855E-006
 LTM d(wg2)/d(wg2)   0.0000000000000000     
 B before wg2 wg2 ==>    0.0000000000000000        0.0000000000000000     
 Q value wg2 wg2 ==>   2.93454751906339267E-005  2.44951300028902770E-006
 B after wg2 wg2 ==>  2.83164111335101011E-005  2.44951300028902770E-006
 LTM d(wg2)/d(wg2)   0.0000000000000000     
 B before wg2 wg2 ==>    0.0000000000000000        0.0000000000000000     
 Q value wg2 wg2 ==>   2.93454751906339301E-005  2.44951300028902855E-006
 B after wg2 wg2 ==>  2.83164111335101113E-005  2.44951300028902855E-006
 LTM d(wg2)/d(wg2)   0.0000000000000000     
 B before wg2 wg2 ==>    0.0000000000000000        0.0000000000000000     
 Q value wg2 wg2 ==>   2.91806759490782810E-005  2.42207814782610668E-006
 B after wg2 wg2 ==>  2.79992637815117269E-005  2.42207814782610668E-006
 LTM d(wg2)/d(wg2)   0.0000000000000000     
 B before wg2 wg2 ==>    0.0000000000000000        0.0000000000000000     
 Q value wg2 wg2 ==>   2.90936028119118281E-005  2.40764508324205215E-006
 B after wg2 wg2 ==>  2.78324173142219536E-005  2.40764508324205215E-006
 LTM d(wg2)/d(wg2)   0.0000000000000000     
 B before wg2 wg2 ==>    0.0000000000000000        0.0000000000000000     
 Q value wg2 wg2 ==>   2.90936028119118281E-005  2.40764508324205215E-006
 B after wg2 wg2 ==>  2.78324173142219536E-005  2.40764508324205215E-006
 LTM d(wg2)/d(wg2)   0.0000000000000000     
 B before wg2 wg2 ==>    0.0000000000000000        0.0000000000000000     
 Q value wg2 wg2 ==>   2.90936028119118281E-005  2.40764508324205215E-006
 B after wg2 wg2 ==>  2.78324173142219536E-005  2.40764508324205215E-006
 LTM d(wg2)/d(wg2)   0.0000000000000000     
 B before wg2 wg2 ==>    0.0000000000000000        0.0000000000000000     
 Q value wg2 wg2 ==>   2.90936028119118281E-005  2.40764508324205215E-006
 B after wg2 wg2 ==>  2.78324173142219536E-005  2.40764508324205215E-006
 LTM d(wg2)/d(wg2)   0.0000000000000000     
 B before wg2 wg2 ==>    0.0000000000000000        0.0000000000000000     
 Q value wg2 wg2 ==>   2.90936028119118281E-005  2.40764508324205215E-006
 B after wg2 wg2 ==>  2.78324173142219536E-005  2.40764508324205215E-006
 LTM d(wg2)/d(wg2)   0.0000000000000000     
 B before wg2 wg2 ==>    0.0000000000000000        0.0000000000000000     
 Q value wg2 wg2 ==>   3.07286077929626550E-005  2.68585909160881841E-006
 B after wg2 wg2 ==>  3.10485758906759720E-005  2.68585909160881841E-006
 LTM d(wg2)/d(wg2)   0.0000000000000000     
 B before wg2 wg2 ==>    0.0000000000000000        0.0000000000000000     
 Q value wg2 wg2 ==>   3.07286077929626550E-005  2.68585909160881841E-006
 B after wg2 wg2 ==>  3.10485758906759720E-005  2.68585909160881841E-006
 LTM d(wg2)/d(wg2)   0.0000000000000000     
 B before wg2 wg2 ==>    0.0000000000000000        0.0000000000000000     
 Q value wg2 wg2 ==>   3.07286077929626550E-005  2.68585909160881841E-006
 B after wg2 wg2 ==>  3.10485758906759720E-005  2.68585909160881841E-006
 LTM d(wg2)/d(wg2)   0.0000000000000000     
 B before wg2 wg2 ==>    0.0000000000000000        0.0000000000000000     
 Q value wg2 wg2 ==>   3.07286077929626550E-005  2.68585909160881841E-006
 B after wg2 wg2 ==>  3.10485758906759720E-005  2.68585909160881841E-006
 LTM d(wg2)/d(wg2)   0.0000000000000000     
 B before wg2 wg2 ==>    0.0000000000000000        0.0000000000000000     
 Q value wg2 wg2 ==>   2.99567439760672274E-005  2.55262296077550968E-006
 B after wg2 wg2 ==>  2.95083639962835194E-005  2.55262296077550968E-006
 LTM d(wg2)/d(wg2)   0.0000000000000000     
 B before wg2 wg2 ==>    0.0000000000000000        0.0000000000000000     
 Q value wg2 wg2 ==>   2.99567439760672274E-005  2.55262296077550968E-006
 B after wg2 wg2 ==>  2.95083639962835194E-005  2.55262296077550968E-006
 LTM d(wg2)/d(wg2)   0.0000000000000000     
 B before wg2 wg2 ==>    0.0000000000000000        0.0000000000000000     
 Q value wg2 wg2 ==>   2.99567439760672274E-005  2.55262296077550968E-006
 B after wg2 wg2 ==>  2.95083639962835194E-005  2.55262296077550968E-006
 LTM d(wg2)/d(wg2)   0.0000000000000000     
 B before wg2 wg2 ==>    0.0000000000000000        0.0000000000000000     
 Q value wg2 wg2 ==>   2.99567439760672274E-005  2.55262296077550968E-006
 B after wg2 wg2 ==>  2.95083639962835194E-005  2.55262296077550968E-006
 LTM d(wg2)/d(wg2)   0.0000000000000000     
 B before wg2 wg2 ==>    0.0000000000000000        0.0000000000000000     
 Q value wg2 wg2 ==>   2.99567439760672274E-005  2.55262296077550968E-006
 B after wg2 wg2 ==>  2.95083639962835194E-005  2.55262296077550968E-006
 LTM d(wg2)/d(wg2)   0.0000000000000000     
 B before wg2 wg2 ==>    0.0000000000000000        0.0000000000000000     
 Q value wg2 wg2 ==>   2.99567439760672274E-005  2.55262296077550968E-006
 B after wg2 wg2 ==>  2.95083639962835194E-005  2.55262296077550968E-006
 LTM d(wg2)/d(wg2)   0.0000000000000000     
 B before wg2 wg2 ==>    0.0000000000000000        0.0000000000000000     
 Q value wg2 wg2 ==>   2.99567439760672274E-005  2.55262296077550968E-006
 B after wg2 wg2 ==>  2.95083639962835194E-005  2.55262296077550968E-006
 LTM d(wg2)/d(wg2)   0.0000000000000000     
 B before wg2 wg2 ==>    0.0000000000000000        0.0000000000000000     
 Q value wg2 wg2 ==>   2.99567439760672274E-005  2.55262296077550968E-006
 B after wg2 wg2 ==>  2.95083639962835194E-005  2.55262296077550968E-006
 LTM d(wg2)/d(wg2)   0.0000000000000000     
 B before wg2 wg2 ==>    0.0000000000000000        0.0000000000000000     
 Q value wg2 wg2 ==>   2.90936028119118281E-005  2.40764508324205215E-006
 B after wg2 wg2 ==>  2.78324173142219536E-005  2.40764508324205215E-006
 LTM d(wg2)/d(wg2)   0.0000000000000000     
 B before wg2 wg2 ==>    0.0000000000000000        0.0000000000000000     
 Q value wg2 wg2 ==>   2.90936028119118281E-005  2.40764508324205215E-006
 B after wg2 wg2 ==>  2.78324173142219536E-005  2.40764508324205215E-006
 LTM d(wg2)/d(wg2)   0.0000000000000000     
 B before wg2 wg2 ==>    0.0000000000000000        0.0000000000000000     
 Q value wg2 wg2 ==>   2.96754184767961874E-005  2.50490442459868871E-006
 B after wg2 wg2 ==>  2.89567369222844404E-005  2.50490442459868871E-006
 LTM d(wg2)/d(wg2)   0.0000000000000000     
 B before wg2 wg2 ==>    0.0000000000000000        0.0000000000000000     
 Q value wg2 wg2 ==>   2.98371687315400510E-005  2.53228554784538003E-006
 B after wg2 wg2 ==>  2.92732631636471671E-005  2.53228554784538003E-006
 LTM d(wg2)/d(wg2)   0.0000000000000000     
 B before wg2 wg2 ==>    0.0000000000000000        0.0000000000000000     
 Q value wg2 wg2 ==>   3.01212029042410758E-005  2.58072708095562267E-006
 B after wg2 wg2 ==>  2.98332480942539119E-005  2.58072708095562267E-006
 LTM d(wg2)/d(wg2)   0.0000000000000000     
 B before wg2 wg2 ==>    0.0000000000000000        0.0000000000000000     
 Q value wg2 wg2 ==>   2.90936028119118281E-005  2.40764508324205215E-006
 B after wg2 wg2 ==>  2.78324173142219536E-005  2.40764508324205215E-006
 LTM d(wg2)/d(wg2)   0.0000000000000000     
 B before wg2 wg2 ==>    0.0000000000000000        0.0000000000000000     
 Q value wg2 wg2 ==>   3.04646860373908176E-005  2.63992062679266189E-006
 B after wg2 wg2 ==>  3.05175264712921658E-005  2.63992062679266189E-006
 LTM d(wg2)/d(wg2)   0.0000000000000000     
 B before wg2 wg2 ==>    0.0000000000000000        0.0000000000000000     
 Q value wg2 wg2 ==>   3.07286077929626550E-005  2.68585909160881841E-006
 B after wg2 wg2 ==>  3.10485758906759720E-005  2.68585909160881841E-006
 LTM d(wg2)/d(wg2)   0.0000000000000000     
 B before wg2 wg2 ==>    0.0000000000000000        0.0000000000000000     
 Q value wg2 wg2 ==>   3.07286077929626550E-005  2.68585909160881841E-006
 B after wg2 wg2 ==>  3.10485758906759720E-005  2.68585909160881841E-006
 LTM d(wg2)/d(wg2)   0.0000000000000000     
 B before wg2 wg2 ==>    0.0000000000000000        0.0000000000000000     
 Q value wg2 wg2 ==>   3.07286077929626550E-005  2.68585909160881841E-006
 B after wg2 wg2 ==>  3.10485758906759720E-005  2.68585909160881841E-006
 LTM d(wg2)/d(wg2)   0.0000000000000000     
 B before wg2 wg2 ==>    0.0000000000000000        0.0000000000000000     
 Q value wg2 wg2 ==>   3.07286077929626550E-005  2.68585909160881841E-006
 B after wg2 wg2 ==>  3.10485758906759720E-005  2.68585909160881841E-006
 LTM d(wg2)/d(wg2)   0.0000000000000000     
 B before wg2 wg2 ==>    0.0000000000000000        0.0000000000000000     
 Q value wg2 wg2 ==>   3.07286077929626550E-005  2.68585909160881841E-006
 B after wg2 wg2 ==>  3.10485758906759720E-005  2.68585909160881841E-006
 LTM d(wg2)/d(wg2)   0.0000000000000000     
 B before wg2 wg2 ==>    0.0000000000000000        0.0000000000000000     
 Q value wg2 wg2 ==>   3.00134781858164159E-005  2.56230079377202546E-006
 B after wg2 wg2 ==>  2.96202399071190401E-005  2.56230079377202546E-006
 LTM d(wg2)/d(wg2)   0.0000000000000000     
 B before wg2 wg2 ==>    0.0000000000000000        0.0000000000000000     
 Q value wg2 wg2 ==>   2.94614274340215179E-005  2.46890867612477336E-006
 B after wg2 wg2 ==>  2.85406254696301611E-005  2.46890867612477336E-006
 LTM d(wg2)/d(wg2)   0.0000000000000000     
 B before wg2 wg2 ==>    0.0000000000000000        0.0000000000000000     
 Q value wg2 wg2 ==>   2.84954954799046985E-005  2.30966972485765470E-006
 B after wg2 wg2 ==>  2.66998205373776437E-005  2.30966972485765470E-006
 LTM d(wg2)/d(wg2)   0.0000000000000000     
 B before wg2 wg2 ==>    0.0000000000000000        0.0000000000000000     
 Q value wg2 wg2 ==>   2.93454751906339301E-005  2.44951300028902855E-006
 B after wg2 wg2 ==>  2.83164111335101113E-005  2.44951300028902855E-006
 LTM d(wg2)/d(wg2)   0.0000000000000000     
 B before wg2 wg2 ==>    0.0000000000000000        0.0000000000000000     
 Q value wg2 wg2 ==>   2.93454751906339267E-005  2.44951300028902770E-006
 B after wg2 wg2 ==>  2.83164111335101011E-005  2.44951300028902770E-006
 LTM d(wg2)/d(wg2)   0.0000000000000000     
 B before wg2 wg2 ==>    0.0000000000000000        0.0000000000000000     
 Q value wg2 wg2 ==>   3.01972330212823327E-005  2.59377175364728646E-006
 B after wg2 wg2 ==>  2.99840447281136380E-005  2.59377175364728646E-006
 LTM d(wg2)/d(wg2)   0.0000000000000000     
 B before wg2 wg2 ==>    0.0000000000000000        0.0000000000000000     
 Q value wg2 wg2 ==>   2.99567440448829352E-005  2.55262297250312341E-006
 B after wg2 wg2 ==>  2.95083641318549271E-005  2.55262297250312341E-006
 LTM d(wg2)/d(wg2)   0.0000000000000000     
 B before wg2 wg2 ==>    0.0000000000000000        0.0000000000000000     
 Q value wg2 wg2 ==>   2.92645865345613878E-005  2.43602780455489945E-006
 B after wg2 wg2 ==>  2.81605220459329494E-005  2.43602780455489945E-006
 LTM d(wg2)/d(wg2)   0.0000000000000000     
 B before wg2 wg2 ==>    0.0000000000000000        0.0000000000000000     
 Q value wg2 wg2 ==>   2.90936028119118281E-005  2.40764508324205215E-006
 B after wg2 wg2 ==>  2.78324173142219536E-005  2.40764508324205215E-006
 LTM d(wg2)/d(wg2)   0.0000000000000000     
 B before wg2 wg2 ==>    0.0000000000000000        0.0000000000000000     
 Q value wg2 wg2 ==>   2.90936028119118281E-005  2.40764508324205215E-006
 B after wg2 wg2 ==>  2.78324173142219536E-005  2.40764508324205215E-006
 LTM d(wg2)/d(wg2)   0.0000000000000000     
 B before wg2 wg2 ==>    0.0000000000000000        0.0000000000000000     
 Q value wg2 wg2 ==>   2.90936028119118281E-005  2.40764508324205215E-006
 B after wg2 wg2 ==>  2.78324173142219536E-005  2.40764508324205215E-006
 LTM d(wg2)/d(wg2)   0.0000000000000000     
 B before wg2 wg2 ==>    0.0000000000000000        0.0000000000000000     
 Q value wg2 wg2 ==>   2.90936028119118281E-005  2.40764508324205215E-006
 B after wg2 wg2 ==>  2.78324173142219536E-005  2.40764508324205215E-006
 LTM d(wg2)/d(wg2)   0.0000000000000000     
 B before wg2 wg2 ==>    0.0000000000000000        0.0000000000000000     
 Q value wg2 wg2 ==>   2.90936028119118281E-005  2.40764508324205215E-006
 B after wg2 wg2 ==>  2.78324173142219536E-005  2.40764508324205215E-006
 LTM d(wg2)/d(wg2)   0.0000000000000000     
 B before wg2 wg2 ==>    0.0000000000000000        0.0000000000000000     
 Q value wg2 wg2 ==>   3.03599869147065250E-005  2.62180637997838615E-006
 B after wg2 wg2 ==>  3.03081254760305009E-005  2.62180637997838615E-006
 LTM d(wg2)/d(wg2)   0.0000000000000000     
 B before wg2 wg2 ==>    0.0000000000000000        0.0000000000000000     
 Q value wg2 wg2 ==>   3.07286077929626550E-005  2.68585909160881841E-006
 B after wg2 wg2 ==>  3.10485758906759720E-005  2.68585909160881841E-006
 LTM d(wg2)/d(wg2)   0.0000000000000000     
 B before wg2 wg2 ==>    0.0000000000000000        0.0000000000000000     
 Q value wg2 wg2 ==>   3.07286077929626550E-005  2.68585909160881841E-006
 B after wg2 wg2 ==>  3.10485758906759720E-005  2.68585909160881841E-006
 LTM d(wg2)/d(wg2)   0.0000000000000000     
 B before wg2 wg2 ==>    0.0000000000000000        0.0000000000000000     
 Q value wg2 wg2 ==>   2.99567439760672274E-005  2.55262296077550968E-006
 B after wg2 wg2 ==>  2.95083639962835194E-005  2.55262296077550968E-006
 LTM d(wg2)/d(wg2)   0.0000000000000000     
 B before wg2 wg2 ==>    0.0000000000000000        0.0000000000000000     
 Q value wg2 wg2 ==>   2.99567439760672274E-005  2.55262296077550968E-006
 B after wg2 wg2 ==>  2.95083639962835194E-005  2.55262296077550968E-006
 LTM d(wg2)/d(wg2)   0.0000000000000000     
 B before wg2 wg2 ==>    0.0000000000000000        0.0000000000000000     
 Q value wg2 wg2 ==>   2.99567439760672274E-005  2.55262296077550968E-006
 B after wg2 wg2 ==>  2.95083639962835194E-005  2.55262296077550968E-006
 LTM d(wg2)/d(wg2)   0.0000000000000000     
 B before wg2 wg2 ==>    0.0000000000000000        0.0000000000000000     
 Q value wg2 wg2 ==>   2.99567439760672274E-005  2.55262296077550968E-006
 B after wg2 wg2 ==>  2.95083639962835194E-005  2.55262296077550968E-006
 LTM d(wg2)/d(wg2)   0.0000000000000000     
 B before wg2 wg2 ==>    0.0000000000000000        0.0000000000000000     
 Q value wg2 wg2 ==>   2.99567439760672274E-005  2.55262296077550968E-006
 B after wg2 wg2 ==>  2.95083639962835194E-005  2.55262296077550968E-006
 LTM d(wg2)/d(wg2)   0.0000000000000000     
 B before wg2 wg2 ==>    0.0000000000000000        0.0000000000000000     
 Q value wg2 wg2 ==>   2.99567439760672274E-005  2.55262296077550968E-006
 B after wg2 wg2 ==>  2.95083639962835194E-005  2.55262296077550968E-006
 LTM d(wg2)/d(wg2)   0.0000000000000000     
 B before wg2 wg2 ==>    0.0000000000000000        0.0000000000000000     
 Q value wg2 wg2 ==>   2.99567439760672274E-005  2.55262296077550968E-006
 B after wg2 wg2 ==>  2.95083639962835194E-005  2.55262296077550968E-006
 LTM d(wg2)/d(wg2)   0.0000000000000000     
 B before wg2 wg2 ==>    0.0000000000000000        0.0000000000000000     
 Q value wg2 wg2 ==>   2.95712843201975552E-005  2.48735532471740243E-006
 B after wg2 wg2 ==>  2.87538690349930057E-005  2.48735532471740243E-006
 LTM d(wg2)/d(wg2)   0.0000000000000000     
 B before wg2 wg2 ==>    0.0000000000000000        0.0000000000000000     
 Q value wg2 wg2 ==>   2.94987045927177222E-005  2.47516038442218865E-006
 B after wg2 wg2 ==>  2.86128953218071067E-005  2.47516038442218865E-006
 LTM d(wg2)/d(wg2)   0.0000000000000000     
 B before wg2 wg2 ==>    0.0000000000000000        0.0000000000000000     
 Q value wg2 wg2 ==>   2.90936028119118281E-005  2.40764508324205215E-006
 B after wg2 wg2 ==>  2.78324173142219536E-005  2.40764508324205215E-006
 LTM d(wg2)/d(wg2)   0.0000000000000000     
 B before wg2 wg2 ==>    0.0000000000000000        0.0000000000000000     
 Q value wg2 wg2 ==>   3.01212029042410758E-005  2.58072708095562267E-006
 B after wg2 wg2 ==>  2.98332480942539119E-005  2.58072708095562267E-006
 LTM d(wg2)/d(wg2)   0.0000000000000000     
 B before wg2 wg2 ==>    0.0000000000000000        0.0000000000000000     
 Q value wg2 wg2 ==>   3.01212029042410758E-005  2.58072708095562267E-006
 B after wg2 wg2 ==>  2.98332480942539119E-005  2.58072708095562267E-006
 LTM d(wg2)/d(wg2)   0.0000000000000000     
 B before wg2 wg2 ==>    0.0000000000000000        0.0000000000000000     
 Q value wg2 wg2 ==>   3.01212029042410758E-005  2.58072708095562267E-006
 B after wg2 wg2 ==>  2.98332480942539119E-005  2.58072708095562267E-006
 LTM d(wg2)/d(wg2)   0.0000000000000000     
 B before wg2 wg2 ==>    0.0000000000000000        0.0000000000000000     
 Q value wg2 wg2 ==>   2.96754184767961874E-005  2.50490442459868871E-006
 B after wg2 wg2 ==>  2.89567369222844404E-005  2.50490442459868871E-006
 LTM d(wg2)/d(wg2)   0.0000000000000000     
 B before wg2 wg2 ==>    0.0000000000000000        0.0000000000000000     
 Q value wg2 wg2 ==>   3.05995492718352799E-005  2.66334553781895157E-006
 B after wg2 wg2 ==>  3.07883188334098797E-005  2.66334553781895157E-006
 LTM d(wg2)/d(wg2)   0.0000000000000000     
 B before wg2 wg2 ==>    0.0000000000000000        0.0000000000000000     
 Q value wg2 wg2 ==>   3.07286077929626550E-005  2.68585909160881841E-006
 B after wg2 wg2 ==>  3.10485758906759720E-005  2.68585909160881841E-006
 LTM d(wg2)/d(wg2)   0.0000000000000000     
 B before wg2 wg2 ==>    0.0000000000000000        0.0000000000000000     
 Q value wg2 wg2 ==>   3.07286077929626550E-005  2.68585909160881841E-006
 B after wg2 wg2 ==>  3.10485758906759720E-005  2.68585909160881841E-006
 LTM d(wg2)/d(wg2)   0.0000000000000000     
 B before wg2 wg2 ==>    0.0000000000000000        0.0000000000000000     
 Q value wg2 wg2 ==>   3.01212029042410758E-005  2.58072708095562267E-006
 B after wg2 wg2 ==>  2.98332480942539119E-005  2.58072708095562267E-006
 LTM d(wg2)/d(wg2)   0.0000000000000000     
 B before wg2 wg2 ==>    0.0000000000000000        0.0000000000000000     
 Q value wg2 wg2 ==>   3.01212029042410758E-005  2.58072708095562267E-006
 B after wg2 wg2 ==>  2.98332480942539119E-005  2.58072708095562267E-006
 LTM d(wg2)/d(wg2)   0.0000000000000000     
 B before wg2 wg2 ==>    0.0000000000000000        0.0000000000000000     
 Q value wg2 wg2 ==>   2.94317443327805172E-005  2.46393621182622727E-006
 B after wg2 wg2 ==>  2.84831436994139114E-005  2.46393621182622727E-006
 LTM d(wg2)/d(wg2)   0.0000000000000000     
 B before wg2 wg2 ==>    0.0000000000000000        0.0000000000000000     
 Q value wg2 wg2 ==>   2.93454751906339301E-005  2.44951300028902855E-006
 B after wg2 wg2 ==>  2.83164111335101113E-005  2.44951300028902855E-006
 LTM d(wg2)/d(wg2)   0.0000000000000000     
 B before wg2 wg2 ==>    0.0000000000000000        0.0000000000000000     
 Q value wg2 wg2 ==>   3.07286077929626550E-005  2.68585909160881841E-006
 B after wg2 wg2 ==>  3.10485758906759720E-005  2.68585909160881841E-006
 LTM d(wg2)/d(wg2)   0.0000000000000000     
 B before wg2 wg2 ==>    0.0000000000000000        0.0000000000000000     
 Q value wg2 wg2 ==>   3.07286077929626550E-005  2.68585909160881841E-006
 B after wg2 wg2 ==>  3.10485758906759720E-005  2.68585909160881841E-006
 LTM d(wg2)/d(wg2)   0.0000000000000000     
 B before wg2 wg2 ==>    0.0000000000000000        0.0000000000000000     
 Q value wg2 wg2 ==>   3.07286077929626550E-005  2.68585909160881841E-006
 B after wg2 wg2 ==>  3.10485758906759720E-005  2.68585909160881841E-006
 LTM d(wg2)/d(wg2)   0.0000000000000000     
 B before wg2 wg2 ==>    0.0000000000000000        0.0000000000000000     
 Q value wg2 wg2 ==>   3.04646860373908176E-005  2.63992062679266189E-006
 B after wg2 wg2 ==>  3.05175264712921658E-005  2.63992062679266189E-006
 LTM d(wg2)/d(wg2)   0.0000000000000000     
 B before wg2 wg2 ==>    0.0000000000000000        0.0000000000000000     
 Q value wg2 wg2 ==>   2.90936028119118281E-005  2.40764508324205215E-006
 B after wg2 wg2 ==>  2.78324173142219536E-005  2.40764508324205215E-006
 LTM d(wg2)/d(wg2)   0.0000000000000000     
 B before wg2 wg2 ==>    0.0000000000000000        0.0000000000000000     
 Q value wg2 wg2 ==>   2.90936028119118281E-005  2.40764508324205215E-006
 B after wg2 wg2 ==>  2.78324173142219536E-005  2.40764508324205215E-006
 LTM d(wg2)/d(wg2)   0.0000000000000000     
 B before wg2 wg2 ==>    0.0000000000000000        0.0000000000000000     
 Q value wg2 wg2 ==>   2.90936028119118281E-005  2.40764508324205215E-006
 B after wg2 wg2 ==>  2.78324173142219536E-005  2.40764508324205215E-006
 LTM d(wg2)/d(wg2)   0.0000000000000000     
 B before wg2 wg2 ==>    0.0000000000000000        0.0000000000000000     
 Q value wg2 wg2 ==>   2.90936028119118281E-005  2.40764508324205215E-006
 B after wg2 wg2 ==>  2.78324173142219536E-005  2.40764508324205215E-006
 LTM d(wg2)/d(wg2)   0.0000000000000000     
 B before wg2 wg2 ==>    0.0000000000000000        0.0000000000000000     
 Q value wg2 wg2 ==>   3.07286077929626550E-005  2.68585909160881841E-006
 B after wg2 wg2 ==>  3.10485758906759720E-005  2.68585909160881841E-006
 LTM d(wg2)/d(wg2)   0.0000000000000000     
 B before wg2 wg2 ==>    0.0000000000000000        0.0000000000000000     
 Q value wg2 wg2 ==>   3.07286077929626550E-005  2.68585909160881841E-006
 B after wg2 wg2 ==>  3.10485758906759720E-005  2.68585909160881841E-006
 LTM d(wg2)/d(wg2)   0.0000000000000000     
 B before wg2 wg2 ==>    0.0000000000000000        0.0000000000000000     
 Q value wg2 wg2 ==>   3.07286077929626550E-005  2.68585909160881841E-006
 B after wg2 wg2 ==>  3.10485758906759720E-005  2.68585909160881841E-006
 LTM d(wg2)/d(wg2)   0.0000000000000000     
 B before wg2 wg2 ==>    0.0000000000000000        0.0000000000000000     
 Q value wg2 wg2 ==>   2.99567439760672274E-005  2.55262296077550968E-006
 B after wg2 wg2 ==>  2.95083639962835194E-005  2.55262296077550968E-006
 LTM d(wg2)/d(wg2)   0.0000000000000000     
 B before wg2 wg2 ==>    0.0000000000000000        0.0000000000000000     
 Q value wg2 wg2 ==>   2.99567439760672274E-005  2.55262296077550968E-006
 B after wg2 wg2 ==>  2.95083639962835194E-005  2.55262296077550968E-006
 LTM d(wg2)/d(wg2)   0.0000000000000000     
 B before wg2 wg2 ==>    0.0000000000000000        0.0000000000000000     
 Q value wg2 wg2 ==>   2.99567439760672274E-005  2.55262296077550968E-006
 B after wg2 wg2 ==>  2.95083639962835194E-005  2.55262296077550968E-006
 LTM d(wg2)/d(wg2)   0.0000000000000000     
 B before wg2 wg2 ==>    0.0000000000000000        0.0000000000000000     
 Q value wg2 wg2 ==>   2.99567439760672274E-005  2.55262296077550968E-006
 B after wg2 wg2 ==>  2.95083639962835194E-005  2.55262296077550968E-006
 LTM d(wg2)/d(wg2)   0.0000000000000000     
 B before wg2 wg2 ==>    0.0000000000000000        0.0000000000000000     
 Q value wg2 wg2 ==>   2.99567439760672274E-005  2.55262296077550968E-006
 B after wg2 wg2 ==>  2.95083639962835194E-005  2.55262296077550968E-006
 LTM d(wg2)/d(wg2)   0.0000000000000000     
 B before wg2 wg2 ==>    0.0000000000000000        0.0000000000000000     
 Q value wg2 wg2 ==>   2.90936028119118281E-005  2.40764508324205215E-006
 B after wg2 wg2 ==>  2.78324173142219536E-005  2.40764508324205215E-006
 LTM d(wg2)/d(wg2)   0.0000000000000000     
 B before wg2 wg2 ==>    0.0000000000000000        0.0000000000000000     
 Q value wg2 wg2 ==>   2.94234733910165037E-005  2.46255157018128052E-006
 B after wg2 wg2 ==>  2.84671372189068613E-005  2.46255157018128052E-006
 LTM d(wg2)/d(wg2)   0.0000000000000000     
 B before wg2 wg2 ==>    0.0000000000000000        0.0000000000000000     
 Q value wg2 wg2 ==>   2.90936028119118281E-005  2.40764508324205215E-006
 B after wg2 wg2 ==>  2.78324173142219536E-005  2.40764508324205215E-006
 LTM d(wg2)/d(wg2)   0.0000000000000000     
 B before wg2 wg2 ==>    0.0000000000000000        0.0000000000000000     
 Q value wg2 wg2 ==>   3.01212029042410758E-005  2.58072708095562267E-006
 B after wg2 wg2 ==>  2.98332480942539119E-005  2.58072708095562267E-006
 LTM d(wg2)/d(wg2)   0.0000000000000000     
 B before wg2 wg2 ==>    0.0000000000000000        0.0000000000000000     
 Q value wg2 wg2 ==>   3.01212029042410758E-005  2.58072708095562267E-006
 B after wg2 wg2 ==>  2.98332480942539119E-005  2.58072708095562267E-006
 LTM d(wg2)/d(wg2)   0.0000000000000000     
 B before wg2 wg2 ==>    0.0000000000000000        0.0000000000000000     
 Q value wg2 wg2 ==>   3.01212029042410758E-005  2.58072708095562267E-006
 B after wg2 wg2 ==>  2.98332480942539119E-005  2.58072708095562267E-006
 LTM d(wg2)/d(wg2)   0.0000000000000000     
 B before wg2 wg2 ==>    0.0000000000000000        0.0000000000000000     
 Q value wg2 wg2 ==>   3.01212029042410758E-005  2.58072708095562267E-006
 B after wg2 wg2 ==>  2.98332480942539119E-005  2.58072708095562267E-006
 LTM d(wg2)/d(wg2)   0.0000000000000000     
 B before wg2 wg2 ==>    0.0000000000000000        0.0000000000000000     
 Q value wg2 wg2 ==>   3.01212029042410758E-005  2.58072708095562267E-006
 B after wg2 wg2 ==>  2.98332480942539119E-005  2.58072708095562267E-006
 LTM d(wg2)/d(wg2)   0.0000000000000000     
 B before wg2 wg2 ==>    0.0000000000000000        0.0000000000000000     
 Q value wg2 wg2 ==>   3.01212029042410758E-005  2.58072708095562267E-006
 B after wg2 wg2 ==>  2.98332480942539119E-005  2.58072708095562267E-006
 LTM d(wg2)/d(wg2)   0.0000000000000000     
 B before wg2 wg2 ==>    0.0000000000000000        0.0000000000000000     
 Q value wg2 wg2 ==>   2.95382902469546181E-005  2.48180790247348398E-006
 B after wg2 wg2 ==>  2.86897407413397629E-005  2.48180790247348398E-006
 LTM d(wg2)/d(wg2)   0.0000000000000000     
 B before wg2 wg2 ==>    0.0000000000000000        0.0000000000000000     
 Q value wg2 wg2 ==>   2.90936028119118349E-005  2.40764508324205300E-006
 B after wg2 wg2 ==>  2.78324173142219637E-005  2.40764508324205300E-006
 LTM d(wg2)/d(wg2)   0.0000000000000000     
 B before wg2 wg2 ==>    0.0000000000000000        0.0000000000000000     
 Q value wg2 wg2 ==>   2.90936028119118281E-005  2.40764508324205215E-006
 B after wg2 wg2 ==>  2.78324173142219536E-005  2.40764508324205215E-006
 LTM d(wg2)/d(wg2)   0.0000000000000000     
 B before wg2 wg2 ==>    0.0000000000000000        0.0000000000000000     
 Q value wg2 wg2 ==>   3.01212029042410860E-005  2.58072708095562437E-006
 B after wg2 wg2 ==>  2.98332480942539323E-005  2.58072708095562437E-006
 LTM d(wg2)/d(wg2)   0.0000000000000000     
 B before wg2 wg2 ==>    0.0000000000000000        0.0000000000000000     
 Q value wg2 wg2 ==>   3.03331771947047056E-005  2.61717799459656162E-006
 B after wg2 wg2 ==>  3.02546212638297066E-005  2.61717799459656162E-006
 LTM d(wg2)/d(wg2)   0.0000000000000000     
 B before wg2 wg2 ==>    0.0000000000000000        0.0000000000000000     
 Q value wg2 wg2 ==>   3.01212029042410758E-005  2.58072708095562267E-006
 B after wg2 wg2 ==>  2.98332480942539119E-005  2.58072708095562267E-006
 LTM d(wg2)/d(wg2)   0.0000000000000000     
 B before wg2 wg2 ==>    0.0000000000000000        0.0000000000000000     
 Q value wg2 wg2 ==>   3.01212029042410758E-005  2.58072708095562267E-006
 B after wg2 wg2 ==>  2.98332480942539119E-005  2.58072708095562267E-006
 LTM d(wg2)/d(wg2)   0.0000000000000000     
 B before wg2 wg2 ==>    0.0000000000000000        0.0000000000000000     
 Q value wg2 wg2 ==>   3.01212029042410758E-005  2.58072708095562267E-006
 B after wg2 wg2 ==>  2.98332480942539119E-005  2.58072708095562267E-006
 LTM d(wg2)/d(wg2)   0.0000000000000000     
 B before wg2 wg2 ==>    0.0000000000000000        0.0000000000000000     
 Q value wg2 wg2 ==>   3.01212029042410758E-005  2.58072708095562267E-006
 B after wg2 wg2 ==>  2.98332480942539119E-005  2.58072708095562267E-006
 LTM d(wg2)/d(wg2)   0.0000000000000000     
 B before wg2 wg2 ==>    0.0000000000000000        0.0000000000000000     
 Q value wg2 wg2 ==>   2.99489646662547768E-005  2.55129737836253058E-006
 B after wg2 wg2 ==>  2.94930402414829368E-005  2.55129737836253058E-006
 LTM d(wg2)/d(wg2)   0.0000000000000000     
 B before wg2 wg2 ==>    0.0000000000000000        0.0000000000000000     
 Q value wg2 wg2 ==>   2.93454751906339267E-005  2.44951300028902770E-006
 B after wg2 wg2 ==>  2.83164111335101011E-005  2.44951300028902770E-006
 LTM d(wg2)/d(wg2)   0.0000000000000000     
 B before wg2 wg2 ==>    0.0000000000000000        0.0000000000000000     
 Q value wg2 wg2 ==>   2.93454751906339301E-005  2.44951300028902855E-006
 B after wg2 wg2 ==>  2.83164111335101113E-005  2.44951300028902855E-006
 LTM d(wg2)/d(wg2)   0.0000000000000000     
 B before wg2 wg2 ==>    0.0000000000000000        0.0000000000000000     
 Q value wg2 wg2 ==>   3.07286077929626550E-005  2.68585909160881841E-006
 B after wg2 wg2 ==>  3.10485758906759720E-005  2.68585909160881841E-006
 LTM d(wg2)/d(wg2)   0.0000000000000000     
 B before wg2 wg2 ==>    0.0000000000000000        0.0000000000000000     
 Q value wg2 wg2 ==>   2.99567440448829352E-005  2.55262297250312341E-006
 B after wg2 wg2 ==>  2.95083641318549271E-005  2.55262297250312341E-006
 LTM d(wg2)/d(wg2)   0.0000000000000000     
 B before wg2 wg2 ==>    0.0000000000000000        0.0000000000000000     
 Q value wg2 wg2 ==>   3.07286077929626550E-005  2.68585909160881841E-006
 B after wg2 wg2 ==>  3.10485758906759720E-005  2.68585909160881841E-006
 LTM d(wg2)/d(wg2)   0.0000000000000000     
 B before wg2 wg2 ==>    0.0000000000000000        0.0000000000000000     
 Q value wg2 wg2 ==>   3.07286077929626550E-005  2.68585909160881841E-006
 B after wg2 wg2 ==>  3.10485758906759720E-005  2.68585909160881841E-006
 LTM d(wg2)/d(wg2)   0.0000000000000000     
 B before wg2 wg2 ==>    0.0000000000000000        0.0000000000000000     
 Q value wg2 wg2 ==>   3.07286077929626550E-005  2.68585909160881841E-006
 B after wg2 wg2 ==>  3.10485758906759720E-005  2.68585909160881841E-006
 LTM d(wg2)/d(wg2)   0.0000000000000000     
 B before wg2 wg2 ==>    0.0000000000000000        0.0000000000000000     
 Q value wg2 wg2 ==>   2.90936028119118281E-005  2.40764508324205215E-006
 B after wg2 wg2 ==>  2.78324173142219536E-005  2.40764508324205215E-006
 LTM d(wg2)/d(wg2)   0.0000000000000000     
 B before wg2 wg2 ==>    0.0000000000000000        0.0000000000000000     
 Q value wg2 wg2 ==>   2.90936028119118281E-005  2.40764508324205215E-006
 B after wg2 wg2 ==>  2.78324173142219536E-005  2.40764508324205215E-006
 LTM d(wg2)/d(wg2)   0.0000000000000000     
 B before wg2 wg2 ==>    0.0000000000000000        0.0000000000000000     
 Q value wg2 wg2 ==>   3.01212029042410758E-005  2.58072708095562267E-006
 B after wg2 wg2 ==>  2.98332480942539119E-005  2.58072708095562267E-006
 LTM d(wg2)/d(wg2)   0.0000000000000000     
 B before wg2 wg2 ==>    0.0000000000000000        0.0000000000000000     
 Q value wg2 wg2 ==>   3.07286077929626550E-005  2.68585909160881841E-006
 B after wg2 wg2 ==>  3.10485758906759720E-005  2.68585909160881841E-006
 LTM d(wg2)/d(wg2)   0.0000000000000000     
 B before wg2 wg2 ==>    0.0000000000000000        0.0000000000000000     
 Q value wg2 wg2 ==>   3.07286077929626550E-005  2.68585909160881841E-006
 B after wg2 wg2 ==>  3.10485758906759720E-005  2.68585909160881841E-006
 LTM d(wg2)/d(wg2)   0.0000000000000000     
 B before wg2 wg2 ==>    0.0000000000000000        0.0000000000000000     
 Q value wg2 wg2 ==>   3.07286077929626550E-005  2.68585909160881841E-006
 B after wg2 wg2 ==>  3.10485758906759720E-005  2.68585909160881841E-006
 LTM d(wg2)/d(wg2)   0.0000000000000000     
 B before wg2 wg2 ==>    0.0000000000000000        0.0000000000000000     
 Q value wg2 wg2 ==>   2.99567439760672274E-005  2.55262296077550968E-006
 B after wg2 wg2 ==>  2.95083639962835194E-005  2.55262296077550968E-006
 LTM d(wg2)/d(wg2)   0.0000000000000000     
 B before wg2 wg2 ==>    0.0000000000000000        0.0000000000000000     
 Q value wg2 wg2 ==>   2.99567439760672274E-005  2.55262296077550968E-006
 B after wg2 wg2 ==>  2.95083639962835194E-005  2.55262296077550968E-006
 LTM d(wg2)/d(wg2)   0.0000000000000000     
 B before wg2 wg2 ==>    0.0000000000000000        0.0000000000000000     
 Q value wg2 wg2 ==>   2.99567439760672274E-005  2.55262296077550968E-006
 B after wg2 wg2 ==>  2.95083639962835194E-005  2.55262296077550968E-006
 LTM d(wg2)/d(wg2)   0.0000000000000000     
 B before wg2 wg2 ==>    0.0000000000000000        0.0000000000000000     
 Q value wg2 wg2 ==>   2.90936028119118281E-005  2.40764508324205215E-006
 B after wg2 wg2 ==>  2.78324173142219536E-005  2.40764508324205215E-006
 LTM d(wg2)/d(wg2)   0.0000000000000000     
 B before wg2 wg2 ==>    0.0000000000000000        0.0000000000000000     
 Q value wg2 wg2 ==>   2.90936028119118281E-005  2.40764508324205215E-006
 B after wg2 wg2 ==>  2.78324173142219536E-005  2.40764508324205215E-006
 LTM d(wg2)/d(wg2)   0.0000000000000000     
 B before wg2 wg2 ==>    0.0000000000000000        0.0000000000000000     
 Q value wg2 wg2 ==>   2.90936028119118281E-005  2.40764508324205215E-006
 B after wg2 wg2 ==>  2.78324173142219536E-005  2.40764508324205215E-006
 LTM d(wg2)/d(wg2)   0.0000000000000000     
 B before wg2 wg2 ==>    0.0000000000000000        0.0000000000000000     
 Q value wg2 wg2 ==>   2.90936028119118281E-005  2.40764508324205215E-006
 B after wg2 wg2 ==>  2.78324173142219536E-005  2.40764508324205215E-006
 LTM d(wg2)/d(wg2)   0.0000000000000000     
 B before wg2 wg2 ==>    0.0000000000000000        0.0000000000000000     
 Q value wg2 wg2 ==>   2.90936028119118281E-005  2.40764508324205215E-006
 B after wg2 wg2 ==>  2.78324173142219536E-005  2.40764508324205215E-006
 LTM d(wg2)/d(wg2)   0.0000000000000000     
 B before wg2 wg2 ==>    0.0000000000000000        0.0000000000000000     
 Q value wg2 wg2 ==>   3.01212029042410758E-005  2.58072708095562267E-006
 B after wg2 wg2 ==>  2.98332480942539119E-005  2.58072708095562267E-006
 LTM d(wg2)/d(wg2)   0.0000000000000000     
 B before wg2 wg2 ==>    0.0000000000000000        0.0000000000000000     
 Q value wg2 wg2 ==>   3.01212029042410758E-005  2.58072708095562267E-006
 B after wg2 wg2 ==>  2.98332480942539119E-005  2.58072708095562267E-006
 LTM d(wg2)/d(wg2)   0.0000000000000000     
 B before wg2 wg2 ==>    0.0000000000000000        0.0000000000000000     
 Q value wg2 wg2 ==>   3.01212029042410758E-005  2.58072708095562267E-006
 B after wg2 wg2 ==>  2.98332480942539119E-005  2.58072708095562267E-006
 LTM d(wg2)/d(wg2)   0.0000000000000000     
 B before wg2 wg2 ==>    0.0000000000000000        0.0000000000000000     
 Q value wg2 wg2 ==>   3.01212029042410758E-005  2.58072708095562267E-006
 B after wg2 wg2 ==>  2.98332480942539119E-005  2.58072708095562267E-006
 LTM d(wg2)/d(wg2)   0.0000000000000000     
 B before wg2 wg2 ==>    0.0000000000000000        0.0000000000000000     
 Q value wg2 wg2 ==>   3.01212029042410758E-005  2.58072708095562267E-006
 B after wg2 wg2 ==>  2.98332480942539119E-005  2.58072708095562267E-006
 LTM d(wg2)/d(wg2)   0.0000000000000000     
 B before wg2 wg2 ==>    0.0000000000000000        0.0000000000000000     
 Q value wg2 wg2 ==>   2.94987045927177222E-005  2.47516038442218865E-006
 B after wg2 wg2 ==>  2.86128953218071067E-005  2.47516038442218865E-006
 LTM d(wg2)/d(wg2)   0.0000000000000000     
 B before wg2 wg2 ==>    0.0000000000000000        0.0000000000000000     
 Q value wg2 wg2 ==>   2.90936028119118281E-005  2.40764508324205215E-006
 B after wg2 wg2 ==>  2.78324173142219536E-005  2.40764508324205215E-006
 LTM d(wg2)/d(wg2)   0.0000000000000000     
 B before wg2 wg2 ==>    0.0000000000000000        0.0000000000000000     
 Q value wg2 wg2 ==>   2.90936028119118281E-005  2.40764508324205215E-006
 B after wg2 wg2 ==>  2.78324173142219536E-005  2.40764508324205215E-006
 LTM d(wg2)/d(wg2)   0.0000000000000000     
 B before wg2 wg2 ==>    0.0000000000000000        0.0000000000000000     
 Q value wg2 wg2 ==>   2.90936028119118281E-005  2.40764508324205215E-006
 B after wg2 wg2 ==>  2.78324173142219536E-005  2.40764508324205215E-006
 LTM d(wg2)/d(wg2)   0.0000000000000000     
 B before wg2 wg2 ==>    0.0000000000000000        0.0000000000000000     
 Q value wg2 wg2 ==>   3.01212029042410758E-005  2.58072708095562267E-006
 B after wg2 wg2 ==>  2.98332480942539119E-005  2.58072708095562267E-006
 LTM d(wg2)/d(wg2)   0.0000000000000000     
 B before wg2 wg2 ==>    0.0000000000000000        0.0000000000000000     
 Q value wg2 wg2 ==>   3.01212029042410758E-005  2.58072708095562267E-006
 B after wg2 wg2 ==>  2.98332480942539119E-005  2.58072708095562267E-006
 LTM d(wg2)/d(wg2)   0.0000000000000000     
 B before wg2 wg2 ==>    0.0000000000000000        0.0000000000000000     
 Q value wg2 wg2 ==>   3.01212029042410758E-005  2.58072708095562267E-006
 B after wg2 wg2 ==>  2.98332480942539119E-005  2.58072708095562267E-006
 LTM d(wg2)/d(wg2)   0.0000000000000000     
 B before wg2 wg2 ==>    0.0000000000000000        0.0000000000000000     
 Q value wg2 wg2 ==>   3.01212029042410758E-005  2.58072708095562267E-006
 B after wg2 wg2 ==>  2.98332480942539119E-005  2.58072708095562267E-006
 LTM d(wg2)/d(wg2)   0.0000000000000000     
 B before wg2 wg2 ==>    0.0000000000000000        0.0000000000000000     
 Q value wg2 wg2 ==>   3.01212029042410758E-005  2.58072708095562267E-006
 B after wg2 wg2 ==>  2.98332480942539119E-005  2.58072708095562267E-006
 LTM d(wg2)/d(wg2)   0.0000000000000000     
 B before wg2 wg2 ==>    0.0000000000000000        0.0000000000000000     
 Q value wg2 wg2 ==>   2.93454751906339301E-005  2.44951300028902855E-006
 B after wg2 wg2 ==>  2.83164111335101113E-005  2.44951300028902855E-006
 LTM d(wg2)/d(wg2)   0.0000000000000000     
 B before wg2 wg2 ==>    0.0000000000000000        0.0000000000000000     
 Q value wg2 wg2 ==>   2.93454751906339267E-005  2.44951300028902770E-006
 B after wg2 wg2 ==>  2.83164111335101011E-005  2.44951300028902770E-006
 LTM d(wg2)/d(wg2)   0.0000000000000000     
 B before wg2 wg2 ==>    0.0000000000000000        0.0000000000000000     
 Q value wg2 wg2 ==>   2.93454751906339267E-005  2.44951300028902770E-006
 B after wg2 wg2 ==>  2.83164111335101011E-005  2.44951300028902770E-006
 LTM d(wg2)/d(wg2)   0.0000000000000000     
 B before wg2 wg2 ==>    0.0000000000000000        0.0000000000000000     
 Q value wg2 wg2 ==>   2.93454751906339301E-005  2.44951300028902855E-006
 B after wg2 wg2 ==>  2.83164111335101113E-005  2.44951300028902855E-006
 LTM d(wg2)/d(wg2)   0.0000000000000000     
 B before wg2 wg2 ==>    0.0000000000000000        0.0000000000000000     
 Q value wg2 wg2 ==>   2.93454751906339301E-005  2.44951300028902855E-006
 B after wg2 wg2 ==>  2.83164111335101113E-005  2.44951300028902855E-006
 LTM d(wg2)/d(wg2)   0.0000000000000000     
 B before wg2 wg2 ==>    0.0000000000000000        0.0000000000000000     
 Q value wg2 wg2 ==>   3.01972330212823327E-005  2.59377175364728646E-006
 B after wg2 wg2 ==>  2.99840447281136380E-005  2.59377175364728646E-006
 LTM d(wg2)/d(wg2)   0.0000000000000000     
 B before wg2 wg2 ==>    0.0000000000000000        0.0000000000000000     
 Q value wg2 wg2 ==>   3.07286077929626550E-005  2.68585909160881841E-006
 B after wg2 wg2 ==>  3.10485758906759720E-005  2.68585909160881841E-006
 LTM d(wg2)/d(wg2)   0.0000000000000000     
 B before wg2 wg2 ==>    0.0000000000000000        0.0000000000000000     
 Q value wg2 wg2 ==>   3.07286077929626550E-005  2.68585909160881841E-006
 B after wg2 wg2 ==>  3.10485758906759720E-005  2.68585909160881841E-006
 LTM d(wg2)/d(wg2)   0.0000000000000000     
 B before wg2 wg2 ==>    0.0000000000000000        0.0000000000000000     
 Q value wg2 wg2 ==>   2.90936028119118281E-005  2.40764508324205215E-006
 B after wg2 wg2 ==>  2.78324173142219536E-005  2.40764508324205215E-006
 LTM d(wg2)/d(wg2)   0.0000000000000000     
 B before wg2 wg2 ==>    0.0000000000000000        0.0000000000000000     
 Q value wg2 wg2 ==>   3.03599869147065250E-005  2.62180637997838615E-006
 B after wg2 wg2 ==>  3.03081254760305009E-005  2.62180637997838615E-006
 LTM d(wg2)/d(wg2)   0.0000000000000000     
 B before wg2 wg2 ==>    0.0000000000000000        0.0000000000000000     
 Q value wg2 wg2 ==>   3.07286077929626550E-005  2.68585909160881841E-006
 B after wg2 wg2 ==>  3.10485758906759720E-005  2.68585909160881841E-006
 LTM d(wg2)/d(wg2)   0.0000000000000000     
 B before wg2 wg2 ==>    0.0000000000000000        0.0000000000000000     
 Q value wg2 wg2 ==>   3.07286077929626550E-005  2.68585909160881841E-006
 B after wg2 wg2 ==>  3.10485758906759720E-005  2.68585909160881841E-006
 LTM d(wg2)/d(wg2)   0.0000000000000000     
 B before wg2 wg2 ==>    0.0000000000000000        0.0000000000000000     
 Q value wg2 wg2 ==>   3.07286077929626550E-005  2.68585909160881841E-006
 B after wg2 wg2 ==>  3.10485758906759720E-005  2.68585909160881841E-006
 LTM d(wg2)/d(wg2)   0.0000000000000000     
 B before wg2 wg2 ==>    0.0000000000000000        0.0000000000000000     
 Q value wg2 wg2 ==>   2.99567439760672274E-005  2.55262296077550968E-006
 B after wg2 wg2 ==>  2.95083639962835194E-005  2.55262296077550968E-006
 LTM d(wg2)/d(wg2)   0.0000000000000000     
 B before wg2 wg2 ==>    0.0000000000000000        0.0000000000000000     
 Q value wg2 wg2 ==>   2.99567439760672274E-005  2.55262296077550968E-006
 B after wg2 wg2 ==>  2.95083639962835194E-005  2.55262296077550968E-006
 LTM d(wg2)/d(wg2)   0.0000000000000000     
 B before wg2 wg2 ==>    0.0000000000000000        0.0000000000000000     
 Q value wg2 wg2 ==>   2.90936028119118281E-005  2.40764508324205215E-006
 B after wg2 wg2 ==>  2.78324173142219536E-005  2.40764508324205215E-006
 LTM d(wg2)/d(wg2)   0.0000000000000000     
 B before wg2 wg2 ==>    0.0000000000000000        0.0000000000000000     
 Q value wg2 wg2 ==>   2.90936028119118281E-005  2.40764508324205215E-006
 B after wg2 wg2 ==>  2.78324173142219536E-005  2.40764508324205215E-006
 LTM d(wg2)/d(wg2)   0.0000000000000000     
 B before wg2 wg2 ==>    0.0000000000000000        0.0000000000000000     
 Q value wg2 wg2 ==>   2.90936028119118281E-005  2.40764508324205215E-006
 B after wg2 wg2 ==>  2.78324173142219536E-005  2.40764508324205215E-006
 LTM d(wg2)/d(wg2)   0.0000000000000000     
 B before wg2 wg2 ==>    0.0000000000000000        0.0000000000000000     
 Q value wg2 wg2 ==>   2.90936028119118281E-005  2.40764508324205215E-006
 B after wg2 wg2 ==>  2.78324173142219536E-005  2.40764508324205215E-006
 LTM d(wg2)/d(wg2)   0.0000000000000000     
 B before wg2 wg2 ==>    0.0000000000000000        0.0000000000000000     
 Q value wg2 wg2 ==>   2.90936028119118281E-005  2.40764508324205215E-006
 B after wg2 wg2 ==>  2.78324173142219536E-005  2.40764508324205215E-006
 LTM d(wg2)/d(wg2)   0.0000000000000000     
 B before wg2 wg2 ==>    0.0000000000000000        0.0000000000000000     
 Q value wg2 wg2 ==>   2.96754184767961874E-005  2.50490442459868871E-006
 B after wg2 wg2 ==>  2.89567369222844404E-005  2.50490442459868871E-006
 LTM d(wg2)/d(wg2)   0.0000000000000000     
 B before wg2 wg2 ==>    0.0000000000000000        0.0000000000000000     
 Q value wg2 wg2 ==>   3.01212029042410758E-005  2.58072708095562267E-006
 B after wg2 wg2 ==>  2.98332480942539119E-005  2.58072708095562267E-006
 LTM d(wg2)/d(wg2)   0.0000000000000000     
 B before wg2 wg2 ==>    0.0000000000000000        0.0000000000000000     
 Q value wg2 wg2 ==>   3.01212029042410758E-005  2.58072708095562267E-006
 B after wg2 wg2 ==>  2.98332480942539119E-005  2.58072708095562267E-006
 LTM d(wg2)/d(wg2)   0.0000000000000000     
 B before wg2 wg2 ==>    0.0000000000000000        0.0000000000000000     
 Q value wg2 wg2 ==>   3.01212029042410758E-005  2.58072708095562267E-006
 B after wg2 wg2 ==>  2.98332480942539119E-005  2.58072708095562267E-006
 LTM d(wg2)/d(wg2)   0.0000000000000000     
 B before wg2 wg2 ==>    0.0000000000000000        0.0000000000000000     
 Q value wg2 wg2 ==>   3.01212029042410758E-005  2.58072708095562267E-006
 B after wg2 wg2 ==>  2.98332480942539119E-005  2.58072708095562267E-006
 LTM d(wg2)/d(wg2)   0.0000000000000000     
 B before wg2 wg2 ==>    0.0000000000000000        0.0000000000000000     
 Q value wg2 wg2 ==>   3.01212029042410758E-005  2.58072708095562267E-006
 B after wg2 wg2 ==>  2.98332480942539119E-005  2.58072708095562267E-006
 LTM d(wg2)/d(wg2)   0.0000000000000000     
 B before wg2 wg2 ==>    0.0000000000000000        0.0000000000000000     
 Q value wg2 wg2 ==>   2.96754184767961874E-005  2.50490442459868871E-006
 B after wg2 wg2 ==>  2.89567369222844404E-005  2.50490442459868871E-006
 LTM d(wg2)/d(wg2)   0.0000000000000000     
 B before wg2 wg2 ==>    0.0000000000000000        0.0000000000000000     
 Q value wg2 wg2 ==>   2.90936028119118281E-005  2.40764508324205215E-006
 B after wg2 wg2 ==>  2.78324173142219536E-005  2.40764508324205215E-006
 LTM d(wg2)/d(wg2)   0.0000000000000000     
 B before wg2 wg2 ==>    0.0000000000000000        0.0000000000000000     
 Q value wg2 wg2 ==>   2.90936028119118281E-005  2.40764508324205215E-006
 B after wg2 wg2 ==>  2.78324173142219536E-005  2.40764508324205215E-006
 LTM d(wg2)/d(wg2)   0.0000000000000000     
 B before wg2 wg2 ==>    0.0000000000000000        0.0000000000000000     
 Q value wg2 wg2 ==>   2.90936028119118349E-005  2.40764508324205300E-006
 B after wg2 wg2 ==>  2.78324173142219637E-005  2.40764508324205300E-006
 LTM d(wg2)/d(wg2)   0.0000000000000000     
 B before wg2 wg2 ==>    0.0000000000000000        0.0000000000000000     
 Q value wg2 wg2 ==>   2.90936028119118281E-005  2.40764508324205215E-006
 B after wg2 wg2 ==>  2.78324173142219536E-005  2.40764508324205215E-006
 LTM d(wg2)/d(wg2)   0.0000000000000000     
 B before wg2 wg2 ==>    0.0000000000000000        0.0000000000000000     
 Q value wg2 wg2 ==>   3.01212029042410860E-005  2.58072708095562437E-006
 B after wg2 wg2 ==>  2.98332480942539323E-005  2.58072708095562437E-006
 LTM d(wg2)/d(wg2)   0.0000000000000000     
 B before wg2 wg2 ==>    0.0000000000000000        0.0000000000000000     
 Q value wg2 wg2 ==>   3.01212029042410758E-005  2.58072708095562267E-006
 B after wg2 wg2 ==>  2.98332480942539119E-005  2.58072708095562267E-006
 LTM d(wg2)/d(wg2)   0.0000000000000000     
 B before wg2 wg2 ==>    0.0000000000000000        0.0000000000000000     
 Q value wg2 wg2 ==>   3.01212029042410758E-005  2.58072708095562267E-006
 B after wg2 wg2 ==>  2.98332480942539119E-005  2.58072708095562267E-006
 LTM d(wg2)/d(wg2)   0.0000000000000000     
 B before wg2 wg2 ==>    0.0000000000000000        0.0000000000000000     
 Q value wg2 wg2 ==>   3.01212029042410758E-005  2.58072708095562267E-006
 B after wg2 wg2 ==>  2.98332480942539119E-005  2.58072708095562267E-006
 LTM d(wg2)/d(wg2)   0.0000000000000000     
 B before wg2 wg2 ==>    0.0000000000000000        0.0000000000000000     
 Q value wg2 wg2 ==>   2.93454751906339471E-005  2.44951300028903109E-006
 B after wg2 wg2 ==>  2.83164111335101418E-005  2.44951300028903109E-006
 LTM d(wg2)/d(wg2)   0.0000000000000000     
 B before wg2 wg2 ==>    0.0000000000000000        0.0000000000000000     
 Q value wg2 wg2 ==>   2.93454751906339267E-005  2.44951300028902770E-006
 B after wg2 wg2 ==>  2.83164111335101011E-005  2.44951300028902770E-006
 LTM d(wg2)/d(wg2)   0.0000000000000000     
 B before wg2 wg2 ==>    0.0000000000000000        0.0000000000000000     
 Q value wg2 wg2 ==>   2.93454751906339267E-005  2.44951300028902770E-006
 B after wg2 wg2 ==>  2.83164111335101011E-005  2.44951300028902770E-006
 LTM d(wg2)/d(wg2)   0.0000000000000000     
 B before wg2 wg2 ==>    0.0000000000000000        0.0000000000000000     
 Q value wg2 wg2 ==>   2.93454751906339301E-005  2.44951300028902855E-006
 B after wg2 wg2 ==>  2.83164111335101113E-005  2.44951300028902855E-006
 LTM d(wg2)/d(wg2)   0.0000000000000000     
 B before wg2 wg2 ==>    0.0000000000000000        0.0000000000000000     
 Q value wg2 wg2 ==>   2.93454751906339301E-005  2.44951300028902855E-006
 B after wg2 wg2 ==>  2.83164111335101113E-005  2.44951300028902855E-006
 LTM d(wg2)/d(wg2)   0.0000000000000000     
 B before wg2 wg2 ==>    0.0000000000000000        0.0000000000000000     
 Q value wg2 wg2 ==>   2.93454751906339301E-005  2.44951300028902855E-006
 B after wg2 wg2 ==>  2.83164111335101113E-005  2.44951300028902855E-006
 LTM d(wg2)/d(wg2)   0.0000000000000000     
 B before wg2 wg2 ==>    0.0000000000000000        0.0000000000000000     
 Q value wg2 wg2 ==>   3.07286077929626550E-005  2.68585909160881841E-006
 B after wg2 wg2 ==>  3.10485758906759720E-005  2.68585909160881841E-006
 LTM d(wg2)/d(wg2)   0.0000000000000000     
 B before wg2 wg2 ==>    0.0000000000000000        0.0000000000000000     
 Q value wg2 wg2 ==>   3.07286077929626550E-005  2.68585909160881841E-006
 B after wg2 wg2 ==>  3.10485758906759720E-005  2.68585909160881841E-006
 LTM d(wg2)/d(wg2)   0.0000000000000000     
 B before wg2 wg2 ==>    0.0000000000000000        0.0000000000000000     
 Q value wg2 wg2 ==>   3.07286077929626550E-005  2.68585909160881841E-006
 B after wg2 wg2 ==>  3.10485758906759720E-005  2.68585909160881841E-006
 LTM d(wg2)/d(wg2)   0.0000000000000000     
 B before wg2 wg2 ==>    0.0000000000000000        0.0000000000000000     
 Q value wg2 wg2 ==>   3.07286077929626550E-005  2.68585909160881841E-006
 B after wg2 wg2 ==>  3.10485758906759720E-005  2.68585909160881841E-006
 LTM d(wg2)/d(wg2)   0.0000000000000000     
 B before wg2 wg2 ==>    0.0000000000000000        0.0000000000000000     
 Q value wg2 wg2 ==>   3.07286077929626550E-005  2.68585909160881841E-006
 B after wg2 wg2 ==>  3.10485758906759720E-005  2.68585909160881841E-006
 LTM d(wg2)/d(wg2)   0.0000000000000000     
 B before wg2 wg2 ==>    0.0000000000000000        0.0000000000000000     
 Q value wg2 wg2 ==>   3.07286077929626550E-005  2.68585909160881841E-006
 B after wg2 wg2 ==>  3.10485758906759720E-005  2.68585909160881841E-006
 LTM d(wg2)/d(wg2)   0.0000000000000000     
 B before wg2 wg2 ==>    0.0000000000000000        0.0000000000000000     
 Q value wg2 wg2 ==>   2.99567439760672274E-005  2.55262296077550968E-006
 B after wg2 wg2 ==>  2.95083639962835194E-005  2.55262296077550968E-006
 LTM d(wg2)/d(wg2)   0.0000000000000000     
 B before wg2 wg2 ==>    0.0000000000000000        0.0000000000000000     
 Q value wg2 wg2 ==>   2.90936028119118281E-005  2.40764508324205215E-006
 B after wg2 wg2 ==>  2.78324173142219536E-005  2.40764508324205215E-006
 LTM d(wg2)/d(wg2)   0.0000000000000000     
 B before wg2 wg2 ==>    0.0000000000000000        0.0000000000000000     
 Q value wg2 wg2 ==>   2.90936028119118281E-005  2.40764508324205215E-006
 B after wg2 wg2 ==>  2.78324173142219536E-005  2.40764508324205215E-006
 LTM d(wg2)/d(wg2)   0.0000000000000000     
 B before wg2 wg2 ==>    0.0000000000000000        0.0000000000000000     
 Q value wg2 wg2 ==>   2.90936028119118281E-005  2.40764508324205215E-006
 B after wg2 wg2 ==>  2.78324173142219536E-005  2.40764508324205215E-006
 LTM d(wg2)/d(wg2)   0.0000000000000000     
 B before wg2 wg2 ==>    0.0000000000000000        0.0000000000000000     
 Q value wg2 wg2 ==>   2.90936028119118281E-005  2.40764508324205215E-006
 B after wg2 wg2 ==>  2.78324173142219536E-005  2.40764508324205215E-006
 LTM d(wg2)/d(wg2)   0.0000000000000000     
 B before wg2 wg2 ==>    0.0000000000000000        0.0000000000000000     
 Q value wg2 wg2 ==>   2.90936028119118281E-005  2.40764508324205215E-006
 B after wg2 wg2 ==>  2.78324173142219536E-005  2.40764508324205215E-006
 LTM d(wg2)/d(wg2)   0.0000000000000000     
 B before wg2 wg2 ==>    0.0000000000000000        0.0000000000000000     
 Q value wg2 wg2 ==>   2.93454750959552436E-005  2.44951298448307019E-006
 B after wg2 wg2 ==>  2.83164109507929683E-005  2.44951298448307019E-006
 LTM d(wg2)/d(wg2)   0.0000000000000000     
 B before wg2 wg2 ==>    0.0000000000000000        0.0000000000000000     
 Q value wg2 wg2 ==>   3.01212029042410758E-005  2.58072708095562267E-006
 B after wg2 wg2 ==>  2.98332480942539119E-005  2.58072708095562267E-006
 LTM d(wg2)/d(wg2)   0.0000000000000000     
 B before wg2 wg2 ==>    0.0000000000000000        0.0000000000000000     
 Q value wg2 wg2 ==>   3.01212029042410758E-005  2.58072708095562267E-006
 B after wg2 wg2 ==>  2.98332480942539119E-005  2.58072708095562267E-006
 LTM d(wg2)/d(wg2)   0.0000000000000000     
 B before wg2 wg2 ==>    0.0000000000000000        0.0000000000000000     
 Q value wg2 wg2 ==>   3.01212029042410758E-005  2.58072708095562267E-006
 B after wg2 wg2 ==>  2.98332480942539119E-005  2.58072708095562267E-006
 LTM d(wg2)/d(wg2)   0.0000000000000000     
 B before wg2 wg2 ==>    0.0000000000000000        0.0000000000000000     
 Q value wg2 wg2 ==>   3.01212029042410758E-005  2.58072708095562267E-006
 B after wg2 wg2 ==>  2.98332480942539119E-005  2.58072708095562267E-006
 LTM d(wg2)/d(wg2)   0.0000000000000000     
 B before wg2 wg2 ==>    0.0000000000000000        0.0000000000000000     
 Q value wg2 wg2 ==>   3.01212029042410758E-005  2.58072708095562267E-006
 B after wg2 wg2 ==>  2.98332480942539119E-005  2.58072708095562267E-006
 LTM d(wg2)/d(wg2)   0.0000000000000000     
 B before wg2 wg2 ==>    0.0000000000000000        0.0000000000000000     
 Q value wg2 wg2 ==>   3.01212029042410758E-005  2.58072708095562267E-006
 B after wg2 wg2 ==>  2.98332480942539119E-005  2.58072708095562267E-006
 LTM d(wg2)/d(wg2)   0.0000000000000000     
 B before wg2 wg2 ==>    0.0000000000000000        0.0000000000000000     
 Q value wg2 wg2 ==>   2.96754184767961874E-005  2.50490442459868871E-006
 B after wg2 wg2 ==>  2.89567369222844404E-005  2.50490442459868871E-006
 LTM d(wg2)/d(wg2)   0.0000000000000000     
 B before wg2 wg2 ==>    0.0000000000000000        0.0000000000000000     
 Q value wg2 wg2 ==>   2.90936028119118281E-005  2.40764508324205215E-006
 B after wg2 wg2 ==>  2.78324173142219536E-005  2.40764508324205215E-006
 LTM d(wg2)/d(wg2)   0.0000000000000000     
 B before wg2 wg2 ==>    0.0000000000000000        0.0000000000000000     
 Q value wg2 wg2 ==>   2.90936028119118349E-005  2.40764508324205300E-006
 B after wg2 wg2 ==>  2.78324173142219637E-005  2.40764508324205300E-006
 LTM d(wg2)/d(wg2)   0.0000000000000000     
 B before wg2 wg2 ==>    0.0000000000000000        0.0000000000000000     
 Q value wg2 wg2 ==>   2.90936028119118281E-005  2.40764508324205215E-006
 B after wg2 wg2 ==>  2.78324173142219536E-005  2.40764508324205215E-006
 LTM d(wg2)/d(wg2)   0.0000000000000000     
 B before wg2 wg2 ==>    0.0000000000000000        0.0000000000000000     
 Q value wg2 wg2 ==>   2.90936028119118281E-005  2.40764508324205215E-006
 B after wg2 wg2 ==>  2.78324173142219536E-005  2.40764508324205215E-006
 LTM d(wg2)/d(wg2)   0.0000000000000000     
 B before wg2 wg2 ==>    0.0000000000000000        0.0000000000000000     
 Q value wg2 wg2 ==>   3.01212029042410758E-005  2.58072708095562267E-006
 B after wg2 wg2 ==>  2.98332480942539119E-005  2.58072708095562267E-006
 LTM d(wg2)/d(wg2)   0.0000000000000000     
 B before wg2 wg2 ==>    0.0000000000000000        0.0000000000000000     
 Q value wg2 wg2 ==>   3.01212029042410758E-005  2.58072708095562267E-006
 B after wg2 wg2 ==>  2.98332480942539119E-005  2.58072708095562267E-006
 LTM d(wg2)/d(wg2)   0.0000000000000000     
 B before wg2 wg2 ==>    0.0000000000000000        0.0000000000000000     
 Q value wg2 wg2 ==>   3.01212029042410758E-005  2.58072708095562267E-006
 B after wg2 wg2 ==>  2.98332480942539119E-005  2.58072708095562267E-006
 LTM d(wg2)/d(wg2)   0.0000000000000000     
 B before wg2 wg2 ==>    0.0000000000000000        0.0000000000000000     
 Q value wg2 wg2 ==>   2.96413213679464513E-005  2.49915145226774437E-006
 B after wg2 wg2 ==>  2.88902324661972484E-005  2.49915145226774437E-006
 LTM d(wg2)/d(wg2)   0.0000000000000000     
 B before wg2 wg2 ==>    0.0000000000000000        0.0000000000000000     
 Q value wg2 wg2 ==>   2.93454751906339301E-005  2.44951300028902855E-006
 B after wg2 wg2 ==>  2.83164111335101113E-005  2.44951300028902855E-006
 LTM d(wg2)/d(wg2)   0.0000000000000000     
 B before wg2 wg2 ==>    0.0000000000000000        0.0000000000000000     
 Q value wg2 wg2 ==>   2.93454751906339267E-005  2.44951300028902770E-006
 B after wg2 wg2 ==>  2.83164111335101011E-005  2.44951300028902770E-006
 LTM d(wg2)/d(wg2)   0.0000000000000000     
 B before wg2 wg2 ==>    0.0000000000000000        0.0000000000000000     
 Q value wg2 wg2 ==>   2.93454751906339301E-005  2.44951300028902855E-006
 B after wg2 wg2 ==>  2.83164111335101113E-005  2.44951300028902855E-006
 LTM d(wg2)/d(wg2)   0.0000000000000000     
 B before wg2 wg2 ==>    0.0000000000000000        0.0000000000000000     
 Q value wg2 wg2 ==>   2.93454751906339267E-005  2.44951300028902770E-006
 B after wg2 wg2 ==>  2.83164111335101011E-005  2.44951300028902770E-006
 LTM d(wg2)/d(wg2)   0.0000000000000000     
 B before wg2 wg2 ==>    0.0000000000000000        0.0000000000000000     
 Q value wg2 wg2 ==>   2.93454751906339301E-005  2.44951300028902855E-006
 B after wg2 wg2 ==>  2.83164111335101113E-005  2.44951300028902855E-006
 LTM d(wg2)/d(wg2)   0.0000000000000000     
 B before wg2 wg2 ==>    0.0000000000000000        0.0000000000000000     
 Q value wg2 wg2 ==>   2.93454751906339267E-005  2.44951300028902770E-006
 B after wg2 wg2 ==>  2.83164111335101011E-005  2.44951300028902770E-006
 LTM d(wg2)/d(wg2)   0.0000000000000000     
 B before wg2 wg2 ==>    0.0000000000000000        0.0000000000000000     
 Q value wg2 wg2 ==>   2.99567440448829352E-005  2.55262297250312341E-006
 B after wg2 wg2 ==>  2.95083641318549271E-005  2.55262297250312341E-006
 LTM d(wg2)/d(wg2)   0.0000000000000000     
 B before wg2 wg2 ==>    0.0000000000000000        0.0000000000000000     
 Q value wg2 wg2 ==>   3.07286077929626550E-005  2.68585909160881841E-006
 B after wg2 wg2 ==>  3.10485758906759720E-005  2.68585909160881841E-006
 LTM d(wg2)/d(wg2)   0.0000000000000000     
 B before wg2 wg2 ==>    0.0000000000000000        0.0000000000000000     
 Q value wg2 wg2 ==>   3.07286077929626550E-005  2.68585909160881841E-006
 B after wg2 wg2 ==>  3.10485758906759720E-005  2.68585909160881841E-006
 LTM d(wg2)/d(wg2)   0.0000000000000000     
 B before wg2 wg2 ==>    0.0000000000000000        0.0000000000000000     
 Q value wg2 wg2 ==>   3.07286077929626550E-005  2.68585909160881841E-006
 B after wg2 wg2 ==>  3.10485758906759720E-005  2.68585909160881841E-006
 LTM d(wg2)/d(wg2)   0.0000000000000000     
 B before wg2 wg2 ==>    0.0000000000000000        0.0000000000000000     
 Q value wg2 wg2 ==>   3.07286077929626550E-005  2.68585909160881841E-006
 B after wg2 wg2 ==>  3.10485758906759720E-005  2.68585909160881841E-006
 LTM d(wg2)/d(wg2)   0.0000000000000000     
 B before wg2 wg2 ==>    0.0000000000000000        0.0000000000000000     
 Q value wg2 wg2 ==>   3.04482127782057813E-005  2.63706641461160951E-006
 B after wg2 wg2 ==>  3.04845317308799230E-005  2.63706641461160951E-006
 LTM d(wg2)/d(wg2)   0.0000000000000000     
 B before wg2 wg2 ==>    0.0000000000000000        0.0000000000000000     
 Q value wg2 wg2 ==>   2.99567439760672274E-005  2.55262296077550968E-006
 B after wg2 wg2 ==>  2.95083639962835194E-005  2.55262296077550968E-006
 LTM d(wg2)/d(wg2)   0.0000000000000000     
 B before wg2 wg2 ==>    0.0000000000000000        0.0000000000000000     
 Q value wg2 wg2 ==>   2.90936028119118281E-005  2.40764508324205215E-006
 B after wg2 wg2 ==>  2.78324173142219536E-005  2.40764508324205215E-006
 LTM d(wg2)/d(wg2)   0.0000000000000000     
 B before wg2 wg2 ==>    0.0000000000000000        0.0000000000000000     
 Q value wg2 wg2 ==>   2.90936028119118281E-005  2.40764508324205215E-006
 B after wg2 wg2 ==>  2.78324173142219536E-005  2.40764508324205215E-006
 LTM d(wg2)/d(wg2)   0.0000000000000000     
 B before wg2 wg2 ==>    0.0000000000000000        0.0000000000000000     
 Q value wg2 wg2 ==>   2.90936028119118281E-005  2.40764508324205215E-006
 B after wg2 wg2 ==>  2.78324173142219536E-005  2.40764508324205215E-006
 LTM d(wg2)/d(wg2)   0.0000000000000000     
 B before wg2 wg2 ==>    0.0000000000000000        0.0000000000000000     
 Q value wg2 wg2 ==>   2.90936028119118281E-005  2.40764508324205215E-006
 B after wg2 wg2 ==>  2.78324173142219536E-005  2.40764508324205215E-006
 LTM d(wg2)/d(wg2)   0.0000000000000000     
 B before wg2 wg2 ==>    0.0000000000000000        0.0000000000000000     
 Q value wg2 wg2 ==>   2.92850866436060285E-005  2.43944191921354549E-006
 B after wg2 wg2 ==>  2.81999892683235859E-005  2.43944191921354549E-006
 LTM d(wg2)/d(wg2)   0.0000000000000000     
 B before wg2 wg2 ==>    0.0000000000000000        0.0000000000000000     
 Q value wg2 wg2 ==>   2.95712842777049175E-005  2.48735531756896147E-006
 B after wg2 wg2 ==>  2.87538689523569085E-005  2.48735531756896147E-006
 LTM d(wg2)/d(wg2)   0.0000000000000000     
 B before wg2 wg2 ==>    0.0000000000000000        0.0000000000000000     
 Q value wg2 wg2 ==>   3.01212029042410758E-005  2.58072708095562267E-006
 B after wg2 wg2 ==>  2.98332480942539119E-005  2.58072708095562267E-006
 LTM d(wg2)/d(wg2)   0.0000000000000000     
 B before wg2 wg2 ==>    0.0000000000000000        0.0000000000000000     
 Q value wg2 wg2 ==>   3.01212029042410758E-005  2.58072708095562267E-006
 B after wg2 wg2 ==>  2.98332480942539119E-005  2.58072708095562267E-006
 LTM d(wg2)/d(wg2)   0.0000000000000000     
 B before wg2 wg2 ==>    0.0000000000000000        0.0000000000000000     
 Q value wg2 wg2 ==>   3.01212029042410758E-005  2.58072708095562267E-006
 B after wg2 wg2 ==>  2.98332480942539119E-005  2.58072708095562267E-006
 LTM d(wg2)/d(wg2)   0.0000000000000000     
 B before wg2 wg2 ==>    0.0000000000000000        0.0000000000000000     
 Q value wg2 wg2 ==>   3.01212029042410758E-005  2.58072708095562267E-006
 B after wg2 wg2 ==>  2.98332480942539119E-005  2.58072708095562267E-006
 LTM d(wg2)/d(wg2)   0.0000000000000000     
 B before wg2 wg2 ==>    0.0000000000000000        0.0000000000000000     
 Q value wg2 wg2 ==>   3.01212029042410758E-005  2.58072708095562267E-006
 B after wg2 wg2 ==>  2.98332480942539119E-005  2.58072708095562267E-006
 LTM d(wg2)/d(wg2)   0.0000000000000000     
 B before wg2 wg2 ==>    0.0000000000000000        0.0000000000000000     
 Q value wg2 wg2 ==>   2.96754184767961874E-005  2.50490442459868871E-006
 B after wg2 wg2 ==>  2.89567369222844404E-005  2.50490442459868871E-006
 LTM d(wg2)/d(wg2)   0.0000000000000000     
 B before wg2 wg2 ==>    0.0000000000000000        0.0000000000000000     
 Q value wg2 wg2 ==>   2.94042379355188607E-005  2.45933285992848086E-006
 B after wg2 wg2 ==>  2.84299288747065405E-005  2.45933285992848086E-006
 LTM d(wg2)/d(wg2)   0.0000000000000000     
 B before wg2 wg2 ==>    0.0000000000000000        0.0000000000000000     
 Q value wg2 wg2 ==>   2.90936028119118281E-005  2.40764508324205215E-006
 B after wg2 wg2 ==>  2.78324173142219536E-005  2.40764508324205215E-006
 LTM d(wg2)/d(wg2)   0.0000000000000000     
 B before wg2 wg2 ==>    0.0000000000000000        0.0000000000000000     
 Q value wg2 wg2 ==>   2.90936028119118281E-005  2.40764508324205215E-006
 B after wg2 wg2 ==>  2.78324173142219536E-005  2.40764508324205215E-006
 LTM d(wg2)/d(wg2)   0.0000000000000000     
 B before wg2 wg2 ==>    0.0000000000000000        0.0000000000000000     
 Q value wg2 wg2 ==>   2.90936028119118281E-005  2.40764508324205215E-006
 B after wg2 wg2 ==>  2.78324173142219536E-005  2.40764508324205215E-006
 LTM d(wg2)/d(wg2)   0.0000000000000000     
 B before wg2 wg2 ==>    0.0000000000000000        0.0000000000000000     
 Q value wg2 wg2 ==>   2.90936028119118349E-005  2.40764508324205300E-006
 B after wg2 wg2 ==>  2.78324173142219637E-005  2.40764508324205300E-006
 LTM d(wg2)/d(wg2)   0.0000000000000000     
 B before wg2 wg2 ==>    0.0000000000000000        0.0000000000000000     
 Q value wg2 wg2 ==>   2.90936028119118281E-005  2.40764508324205215E-006
 B after wg2 wg2 ==>  2.78324173142219536E-005  2.40764508324205215E-006
 LTM d(wg2)/d(wg2)   0.0000000000000000     
 B before wg2 wg2 ==>    0.0000000000000000        0.0000000000000000     
 Q value wg2 wg2 ==>   2.90936028119118281E-005  2.40764508324205215E-006
 B after wg2 wg2 ==>  2.78324173142219536E-005  2.40764508324205215E-006
 LTM d(wg2)/d(wg2)   0.0000000000000000     
 B before wg2 wg2 ==>    0.0000000000000000        0.0000000000000000     
 Q value wg2 wg2 ==>   2.98371687315400510E-005  2.53228554784538003E-006
 B after wg2 wg2 ==>  2.92732631636471671E-005  2.53228554784538003E-006
 LTM d(wg2)/d(wg2)   0.0000000000000000     
 B before wg2 wg2 ==>    0.0000000000000000        0.0000000000000000     
 Q value wg2 wg2 ==>   3.01212029042410758E-005  2.58072708095562267E-006
 B after wg2 wg2 ==>  2.98332480942539119E-005  2.58072708095562267E-006
 LTM d(wg2)/d(wg2)   0.0000000000000000     
 B before wg2 wg2 ==>    0.0000000000000000        0.0000000000000000     
 Q value wg2 wg2 ==>   3.01212029042410758E-005  2.58072708095562267E-006
 B after wg2 wg2 ==>  2.98332480942539119E-005  2.58072708095562267E-006
 LTM d(wg2)/d(wg2)   0.0000000000000000     
 B before wg2 wg2 ==>    0.0000000000000000        0.0000000000000000     
 Q value wg2 wg2 ==>   2.93454751906339301E-005  2.44951300028902855E-006
 B after wg2 wg2 ==>  2.83164111335101113E-005  2.44951300028902855E-006
 LTM d(wg2)/d(wg2)   0.0000000000000000     
 B before wg2 wg2 ==>    0.0000000000000000        0.0000000000000000     
 Q value wg2 wg2 ==>   2.93454751906339301E-005  2.44951300028902855E-006
 B after wg2 wg2 ==>  2.83164111335101113E-005  2.44951300028902855E-006
 LTM d(wg2)/d(wg2)   0.0000000000000000     
 B before wg2 wg2 ==>    0.0000000000000000        0.0000000000000000     
 Q value wg2 wg2 ==>   2.93454751906339301E-005  2.44951300028902855E-006
 B after wg2 wg2 ==>  2.83164111335101113E-005  2.44951300028902855E-006
 LTM d(wg2)/d(wg2)   0.0000000000000000     
 B before wg2 wg2 ==>    0.0000000000000000        0.0000000000000000     
 Q value wg2 wg2 ==>   2.93454751906339301E-005  2.44951300028902855E-006
 B after wg2 wg2 ==>  2.83164111335101113E-005  2.44951300028902855E-006
 LTM d(wg2)/d(wg2)   0.0000000000000000     
 B before wg2 wg2 ==>    0.0000000000000000        0.0000000000000000     
 Q value wg2 wg2 ==>   2.93454751906339267E-005  2.44951300028902770E-006
 B after wg2 wg2 ==>  2.83164111335101011E-005  2.44951300028902770E-006
 LTM d(wg2)/d(wg2)   0.0000000000000000     
 B before wg2 wg2 ==>    0.0000000000000000        0.0000000000000000     
 Q value wg2 wg2 ==>   2.93454751906339301E-005  2.44951300028902855E-006
 B after wg2 wg2 ==>  2.83164111335101113E-005  2.44951300028902855E-006
 LTM d(wg2)/d(wg2)   0.0000000000000000     
 B before wg2 wg2 ==>    0.0000000000000000        0.0000000000000000     
 Q value wg2 wg2 ==>   2.93454751906339267E-005  2.44951300028902770E-006
 B after wg2 wg2 ==>  2.83164111335101011E-005  2.44951300028902770E-006
 LTM d(wg2)/d(wg2)   0.0000000000000000     
 B before wg2 wg2 ==>    0.0000000000000000        0.0000000000000000     
 Q value wg2 wg2 ==>   2.93454751906339301E-005  2.44951300028902855E-006
 B after wg2 wg2 ==>  2.83164111335101113E-005  2.44951300028902855E-006
 LTM d(wg2)/d(wg2)   0.0000000000000000     
 B before wg2 wg2 ==>    0.0000000000000000        0.0000000000000000     
 Q value wg2 wg2 ==>   2.93454751906339267E-005  2.44951300028902770E-006
 B after wg2 wg2 ==>  2.83164111335101011E-005  2.44951300028902770E-006
 LTM d(wg2)/d(wg2)   0.0000000000000000     
 B before wg2 wg2 ==>    0.0000000000000000        0.0000000000000000     
 Q value wg2 wg2 ==>   2.93454751906339301E-005  2.44951300028902855E-006
 B after wg2 wg2 ==>  2.83164111335101113E-005  2.44951300028902855E-006
 LTM d(wg2)/d(wg2)   0.0000000000000000     
 B before wg2 wg2 ==>    0.0000000000000000        0.0000000000000000     
 Q value wg2 wg2 ==>   2.93454751906339301E-005  2.44951300028902855E-006
 B after wg2 wg2 ==>  2.83164111335101113E-005  2.44951300028902855E-006
 LTM d(wg2)/d(wg2)   0.0000000000000000     
 B before wg2 wg2 ==>    0.0000000000000000        0.0000000000000000     
 Q value wg2 wg2 ==>   2.93454751906339301E-005  2.44951300028902855E-006
 B after wg2 wg2 ==>  2.83164111335101113E-005  2.44951300028902855E-006
 LTM d(wg2)/d(wg2)   0.0000000000000000     
 B before wg2 wg2 ==>    0.0000000000000000        0.0000000000000000     
 Q value wg2 wg2 ==>   2.93454751906339267E-005  2.44951300028902770E-006
 B after wg2 wg2 ==>  2.83164111335101011E-005  2.44951300028902770E-006
 LTM d(wg2)/d(wg2)   0.0000000000000000     
 B before wg2 wg2 ==>    0.0000000000000000        0.0000000000000000     
 Q value wg2 wg2 ==>   2.99567439760672274E-005  2.55262296077550968E-006
 B after wg2 wg2 ==>  2.95083639962835194E-005  2.55262296077550968E-006
 LTM d(wg2)/d(wg2)   0.0000000000000000     
 B before wg2 wg2 ==>    0.0000000000000000        0.0000000000000000     
 Q value wg2 wg2 ==>   2.90936028119118281E-005  2.40764508324205215E-006
 B after wg2 wg2 ==>  2.78324173142219536E-005  2.40764508324205215E-006
 LTM d(wg2)/d(wg2)   0.0000000000000000     
 B before wg2 wg2 ==>    0.0000000000000000        0.0000000000000000     
 Q value wg2 wg2 ==>   2.90936028119118281E-005  2.40764508324205215E-006
 B after wg2 wg2 ==>  2.78324173142219536E-005  2.40764508324205215E-006
 LTM d(wg2)/d(wg2)   0.0000000000000000     
 B before wg2 wg2 ==>    0.0000000000000000        0.0000000000000000     
 Q value wg2 wg2 ==>   2.90936028119118281E-005  2.40764508324205215E-006
 B after wg2 wg2 ==>  2.78324173142219536E-005  2.40764508324205215E-006
 LTM d(wg2)/d(wg2)   0.0000000000000000     
 B before wg2 wg2 ==>    0.0000000000000000        0.0000000000000000     
 Q value wg2 wg2 ==>   2.94614274340215179E-005  2.46890867612477336E-006
 B after wg2 wg2 ==>  2.85406254696301611E-005  2.46890867612477336E-006
 LTM d(wg2)/d(wg2)   0.0000000000000000     
 B before wg2 wg2 ==>    0.0000000000000000        0.0000000000000000     
 Q value wg2 wg2 ==>   2.97741698954513687E-005  2.52160339331755398E-006
 B after wg2 wg2 ==>  2.91497772791607756E-005  2.52160339331755398E-006
 LTM d(wg2)/d(wg2)   0.0000000000000000     
 B before wg2 wg2 ==>    0.0000000000000000        0.0000000000000000     
 Q value wg2 wg2 ==>   2.97741698954513687E-005  2.52160339331755398E-006
 B after wg2 wg2 ==>  2.91497772791607756E-005  2.52160339331755398E-006
 LTM d(wg2)/d(wg2)   0.0000000000000000     
 B before wg2 wg2 ==>    0.0000000000000000        0.0000000000000000     
 Q value wg2 wg2 ==>   3.01212029042410758E-005  2.58072708095562267E-006
 B after wg2 wg2 ==>  2.98332480942539119E-005  2.58072708095562267E-006
 LTM d(wg2)/d(wg2)   0.0000000000000000     
 B before wg2 wg2 ==>    0.0000000000000000        0.0000000000000000     
 Q value wg2 wg2 ==>   3.01212029042410758E-005  2.58072708095562267E-006
 B after wg2 wg2 ==>  2.98332480942539119E-005  2.58072708095562267E-006
 LTM d(wg2)/d(wg2)   0.0000000000000000     
 B before wg2 wg2 ==>    0.0000000000000000        0.0000000000000000     
 Q value wg2 wg2 ==>   3.01212029042410758E-005  2.58072708095562267E-006
 B after wg2 wg2 ==>  2.98332480942539119E-005  2.58072708095562267E-006
 LTM d(wg2)/d(wg2)   0.0000000000000000     
 B before wg2 wg2 ==>    0.0000000000000000        0.0000000000000000     
 Q value wg2 wg2 ==>   2.98371687315400510E-005  2.53228554784538003E-006
 B after wg2 wg2 ==>  2.92732631636471671E-005  2.53228554784538003E-006
 LTM d(wg2)/d(wg2)   0.0000000000000000     
 B before wg2 wg2 ==>    0.0000000000000000        0.0000000000000000     
 Q value wg2 wg2 ==>   2.96754184767961874E-005  2.50490442459868871E-006
 B after wg2 wg2 ==>  2.89567369222844404E-005  2.50490442459868871E-006
 LTM d(wg2)/d(wg2)   0.0000000000000000     
 B before wg2 wg2 ==>    0.0000000000000000        0.0000000000000000     
 Q value wg2 wg2 ==>   2.90936028119118281E-005  2.40764508324205215E-006
 B after wg2 wg2 ==>  2.78324173142219536E-005  2.40764508324205215E-006
 LTM d(wg2)/d(wg2)   0.0000000000000000     
 B before wg2 wg2 ==>    0.0000000000000000        0.0000000000000000     
 Q value wg2 wg2 ==>   2.90936028119118281E-005  2.40764508324205215E-006
 B after wg2 wg2 ==>  2.78324173142219536E-005  2.40764508324205215E-006
 LTM d(wg2)/d(wg2)   0.0000000000000000     
 B before wg2 wg2 ==>    0.0000000000000000        0.0000000000000000     
 Q value wg2 wg2 ==>   2.90936028119118281E-005  2.40764508324205215E-006
 B after wg2 wg2 ==>  2.78324173142219536E-005  2.40764508324205215E-006
 LTM d(wg2)/d(wg2)   0.0000000000000000     
 B before wg2 wg2 ==>    0.0000000000000000        0.0000000000000000     
 Q value wg2 wg2 ==>   2.90936028119118281E-005  2.40764508324205215E-006
 B after wg2 wg2 ==>  2.78324173142219536E-005  2.40764508324205215E-006
 LTM d(wg2)/d(wg2)   0.0000000000000000     
 B before wg2 wg2 ==>    0.0000000000000000        0.0000000000000000     
 Q value wg2 wg2 ==>   2.90936028119118281E-005  2.40764508324205215E-006
 B after wg2 wg2 ==>  2.78324173142219536E-005  2.40764508324205215E-006
 LTM d(wg2)/d(wg2)   0.0000000000000000     
 B before wg2 wg2 ==>    0.0000000000000000        0.0000000000000000     
 Q value wg2 wg2 ==>   2.90936028119118281E-005  2.40764508324205215E-006
 B after wg2 wg2 ==>  2.78324173142219536E-005  2.40764508324205215E-006
 LTM d(wg2)/d(wg2)   0.0000000000000000     
 B before wg2 wg2 ==>    0.0000000000000000        0.0000000000000000     
 Q value wg2 wg2 ==>   2.90936028119118281E-005  2.40764508324205215E-006
 B after wg2 wg2 ==>  2.78324173142219536E-005  2.40764508324205215E-006
 LTM d(wg2)/d(wg2)   0.0000000000000000     
 B before wg2 wg2 ==>    0.0000000000000000        0.0000000000000000     
 Q value wg2 wg2 ==>   2.90936028119118281E-005  2.40764508324205215E-006
 B after wg2 wg2 ==>  2.78324173142219536E-005  2.40764508324205215E-006
 LTM d(wg2)/d(wg2)   0.0000000000000000     
 B before wg2 wg2 ==>    0.0000000000000000        0.0000000000000000     
 Q value wg2 wg2 ==>   3.01212029042410758E-005  2.58072708095562267E-006
 B after wg2 wg2 ==>  2.98332480942539119E-005  2.58072708095562267E-006
 LTM d(wg2)/d(wg2)   0.0000000000000000     
 B before wg2 wg2 ==>    0.0000000000000000        0.0000000000000000     
 Q value wg2 wg2 ==>   3.01212029042410758E-005  2.58072708095562267E-006
 B after wg2 wg2 ==>  2.98332480942539119E-005  2.58072708095562267E-006
 LTM d(wg2)/d(wg2)   0.0000000000000000     
 B before wg2 wg2 ==>    0.0000000000000000        0.0000000000000000     
 Q value wg2 wg2 ==>   3.01212029042410758E-005  2.58072708095562267E-006
 B after wg2 wg2 ==>  2.98332480942539119E-005  2.58072708095562267E-006
 LTM d(wg2)/d(wg2)   0.0000000000000000     
 B before wg2 wg2 ==>    0.0000000000000000        0.0000000000000000     
 Q value wg2 wg2 ==>   3.01212029042410758E-005  2.58072708095562267E-006
 B after wg2 wg2 ==>  2.98332480942539119E-005  2.58072708095562267E-006
 LTM d(wg2)/d(wg2)   0.0000000000000000     
 B before wg2 wg2 ==>    0.0000000000000000        0.0000000000000000     
 Q value wg2 wg2 ==>   2.96413213679464513E-005  2.49915145226774437E-006
 B after wg2 wg2 ==>  2.88902324661972484E-005  2.49915145226774437E-006
 LTM d(wg2)/d(wg2)   0.0000000000000000     
 B before wg2 wg2 ==>    0.0000000000000000        0.0000000000000000     
 Q value wg2 wg2 ==>   2.93454751906339267E-005  2.44951300028902770E-006
 B after wg2 wg2 ==>  2.83164111335101011E-005  2.44951300028902770E-006
 LTM d(wg2)/d(wg2)   0.0000000000000000     
 B before wg2 wg2 ==>    0.0000000000000000        0.0000000000000000     
 Q value wg2 wg2 ==>   2.93454751906339301E-005  2.44951300028902855E-006
 B after wg2 wg2 ==>  2.83164111335101113E-005  2.44951300028902855E-006
 LTM d(wg2)/d(wg2)   0.0000000000000000     
 B before wg2 wg2 ==>    0.0000000000000000        0.0000000000000000     
 Q value wg2 wg2 ==>   2.93454751906339267E-005  2.44951300028902770E-006
 B after wg2 wg2 ==>  2.83164111335101011E-005  2.44951300028902770E-006
 LTM d(wg2)/d(wg2)   0.0000000000000000     
 B before wg2 wg2 ==>    0.0000000000000000        0.0000000000000000     
 Q value wg2 wg2 ==>   2.93454751906339301E-005  2.44951300028902855E-006
 B after wg2 wg2 ==>  2.83164111335101113E-005  2.44951300028902855E-006
 LTM d(wg2)/d(wg2)   0.0000000000000000     
 B before wg2 wg2 ==>    0.0000000000000000        0.0000000000000000     
 Q value wg2 wg2 ==>   2.93454751906339267E-005  2.44951300028902770E-006
 B after wg2 wg2 ==>  2.83164111335101011E-005  2.44951300028902770E-006
 LTM d(wg2)/d(wg2)   0.0000000000000000     
 B before wg2 wg2 ==>    0.0000000000000000        0.0000000000000000     
 Q value wg2 wg2 ==>   2.93454751906339267E-005  2.44951300028902770E-006
 B after wg2 wg2 ==>  2.83164111335101011E-005  2.44951300028902770E-006
 LTM d(wg2)/d(wg2)   0.0000000000000000     
 B before wg2 wg2 ==>    0.0000000000000000        0.0000000000000000     
 Q value wg2 wg2 ==>   2.93454751906339301E-005  2.44951300028902855E-006
 B after wg2 wg2 ==>  2.83164111335101113E-005  2.44951300028902855E-006
 LTM d(wg2)/d(wg2)   0.0000000000000000     
 B before wg2 wg2 ==>    0.0000000000000000        0.0000000000000000     
 Q value wg2 wg2 ==>   2.93454751906339267E-005  2.44951300028902770E-006
 B after wg2 wg2 ==>  2.83164111335101011E-005  2.44951300028902770E-006
 LTM d(wg2)/d(wg2)   0.0000000000000000     
 B before wg2 wg2 ==>    0.0000000000000000        0.0000000000000000     
 Q value wg2 wg2 ==>   2.93454751906339301E-005  2.44951300028902855E-006
 B after wg2 wg2 ==>  2.83164111335101113E-005  2.44951300028902855E-006
 LTM d(wg2)/d(wg2)   0.0000000000000000     
 B before wg2 wg2 ==>    0.0000000000000000        0.0000000000000000     
 Q value wg2 wg2 ==>   2.93454751906339267E-005  2.44951300028902770E-006
 B after wg2 wg2 ==>  2.83164111335101011E-005  2.44951300028902770E-006
 LTM d(wg2)/d(wg2)   0.0000000000000000     
 B before wg2 wg2 ==>    0.0000000000000000        0.0000000000000000     
 Q value wg2 wg2 ==>   2.93454751906339301E-005  2.44951300028902855E-006
 B after wg2 wg2 ==>  2.83164111335101113E-005  2.44951300028902855E-006
 LTM d(wg2)/d(wg2)   0.0000000000000000     
 B before wg2 wg2 ==>    0.0000000000000000        0.0000000000000000     
 Q value wg2 wg2 ==>   2.93454751906339301E-005  2.44951300028902855E-006
 B after wg2 wg2 ==>  2.83164111335101113E-005  2.44951300028902855E-006
 LTM d(wg2)/d(wg2)   0.0000000000000000     
 B before wg2 wg2 ==>    0.0000000000000000        0.0000000000000000     
 Q value wg2 wg2 ==>   2.97741699527708641E-005  2.52160340302644213E-006
 B after wg2 wg2 ==>  2.91497773913956836E-005  2.52160340302644213E-006
 LTM d(wg2)/d(wg2)   0.0000000000000000     
 B before wg2 wg2 ==>    0.0000000000000000        0.0000000000000000     
 Q value wg2 wg2 ==>   2.90936028119118281E-005  2.40764508324205215E-006
 B after wg2 wg2 ==>  2.78324173142219536E-005  2.40764508324205215E-006
 LTM d(wg2)/d(wg2)   0.0000000000000000     
 B before wg2 wg2 ==>    0.0000000000000000        0.0000000000000000     
 Q value wg2 wg2 ==>   2.90936028119118281E-005  2.40764508324205215E-006
 B after wg2 wg2 ==>  2.78324173142219536E-005  2.40764508324205215E-006
 LTM d(wg2)/d(wg2)   0.0000000000000000     
 B before wg2 wg2 ==>    0.0000000000000000        0.0000000000000000     
 Q value wg2 wg2 ==>   2.90936028119118281E-005  2.40764508324205215E-006
 B after wg2 wg2 ==>  2.78324173142219536E-005  2.40764508324205215E-006
 LTM d(wg2)/d(wg2)   0.0000000000000000     
 B before wg2 wg2 ==>    0.0000000000000000        0.0000000000000000     
 Q value wg2 wg2 ==>   2.95712842777049175E-005  2.48735531756896147E-006
 B after wg2 wg2 ==>  2.87538689523569085E-005  2.48735531756896147E-006
 LTM d(wg2)/d(wg2)   0.0000000000000000     
 B before wg2 wg2 ==>    0.0000000000000000        0.0000000000000000     
 Q value wg2 wg2 ==>   2.97741698954513687E-005  2.52160339331755398E-006
 B after wg2 wg2 ==>  2.91497772791607756E-005  2.52160339331755398E-006
 LTM d(wg2)/d(wg2)   0.0000000000000000     
 B before wg2 wg2 ==>    0.0000000000000000        0.0000000000000000     
 Q value wg2 wg2 ==>   2.97741698954513687E-005  2.52160339331755398E-006
 B after wg2 wg2 ==>  2.91497772791607756E-005  2.52160339331755398E-006
 LTM d(wg2)/d(wg2)   0.0000000000000000     
 B before wg2 wg2 ==>    0.0000000000000000        0.0000000000000000     
 Q value wg2 wg2 ==>   2.99567439760672274E-005  2.55262296077550968E-006
 B after wg2 wg2 ==>  2.95083639962835194E-005  2.55262296077550968E-006
 LTM d(wg2)/d(wg2)   0.0000000000000000     
 B before wg2 wg2 ==>    0.0000000000000000        0.0000000000000000     
 Q value wg2 wg2 ==>   3.01212029042410758E-005  2.58072708095562267E-006
 B after wg2 wg2 ==>  2.98332480942539119E-005  2.58072708095562267E-006
 LTM d(wg2)/d(wg2)   0.0000000000000000     
 B before wg2 wg2 ==>    0.0000000000000000        0.0000000000000000     
 Q value wg2 wg2 ==>   2.98371687315400340E-005  2.53228554784537707E-006
 B after wg2 wg2 ==>  2.92732631636471332E-005  2.53228554784537707E-006
 LTM d(wg2)/d(wg2)   0.0000000000000000     
 B before wg2 wg2 ==>    0.0000000000000000        0.0000000000000000     
 Q value wg2 wg2 ==>   2.90936028119118281E-005  2.40764508324205215E-006
 B after wg2 wg2 ==>  2.78324173142219536E-005  2.40764508324205215E-006
 LTM d(wg2)/d(wg2)   0.0000000000000000     
 B before wg2 wg2 ==>    0.0000000000000000        0.0000000000000000     
 Q value wg2 wg2 ==>   2.90936028119118281E-005  2.40764508324205215E-006
 B after wg2 wg2 ==>  2.78324173142219536E-005  2.40764508324205215E-006
 LTM d(wg2)/d(wg2)   0.0000000000000000     
 B before wg2 wg2 ==>    0.0000000000000000        0.0000000000000000     
 Q value wg2 wg2 ==>   2.90936028119118281E-005  2.40764508324205215E-006
 B after wg2 wg2 ==>  2.78324173142219536E-005  2.40764508324205215E-006
 LTM d(wg2)/d(wg2)   0.0000000000000000     
 B before wg2 wg2 ==>    0.0000000000000000        0.0000000000000000     
 Q value wg2 wg2 ==>   2.90936028119118281E-005  2.40764508324205215E-006
 B after wg2 wg2 ==>  2.78324173142219536E-005  2.40764508324205215E-006
 LTM d(wg2)/d(wg2)   0.0000000000000000     
 B before wg2 wg2 ==>    0.0000000000000000        0.0000000000000000     
 Q value wg2 wg2 ==>   2.90936028119118281E-005  2.40764508324205215E-006
 B after wg2 wg2 ==>  2.78324173142219536E-005  2.40764508324205215E-006
 LTM d(wg2)/d(wg2)   0.0000000000000000     
 B before wg2 wg2 ==>    0.0000000000000000        0.0000000000000000     
 Q value wg2 wg2 ==>   2.90936028119118281E-005  2.40764508324205215E-006
 B after wg2 wg2 ==>  2.78324173142219536E-005  2.40764508324205215E-006
 LTM d(wg2)/d(wg2)   0.0000000000000000     
 B before wg2 wg2 ==>    0.0000000000000000        0.0000000000000000     
 Q value wg2 wg2 ==>   2.90936028119118281E-005  2.40764508324205215E-006
 B after wg2 wg2 ==>  2.78324173142219536E-005  2.40764508324205215E-006
 LTM d(wg2)/d(wg2)   0.0000000000000000     
 B before wg2 wg2 ==>    0.0000000000000000        0.0000000000000000     
 Q value wg2 wg2 ==>   2.90936028119118281E-005  2.40764508324205215E-006
 B after wg2 wg2 ==>  2.78324173142219536E-005  2.40764508324205215E-006
 LTM d(wg2)/d(wg2)   0.0000000000000000     
 B before wg2 wg2 ==>    0.0000000000000000        0.0000000000000000     
 Q value wg2 wg2 ==>   2.90936028119118281E-005  2.40764508324205215E-006
 B after wg2 wg2 ==>  2.78324173142219536E-005  2.40764508324205215E-006
 LTM d(wg2)/d(wg2)   0.0000000000000000     
 B before wg2 wg2 ==>    0.0000000000000000        0.0000000000000000     
 Q value wg2 wg2 ==>   2.98371687315400510E-005  2.53228554784538003E-006
 B after wg2 wg2 ==>  2.92732631636471671E-005  2.53228554784538003E-006
 LTM d(wg2)/d(wg2)   0.0000000000000000     
 B before wg2 wg2 ==>    0.0000000000000000        0.0000000000000000     
 Q value wg2 wg2 ==>   3.01212029042410758E-005  2.58072708095562267E-006
 B after wg2 wg2 ==>  2.98332480942539119E-005  2.58072708095562267E-006
 LTM d(wg2)/d(wg2)   0.0000000000000000     
 B before wg2 wg2 ==>    0.0000000000000000        0.0000000000000000     
 Q value wg2 wg2 ==>   2.94987045927177222E-005  2.47516038442218865E-006
 B after wg2 wg2 ==>  2.86128953218071067E-005  2.47516038442218865E-006
 LTM d(wg2)/d(wg2)   0.0000000000000000     
 B before wg2 wg2 ==>    0.0000000000000000        0.0000000000000000     
 Q value wg2 wg2 ==>   3.01212029042410758E-005  2.58072708095562267E-006
 B after wg2 wg2 ==>  2.98332480942539119E-005  2.58072708095562267E-006
 LTM d(wg2)/d(wg2)   0.0000000000000000     
 B before wg2 wg2 ==>    0.0000000000000000        0.0000000000000000     
 Q value wg2 wg2 ==>   3.01212029042410758E-005  2.58072708095562267E-006
 B after wg2 wg2 ==>  2.98332480942539119E-005  2.58072708095562267E-006
 LTM d(wg2)/d(wg2)   0.0000000000000000     
 B before wg2 wg2 ==>    0.0000000000000000        0.0000000000000000     
 Q value wg2 wg2 ==>   2.96413213679464513E-005  2.49915145226774437E-006
 B after wg2 wg2 ==>  2.88902324661972484E-005  2.49915145226774437E-006
 LTM d(wg2)/d(wg2)   0.0000000000000000     
 B before wg2 wg2 ==>    0.0000000000000000        0.0000000000000000     
 Q value wg2 wg2 ==>   2.93454751906339267E-005  2.44951300028902770E-006
 B after wg2 wg2 ==>  2.83164111335101011E-005  2.44951300028902770E-006
 LTM d(wg2)/d(wg2)   0.0000000000000000     
 B before wg2 wg2 ==>    0.0000000000000000        0.0000000000000000     
 Q value wg2 wg2 ==>   2.93454751906339267E-005  2.44951300028902770E-006
 B after wg2 wg2 ==>  2.83164111335101011E-005  2.44951300028902770E-006
 LTM d(wg2)/d(wg2)   0.0000000000000000     
 B before wg2 wg2 ==>    0.0000000000000000        0.0000000000000000     
 Q value wg2 wg2 ==>   2.93454751906339267E-005  2.44951300028902770E-006
 B after wg2 wg2 ==>  2.83164111335101011E-005  2.44951300028902770E-006
 LTM d(wg2)/d(wg2)   0.0000000000000000     
 B before wg2 wg2 ==>    0.0000000000000000        0.0000000000000000     
 Q value wg2 wg2 ==>   2.93454751906339301E-005  2.44951300028902855E-006
 B after wg2 wg2 ==>  2.83164111335101113E-005  2.44951300028902855E-006
 LTM d(wg2)/d(wg2)   0.0000000000000000     
 B before wg2 wg2 ==>    0.0000000000000000        0.0000000000000000     
 Q value wg2 wg2 ==>   2.93454751906339267E-005  2.44951300028902770E-006
 B after wg2 wg2 ==>  2.83164111335101011E-005  2.44951300028902770E-006
 LTM d(wg2)/d(wg2)   0.0000000000000000     
 B before wg2 wg2 ==>    0.0000000000000000        0.0000000000000000     
 Q value wg2 wg2 ==>   2.93454751906339301E-005  2.44951300028902855E-006
 B after wg2 wg2 ==>  2.83164111335101113E-005  2.44951300028902855E-006
 LTM d(wg2)/d(wg2)   0.0000000000000000     
 B before wg2 wg2 ==>    0.0000000000000000        0.0000000000000000     
 Q value wg2 wg2 ==>   2.93454751906339267E-005  2.44951300028902770E-006
 B after wg2 wg2 ==>  2.83164111335101011E-005  2.44951300028902770E-006
 LTM d(wg2)/d(wg2)   0.0000000000000000     
 B before wg2 wg2 ==>    0.0000000000000000        0.0000000000000000     
 Q value wg2 wg2 ==>   2.93454751906339301E-005  2.44951300028902855E-006
 B after wg2 wg2 ==>  2.83164111335101113E-005  2.44951300028902855E-006
 LTM d(wg2)/d(wg2)   0.0000000000000000     
 B before wg2 wg2 ==>    0.0000000000000000        0.0000000000000000     
 Q value wg2 wg2 ==>   2.93454751906339301E-005  2.44951300028902855E-006
 B after wg2 wg2 ==>  2.83164111335101113E-005  2.44951300028902855E-006
 LTM d(wg2)/d(wg2)   0.0000000000000000     
 B before wg2 wg2 ==>    0.0000000000000000        0.0000000000000000     
 Q value wg2 wg2 ==>   2.93454751906339301E-005  2.44951300028902855E-006
 B after wg2 wg2 ==>  2.83164111335101113E-005  2.44951300028902855E-006
 LTM d(wg2)/d(wg2)   0.0000000000000000     
 B before wg2 wg2 ==>    0.0000000000000000        0.0000000000000000     
 Q value wg2 wg2 ==>   2.93454751906339301E-005  2.44951300028902855E-006
 B after wg2 wg2 ==>  2.83164111335101113E-005  2.44951300028902855E-006
 LTM d(wg2)/d(wg2)   0.0000000000000000     
 B before wg2 wg2 ==>    0.0000000000000000        0.0000000000000000     
 Q value wg2 wg2 ==>   2.93454751906339301E-005  2.44951300028902855E-006
 B after wg2 wg2 ==>  2.83164111335101113E-005  2.44951300028902855E-006
 LTM d(wg2)/d(wg2)   0.0000000000000000     
 B before wg2 wg2 ==>    0.0000000000000000        0.0000000000000000     
 Q value wg2 wg2 ==>   2.93454751906339267E-005  2.44951300028902770E-006
 B after wg2 wg2 ==>  2.83164111335101011E-005  2.44951300028902770E-006
 LTM d(wg2)/d(wg2)   0.0000000000000000     
 B before wg2 wg2 ==>    0.0000000000000000        0.0000000000000000     
 Q value wg2 wg2 ==>   2.99567439760672274E-005  2.55262296077550968E-006
 B after wg2 wg2 ==>  2.95083639962835194E-005  2.55262296077550968E-006
 LTM d(wg2)/d(wg2)   0.0000000000000000     
 B before wg2 wg2 ==>    0.0000000000000000        0.0000000000000000     
 Q value wg2 wg2 ==>   2.99567439760672274E-005  2.55262296077550968E-006
 B after wg2 wg2 ==>  2.95083639962835194E-005  2.55262296077550968E-006
 LTM d(wg2)/d(wg2)   0.0000000000000000     
 B before wg2 wg2 ==>    0.0000000000000000        0.0000000000000000     
 Q value wg2 wg2 ==>   2.90936028119118281E-005  2.40764508324205215E-006
 B after wg2 wg2 ==>  2.78324173142219536E-005  2.40764508324205215E-006
 LTM d(wg2)/d(wg2)   0.0000000000000000     
 B before wg2 wg2 ==>    0.0000000000000000        0.0000000000000000     
 Q value wg2 wg2 ==>   2.90936028119118281E-005  2.40764508324205215E-006
 B after wg2 wg2 ==>  2.78324173142219536E-005  2.40764508324205215E-006
 LTM d(wg2)/d(wg2)   0.0000000000000000     
 B before wg2 wg2 ==>    0.0000000000000000        0.0000000000000000     
 Q value wg2 wg2 ==>   2.94614274340215179E-005  2.46890867612477336E-006
 B after wg2 wg2 ==>  2.85406254696301611E-005  2.46890867612477336E-006
 LTM d(wg2)/d(wg2)   0.0000000000000000     
 B before wg2 wg2 ==>    0.0000000000000000        0.0000000000000000     
 Q value wg2 wg2 ==>   2.97741698954513687E-005  2.52160339331755398E-006
 B after wg2 wg2 ==>  2.91497772791607756E-005  2.52160339331755398E-006
 LTM d(wg2)/d(wg2)   0.0000000000000000     
 B before wg2 wg2 ==>    0.0000000000000000        0.0000000000000000     
 Q value wg2 wg2 ==>   2.97741698954513687E-005  2.52160339331755398E-006
 B after wg2 wg2 ==>  2.91497772791607756E-005  2.52160339331755398E-006
 LTM d(wg2)/d(wg2)   0.0000000000000000     
 B before wg2 wg2 ==>    0.0000000000000000        0.0000000000000000     
 Q value wg2 wg2 ==>   2.99567439760672274E-005  2.55262296077550968E-006
 B after wg2 wg2 ==>  2.95083639962835194E-005  2.55262296077550968E-006
 LTM d(wg2)/d(wg2)   0.0000000000000000     
 B before wg2 wg2 ==>    0.0000000000000000        0.0000000000000000     
 Q value wg2 wg2 ==>   2.99128783724487075E-005  2.54515283207085452E-006
 B after wg2 wg2 ==>  2.94220091838794638E-005  2.54515283207085452E-006
 LTM d(wg2)/d(wg2)   0.0000000000000000     
 B before wg2 wg2 ==>    0.0000000000000000        0.0000000000000000     
 Q value wg2 wg2 ==>   2.90936028119118281E-005  2.40764508324205215E-006
 B after wg2 wg2 ==>  2.78324173142219536E-005  2.40764508324205215E-006
 LTM d(wg2)/d(wg2)   0.0000000000000000     
 B before wg2 wg2 ==>    0.0000000000000000        0.0000000000000000     
 Q value wg2 wg2 ==>   2.93454750959552436E-005  2.44951298448307019E-006
 B after wg2 wg2 ==>  2.83164109507929683E-005  2.44951298448307019E-006
 LTM d(wg2)/d(wg2)   0.0000000000000000     
 B before wg2 wg2 ==>    0.0000000000000000        0.0000000000000000     
 Q value wg2 wg2 ==>   2.96240447016984717E-005  2.49623900298874129E-006
 B after wg2 wg2 ==>  2.88565645039614820E-005  2.49623900298874129E-006
 LTM d(wg2)/d(wg2)   0.0000000000000000     
 B before wg2 wg2 ==>    0.0000000000000000        0.0000000000000000     
 Q value wg2 wg2 ==>   2.97741698954513687E-005  2.52160339331755398E-006
 B after wg2 wg2 ==>  2.91497772791607756E-005  2.52160339331755398E-006
 LTM d(wg2)/d(wg2)   0.0000000000000000     
 B before wg2 wg2 ==>    0.0000000000000000        0.0000000000000000     
 Q value wg2 wg2 ==>   2.94614274340215179E-005  2.46890867612477336E-006
 B after wg2 wg2 ==>  2.85406254696301611E-005  2.46890867612477336E-006
 LTM d(wg2)/d(wg2)   0.0000000000000000     
 B before wg2 wg2 ==>    0.0000000000000000        0.0000000000000000     
 Q value wg2 wg2 ==>   2.90936028119118281E-005  2.40764508324205215E-006
 B after wg2 wg2 ==>  2.78324173142219536E-005  2.40764508324205215E-006
 LTM d(wg2)/d(wg2)   0.0000000000000000     
 B before wg2 wg2 ==>    0.0000000000000000        0.0000000000000000     
 Q value wg2 wg2 ==>   2.90936028119118281E-005  2.40764508324205215E-006
 B after wg2 wg2 ==>  2.78324173142219536E-005  2.40764508324205215E-006
 LTM d(wg2)/d(wg2)   0.0000000000000000     
 B before wg2 wg2 ==>    0.0000000000000000        0.0000000000000000     
 Q value wg2 wg2 ==>   2.90936028119118281E-005  2.40764508324205215E-006
 B after wg2 wg2 ==>  2.78324173142219536E-005  2.40764508324205215E-006
 LTM d(wg2)/d(wg2)   0.0000000000000000     
 B before wg2 wg2 ==>    0.0000000000000000        0.0000000000000000     
 Q value wg2 wg2 ==>   2.90936028119118281E-005  2.40764508324205215E-006
 B after wg2 wg2 ==>  2.78324173142219536E-005  2.40764508324205215E-006
 LTM d(wg2)/d(wg2)   0.0000000000000000     
 B before wg2 wg2 ==>    0.0000000000000000        0.0000000000000000     
 Q value wg2 wg2 ==>   2.94042379355188607E-005  2.45933285992848086E-006
 B after wg2 wg2 ==>  2.84299288747065405E-005  2.45933285992848086E-006
 LTM d(wg2)/d(wg2)   0.0000000000000000     
 B before wg2 wg2 ==>    0.0000000000000000        0.0000000000000000     
 Q value wg2 wg2 ==>   3.01212029042410758E-005  2.58072708095562267E-006
 B after wg2 wg2 ==>  2.98332480942539119E-005  2.58072708095562267E-006
 LTM d(wg2)/d(wg2)   0.0000000000000000     
 B before wg2 wg2 ==>    0.0000000000000000        0.0000000000000000     
 Q value wg2 wg2 ==>   2.90936028119118281E-005  2.40764508324205215E-006
 B after wg2 wg2 ==>  2.78324173142219536E-005  2.40764508324205215E-006
 LTM d(wg2)/d(wg2)   0.0000000000000000     
 B before wg2 wg2 ==>    0.0000000000000000        0.0000000000000000     
 Q value wg2 wg2 ==>   2.94987045927177222E-005  2.47516038442218865E-006
 B after wg2 wg2 ==>  2.86128953218071067E-005  2.47516038442218865E-006
 LTM d(wg2)/d(wg2)   0.0000000000000000     
 B before wg2 wg2 ==>    0.0000000000000000        0.0000000000000000     
 Q value wg2 wg2 ==>   3.01212029042410758E-005  2.58072708095562267E-006
 B after wg2 wg2 ==>  2.98332480942539119E-005  2.58072708095562267E-006
 LTM d(wg2)/d(wg2)   0.0000000000000000     
 B before wg2 wg2 ==>    0.0000000000000000        0.0000000000000000     
 Q value wg2 wg2 ==>   3.01212029042410758E-005  2.58072708095562267E-006
 B after wg2 wg2 ==>  2.98332480942539119E-005  2.58072708095562267E-006
 LTM d(wg2)/d(wg2)   0.0000000000000000     
 B before wg2 wg2 ==>    0.0000000000000000        0.0000000000000000     
 Q value wg2 wg2 ==>   2.93454751906339267E-005  2.44951300028902770E-006
 B after wg2 wg2 ==>  2.83164111335101011E-005  2.44951300028902770E-006
 LTM d(wg2)/d(wg2)   0.0000000000000000     
 B before wg2 wg2 ==>    0.0000000000000000        0.0000000000000000     
 Q value wg2 wg2 ==>   2.93454751906339301E-005  2.44951300028902855E-006
 B after wg2 wg2 ==>  2.83164111335101113E-005  2.44951300028902855E-006
 LTM d(wg2)/d(wg2)   0.0000000000000000     
 B before wg2 wg2 ==>    0.0000000000000000        0.0000000000000000     
 Q value wg2 wg2 ==>   2.93454751906339267E-005  2.44951300028902770E-006
 B after wg2 wg2 ==>  2.83164111335101011E-005  2.44951300028902770E-006
 LTM d(wg2)/d(wg2)   0.0000000000000000     
 B before wg2 wg2 ==>    0.0000000000000000        0.0000000000000000     
 Q value wg2 wg2 ==>   2.93454751906339471E-005  2.44951300028903109E-006
 B after wg2 wg2 ==>  2.83164111335101418E-005  2.44951300028903109E-006
 LTM d(wg2)/d(wg2)   0.0000000000000000     
 B before wg2 wg2 ==>    0.0000000000000000        0.0000000000000000     
 Q value wg2 wg2 ==>   2.93454751906339267E-005  2.44951300028902770E-006
 B after wg2 wg2 ==>  2.83164111335101011E-005  2.44951300028902770E-006
 LTM d(wg2)/d(wg2)   0.0000000000000000     
 B before wg2 wg2 ==>    0.0000000000000000        0.0000000000000000     
 Q value wg2 wg2 ==>   2.93454751906339301E-005  2.44951300028902855E-006
 B after wg2 wg2 ==>  2.83164111335101113E-005  2.44951300028902855E-006
 LTM d(wg2)/d(wg2)   0.0000000000000000     
 B before wg2 wg2 ==>    0.0000000000000000        0.0000000000000000     
 Q value wg2 wg2 ==>   2.93454751906339267E-005  2.44951300028902770E-006
 B after wg2 wg2 ==>  2.83164111335101011E-005  2.44951300028902770E-006
 LTM d(wg2)/d(wg2)   0.0000000000000000     
 B before wg2 wg2 ==>    0.0000000000000000        0.0000000000000000     
 Q value wg2 wg2 ==>   2.93454751906339267E-005  2.44951300028902770E-006
 B after wg2 wg2 ==>  2.83164111335101011E-005  2.44951300028902770E-006
 LTM d(wg2)/d(wg2)   0.0000000000000000     
 B before wg2 wg2 ==>    0.0000000000000000        0.0000000000000000     
 Q value wg2 wg2 ==>   2.93454751906339301E-005  2.44951300028902855E-006
 B after wg2 wg2 ==>  2.83164111335101113E-005  2.44951300028902855E-006
 LTM d(wg2)/d(wg2)   0.0000000000000000     
 B before wg2 wg2 ==>    0.0000000000000000        0.0000000000000000     
 Q value wg2 wg2 ==>   2.93454751906339267E-005  2.44951300028902770E-006
 B after wg2 wg2 ==>  2.83164111335101011E-005  2.44951300028902770E-006
 LTM d(wg2)/d(wg2)   0.0000000000000000     
 B before wg2 wg2 ==>    0.0000000000000000        0.0000000000000000     
 Q value wg2 wg2 ==>   2.93454751906339301E-005  2.44951300028902855E-006
 B after wg2 wg2 ==>  2.83164111335101113E-005  2.44951300028902855E-006
 LTM d(wg2)/d(wg2)   0.0000000000000000     
 B before wg2 wg2 ==>    0.0000000000000000        0.0000000000000000     
 Q value wg2 wg2 ==>   2.93454751906339267E-005  2.44951300028902770E-006
 B after wg2 wg2 ==>  2.83164111335101011E-005  2.44951300028902770E-006
 LTM d(wg2)/d(wg2)   0.0000000000000000     
 B before wg2 wg2 ==>    0.0000000000000000        0.0000000000000000     
 Q value wg2 wg2 ==>   2.93454751906339301E-005  2.44951300028902855E-006
 B after wg2 wg2 ==>  2.83164111335101113E-005  2.44951300028902855E-006
 LTM d(wg2)/d(wg2)   0.0000000000000000     
 B before wg2 wg2 ==>    0.0000000000000000        0.0000000000000000     
 Q value wg2 wg2 ==>   2.93454751906339301E-005  2.44951300028902855E-006
 B after wg2 wg2 ==>  2.83164111335101113E-005  2.44951300028902855E-006
 LTM d(wg2)/d(wg2)   0.0000000000000000     
 B before wg2 wg2 ==>    0.0000000000000000        0.0000000000000000     
 Q value wg2 wg2 ==>   2.97816303550016031E-005  2.52286721877888862E-006
 B after wg2 wg2 ==>  2.91643871225704338E-005  2.52286721877888862E-006
 LTM d(wg2)/d(wg2)   0.0000000000000000     
 B before wg2 wg2 ==>    0.0000000000000000        0.0000000000000000     
 Q value wg2 wg2 ==>   2.99567439760672274E-005  2.55262296077550968E-006
 B after wg2 wg2 ==>  2.95083639962835194E-005  2.55262296077550968E-006
 LTM d(wg2)/d(wg2)   0.0000000000000000     
 B before wg2 wg2 ==>    0.0000000000000000        0.0000000000000000     
 Q value wg2 wg2 ==>   2.99567439760672274E-005  2.55262296077550968E-006
 B after wg2 wg2 ==>  2.95083639962835194E-005  2.55262296077550968E-006
 LTM d(wg2)/d(wg2)   0.0000000000000000     
 B before wg2 wg2 ==>    0.0000000000000000        0.0000000000000000     
 Q value wg2 wg2 ==>   2.90936028119118281E-005  2.40764508324205215E-006
 B after wg2 wg2 ==>  2.78324173142219536E-005  2.40764508324205215E-006
 LTM d(wg2)/d(wg2)   0.0000000000000000     
 B before wg2 wg2 ==>    0.0000000000000000        0.0000000000000000     
 Q value wg2 wg2 ==>   2.90936028119118281E-005  2.40764508324205215E-006
 B after wg2 wg2 ==>  2.78324173142219536E-005  2.40764508324205215E-006
 LTM d(wg2)/d(wg2)   0.0000000000000000     
 B before wg2 wg2 ==>    0.0000000000000000        0.0000000000000000     
 Q value wg2 wg2 ==>   2.96240447016984717E-005  2.49623900298874129E-006
 B after wg2 wg2 ==>  2.88565645039614820E-005  2.49623900298874129E-006
 LTM d(wg2)/d(wg2)   0.0000000000000000     
 B before wg2 wg2 ==>    0.0000000000000000        0.0000000000000000     
 Q value wg2 wg2 ==>   2.97741698954513687E-005  2.52160339331755398E-006
 B after wg2 wg2 ==>  2.91497772791607756E-005  2.52160339331755398E-006
 LTM d(wg2)/d(wg2)   0.0000000000000000     
 B before wg2 wg2 ==>    0.0000000000000000        0.0000000000000000     
 Q value wg2 wg2 ==>   2.97741698954513687E-005  2.52160339331755398E-006
 B after wg2 wg2 ==>  2.91497772791607756E-005  2.52160339331755398E-006
 LTM d(wg2)/d(wg2)   0.0000000000000000     
 B before wg2 wg2 ==>    0.0000000000000000        0.0000000000000000     
 Q value wg2 wg2 ==>   2.97741698954513687E-005  2.52160339331755398E-006
 B after wg2 wg2 ==>  2.91497772791607756E-005  2.52160339331755398E-006
 LTM d(wg2)/d(wg2)   0.0000000000000000     
 B before wg2 wg2 ==>    0.0000000000000000        0.0000000000000000     
 Q value wg2 wg2 ==>   2.97741698954513687E-005  2.52160339331755398E-006
 B after wg2 wg2 ==>  2.91497772791607756E-005  2.52160339331755398E-006
 LTM d(wg2)/d(wg2)   0.0000000000000000     
 B before wg2 wg2 ==>    0.0000000000000000        0.0000000000000000     
 Q value wg2 wg2 ==>   2.95712842777049175E-005  2.48735531756896147E-006
 B after wg2 wg2 ==>  2.87538689523569085E-005  2.48735531756896147E-006
 LTM d(wg2)/d(wg2)   0.0000000000000000     
 B before wg2 wg2 ==>    0.0000000000000000        0.0000000000000000     
 Q value wg2 wg2 ==>   2.97741698954513687E-005  2.52160339331755398E-006
 B after wg2 wg2 ==>  2.91497772791607756E-005  2.52160339331755398E-006
 LTM d(wg2)/d(wg2)   0.0000000000000000     
 B before wg2 wg2 ==>    0.0000000000000000        0.0000000000000000     
 Q value wg2 wg2 ==>   2.97741698954513687E-005  2.52160339331755398E-006
 B after wg2 wg2 ==>  2.91497772791607756E-005  2.52160339331755398E-006
 LTM d(wg2)/d(wg2)   0.0000000000000000     
 B before wg2 wg2 ==>    0.0000000000000000        0.0000000000000000     
 Q value wg2 wg2 ==>   2.97741698954513687E-005  2.52160339331755398E-006
 B after wg2 wg2 ==>  2.91497772791607756E-005  2.52160339331755398E-006
 LTM d(wg2)/d(wg2)   0.0000000000000000     
 B before wg2 wg2 ==>    0.0000000000000000        0.0000000000000000     
 Q value wg2 wg2 ==>   2.90936028119118281E-005  2.40764508324205215E-006
 B after wg2 wg2 ==>  2.78324173142219536E-005  2.40764508324205215E-006
 LTM d(wg2)/d(wg2)   0.0000000000000000     
 B before wg2 wg2 ==>    0.0000000000000000        0.0000000000000000     
 Q value wg2 wg2 ==>   2.94614274340215179E-005  2.46890867612477336E-006
 B after wg2 wg2 ==>  2.85406254696301611E-005  2.46890867612477336E-006
 LTM d(wg2)/d(wg2)   0.0000000000000000     
 B before wg2 wg2 ==>    0.0000000000000000        0.0000000000000000     
 Q value wg2 wg2 ==>   2.90936028119118281E-005  2.40764508324205215E-006
 B after wg2 wg2 ==>  2.78324173142219536E-005  2.40764508324205215E-006
 LTM d(wg2)/d(wg2)   0.0000000000000000     
 B before wg2 wg2 ==>    0.0000000000000000        0.0000000000000000     
 Q value wg2 wg2 ==>   2.82625169972558664E-005  2.27205651063516949E-006
 B after wg2 wg2 ==>  2.62650111536956565E-005  2.27205651063516949E-006
 LTM d(wg2)/d(wg2)   0.0000000000000000     
 B before wg2 wg2 ==>    0.0000000000000000        0.0000000000000000     
 Q value wg2 wg2 ==>   2.77337176582312260E-005  2.18783031508334000E-006
 B after wg2 wg2 ==>  2.52913549284886031E-005  2.18783031508334000E-006
 LTM d(wg2)/d(wg2)   0.0000000000000000     
 B before wg2 wg2 ==>    0.0000000000000000        0.0000000000000000     
 Q value wg2 wg2 ==>   2.77337176582312260E-005  2.18783031508334000E-006
 B after wg2 wg2 ==>  2.52913549284886031E-005  2.18783031508334000E-006
 LTM d(wg2)/d(wg2)   0.0000000000000000     
 B before wg2 wg2 ==>    0.0000000000000000        0.0000000000000000     
 Q value wg2 wg2 ==>   2.90936028119118281E-005  2.40764508324205215E-006
 B after wg2 wg2 ==>  2.78324173142219536E-005  2.40764508324205215E-006
 LTM d(wg2)/d(wg2)   0.0000000000000000     
 B before wg2 wg2 ==>    0.0000000000000000        0.0000000000000000     
 Q value wg2 wg2 ==>   2.77337176582312260E-005  2.18783031508334000E-006
 B after wg2 wg2 ==>  2.52913549284886031E-005  2.18783031508334000E-006
 LTM d(wg2)/d(wg2)   0.0000000000000000     
 B before wg2 wg2 ==>    0.0000000000000000        0.0000000000000000     
 Q value wg2 wg2 ==>   2.95712843626901861E-005  2.48735533186584212E-006
 B after wg2 wg2 ==>  2.87538691176290895E-005  2.48735533186584212E-006
 LTM d(wg2)/d(wg2)   0.0000000000000000     
 B before wg2 wg2 ==>    0.0000000000000000        0.0000000000000000     
 Q value wg2 wg2 ==>   3.01212029042410758E-005  2.58072708095562267E-006
 B after wg2 wg2 ==>  2.98332480942539119E-005  2.58072708095562267E-006
 LTM d(wg2)/d(wg2)   0.0000000000000000     
 B before wg2 wg2 ==>    0.0000000000000000        0.0000000000000000     
 Q value wg2 wg2 ==>   2.98979997522275425E-005  2.54262155145727492E-006
 B after wg2 wg2 ==>  2.93927475377726895E-005  2.54262155145727492E-006
 LTM d(wg2)/d(wg2)   0.0000000000000000     
 B before wg2 wg2 ==>    0.0000000000000000        0.0000000000000000     
 Q value wg2 wg2 ==>   2.93454751906339301E-005  2.44951300028902855E-006
 B after wg2 wg2 ==>  2.83164111335101113E-005  2.44951300028902855E-006
 LTM d(wg2)/d(wg2)   0.0000000000000000     
 B before wg2 wg2 ==>    0.0000000000000000        0.0000000000000000     
 Q value wg2 wg2 ==>   2.93454751906339267E-005  2.44951300028902770E-006
 B after wg2 wg2 ==>  2.83164111335101011E-005  2.44951300028902770E-006
 LTM d(wg2)/d(wg2)   0.0000000000000000     
 B before wg2 wg2 ==>    0.0000000000000000        0.0000000000000000     
 Q value wg2 wg2 ==>   2.92645865345613878E-005  2.43602780455489902E-006
 B after wg2 wg2 ==>  2.81605220459329426E-005  2.43602780455489902E-006
 LTM d(wg2)/d(wg2)   0.0000000000000000     
 B before wg2 wg2 ==>    0.0000000000000000        0.0000000000000000     
 Q value wg2 wg2 ==>   2.93454751906339301E-005  2.44951300028902855E-006
 B after wg2 wg2 ==>  2.83164111335101113E-005  2.44951300028902855E-006
 LTM d(wg2)/d(wg2)   0.0000000000000000     
 B before wg2 wg2 ==>    0.0000000000000000        0.0000000000000000     
 Q value wg2 wg2 ==>   2.93454751906339301E-005  2.44951300028902855E-006
 B after wg2 wg2 ==>  2.83164111335101113E-005  2.44951300028902855E-006
 LTM d(wg2)/d(wg2)   0.0000000000000000     
 B before wg2 wg2 ==>    0.0000000000000000        0.0000000000000000     
 Q value wg2 wg2 ==>   2.93454751906339301E-005  2.44951300028902855E-006
 B after wg2 wg2 ==>  2.83164111335101113E-005  2.44951300028902855E-006
 LTM d(wg2)/d(wg2)   0.0000000000000000     
 B before wg2 wg2 ==>    0.0000000000000000        0.0000000000000000     
 Q value wg2 wg2 ==>   2.93454751906339301E-005  2.44951300028902855E-006
 B after wg2 wg2 ==>  2.83164111335101113E-005  2.44951300028902855E-006
 LTM d(wg2)/d(wg2)   0.0000000000000000     
 B before wg2 wg2 ==>    0.0000000000000000        0.0000000000000000     
 Q value wg2 wg2 ==>   2.93454751906339301E-005  2.44951300028902855E-006
 B after wg2 wg2 ==>  2.83164111335101113E-005  2.44951300028902855E-006
 LTM d(wg2)/d(wg2)   0.0000000000000000     
 B before wg2 wg2 ==>    0.0000000000000000        0.0000000000000000     
 Q value wg2 wg2 ==>   2.93454751906339267E-005  2.44951300028902770E-006
 B after wg2 wg2 ==>  2.83164111335101011E-005  2.44951300028902770E-006
 LTM d(wg2)/d(wg2)   0.0000000000000000     
 B before wg2 wg2 ==>    0.0000000000000000        0.0000000000000000     
 Q value wg2 wg2 ==>   2.93454751906339301E-005  2.44951300028902855E-006
 B after wg2 wg2 ==>  2.83164111335101113E-005  2.44951300028902855E-006
 LTM d(wg2)/d(wg2)   0.0000000000000000     
 B before wg2 wg2 ==>    0.0000000000000000        0.0000000000000000     
 Q value wg2 wg2 ==>   2.93454751906339471E-005  2.44951300028903109E-006
 B after wg2 wg2 ==>  2.83164111335101418E-005  2.44951300028903109E-006
 LTM d(wg2)/d(wg2)   0.0000000000000000     
 B before wg2 wg2 ==>    0.0000000000000000        0.0000000000000000     
 Q value wg2 wg2 ==>   2.93454751906339267E-005  2.44951300028902770E-006
 B after wg2 wg2 ==>  2.83164111335101011E-005  2.44951300028902770E-006
 LTM d(wg2)/d(wg2)   0.0000000000000000     
 B before wg2 wg2 ==>    0.0000000000000000        0.0000000000000000     
 Q value wg2 wg2 ==>   2.93454751906339267E-005  2.44951300028902770E-006
 B after wg2 wg2 ==>  2.83164111335101011E-005  2.44951300028902770E-006
 LTM d(wg2)/d(wg2)   0.0000000000000000     
 B before wg2 wg2 ==>    0.0000000000000000        0.0000000000000000     
 Q value wg2 wg2 ==>   2.93454751906339267E-005  2.44951300028902770E-006
 B after wg2 wg2 ==>  2.83164111335101011E-005  2.44951300028902770E-006
 LTM d(wg2)/d(wg2)   0.0000000000000000     
 B before wg2 wg2 ==>    0.0000000000000000        0.0000000000000000     
 Q value wg2 wg2 ==>   3.00120139070519016E-005  2.56205078402012951E-006
 B after wg2 wg2 ==>  2.96173497902177473E-005  2.56205078402012951E-006
 LTM d(wg2)/d(wg2)   0.0000000000000000     
 B before wg2 wg2 ==>    0.0000000000000000        0.0000000000000000     
 Q value wg2 wg2 ==>   2.99567439760672274E-005  2.55262296077550968E-006
 B after wg2 wg2 ==>  2.95083639962835194E-005  2.55262296077550968E-006
 LTM d(wg2)/d(wg2)   0.0000000000000000     
 B before wg2 wg2 ==>    0.0000000000000000        0.0000000000000000     
 Q value wg2 wg2 ==>   2.99567439760672274E-005  2.55262296077550968E-006
 B after wg2 wg2 ==>  2.95083639962835194E-005  2.55262296077550968E-006
 LTM d(wg2)/d(wg2)   0.0000000000000000     
 B before wg2 wg2 ==>    0.0000000000000000        0.0000000000000000     
 Q value wg2 wg2 ==>   2.90936028119118281E-005  2.40764508324205215E-006
 B after wg2 wg2 ==>  2.78324173142219536E-005  2.40764508324205215E-006
 LTM d(wg2)/d(wg2)   0.0000000000000000     
 B before wg2 wg2 ==>    0.0000000000000000        0.0000000000000000     
 Q value wg2 wg2 ==>   2.93454750959552436E-005  2.44951298448307019E-006
 B after wg2 wg2 ==>  2.83164109507929683E-005  2.44951298448307019E-006
 LTM d(wg2)/d(wg2)   0.0000000000000000     
 B before wg2 wg2 ==>    0.0000000000000000        0.0000000000000000     
 Q value wg2 wg2 ==>   2.97741698954513687E-005  2.52160339331755398E-006
 B after wg2 wg2 ==>  2.91497772791607756E-005  2.52160339331755398E-006
 LTM d(wg2)/d(wg2)   0.0000000000000000     
 B before wg2 wg2 ==>    0.0000000000000000        0.0000000000000000     
 Q value wg2 wg2 ==>   2.97741698954513687E-005  2.52160339331755398E-006
 B after wg2 wg2 ==>  2.91497772791607756E-005  2.52160339331755398E-006
 LTM d(wg2)/d(wg2)   0.0000000000000000     
 B before wg2 wg2 ==>    0.0000000000000000        0.0000000000000000     
 Q value wg2 wg2 ==>   2.97741698954513687E-005  2.52160339331755398E-006
 B after wg2 wg2 ==>  2.91497772791607756E-005  2.52160339331755398E-006
 LTM d(wg2)/d(wg2)   0.0000000000000000     
 B before wg2 wg2 ==>    0.0000000000000000        0.0000000000000000     
 Q value wg2 wg2 ==>   2.97741698954513687E-005  2.52160339331755398E-006
 B after wg2 wg2 ==>  2.91497772791607756E-005  2.52160339331755398E-006
 LTM d(wg2)/d(wg2)   0.0000000000000000     
 B before wg2 wg2 ==>    0.0000000000000000        0.0000000000000000     
 Q value wg2 wg2 ==>   2.97741698954513687E-005  2.52160339331755398E-006
 B after wg2 wg2 ==>  2.91497772791607756E-005  2.52160339331755398E-006
 LTM d(wg2)/d(wg2)   0.0000000000000000     
 B before wg2 wg2 ==>    0.0000000000000000        0.0000000000000000     
 Q value wg2 wg2 ==>   2.97741698954513687E-005  2.52160339331755398E-006
 B after wg2 wg2 ==>  2.91497772791607756E-005  2.52160339331755398E-006
 LTM d(wg2)/d(wg2)   0.0000000000000000     
 B before wg2 wg2 ==>    0.0000000000000000        0.0000000000000000     
 Q value wg2 wg2 ==>   2.97741698954513687E-005  2.52160339331755398E-006
 B after wg2 wg2 ==>  2.91497772791607756E-005  2.52160339331755398E-006
 LTM d(wg2)/d(wg2)   0.0000000000000000     
 B before wg2 wg2 ==>    0.0000000000000000        0.0000000000000000     
 Q value wg2 wg2 ==>   2.97741698954513687E-005  2.52160339331755398E-006
 B after wg2 wg2 ==>  2.91497772791607756E-005  2.52160339331755398E-006
 LTM d(wg2)/d(wg2)   0.0000000000000000     
 B before wg2 wg2 ==>    0.0000000000000000        0.0000000000000000     
 Q value wg2 wg2 ==>   2.95712842777049175E-005  2.48735531756896147E-006
 B after wg2 wg2 ==>  2.87538689523569085E-005  2.48735531756896147E-006
 LTM d(wg2)/d(wg2)   0.0000000000000000     
 B before wg2 wg2 ==>    0.0000000000000000        0.0000000000000000     
 Q value wg2 wg2 ==>   2.94614274340215179E-005  2.46890867612477336E-006
 B after wg2 wg2 ==>  2.85406254696301611E-005  2.46890867612477336E-006
 LTM d(wg2)/d(wg2)   0.0000000000000000     
 B before wg2 wg2 ==>    0.0000000000000000        0.0000000000000000     
 Q value wg2 wg2 ==>   2.97741698954513687E-005  2.52160339331755398E-006
 B after wg2 wg2 ==>  2.91497772791607756E-005  2.52160339331755398E-006
 LTM d(wg2)/d(wg2)   0.0000000000000000     
 B before wg2 wg2 ==>    0.0000000000000000        0.0000000000000000     
 Q value wg2 wg2 ==>   2.77337176582312260E-005  2.18783031508334000E-006
 B after wg2 wg2 ==>  2.52913549284886031E-005  2.18783031508334000E-006
 LTM d(wg2)/d(wg2)   0.0000000000000000     
 B before wg2 wg2 ==>    0.0000000000000000        0.0000000000000000     
 Q value wg2 wg2 ==>   2.77337176582312260E-005  2.18783031508334000E-006
 B after wg2 wg2 ==>  2.52913549284886031E-005  2.18783031508334000E-006
 LTM d(wg2)/d(wg2)   0.0000000000000000     
 B before wg2 wg2 ==>    0.0000000000000000        0.0000000000000000     
 Q value wg2 wg2 ==>   2.77337176582312260E-005  2.18783031508334000E-006
 B after wg2 wg2 ==>  2.52913549284886031E-005  2.18783031508334000E-006
 LTM d(wg2)/d(wg2)   0.0000000000000000     
 B before wg2 wg2 ==>    0.0000000000000000        0.0000000000000000     
 Q value wg2 wg2 ==>   2.77337176582312260E-005  2.18783031508334000E-006
 B after wg2 wg2 ==>  2.52913549284886031E-005  2.18783031508334000E-006
 LTM d(wg2)/d(wg2)   0.0000000000000000     
 B before wg2 wg2 ==>    0.0000000000000000        0.0000000000000000     
 Q value wg2 wg2 ==>   2.77337176582312260E-005  2.18783031508334000E-006
 B after wg2 wg2 ==>  2.52913549284886031E-005  2.18783031508334000E-006
 LTM d(wg2)/d(wg2)   0.0000000000000000     
 B before wg2 wg2 ==>    0.0000000000000000        0.0000000000000000     
 Q value wg2 wg2 ==>   2.77337176582312260E-005  2.18783031508334000E-006
 B after wg2 wg2 ==>  2.52913549284886031E-005  2.18783031508334000E-006
 LTM d(wg2)/d(wg2)   0.0000000000000000     
 B before wg2 wg2 ==>    0.0000000000000000        0.0000000000000000     
 Q value wg2 wg2 ==>   2.77337176582312260E-005  2.18783031508334000E-006
 B after wg2 wg2 ==>  2.52913549284886031E-005  2.18783031508334000E-006
 LTM d(wg2)/d(wg2)   0.0000000000000000     
 B before wg2 wg2 ==>    0.0000000000000000        0.0000000000000000     
 Q value wg2 wg2 ==>   2.88118474595451211E-005  2.36123748702463053E-006
 B after wg2 wg2 ==>  2.72959447280158881E-005  2.36123748702463053E-006
 LTM d(wg2)/d(wg2)   0.0000000000000000     
 B before wg2 wg2 ==>    0.0000000000000000        0.0000000000000000     
 Q value wg2 wg2 ==>   2.97089177555428681E-005  2.51056297018484745E-006
 B after wg2 wg2 ==>  2.90221498036271693E-005  2.51056297018484745E-006
 LTM d(wg2)/d(wg2)   0.0000000000000000     
 B before wg2 wg2 ==>    0.0000000000000000        0.0000000000000000     
 Q value wg2 wg2 ==>   2.84954954799046985E-005  2.30966972485765470E-006
 B after wg2 wg2 ==>  2.66998205373776437E-005  2.30966972485765470E-006
 LTM d(wg2)/d(wg2)   0.0000000000000000     
 B before wg2 wg2 ==>    0.0000000000000000        0.0000000000000000     
 Q value wg2 wg2 ==>   2.84954954799046985E-005  2.30966972485765470E-006
 B after wg2 wg2 ==>  2.66998205373776437E-005  2.30966972485765470E-006
 LTM d(wg2)/d(wg2)   0.0000000000000000     
 B before wg2 wg2 ==>    0.0000000000000000        0.0000000000000000     
 Q value wg2 wg2 ==>   2.90936028119118349E-005  2.40764508324205300E-006
 B after wg2 wg2 ==>  2.78324173142219637E-005  2.40764508324205300E-006
 LTM d(wg2)/d(wg2)   0.0000000000000000     
 B before wg2 wg2 ==>    0.0000000000000000        0.0000000000000000     
 Q value wg2 wg2 ==>   2.93454751906339267E-005  2.44951300028902770E-006
 B after wg2 wg2 ==>  2.83164111335101011E-005  2.44951300028902770E-006
 LTM d(wg2)/d(wg2)   0.0000000000000000     
 B before wg2 wg2 ==>    0.0000000000000000        0.0000000000000000     
 Q value wg2 wg2 ==>   2.93454751906339301E-005  2.44951300028902855E-006
 B after wg2 wg2 ==>  2.83164111335101113E-005  2.44951300028902855E-006
 LTM d(wg2)/d(wg2)   0.0000000000000000     
 B before wg2 wg2 ==>    0.0000000000000000        0.0000000000000000     
 Q value wg2 wg2 ==>   2.93454751906339301E-005  2.44951300028902855E-006
 B after wg2 wg2 ==>  2.83164111335101113E-005  2.44951300028902855E-006
 LTM d(wg2)/d(wg2)   0.0000000000000000     
 B before wg2 wg2 ==>    0.0000000000000000        0.0000000000000000     
 Q value wg2 wg2 ==>   2.93454751906339301E-005  2.44951300028902855E-006
 B after wg2 wg2 ==>  2.83164111335101113E-005  2.44951300028902855E-006
 LTM d(wg2)/d(wg2)   0.0000000000000000     
 B before wg2 wg2 ==>    0.0000000000000000        0.0000000000000000     
 Q value wg2 wg2 ==>   2.93454751906339301E-005  2.44951300028902855E-006
 B after wg2 wg2 ==>  2.83164111335101113E-005  2.44951300028902855E-006
 LTM d(wg2)/d(wg2)   0.0000000000000000     
 B before wg2 wg2 ==>    0.0000000000000000        0.0000000000000000     
 Q value wg2 wg2 ==>   2.93454751906339301E-005  2.44951300028902855E-006
 B after wg2 wg2 ==>  2.83164111335101113E-005  2.44951300028902855E-006
 LTM d(wg2)/d(wg2)   0.0000000000000000     
 B before wg2 wg2 ==>    0.0000000000000000        0.0000000000000000     
 Q value wg2 wg2 ==>   2.93454751906339301E-005  2.44951300028902855E-006
 B after wg2 wg2 ==>  2.83164111335101113E-005  2.44951300028902855E-006
 LTM d(wg2)/d(wg2)   0.0000000000000000     
 B before wg2 wg2 ==>    0.0000000000000000        0.0000000000000000     
 Q value wg2 wg2 ==>   2.93454751906339267E-005  2.44951300028902770E-006
 B after wg2 wg2 ==>  2.83164111335101011E-005  2.44951300028902770E-006
 LTM d(wg2)/d(wg2)   0.0000000000000000     
 B before wg2 wg2 ==>    0.0000000000000000        0.0000000000000000     
 Q value wg2 wg2 ==>   2.93454751906339267E-005  2.44951300028902770E-006
 B after wg2 wg2 ==>  2.83164111335101011E-005  2.44951300028902770E-006
 LTM d(wg2)/d(wg2)   0.0000000000000000     
 B before wg2 wg2 ==>    0.0000000000000000        0.0000000000000000     
 Q value wg2 wg2 ==>   2.93454751906339301E-005  2.44951300028902855E-006
 B after wg2 wg2 ==>  2.83164111335101113E-005  2.44951300028902855E-006
 LTM d(wg2)/d(wg2)   0.0000000000000000     
 B before wg2 wg2 ==>    0.0000000000000000        0.0000000000000000     
 Q value wg2 wg2 ==>   2.93454751906339301E-005  2.44951300028902855E-006
 B after wg2 wg2 ==>  2.83164111335101113E-005  2.44951300028902855E-006
 LTM d(wg2)/d(wg2)   0.0000000000000000     
 B before wg2 wg2 ==>    0.0000000000000000        0.0000000000000000     
 Q value wg2 wg2 ==>   3.07286077929626550E-005  2.68585909160881841E-006
 B after wg2 wg2 ==>  3.10485758906759720E-005  2.68585909160881841E-006
 LTM d(wg2)/d(wg2)   0.0000000000000000     
 B before wg2 wg2 ==>    0.0000000000000000        0.0000000000000000     
 Q value wg2 wg2 ==>   2.99567439760672274E-005  2.55262296077550968E-006
 B after wg2 wg2 ==>  2.95083639962835194E-005  2.55262296077550968E-006
 LTM d(wg2)/d(wg2)   0.0000000000000000     
 B before wg2 wg2 ==>    0.0000000000000000        0.0000000000000000     
 Q value wg2 wg2 ==>   2.99567439760672274E-005  2.55262296077550968E-006
 B after wg2 wg2 ==>  2.95083639962835194E-005  2.55262296077550968E-006
 LTM d(wg2)/d(wg2)   0.0000000000000000     
 B before wg2 wg2 ==>    0.0000000000000000        0.0000000000000000     
 Q value wg2 wg2 ==>   2.95712843201975552E-005  2.48735532471740243E-006
 B after wg2 wg2 ==>  2.87538690349930057E-005  2.48735532471740243E-006
 LTM d(wg2)/d(wg2)   0.0000000000000000     
 B before wg2 wg2 ==>    0.0000000000000000        0.0000000000000000     
 Q value wg2 wg2 ==>   2.97741698954513687E-005  2.52160339331755398E-006
 B after wg2 wg2 ==>  2.91497772791607756E-005  2.52160339331755398E-006
 LTM d(wg2)/d(wg2)   0.0000000000000000     
 B before wg2 wg2 ==>    0.0000000000000000        0.0000000000000000     
 Q value wg2 wg2 ==>   2.97741698954513687E-005  2.52160339331755398E-006
 B after wg2 wg2 ==>  2.91497772791607756E-005  2.52160339331755398E-006
 LTM d(wg2)/d(wg2)   0.0000000000000000     
 B before wg2 wg2 ==>    0.0000000000000000        0.0000000000000000     
 Q value wg2 wg2 ==>   2.97741698954513687E-005  2.52160339331755398E-006
 B after wg2 wg2 ==>  2.91497772791607756E-005  2.52160339331755398E-006
 LTM d(wg2)/d(wg2)   0.0000000000000000     
 B before wg2 wg2 ==>    0.0000000000000000        0.0000000000000000     
 Q value wg2 wg2 ==>   2.97741698954513687E-005  2.52160339331755398E-006
 B after wg2 wg2 ==>  2.91497772791607756E-005  2.52160339331755398E-006
 LTM d(wg2)/d(wg2)   0.0000000000000000     
 B before wg2 wg2 ==>    0.0000000000000000        0.0000000000000000     
 Q value wg2 wg2 ==>   2.97741698954513687E-005  2.52160339331755398E-006
 B after wg2 wg2 ==>  2.91497772791607756E-005  2.52160339331755398E-006
 LTM d(wg2)/d(wg2)   0.0000000000000000     
 B before wg2 wg2 ==>    0.0000000000000000        0.0000000000000000     
 Q value wg2 wg2 ==>   2.97741698954513687E-005  2.52160339331755398E-006
 B after wg2 wg2 ==>  2.91497772791607756E-005  2.52160339331755398E-006
 LTM d(wg2)/d(wg2)   0.0000000000000000     
 B before wg2 wg2 ==>    0.0000000000000000        0.0000000000000000     
 Q value wg2 wg2 ==>   2.97741698954513687E-005  2.52160339331755398E-006
 B after wg2 wg2 ==>  2.91497772791607756E-005  2.52160339331755398E-006
 LTM d(wg2)/d(wg2)   0.0000000000000000     
 B before wg2 wg2 ==>    0.0000000000000000        0.0000000000000000     
 Q value wg2 wg2 ==>   2.97741698954513687E-005  2.52160339331755398E-006
 B after wg2 wg2 ==>  2.91497772791607756E-005  2.52160339331755398E-006
 LTM d(wg2)/d(wg2)   0.0000000000000000     
 B before wg2 wg2 ==>    0.0000000000000000        0.0000000000000000     
 Q value wg2 wg2 ==>   2.97741698954513687E-005  2.52160339331755398E-006
 B after wg2 wg2 ==>  2.91497772791607756E-005  2.52160339331755398E-006
 LTM d(wg2)/d(wg2)   0.0000000000000000     
 B before wg2 wg2 ==>    0.0000000000000000        0.0000000000000000     
 Q value wg2 wg2 ==>   2.97741698954513687E-005  2.52160339331755398E-006
 B after wg2 wg2 ==>  2.91497772791607756E-005  2.52160339331755398E-006
 LTM d(wg2)/d(wg2)   0.0000000000000000     
 B before wg2 wg2 ==>    0.0000000000000000        0.0000000000000000     
 Q value wg2 wg2 ==>   2.97741698954513687E-005  2.52160339331755398E-006
 B after wg2 wg2 ==>  2.91497772791607756E-005  2.52160339331755398E-006
 LTM d(wg2)/d(wg2)   0.0000000000000000     
 B before wg2 wg2 ==>    0.0000000000000000        0.0000000000000000     
 Q value wg2 wg2 ==>   2.86051263465708515E-005  2.32747592050711275E-006
 B after wg2 wg2 ==>  2.69056604560366904E-005  2.32747592050711275E-006
 LTM d(wg2)/d(wg2)   0.0000000000000000     
 B before wg2 wg2 ==>    0.0000000000000000        0.0000000000000000     
 Q value wg2 wg2 ==>   2.77337176582312260E-005  2.18783031508334000E-006
 B after wg2 wg2 ==>  2.52913549284886031E-005  2.18783031508334000E-006
 LTM d(wg2)/d(wg2)   0.0000000000000000     
 B before wg2 wg2 ==>    0.0000000000000000        0.0000000000000000     
 Q value wg2 wg2 ==>   2.77337176582312260E-005  2.18783031508334000E-006
 B after wg2 wg2 ==>  2.52913549284886031E-005  2.18783031508334000E-006
 LTM d(wg2)/d(wg2)   0.0000000000000000     
 B before wg2 wg2 ==>    0.0000000000000000        0.0000000000000000     
 Q value wg2 wg2 ==>   2.77337176582312260E-005  2.18783031508334000E-006
 B after wg2 wg2 ==>  2.52913549284886031E-005  2.18783031508334000E-006
 LTM d(wg2)/d(wg2)   0.0000000000000000     
 B before wg2 wg2 ==>    0.0000000000000000        0.0000000000000000     
 Q value wg2 wg2 ==>   2.77337176582312260E-005  2.18783031508334000E-006
 B after wg2 wg2 ==>  2.52913549284886031E-005  2.18783031508334000E-006
 LTM d(wg2)/d(wg2)   0.0000000000000000     
 B before wg2 wg2 ==>    0.0000000000000000        0.0000000000000000     
 Q value wg2 wg2 ==>   2.77337176582312260E-005  2.18783031508334000E-006
 B after wg2 wg2 ==>  2.52913549284886031E-005  2.18783031508334000E-006
 LTM d(wg2)/d(wg2)   0.0000000000000000     
 B before wg2 wg2 ==>    0.0000000000000000        0.0000000000000000     
 Q value wg2 wg2 ==>   2.77337176582312260E-005  2.18783031508334000E-006
 B after wg2 wg2 ==>  2.52913549284886031E-005  2.18783031508334000E-006
 LTM d(wg2)/d(wg2)   0.0000000000000000     
 B before wg2 wg2 ==>    0.0000000000000000        0.0000000000000000     
 Q value wg2 wg2 ==>   2.77337176582312260E-005  2.18783031508334000E-006
 B after wg2 wg2 ==>  2.52913549284886031E-005  2.18783031508334000E-006
 LTM d(wg2)/d(wg2)   0.0000000000000000     
 B before wg2 wg2 ==>    0.0000000000000000        0.0000000000000000     
 Q value wg2 wg2 ==>   2.88118474595451211E-005  2.36123748702463053E-006
 B after wg2 wg2 ==>  2.72959447280158881E-005  2.36123748702463053E-006
 LTM d(wg2)/d(wg2)   0.0000000000000000     
 B before wg2 wg2 ==>    0.0000000000000000        0.0000000000000000     
 Q value wg2 wg2 ==>   2.84954954799046985E-005  2.30966972485765470E-006
 B after wg2 wg2 ==>  2.66998205373776437E-005  2.30966972485765470E-006
 LTM d(wg2)/d(wg2)   0.0000000000000000     
 B before wg2 wg2 ==>    0.0000000000000000        0.0000000000000000     
 Q value wg2 wg2 ==>   2.84954954799046985E-005  2.30966972485765470E-006
 B after wg2 wg2 ==>  2.66998205373776437E-005  2.30966972485765470E-006
 LTM d(wg2)/d(wg2)   0.0000000000000000     
 B before wg2 wg2 ==>    0.0000000000000000        0.0000000000000000     
 Q value wg2 wg2 ==>   2.84954954799046985E-005  2.30966972485765470E-006
 B after wg2 wg2 ==>  2.66998205373776437E-005  2.30966972485765470E-006
 LTM d(wg2)/d(wg2)   0.0000000000000000     
 B before wg2 wg2 ==>    0.0000000000000000        0.0000000000000000     
 Q value wg2 wg2 ==>   2.95712842777049175E-005  2.48735531756896147E-006
 B after wg2 wg2 ==>  2.87538689523569085E-005  2.48735531756896147E-006
 LTM d(wg2)/d(wg2)   0.0000000000000000     
 B before wg2 wg2 ==>    0.0000000000000000        0.0000000000000000     
 Q value wg2 wg2 ==>   3.07286077929626550E-005  2.68585909160881841E-006
 B after wg2 wg2 ==>  3.10485758906759720E-005  2.68585909160881841E-006
 LTM d(wg2)/d(wg2)   0.0000000000000000     
 B before wg2 wg2 ==>    0.0000000000000000        0.0000000000000000     
 Q value wg2 wg2 ==>   3.07286077929626550E-005  2.68585909160881841E-006
 B after wg2 wg2 ==>  3.10485758906759720E-005  2.68585909160881841E-006
 LTM d(wg2)/d(wg2)   0.0000000000000000     
 B before wg2 wg2 ==>    0.0000000000000000        0.0000000000000000     
 Q value wg2 wg2 ==>   3.07286077929626550E-005  2.68585909160881841E-006
 B after wg2 wg2 ==>  3.10485758906759720E-005  2.68585909160881841E-006
 LTM d(wg2)/d(wg2)   0.0000000000000000     
 B before wg2 wg2 ==>    0.0000000000000000        0.0000000000000000     
 Q value wg2 wg2 ==>   3.07286077929626550E-005  2.68585909160881841E-006
 B after wg2 wg2 ==>  3.10485758906759720E-005  2.68585909160881841E-006
 LTM d(wg2)/d(wg2)   0.0000000000000000     
 B before wg2 wg2 ==>    0.0000000000000000        0.0000000000000000     
 Q value wg2 wg2 ==>   3.07286077929626550E-005  2.68585909160881841E-006
 B after wg2 wg2 ==>  3.10485758906759720E-005  2.68585909160881841E-006
 LTM d(wg2)/d(wg2)   0.0000000000000000     
 B before wg2 wg2 ==>    0.0000000000000000        0.0000000000000000     
 Q value wg2 wg2 ==>   3.07286077929626550E-005  2.68585909160881841E-006
 B after wg2 wg2 ==>  3.10485758906759720E-005  2.68585909160881841E-006
 LTM d(wg2)/d(wg2)   0.0000000000000000     
 B before wg2 wg2 ==>    0.0000000000000000        0.0000000000000000     
 Q value wg2 wg2 ==>   2.93454751906339301E-005  2.44951300028902855E-006
 B after wg2 wg2 ==>  2.83164111335101113E-005  2.44951300028902855E-006
 LTM d(wg2)/d(wg2)   0.0000000000000000     
 B before wg2 wg2 ==>    0.0000000000000000        0.0000000000000000     
 Q value wg2 wg2 ==>   2.93454751906339267E-005  2.44951300028902770E-006
 B after wg2 wg2 ==>  2.83164111335101011E-005  2.44951300028902770E-006
 LTM d(wg2)/d(wg2)   0.0000000000000000     
 B before wg2 wg2 ==>    0.0000000000000000        0.0000000000000000     
 Q value wg2 wg2 ==>   2.93454751906339301E-005  2.44951300028902855E-006
 B after wg2 wg2 ==>  2.83164111335101113E-005  2.44951300028902855E-006
 LTM d(wg2)/d(wg2)   0.0000000000000000     
 B before wg2 wg2 ==>    0.0000000000000000        0.0000000000000000     
 Q value wg2 wg2 ==>   2.93454751906339301E-005  2.44951300028902855E-006
 B after wg2 wg2 ==>  2.83164111335101113E-005  2.44951300028902855E-006
 LTM d(wg2)/d(wg2)   0.0000000000000000     
 B before wg2 wg2 ==>    0.0000000000000000        0.0000000000000000     
 Q value wg2 wg2 ==>   2.93454751906339301E-005  2.44951300028902855E-006
 B after wg2 wg2 ==>  2.83164111335101113E-005  2.44951300028902855E-006
 LTM d(wg2)/d(wg2)   0.0000000000000000     
 B before wg2 wg2 ==>    0.0000000000000000        0.0000000000000000     
 Q value wg2 wg2 ==>   3.07286077929626550E-005  2.68585909160881841E-006
 B after wg2 wg2 ==>  3.10485758906759720E-005  2.68585909160881841E-006
 LTM d(wg2)/d(wg2)   0.0000000000000000     
 B before wg2 wg2 ==>    0.0000000000000000        0.0000000000000000     
 Q value wg2 wg2 ==>   2.99567439760672274E-005  2.55262296077550968E-006
 B after wg2 wg2 ==>  2.95083639962835194E-005  2.55262296077550968E-006
 LTM d(wg2)/d(wg2)   0.0000000000000000     
 B before wg2 wg2 ==>    0.0000000000000000        0.0000000000000000     
 Q value wg2 wg2 ==>   2.99567439760672274E-005  2.55262296077550968E-006
 B after wg2 wg2 ==>  2.95083639962835194E-005  2.55262296077550968E-006
 LTM d(wg2)/d(wg2)   0.0000000000000000     
 B before wg2 wg2 ==>    0.0000000000000000        0.0000000000000000     
 Q value wg2 wg2 ==>   2.97741698954513687E-005  2.52160339331755398E-006
 B after wg2 wg2 ==>  2.91497772791607756E-005  2.52160339331755398E-006
 LTM d(wg2)/d(wg2)   0.0000000000000000     
 B before wg2 wg2 ==>    0.0000000000000000        0.0000000000000000     
 Q value wg2 wg2 ==>   2.97741698954513687E-005  2.52160339331755398E-006
 B after wg2 wg2 ==>  2.91497772791607756E-005  2.52160339331755398E-006
 LTM d(wg2)/d(wg2)   0.0000000000000000     
 B before wg2 wg2 ==>    0.0000000000000000        0.0000000000000000     
 Q value wg2 wg2 ==>   2.97741698954513687E-005  2.52160339331755398E-006
 B after wg2 wg2 ==>  2.91497772791607756E-005  2.52160339331755398E-006
 LTM d(wg2)/d(wg2)   0.0000000000000000     
 B before wg2 wg2 ==>    0.0000000000000000        0.0000000000000000     
 Q value wg2 wg2 ==>   2.97741698954513687E-005  2.52160339331755398E-006
 B after wg2 wg2 ==>  2.91497772791607756E-005  2.52160339331755398E-006
 LTM d(wg2)/d(wg2)   0.0000000000000000     
 B before wg2 wg2 ==>    0.0000000000000000        0.0000000000000000     
 Q value wg2 wg2 ==>   2.97741698954513687E-005  2.52160339331755398E-006
 B after wg2 wg2 ==>  2.91497772791607756E-005  2.52160339331755398E-006
 LTM d(wg2)/d(wg2)   0.0000000000000000     
 B before wg2 wg2 ==>    0.0000000000000000        0.0000000000000000     
 Q value wg2 wg2 ==>   2.97741698954513687E-005  2.52160339331755398E-006
 B after wg2 wg2 ==>  2.91497772791607756E-005  2.52160339331755398E-006
 LTM d(wg2)/d(wg2)   0.0000000000000000     
 B before wg2 wg2 ==>    0.0000000000000000        0.0000000000000000     
 Q value wg2 wg2 ==>   2.97741698954513687E-005  2.52160339331755398E-006
 B after wg2 wg2 ==>  2.91497772791607756E-005  2.52160339331755398E-006
 LTM d(wg2)/d(wg2)   0.0000000000000000     
 B before wg2 wg2 ==>    0.0000000000000000        0.0000000000000000     
 Q value wg2 wg2 ==>   2.97741698954513687E-005  2.52160339331755398E-006
 B after wg2 wg2 ==>  2.91497772791607756E-005  2.52160339331755398E-006
 LTM d(wg2)/d(wg2)   0.0000000000000000     
 B before wg2 wg2 ==>    0.0000000000000000        0.0000000000000000     
 Q value wg2 wg2 ==>   2.97741698954513687E-005  2.52160339331755398E-006
 B after wg2 wg2 ==>  2.91497772791607756E-005  2.52160339331755398E-006
 LTM d(wg2)/d(wg2)   0.0000000000000000     
 B before wg2 wg2 ==>    0.0000000000000000        0.0000000000000000     
 Q value wg2 wg2 ==>   2.97741698954513687E-005  2.52160339331755398E-006
 B after wg2 wg2 ==>  2.91497772791607756E-005  2.52160339331755398E-006
 LTM d(wg2)/d(wg2)   0.0000000000000000     
 B before wg2 wg2 ==>    0.0000000000000000        0.0000000000000000     
 Q value wg2 wg2 ==>   2.97741698954513687E-005  2.52160339331755398E-006
 B after wg2 wg2 ==>  2.91497772791607756E-005  2.52160339331755398E-006
 LTM d(wg2)/d(wg2)   0.0000000000000000     
 B before wg2 wg2 ==>    0.0000000000000000        0.0000000000000000     
 Q value wg2 wg2 ==>   2.97741698954513687E-005  2.52160339331755398E-006
 B after wg2 wg2 ==>  2.91497772791607756E-005  2.52160339331755398E-006
 LTM d(wg2)/d(wg2)   0.0000000000000000     
 B before wg2 wg2 ==>    0.0000000000000000        0.0000000000000000     
 Q value wg2 wg2 ==>   2.89567310871140741E-005  2.38504469404853643E-006
 B after wg2 wg2 ==>  2.75711564382415392E-005  2.38504469404853643E-006
 LTM d(wg2)/d(wg2)   0.0000000000000000     
 B before wg2 wg2 ==>    0.0000000000000000        0.0000000000000000     
 Q value wg2 wg2 ==>   2.77337176582312260E-005  2.18783031508334000E-006
 B after wg2 wg2 ==>  2.52913549284886031E-005  2.18783031508334000E-006
 LTM d(wg2)/d(wg2)   0.0000000000000000     
 B before wg2 wg2 ==>    0.0000000000000000        0.0000000000000000     
 Q value wg2 wg2 ==>   2.77337176582312260E-005  2.18783031508334000E-006
 B after wg2 wg2 ==>  2.52913549284886031E-005  2.18783031508334000E-006
 LTM d(wg2)/d(wg2)   0.0000000000000000     
 B before wg2 wg2 ==>    0.0000000000000000        0.0000000000000000     
 Q value wg2 wg2 ==>   2.77337176582312260E-005  2.18783031508334000E-006
 B after wg2 wg2 ==>  2.52913549284886031E-005  2.18783031508334000E-006
 LTM d(wg2)/d(wg2)   0.0000000000000000     
 B before wg2 wg2 ==>    0.0000000000000000        0.0000000000000000     
 Q value wg2 wg2 ==>   2.77337176582312260E-005  2.18783031508334000E-006
 B after wg2 wg2 ==>  2.52913549284886031E-005  2.18783031508334000E-006
 LTM d(wg2)/d(wg2)   0.0000000000000000     
 B before wg2 wg2 ==>    0.0000000000000000        0.0000000000000000     
 Q value wg2 wg2 ==>   2.77337176582312260E-005  2.18783031508334000E-006
 B after wg2 wg2 ==>  2.52913549284886031E-005  2.18783031508334000E-006
 LTM d(wg2)/d(wg2)   0.0000000000000000     
 B before wg2 wg2 ==>    0.0000000000000000        0.0000000000000000     
 Q value wg2 wg2 ==>   2.77337176582312260E-005  2.18783031508334000E-006
 B after wg2 wg2 ==>  2.52913549284886031E-005  2.18783031508334000E-006
 LTM d(wg2)/d(wg2)   0.0000000000000000     
 B before wg2 wg2 ==>    0.0000000000000000        0.0000000000000000     
 Q value wg2 wg2 ==>   2.77337176582312260E-005  2.18783031508334000E-006
 B after wg2 wg2 ==>  2.52913549284886031E-005  2.18783031508334000E-006
 LTM d(wg2)/d(wg2)   0.0000000000000000     
 B before wg2 wg2 ==>    0.0000000000000000        0.0000000000000000     
 Q value wg2 wg2 ==>   2.77337176582312260E-005  2.18783031508334000E-006
 B after wg2 wg2 ==>  2.52913549284886031E-005  2.18783031508334000E-006
 LTM d(wg2)/d(wg2)   0.0000000000000000     
 B before wg2 wg2 ==>    0.0000000000000000        0.0000000000000000     
 Q value wg2 wg2 ==>   2.82625168526286871E-005  2.27205648738167606E-006
 B after wg2 wg2 ==>  2.62650108848848853E-005  2.27205648738167606E-006
 LTM d(wg2)/d(wg2)   0.0000000000000000     
 B before wg2 wg2 ==>    0.0000000000000000        0.0000000000000000     
 Q value wg2 wg2 ==>   2.84954954799046985E-005  2.30966972485765470E-006
 B after wg2 wg2 ==>  2.66998205373776437E-005  2.30966972485765470E-006
 LTM d(wg2)/d(wg2)   0.0000000000000000     
 B before wg2 wg2 ==>    0.0000000000000000        0.0000000000000000     
 Q value wg2 wg2 ==>   2.84954954799046985E-005  2.30966972485765470E-006
 B after wg2 wg2 ==>  2.66998205373776437E-005  2.30966972485765470E-006
 LTM d(wg2)/d(wg2)   0.0000000000000000     
 B before wg2 wg2 ==>    0.0000000000000000        0.0000000000000000     
 Q value wg2 wg2 ==>   2.84954954799046985E-005  2.30966972485765470E-006
 B after wg2 wg2 ==>  2.66998205373776437E-005  2.30966972485765470E-006
 LTM d(wg2)/d(wg2)   0.0000000000000000     
 B before wg2 wg2 ==>    0.0000000000000000        0.0000000000000000     
 Q value wg2 wg2 ==>   3.07286077929626550E-005  2.68585909160881841E-006
 B after wg2 wg2 ==>  3.10485758906759720E-005  2.68585909160881841E-006
 LTM d(wg2)/d(wg2)   0.0000000000000000     
 B before wg2 wg2 ==>    0.0000000000000000        0.0000000000000000     
 Q value wg2 wg2 ==>   3.07286077929626550E-005  2.68585909160881841E-006
 B after wg2 wg2 ==>  3.10485758906759720E-005  2.68585909160881841E-006
 LTM d(wg2)/d(wg2)   0.0000000000000000     
 B before wg2 wg2 ==>    0.0000000000000000        0.0000000000000000     
 Q value wg2 wg2 ==>   3.07286077929626550E-005  2.68585909160881841E-006
 B after wg2 wg2 ==>  3.10485758906759720E-005  2.68585909160881841E-006
 LTM d(wg2)/d(wg2)   0.0000000000000000     
 B before wg2 wg2 ==>    0.0000000000000000        0.0000000000000000     
 Q value wg2 wg2 ==>   3.07286077929626550E-005  2.68585909160881841E-006
 B after wg2 wg2 ==>  3.10485758906759720E-005  2.68585909160881841E-006
 LTM d(wg2)/d(wg2)   0.0000000000000000     
 B before wg2 wg2 ==>    0.0000000000000000        0.0000000000000000     
 Q value wg2 wg2 ==>   3.07286077929626550E-005  2.68585909160881841E-006
 B after wg2 wg2 ==>  3.10485758906759720E-005  2.68585909160881841E-006
 LTM d(wg2)/d(wg2)   0.0000000000000000     
 B before wg2 wg2 ==>    0.0000000000000000        0.0000000000000000     
 Q value wg2 wg2 ==>   3.07286077929626550E-005  2.68585909160881841E-006
 B after wg2 wg2 ==>  3.10485758906759720E-005  2.68585909160881841E-006
 LTM d(wg2)/d(wg2)   0.0000000000000000     
 B before wg2 wg2 ==>    0.0000000000000000        0.0000000000000000     
 Q value wg2 wg2 ==>   3.07286077929626550E-005  2.68585909160881841E-006
 B after wg2 wg2 ==>  3.10485758906759720E-005  2.68585909160881841E-006
 LTM d(wg2)/d(wg2)   0.0000000000000000     
 B before wg2 wg2 ==>    0.0000000000000000        0.0000000000000000     
 Q value wg2 wg2 ==>   3.07286077929626550E-005  2.68585909160881841E-006
 B after wg2 wg2 ==>  3.10485758906759720E-005  2.68585909160881841E-006
 LTM d(wg2)/d(wg2)   0.0000000000000000     
 B before wg2 wg2 ==>    0.0000000000000000        0.0000000000000000     
 Q value wg2 wg2 ==>   2.93454751906339301E-005  2.44951300028902855E-006
 B after wg2 wg2 ==>  2.83164111335101113E-005  2.44951300028902855E-006
 LTM d(wg2)/d(wg2)   0.0000000000000000     
 B before wg2 wg2 ==>    0.0000000000000000        0.0000000000000000     
 Q value wg2 wg2 ==>   2.99567440448829352E-005  2.55262297250312341E-006
 B after wg2 wg2 ==>  2.95083641318549271E-005  2.55262297250312341E-006
 LTM d(wg2)/d(wg2)   0.0000000000000000     
 B before wg2 wg2 ==>    0.0000000000000000        0.0000000000000000     
 Q value wg2 wg2 ==>   3.07286077929626550E-005  2.68585909160881841E-006
 B after wg2 wg2 ==>  3.10485758906759720E-005  2.68585909160881841E-006
 LTM d(wg2)/d(wg2)   0.0000000000000000     
 B before wg2 wg2 ==>    0.0000000000000000        0.0000000000000000     
 Q value wg2 wg2 ==>   3.07286077929626550E-005  2.68585909160881841E-006
 B after wg2 wg2 ==>  3.10485758906759720E-005  2.68585909160881841E-006
 LTM d(wg2)/d(wg2)   0.0000000000000000     
 B before wg2 wg2 ==>    0.0000000000000000        0.0000000000000000     
 Q value wg2 wg2 ==>   2.99567439760672274E-005  2.55262296077550968E-006
 B after wg2 wg2 ==>  2.95083639962835194E-005  2.55262296077550968E-006
 LTM d(wg2)/d(wg2)   0.0000000000000000     
 B before wg2 wg2 ==>    0.0000000000000000        0.0000000000000000     
 Q value wg2 wg2 ==>   2.99567439760672274E-005  2.55262296077550968E-006
 B after wg2 wg2 ==>  2.95083639962835194E-005  2.55262296077550968E-006
 LTM d(wg2)/d(wg2)   0.0000000000000000     
 B before wg2 wg2 ==>    0.0000000000000000        0.0000000000000000     
 Q value wg2 wg2 ==>   2.97741698954513687E-005  2.52160339331755398E-006
 B after wg2 wg2 ==>  2.91497772791607756E-005  2.52160339331755398E-006
 LTM d(wg2)/d(wg2)   0.0000000000000000     
 B before wg2 wg2 ==>    0.0000000000000000        0.0000000000000000     
 Q value wg2 wg2 ==>   2.97741698954513687E-005  2.52160339331755398E-006
 B after wg2 wg2 ==>  2.91497772791607756E-005  2.52160339331755398E-006
 LTM d(wg2)/d(wg2)   0.0000000000000000     
 B before wg2 wg2 ==>    0.0000000000000000        0.0000000000000000     
 Q value wg2 wg2 ==>   2.97741698954513687E-005  2.52160339331755398E-006
 B after wg2 wg2 ==>  2.91497772791607756E-005  2.52160339331755398E-006
 LTM d(wg2)/d(wg2)   0.0000000000000000     
 B before wg2 wg2 ==>    0.0000000000000000        0.0000000000000000     
 Q value wg2 wg2 ==>   2.97741698954513687E-005  2.52160339331755398E-006
 B after wg2 wg2 ==>  2.91497772791607756E-005  2.52160339331755398E-006
 LTM d(wg2)/d(wg2)   0.0000000000000000     
 B before wg2 wg2 ==>    0.0000000000000000        0.0000000000000000     
 Q value wg2 wg2 ==>   2.97741698954513687E-005  2.52160339331755398E-006
 B after wg2 wg2 ==>  2.91497772791607756E-005  2.52160339331755398E-006
 LTM d(wg2)/d(wg2)   0.0000000000000000     
 B before wg2 wg2 ==>    0.0000000000000000        0.0000000000000000     
 Q value wg2 wg2 ==>   2.97741698954513687E-005  2.52160339331755398E-006
 B after wg2 wg2 ==>  2.91497772791607756E-005  2.52160339331755398E-006
 LTM d(wg2)/d(wg2)   0.0000000000000000     
 B before wg2 wg2 ==>    0.0000000000000000        0.0000000000000000     
 Q value wg2 wg2 ==>   2.97741698954513687E-005  2.52160339331755398E-006
 B after wg2 wg2 ==>  2.91497772791607756E-005  2.52160339331755398E-006
 LTM d(wg2)/d(wg2)   0.0000000000000000     
 B before wg2 wg2 ==>    0.0000000000000000        0.0000000000000000     
 Q value wg2 wg2 ==>   2.97741698954513687E-005  2.52160339331755398E-006
 B after wg2 wg2 ==>  2.91497772791607756E-005  2.52160339331755398E-006
 LTM d(wg2)/d(wg2)   0.0000000000000000     
 B before wg2 wg2 ==>    0.0000000000000000        0.0000000000000000     
 Q value wg2 wg2 ==>   2.97741698954513687E-005  2.52160339331755398E-006
 B after wg2 wg2 ==>  2.91497772791607756E-005  2.52160339331755398E-006
 LTM d(wg2)/d(wg2)   0.0000000000000000     
 B before wg2 wg2 ==>    0.0000000000000000        0.0000000000000000     
 Q value wg2 wg2 ==>   2.97741698954513687E-005  2.52160339331755398E-006
 B after wg2 wg2 ==>  2.91497772791607756E-005  2.52160339331755398E-006
 LTM d(wg2)/d(wg2)   0.0000000000000000     
 B before wg2 wg2 ==>    0.0000000000000000        0.0000000000000000     
 Q value wg2 wg2 ==>   2.97741698954513687E-005  2.52160339331755398E-006
 B after wg2 wg2 ==>  2.91497772791607756E-005  2.52160339331755398E-006
 LTM d(wg2)/d(wg2)   0.0000000000000000     
 B before wg2 wg2 ==>    0.0000000000000000        0.0000000000000000     
 Q value wg2 wg2 ==>   2.97741698954513687E-005  2.52160339331755398E-006
 B after wg2 wg2 ==>  2.91497772791607756E-005  2.52160339331755398E-006
 LTM d(wg2)/d(wg2)   0.0000000000000000     
 B before wg2 wg2 ==>    0.0000000000000000        0.0000000000000000     
 Q value wg2 wg2 ==>   2.86051263465708515E-005  2.32747592050711275E-006
 B after wg2 wg2 ==>  2.69056604560366904E-005  2.32747592050711275E-006
 LTM d(wg2)/d(wg2)   0.0000000000000000     
 B before wg2 wg2 ==>    0.0000000000000000        0.0000000000000000     
 Q value wg2 wg2 ==>   2.77337176582312260E-005  2.18783031508334000E-006
 B after wg2 wg2 ==>  2.52913549284886031E-005  2.18783031508334000E-006
 LTM d(wg2)/d(wg2)   0.0000000000000000     
 B before wg2 wg2 ==>    0.0000000000000000        0.0000000000000000     
 Q value wg2 wg2 ==>   2.77337176582312260E-005  2.18783031508334000E-006
 B after wg2 wg2 ==>  2.52913549284886031E-005  2.18783031508334000E-006
 LTM d(wg2)/d(wg2)   0.0000000000000000     
 B before wg2 wg2 ==>    0.0000000000000000        0.0000000000000000     
 Q value wg2 wg2 ==>   2.77337176582312260E-005  2.18783031508334000E-006
 B after wg2 wg2 ==>  2.52913549284886031E-005  2.18783031508334000E-006
 LTM d(wg2)/d(wg2)   0.0000000000000000     
 B before wg2 wg2 ==>    0.0000000000000000        0.0000000000000000     
 Q value wg2 wg2 ==>   2.77337176582312260E-005  2.18783031508334000E-006
 B after wg2 wg2 ==>  2.52913549284886031E-005  2.18783031508334000E-006
 LTM d(wg2)/d(wg2)   0.0000000000000000     
 B before wg2 wg2 ==>    0.0000000000000000        0.0000000000000000     
 Q value wg2 wg2 ==>   2.77337176582312260E-005  2.18783031508334000E-006
 B after wg2 wg2 ==>  2.52913549284886031E-005  2.18783031508334000E-006
 LTM d(wg2)/d(wg2)   0.0000000000000000     
 B before wg2 wg2 ==>    0.0000000000000000        0.0000000000000000     
 Q value wg2 wg2 ==>   2.77337176582312260E-005  2.18783031508334000E-006
 B after wg2 wg2 ==>  2.52913549284886031E-005  2.18783031508334000E-006
 LTM d(wg2)/d(wg2)   0.0000000000000000     
 B before wg2 wg2 ==>    0.0000000000000000        0.0000000000000000     
 Q value wg2 wg2 ==>   2.77337176582312260E-005  2.18783031508334000E-006
 B after wg2 wg2 ==>  2.52913549284886031E-005  2.18783031508334000E-006
 LTM d(wg2)/d(wg2)   0.0000000000000000     
 B before wg2 wg2 ==>    0.0000000000000000        0.0000000000000000     
 Q value wg2 wg2 ==>   2.77337176582312260E-005  2.18783031508334000E-006
 B after wg2 wg2 ==>  2.52913549284886031E-005  2.18783031508334000E-006
 LTM d(wg2)/d(wg2)   0.0000000000000000     
 B before wg2 wg2 ==>    0.0000000000000000        0.0000000000000000     
 Q value wg2 wg2 ==>   2.77337176582312260E-005  2.18783031508334000E-006
 B after wg2 wg2 ==>  2.52913549284886031E-005  2.18783031508334000E-006
 LTM d(wg2)/d(wg2)   0.0000000000000000     
 B before wg2 wg2 ==>    0.0000000000000000        0.0000000000000000     
 Q value wg2 wg2 ==>   2.84954954799046985E-005  2.30966972485765470E-006
 B after wg2 wg2 ==>  2.66998205373776437E-005  2.30966972485765470E-006
 LTM d(wg2)/d(wg2)   0.0000000000000000     
 B before wg2 wg2 ==>    0.0000000000000000        0.0000000000000000     
 Q value wg2 wg2 ==>   2.84954954799046985E-005  2.30966972485765470E-006
 B after wg2 wg2 ==>  2.66998205373776437E-005  2.30966972485765470E-006
 LTM d(wg2)/d(wg2)   0.0000000000000000     
 B before wg2 wg2 ==>    0.0000000000000000        0.0000000000000000     
 Q value wg2 wg2 ==>   2.84954954799046985E-005  2.30966972485765470E-006
 B after wg2 wg2 ==>  2.66998205373776437E-005  2.30966972485765470E-006
 LTM d(wg2)/d(wg2)   0.0000000000000000     
 B before wg2 wg2 ==>    0.0000000000000000        0.0000000000000000     
 Q value wg2 wg2 ==>   2.99567439760672274E-005  2.55262296077550968E-006
 B after wg2 wg2 ==>  2.95083639962835194E-005  2.55262296077550968E-006
 LTM d(wg2)/d(wg2)   0.0000000000000000     
 B before wg2 wg2 ==>    0.0000000000000000        0.0000000000000000     
 Q value wg2 wg2 ==>   3.07286077929626550E-005  2.68585909160881841E-006
 B after wg2 wg2 ==>  3.10485758906759720E-005  2.68585909160881841E-006
 LTM d(wg2)/d(wg2)   0.0000000000000000     
 B before wg2 wg2 ==>    0.0000000000000000        0.0000000000000000     
 Q value wg2 wg2 ==>   3.07286077929626550E-005  2.68585909160881841E-006
 B after wg2 wg2 ==>  3.10485758906759720E-005  2.68585909160881841E-006
 LTM d(wg2)/d(wg2)   0.0000000000000000     
 B before wg2 wg2 ==>    0.0000000000000000        0.0000000000000000     
 Q value wg2 wg2 ==>   3.07286077929626550E-005  2.68585909160881841E-006
 B after wg2 wg2 ==>  3.10485758906759720E-005  2.68585909160881841E-006
 LTM d(wg2)/d(wg2)   0.0000000000000000     
 B before wg2 wg2 ==>    0.0000000000000000        0.0000000000000000     
 Q value wg2 wg2 ==>   3.07286077929626550E-005  2.68585909160881841E-006
 B after wg2 wg2 ==>  3.10485758906759720E-005  2.68585909160881841E-006
 LTM d(wg2)/d(wg2)   0.0000000000000000     
 B before wg2 wg2 ==>    0.0000000000000000        0.0000000000000000     
 Q value wg2 wg2 ==>   3.07286077929626550E-005  2.68585909160881841E-006
 B after wg2 wg2 ==>  3.10485758906759720E-005  2.68585909160881841E-006
 LTM d(wg2)/d(wg2)   0.0000000000000000     
 B before wg2 wg2 ==>    0.0000000000000000        0.0000000000000000     
 Q value wg2 wg2 ==>   3.07286077929626550E-005  2.68585909160881841E-006
 B after wg2 wg2 ==>  3.10485758906759720E-005  2.68585909160881841E-006
 LTM d(wg2)/d(wg2)   0.0000000000000000     
 B before wg2 wg2 ==>    0.0000000000000000        0.0000000000000000     
 Q value wg2 wg2 ==>   3.04824799435852309E-005  2.64300539309817188E-006
 B after wg2 wg2 ==>  3.05531864212280540E-005  2.64300539309817188E-006
 LTM d(wg2)/d(wg2)   0.0000000000000000     
 B before wg2 wg2 ==>    0.0000000000000000        0.0000000000000000     
 Q value wg2 wg2 ==>   3.07286077929626550E-005  2.68585909160881841E-006
 B after wg2 wg2 ==>  3.10485758906759720E-005  2.68585909160881841E-006
 LTM d(wg2)/d(wg2)   0.0000000000000000     
 B before wg2 wg2 ==>    0.0000000000000000        0.0000000000000000     
 Q value wg2 wg2 ==>   3.07286077929626550E-005  2.68585909160881841E-006
 B after wg2 wg2 ==>  3.10485758906759720E-005  2.68585909160881841E-006
 LTM d(wg2)/d(wg2)   0.0000000000000000     
 B before wg2 wg2 ==>    0.0000000000000000        0.0000000000000000     
 Q value wg2 wg2 ==>   3.07286077929626550E-005  2.68585909160881841E-006
 B after wg2 wg2 ==>  3.10485758906759720E-005  2.68585909160881841E-006
 LTM d(wg2)/d(wg2)   0.0000000000000000     
 B before wg2 wg2 ==>    0.0000000000000000        0.0000000000000000     
 Q value wg2 wg2 ==>   3.07286077929626550E-005  2.68585909160881841E-006
 B after wg2 wg2 ==>  3.10485758906759720E-005  2.68585909160881841E-006
 LTM d(wg2)/d(wg2)   0.0000000000000000     
 B before wg2 wg2 ==>    0.0000000000000000        0.0000000000000000     
 Q value wg2 wg2 ==>   2.99567439760672274E-005  2.55262296077550968E-006
 B after wg2 wg2 ==>  2.95083639962835194E-005  2.55262296077550968E-006
 LTM d(wg2)/d(wg2)   0.0000000000000000     
 B before wg2 wg2 ==>    0.0000000000000000        0.0000000000000000     
 Q value wg2 wg2 ==>   2.98678499673674923E-005  2.53749606875925152E-006
 B after wg2 wg2 ==>  2.93334968723066133E-005  2.53749606875925152E-006
 LTM d(wg2)/d(wg2)   0.0000000000000000     
 B before wg2 wg2 ==>    0.0000000000000000        0.0000000000000000     
 Q value wg2 wg2 ==>   2.97741698954513687E-005  2.52160339331755398E-006
 B after wg2 wg2 ==>  2.91497772791607756E-005  2.52160339331755398E-006
 LTM d(wg2)/d(wg2)   0.0000000000000000     
 B before wg2 wg2 ==>    0.0000000000000000        0.0000000000000000     
 Q value wg2 wg2 ==>   2.97741698954513687E-005  2.52160339331755398E-006
 B after wg2 wg2 ==>  2.91497772791607756E-005  2.52160339331755398E-006
 LTM d(wg2)/d(wg2)   0.0000000000000000     
 B before wg2 wg2 ==>    0.0000000000000000        0.0000000000000000     
 Q value wg2 wg2 ==>   2.97741698954513687E-005  2.52160339331755398E-006
 B after wg2 wg2 ==>  2.91497772791607756E-005  2.52160339331755398E-006
 LTM d(wg2)/d(wg2)   0.0000000000000000     
 B before wg2 wg2 ==>    0.0000000000000000        0.0000000000000000     
 Q value wg2 wg2 ==>   2.97741698954513687E-005  2.52160339331755398E-006
 B after wg2 wg2 ==>  2.91497772791607756E-005  2.52160339331755398E-006
 LTM d(wg2)/d(wg2)   0.0000000000000000     
 B before wg2 wg2 ==>    0.0000000000000000        0.0000000000000000     
 Q value wg2 wg2 ==>   2.97741698954513687E-005  2.52160339331755398E-006
 B after wg2 wg2 ==>  2.91497772791607756E-005  2.52160339331755398E-006
 LTM d(wg2)/d(wg2)   0.0000000000000000     
 B before wg2 wg2 ==>    0.0000000000000000        0.0000000000000000     
 Q value wg2 wg2 ==>   2.97741698954513687E-005  2.52160339331755398E-006
 B after wg2 wg2 ==>  2.91497772791607756E-005  2.52160339331755398E-006
 LTM d(wg2)/d(wg2)   0.0000000000000000     
 B before wg2 wg2 ==>    0.0000000000000000        0.0000000000000000     
 Q value wg2 wg2 ==>   2.97741698954513687E-005  2.52160339331755398E-006
 B after wg2 wg2 ==>  2.91497772791607756E-005  2.52160339331755398E-006
 LTM d(wg2)/d(wg2)   0.0000000000000000     
 B before wg2 wg2 ==>    0.0000000000000000        0.0000000000000000     
 Q value wg2 wg2 ==>   2.97741698954513687E-005  2.52160339331755398E-006
 B after wg2 wg2 ==>  2.91497772791607756E-005  2.52160339331755398E-006
 LTM d(wg2)/d(wg2)   0.0000000000000000     
 B before wg2 wg2 ==>    0.0000000000000000        0.0000000000000000     
 Q value wg2 wg2 ==>   2.97741698954513687E-005  2.52160339331755398E-006
 B after wg2 wg2 ==>  2.91497772791607756E-005  2.52160339331755398E-006
 LTM d(wg2)/d(wg2)   0.0000000000000000     
 B before wg2 wg2 ==>    0.0000000000000000        0.0000000000000000     
 Q value wg2 wg2 ==>   2.97741698954513687E-005  2.52160339331755398E-006
 B after wg2 wg2 ==>  2.91497772791607756E-005  2.52160339331755398E-006
 LTM d(wg2)/d(wg2)   0.0000000000000000     
 B before wg2 wg2 ==>    0.0000000000000000        0.0000000000000000     
 Q value wg2 wg2 ==>   2.97741698954513687E-005  2.52160339331755398E-006
 B after wg2 wg2 ==>  2.91497772791607756E-005  2.52160339331755398E-006
 LTM d(wg2)/d(wg2)   0.0000000000000000     
 B before wg2 wg2 ==>    0.0000000000000000        0.0000000000000000     
 Q value wg2 wg2 ==>   2.97741698954513687E-005  2.52160339331755398E-006
 B after wg2 wg2 ==>  2.91497772791607756E-005  2.52160339331755398E-006
 LTM d(wg2)/d(wg2)   0.0000000000000000     
 B before wg2 wg2 ==>    0.0000000000000000        0.0000000000000000     
 Q value wg2 wg2 ==>   2.92645864363604198E-005  2.43602778820610943E-006
 B after wg2 wg2 ==>  2.81605218569406645E-005  2.43602778820610943E-006
 LTM d(wg2)/d(wg2)   0.0000000000000000     
 B before wg2 wg2 ==>    0.0000000000000000        0.0000000000000000     
 Q value wg2 wg2 ==>   2.77337176582312260E-005  2.18783031508334000E-006
 B after wg2 wg2 ==>  2.52913549284886031E-005  2.18783031508334000E-006
 LTM d(wg2)/d(wg2)   0.0000000000000000     
 B before wg2 wg2 ==>    0.0000000000000000        0.0000000000000000     
 Q value wg2 wg2 ==>   2.77337176582312260E-005  2.18783031508334000E-006
 B after wg2 wg2 ==>  2.52913549284886031E-005  2.18783031508334000E-006
 LTM d(wg2)/d(wg2)   0.0000000000000000     
 B before wg2 wg2 ==>    0.0000000000000000        0.0000000000000000     
 Q value wg2 wg2 ==>   2.77337176582312260E-005  2.18783031508334000E-006
 B after wg2 wg2 ==>  2.52913549284886031E-005  2.18783031508334000E-006
 LTM d(wg2)/d(wg2)   0.0000000000000000     
 B before wg2 wg2 ==>    0.0000000000000000        0.0000000000000000     
 Q value wg2 wg2 ==>   2.77337176582312260E-005  2.18783031508334000E-006
 B after wg2 wg2 ==>  2.52913549284886031E-005  2.18783031508334000E-006
 LTM d(wg2)/d(wg2)   0.0000000000000000     
 B before wg2 wg2 ==>    0.0000000000000000        0.0000000000000000     
 Q value wg2 wg2 ==>   2.77337176582312260E-005  2.18783031508334000E-006
 B after wg2 wg2 ==>  2.52913549284886031E-005  2.18783031508334000E-006
 LTM d(wg2)/d(wg2)   0.0000000000000000     
 B before wg2 wg2 ==>    0.0000000000000000        0.0000000000000000     
 Q value wg2 wg2 ==>   2.77337176582312260E-005  2.18783031508334000E-006
 B after wg2 wg2 ==>  2.52913549284886031E-005  2.18783031508334000E-006
 LTM d(wg2)/d(wg2)   0.0000000000000000     
 B before wg2 wg2 ==>    0.0000000000000000        0.0000000000000000     
 Q value wg2 wg2 ==>   2.77337176582312260E-005  2.18783031508334000E-006
 B after wg2 wg2 ==>  2.52913549284886031E-005  2.18783031508334000E-006
 LTM d(wg2)/d(wg2)   0.0000000000000000     
 B before wg2 wg2 ==>    0.0000000000000000        0.0000000000000000     
 Q value wg2 wg2 ==>   2.77337176582312260E-005  2.18783031508334000E-006
 B after wg2 wg2 ==>  2.52913549284886031E-005  2.18783031508334000E-006
 LTM d(wg2)/d(wg2)   0.0000000000000000     
 B before wg2 wg2 ==>    0.0000000000000000        0.0000000000000000     
 Q value wg2 wg2 ==>   2.77337176582312260E-005  2.18783031508334000E-006
 B after wg2 wg2 ==>  2.52913549284886031E-005  2.18783031508334000E-006
 LTM d(wg2)/d(wg2)   0.0000000000000000     
 B before wg2 wg2 ==>    0.0000000000000000        0.0000000000000000     
 Q value wg2 wg2 ==>   2.81386369527439368E-005  2.25218244141035141E-006
 B after wg2 wg2 ==>  2.60352665820198228E-005  2.25218244141035141E-006
 LTM d(wg2)/d(wg2)   0.0000000000000000     
 B before wg2 wg2 ==>    0.0000000000000000        0.0000000000000000     
 Q value wg2 wg2 ==>   2.84954954799046985E-005  2.30966972485765470E-006
 B after wg2 wg2 ==>  2.66998205373776437E-005  2.30966972485765470E-006
 LTM d(wg2)/d(wg2)   0.0000000000000000     
 B before wg2 wg2 ==>    0.0000000000000000        0.0000000000000000     
 Q value wg2 wg2 ==>   2.84954954799046985E-005  2.30966972485765470E-006
 B after wg2 wg2 ==>  2.66998205373776437E-005  2.30966972485765470E-006
 LTM d(wg2)/d(wg2)   0.0000000000000000     
 B before wg2 wg2 ==>    0.0000000000000000        0.0000000000000000     
 Q value wg2 wg2 ==>   2.84954954799046985E-005  2.30966972485765470E-006
 B after wg2 wg2 ==>  2.66998205373776437E-005  2.30966972485765470E-006
 LTM d(wg2)/d(wg2)   0.0000000000000000     
 B before wg2 wg2 ==>    0.0000000000000000        0.0000000000000000     
 Q value wg2 wg2 ==>   3.02694113475616320E-005  2.60618599346600623E-006
 B after wg2 wg2 ==>  3.01275535474484975E-005  2.60618599346600623E-006
 LTM d(wg2)/d(wg2)   0.0000000000000000     
 B before wg2 wg2 ==>    0.0000000000000000        0.0000000000000000     
 Q value wg2 wg2 ==>   3.07286077929626550E-005  2.68585909160881841E-006
 B after wg2 wg2 ==>  3.10485758906759720E-005  2.68585909160881841E-006
 LTM d(wg2)/d(wg2)   0.0000000000000000     
 B before wg2 wg2 ==>    0.0000000000000000        0.0000000000000000     
 Q value wg2 wg2 ==>   3.07286077929626550E-005  2.68585909160881841E-006
 B after wg2 wg2 ==>  3.10485758906759720E-005  2.68585909160881841E-006
 LTM d(wg2)/d(wg2)   0.0000000000000000     
 B before wg2 wg2 ==>    0.0000000000000000        0.0000000000000000     
 Q value wg2 wg2 ==>   3.07286077929626550E-005  2.68585909160881841E-006
 B after wg2 wg2 ==>  3.10485758906759720E-005  2.68585909160881841E-006
 LTM d(wg2)/d(wg2)   0.0000000000000000     
 B before wg2 wg2 ==>    0.0000000000000000        0.0000000000000000     
 Q value wg2 wg2 ==>   3.07286077929626550E-005  2.68585909160881841E-006
 B after wg2 wg2 ==>  3.10485758906759720E-005  2.68585909160881841E-006
 LTM d(wg2)/d(wg2)   0.0000000000000000     
 B before wg2 wg2 ==>    0.0000000000000000        0.0000000000000000     
 Q value wg2 wg2 ==>   3.07286077929626550E-005  2.68585909160881841E-006
 B after wg2 wg2 ==>  3.10485758906759720E-005  2.68585909160881841E-006
 LTM d(wg2)/d(wg2)   0.0000000000000000     
 B before wg2 wg2 ==>    0.0000000000000000        0.0000000000000000     
 Q value wg2 wg2 ==>   3.07286077929626617E-005  2.68585909160882010E-006
 B after wg2 wg2 ==>  3.10485758906759923E-005  2.68585909160882010E-006
 LTM d(wg2)/d(wg2)   0.0000000000000000     
 B before wg2 wg2 ==>    0.0000000000000000        0.0000000000000000     
 Q value wg2 wg2 ==>   3.07286077929626550E-005  2.68585909160881841E-006
 B after wg2 wg2 ==>  3.10485758906759720E-005  2.68585909160881841E-006
 LTM d(wg2)/d(wg2)   0.0000000000000000     
 B before wg2 wg2 ==>    0.0000000000000000        0.0000000000000000     
 Q value wg2 wg2 ==>   3.07286077929626550E-005  2.68585909160881841E-006
 B after wg2 wg2 ==>  3.10485758906759720E-005  2.68585909160881841E-006
 LTM d(wg2)/d(wg2)   0.0000000000000000     
 B before wg2 wg2 ==>    0.0000000000000000        0.0000000000000000     
 Q value wg2 wg2 ==>   3.07286077929626550E-005  2.68585909160881841E-006
 B after wg2 wg2 ==>  3.10485758906759720E-005  2.68585909160881841E-006
 LTM d(wg2)/d(wg2)   0.0000000000000000     
 B before wg2 wg2 ==>    0.0000000000000000        0.0000000000000000     
 Q value wg2 wg2 ==>   3.07286077929626550E-005  2.68585909160881841E-006
 B after wg2 wg2 ==>  3.10485758906759720E-005  2.68585909160881841E-006
 LTM d(wg2)/d(wg2)   0.0000000000000000     
 B before wg2 wg2 ==>    0.0000000000000000        0.0000000000000000     
 Q value wg2 wg2 ==>   2.99567439760672274E-005  2.55262296077550968E-006
 B after wg2 wg2 ==>  2.95083639962835194E-005  2.55262296077550968E-006
 LTM d(wg2)/d(wg2)   0.0000000000000000     
 B before wg2 wg2 ==>    0.0000000000000000        0.0000000000000000     
 Q value wg2 wg2 ==>   2.97741698954513687E-005  2.52160339331755398E-006
 B after wg2 wg2 ==>  2.91497772791607756E-005  2.52160339331755398E-006
 LTM d(wg2)/d(wg2)   0.0000000000000000     
 B before wg2 wg2 ==>    0.0000000000000000        0.0000000000000000     
 Q value wg2 wg2 ==>   2.97741698954513687E-005  2.52160339331755398E-006
 B after wg2 wg2 ==>  2.91497772791607756E-005  2.52160339331755398E-006
 LTM d(wg2)/d(wg2)   0.0000000000000000     
 B before wg2 wg2 ==>    0.0000000000000000        0.0000000000000000     
 Q value wg2 wg2 ==>   2.97741698954513687E-005  2.52160339331755398E-006
 B after wg2 wg2 ==>  2.91497772791607756E-005  2.52160339331755398E-006
 LTM d(wg2)/d(wg2)   0.0000000000000000     
 B before wg2 wg2 ==>    0.0000000000000000        0.0000000000000000     
 Q value wg2 wg2 ==>   2.97741698954513687E-005  2.52160339331755398E-006
 B after wg2 wg2 ==>  2.91497772791607756E-005  2.52160339331755398E-006
 LTM d(wg2)/d(wg2)   0.0000000000000000     
 B before wg2 wg2 ==>    0.0000000000000000        0.0000000000000000     
 Q value wg2 wg2 ==>   2.97741698954513687E-005  2.52160339331755398E-006
 B after wg2 wg2 ==>  2.91497772791607756E-005  2.52160339331755398E-006
 LTM d(wg2)/d(wg2)   0.0000000000000000     
 B before wg2 wg2 ==>    0.0000000000000000        0.0000000000000000     
 Q value wg2 wg2 ==>   2.97741698954513687E-005  2.52160339331755398E-006
 B after wg2 wg2 ==>  2.91497772791607756E-005  2.52160339331755398E-006
 LTM d(wg2)/d(wg2)   0.0000000000000000     
 B before wg2 wg2 ==>    0.0000000000000000        0.0000000000000000     
 Q value wg2 wg2 ==>   2.97741698954513687E-005  2.52160339331755398E-006
 B after wg2 wg2 ==>  2.91497772791607756E-005  2.52160339331755398E-006
 LTM d(wg2)/d(wg2)   0.0000000000000000     
 B before wg2 wg2 ==>    0.0000000000000000        0.0000000000000000     
 Q value wg2 wg2 ==>   2.97741698954513687E-005  2.52160339331755398E-006
 B after wg2 wg2 ==>  2.91497772791607756E-005  2.52160339331755398E-006
 LTM d(wg2)/d(wg2)   0.0000000000000000     
 B before wg2 wg2 ==>    0.0000000000000000        0.0000000000000000     
 Q value wg2 wg2 ==>   2.97741698954513687E-005  2.52160339331755398E-006
 B after wg2 wg2 ==>  2.91497772791607756E-005  2.52160339331755398E-006
 LTM d(wg2)/d(wg2)   0.0000000000000000     
 B before wg2 wg2 ==>    0.0000000000000000        0.0000000000000000     
 Q value wg2 wg2 ==>   2.97741698954513687E-005  2.52160339331755398E-006
 B after wg2 wg2 ==>  2.91497772791607756E-005  2.52160339331755398E-006
 LTM d(wg2)/d(wg2)   0.0000000000000000     
 B before wg2 wg2 ==>    0.0000000000000000        0.0000000000000000     
 Q value wg2 wg2 ==>   2.97741698954513687E-005  2.52160339331755398E-006
 B after wg2 wg2 ==>  2.91497772791607756E-005  2.52160339331755398E-006
 LTM d(wg2)/d(wg2)   0.0000000000000000     
 B before wg2 wg2 ==>    0.0000000000000000        0.0000000000000000     
 Q value wg2 wg2 ==>   2.97741698954513687E-005  2.52160339331755398E-006
 B after wg2 wg2 ==>  2.91497772791607756E-005  2.52160339331755398E-006
 LTM d(wg2)/d(wg2)   0.0000000000000000     
 B before wg2 wg2 ==>    0.0000000000000000        0.0000000000000000     
 Q value wg2 wg2 ==>   2.97741698954513687E-005  2.52160339331755398E-006
 B after wg2 wg2 ==>  2.91497772791607756E-005  2.52160339331755398E-006
 LTM d(wg2)/d(wg2)   0.0000000000000000     
 B before wg2 wg2 ==>    0.0000000000000000        0.0000000000000000     
 Q value wg2 wg2 ==>   2.97741698954513687E-005  2.52160339331755398E-006
 B after wg2 wg2 ==>  2.91497772791607756E-005  2.52160339331755398E-006
 LTM d(wg2)/d(wg2)   0.0000000000000000     
 B before wg2 wg2 ==>    0.0000000000000000        0.0000000000000000     
 Q value wg2 wg2 ==>   2.77337176582312260E-005  2.18783031508334000E-006
 B after wg2 wg2 ==>  2.52913549284886031E-005  2.18783031508334000E-006
 LTM d(wg2)/d(wg2)   0.0000000000000000     
 B before wg2 wg2 ==>    0.0000000000000000        0.0000000000000000     
 Q value wg2 wg2 ==>   2.77337176582312260E-005  2.18783031508334000E-006
 B after wg2 wg2 ==>  2.52913549284886031E-005  2.18783031508334000E-006
 LTM d(wg2)/d(wg2)   0.0000000000000000     
 B before wg2 wg2 ==>    0.0000000000000000        0.0000000000000000     
 Q value wg2 wg2 ==>   2.77337176582312260E-005  2.18783031508334000E-006
 B after wg2 wg2 ==>  2.52913549284886031E-005  2.18783031508334000E-006
 LTM d(wg2)/d(wg2)   0.0000000000000000     
 B before wg2 wg2 ==>    0.0000000000000000        0.0000000000000000     
 Q value wg2 wg2 ==>   2.77337176582312260E-005  2.18783031508334000E-006
 B after wg2 wg2 ==>  2.52913549284886031E-005  2.18783031508334000E-006
 LTM d(wg2)/d(wg2)   0.0000000000000000     
 B before wg2 wg2 ==>    0.0000000000000000        0.0000000000000000     
 Q value wg2 wg2 ==>   2.77337176582312260E-005  2.18783031508334000E-006
 B after wg2 wg2 ==>  2.52913549284886031E-005  2.18783031508334000E-006
 LTM d(wg2)/d(wg2)   0.0000000000000000     
 B before wg2 wg2 ==>    0.0000000000000000        0.0000000000000000     
 Q value wg2 wg2 ==>   2.77337176582312260E-005  2.18783031508334000E-006
 B after wg2 wg2 ==>  2.52913549284886031E-005  2.18783031508334000E-006
 LTM d(wg2)/d(wg2)   0.0000000000000000     
 B before wg2 wg2 ==>    0.0000000000000000        0.0000000000000000     
 Q value wg2 wg2 ==>   2.77337176582312260E-005  2.18783031508334000E-006
 B after wg2 wg2 ==>  2.52913549284886031E-005  2.18783031508334000E-006
 LTM d(wg2)/d(wg2)   0.0000000000000000     
 B before wg2 wg2 ==>    0.0000000000000000        0.0000000000000000     
 Q value wg2 wg2 ==>   2.77337176582312260E-005  2.18783031508334000E-006
 B after wg2 wg2 ==>  2.52913549284886031E-005  2.18783031508334000E-006
 LTM d(wg2)/d(wg2)   0.0000000000000000     
 B before wg2 wg2 ==>    0.0000000000000000        0.0000000000000000     
 Q value wg2 wg2 ==>   2.77337176582312260E-005  2.18783031508334000E-006
 B after wg2 wg2 ==>  2.52913549284886031E-005  2.18783031508334000E-006
 LTM d(wg2)/d(wg2)   0.0000000000000000     
 B before wg2 wg2 ==>    0.0000000000000000        0.0000000000000000     
 Q value wg2 wg2 ==>   2.77337176582312260E-005  2.18783031508334000E-006
 B after wg2 wg2 ==>  2.52913549284886031E-005  2.18783031508334000E-006
 LTM d(wg2)/d(wg2)   0.0000000000000000     
 B before wg2 wg2 ==>    0.0000000000000000        0.0000000000000000     
 Q value wg2 wg2 ==>   2.84954954799046985E-005  2.30966972485765470E-006
 B after wg2 wg2 ==>  2.66998205373776437E-005  2.30966972485765470E-006
 LTM d(wg2)/d(wg2)   0.0000000000000000     
 B before wg2 wg2 ==>    0.0000000000000000        0.0000000000000000     
 Q value wg2 wg2 ==>   2.84954954799046985E-005  2.30966972485765470E-006
 B after wg2 wg2 ==>  2.66998205373776437E-005  2.30966972485765470E-006
 LTM d(wg2)/d(wg2)   0.0000000000000000     
 B before wg2 wg2 ==>    0.0000000000000000        0.0000000000000000     
 Q value wg2 wg2 ==>   2.84954954799046985E-005  2.30966972485765470E-006
 B after wg2 wg2 ==>  2.66998205373776437E-005  2.30966972485765470E-006
 LTM d(wg2)/d(wg2)   0.0000000000000000     
 B before wg2 wg2 ==>    0.0000000000000000        0.0000000000000000     
 Q value wg2 wg2 ==>   2.84954954799046985E-005  2.30966972485765470E-006
 B after wg2 wg2 ==>  2.66998205373776437E-005  2.30966972485765470E-006
 LTM d(wg2)/d(wg2)   0.0000000000000000     
 B before wg2 wg2 ==>    0.0000000000000000        0.0000000000000000     
 Q value wg2 wg2 ==>   3.07286077929626550E-005  2.68585909160881841E-006
 B after wg2 wg2 ==>  3.10485758906759720E-005  2.68585909160881841E-006
 LTM d(wg2)/d(wg2)   0.0000000000000000     
 B before wg2 wg2 ==>    0.0000000000000000        0.0000000000000000     
 Q value wg2 wg2 ==>   3.07286077929626550E-005  2.68585909160881841E-006
 B after wg2 wg2 ==>  3.10485758906759720E-005  2.68585909160881841E-006
 LTM d(wg2)/d(wg2)   0.0000000000000000     
 B before wg2 wg2 ==>    0.0000000000000000        0.0000000000000000     
 Q value wg2 wg2 ==>   3.07286077929626550E-005  2.68585909160881841E-006
 B after wg2 wg2 ==>  3.10485758906759720E-005  2.68585909160881841E-006
 LTM d(wg2)/d(wg2)   0.0000000000000000     
 B before wg2 wg2 ==>    0.0000000000000000        0.0000000000000000     
 Q value wg2 wg2 ==>   3.07286077929626550E-005  2.68585909160881841E-006
 B after wg2 wg2 ==>  3.10485758906759720E-005  2.68585909160881841E-006
 LTM d(wg2)/d(wg2)   0.0000000000000000     
 B before wg2 wg2 ==>    0.0000000000000000        0.0000000000000000     
 Q value wg2 wg2 ==>   3.07286077929626550E-005  2.68585909160881841E-006
 B after wg2 wg2 ==>  3.10485758906759720E-005  2.68585909160881841E-006
 LTM d(wg2)/d(wg2)   0.0000000000000000     
 B before wg2 wg2 ==>    0.0000000000000000        0.0000000000000000     
 Q value wg2 wg2 ==>   3.07286077929626550E-005  2.68585909160881841E-006
 B after wg2 wg2 ==>  3.10485758906759720E-005  2.68585909160881841E-006
 LTM d(wg2)/d(wg2)   0.0000000000000000     
 B before wg2 wg2 ==>    0.0000000000000000        0.0000000000000000     
 Q value wg2 wg2 ==>   3.07286077929626550E-005  2.68585909160881841E-006
 B after wg2 wg2 ==>  3.10485758906759720E-005  2.68585909160881841E-006
 LTM d(wg2)/d(wg2)   0.0000000000000000     
 B before wg2 wg2 ==>    0.0000000000000000        0.0000000000000000     
 Q value wg2 wg2 ==>   3.07286077929626550E-005  2.68585909160881841E-006
 B after wg2 wg2 ==>  3.10485758906759720E-005  2.68585909160881841E-006
 LTM d(wg2)/d(wg2)   0.0000000000000000     
 B before wg2 wg2 ==>    0.0000000000000000        0.0000000000000000     
 Q value wg2 wg2 ==>   3.07286077929626550E-005  2.68585909160881841E-006
 B after wg2 wg2 ==>  3.10485758906759720E-005  2.68585909160881841E-006
 LTM d(wg2)/d(wg2)   0.0000000000000000     
 B before wg2 wg2 ==>    0.0000000000000000        0.0000000000000000     
 Q value wg2 wg2 ==>   3.07286077929626550E-005  2.68585909160881841E-006
 B after wg2 wg2 ==>  3.10485758906759720E-005  2.68585909160881841E-006
 LTM d(wg2)/d(wg2)   0.0000000000000000     
 B before wg2 wg2 ==>    0.0000000000000000        0.0000000000000000     
 Q value wg2 wg2 ==>   2.98979996809707739E-005  2.54262153933746757E-006
 B after wg2 wg2 ==>  2.93927473976675142E-005  2.54262153933746757E-006
 LTM d(wg2)/d(wg2)   0.0000000000000000     
 B before wg2 wg2 ==>    0.0000000000000000        0.0000000000000000     
 Q value wg2 wg2 ==>   2.97741698954513687E-005  2.52160339331755398E-006
 B after wg2 wg2 ==>  2.91497772791607756E-005  2.52160339331755398E-006
 LTM d(wg2)/d(wg2)   0.0000000000000000     
 B before wg2 wg2 ==>    0.0000000000000000        0.0000000000000000     
 Q value wg2 wg2 ==>   2.97741698954513687E-005  2.52160339331755398E-006
 B after wg2 wg2 ==>  2.91497772791607756E-005  2.52160339331755398E-006
 LTM d(wg2)/d(wg2)   0.0000000000000000     
 B before wg2 wg2 ==>    0.0000000000000000        0.0000000000000000     
 Q value wg2 wg2 ==>   2.97741698954513687E-005  2.52160339331755398E-006
 B after wg2 wg2 ==>  2.91497772791607756E-005  2.52160339331755398E-006
 LTM d(wg2)/d(wg2)   0.0000000000000000     
 B before wg2 wg2 ==>    0.0000000000000000        0.0000000000000000     
 Q value wg2 wg2 ==>   2.97741698954513687E-005  2.52160339331755398E-006
 B after wg2 wg2 ==>  2.91497772791607756E-005  2.52160339331755398E-006
 LTM d(wg2)/d(wg2)   0.0000000000000000     
 B before wg2 wg2 ==>    0.0000000000000000        0.0000000000000000     
 Q value wg2 wg2 ==>   2.97741698954513687E-005  2.52160339331755398E-006
 B after wg2 wg2 ==>  2.91497772791607756E-005  2.52160339331755398E-006
 LTM d(wg2)/d(wg2)   0.0000000000000000     
 B before wg2 wg2 ==>    0.0000000000000000        0.0000000000000000     
 Q value wg2 wg2 ==>   2.97741698954513687E-005  2.52160339331755398E-006
 B after wg2 wg2 ==>  2.91497772791607756E-005  2.52160339331755398E-006
 LTM d(wg2)/d(wg2)   0.0000000000000000     
 B before wg2 wg2 ==>    0.0000000000000000        0.0000000000000000     
 Q value wg2 wg2 ==>   2.97741698954513687E-005  2.52160339331755398E-006
 B after wg2 wg2 ==>  2.91497772791607756E-005  2.52160339331755398E-006
 LTM d(wg2)/d(wg2)   0.0000000000000000     
 B before wg2 wg2 ==>    0.0000000000000000        0.0000000000000000     
 Q value wg2 wg2 ==>   2.97741698954513687E-005  2.52160339331755398E-006
 B after wg2 wg2 ==>  2.91497772791607756E-005  2.52160339331755398E-006
 LTM d(wg2)/d(wg2)   0.0000000000000000     
 B before wg2 wg2 ==>    0.0000000000000000        0.0000000000000000     
 Q value wg2 wg2 ==>   2.97741698954513687E-005  2.52160339331755398E-006
 B after wg2 wg2 ==>  2.91497772791607756E-005  2.52160339331755398E-006
 LTM d(wg2)/d(wg2)   0.0000000000000000     
 B before wg2 wg2 ==>    0.0000000000000000        0.0000000000000000     
 Q value wg2 wg2 ==>   2.97741698954513687E-005  2.52160339331755398E-006
 B after wg2 wg2 ==>  2.91497772791607756E-005  2.52160339331755398E-006
 LTM d(wg2)/d(wg2)   0.0000000000000000     
 B before wg2 wg2 ==>    0.0000000000000000        0.0000000000000000     
 Q value wg2 wg2 ==>   2.97741698954513687E-005  2.52160339331755398E-006
 B after wg2 wg2 ==>  2.91497772791607756E-005  2.52160339331755398E-006
 LTM d(wg2)/d(wg2)   0.0000000000000000     
 B before wg2 wg2 ==>    0.0000000000000000        0.0000000000000000     
 Q value wg2 wg2 ==>   2.97741698954513687E-005  2.52160339331755398E-006
 B after wg2 wg2 ==>  2.91497772791607756E-005  2.52160339331755398E-006
 LTM d(wg2)/d(wg2)   0.0000000000000000     
 B before wg2 wg2 ==>    0.0000000000000000        0.0000000000000000     
 Q value wg2 wg2 ==>   2.97741698954513687E-005  2.52160339331755398E-006
 B after wg2 wg2 ==>  2.91497772791607756E-005  2.52160339331755398E-006
 LTM d(wg2)/d(wg2)   0.0000000000000000     
 B before wg2 wg2 ==>    0.0000000000000000        0.0000000000000000     
 Q value wg2 wg2 ==>   2.97741698954513687E-005  2.52160339331755398E-006
 B after wg2 wg2 ==>  2.91497772791607756E-005  2.52160339331755398E-006
 LTM d(wg2)/d(wg2)   0.0000000000000000     
 B before wg2 wg2 ==>    0.0000000000000000        0.0000000000000000     
 Q value wg2 wg2 ==>   2.77337176582312260E-005  2.18783031508334000E-006
 B after wg2 wg2 ==>  2.52913549284886031E-005  2.18783031508334000E-006
 LTM d(wg2)/d(wg2)   0.0000000000000000     
 B before wg2 wg2 ==>    0.0000000000000000        0.0000000000000000     
 Q value wg2 wg2 ==>   2.77337176582312260E-005  2.18783031508334000E-006
 B after wg2 wg2 ==>  2.52913549284886031E-005  2.18783031508334000E-006
 LTM d(wg2)/d(wg2)   0.0000000000000000     
 B before wg2 wg2 ==>    0.0000000000000000        0.0000000000000000     
 Q value wg2 wg2 ==>   2.77337176582312260E-005  2.18783031508334000E-006
 B after wg2 wg2 ==>  2.52913549284886031E-005  2.18783031508334000E-006
 LTM d(wg2)/d(wg2)   0.0000000000000000     
 B before wg2 wg2 ==>    0.0000000000000000        0.0000000000000000     
 Q value wg2 wg2 ==>   2.77337176582312260E-005  2.18783031508334000E-006
 B after wg2 wg2 ==>  2.52913549284886031E-005  2.18783031508334000E-006
 LTM d(wg2)/d(wg2)   0.0000000000000000     
 B before wg2 wg2 ==>    0.0000000000000000        0.0000000000000000     
 Q value wg2 wg2 ==>   2.77337176582312260E-005  2.18783031508334000E-006
 B after wg2 wg2 ==>  2.52913549284886031E-005  2.18783031508334000E-006
 LTM d(wg2)/d(wg2)   0.0000000000000000     
 B before wg2 wg2 ==>    0.0000000000000000        0.0000000000000000     
 Q value wg2 wg2 ==>   2.77337176582312260E-005  2.18783031508334000E-006
 B after wg2 wg2 ==>  2.52913549284886031E-005  2.18783031508334000E-006
 LTM d(wg2)/d(wg2)   0.0000000000000000     
 B before wg2 wg2 ==>    0.0000000000000000        0.0000000000000000     
 Q value wg2 wg2 ==>   2.77337176582312260E-005  2.18783031508334000E-006
 B after wg2 wg2 ==>  2.52913549284886031E-005  2.18783031508334000E-006
 LTM d(wg2)/d(wg2)   0.0000000000000000     
 B before wg2 wg2 ==>    0.0000000000000000        0.0000000000000000     
 Q value wg2 wg2 ==>   2.77337176582312260E-005  2.18783031508334000E-006
 B after wg2 wg2 ==>  2.52913549284886031E-005  2.18783031508334000E-006
 LTM d(wg2)/d(wg2)   0.0000000000000000     
 B before wg2 wg2 ==>    0.0000000000000000        0.0000000000000000     
 Q value wg2 wg2 ==>   2.77337176582312260E-005  2.18783031508334000E-006
 B after wg2 wg2 ==>  2.52913549284886031E-005  2.18783031508334000E-006
 LTM d(wg2)/d(wg2)   0.0000000000000000     
 B before wg2 wg2 ==>    0.0000000000000000        0.0000000000000000     
 Q value wg2 wg2 ==>   2.77337176582312260E-005  2.18783031508334000E-006
 B after wg2 wg2 ==>  2.52913549284886031E-005  2.18783031508334000E-006
 LTM d(wg2)/d(wg2)   0.0000000000000000     
 B before wg2 wg2 ==>    0.0000000000000000        0.0000000000000000     
 Q value wg2 wg2 ==>   2.81386369527439368E-005  2.25218244141035141E-006
 B after wg2 wg2 ==>  2.60352665820198228E-005  2.25218244141035141E-006
 LTM d(wg2)/d(wg2)   0.0000000000000000     
 B before wg2 wg2 ==>    0.0000000000000000        0.0000000000000000     
 Q value wg2 wg2 ==>   2.87105044648049116E-005  2.34465583395152415E-006
 B after wg2 wg2 ==>  2.71042605419609815E-005  2.34465583395152415E-006
 LTM d(wg2)/d(wg2)   0.0000000000000000     
 B before wg2 wg2 ==>    0.0000000000000000        0.0000000000000000     
 Q value wg2 wg2 ==>   2.88118473410588964E-005  2.36123746760386208E-006
 B after wg2 wg2 ==>  2.72959445035114792E-005  2.36123746760386208E-006
 LTM d(wg2)/d(wg2)   0.0000000000000000     
 B before wg2 wg2 ==>    0.0000000000000000        0.0000000000000000     
 Q value wg2 wg2 ==>   2.90936028119118281E-005  2.40764508324205215E-006
 B after wg2 wg2 ==>  2.78324173142219536E-005  2.40764508324205215E-006
 LTM d(wg2)/d(wg2)   0.0000000000000000     
 B before wg2 wg2 ==>    0.0000000000000000        0.0000000000000000     
 Q value wg2 wg2 ==>   2.96754184767961874E-005  2.50490442459868871E-006
 B after wg2 wg2 ==>  2.89567369222844404E-005  2.50490442459868871E-006
 LTM d(wg2)/d(wg2)   0.0000000000000000     
 B before wg2 wg2 ==>    0.0000000000000000        0.0000000000000000     
 Q value wg2 wg2 ==>   3.07286077929626550E-005  2.68585909160881841E-006
 B after wg2 wg2 ==>  3.10485758906759720E-005  2.68585909160881841E-006
 LTM d(wg2)/d(wg2)   0.0000000000000000     
 B before wg2 wg2 ==>    0.0000000000000000        0.0000000000000000     
 Q value wg2 wg2 ==>   3.07286077929626550E-005  2.68585909160881841E-006
 B after wg2 wg2 ==>  3.10485758906759720E-005  2.68585909160881841E-006
 LTM d(wg2)/d(wg2)   0.0000000000000000     
 B before wg2 wg2 ==>    0.0000000000000000        0.0000000000000000     
 Q value wg2 wg2 ==>   3.07286077929626550E-005  2.68585909160881841E-006
 B after wg2 wg2 ==>  3.10485758906759720E-005  2.68585909160881841E-006
 LTM d(wg2)/d(wg2)   0.0000000000000000     
 B before wg2 wg2 ==>    0.0000000000000000        0.0000000000000000     
 Q value wg2 wg2 ==>   3.07286077929626550E-005  2.68585909160881841E-006
 B after wg2 wg2 ==>  3.10485758906759720E-005  2.68585909160881841E-006
 LTM d(wg2)/d(wg2)   0.0000000000000000     
 B before wg2 wg2 ==>    0.0000000000000000        0.0000000000000000     
 Q value wg2 wg2 ==>   3.07286077929626550E-005  2.68585909160881841E-006
 B after wg2 wg2 ==>  3.10485758906759720E-005  2.68585909160881841E-006
 LTM d(wg2)/d(wg2)   0.0000000000000000     
 B before wg2 wg2 ==>    0.0000000000000000        0.0000000000000000     
 Q value wg2 wg2 ==>   3.07286077929626550E-005  2.68585909160881841E-006
 B after wg2 wg2 ==>  3.10485758906759720E-005  2.68585909160881841E-006
 LTM d(wg2)/d(wg2)   0.0000000000000000     
 B before wg2 wg2 ==>    0.0000000000000000        0.0000000000000000     
 Q value wg2 wg2 ==>   3.07286077929626550E-005  2.68585909160881841E-006
 B after wg2 wg2 ==>  3.10485758906759720E-005  2.68585909160881841E-006
 LTM d(wg2)/d(wg2)   0.0000000000000000     
 B before wg2 wg2 ==>    0.0000000000000000        0.0000000000000000     
 Q value wg2 wg2 ==>   3.07286077929626550E-005  2.68585909160881841E-006
 B after wg2 wg2 ==>  3.10485758906759720E-005  2.68585909160881841E-006
 LTM d(wg2)/d(wg2)   0.0000000000000000     
 B before wg2 wg2 ==>    0.0000000000000000        0.0000000000000000     
 Q value wg2 wg2 ==>   3.07286077929626550E-005  2.68585909160881841E-006
 B after wg2 wg2 ==>  3.10485758906759720E-005  2.68585909160881841E-006
 LTM d(wg2)/d(wg2)   0.0000000000000000     
 B before wg2 wg2 ==>    0.0000000000000000        0.0000000000000000     
 Q value wg2 wg2 ==>   2.97741698954513687E-005  2.52160339331755398E-006
 B after wg2 wg2 ==>  2.91497772791607756E-005  2.52160339331755398E-006
 LTM d(wg2)/d(wg2)   0.0000000000000000     
 B before wg2 wg2 ==>    0.0000000000000000        0.0000000000000000     
 Q value wg2 wg2 ==>   2.97741698954513687E-005  2.52160339331755398E-006
 B after wg2 wg2 ==>  2.91497772791607756E-005  2.52160339331755398E-006
 LTM d(wg2)/d(wg2)   0.0000000000000000     
 B before wg2 wg2 ==>    0.0000000000000000        0.0000000000000000     
 Q value wg2 wg2 ==>   2.97741698954513687E-005  2.52160339331755398E-006
 B after wg2 wg2 ==>  2.91497772791607756E-005  2.52160339331755398E-006
 LTM d(wg2)/d(wg2)   0.0000000000000000     
 B before wg2 wg2 ==>    0.0000000000000000        0.0000000000000000     
 Q value wg2 wg2 ==>   2.97741698954513687E-005  2.52160339331755398E-006
 B after wg2 wg2 ==>  2.91497772791607756E-005  2.52160339331755398E-006
 LTM d(wg2)/d(wg2)   0.0000000000000000     
 B before wg2 wg2 ==>    0.0000000000000000        0.0000000000000000     
 Q value wg2 wg2 ==>   2.97741698954513687E-005  2.52160339331755398E-006
 B after wg2 wg2 ==>  2.91497772791607756E-005  2.52160339331755398E-006
 LTM d(wg2)/d(wg2)   0.0000000000000000     
 B before wg2 wg2 ==>    0.0000000000000000        0.0000000000000000     
 Q value wg2 wg2 ==>   2.97741698954513687E-005  2.52160339331755398E-006
 B after wg2 wg2 ==>  2.91497772791607756E-005  2.52160339331755398E-006
 LTM d(wg2)/d(wg2)   0.0000000000000000     
 B before wg2 wg2 ==>    0.0000000000000000        0.0000000000000000     
 Q value wg2 wg2 ==>   2.97741698954513687E-005  2.52160339331755398E-006
 B after wg2 wg2 ==>  2.91497772791607756E-005  2.52160339331755398E-006
 LTM d(wg2)/d(wg2)   0.0000000000000000     
 B before wg2 wg2 ==>    0.0000000000000000        0.0000000000000000     
 Q value wg2 wg2 ==>   2.97741698954513687E-005  2.52160339331755398E-006
 B after wg2 wg2 ==>  2.91497772791607756E-005  2.52160339331755398E-006
 LTM d(wg2)/d(wg2)   0.0000000000000000     
 B before wg2 wg2 ==>    0.0000000000000000        0.0000000000000000     
 Q value wg2 wg2 ==>   2.97741698954513687E-005  2.52160339331755398E-006
 B after wg2 wg2 ==>  2.91497772791607756E-005  2.52160339331755398E-006
 LTM d(wg2)/d(wg2)   0.0000000000000000     
 B before wg2 wg2 ==>    0.0000000000000000        0.0000000000000000     
 Q value wg2 wg2 ==>   2.97741698954513687E-005  2.52160339331755398E-006
 B after wg2 wg2 ==>  2.91497772791607756E-005  2.52160339331755398E-006
 LTM d(wg2)/d(wg2)   0.0000000000000000     
 B before wg2 wg2 ==>    0.0000000000000000        0.0000000000000000     
 Q value wg2 wg2 ==>   2.97741698954513687E-005  2.52160339331755398E-006
 B after wg2 wg2 ==>  2.91497772791607756E-005  2.52160339331755398E-006
 LTM d(wg2)/d(wg2)   0.0000000000000000     
 B before wg2 wg2 ==>    0.0000000000000000        0.0000000000000000     
 Q value wg2 wg2 ==>   2.97741698954513687E-005  2.52160339331755398E-006
 B after wg2 wg2 ==>  2.91497772791607756E-005  2.52160339331755398E-006
 LTM d(wg2)/d(wg2)   0.0000000000000000     
 B before wg2 wg2 ==>    0.0000000000000000        0.0000000000000000     
 Q value wg2 wg2 ==>   2.97741698954513687E-005  2.52160339331755398E-006
 B after wg2 wg2 ==>  2.91497772791607756E-005  2.52160339331755398E-006
 LTM d(wg2)/d(wg2)   0.0000000000000000     
 B before wg2 wg2 ==>    0.0000000000000000        0.0000000000000000     
 Q value wg2 wg2 ==>   2.97741698954513687E-005  2.52160339331755398E-006
 B after wg2 wg2 ==>  2.91497772791607756E-005  2.52160339331755398E-006
 LTM d(wg2)/d(wg2)   0.0000000000000000     
 B before wg2 wg2 ==>    0.0000000000000000        0.0000000000000000     
 Q value wg2 wg2 ==>   2.97741698954513687E-005  2.52160339331755398E-006
 B after wg2 wg2 ==>  2.91497772791607756E-005  2.52160339331755398E-006
 LTM d(wg2)/d(wg2)   0.0000000000000000     
 B before wg2 wg2 ==>    0.0000000000000000        0.0000000000000000     
 Q value wg2 wg2 ==>   2.77337176582312260E-005  2.18783031508334000E-006
 B after wg2 wg2 ==>  2.52913549284886031E-005  2.18783031508334000E-006
 LTM d(wg2)/d(wg2)   0.0000000000000000     
 B before wg2 wg2 ==>    0.0000000000000000        0.0000000000000000     
 Q value wg2 wg2 ==>   2.77337176582312260E-005  2.18783031508334000E-006
 B after wg2 wg2 ==>  2.52913549284886031E-005  2.18783031508334000E-006
 LTM d(wg2)/d(wg2)   0.0000000000000000     
 B before wg2 wg2 ==>    0.0000000000000000        0.0000000000000000     
 Q value wg2 wg2 ==>   2.77337176582312260E-005  2.18783031508334000E-006
 B after wg2 wg2 ==>  2.52913549284886031E-005  2.18783031508334000E-006
 LTM d(wg2)/d(wg2)   0.0000000000000000     
 B before wg2 wg2 ==>    0.0000000000000000        0.0000000000000000     
 Q value wg2 wg2 ==>   2.77337176582312260E-005  2.18783031508334000E-006
 B after wg2 wg2 ==>  2.52913549284886031E-005  2.18783031508334000E-006
 LTM d(wg2)/d(wg2)   0.0000000000000000     
 B before wg2 wg2 ==>    0.0000000000000000        0.0000000000000000     
 Q value wg2 wg2 ==>   2.77337176582312260E-005  2.18783031508334000E-006
 B after wg2 wg2 ==>  2.52913549284886031E-005  2.18783031508334000E-006
 LTM d(wg2)/d(wg2)   0.0000000000000000     
 B before wg2 wg2 ==>    0.0000000000000000        0.0000000000000000     
 Q value wg2 wg2 ==>   2.77337176582312260E-005  2.18783031508334000E-006
 B after wg2 wg2 ==>  2.52913549284886031E-005  2.18783031508334000E-006
 LTM d(wg2)/d(wg2)   0.0000000000000000     
 B before wg2 wg2 ==>    0.0000000000000000        0.0000000000000000     
 Q value wg2 wg2 ==>   2.77337176582312260E-005  2.18783031508334000E-006
 B after wg2 wg2 ==>  2.52913549284886031E-005  2.18783031508334000E-006
 LTM d(wg2)/d(wg2)   0.0000000000000000     
 B before wg2 wg2 ==>    0.0000000000000000        0.0000000000000000     
 Q value wg2 wg2 ==>   2.77337176582312260E-005  2.18783031508334000E-006
 B after wg2 wg2 ==>  2.52913549284886031E-005  2.18783031508334000E-006
 LTM d(wg2)/d(wg2)   0.0000000000000000     
 B before wg2 wg2 ==>    0.0000000000000000        0.0000000000000000     
 Q value wg2 wg2 ==>   2.77337176582312260E-005  2.18783031508334000E-006
 B after wg2 wg2 ==>  2.52913549284886031E-005  2.18783031508334000E-006
 LTM d(wg2)/d(wg2)   0.0000000000000000     
 B before wg2 wg2 ==>    0.0000000000000000        0.0000000000000000     
 Q value wg2 wg2 ==>   2.77337176582312260E-005  2.18783031508334000E-006
 B after wg2 wg2 ==>  2.52913549284886031E-005  2.18783031508334000E-006
 LTM d(wg2)/d(wg2)   0.0000000000000000     
 B before wg2 wg2 ==>    0.0000000000000000        0.0000000000000000     
 Q value wg2 wg2 ==>   2.77337176582312260E-005  2.18783031508334000E-006
 B after wg2 wg2 ==>  2.52913549284886031E-005  2.18783031508334000E-006
 LTM d(wg2)/d(wg2)   0.0000000000000000     
 B before wg2 wg2 ==>    0.0000000000000000        0.0000000000000000     
 Q value wg2 wg2 ==>   2.90936028119118281E-005  2.40764508324205215E-006
 B after wg2 wg2 ==>  2.78324173142219536E-005  2.40764508324205215E-006
 LTM d(wg2)/d(wg2)   0.0000000000000000     
 B before wg2 wg2 ==>    0.0000000000000000        0.0000000000000000     
 Q value wg2 wg2 ==>   2.90936028119118281E-005  2.40764508324205215E-006
 B after wg2 wg2 ==>  2.78324173142219536E-005  2.40764508324205215E-006
 LTM d(wg2)/d(wg2)   0.0000000000000000     
 B before wg2 wg2 ==>    0.0000000000000000        0.0000000000000000     
 Q value wg2 wg2 ==>   2.90936028119118281E-005  2.40764508324205215E-006
 B after wg2 wg2 ==>  2.78324173142219536E-005  2.40764508324205215E-006
 LTM d(wg2)/d(wg2)   0.0000000000000000     
 B before wg2 wg2 ==>    0.0000000000000000        0.0000000000000000     
 Q value wg2 wg2 ==>   2.90936028119118281E-005  2.40764508324205215E-006
 B after wg2 wg2 ==>  2.78324173142219536E-005  2.40764508324205215E-006
 LTM d(wg2)/d(wg2)   0.0000000000000000     
 B before wg2 wg2 ==>    0.0000000000000000        0.0000000000000000     
 Q value wg2 wg2 ==>   2.90936028119118281E-005  2.40764508324205215E-006
 B after wg2 wg2 ==>  2.78324173142219536E-005  2.40764508324205215E-006
 LTM d(wg2)/d(wg2)   0.0000000000000000     
 B before wg2 wg2 ==>    0.0000000000000000        0.0000000000000000     
 Q value wg2 wg2 ==>   2.90936028119118281E-005  2.40764508324205215E-006
 B after wg2 wg2 ==>  2.78324173142219536E-005  2.40764508324205215E-006
 LTM d(wg2)/d(wg2)   0.0000000000000000     
 B before wg2 wg2 ==>    0.0000000000000000        0.0000000000000000     
 Q value wg2 wg2 ==>   3.04646860373908176E-005  2.63992062679266189E-006
 B after wg2 wg2 ==>  3.05175264712921658E-005  2.63992062679266189E-006
 LTM d(wg2)/d(wg2)   0.0000000000000000     
 B before wg2 wg2 ==>    0.0000000000000000        0.0000000000000000     
 Q value wg2 wg2 ==>   3.07286077929626550E-005  2.68585909160881841E-006
 B after wg2 wg2 ==>  3.10485758906759720E-005  2.68585909160881841E-006
 LTM d(wg2)/d(wg2)   0.0000000000000000     
 B before wg2 wg2 ==>    0.0000000000000000        0.0000000000000000     
 Q value wg2 wg2 ==>   3.04029660090152940E-005  2.62923475099118717E-006
 B after wg2 wg2 ==>  3.03939975688203365E-005  2.62923475099118717E-006
 LTM d(wg2)/d(wg2)   0.0000000000000000     
 B before wg2 wg2 ==>    0.0000000000000000        0.0000000000000000     
 Q value wg2 wg2 ==>   2.93454751906339267E-005  2.44951300028902770E-006
 B after wg2 wg2 ==>  2.83164111335101011E-005  2.44951300028902770E-006
 LTM d(wg2)/d(wg2)   0.0000000000000000     
 B before wg2 wg2 ==>    0.0000000000000000        0.0000000000000000     
 Q value wg2 wg2 ==>   3.04029660090152940E-005  2.62923475099118717E-006
 B after wg2 wg2 ==>  3.03939975688203365E-005  2.62923475099118717E-006
 LTM d(wg2)/d(wg2)   0.0000000000000000     
 B before wg2 wg2 ==>    0.0000000000000000        0.0000000000000000     
 Q value wg2 wg2 ==>   2.99567440448829352E-005  2.55262297250312341E-006
 B after wg2 wg2 ==>  2.95083641318549271E-005  2.55262297250312341E-006
 LTM d(wg2)/d(wg2)   0.0000000000000000     
 B before wg2 wg2 ==>    0.0000000000000000        0.0000000000000000     
 Q value wg2 wg2 ==>   3.04029660090152940E-005  2.62923475099118717E-006
 B after wg2 wg2 ==>  3.03939975688203365E-005  2.62923475099118717E-006
 LTM d(wg2)/d(wg2)   0.0000000000000000     
 B before wg2 wg2 ==>    0.0000000000000000        0.0000000000000000     
 Q value wg2 wg2 ==>   2.97741698954513687E-005  2.52160339331755398E-006
 B after wg2 wg2 ==>  2.91497772791607756E-005  2.52160339331755398E-006
 LTM d(wg2)/d(wg2)   0.0000000000000000     
 B before wg2 wg2 ==>    0.0000000000000000        0.0000000000000000     
 Q value wg2 wg2 ==>   2.97741698954513687E-005  2.52160339331755398E-006
 B after wg2 wg2 ==>  2.91497772791607756E-005  2.52160339331755398E-006
 LTM d(wg2)/d(wg2)   0.0000000000000000     
 B before wg2 wg2 ==>    0.0000000000000000        0.0000000000000000     
 Q value wg2 wg2 ==>   2.97741698954513687E-005  2.52160339331755398E-006
 B after wg2 wg2 ==>  2.91497772791607756E-005  2.52160339331755398E-006
 LTM d(wg2)/d(wg2)   0.0000000000000000     
 B before wg2 wg2 ==>    0.0000000000000000        0.0000000000000000     
 Q value wg2 wg2 ==>   2.97741698954513687E-005  2.52160339331755398E-006
 B after wg2 wg2 ==>  2.91497772791607756E-005  2.52160339331755398E-006
 LTM d(wg2)/d(wg2)   0.0000000000000000     
 B before wg2 wg2 ==>    0.0000000000000000        0.0000000000000000     
 Q value wg2 wg2 ==>   2.97741698954513687E-005  2.52160339331755398E-006
 B after wg2 wg2 ==>  2.91497772791607756E-005  2.52160339331755398E-006
 LTM d(wg2)/d(wg2)   0.0000000000000000     
 B before wg2 wg2 ==>    0.0000000000000000        0.0000000000000000     
 Q value wg2 wg2 ==>   2.97741698954513687E-005  2.52160339331755398E-006
 B after wg2 wg2 ==>  2.91497772791607756E-005  2.52160339331755398E-006
 LTM d(wg2)/d(wg2)   0.0000000000000000     
 B before wg2 wg2 ==>    0.0000000000000000        0.0000000000000000     
 Q value wg2 wg2 ==>   2.97741698954513687E-005  2.52160339331755398E-006
 B after wg2 wg2 ==>  2.91497772791607756E-005  2.52160339331755398E-006
 LTM d(wg2)/d(wg2)   0.0000000000000000     
 B before wg2 wg2 ==>    0.0000000000000000        0.0000000000000000     
 Q value wg2 wg2 ==>   2.97741698954513687E-005  2.52160339331755398E-006
 B after wg2 wg2 ==>  2.91497772791607756E-005  2.52160339331755398E-006
 LTM d(wg2)/d(wg2)   0.0000000000000000     
 B before wg2 wg2 ==>    0.0000000000000000        0.0000000000000000     
 Q value wg2 wg2 ==>   2.97741698954513687E-005  2.52160339331755398E-006
 B after wg2 wg2 ==>  2.91497772791607756E-005  2.52160339331755398E-006
 LTM d(wg2)/d(wg2)   0.0000000000000000     
 B before wg2 wg2 ==>    0.0000000000000000        0.0000000000000000     
 Q value wg2 wg2 ==>   2.97741698954513687E-005  2.52160339331755398E-006
 B after wg2 wg2 ==>  2.91497772791607756E-005  2.52160339331755398E-006
 LTM d(wg2)/d(wg2)   0.0000000000000000     
 B before wg2 wg2 ==>    0.0000000000000000        0.0000000000000000     
 Q value wg2 wg2 ==>   2.97741698954513687E-005  2.52160339331755398E-006
 B after wg2 wg2 ==>  2.91497772791607756E-005  2.52160339331755398E-006
 LTM d(wg2)/d(wg2)   0.0000000000000000     
 B before wg2 wg2 ==>    0.0000000000000000        0.0000000000000000     
 Q value wg2 wg2 ==>   2.97741698954513687E-005  2.52160339331755398E-006
 B after wg2 wg2 ==>  2.91497772791607756E-005  2.52160339331755398E-006
 LTM d(wg2)/d(wg2)   0.0000000000000000     
 B before wg2 wg2 ==>    0.0000000000000000        0.0000000000000000     
 Q value wg2 wg2 ==>   2.97741698954513687E-005  2.52160339331755398E-006
 B after wg2 wg2 ==>  2.91497772791607756E-005  2.52160339331755398E-006
 LTM d(wg2)/d(wg2)   0.0000000000000000     
 B before wg2 wg2 ==>    0.0000000000000000        0.0000000000000000     
 Q value wg2 wg2 ==>   2.97741698954513687E-005  2.52160339331755398E-006
 B after wg2 wg2 ==>  2.91497772791607756E-005  2.52160339331755398E-006
 LTM d(wg2)/d(wg2)   0.0000000000000000     
 B before wg2 wg2 ==>    0.0000000000000000        0.0000000000000000     
 Q value wg2 wg2 ==>   2.97741698954513687E-005  2.52160339331755398E-006
 B after wg2 wg2 ==>  2.91497772791607756E-005  2.52160339331755398E-006
 LTM d(wg2)/d(wg2)   0.0000000000000000     
 B before wg2 wg2 ==>    0.0000000000000000        0.0000000000000000     
 Q value wg2 wg2 ==>   2.77337176582312260E-005  2.18783031508334000E-006
 B after wg2 wg2 ==>  2.52913549284886031E-005  2.18783031508334000E-006
 LTM d(wg2)/d(wg2)   0.0000000000000000     
 B before wg2 wg2 ==>    0.0000000000000000        0.0000000000000000     
 Q value wg2 wg2 ==>   2.77337176582312260E-005  2.18783031508334000E-006
 B after wg2 wg2 ==>  2.52913549284886031E-005  2.18783031508334000E-006
 LTM d(wg2)/d(wg2)   0.0000000000000000     
 B before wg2 wg2 ==>    0.0000000000000000        0.0000000000000000     
 Q value wg2 wg2 ==>   2.77337176582312260E-005  2.18783031508334000E-006
 B after wg2 wg2 ==>  2.52913549284886031E-005  2.18783031508334000E-006
 LTM d(wg2)/d(wg2)   0.0000000000000000     
 B before wg2 wg2 ==>    0.0000000000000000        0.0000000000000000     
 Q value wg2 wg2 ==>   2.77337176582312260E-005  2.18783031508334000E-006
 B after wg2 wg2 ==>  2.52913549284886031E-005  2.18783031508334000E-006
 LTM d(wg2)/d(wg2)   0.0000000000000000     
 B before wg2 wg2 ==>    0.0000000000000000        0.0000000000000000     
 Q value wg2 wg2 ==>   2.77337176582312260E-005  2.18783031508334000E-006
 B after wg2 wg2 ==>  2.52913549284886031E-005  2.18783031508334000E-006
 LTM d(wg2)/d(wg2)   0.0000000000000000     
 B before wg2 wg2 ==>    0.0000000000000000        0.0000000000000000     
 Q value wg2 wg2 ==>   2.77337176582312260E-005  2.18783031508334000E-006
 B after wg2 wg2 ==>  2.52913549284886031E-005  2.18783031508334000E-006
 LTM d(wg2)/d(wg2)   0.0000000000000000     
 B before wg2 wg2 ==>    0.0000000000000000        0.0000000000000000     
 Q value wg2 wg2 ==>   2.77337176582312260E-005  2.18783031508334000E-006
 B after wg2 wg2 ==>  2.52913549284886031E-005  2.18783031508334000E-006
 LTM d(wg2)/d(wg2)   0.0000000000000000     
 B before wg2 wg2 ==>    0.0000000000000000        0.0000000000000000     
 Q value wg2 wg2 ==>   2.77337176582312260E-005  2.18783031508334000E-006
 B after wg2 wg2 ==>  2.52913549284886031E-005  2.18783031508334000E-006
 LTM d(wg2)/d(wg2)   0.0000000000000000     
 B before wg2 wg2 ==>    0.0000000000000000        0.0000000000000000     
 Q value wg2 wg2 ==>   2.81386370658330945E-005  2.25218245951338986E-006
 B after wg2 wg2 ==>  2.60352667912912488E-005  2.25218245951338986E-006
 LTM d(wg2)/d(wg2)   0.0000000000000000     
 B before wg2 wg2 ==>    0.0000000000000000        0.0000000000000000     
 Q value wg2 wg2 ==>   2.77337176582312260E-005  2.18783031508334000E-006
 B after wg2 wg2 ==>  2.52913549284886031E-005  2.18783031508334000E-006
 LTM d(wg2)/d(wg2)   0.0000000000000000     
 B before wg2 wg2 ==>    0.0000000000000000        0.0000000000000000     
 Q value wg2 wg2 ==>   2.88118474299235658E-005  2.36123748216943810E-006
 B after wg2 wg2 ==>  2.72959446718897808E-005  2.36123748216943810E-006
 LTM d(wg2)/d(wg2)   0.0000000000000000     
 B before wg2 wg2 ==>    0.0000000000000000        0.0000000000000000     
 Q value wg2 wg2 ==>   2.90936028119118281E-005  2.40764508324205215E-006
 B after wg2 wg2 ==>  2.78324173142219536E-005  2.40764508324205215E-006
 LTM d(wg2)/d(wg2)   0.0000000000000000     
 B before wg2 wg2 ==>    0.0000000000000000        0.0000000000000000     
 Q value wg2 wg2 ==>   2.90936028119118281E-005  2.40764508324205215E-006
 B after wg2 wg2 ==>  2.78324173142219536E-005  2.40764508324205215E-006
 LTM d(wg2)/d(wg2)   0.0000000000000000     
 B before wg2 wg2 ==>    0.0000000000000000        0.0000000000000000     
 Q value wg2 wg2 ==>   2.90936028119118281E-005  2.40764508324205215E-006
 B after wg2 wg2 ==>  2.78324173142219536E-005  2.40764508324205215E-006
 LTM d(wg2)/d(wg2)   0.0000000000000000     
 B before wg2 wg2 ==>    0.0000000000000000        0.0000000000000000     
 Q value wg2 wg2 ==>   2.90936028119118281E-005  2.40764508324205215E-006
 B after wg2 wg2 ==>  2.78324173142219536E-005  2.40764508324205215E-006
 LTM d(wg2)/d(wg2)   0.0000000000000000     
 B before wg2 wg2 ==>    0.0000000000000000        0.0000000000000000     
 Q value wg2 wg2 ==>   2.90936028119118281E-005  2.40764508324205215E-006
 B after wg2 wg2 ==>  2.78324173142219536E-005  2.40764508324205215E-006
 LTM d(wg2)/d(wg2)   0.0000000000000000     
 B before wg2 wg2 ==>    0.0000000000000000        0.0000000000000000     
 Q value wg2 wg2 ==>   2.90936028119118281E-005  2.40764508324205215E-006
 B after wg2 wg2 ==>  2.78324173142219536E-005  2.40764508324205215E-006
 LTM d(wg2)/d(wg2)   0.0000000000000000     
 B before wg2 wg2 ==>    0.0000000000000000        0.0000000000000000     
 Q value wg2 wg2 ==>   3.03599869147065250E-005  2.62180637997838615E-006
 B after wg2 wg2 ==>  3.03081254760305009E-005  2.62180637997838615E-006
 LTM d(wg2)/d(wg2)   0.0000000000000000     
 B before wg2 wg2 ==>    0.0000000000000000        0.0000000000000000     
 Q value wg2 wg2 ==>   3.07286077929626550E-005  2.68585909160881841E-006
 B after wg2 wg2 ==>  3.10485758906759720E-005  2.68585909160881841E-006
 LTM d(wg2)/d(wg2)   0.0000000000000000     
 B before wg2 wg2 ==>    0.0000000000000000        0.0000000000000000     
 Q value wg2 wg2 ==>   3.04943511418322924E-005  2.64506439555233706E-006
 B after wg2 wg2 ==>  3.05769885239358914E-005  2.64506439555233706E-006
 LTM d(wg2)/d(wg2)   0.0000000000000000     
 B before wg2 wg2 ==>    0.0000000000000000        0.0000000000000000     
 Q value wg2 wg2 ==>   2.93454751906339301E-005  2.44951300028902855E-006
 B after wg2 wg2 ==>  2.83164111335101113E-005  2.44951300028902855E-006
 LTM d(wg2)/d(wg2)   0.0000000000000000     
 B before wg2 wg2 ==>    0.0000000000000000        0.0000000000000000     
 Q value wg2 wg2 ==>   2.93454751906339267E-005  2.44951300028902770E-006
 B after wg2 wg2 ==>  2.83164111335101011E-005  2.44951300028902770E-006
 LTM d(wg2)/d(wg2)   0.0000000000000000     
 B before wg2 wg2 ==>    0.0000000000000000        0.0000000000000000     
 Q value wg2 wg2 ==>   2.93454751906339267E-005  2.44951300028902770E-006
 B after wg2 wg2 ==>  2.83164111335101011E-005  2.44951300028902770E-006
 LTM d(wg2)/d(wg2)   0.0000000000000000     
 B before wg2 wg2 ==>    0.0000000000000000        0.0000000000000000     
 Q value wg2 wg2 ==>   2.93454751906339301E-005  2.44951300028902855E-006
 B after wg2 wg2 ==>  2.83164111335101113E-005  2.44951300028902855E-006
 LTM d(wg2)/d(wg2)   0.0000000000000000     
 B before wg2 wg2 ==>    0.0000000000000000        0.0000000000000000     
 Q value wg2 wg2 ==>   2.97741698954513687E-005  2.52160339331755398E-006
 B after wg2 wg2 ==>  2.91497772791607756E-005  2.52160339331755398E-006
 LTM d(wg2)/d(wg2)   0.0000000000000000     
 B before wg2 wg2 ==>    0.0000000000000000        0.0000000000000000     
 Q value wg2 wg2 ==>   2.97741698954513687E-005  2.52160339331755398E-006
 B after wg2 wg2 ==>  2.91497772791607756E-005  2.52160339331755398E-006
 LTM d(wg2)/d(wg2)   0.0000000000000000     
 B before wg2 wg2 ==>    0.0000000000000000        0.0000000000000000     
 Q value wg2 wg2 ==>   2.97741698954513687E-005  2.52160339331755398E-006
 B after wg2 wg2 ==>  2.91497772791607756E-005  2.52160339331755398E-006
 LTM d(wg2)/d(wg2)   0.0000000000000000     
 B before wg2 wg2 ==>    0.0000000000000000        0.0000000000000000     
 Q value wg2 wg2 ==>   2.97741698954513687E-005  2.52160339331755398E-006
 B after wg2 wg2 ==>  2.91497772791607756E-005  2.52160339331755398E-006
 LTM d(wg2)/d(wg2)   0.0000000000000000     
 B before wg2 wg2 ==>    0.0000000000000000        0.0000000000000000     
 Q value wg2 wg2 ==>   2.97741698954513687E-005  2.52160339331755398E-006
 B after wg2 wg2 ==>  2.91497772791607756E-005  2.52160339331755398E-006
 LTM d(wg2)/d(wg2)   0.0000000000000000     
 B before wg2 wg2 ==>    0.0000000000000000        0.0000000000000000     
 Q value wg2 wg2 ==>   2.97741698954513687E-005  2.52160339331755398E-006
 B after wg2 wg2 ==>  2.91497772791607756E-005  2.52160339331755398E-006
 LTM d(wg2)/d(wg2)   0.0000000000000000     
 B before wg2 wg2 ==>    0.0000000000000000        0.0000000000000000     
 Q value wg2 wg2 ==>   2.97741698954513687E-005  2.52160339331755398E-006
 B after wg2 wg2 ==>  2.91497772791607756E-005  2.52160339331755398E-006
 LTM d(wg2)/d(wg2)   0.0000000000000000     
 B before wg2 wg2 ==>    0.0000000000000000        0.0000000000000000     
 Q value wg2 wg2 ==>   2.97741698954513687E-005  2.52160339331755398E-006
 B after wg2 wg2 ==>  2.91497772791607756E-005  2.52160339331755398E-006
 LTM d(wg2)/d(wg2)   0.0000000000000000     
 B before wg2 wg2 ==>    0.0000000000000000        0.0000000000000000     
 Q value wg2 wg2 ==>   2.97741698954513687E-005  2.52160339331755398E-006
 B after wg2 wg2 ==>  2.91497772791607756E-005  2.52160339331755398E-006
 LTM d(wg2)/d(wg2)   0.0000000000000000     
 B before wg2 wg2 ==>    0.0000000000000000        0.0000000000000000     
 Q value wg2 wg2 ==>   2.97741698954513687E-005  2.52160339331755398E-006
 B after wg2 wg2 ==>  2.91497772791607756E-005  2.52160339331755398E-006
 LTM d(wg2)/d(wg2)   0.0000000000000000     
 B before wg2 wg2 ==>    0.0000000000000000        0.0000000000000000     
 Q value wg2 wg2 ==>   2.97741698954513687E-005  2.52160339331755398E-006
 B after wg2 wg2 ==>  2.91497772791607756E-005  2.52160339331755398E-006
 LTM d(wg2)/d(wg2)   0.0000000000000000     
 B before wg2 wg2 ==>    0.0000000000000000        0.0000000000000000     
 Q value wg2 wg2 ==>   2.97741698954513687E-005  2.52160339331755398E-006
 B after wg2 wg2 ==>  2.91497772791607756E-005  2.52160339331755398E-006
 LTM d(wg2)/d(wg2)   0.0000000000000000     
 B before wg2 wg2 ==>    0.0000000000000000        0.0000000000000000     
 Q value wg2 wg2 ==>   2.97741698954513687E-005  2.52160339331755398E-006
 B after wg2 wg2 ==>  2.91497772791607756E-005  2.52160339331755398E-006
 LTM d(wg2)/d(wg2)   0.0000000000000000     
 B before wg2 wg2 ==>    0.0000000000000000        0.0000000000000000     
 Q value wg2 wg2 ==>   2.97741698954513687E-005  2.52160339331755398E-006
 B after wg2 wg2 ==>  2.91497772791607756E-005  2.52160339331755398E-006
 LTM d(wg2)/d(wg2)   0.0000000000000000     
 B before wg2 wg2 ==>    0.0000000000000000        0.0000000000000000     
 Q value wg2 wg2 ==>   2.97741698954513687E-005  2.52160339331755398E-006
 B after wg2 wg2 ==>  2.91497772791607756E-005  2.52160339331755398E-006
 LTM d(wg2)/d(wg2)   0.0000000000000000     
 B before wg2 wg2 ==>    0.0000000000000000        0.0000000000000000     
 Q value wg2 wg2 ==>   2.86051263465708515E-005  2.32747592050711275E-006
 B after wg2 wg2 ==>  2.69056604560366904E-005  2.32747592050711275E-006
 LTM d(wg2)/d(wg2)   0.0000000000000000     
 B before wg2 wg2 ==>    0.0000000000000000        0.0000000000000000     
 Q value wg2 wg2 ==>   2.77337176582312260E-005  2.18783031508334000E-006
 B after wg2 wg2 ==>  2.52913549284886031E-005  2.18783031508334000E-006
 LTM d(wg2)/d(wg2)   0.0000000000000000     
 B before wg2 wg2 ==>    0.0000000000000000        0.0000000000000000     
 Q value wg2 wg2 ==>   2.77337176582312260E-005  2.18783031508334000E-006
 B after wg2 wg2 ==>  2.52913549284886031E-005  2.18783031508334000E-006
 LTM d(wg2)/d(wg2)   0.0000000000000000     
 B before wg2 wg2 ==>    0.0000000000000000        0.0000000000000000     
 Q value wg2 wg2 ==>   2.77337176582312260E-005  2.18783031508334000E-006
 B after wg2 wg2 ==>  2.52913549284886031E-005  2.18783031508334000E-006
 LTM d(wg2)/d(wg2)   0.0000000000000000     
 B before wg2 wg2 ==>    0.0000000000000000        0.0000000000000000     
 Q value wg2 wg2 ==>   2.77337176582312260E-005  2.18783031508334000E-006
 B after wg2 wg2 ==>  2.52913549284886031E-005  2.18783031508334000E-006
 LTM d(wg2)/d(wg2)   0.0000000000000000     
 B before wg2 wg2 ==>    0.0000000000000000        0.0000000000000000     
 Q value wg2 wg2 ==>   2.77337176582312260E-005  2.18783031508334000E-006
 B after wg2 wg2 ==>  2.52913549284886031E-005  2.18783031508334000E-006
 LTM d(wg2)/d(wg2)   0.0000000000000000     
 B before wg2 wg2 ==>    0.0000000000000000        0.0000000000000000     
 Q value wg2 wg2 ==>   2.90936028119118281E-005  2.40764508324205215E-006
 B after wg2 wg2 ==>  2.78324173142219536E-005  2.40764508324205215E-006
 LTM d(wg2)/d(wg2)   0.0000000000000000     
 B before wg2 wg2 ==>    0.0000000000000000        0.0000000000000000     
 Q value wg2 wg2 ==>   2.90936028119118281E-005  2.40764508324205215E-006
 B after wg2 wg2 ==>  2.78324173142219536E-005  2.40764508324205215E-006
 LTM d(wg2)/d(wg2)   0.0000000000000000     
 B before wg2 wg2 ==>    0.0000000000000000        0.0000000000000000     
 Q value wg2 wg2 ==>   2.90936028119118281E-005  2.40764508324205215E-006
 B after wg2 wg2 ==>  2.78324173142219536E-005  2.40764508324205215E-006
 LTM d(wg2)/d(wg2)   0.0000000000000000     
 B before wg2 wg2 ==>    0.0000000000000000        0.0000000000000000     
 Q value wg2 wg2 ==>   2.90936028119118281E-005  2.40764508324205215E-006
 B after wg2 wg2 ==>  2.78324173142219536E-005  2.40764508324205215E-006
 LTM d(wg2)/d(wg2)   0.0000000000000000     
 B before wg2 wg2 ==>    0.0000000000000000        0.0000000000000000     
 Q value wg2 wg2 ==>   2.90936028119118281E-005  2.40764508324205215E-006
 B after wg2 wg2 ==>  2.78324173142219536E-005  2.40764508324205215E-006
 LTM d(wg2)/d(wg2)   0.0000000000000000     
 B before wg2 wg2 ==>    0.0000000000000000        0.0000000000000000     
 Q value wg2 wg2 ==>   2.90936028119118281E-005  2.40764508324205215E-006
 B after wg2 wg2 ==>  2.78324173142219536E-005  2.40764508324205215E-006
 LTM d(wg2)/d(wg2)   0.0000000000000000     
 B before wg2 wg2 ==>    0.0000000000000000        0.0000000000000000     
 Q value wg2 wg2 ==>   2.90936028119118281E-005  2.40764508324205215E-006
 B after wg2 wg2 ==>  2.78324173142219536E-005  2.40764508324205215E-006
 LTM d(wg2)/d(wg2)   0.0000000000000000     
 B before wg2 wg2 ==>    0.0000000000000000        0.0000000000000000     
 Q value wg2 wg2 ==>   2.90936028119118281E-005  2.40764508324205215E-006
 B after wg2 wg2 ==>  2.78324173142219536E-005  2.40764508324205215E-006
 LTM d(wg2)/d(wg2)   0.0000000000000000     
 B before wg2 wg2 ==>    0.0000000000000000        0.0000000000000000     
 Q value wg2 wg2 ==>   2.90936028119118281E-005  2.40764508324205215E-006
 B after wg2 wg2 ==>  2.78324173142219536E-005  2.40764508324205215E-006
 LTM d(wg2)/d(wg2)   0.0000000000000000     
 B before wg2 wg2 ==>    0.0000000000000000        0.0000000000000000     
 Q value wg2 wg2 ==>   2.90936028119118281E-005  2.40764508324205215E-006
 B after wg2 wg2 ==>  2.78324173142219536E-005  2.40764508324205215E-006
 LTM d(wg2)/d(wg2)   0.0000000000000000     
 B before wg2 wg2 ==>    0.0000000000000000        0.0000000000000000     
 Q value wg2 wg2 ==>   2.90936028119118281E-005  2.40764508324205215E-006
 B after wg2 wg2 ==>  2.78324173142219536E-005  2.40764508324205215E-006
 LTM d(wg2)/d(wg2)   0.0000000000000000     
 B before wg2 wg2 ==>    0.0000000000000000        0.0000000000000000     
 Q value wg2 wg2 ==>   3.01212029042410758E-005  2.58072708095562267E-006
 B after wg2 wg2 ==>  2.98332480942539119E-005  2.58072708095562267E-006
 LTM d(wg2)/d(wg2)   0.0000000000000000     
 B before wg2 wg2 ==>    0.0000000000000000        0.0000000000000000     
 Q value wg2 wg2 ==>   3.07286077929626550E-005  2.68585909160881841E-006
 B after wg2 wg2 ==>  3.10485758906759720E-005  2.68585909160881841E-006
 LTM d(wg2)/d(wg2)   0.0000000000000000     
 B before wg2 wg2 ==>    0.0000000000000000        0.0000000000000000     
 Q value wg2 wg2 ==>   2.99567440448829352E-005  2.55262297250312341E-006
 B after wg2 wg2 ==>  2.95083641318549271E-005  2.55262297250312341E-006
 LTM d(wg2)/d(wg2)   0.0000000000000000     
 B before wg2 wg2 ==>    0.0000000000000000        0.0000000000000000     
 Q value wg2 wg2 ==>   2.93454751906339301E-005  2.44951300028902855E-006
 B after wg2 wg2 ==>  2.83164111335101113E-005  2.44951300028902855E-006
 LTM d(wg2)/d(wg2)   0.0000000000000000     
 B before wg2 wg2 ==>    0.0000000000000000        0.0000000000000000     
 Q value wg2 wg2 ==>   2.93454751906339267E-005  2.44951300028902770E-006
 B after wg2 wg2 ==>  2.83164111335101011E-005  2.44951300028902770E-006
 LTM d(wg2)/d(wg2)   0.0000000000000000     
 B before wg2 wg2 ==>    0.0000000000000000        0.0000000000000000     
 Q value wg2 wg2 ==>   2.93454751906339267E-005  2.44951300028902770E-006
 B after wg2 wg2 ==>  2.83164111335101011E-005  2.44951300028902770E-006
 LTM d(wg2)/d(wg2)   0.0000000000000000     
 B before wg2 wg2 ==>    0.0000000000000000        0.0000000000000000     
 Q value wg2 wg2 ==>   2.93454751906339267E-005  2.44951300028902770E-006
 B after wg2 wg2 ==>  2.83164111335101011E-005  2.44951300028902770E-006
 LTM d(wg2)/d(wg2)   0.0000000000000000     
 B before wg2 wg2 ==>    0.0000000000000000        0.0000000000000000     
 Q value wg2 wg2 ==>   2.97741698954513687E-005  2.52160339331755398E-006
 B after wg2 wg2 ==>  2.91497772791607756E-005  2.52160339331755398E-006
 LTM d(wg2)/d(wg2)   0.0000000000000000     
 B before wg2 wg2 ==>    0.0000000000000000        0.0000000000000000     
 Q value wg2 wg2 ==>   2.97741698954513687E-005  2.52160339331755398E-006
 B after wg2 wg2 ==>  2.91497772791607756E-005  2.52160339331755398E-006
 LTM d(wg2)/d(wg2)   0.0000000000000000     
 B before wg2 wg2 ==>    0.0000000000000000        0.0000000000000000     
 Q value wg2 wg2 ==>   2.97741698954513687E-005  2.52160339331755398E-006
 B after wg2 wg2 ==>  2.91497772791607756E-005  2.52160339331755398E-006
 LTM d(wg2)/d(wg2)   0.0000000000000000     
 B before wg2 wg2 ==>    0.0000000000000000        0.0000000000000000     
 Q value wg2 wg2 ==>   2.97741698954513687E-005  2.52160339331755398E-006
 B after wg2 wg2 ==>  2.91497772791607756E-005  2.52160339331755398E-006
 LTM d(wg2)/d(wg2)   0.0000000000000000     
 B before wg2 wg2 ==>    0.0000000000000000        0.0000000000000000     
 Q value wg2 wg2 ==>   2.97741698954513687E-005  2.52160339331755398E-006
 B after wg2 wg2 ==>  2.91497772791607756E-005  2.52160339331755398E-006
 LTM d(wg2)/d(wg2)   0.0000000000000000     
 B before wg2 wg2 ==>    0.0000000000000000        0.0000000000000000     
 Q value wg2 wg2 ==>   2.97741698954513687E-005  2.52160339331755398E-006
 B after wg2 wg2 ==>  2.91497772791607756E-005  2.52160339331755398E-006
 LTM d(wg2)/d(wg2)   0.0000000000000000     
 B before wg2 wg2 ==>    0.0000000000000000        0.0000000000000000     
 Q value wg2 wg2 ==>   2.97741698954513687E-005  2.52160339331755398E-006
 B after wg2 wg2 ==>  2.91497772791607756E-005  2.52160339331755398E-006
 LTM d(wg2)/d(wg2)   0.0000000000000000     
 B before wg2 wg2 ==>    0.0000000000000000        0.0000000000000000     
 Q value wg2 wg2 ==>   2.97741698954513687E-005  2.52160339331755398E-006
 B after wg2 wg2 ==>  2.91497772791607756E-005  2.52160339331755398E-006
 LTM d(wg2)/d(wg2)   0.0000000000000000     
 B before wg2 wg2 ==>    0.0000000000000000        0.0000000000000000     
 Q value wg2 wg2 ==>   2.97741698954513687E-005  2.52160339331755398E-006
 B after wg2 wg2 ==>  2.91497772791607756E-005  2.52160339331755398E-006
 LTM d(wg2)/d(wg2)   0.0000000000000000     
 B before wg2 wg2 ==>    0.0000000000000000        0.0000000000000000     
 Q value wg2 wg2 ==>   2.97741698954513687E-005  2.52160339331755398E-006
 B after wg2 wg2 ==>  2.91497772791607756E-005  2.52160339331755398E-006
 LTM d(wg2)/d(wg2)   0.0000000000000000     
 B before wg2 wg2 ==>    0.0000000000000000        0.0000000000000000     
 Q value wg2 wg2 ==>   2.97741698954513687E-005  2.52160339331755398E-006
 B after wg2 wg2 ==>  2.91497772791607756E-005  2.52160339331755398E-006
 LTM d(wg2)/d(wg2)   0.0000000000000000     
 B before wg2 wg2 ==>    0.0000000000000000        0.0000000000000000     
 Q value wg2 wg2 ==>   2.97741698954513687E-005  2.52160339331755398E-006
 B after wg2 wg2 ==>  2.91497772791607756E-005  2.52160339331755398E-006
 LTM d(wg2)/d(wg2)   0.0000000000000000     
 B before wg2 wg2 ==>    0.0000000000000000        0.0000000000000000     
 Q value wg2 wg2 ==>   2.97741698954513687E-005  2.52160339331755398E-006
 B after wg2 wg2 ==>  2.91497772791607756E-005  2.52160339331755398E-006
 LTM d(wg2)/d(wg2)   0.0000000000000000     
 B before wg2 wg2 ==>    0.0000000000000000        0.0000000000000000     
 Q value wg2 wg2 ==>   2.97741698954513687E-005  2.52160339331755398E-006
 B after wg2 wg2 ==>  2.91497772791607756E-005  2.52160339331755398E-006
 LTM d(wg2)/d(wg2)   0.0000000000000000     
 B before wg2 wg2 ==>    0.0000000000000000        0.0000000000000000     
 Q value wg2 wg2 ==>   2.92645864363604198E-005  2.43602778820610943E-006
 B after wg2 wg2 ==>  2.81605218569406645E-005  2.43602778820610943E-006
 LTM d(wg2)/d(wg2)   0.0000000000000000     
 B before wg2 wg2 ==>    0.0000000000000000        0.0000000000000000     
 Q value wg2 wg2 ==>   2.77337176582312260E-005  2.18783031508334000E-006
 B after wg2 wg2 ==>  2.52913549284886031E-005  2.18783031508334000E-006
 LTM d(wg2)/d(wg2)   0.0000000000000000     
 B before wg2 wg2 ==>    0.0000000000000000        0.0000000000000000     
 Q value wg2 wg2 ==>   2.77337176582312260E-005  2.18783031508334000E-006
 B after wg2 wg2 ==>  2.52913549284886031E-005  2.18783031508334000E-006
 LTM d(wg2)/d(wg2)   0.0000000000000000     
 B before wg2 wg2 ==>    0.0000000000000000        0.0000000000000000     
 Q value wg2 wg2 ==>   2.77337176582312260E-005  2.18783031508334000E-006
 B after wg2 wg2 ==>  2.52913549284886031E-005  2.18783031508334000E-006
 LTM d(wg2)/d(wg2)   0.0000000000000000     
 B before wg2 wg2 ==>    0.0000000000000000        0.0000000000000000     
 Q value wg2 wg2 ==>   2.77337176582312260E-005  2.18783031508334000E-006
 B after wg2 wg2 ==>  2.52913549284886031E-005  2.18783031508334000E-006
 LTM d(wg2)/d(wg2)   0.0000000000000000     
 B before wg2 wg2 ==>    0.0000000000000000        0.0000000000000000     
 Q value wg2 wg2 ==>   2.88118474299235658E-005  2.36123748216943810E-006
 B after wg2 wg2 ==>  2.72959446718897808E-005  2.36123748216943810E-006
 LTM d(wg2)/d(wg2)   0.0000000000000000     
 B before wg2 wg2 ==>    0.0000000000000000        0.0000000000000000     
 Q value wg2 wg2 ==>   2.90936028119118281E-005  2.40764508324205215E-006
 B after wg2 wg2 ==>  2.78324173142219536E-005  2.40764508324205215E-006
 LTM d(wg2)/d(wg2)   0.0000000000000000     
 B before wg2 wg2 ==>    0.0000000000000000        0.0000000000000000     
 Q value wg2 wg2 ==>   2.90936028119118281E-005  2.40764508324205215E-006
 B after wg2 wg2 ==>  2.78324173142219536E-005  2.40764508324205215E-006
 LTM d(wg2)/d(wg2)   0.0000000000000000     
 B before wg2 wg2 ==>    0.0000000000000000        0.0000000000000000     
 Q value wg2 wg2 ==>   2.90936028119118281E-005  2.40764508324205215E-006
 B after wg2 wg2 ==>  2.78324173142219536E-005  2.40764508324205215E-006
 LTM d(wg2)/d(wg2)   0.0000000000000000     
 B before wg2 wg2 ==>    0.0000000000000000        0.0000000000000000     
 Q value wg2 wg2 ==>   2.84954956798789282E-005  2.30966975727501887E-006
 B after wg2 wg2 ==>  2.66998209121229123E-005  2.30966975727501887E-006
 LTM d(wg2)/d(wg2)   0.0000000000000000     
 B before wg2 wg2 ==>    0.0000000000000000        0.0000000000000000     
 Q value wg2 wg2 ==>   2.88118474299235590E-005  2.36123748216943725E-006
 B after wg2 wg2 ==>  2.72959446718897706E-005  2.36123748216943725E-006
 LTM d(wg2)/d(wg2)   0.0000000000000000     
 B before wg2 wg2 ==>    0.0000000000000000        0.0000000000000000     
 Q value wg2 wg2 ==>   2.90936028119118281E-005  2.40764508324205215E-006
 B after wg2 wg2 ==>  2.78324173142219536E-005  2.40764508324205215E-006
 LTM d(wg2)/d(wg2)   0.0000000000000000     
 B before wg2 wg2 ==>    0.0000000000000000        0.0000000000000000     
 Q value wg2 wg2 ==>   2.90936028119118281E-005  2.40764508324205215E-006
 B after wg2 wg2 ==>  2.78324173142219536E-005  2.40764508324205215E-006
 LTM d(wg2)/d(wg2)   0.0000000000000000     
 B before wg2 wg2 ==>    0.0000000000000000        0.0000000000000000     
 Q value wg2 wg2 ==>   2.90936028119118281E-005  2.40764508324205215E-006
 B after wg2 wg2 ==>  2.78324173142219536E-005  2.40764508324205215E-006
 LTM d(wg2)/d(wg2)   0.0000000000000000     
 B before wg2 wg2 ==>    0.0000000000000000        0.0000000000000000     
 Q value wg2 wg2 ==>   2.90936028119118281E-005  2.40764508324205215E-006
 B after wg2 wg2 ==>  2.78324173142219536E-005  2.40764508324205215E-006
 LTM d(wg2)/d(wg2)   0.0000000000000000     
 B before wg2 wg2 ==>    0.0000000000000000        0.0000000000000000     
 Q value wg2 wg2 ==>   2.90936028119118281E-005  2.40764508324205215E-006
 B after wg2 wg2 ==>  2.78324173142219536E-005  2.40764508324205215E-006
 LTM d(wg2)/d(wg2)   0.0000000000000000     
 B before wg2 wg2 ==>    0.0000000000000000        0.0000000000000000     
 Q value wg2 wg2 ==>   2.90936028119118281E-005  2.40764508324205215E-006
 B after wg2 wg2 ==>  2.78324173142219536E-005  2.40764508324205215E-006
 LTM d(wg2)/d(wg2)   0.0000000000000000     
 B before wg2 wg2 ==>    0.0000000000000000        0.0000000000000000     
 Q value wg2 wg2 ==>   2.90936028119118281E-005  2.40764508324205215E-006
 B after wg2 wg2 ==>  2.78324173142219536E-005  2.40764508324205215E-006
 LTM d(wg2)/d(wg2)   0.0000000000000000     
 B before wg2 wg2 ==>    0.0000000000000000        0.0000000000000000     
 Q value wg2 wg2 ==>   2.98371687315400510E-005  2.53228554784538003E-006
 B after wg2 wg2 ==>  2.92732631636471671E-005  2.53228554784538003E-006
 LTM d(wg2)/d(wg2)   0.0000000000000000     
 B before wg2 wg2 ==>    0.0000000000000000        0.0000000000000000     
 Q value wg2 wg2 ==>   3.04029660090152940E-005  2.62923475099118717E-006
 B after wg2 wg2 ==>  3.03939975688203365E-005  2.62923475099118717E-006
 LTM d(wg2)/d(wg2)   0.0000000000000000     
 B before wg2 wg2 ==>    0.0000000000000000        0.0000000000000000     
 Q value wg2 wg2 ==>   2.93454751906339267E-005  2.44951300028902770E-006
 B after wg2 wg2 ==>  2.83164111335101011E-005  2.44951300028902770E-006
 LTM d(wg2)/d(wg2)   0.0000000000000000     
 B before wg2 wg2 ==>    0.0000000000000000        0.0000000000000000     
 Q value wg2 wg2 ==>   2.93454751906339301E-005  2.44951300028902855E-006
 B after wg2 wg2 ==>  2.83164111335101113E-005  2.44951300028902855E-006
 LTM d(wg2)/d(wg2)   0.0000000000000000     
 B before wg2 wg2 ==>    0.0000000000000000        0.0000000000000000     
 Q value wg2 wg2 ==>   2.93454751906339301E-005  2.44951300028902855E-006
 B after wg2 wg2 ==>  2.83164111335101113E-005  2.44951300028902855E-006
 LTM d(wg2)/d(wg2)   0.0000000000000000     
 B before wg2 wg2 ==>    0.0000000000000000        0.0000000000000000     
 Q value wg2 wg2 ==>   2.93454751906339267E-005  2.44951300028902770E-006
 B after wg2 wg2 ==>  2.83164111335101011E-005  2.44951300028902770E-006
 LTM d(wg2)/d(wg2)   0.0000000000000000     
 B before wg2 wg2 ==>    0.0000000000000000        0.0000000000000000     
 Q value wg2 wg2 ==>   2.93454751906339301E-005  2.44951300028902855E-006
 B after wg2 wg2 ==>  2.83164111335101113E-005  2.44951300028902855E-006
 LTM d(wg2)/d(wg2)   0.0000000000000000     
 B before wg2 wg2 ==>    0.0000000000000000        0.0000000000000000     
 Q value wg2 wg2 ==>   2.97741698954513687E-005  2.52160339331755398E-006
 B after wg2 wg2 ==>  2.91497772791607756E-005  2.52160339331755398E-006
 LTM d(wg2)/d(wg2)   0.0000000000000000     
 B before wg2 wg2 ==>    0.0000000000000000        0.0000000000000000     
 Q value wg2 wg2 ==>   2.97741698954513687E-005  2.52160339331755398E-006
 B after wg2 wg2 ==>  2.91497772791607756E-005  2.52160339331755398E-006
 LTM d(wg2)/d(wg2)   0.0000000000000000     
 B before wg2 wg2 ==>    0.0000000000000000        0.0000000000000000     
 Q value wg2 wg2 ==>   2.97741698954513687E-005  2.52160339331755398E-006
 B after wg2 wg2 ==>  2.91497772791607756E-005  2.52160339331755398E-006
 LTM d(wg2)/d(wg2)   0.0000000000000000     
 B before wg2 wg2 ==>    0.0000000000000000        0.0000000000000000     
 Q value wg2 wg2 ==>   2.97741698954513687E-005  2.52160339331755398E-006
 B after wg2 wg2 ==>  2.91497772791607756E-005  2.52160339331755398E-006
 LTM d(wg2)/d(wg2)   0.0000000000000000     
 B before wg2 wg2 ==>    0.0000000000000000        0.0000000000000000     
 Q value wg2 wg2 ==>   2.97741698954513687E-005  2.52160339331755398E-006
 B after wg2 wg2 ==>  2.91497772791607756E-005  2.52160339331755398E-006
 LTM d(wg2)/d(wg2)   0.0000000000000000     
 B before wg2 wg2 ==>    0.0000000000000000        0.0000000000000000     
 Q value wg2 wg2 ==>   2.97741698954513687E-005  2.52160339331755398E-006
 B after wg2 wg2 ==>  2.91497772791607756E-005  2.52160339331755398E-006
 LTM d(wg2)/d(wg2)   0.0000000000000000     
 B before wg2 wg2 ==>    0.0000000000000000        0.0000000000000000     
 Q value wg2 wg2 ==>   2.97741698954513687E-005  2.52160339331755398E-006
 B after wg2 wg2 ==>  2.91497772791607756E-005  2.52160339331755398E-006
 LTM d(wg2)/d(wg2)   0.0000000000000000     
 B before wg2 wg2 ==>    0.0000000000000000        0.0000000000000000     
 Q value wg2 wg2 ==>   2.97741698954513687E-005  2.52160339331755398E-006
 B after wg2 wg2 ==>  2.91497772791607756E-005  2.52160339331755398E-006
 LTM d(wg2)/d(wg2)   0.0000000000000000     
 B before wg2 wg2 ==>    0.0000000000000000        0.0000000000000000     
 Q value wg2 wg2 ==>   2.97741698954513687E-005  2.52160339331755398E-006
 B after wg2 wg2 ==>  2.91497772791607756E-005  2.52160339331755398E-006
 LTM d(wg2)/d(wg2)   0.0000000000000000     
 B before wg2 wg2 ==>    0.0000000000000000        0.0000000000000000     
 Q value wg2 wg2 ==>   2.97741698954513687E-005  2.52160339331755398E-006
 B after wg2 wg2 ==>  2.91497772791607756E-005  2.52160339331755398E-006
 LTM d(wg2)/d(wg2)   0.0000000000000000     
 B before wg2 wg2 ==>    0.0000000000000000        0.0000000000000000     
 Q value wg2 wg2 ==>   2.97741698954513687E-005  2.52160339331755398E-006
 B after wg2 wg2 ==>  2.91497772791607756E-005  2.52160339331755398E-006
 LTM d(wg2)/d(wg2)   0.0000000000000000     
 B before wg2 wg2 ==>    0.0000000000000000        0.0000000000000000     
 Q value wg2 wg2 ==>   2.97741698954513687E-005  2.52160339331755398E-006
 B after wg2 wg2 ==>  2.91497772791607756E-005  2.52160339331755398E-006
 LTM d(wg2)/d(wg2)   0.0000000000000000     
 B before wg2 wg2 ==>    0.0000000000000000        0.0000000000000000     
 Q value wg2 wg2 ==>   2.97741698954513687E-005  2.52160339331755398E-006
 B after wg2 wg2 ==>  2.91497772791607756E-005  2.52160339331755398E-006
 LTM d(wg2)/d(wg2)   0.0000000000000000     
 B before wg2 wg2 ==>    0.0000000000000000        0.0000000000000000     
 Q value wg2 wg2 ==>   2.97741698954513687E-005  2.52160339331755398E-006
 B after wg2 wg2 ==>  2.91497772791607756E-005  2.52160339331755398E-006
 LTM d(wg2)/d(wg2)   0.0000000000000000     
 B before wg2 wg2 ==>    0.0000000000000000        0.0000000000000000     
 Q value wg2 wg2 ==>   2.86051263465708515E-005  2.32747592050711275E-006
 B after wg2 wg2 ==>  2.69056604560366904E-005  2.32747592050711275E-006
 LTM d(wg2)/d(wg2)   0.0000000000000000     
 B before wg2 wg2 ==>    0.0000000000000000        0.0000000000000000     
 Q value wg2 wg2 ==>   2.77337176582312260E-005  2.18783031508334000E-006
 B after wg2 wg2 ==>  2.52913549284886031E-005  2.18783031508334000E-006
 LTM d(wg2)/d(wg2)   0.0000000000000000     
 B before wg2 wg2 ==>    0.0000000000000000        0.0000000000000000     
 Q value wg2 wg2 ==>   2.89567310871140741E-005  2.38504469404853643E-006
 B after wg2 wg2 ==>  2.75711564382415392E-005  2.38504469404853643E-006
 LTM d(wg2)/d(wg2)   0.0000000000000000     
 B before wg2 wg2 ==>    0.0000000000000000        0.0000000000000000     
 Q value wg2 wg2 ==>   2.89567310871140741E-005  2.38504469404853643E-006
 B after wg2 wg2 ==>  2.75711564382415392E-005  2.38504469404853643E-006
 LTM d(wg2)/d(wg2)   0.0000000000000000     
 B before wg2 wg2 ==>    0.0000000000000000        0.0000000000000000     
 Q value wg2 wg2 ==>   2.82625169972558664E-005  2.27205651063516949E-006
 B after wg2 wg2 ==>  2.62650111536956565E-005  2.27205651063516949E-006
 LTM d(wg2)/d(wg2)   0.0000000000000000     
 B before wg2 wg2 ==>    0.0000000000000000        0.0000000000000000     
 Q value wg2 wg2 ==>   2.77337176582312260E-005  2.18783031508334000E-006
 B after wg2 wg2 ==>  2.52913549284886031E-005  2.18783031508334000E-006
 LTM d(wg2)/d(wg2)   0.0000000000000000     
 B before wg2 wg2 ==>    0.0000000000000000        0.0000000000000000     
 Q value wg2 wg2 ==>   2.82625169972558664E-005  2.27205651063516949E-006
 B after wg2 wg2 ==>  2.62650111536956565E-005  2.27205651063516949E-006
 LTM d(wg2)/d(wg2)   0.0000000000000000     
 B before wg2 wg2 ==>    0.0000000000000000        0.0000000000000000     
 Q value wg2 wg2 ==>   2.82625169972558664E-005  2.27205651063516949E-006
 B after wg2 wg2 ==>  2.62650111536956565E-005  2.27205651063516949E-006
 LTM d(wg2)/d(wg2)   0.0000000000000000     
 B before wg2 wg2 ==>    0.0000000000000000        0.0000000000000000     
 Q value wg2 wg2 ==>   2.90936028119118281E-005  2.40764508324205215E-006
 B after wg2 wg2 ==>  2.78324173142219536E-005  2.40764508324205215E-006
 LTM d(wg2)/d(wg2)   0.0000000000000000     
 B before wg2 wg2 ==>    0.0000000000000000        0.0000000000000000     
 Q value wg2 wg2 ==>   2.82625169972558664E-005  2.27205651063516949E-006
 B after wg2 wg2 ==>  2.62650111536956565E-005  2.27205651063516949E-006
 LTM d(wg2)/d(wg2)   0.0000000000000000     
 B before wg2 wg2 ==>    0.0000000000000000        0.0000000000000000     
 Q value wg2 wg2 ==>   2.77337176582312260E-005  2.18783031508334000E-006
 B after wg2 wg2 ==>  2.52913549284886031E-005  2.18783031508334000E-006
 LTM d(wg2)/d(wg2)   0.0000000000000000     
 B before wg2 wg2 ==>    0.0000000000000000        0.0000000000000000     
 Q value wg2 wg2 ==>   2.90936028119118281E-005  2.40764508324205215E-006
 B after wg2 wg2 ==>  2.78324173142219536E-005  2.40764508324205215E-006
 LTM d(wg2)/d(wg2)   0.0000000000000000     
 B before wg2 wg2 ==>    0.0000000000000000        0.0000000000000000     
 Q value wg2 wg2 ==>   2.84954954799046985E-005  2.30966972485765470E-006
 B after wg2 wg2 ==>  2.66998205373776437E-005  2.30966972485765470E-006
 LTM d(wg2)/d(wg2)   0.0000000000000000     
 B before wg2 wg2 ==>    0.0000000000000000        0.0000000000000000     
 Q value wg2 wg2 ==>   2.84954954799046985E-005  2.30966972485765470E-006
 B after wg2 wg2 ==>  2.66998205373776437E-005  2.30966972485765470E-006
 LTM d(wg2)/d(wg2)   0.0000000000000000     
 B before wg2 wg2 ==>    0.0000000000000000        0.0000000000000000     
 Q value wg2 wg2 ==>   2.90936028119118281E-005  2.40764508324205215E-006
 B after wg2 wg2 ==>  2.78324173142219536E-005  2.40764508324205215E-006
 LTM d(wg2)/d(wg2)   0.0000000000000000     
 B before wg2 wg2 ==>    0.0000000000000000        0.0000000000000000     
 Q value wg2 wg2 ==>   2.90936028119118281E-005  2.40764508324205215E-006
 B after wg2 wg2 ==>  2.78324173142219536E-005  2.40764508324205215E-006
 LTM d(wg2)/d(wg2)   0.0000000000000000     
 B before wg2 wg2 ==>    0.0000000000000000        0.0000000000000000     
 Q value wg2 wg2 ==>   2.90936028119118281E-005  2.40764508324205215E-006
 B after wg2 wg2 ==>  2.78324173142219536E-005  2.40764508324205215E-006
 LTM d(wg2)/d(wg2)   0.0000000000000000     
 B before wg2 wg2 ==>    0.0000000000000000        0.0000000000000000     
 Q value wg2 wg2 ==>   2.90936028119118281E-005  2.40764508324205215E-006
 B after wg2 wg2 ==>  2.78324173142219536E-005  2.40764508324205215E-006
 LTM d(wg2)/d(wg2)   0.0000000000000000     
 B before wg2 wg2 ==>    0.0000000000000000        0.0000000000000000     
 Q value wg2 wg2 ==>   2.92645865345613878E-005  2.43602780455489902E-006
 B after wg2 wg2 ==>  2.81605220459329426E-005  2.43602780455489902E-006
 LTM d(wg2)/d(wg2)   0.0000000000000000     
 B before wg2 wg2 ==>    0.0000000000000000        0.0000000000000000     
 Q value wg2 wg2 ==>   2.93454751906339267E-005  2.44951300028902770E-006
 B after wg2 wg2 ==>  2.83164111335101011E-005  2.44951300028902770E-006
 LTM d(wg2)/d(wg2)   0.0000000000000000     
 B before wg2 wg2 ==>    0.0000000000000000        0.0000000000000000     
 Q value wg2 wg2 ==>   2.93454751906339267E-005  2.44951300028902770E-006
 B after wg2 wg2 ==>  2.83164111335101011E-005  2.44951300028902770E-006
 LTM d(wg2)/d(wg2)   0.0000000000000000     
 B before wg2 wg2 ==>    0.0000000000000000        0.0000000000000000     
 Q value wg2 wg2 ==>   2.93454751906339267E-005  2.44951300028902770E-006
 B after wg2 wg2 ==>  2.83164111335101011E-005  2.44951300028902770E-006
 LTM d(wg2)/d(wg2)   0.0000000000000000     
 B before wg2 wg2 ==>    0.0000000000000000        0.0000000000000000     
 Q value wg2 wg2 ==>   2.93454751906339267E-005  2.44951300028902770E-006
 B after wg2 wg2 ==>  2.83164111335101011E-005  2.44951300028902770E-006
 LTM d(wg2)/d(wg2)   0.0000000000000000     
 B before wg2 wg2 ==>    0.0000000000000000        0.0000000000000000     
 Q value wg2 wg2 ==>   2.93454751906339301E-005  2.44951300028902855E-006
 B after wg2 wg2 ==>  2.83164111335101113E-005  2.44951300028902855E-006
 LTM d(wg2)/d(wg2)   0.0000000000000000     
 B before wg2 wg2 ==>    0.0000000000000000        0.0000000000000000     
 Q value wg2 wg2 ==>   2.93454751906339267E-005  2.44951300028902770E-006
 B after wg2 wg2 ==>  2.83164111335101011E-005  2.44951300028902770E-006
 LTM d(wg2)/d(wg2)   0.0000000000000000     
 B before wg2 wg2 ==>    0.0000000000000000        0.0000000000000000     
 Q value wg2 wg2 ==>   2.97741698954513687E-005  2.52160339331755398E-006
 B after wg2 wg2 ==>  2.91497772791607756E-005  2.52160339331755398E-006
 LTM d(wg2)/d(wg2)   0.0000000000000000     
 B before wg2 wg2 ==>    0.0000000000000000        0.0000000000000000     
 Q value wg2 wg2 ==>   2.97741698954513687E-005  2.52160339331755398E-006
 B after wg2 wg2 ==>  2.91497772791607756E-005  2.52160339331755398E-006
 LTM d(wg2)/d(wg2)   0.0000000000000000     
 B before wg2 wg2 ==>    0.0000000000000000        0.0000000000000000     
 Q value wg2 wg2 ==>   2.97741698954513687E-005  2.52160339331755398E-006
 B after wg2 wg2 ==>  2.91497772791607756E-005  2.52160339331755398E-006
 LTM d(wg2)/d(wg2)   0.0000000000000000     
 B before wg2 wg2 ==>    0.0000000000000000        0.0000000000000000     
 Q value wg2 wg2 ==>   2.97741698954513687E-005  2.52160339331755398E-006
 B after wg2 wg2 ==>  2.91497772791607756E-005  2.52160339331755398E-006
 LTM d(wg2)/d(wg2)   0.0000000000000000     
 B before wg2 wg2 ==>    0.0000000000000000        0.0000000000000000     
 Q value wg2 wg2 ==>   2.97741698954513687E-005  2.52160339331755398E-006
 B after wg2 wg2 ==>  2.91497772791607756E-005  2.52160339331755398E-006
 LTM d(wg2)/d(wg2)   0.0000000000000000     
 B before wg2 wg2 ==>    0.0000000000000000        0.0000000000000000     
 Q value wg2 wg2 ==>   2.97741698954513687E-005  2.52160339331755398E-006
 B after wg2 wg2 ==>  2.91497772791607756E-005  2.52160339331755398E-006
 LTM d(wg2)/d(wg2)   0.0000000000000000     
 B before wg2 wg2 ==>    0.0000000000000000        0.0000000000000000     
 Q value wg2 wg2 ==>   2.97741698954513687E-005  2.52160339331755398E-006
 B after wg2 wg2 ==>  2.91497772791607756E-005  2.52160339331755398E-006
 LTM d(wg2)/d(wg2)   0.0000000000000000     
 B before wg2 wg2 ==>    0.0000000000000000        0.0000000000000000     
 Q value wg2 wg2 ==>   2.97741698954513687E-005  2.52160339331755398E-006
 B after wg2 wg2 ==>  2.91497772791607756E-005  2.52160339331755398E-006
 LTM d(wg2)/d(wg2)   0.0000000000000000     
 B before wg2 wg2 ==>    0.0000000000000000        0.0000000000000000     
 Q value wg2 wg2 ==>   2.97741698954513687E-005  2.52160339331755398E-006
 B after wg2 wg2 ==>  2.91497772791607756E-005  2.52160339331755398E-006
 LTM d(wg2)/d(wg2)   0.0000000000000000     
 B before wg2 wg2 ==>    0.0000000000000000        0.0000000000000000     
 Q value wg2 wg2 ==>   2.97741698954513687E-005  2.52160339331755398E-006
 B after wg2 wg2 ==>  2.91497772791607756E-005  2.52160339331755398E-006
 LTM d(wg2)/d(wg2)   0.0000000000000000     
 B before wg2 wg2 ==>    0.0000000000000000        0.0000000000000000     
 Q value wg2 wg2 ==>   2.97741698954513687E-005  2.52160339331755398E-006
 B after wg2 wg2 ==>  2.91497772791607756E-005  2.52160339331755398E-006
 LTM d(wg2)/d(wg2)   0.0000000000000000     
 B before wg2 wg2 ==>    0.0000000000000000        0.0000000000000000     
 Q value wg2 wg2 ==>   2.97741698954513687E-005  2.52160339331755398E-006
 B after wg2 wg2 ==>  2.91497772791607756E-005  2.52160339331755398E-006
 LTM d(wg2)/d(wg2)   0.0000000000000000     
 B before wg2 wg2 ==>    0.0000000000000000        0.0000000000000000     
 Q value wg2 wg2 ==>   2.97741698954513687E-005  2.52160339331755398E-006
 B after wg2 wg2 ==>  2.91497772791607756E-005  2.52160339331755398E-006
 LTM d(wg2)/d(wg2)   0.0000000000000000     
 B before wg2 wg2 ==>    0.0000000000000000        0.0000000000000000     
 Q value wg2 wg2 ==>   2.89567310871140741E-005  2.38504469404853643E-006
 B after wg2 wg2 ==>  2.75711564382415392E-005  2.38504469404853643E-006
 LTM d(wg2)/d(wg2)   0.0000000000000000     
 B before wg2 wg2 ==>    0.0000000000000000        0.0000000000000000     
 Q value wg2 wg2 ==>   2.86051263465708515E-005  2.32747592050711275E-006
 B after wg2 wg2 ==>  2.69056604560366904E-005  2.32747592050711275E-006
 LTM d(wg2)/d(wg2)   0.0000000000000000     
 B before wg2 wg2 ==>    0.0000000000000000        0.0000000000000000     
 Q value wg2 wg2 ==>   2.92645864363604198E-005  2.43602778820610943E-006
 B after wg2 wg2 ==>  2.81605218569406645E-005  2.43602778820610943E-006
 LTM d(wg2)/d(wg2)   0.0000000000000000     
 B before wg2 wg2 ==>    0.0000000000000000        0.0000000000000000     
 Q value wg2 wg2 ==>   2.97741698954513687E-005  2.52160339331755398E-006
 B after wg2 wg2 ==>  2.91497772791607756E-005  2.52160339331755398E-006
 LTM d(wg2)/d(wg2)   0.0000000000000000     
 B before wg2 wg2 ==>    0.0000000000000000        0.0000000000000000     
 Q value wg2 wg2 ==>   2.97741698954513687E-005  2.52160339331755398E-006
 B after wg2 wg2 ==>  2.91497772791607756E-005  2.52160339331755398E-006
 LTM d(wg2)/d(wg2)   0.0000000000000000     
 B before wg2 wg2 ==>    0.0000000000000000        0.0000000000000000     
 Q value wg2 wg2 ==>   2.77337176582312260E-005  2.18783031508334000E-006
 B after wg2 wg2 ==>  2.52913549284886031E-005  2.18783031508334000E-006
 LTM d(wg2)/d(wg2)   0.0000000000000000     
 B before wg2 wg2 ==>    0.0000000000000000        0.0000000000000000     
 Q value wg2 wg2 ==>   2.77337176582312260E-005  2.18783031508334000E-006
 B after wg2 wg2 ==>  2.52913549284886031E-005  2.18783031508334000E-006
 LTM d(wg2)/d(wg2)   0.0000000000000000     
 B before wg2 wg2 ==>    0.0000000000000000        0.0000000000000000     
 Q value wg2 wg2 ==>   2.77337176582312260E-005  2.18783031508334000E-006
 B after wg2 wg2 ==>  2.52913549284886031E-005  2.18783031508334000E-006
 LTM d(wg2)/d(wg2)   0.0000000000000000     
 B before wg2 wg2 ==>    0.0000000000000000        0.0000000000000000     
 Q value wg2 wg2 ==>   2.77337176582312260E-005  2.18783031508334000E-006
 B after wg2 wg2 ==>  2.52913549284886031E-005  2.18783031508334000E-006
 LTM d(wg2)/d(wg2)   0.0000000000000000     
 B before wg2 wg2 ==>    0.0000000000000000        0.0000000000000000     
 Q value wg2 wg2 ==>   2.87105045879787962E-005  2.34465585406962222E-006
 B after wg2 wg2 ==>  2.71042607745265318E-005  2.34465585406962222E-006
 LTM d(wg2)/d(wg2)   0.0000000000000000     
 B before wg2 wg2 ==>    0.0000000000000000        0.0000000000000000     
 Q value wg2 wg2 ==>   2.77337176582312260E-005  2.18783031508334000E-006
 B after wg2 wg2 ==>  2.52913549284886031E-005  2.18783031508334000E-006
 LTM d(wg2)/d(wg2)   0.0000000000000000     
 B before wg2 wg2 ==>    0.0000000000000000        0.0000000000000000     
 Q value wg2 wg2 ==>   2.77337176582312260E-005  2.18783031508334000E-006
 B after wg2 wg2 ==>  2.52913549284886031E-005  2.18783031508334000E-006
 LTM d(wg2)/d(wg2)   0.0000000000000000     
 B before wg2 wg2 ==>    0.0000000000000000        0.0000000000000000     
 Q value wg2 wg2 ==>   2.81386369527439368E-005  2.25218244141035141E-006
 B after wg2 wg2 ==>  2.60352665820198228E-005  2.25218244141035141E-006
 LTM d(wg2)/d(wg2)   0.0000000000000000     
 B before wg2 wg2 ==>    0.0000000000000000        0.0000000000000000     
 Q value wg2 wg2 ==>   2.84954954799046985E-005  2.30966972485765470E-006
 B after wg2 wg2 ==>  2.66998205373776437E-005  2.30966972485765470E-006
 LTM d(wg2)/d(wg2)   0.0000000000000000     
 B before wg2 wg2 ==>    0.0000000000000000        0.0000000000000000     
 Q value wg2 wg2 ==>   2.87105044648049116E-005  2.34465583395152415E-006
 B after wg2 wg2 ==>  2.71042605419609815E-005  2.34465583395152415E-006
 LTM d(wg2)/d(wg2)   0.0000000000000000     
 B before wg2 wg2 ==>    0.0000000000000000        0.0000000000000000     
 Q value wg2 wg2 ==>   2.90936028119118281E-005  2.40764508324205215E-006
 B after wg2 wg2 ==>  2.78324173142219536E-005  2.40764508324205215E-006
 LTM d(wg2)/d(wg2)   0.0000000000000000     
 B before wg2 wg2 ==>    0.0000000000000000        0.0000000000000000     
 Q value wg2 wg2 ==>   2.90936028119118281E-005  2.40764508324205215E-006
 B after wg2 wg2 ==>  2.78324173142219536E-005  2.40764508324205215E-006
 LTM d(wg2)/d(wg2)   0.0000000000000000     
 B before wg2 wg2 ==>    0.0000000000000000        0.0000000000000000     
 Q value wg2 wg2 ==>   2.90936028119118281E-005  2.40764508324205215E-006
 B after wg2 wg2 ==>  2.78324173142219536E-005  2.40764508324205215E-006
 LTM d(wg2)/d(wg2)   0.0000000000000000     
 B before wg2 wg2 ==>    0.0000000000000000        0.0000000000000000     
 Q value wg2 wg2 ==>   2.90936028119118281E-005  2.40764508324205215E-006
 B after wg2 wg2 ==>  2.78324173142219536E-005  2.40764508324205215E-006
 LTM d(wg2)/d(wg2)   0.0000000000000000     
 B before wg2 wg2 ==>    0.0000000000000000        0.0000000000000000     
 Q value wg2 wg2 ==>   2.93454751906339267E-005  2.44951300028902770E-006
 B after wg2 wg2 ==>  2.83164111335101011E-005  2.44951300028902770E-006
 LTM d(wg2)/d(wg2)   0.0000000000000000     
 B before wg2 wg2 ==>    0.0000000000000000        0.0000000000000000     
 Q value wg2 wg2 ==>   2.93454751906339267E-005  2.44951300028902770E-006
 B after wg2 wg2 ==>  2.83164111335101011E-005  2.44951300028902770E-006
 LTM d(wg2)/d(wg2)   0.0000000000000000     
 B before wg2 wg2 ==>    0.0000000000000000        0.0000000000000000     
 Q value wg2 wg2 ==>   2.93454751906339301E-005  2.44951300028902855E-006
 B after wg2 wg2 ==>  2.83164111335101113E-005  2.44951300028902855E-006
 LTM d(wg2)/d(wg2)   0.0000000000000000     
 B before wg2 wg2 ==>    0.0000000000000000        0.0000000000000000     
 Q value wg2 wg2 ==>   2.93454751906339267E-005  2.44951300028902770E-006
 B after wg2 wg2 ==>  2.83164111335101011E-005  2.44951300028902770E-006
 LTM d(wg2)/d(wg2)   0.0000000000000000     
 B before wg2 wg2 ==>    0.0000000000000000        0.0000000000000000     
 Q value wg2 wg2 ==>   2.93454751906339267E-005  2.44951300028902770E-006
 B after wg2 wg2 ==>  2.83164111335101011E-005  2.44951300028902770E-006
 LTM d(wg2)/d(wg2)   0.0000000000000000     
 B before wg2 wg2 ==>    0.0000000000000000        0.0000000000000000     
 Q value wg2 wg2 ==>   2.93454751906339301E-005  2.44951300028902855E-006
 B after wg2 wg2 ==>  2.83164111335101113E-005  2.44951300028902855E-006
 LTM d(wg2)/d(wg2)   0.0000000000000000     
 B before wg2 wg2 ==>    0.0000000000000000        0.0000000000000000     
 Q value wg2 wg2 ==>   2.93454751906339301E-005  2.44951300028902855E-006
 B after wg2 wg2 ==>  2.83164111335101113E-005  2.44951300028902855E-006
 LTM d(wg2)/d(wg2)   0.0000000000000000     
 B before wg2 wg2 ==>    0.0000000000000000        0.0000000000000000     
 Q value wg2 wg2 ==>   2.97741698954513687E-005  2.52160339331755398E-006
 B after wg2 wg2 ==>  2.91497772791607756E-005  2.52160339331755398E-006
 LTM d(wg2)/d(wg2)   0.0000000000000000     
 B before wg2 wg2 ==>    0.0000000000000000        0.0000000000000000     
 Q value wg2 wg2 ==>   2.97741698954513687E-005  2.52160339331755398E-006
 B after wg2 wg2 ==>  2.91497772791607756E-005  2.52160339331755398E-006
 LTM d(wg2)/d(wg2)   0.0000000000000000     
 B before wg2 wg2 ==>    0.0000000000000000        0.0000000000000000     
 Q value wg2 wg2 ==>   2.97741698954513687E-005  2.52160339331755398E-006
 B after wg2 wg2 ==>  2.91497772791607756E-005  2.52160339331755398E-006
 LTM d(wg2)/d(wg2)   0.0000000000000000     
 B before wg2 wg2 ==>    0.0000000000000000        0.0000000000000000     
 Q value wg2 wg2 ==>   2.97741698954513687E-005  2.52160339331755398E-006
 B after wg2 wg2 ==>  2.91497772791607756E-005  2.52160339331755398E-006
 LTM d(wg2)/d(wg2)   0.0000000000000000     
 B before wg2 wg2 ==>    0.0000000000000000        0.0000000000000000     
 Q value wg2 wg2 ==>   2.97741698954513687E-005  2.52160339331755398E-006
 B after wg2 wg2 ==>  2.91497772791607756E-005  2.52160339331755398E-006
 LTM d(wg2)/d(wg2)   0.0000000000000000     
 B before wg2 wg2 ==>    0.0000000000000000        0.0000000000000000     
 Q value wg2 wg2 ==>   2.97741698954513687E-005  2.52160339331755398E-006
 B after wg2 wg2 ==>  2.91497772791607756E-005  2.52160339331755398E-006
 LTM d(wg2)/d(wg2)   0.0000000000000000     
 B before wg2 wg2 ==>    0.0000000000000000        0.0000000000000000     
 Q value wg2 wg2 ==>   2.97741698954513687E-005  2.52160339331755398E-006
 B after wg2 wg2 ==>  2.91497772791607756E-005  2.52160339331755398E-006
 LTM d(wg2)/d(wg2)   0.0000000000000000     
 B before wg2 wg2 ==>    0.0000000000000000        0.0000000000000000     
 Q value wg2 wg2 ==>   2.97741698954513687E-005  2.52160339331755398E-006
 B after wg2 wg2 ==>  2.91497772791607756E-005  2.52160339331755398E-006
 LTM d(wg2)/d(wg2)   0.0000000000000000     
 B before wg2 wg2 ==>    0.0000000000000000        0.0000000000000000     
 Q value wg2 wg2 ==>   2.97741698954513687E-005  2.52160339331755398E-006
 B after wg2 wg2 ==>  2.91497772791607756E-005  2.52160339331755398E-006
 LTM d(wg2)/d(wg2)   0.0000000000000000     
 B before wg2 wg2 ==>    0.0000000000000000        0.0000000000000000     
 Q value wg2 wg2 ==>   2.97741698954513687E-005  2.52160339331755398E-006
 B after wg2 wg2 ==>  2.91497772791607756E-005  2.52160339331755398E-006
 LTM d(wg2)/d(wg2)   0.0000000000000000     
 B before wg2 wg2 ==>    0.0000000000000000        0.0000000000000000     
 Q value wg2 wg2 ==>   2.97741698954513687E-005  2.52160339331755398E-006
 B after wg2 wg2 ==>  2.91497772791607756E-005  2.52160339331755398E-006
 LTM d(wg2)/d(wg2)   0.0000000000000000     
 B before wg2 wg2 ==>    0.0000000000000000        0.0000000000000000     
 Q value wg2 wg2 ==>   2.97741698954513687E-005  2.52160339331755398E-006
 B after wg2 wg2 ==>  2.91497772791607756E-005  2.52160339331755398E-006
 LTM d(wg2)/d(wg2)   0.0000000000000000     
 B before wg2 wg2 ==>    0.0000000000000000        0.0000000000000000     
 Q value wg2 wg2 ==>   2.92645864363604198E-005  2.43602778820610943E-006
 B after wg2 wg2 ==>  2.81605218569406645E-005  2.43602778820610943E-006
 LTM d(wg2)/d(wg2)   0.0000000000000000     
 B before wg2 wg2 ==>    0.0000000000000000        0.0000000000000000     
 Q value wg2 wg2 ==>   2.84103413041592994E-005  2.29588620236464349E-006
 B after wg2 wg2 ==>  2.65404827874926485E-005  2.29588620236464349E-006
 LTM d(wg2)/d(wg2)   0.0000000000000000     
 B before wg2 wg2 ==>    0.0000000000000000        0.0000000000000000     
 Q value wg2 wg2 ==>   2.89567310871140741E-005  2.38504469404853643E-006
 B after wg2 wg2 ==>  2.75711564382415392E-005  2.38504469404853643E-006
 LTM d(wg2)/d(wg2)   0.0000000000000000     
 B before wg2 wg2 ==>    0.0000000000000000        0.0000000000000000     
 Q value wg2 wg2 ==>   2.97741698954513687E-005  2.52160339331755398E-006
 B after wg2 wg2 ==>  2.91497772791607756E-005  2.52160339331755398E-006
 LTM d(wg2)/d(wg2)   0.0000000000000000     
 B before wg2 wg2 ==>    0.0000000000000000        0.0000000000000000     
 Q value wg2 wg2 ==>   2.97741698954513687E-005  2.52160339331755398E-006
 B after wg2 wg2 ==>  2.91497772791607756E-005  2.52160339331755398E-006
 LTM d(wg2)/d(wg2)   0.0000000000000000     
 B before wg2 wg2 ==>    0.0000000000000000        0.0000000000000000     
 Q value wg2 wg2 ==>   2.97741698954513687E-005  2.52160339331755398E-006
 B after wg2 wg2 ==>  2.91497772791607756E-005  2.52160339331755398E-006
 LTM d(wg2)/d(wg2)   0.0000000000000000     
 B before wg2 wg2 ==>    0.0000000000000000        0.0000000000000000     
 Q value wg2 wg2 ==>   2.97741698954513687E-005  2.52160339331755398E-006
 B after wg2 wg2 ==>  2.91497772791607756E-005  2.52160339331755398E-006
 LTM d(wg2)/d(wg2)   0.0000000000000000     
 B before wg2 wg2 ==>    0.0000000000000000        0.0000000000000000     
 Q value wg2 wg2 ==>   2.77337176582312260E-005  2.18783031508334000E-006
 B after wg2 wg2 ==>  2.52913549284886031E-005  2.18783031508334000E-006
 LTM d(wg2)/d(wg2)   0.0000000000000000     
 B before wg2 wg2 ==>    0.0000000000000000        0.0000000000000000     
 Q value wg2 wg2 ==>   2.77337176582312260E-005  2.18783031508334000E-006
 B after wg2 wg2 ==>  2.52913549284886031E-005  2.18783031508334000E-006
 LTM d(wg2)/d(wg2)   0.0000000000000000     
 B before wg2 wg2 ==>    0.0000000000000000        0.0000000000000000     
 Q value wg2 wg2 ==>   2.77337176582312260E-005  2.18783031508334000E-006
 B after wg2 wg2 ==>  2.52913549284886031E-005  2.18783031508334000E-006
 LTM d(wg2)/d(wg2)   0.0000000000000000     
 B before wg2 wg2 ==>    0.0000000000000000        0.0000000000000000     
 Q value wg2 wg2 ==>   2.77337176582312260E-005  2.18783031508334000E-006
 B after wg2 wg2 ==>  2.52913549284886031E-005  2.18783031508334000E-006
 LTM d(wg2)/d(wg2)   0.0000000000000000     
 B before wg2 wg2 ==>    0.0000000000000000        0.0000000000000000     
 Q value wg2 wg2 ==>   2.77337176582312260E-005  2.18783031508334000E-006
 B after wg2 wg2 ==>  2.52913549284886031E-005  2.18783031508334000E-006
 LTM d(wg2)/d(wg2)   0.0000000000000000     
 B before wg2 wg2 ==>    0.0000000000000000        0.0000000000000000     
 Q value wg2 wg2 ==>   2.77337176582312260E-005  2.18783031508334000E-006
 B after wg2 wg2 ==>  2.52913549284886031E-005  2.18783031508334000E-006
 LTM d(wg2)/d(wg2)   0.0000000000000000     
 B before wg2 wg2 ==>    0.0000000000000000        0.0000000000000000     
 Q value wg2 wg2 ==>   2.84954954799046985E-005  2.30966972485765470E-006
 B after wg2 wg2 ==>  2.66998205373776437E-005  2.30966972485765470E-006
 LTM d(wg2)/d(wg2)   0.0000000000000000     
 B before wg2 wg2 ==>    0.0000000000000000        0.0000000000000000     
 Q value wg2 wg2 ==>   2.84954954799046985E-005  2.30966972485765470E-006
 B after wg2 wg2 ==>  2.66998205373776437E-005  2.30966972485765470E-006
 LTM d(wg2)/d(wg2)   0.0000000000000000     
 B before wg2 wg2 ==>    0.0000000000000000        0.0000000000000000     
 Q value wg2 wg2 ==>   2.90936028119118281E-005  2.40764508324205215E-006
 B after wg2 wg2 ==>  2.78324173142219536E-005  2.40764508324205215E-006
 LTM d(wg2)/d(wg2)   0.0000000000000000     
 B before wg2 wg2 ==>    0.0000000000000000        0.0000000000000000     
 Q value wg2 wg2 ==>   2.90936028119118281E-005  2.40764508324205215E-006
 B after wg2 wg2 ==>  2.78324173142219536E-005  2.40764508324205215E-006
 LTM d(wg2)/d(wg2)   0.0000000000000000     
 B before wg2 wg2 ==>    0.0000000000000000        0.0000000000000000     
 Q value wg2 wg2 ==>   2.90936028119118281E-005  2.40764508324205215E-006
 B after wg2 wg2 ==>  2.78324173142219536E-005  2.40764508324205215E-006
 LTM d(wg2)/d(wg2)   0.0000000000000000     
 B before wg2 wg2 ==>    0.0000000000000000        0.0000000000000000     
 Q value wg2 wg2 ==>   2.90936028119118281E-005  2.40764508324205215E-006
 B after wg2 wg2 ==>  2.78324173142219536E-005  2.40764508324205215E-006
 LTM d(wg2)/d(wg2)   0.0000000000000000     
 B before wg2 wg2 ==>    0.0000000000000000        0.0000000000000000     
 Q value wg2 wg2 ==>   2.92230175500757331E-005  2.42911219123778632E-006
 B after wg2 wg2 ==>  2.80805774406564535E-005  2.42911219123778632E-006
 LTM d(wg2)/d(wg2)   0.0000000000000000     
 B before wg2 wg2 ==>    0.0000000000000000        0.0000000000000000     
 Q value wg2 wg2 ==>   2.93454751906339267E-005  2.44951300028902770E-006
 B after wg2 wg2 ==>  2.83164111335101011E-005  2.44951300028902770E-006
 LTM d(wg2)/d(wg2)   0.0000000000000000     
 B before wg2 wg2 ==>    0.0000000000000000        0.0000000000000000     
 Q value wg2 wg2 ==>   2.93454751906339301E-005  2.44951300028902855E-006
 B after wg2 wg2 ==>  2.83164111335101113E-005  2.44951300028902855E-006
 LTM d(wg2)/d(wg2)   0.0000000000000000     
 B before wg2 wg2 ==>    0.0000000000000000        0.0000000000000000     
 Q value wg2 wg2 ==>   2.93454751906339301E-005  2.44951300028902855E-006
 B after wg2 wg2 ==>  2.83164111335101113E-005  2.44951300028902855E-006
 LTM d(wg2)/d(wg2)   0.0000000000000000     
 B before wg2 wg2 ==>    0.0000000000000000        0.0000000000000000     
 Q value wg2 wg2 ==>   2.93454751906339267E-005  2.44951300028902770E-006
 B after wg2 wg2 ==>  2.83164111335101011E-005  2.44951300028902770E-006
 LTM d(wg2)/d(wg2)   0.0000000000000000     
 B before wg2 wg2 ==>    0.0000000000000000        0.0000000000000000     
 Q value wg2 wg2 ==>   2.93454751906339301E-005  2.44951300028902855E-006
 B after wg2 wg2 ==>  2.83164111335101113E-005  2.44951300028902855E-006
 LTM d(wg2)/d(wg2)   0.0000000000000000     
 B before wg2 wg2 ==>    0.0000000000000000        0.0000000000000000     
 Q value wg2 wg2 ==>   2.93454751906339301E-005  2.44951300028902855E-006
 B after wg2 wg2 ==>  2.83164111335101113E-005  2.44951300028902855E-006
 LTM d(wg2)/d(wg2)   0.0000000000000000     
 B before wg2 wg2 ==>    0.0000000000000000        0.0000000000000000     
 Q value wg2 wg2 ==>   2.93454751906339267E-005  2.44951300028902770E-006
 B after wg2 wg2 ==>  2.83164111335101011E-005  2.44951300028902770E-006
 LTM d(wg2)/d(wg2)   0.0000000000000000     
 B before wg2 wg2 ==>    0.0000000000000000        0.0000000000000000     
 Q value wg2 wg2 ==>   2.97741698954513687E-005  2.52160339331755398E-006
 B after wg2 wg2 ==>  2.91497772791607756E-005  2.52160339331755398E-006
 LTM d(wg2)/d(wg2)   0.0000000000000000     
 B before wg2 wg2 ==>    0.0000000000000000        0.0000000000000000     
 Q value wg2 wg2 ==>   2.97741698954513687E-005  2.52160339331755398E-006
 B after wg2 wg2 ==>  2.91497772791607756E-005  2.52160339331755398E-006
 LTM d(wg2)/d(wg2)   0.0000000000000000     
 B before wg2 wg2 ==>    0.0000000000000000        0.0000000000000000     
 Q value wg2 wg2 ==>   2.97741698954513687E-005  2.52160339331755398E-006
 B after wg2 wg2 ==>  2.91497772791607756E-005  2.52160339331755398E-006
 LTM d(wg2)/d(wg2)   0.0000000000000000     
 B before wg2 wg2 ==>    0.0000000000000000        0.0000000000000000     
 Q value wg2 wg2 ==>   2.97741698954513687E-005  2.52160339331755398E-006
 B after wg2 wg2 ==>  2.91497772791607756E-005  2.52160339331755398E-006
 LTM d(wg2)/d(wg2)   0.0000000000000000     
 B before wg2 wg2 ==>    0.0000000000000000        0.0000000000000000     
 Q value wg2 wg2 ==>   2.97741698954513687E-005  2.52160339331755398E-006
 B after wg2 wg2 ==>  2.91497772791607756E-005  2.52160339331755398E-006
 LTM d(wg2)/d(wg2)   0.0000000000000000     
 B before wg2 wg2 ==>    0.0000000000000000        0.0000000000000000     
 Q value wg2 wg2 ==>   2.97741698954513687E-005  2.52160339331755398E-006
 B after wg2 wg2 ==>  2.91497772791607756E-005  2.52160339331755398E-006
 LTM d(wg2)/d(wg2)   0.0000000000000000     
 B before wg2 wg2 ==>    0.0000000000000000        0.0000000000000000     
 Q value wg2 wg2 ==>   2.97741698954513687E-005  2.52160339331755398E-006
 B after wg2 wg2 ==>  2.91497772791607756E-005  2.52160339331755398E-006
 LTM d(wg2)/d(wg2)   0.0000000000000000     
 B before wg2 wg2 ==>    0.0000000000000000        0.0000000000000000     
 Q value wg2 wg2 ==>   2.97741698954513687E-005  2.52160339331755398E-006
 B after wg2 wg2 ==>  2.91497772791607756E-005  2.52160339331755398E-006
 LTM d(wg2)/d(wg2)   0.0000000000000000     
 B before wg2 wg2 ==>    0.0000000000000000        0.0000000000000000     
 Q value wg2 wg2 ==>   2.97741698954513687E-005  2.52160339331755398E-006
 B after wg2 wg2 ==>  2.91497772791607756E-005  2.52160339331755398E-006
 LTM d(wg2)/d(wg2)   0.0000000000000000     
 B before wg2 wg2 ==>    0.0000000000000000        0.0000000000000000     
 Q value wg2 wg2 ==>   2.97741698954513687E-005  2.52160339331755398E-006
 B after wg2 wg2 ==>  2.91497772791607756E-005  2.52160339331755398E-006
 LTM d(wg2)/d(wg2)   0.0000000000000000     
 B before wg2 wg2 ==>    0.0000000000000000        0.0000000000000000     
 Q value wg2 wg2 ==>   2.89567310871140741E-005  2.38504469404853643E-006
 B after wg2 wg2 ==>  2.75711564382415392E-005  2.38504469404853643E-006
 LTM d(wg2)/d(wg2)   0.0000000000000000     
 B before wg2 wg2 ==>    0.0000000000000000        0.0000000000000000     
 Q value wg2 wg2 ==>   2.94042378664160257E-005  2.45933284836913531E-006
 B after wg2 wg2 ==>  2.84299287410803134E-005  2.45933284836913531E-006
 LTM d(wg2)/d(wg2)   0.0000000000000000     
 B before wg2 wg2 ==>    0.0000000000000000        0.0000000000000000     
 Q value wg2 wg2 ==>   2.77337176582312260E-005  2.18783031508334000E-006
 B after wg2 wg2 ==>  2.52913549284886031E-005  2.18783031508334000E-006
 LTM d(wg2)/d(wg2)   0.0000000000000000     
 B before wg2 wg2 ==>    0.0000000000000000        0.0000000000000000     
 Q value wg2 wg2 ==>   2.77337176582312260E-005  2.18783031508334000E-006
 B after wg2 wg2 ==>  2.52913549284886031E-005  2.18783031508334000E-006
 LTM d(wg2)/d(wg2)   0.0000000000000000     
 B before wg2 wg2 ==>    0.0000000000000000        0.0000000000000000     
 Q value wg2 wg2 ==>   2.89567310871140741E-005  2.38504469404853643E-006
 B after wg2 wg2 ==>  2.75711564382415392E-005  2.38504469404853643E-006
 LTM d(wg2)/d(wg2)   0.0000000000000000     
 B before wg2 wg2 ==>    0.0000000000000000        0.0000000000000000     
 Q value wg2 wg2 ==>   2.97741698954513687E-005  2.52160339331755398E-006
 B after wg2 wg2 ==>  2.91497772791607756E-005  2.52160339331755398E-006
 LTM d(wg2)/d(wg2)   0.0000000000000000     
 B before wg2 wg2 ==>    0.0000000000000000        0.0000000000000000     
 Q value wg2 wg2 ==>   2.97741698954513687E-005  2.52160339331755398E-006
 B after wg2 wg2 ==>  2.91497772791607756E-005  2.52160339331755398E-006
 LTM d(wg2)/d(wg2)   0.0000000000000000     
 B before wg2 wg2 ==>    0.0000000000000000        0.0000000000000000     
 Q value wg2 wg2 ==>   2.97741698954513687E-005  2.52160339331755398E-006
 B after wg2 wg2 ==>  2.91497772791607756E-005  2.52160339331755398E-006
 LTM d(wg2)/d(wg2)   0.0000000000000000     
 B before wg2 wg2 ==>    0.0000000000000000        0.0000000000000000     
 Q value wg2 wg2 ==>   2.97741698954513687E-005  2.52160339331755398E-006
 B after wg2 wg2 ==>  2.91497772791607756E-005  2.52160339331755398E-006
 LTM d(wg2)/d(wg2)   0.0000000000000000     
 B before wg2 wg2 ==>    0.0000000000000000        0.0000000000000000     
 Q value wg2 wg2 ==>   2.77337176582312260E-005  2.18783031508334000E-006
 B after wg2 wg2 ==>  2.52913549284886031E-005  2.18783031508334000E-006
 LTM d(wg2)/d(wg2)   0.0000000000000000     
 B before wg2 wg2 ==>    0.0000000000000000        0.0000000000000000     
 Q value wg2 wg2 ==>   2.77337176582312260E-005  2.18783031508334000E-006
 B after wg2 wg2 ==>  2.52913549284886031E-005  2.18783031508334000E-006
 LTM d(wg2)/d(wg2)   0.0000000000000000     
 B before wg2 wg2 ==>    0.0000000000000000        0.0000000000000000     
 Q value wg2 wg2 ==>   2.89567310871140741E-005  2.38504469404853643E-006
 B after wg2 wg2 ==>  2.75711564382415392E-005  2.38504469404853643E-006
 LTM d(wg2)/d(wg2)   0.0000000000000000     
 B before wg2 wg2 ==>    0.0000000000000000        0.0000000000000000     
 Q value wg2 wg2 ==>   2.92645864363604198E-005  2.43602778820610943E-006
 B after wg2 wg2 ==>  2.81605218569406645E-005  2.43602778820610943E-006
 LTM d(wg2)/d(wg2)   0.0000000000000000     
 B before wg2 wg2 ==>    0.0000000000000000        0.0000000000000000     
 Q value wg2 wg2 ==>   2.97741698954513687E-005  2.52160339331755398E-006
 B after wg2 wg2 ==>  2.91497772791607756E-005  2.52160339331755398E-006
 LTM d(wg2)/d(wg2)   0.0000000000000000     
 B before wg2 wg2 ==>    0.0000000000000000        0.0000000000000000     
 Q value wg2 wg2 ==>   2.89567310871140741E-005  2.38504469404853643E-006
 B after wg2 wg2 ==>  2.75711564382415392E-005  2.38504469404853643E-006
 LTM d(wg2)/d(wg2)   0.0000000000000000     
 B before wg2 wg2 ==>    0.0000000000000000        0.0000000000000000     
 Q value wg2 wg2 ==>   2.82625168526286871E-005  2.27205648738167606E-006
 B after wg2 wg2 ==>  2.62650108848848853E-005  2.27205648738167606E-006
 LTM d(wg2)/d(wg2)   0.0000000000000000     
 B before wg2 wg2 ==>    0.0000000000000000        0.0000000000000000     
 Q value wg2 wg2 ==>   2.84954954799046985E-005  2.30966972485765470E-006
 B after wg2 wg2 ==>  2.66998205373776437E-005  2.30966972485765470E-006
 LTM d(wg2)/d(wg2)   0.0000000000000000     
 B before wg2 wg2 ==>    0.0000000000000000        0.0000000000000000     
 Q value wg2 wg2 ==>   2.88118473410588964E-005  2.36123746760386208E-006
 B after wg2 wg2 ==>  2.72959445035114792E-005  2.36123746760386208E-006
 LTM d(wg2)/d(wg2)   0.0000000000000000     
 B before wg2 wg2 ==>    0.0000000000000000        0.0000000000000000     
 Q value wg2 wg2 ==>   2.90936028119118281E-005  2.40764508324205215E-006
 B after wg2 wg2 ==>  2.78324173142219536E-005  2.40764508324205215E-006
 LTM d(wg2)/d(wg2)   0.0000000000000000     
 B before wg2 wg2 ==>    0.0000000000000000        0.0000000000000000     
 Q value wg2 wg2 ==>   2.90936028119118281E-005  2.40764508324205215E-006
 B after wg2 wg2 ==>  2.78324173142219536E-005  2.40764508324205215E-006
 LTM d(wg2)/d(wg2)   0.0000000000000000     
 B before wg2 wg2 ==>    0.0000000000000000        0.0000000000000000     
 Q value wg2 wg2 ==>   2.90936028119118281E-005  2.40764508324205215E-006
 B after wg2 wg2 ==>  2.78324173142219536E-005  2.40764508324205215E-006
 LTM d(wg2)/d(wg2)   0.0000000000000000     
 B before wg2 wg2 ==>    0.0000000000000000        0.0000000000000000     
 Q value wg2 wg2 ==>   2.91592098578612317E-005  2.41851596667674069E-006
 B after wg2 wg2 ==>  2.79580849080190810E-005  2.41851596667674069E-006
 LTM d(wg2)/d(wg2)   0.0000000000000000     
 B before wg2 wg2 ==>    0.0000000000000000        0.0000000000000000     
 Q value wg2 wg2 ==>   2.93454751906339267E-005  2.44951300028902770E-006
 B after wg2 wg2 ==>  2.83164111335101011E-005  2.44951300028902770E-006
 LTM d(wg2)/d(wg2)   0.0000000000000000     
 B before wg2 wg2 ==>    0.0000000000000000        0.0000000000000000     
 Q value wg2 wg2 ==>   2.93454751906339267E-005  2.44951300028902770E-006
 B after wg2 wg2 ==>  2.83164111335101011E-005  2.44951300028902770E-006
 LTM d(wg2)/d(wg2)   0.0000000000000000     
 B before wg2 wg2 ==>    0.0000000000000000        0.0000000000000000     
 Q value wg2 wg2 ==>   2.93454751906339301E-005  2.44951300028902855E-006
 B after wg2 wg2 ==>  2.83164111335101113E-005  2.44951300028902855E-006
 LTM d(wg2)/d(wg2)   0.0000000000000000     
 B before wg2 wg2 ==>    0.0000000000000000        0.0000000000000000     
 Q value wg2 wg2 ==>   2.93454751906339301E-005  2.44951300028902855E-006
 B after wg2 wg2 ==>  2.83164111335101113E-005  2.44951300028902855E-006
 LTM d(wg2)/d(wg2)   0.0000000000000000     
 B before wg2 wg2 ==>    0.0000000000000000        0.0000000000000000     
 Q value wg2 wg2 ==>   2.93454751906339301E-005  2.44951300028902855E-006
 B after wg2 wg2 ==>  2.83164111335101113E-005  2.44951300028902855E-006
 LTM d(wg2)/d(wg2)   0.0000000000000000     
 B before wg2 wg2 ==>    0.0000000000000000        0.0000000000000000     
 Q value wg2 wg2 ==>   2.93454751906339267E-005  2.44951300028902770E-006
 B after wg2 wg2 ==>  2.83164111335101011E-005  2.44951300028902770E-006
 store B matrix after TL evolution ==>  2.63078661092648188E-006
 writing out B
 calculating jacobians           2
  and then PERFORMING ANALYSIS
 read in sim obs yf   284.00238875890938        284.00238905685239        284.00238885640425        284.00239151017792        284.00238897653685     
 read in sim obs yf   283.47494599761393        283.47494645214664        283.47494627320822        283.47495144506371        283.47494614248842     
 read in sim obs yf   281.89026370624993        281.89026741111508        281.89026313785234        281.89047375524234        281.89027057755777     
 read in sim obs yf   279.16562396413667        279.16563761746147        279.16561563648514        279.16623366046014        279.16565070625046     
 read in sim obs yf   278.65673211461603        278.65673825849984        278.65673221582972        278.65726835662520        278.65677403434154     
 read in sim obs yf   278.38069818497706        278.38070963345314        278.38069808091831        278.38117639828084        278.38073626477745     
 read in sim obs yf   277.46487681690786        277.46489876712246        277.46487647300609        277.46541231728213        277.46491875250672     
 read in sim obs yf   277.44008025332607        277.44008974808969        277.44008001570461        277.44065666474040        277.44011735879724     
 read in sim obs yf   277.58278128345268        277.58278568869400        277.58278112839110        277.58334146529415        277.58281822079192     
 read in sim obs yf   277.39330068921407        277.39331234200921        277.39330065209413        277.39392414035120        277.39334479172027     
 read in sim obs yf   277.66888200520646        277.66888627156470        277.66888217529896        277.66947047750512        277.66891814690894     
 read in sim obs yf   277.81917958615259        277.81918430426788        277.81917980624547        277.81970442621082        277.81921277400534     
 read in sim obs yf   277.54962872222717        277.54963734609413        277.54962870926056        277.55020434932385        277.54966708701090     
 read in sim obs yf   277.60333563538694        277.60334972615573        277.60333608641730        277.60428124037475        277.60340448133582     
 read in sim obs yf   278.13735726098986        278.13736979617391        278.13735750572317        278.13812228894727        278.13740604037565     
 read in sim obs yf   278.57504090495274        278.57505134575655        278.57504066211277        278.57567230417811        278.57507597900883     
 read in sim obs yf   278.83271829677551        278.83272207421351        278.83271833788586        278.83334572938105        278.83274681950627     
 read in sim obs yf   278.51683978819193        278.51684476934309        278.51683979480737        278.51765111337568        278.51687909597251     
 read in sim obs yf   278.57568164482353        278.57569000201903        278.57568139923734        278.57647060490228        278.57572296585181     
 read in sim obs yf   279.07277291247607        279.07277977365663        279.07277261887981        279.07341697070473        279.07280740009884     
 read in sim obs yf   278.84258624614051        278.84259417281061        278.84258624495584        278.84337238647589        278.84262447593119     
 read in sim obs yf   278.62795921519449        278.62796471129832        278.62795874554178        278.62885440424344        278.62799561528544     
 read in sim obs yf   278.28568541721927        278.28568938284639        278.28568572039404        278.28630564605368        278.28570764255124     
 read in sim obs yf   278.40901499978838        278.40902015486438        278.40901546855093        278.40963200113521        278.40903707981215     
 read in sim obs yf   278.54037916877689        278.54038411195836        278.54037907450044        278.54100939256296        278.54040456498535     
 read in sim obs yf   278.49049864583162        278.49050783462150        278.49049876534770        278.49113017497183        278.49053034853699     
 read in sim obs yf   278.47412819335727        278.47414157370270        278.47412768884885        278.47476778682579        278.47416616307743     
 read in sim obs yf   283.55207913794698        283.55207946806155        283.55207908294148        283.55208603772485        283.55207919194231     
 read in sim obs yf   281.35589706687034        281.35590857560106        281.35589670624859        281.35611415828640        281.35591289807758     
 read in sim obs yf   280.02761346435835        280.02761809116043        280.02761254917561        280.02789447177531        280.02763294313968     
 read in sim obs yf   278.55210547202500        278.55211247886638        278.55210602167818        278.55262779188411        278.55213918472009     
 read in sim obs yf   278.04211888060155        278.04212740425845        278.04211883934568        278.04265454661333        278.04215944189554     
 read in sim obs yf   277.49399820106959        277.49400969143653        277.49399773235075        277.49459680340630        277.49404287912478     
 read in sim obs yf   277.59919963522401        277.59921026170633        277.59920010398162        277.59975036313449        277.59924002417836     
 read in sim obs yf   277.28832347930472        277.28833183047345        277.28832319793713        277.28890941553163        277.28836354034496     
 read in sim obs yf   277.14652559389322        277.14653417378622        277.14652522609475        277.14710760499617        277.14656790457695     
 read in sim obs yf   277.33015622616927        277.33016520405198        277.33015645969238        277.33074176182384        277.33019832049729     
 read in sim obs yf   277.25331603515957        277.25332860794589        277.25331590383718        277.25391954770680        277.25335960840539     
 read in sim obs yf   277.54998831405067        277.54999346637959        277.54998829954286        277.55055351911875        277.55002390164316     
 read in sim obs yf   277.60935498037060        277.60936211951417        277.60935471141175        277.61016922884596        277.60940924119774     
 read in sim obs yf   277.78469764588851        277.78470936154008        277.78469731958438        277.78553229599731        277.78475794785197     
 read in sim obs yf   278.06139661214308        278.06140579889603        278.06139718245078        278.06214557942326        278.06144478683467     
 read in sim obs yf   278.33767142665226        278.33767877938232        278.33767150701021        278.33834582899630        278.33771163972301     
 read in sim obs yf   278.95660670447580        278.95661028207797        278.95660621458899        278.95715245324612        278.95663646962362     
 read in sim obs yf   278.74281548155199        278.74282009819768        278.74281521380448        278.74347511638490        278.74285035793429     
 read in sim obs yf   278.67589322178236        278.67590002895037        278.67589324086987        278.67665109820649        278.67593373054837     
 read in sim obs yf   278.97213024184464        278.97213657117328        278.97213037961222        278.97276860375871        278.97216137708631     
 read in sim obs yf   279.07474303138554        279.07474780681349        279.07474272934519        279.07529610119184        279.07476502123308     
 read in sim obs yf   278.50370080278014        278.50370649931648        278.50370086571047        278.50456522907120        278.50373179573853     
 read in sim obs yf   278.39731021651431        278.39731400208723        278.39731004125485        278.39791988825078        278.39733231032875     
 read in sim obs yf   278.38506882227568        278.38507401597758        278.38506869948401        278.38569963960117        278.38509648404835     
 read in sim obs yf   278.56252252782309        278.56252743528665        278.56252233863808        278.56316674979138        278.56255206309334     
 read in sim obs yf   278.78380825523817        278.78381419414433        278.78380781179180        278.78440642412073        278.78383961236278     
 read in sim obs yf   278.54141976364826        278.54142748191771        278.54141966491176        278.54206592621694        278.54145765408487     
 read in sim obs yf   283.85674018653850        283.85674071941708        283.85674021410694        283.85674327850137        283.85674057577069     
 read in sim obs yf   282.35583376554428        282.35583255428105        282.35583397842919        282.35598859192589        282.35583939412038     
 read in sim obs yf   279.28566099068496        279.28567514457791        279.28565839625122        279.28617938551872        279.28569661586442     
 read in sim obs yf   278.24683700481273        278.24685422274371        278.24683747449541        278.24731039111754        278.24687801909744     
 read in sim obs yf   277.56781379444408        277.56783627280976        277.56781370353451        277.56838755729535        277.56786185648849     
 read in sim obs yf   277.64676780225403        277.64677557524124        277.64676737294030        277.64731589697482        277.64680674677930     
 read in sim obs yf   277.41293523580822        277.41294616274075        277.41293511453290        277.41349153236098        277.41297584422148     
 read in sim obs yf   277.38713903472490        277.38714444973482        277.38713902401440        277.38771752576503        277.38718106191521     
 read in sim obs yf   277.44809817912034        277.44810488418443        277.44809860132312        277.44865008459959        277.44813805191228     
 read in sim obs yf   277.15224365924098        277.15225431248535        277.15224396112416        277.15285189933701        277.15228804576338     
 read in sim obs yf   276.77891306783016        276.77893959548311        276.77891288727363        276.77957342249107        276.77897177805255     
 read in sim obs yf   276.85593652571509        276.85596084655202        276.85593670921861        276.85657195694176        276.85599098003621     
 read in sim obs yf   277.23021816113788        277.23023146537338        277.23021812881507        277.23081672475121        277.23026245578978     
 read in sim obs yf   277.90648750902812        277.90649416888783        277.90648735491106        277.90743003986995        277.90655183264874     
 read in sim obs yf   278.67002243403851        278.67002508552667        278.67002247828873        278.67053819718353        278.67005045426743     
 read in sim obs yf   278.35358995967283        278.35360561702481        278.35358997180236        278.35418689206068        278.35363362494752     
 read in sim obs yf   278.64528487683708        278.64528965080251        278.64528502711471        278.64586653976141        278.64531778555533     
 read in sim obs yf   278.63884485107138        278.63885518895751        278.63884502895166        278.63941279903793        278.63887915576112     
 read in sim obs yf   278.67623059943924        278.67623532348819        278.67623061708065        278.67691557870722        278.67626624846446     
 read in sim obs yf   278.87557775465740        278.87558215715330        278.87557830625786        278.87619226468013        278.87560692108252     
 read in sim obs yf   279.29917414596713        279.29917647680605        279.29917357618393        279.29947976975677        279.29918337593335     
 read in sim obs yf   279.00056784618749        279.00057204707065        279.00056786206886        279.00101456590130        279.00058228731825     
 read in sim obs yf   278.33512304521588        278.33513040205651        278.33512313649641        278.33605158213265        278.33516395548099     
 read in sim obs yf   278.24815735934607        278.24816138550710        278.24815712917990        278.24877024018082        278.24818448823731     
 read in sim obs yf   278.43851055382049        278.43851496712762        278.43851089616231        278.43912817162908        278.43854023520305     
 read in sim obs yf   278.56940336595920        278.56940756813214        278.56940314728229        278.57003352436777        278.56943428150618     
 read in sim obs yf   279.15565049747988        279.15565375401837        279.15564984866262        279.15615910532188        279.15567794553647     
 read in sim obs yf   278.58307549137191        278.58308036568297        278.58307521409506        278.58370529198629        278.58311402692107     
 read in sim obs yf   282.36296381886302        282.36296051352423        282.36296400118795        282.36318648775909        282.36297013323042     
 read in sim obs yf   281.44890431189054        281.44890039838282        281.44890424682080        281.44909120236105        281.44891100902100     
 read in sim obs yf   278.55277467379693        278.55278306794202        278.55277313801270        278.55331918972865        278.55280560893607     
 read in sim obs yf   277.57124380062157        277.57126835602918        277.57124369501071        277.57183829894711        277.57129532958413     
 read in sim obs yf   277.21634749661018        277.21637817800928        277.21634752373842        277.21695753000625        277.21640152629118     
 read in sim obs yf   277.69585833389590        277.69587088703958        277.69585838836542        277.69636557598756        277.69589722058220     
 read in sim obs yf   277.30024901586046        277.30025526521814        277.30024868337892        277.30082075650984        277.30028836865802     
 read in sim obs yf   277.01770564118505        277.01771651144327        277.01770582552081        277.01830629529644        277.01774879783773     
 read in sim obs yf   277.10014727316718        277.10016148140255        277.10014710415055        277.10068398827860        277.10018963849438     
 read in sim obs yf   277.22866802881759        277.22868480651147        277.22866800313886        277.22941240965139        277.22872759751766     
 read in sim obs yf   277.71782050864488        277.71783510893761        277.71782046898250        277.71861595260458        277.71788783132263     
 read in sim obs yf   277.88374575586630        277.88377119558197        277.88374569922257        277.88438344505226        277.88378164441400     
 read in sim obs yf   278.55748407713787        278.55748691015378        278.55748390954813        278.55783896017618        278.55749765193099     
 read in sim obs yf   278.48865764676623        278.48866059080126        278.48865777417291        278.48915733092144        278.48868102133781     
 read in sim obs yf   278.72064990833911        278.72065456073847        278.72064973559526        278.72096581266339        278.72066953861554     
 read in sim obs yf   279.05864747922413        279.05865436318942        279.05864724617078        279.05898577613658        279.05867295899498     
 read in sim obs yf   279.32511543332680        279.32511633393841        279.32511544654659        279.32524822295642        279.32511838500170     
 read in sim obs yf   279.28526877180406        279.28527112507271        279.28526895581030        279.28542342944166        279.28527315881053     
 read in sim obs yf   278.64660661975591        278.64662735799578        278.64660676436841        278.64717158790171        278.64664993979517     
 read in sim obs yf   278.41155227414151        278.41156714380702        278.41155273202907        278.41224209741574        278.41159378854877     
 read in sim obs yf   278.84169212593065        278.84169658308520        278.84169212857836        278.84230821690187        278.84171716712888     
 read in sim obs yf   278.39597875489756        278.39598670776763        278.39597858534489        278.39681545655338        278.39601681669427     
 read in sim obs yf   278.16222671480620        278.16223435053388        278.16222685294662        278.16277936870387        278.16225463913366     
 read in sim obs yf   278.25542347443599        278.25542957145120        278.25542321312645        278.25603755346827        278.25545337153375     
 read in sim obs yf   278.62427721706354        278.62428133072336        278.62427676319220        278.62485734722657        278.62430459699806     
 read in sim obs yf   278.55829281164438        278.55829703173902        278.55829264058832        278.55893506177910        278.55832651704947     
 read in sim obs yf   278.87076283402445        278.87076932686188        278.87076271207246        278.87133234870680        278.87079686546605     
 read in sim obs yf   278.35868602835291        278.35870028910165        278.35868532445062        278.35934252638930        278.35872968762345     
 read in sim obs yf   282.59565027314545        282.59564936924266        282.59565015234438        282.59581478963605        282.59565423078351     
 read in sim obs yf   281.38931689228900        281.38931585166381        281.38931638842666        281.38960460909897        281.38932296543413     
 read in sim obs yf   280.15053208484352        280.15054067852356        280.15053133700991        280.15079738038577        280.15054378268991     
 read in sim obs yf   278.00252559941771        278.00253141017345        278.00252503367255        278.00312408310469        278.00255579448253     
 read in sim obs yf   276.97363689960332        276.97368185633377        276.97363657863207        276.97428243997291        276.97369815716746     
 read in sim obs yf   277.82186125258920        277.82187082571988        277.82186146118812        277.82234992539298        277.82189582566605     
 read in sim obs yf   278.20814131480222        278.20815095904311        278.20814125614856        278.20851228175155        278.20817057341645     
 read in sim obs yf   277.22574131235461        277.22574976447027        277.22574129921998        277.22632055623819        277.22578075293796     
 read in sim obs yf   276.95681175090414        276.95682688453581        276.95681219623691        276.95742094033073        276.95685636768661     
 read in sim obs yf   276.75352019271105        276.75355162066461        276.75352012099069        276.75414927986463        276.75346092022994     
 read in sim obs yf   277.18360798004693        277.18363177233988        277.18360814749968        277.18437228279737        277.18366968441273     
 read in sim obs yf   278.64074416232455        278.64075172038065        278.64074433206412        278.64105591018051        278.64076110997917     
 read in sim obs yf   278.60771863836487        278.60772000196783        278.60771825546510        278.60785840102494        278.60772174109269     
 read in sim obs yf   278.62752673313651        278.62752737059674        278.62752695952713        278.62764862306278        278.62752981252618     
 read in sim obs yf   278.74809967645643        278.74810081362051        278.74809938606035        278.74828158091861        278.74810608474525     
 read in sim obs yf   278.53582040525384        278.53582674417191        278.53582033051663        278.53634315128687        278.53585899647948     
 read in sim obs yf   279.24134719907670        279.24134823480910        279.24134757133498        279.24147315661969        279.24135094364021     
 read in sim obs yf   279.14554096905204        279.14554146513120        279.14554105775488        279.14566110371260        279.14554343811176     
 read in sim obs yf   279.17696013108213        279.17696127067268        279.17696008511950        279.17708222021344        279.17696256312331     
 read in sim obs yf   279.33864038988509        279.33864612802165        279.33864034513567        279.33892832066925        279.33866137461393     
 read in sim obs yf   278.29840302765643        278.29842363336780        278.29840327632240        278.29905624405399        278.29844953472065     
 read in sim obs yf   278.21293402126827        278.21295615322691        278.21293394207260        278.21361724133851        278.21298479418431     
 read in sim obs yf   277.75736658472448        277.75738806314416        277.75736637556389        277.75795065889218        277.75740748151679     
 read in sim obs yf   278.14983676332776        278.14984858419041        278.14983695457278        278.15037377545121        278.14986956159652     
 read in sim obs yf   277.96543696552959        277.96545394317582        277.96543725293952        277.96606557514269        277.96547622878728     
 read in sim obs yf   278.43266892217048        278.43267473328342        278.43266859536038        278.43329016372502        278.43270069301127     
 read in sim obs yf   278.18285465116764        278.18287405487882        278.18285400670516        278.18352685743616        278.18290129437213     
 read in sim obs yf   278.14605757821749        278.14608259481628        278.14605778566045        278.14675434938567        278.14611398346318     
 read in sim obs yf   278.50152242605770        278.50153367964072        278.50152180413517        278.50214603078990        278.50156036350177     
 read in sim obs yf   281.77098682071852        281.77098238768184        281.77098676355268        281.77129231635513        281.77099730351915     
 read in sim obs yf   280.73630091758736        280.73630648382971        280.73630043585325        280.73695836424156        280.73632094976909     
 read in sim obs yf   279.73702647875837        279.73703296266922        279.73702403229947        279.73760039646186        279.73705393602324     
 read in sim obs yf   277.95639441129623        277.95640168484624        277.95639473746337        277.95700312648768        277.95643090844044     
 read in sim obs yf   276.95348032009161        276.95351836741929        276.95348077970306        276.95415693163102        276.95354021302063     
 read in sim obs yf   277.54587452805447        277.54588315797702        277.54587453117864        277.54642318058978        277.54591081468578     
 read in sim obs yf   277.08282091733190        277.08285111992177        277.08282151676735        277.08343999846335        277.08287371595162     
 read in sim obs yf   276.80251214898806        276.80254488629930        276.80251186728373        276.80315106083390        276.80256527787066     
 read in sim obs yf   277.16644753626917        277.16647413300882        277.16644777727311        277.16721089975272        277.16651412019678     
 read in sim obs yf   276.56495246188530        276.56498349981280        276.56495250419408        276.56579543032115        276.56501697773353     
 read in sim obs yf   276.73008563522524        276.73011432421305        276.73008566394753        276.73087916084427        276.73014648555221     
 read in sim obs yf   278.51720007420812        278.51721269088569        278.51720007927941        278.51758516679411        278.51722619191838     
 read in sim obs yf   278.64340292040180        278.64340561482811        278.64340307874556        278.64354452591607        278.64340806366164     
 read in sim obs yf   278.72217643810728        278.72217692289468        278.72217625882047        278.72231667632349        278.72218148855524     
 read in sim obs yf   278.35565518298341        278.35566042413035        278.35565518626134        278.35624234288156        278.35569468067359     
 read in sim obs yf   277.70586026245371        277.70588043557149        277.70586027405398        277.70655397575069        277.70592273987995     
 read in sim obs yf   279.31938001316126        279.31938231140748        279.31938005096367        279.31950531696458        279.31938574836130     
 read in sim obs yf   279.09045955432765        279.09046152763801        279.09045918492484        279.09058668384398        279.09046278247672     
 read in sim obs yf   279.20608706878539        279.20608816139338        279.20608689798206        279.20619937140697        279.20609016070085     
 read in sim obs yf   279.57569678727356        279.57569797788142        279.57569642066824        279.57582579598380        279.57570360886211     
 read in sim obs yf   279.50870996758192        279.50872098492385        279.50870988808828        279.50917046221923        279.50875504864916     
 read in sim obs yf   279.68919521269146        279.68919760860604        279.68919505381103        279.68938164437679        279.68920537151433     
 read in sim obs yf   279.29618495216022        279.29619492392828        279.29618508937881        279.29676485312035        279.29622473009158     
 read in sim obs yf   278.50153908668284        278.50154825766407        278.50153915887853        278.50224182687674        278.50158049506661     
 read in sim obs yf   278.22916910616436        278.22918565840257        278.22916895738359        278.22979289653244        278.22921083545742     
 read in sim obs yf   278.01747226264496        278.01750026342216        278.01747232702672        278.01814740855781        278.01752465424011     
 read in sim obs yf   278.41145092200594        278.41146093249375        278.41145068613810        278.41210256833267        278.41149243653257     
 read in sim obs yf   278.47859948859883        278.47860869658240        278.47859896492605        278.47924313010265        278.47864439496982     
 read in sim obs yf   278.68521067632872        278.68521955104211        278.68520996129087        278.68582530896282        278.68524076123833     
 read in sim obs yf   283.34669736550558        283.34669733271562        283.34669749659560        283.34670825169621        283.34669835567593     
 read in sim obs yf   282.71690491370612        282.71690520259898        282.71690496738603        282.71693505802079        282.71690664590477     
 read in sim obs yf   281.90295840832778        281.90295862175799        281.90296056227839        281.90305775135232        281.90296387629473     
 read in sim obs yf   281.06310254845425        281.06310203402285        281.06310205439746        281.06319054980509        281.06310484079734     
 read in sim obs yf   280.17541681089932        280.17541564575731        280.17541248545888        280.17553220769122        280.17542084331552     
 read in sim obs yf   279.34595995781353        279.34596151899393        279.34595988169178        279.34612899320075        279.34596913265619     
 read in sim obs yf   277.20873567355108        277.20877261495252        277.20873573330420        277.20941115855254        277.20879318315980     
 read in sim obs yf   277.34257811051231        277.34260095219003        277.34257829079405        277.34313624828371        277.34261949601290     
 read in sim obs yf   276.79289688576949        276.79293796888942        276.79289733946666        276.79353604924290        276.79295349694024     
 read in sim obs yf   276.27494373881228        276.27500301219624        276.27494363574579        276.27562352972723        276.27501137311958     
 read in sim obs yf   276.61009511958844        276.61013927433970        276.61009496841154        276.61085777076056        276.61016582997615     
 read in sim obs yf   276.43091912192898        276.43096425988813        276.43091904452740        276.43162745723174        276.43098310150492     
 read in sim obs yf   276.02874968278928        276.02879963460953        276.02874924655384        276.02946160096587        276.02881552458939     
 read in sim obs yf   278.35399814498595        278.35401935521224        278.35399746117639        278.35458881912098        278.35405985876895     
 read in sim obs yf   278.85371901462196        278.85372067561042        278.85371896572133        278.85384400945247        278.85372460427698     
 read in sim obs yf   278.87026787462270        278.87026881472570        278.87026775479205        278.87040284899405        278.87027413897158     
 read in sim obs yf   277.18697550888049        277.18699929574143        277.18697496770989        277.18773417010766        277.18703790347053     
 read in sim obs yf   278.36095256754930        278.36097029560000        278.36095185393236        278.36128899180704        278.36098303450342     
 read in sim obs yf   279.49485874045013        279.49486214402702        279.49485872032415        279.49500513650088        279.49486912824244     
 read in sim obs yf   279.28329657031639        279.28329823257479        279.28329676277576        279.28342559510776        279.28330234803047     
 read in sim obs yf   279.39673598935411        279.39673746863116        279.39673569560148        279.39686065713033        279.39674163341238     
 read in sim obs yf   279.58786182031406        279.58786299129929        279.58786209575794        279.58797176795741        279.58786654499391     
 read in sim obs yf   279.63044290691937        279.63044470341163        279.63044230566703        279.63057187129374        279.63044827562163     
 read in sim obs yf   279.73402895463892        279.73402919566058        279.73402929778661        279.73411702860653        279.73403073033552     
 read in sim obs yf   279.64469121228097        279.64469159740707        279.64469124414876        279.64481008533915        279.64469448162004     
 read in sim obs yf   279.66057087050979        279.66057192421312        279.66057083431588        279.66069974062157        279.66057550952308     
 read in sim obs yf   279.32332858129269        279.32333226155282        279.32332860217105        279.32396538840140        279.32336416209176     
 read in sim obs yf   278.81461166833481        278.81462033432052        278.81461178705177        278.81527289516191        278.81465062527730     
 read in sim obs yf   278.44894149347277        278.44894797252920        278.44894109691683        278.44955397908581        278.44897463352493     
 read in sim obs yf   278.51928056975839        278.51929248888842        278.51928056591242        278.51986136511960        278.51932056885511     
 read in sim obs yf   278.93161021339370        278.93161938484877        278.93160913645437        278.93217674737429        278.93163306607380     
 read in sim obs yf   282.96796664900785        282.96796028520623        282.96796701499341        282.96805478136616        282.96797086217043     
 read in sim obs yf   282.29850316644121        282.29850065927087        282.29849043544539        282.29862825528812        282.29850747418118     
 read in sim obs yf   281.72810584286276        281.72810425576074        281.72809972178123        281.72819865491891        281.72810804588346     
 read in sim obs yf   281.11315314861338        281.11315185925724        281.11314896908641        281.11325233530107        281.11315746456194     
 read in sim obs yf   280.58625810536569        280.58625836009890        280.58625757253913        280.58639815350080        280.58626443049161     
 read in sim obs yf   280.14049822342110        280.14049919717854        280.14049821278326        280.14062772333523        280.14050507374617     
 read in sim obs yf   279.53207163483319        279.53207636676774        279.53207145520929        279.53221775121136        279.53208614393225     
 read in sim obs yf   276.95496728087511        276.95500601999595        276.95496773411344        276.95573687289010        276.95503272558744     
 read in sim obs yf   276.52543901286305        276.52548816350821        276.52543922453009        276.52614556879126        276.52550010430701     
 read in sim obs yf   276.00888813517901        276.00895477963468        276.00888847826178        276.00958668963381        276.00895747133973     
 read in sim obs yf   276.73881302596840        276.73885280794417        276.73881232309463        276.73941473102127        276.73882596677231     
 read in sim obs yf   276.41560245398750        276.41564275731179        276.41560105385508        276.41627023382364        276.41566159226647     
 read in sim obs yf   275.92028762547847        275.92034261159245        275.92028695993184        275.92096073159280        275.92035567764549     
 read in sim obs yf   276.46687691589347        276.46692338423469        276.46687668437329        276.46754265972197        276.46694571244666     
 read in sim obs yf   278.96483219389017        278.96483436984124        278.96483236293790        278.96497927121510        278.96484112358996     
 read in sim obs yf   278.92217058093058        278.92217143731290        278.92217023864015        278.92229586693361        278.92217608993525     
 read in sim obs yf   278.07369354179843        278.07371728673940        278.07369197683113        278.07412217280842        278.07372920654751     
 read in sim obs yf   279.93619522645014        279.93620763682003        279.93619470309449        279.93639463112748        279.93621203617386     
 read in sim obs yf   279.51138538628425        279.51138459805350        279.51137627085689        279.51150566538087        279.51139158945330     
 read in sim obs yf   279.39761344893873        279.39761492680049        279.39761384561507        279.39772906948326        279.39761839777134     
 read in sim obs yf   279.55673491341474        279.55673682880030        279.55673462808176        279.55686927757171        279.55674383992010     
 read in sim obs yf   279.49523429870601        279.49523631329384        279.49523427697028        279.49536680143763        279.49523982671252     
 read in sim obs yf   279.44603477880878        279.44603548437379        279.44603496794673        279.44615190888385        279.44603758801514     
 read in sim obs yf   279.53822565320257        279.53822621006094        279.53822544720191        279.53835355999428        279.53822904798056     
 read in sim obs yf   279.73381583747715        279.73381746722572        279.73381618153832        279.73395875681086        279.73382177857621     
 read in sim obs yf   279.72858370702602        279.72858534521407        279.72858337932269        279.72874342347154        279.72859243105711     
 read in sim obs yf   279.07446396591638        279.07447290694392        279.07446366507213        279.07512672260344        279.07450747604133     
 read in sim obs yf   278.19200480527093        278.19202002907315        278.19200481577980        278.19264136918173        278.19204657835144     
 read in sim obs yf   278.01722374165502        278.01723785900123        278.01722380710197        278.01789819989699        278.01726919162394     
 read in sim obs yf   278.53416059048561        278.53416970884740        278.53416121705220        278.53476251585323        278.53419571270734     
 read in sim obs yf   279.12779948597654        279.12780972935548        279.12779826234157        279.12852748764971        279.12782141331229     
 read in sim obs yf   282.67472159952337        282.67471848550127        282.67469892574371        282.67485558559150        282.67472962914991     
 read in sim obs yf   281.92645752573554        281.92645839545258        281.92645749639769        281.92660484601532        281.92646296601572     
 read in sim obs yf   281.45997113206471        281.45997206004694        281.45997101956158        281.46009942225925        281.45997642777235     
 read in sim obs yf   281.00097230095804        281.00097258093621        281.00097207319720        281.00110427288070        281.00097744327127     
 read in sim obs yf   280.76447403450788        280.76447469596502        280.76447412621087        280.76462607898986        280.76448223223355     
 read in sim obs yf   280.68600665578731        280.68600744381473        280.68600638961891        280.68615311781042        280.68601355758034     
 read in sim obs yf   280.27002764107834        280.27002910009253        280.27002776945517        280.27016277552661        280.27003780974997     
 read in sim obs yf   279.16746426900943        279.16747097744991        279.16746426374698        279.16770114544335        279.16748545541986     
 read in sim obs yf   276.14297562216660        276.14304135614350        276.14297608472771        276.14367483265079        276.14304618872774     
 read in sim obs yf   276.18784685052037        276.18791042954393        276.18784503819012        276.18852406150557        276.18791667002188     
 read in sim obs yf   276.09416346180126        276.09422302678939        276.09416205100661        276.09481188659015        276.09423061491395     
 read in sim obs yf   276.92015490488143        276.92018328728182        276.92015342475952        276.92074978176350        276.92020025904515     
 read in sim obs yf   276.21053862180707        276.21062090740094        276.21053810059720        276.21152831167615        276.21065561962155     
 read in sim obs yf   276.56405556490461        276.56413033834895        276.56405491686786        276.56506029948042        276.56416728685821     
 read in sim obs yf   278.91483574076238        278.91484424508360        278.91483612409951        278.91516114098368        278.91487041446857     
 read in sim obs yf   279.06441066709800        279.06441198823433        279.06441110353290        279.06454958509630        279.06441809108946     
 read in sim obs yf   279.44555439745380        279.44556273990122        279.44555389446106        279.44578885559798        279.44556623172076     
 read in sim obs yf   280.30733216889911        280.30733981546427        280.30733144319555        280.30750589505124        280.30734090523435     
 read in sim obs yf   279.39761553151698        279.39762048033322        279.39761384561507        279.39785540925004        279.39762881064979     
 read in sim obs yf   279.54235124047483        279.54235317906171        279.54235101679154        279.54248459269792        279.54235879554346     
 read in sim obs yf   279.65366365305067        279.65366680047032        279.65366364646178        279.65380866993615        279.65367385373725     
 read in sim obs yf   279.55909586281967        279.55909708020528        279.55909556736742        279.55920864578064        279.55909992720001     
 read in sim obs yf   279.58532038080477        279.58532155588944        279.58532066714150        279.58542206486209        279.58532441428713     
 read in sim obs yf   279.54246300550108        279.54246286133287        279.54246278133877        279.54258524800662        279.54246570109473     
 read in sim obs yf   279.76406597898432        279.76406686574688        279.76406619339059        279.76420116493807        279.76407119025049     
 read in sim obs yf   279.79350808017779        279.79350891944938        279.79350816839246        279.79366609757750        279.79351603352245     
 read in sim obs yf   279.32917715486980        279.32918568503726        279.32917715068061        279.32960277986274        279.32920717524291     
 read in sim obs yf   278.10425676421761        278.10426935279378        278.10425645663298        278.10491228464991        278.10429794649195     
 read in sim obs yf   277.99453197036837        277.99454543012553        277.99453143888456        277.99517786711442        277.99457467030538     
 read in sim obs yf   278.55009023058943        278.55010071163940        278.55009009469040        278.55068479733910        278.55012186308323     
 read in sim obs yf   279.31015419205255        279.31017247158684        279.31015288101810        279.31068721774869        279.31017729291983     
 read in sim obs yf   283.23360157185920        283.23360102730453        283.23359732836019        283.23362444199228        283.23360269528018     
 read in sim obs yf   282.26564563711719        282.26564387713870        282.26563998884927        282.26579865864016        282.26565276033784     
 read in sim obs yf   281.61106286947040        281.61106285954543        281.61106280356375        281.61119761827058        281.61106798716003     
 read in sim obs yf   281.27831964320330        281.27832017000333        281.27831961508559        281.27845060462363        281.27832515293471     
 read in sim obs yf   281.00234610833002        281.00234638609220        281.00234587468094        281.00248359769694        281.00235263740848     
 read in sim obs yf   280.84929049974932        280.84929102439480        280.84929022792090        280.84945559645695        280.84930068011892     
 read in sim obs yf   280.86691952360587        280.86692140819849        280.86691987040774        280.86710984342693        280.86693384835621     
 read in sim obs yf   280.93365712811482        280.93365751667437        280.93365718887310        280.93367771119910        280.93365818458813     
 read in sim obs yf   279.99025964885539        279.99026155914379        279.99025958796426        279.99034309988804        279.99026598200135     
 read in sim obs yf   278.38748391871195        278.38750785169111        278.38748378556897        278.38798069714841        278.38753656854709     
 read in sim obs yf   276.13389974668320        276.13399465134643        276.13389608300594        276.13489977225652        276.13400225676469     
 read in sim obs yf   276.28848257922482        276.28857376358337        276.28847964137066        276.28947925359955        276.28859462586155     
 read in sim obs yf   276.52219157936821        276.52222893399454        276.52219041657452        276.52275869119740        276.52221102312490     
 read in sim obs yf   276.02231312798722        276.02240335330197        276.02231271933948        276.02335564168834        276.02243867787365     
 read in sim obs yf   276.33325037286488        276.33333037794620        276.33325071408046        276.33429099702892        276.33337139125030     
 read in sim obs yf   278.77308506045517        278.77310420629840        278.77308466296944        278.77374251479586        278.77316571783837     
 read in sim obs yf   279.29867779817988        279.29868290658578        279.29867792471379        279.29899107087874        279.29870299514437     
 read in sim obs yf   280.00885984831240        280.00887075308884        280.00885901350944        280.00907609409728        280.00887518403806     
 read in sim obs yf   281.00859592529326        281.00859619297427        281.00859635904663        281.00862981909802        281.00859689347288     
 read in sim obs yf   278.63089773293353        278.63091919070405        278.63089655649645        278.63139300054610        278.63093621213807     
 read in sim obs yf   279.72345015193946        279.72345249259979        279.72345054042893        279.72357390565196        279.72345888201903     
 read in sim obs yf   279.72243246542746        279.72243619611254        279.72243285827875        279.72258956615042        279.72244466766557     
 read in sim obs yf   279.65933590167964        279.65933765156660        279.65933587077893        279.65947729925182        279.65934331891555     
 read in sim obs yf   279.71773625174802        279.71773721324183        279.71773597053800        279.71786015499106        279.71774151760030     
 read in sim obs yf   279.64878694926676        279.64878732778635        279.64878696357988        279.64890849183922        279.64879090797211     
 read in sim obs yf   279.76646302641007        279.76646390930620        279.76646323054246        279.76658634866681        279.76646823485203     
 read in sim obs yf   279.77999423070287        279.77999648015594        279.77999437683923        279.78015815515118        279.77999872901023     
 read in sim obs yf   279.27222627917877        279.27223767797614        279.27222582489662        279.27266380717236        279.27226469695478     
 read in sim obs yf   278.19836777564581        278.19838298918438        278.19836775888240        278.19890629442961        278.19840537607803     
 read in sim obs yf   278.07773790852372        278.07775123406714        278.07773771460131        278.07833581228260        278.07777703946715     
 read in sim obs yf   278.51620876701901        278.51622555044514        278.51620877633911        278.51688474468045        278.51624529877563     
 read in sim obs yf   280.98753134171756        280.98753303175954        280.98753117156593        280.98760188385063        280.98753372309949     
 read in sim obs yf   280.75566056386873        280.75567581756559        280.75566069334701        280.75590447003543        280.75568265581632     
 read in sim obs yf   283.14650884872356        283.14650913884384        283.14650914365046        283.14651039610521        283.14650938056633     
 read in sim obs yf   282.50848118881186        282.50848181389858        282.50848144162552        282.50859175834569        282.50848663753715     
 read in sim obs yf   281.84122037971224        281.84122138691947        281.84122071570869        281.84137409566256        281.84122869718726     
 read in sim obs yf   281.35641146366805        281.35641186450357        281.35641110084151        281.35653829893204        281.35641688139083     
 read in sim obs yf   281.09660081764906        281.09660163756712        281.09660087420531        281.09674417050104        281.09660792986739     
 read in sim obs yf   280.87635985026185        280.87636033124369        280.87636015660155        280.87652215605141        280.87636930454613     
 read in sim obs yf   280.71083098707749        280.71083173506241        280.71083130869954        280.71098512955189        280.71083855381409     
 read in sim obs yf   280.79356556838314        280.79356826548951        280.79356553539714        280.79376127872160        280.79358136794366     
 read in sim obs yf   280.99533892712077        280.99534060456887        280.99533941769488        280.99540232318691        280.99534477026322     
 read in sim obs yf   280.81310570476887        280.81310559359002        280.81310558803199        280.81311139409934        280.81310620908533     
 read in sim obs yf   279.41525635664959        279.41525919443592        279.41525459513758        279.41536873878783        279.41526614403847     
 read in sim obs yf   276.93615049329270        276.93622397234498        276.93614686204302        276.93710522816406        276.93624997557777     
 read in sim obs yf   276.23060009691767        276.23069484560034        276.23059601877372        276.23161425206911        276.23070665821706     
 read in sim obs yf   276.30986926821771        276.30992223754140        276.30986970964688        276.31049122283247        276.30992991945641     
 read in sim obs yf   276.39497660020425        276.39504331607901        276.39497667685555        276.39582748771562        276.39507810849017     
 read in sim obs yf   276.48115507154148        276.48119804589373        276.48115547301353        276.48180655822534        276.48122454546393     
 read in sim obs yf   278.39751014401469        278.39753058986327        278.39750996789837        278.39819200467156        278.39758013683411     
 read in sim obs yf   278.68791247435394        278.68793175758310        278.68791244192573        278.68858257024652        278.68797171213970     
 read in sim obs yf   280.56194817087317        280.56195957188453        280.56194704805159        280.56214022410620        280.56196493751980     
 read in sim obs yf   277.96890792907692        277.96892837208236        277.96890611904075        277.96940316634397        277.96893955213426     
 read in sim obs yf   279.78097720757938        279.78097945544687        279.78097734950262        279.78116956745987        279.78099072922322     
 read in sim obs yf   280.09909171088015        280.09909275142769        280.09909118352482        280.09920979924505        280.09909999837470     
 read in sim obs yf   280.18270722273411        280.18270743421562        280.18270703118463        280.18276758894984        280.18270916398484     
 read in sim obs yf   280.04665794714958        280.04665837808267        280.04665764453017        280.04673714556230        280.04666143707885     
 read in sim obs yf   279.87301952473337        279.87302023575063        279.87301927215464        279.87315047106568        279.87302460762925     
 read in sim obs yf   279.85567442569493        279.85567516469041        279.85567424745892        279.85580582594179        279.85568022321883     
 read in sim obs yf   279.66052297121286        279.66052471918499        279.66052293522421        279.66068377460698        279.66053455220145     
 read in sim obs yf   279.31129683325241        279.31129914453697        279.31129621151030        279.31151883885087        279.31130951989508     
 read in sim obs yf   277.20535495505601        277.20538634837789        277.20535433510946        277.20604232949682        277.20541038607229     
 read in sim obs yf   278.12647231930561        278.12648834300535        278.12647816421065        278.12704812246750        278.12651555798095     
 read in sim obs yf   278.80922265033126        278.80924243207505        278.80922209795642        278.80977780948189        278.80925258912873     
 read in sim obs yf   281.17603312423586        281.17603659279348        281.17603284033783        281.17610636926980        281.17603667190667     
 read in sim obs yf   279.15326386294487        279.15329072584700        279.15326322435692        279.15386138758555        279.15331422214581     
 read in sim obs yf   281.54708051582537        281.54709379874612        281.54708072415303        281.54726483706247        281.54709473339432     
 read in sim obs yf   282.86344830047949        282.86344765880187        282.86344842025073        282.86345309039945        282.86344847163548     
 read in sim obs yf   282.40753029661744        282.40753039034939        282.40752959373651        282.40755257113216        282.40753169913285     
 read in sim obs yf   282.02681141219983        282.02681142585146        282.02681095273584        282.02695818878067        282.02681881681758     
 read in sim obs yf   281.70486774191369        281.70486827487025        281.70486796814043        281.70498892908375        281.70487274908146     
 read in sim obs yf   281.24115256553904        281.24115315229068        281.24115269672279        281.24127755786208        281.24115811906108     
 read in sim obs yf   280.98942440523621        280.98942470384151        280.98942422697075        280.98956848033004        280.98943094953916     
 read in sim obs yf   280.80090457370756        280.80090517640105        280.80090450926582        280.80107857257622        280.80091342270219     
 read in sim obs yf   280.65036402531308        280.65036209406674        280.65035766420476        280.65051072591552        280.65036888652492     
 read in sim obs yf   280.89188338763068        280.89188384357260        280.89187252039932        280.89213761238932        280.89190393069526     
 read in sim obs yf   281.18325064583604        281.18324854921883        281.18324061234676        281.18334522140105        281.18325765596251     
 read in sim obs yf   280.37348942830295        280.37348933204692        280.37348355971517        280.37356285036003        280.37349530992344     
 read in sim obs yf   279.16958988708575        279.16960492239667        279.16967178710132        279.17000511075059        279.16971519977551     
 read in sim obs yf   277.33228948036543        277.33233732953619        277.33228831636569        277.33266462530713        277.33217607319636     
 read in sim obs yf   276.16611653613637        276.16621000044978        276.16611689951333        276.16715112151036        276.16624608174334     
 read in sim obs yf   276.27202674104717        276.27207699464572        276.27202734467295        276.27263441414635        276.27209021363996     
 read in sim obs yf   277.02924312401609        277.02926924787903        277.02924325890120        277.02974143253829        277.02929390318610     
 read in sim obs yf   277.42577224739154        277.42580397936524        277.42577207109554        277.42647051378583        277.42584963285026     
 read in sim obs yf   277.98072517156999        277.98075045485496        277.98072539345321        277.98132214324221        277.98077968903652     
 read in sim obs yf   280.83761487256891        280.83761958119709        280.83761465078351        280.83773862435066        280.83762576088679     
 read in sim obs yf   281.10000166773273        281.10000178797350        281.10000170971261        281.10001998016810        281.10000252821709     
 read in sim obs yf   277.48946442848410        277.48949397514559        277.48946259081799        277.49003815918439        277.48950286415408     
 read in sim obs yf   279.60157559728935        279.60157882872869        279.60157581395470        279.60194272480379        279.60159627222498     
 read in sim obs yf   280.12439434094705        280.12439603487223        280.12439439933200        280.12455341762444        280.12440606958927     
 read in sim obs yf   280.16770641247541        280.16770734234530        280.16770697941058        280.16782895279096        280.16771184235989     
 read in sim obs yf   280.08000488233370        280.08000525947728        280.08000443678623        280.08013180028803        280.08000972135710     
 read in sim obs yf   280.09305987042768        280.09306092070466        280.09306006311510        280.09320796614878        280.09306955341282     
 read in sim obs yf   280.01309997738178        280.01310046244492        280.01309981859487        280.01322170446628        280.01310836619268     
 read in sim obs yf   279.59171667242970        279.59171783719694        279.59171623716162        279.59186678131653        279.59172694610288     
 read in sim obs yf   278.87864053289150        278.87864770721347        278.87864037717492        278.87920289967184        278.87868219116206     
 read in sim obs yf   276.90908391955099        276.90912481525777        276.90908318107012        276.90977141137074        276.90914455898030     
 read in sim obs yf   278.55788532052384        278.55790481349078        278.55788376283493        278.55847135318459        278.55791763802529     
 read in sim obs yf   280.32197130475612        280.32197753932479        280.32197051630794        280.32211826917501        280.32197863545957     
 read in sim obs yf   281.77415303366638        281.77415345486361        281.77415296292992        281.77415509216928        281.77415309985815     
 read in sim obs yf   278.21041687850385        278.21043484937314        278.21041472752762        278.21119040713722        278.21046904276932     
 read in sim obs yf   280.48990901664217        280.48989554295770        280.48990889677685        280.49020152789717        280.48992795074184     
 read in sim obs yf   282.34121198450498        282.34120593748617        282.34121156587048        282.34127625666787        282.34121485354115     
 read in sim obs yf   282.51758136104013        282.51758197144801        282.51758157484960        282.51760214390998        282.51758332808407     
 read in sim obs yf   282.09999181924525        282.09999171485458        282.09999174031293        282.09999992833809        282.09999219572205     
 read in sim obs yf   281.53468015145626        281.53467957054738        281.53467694198440        281.53476483607199        281.53468327656526     
 read in sim obs yf   281.63371576596535        281.63371571950063        281.63371560296628        281.63386172291519        281.63372155115701     
 read in sim obs yf   281.50823904534582        281.50823920127885        281.50823872596192        281.50838828597301        281.50824497837556     
 read in sim obs yf   281.04099737000712        281.04099758542361        281.04099697069512        281.04112829448906        281.04100246516236     
 read in sim obs yf   280.90499182856325        280.90499295755245        280.90499201218364        280.90517976369762        280.90500402588066     
 read in sim obs yf   280.84948348532242        280.84948331546514        280.84948182428752        280.84967495561244        280.84949366546476     
 read in sim obs yf   280.85335569225589        280.85335273938614        280.85334429596804        280.85351026996096        280.85336170268448     
 read in sim obs yf   281.27497849369269        281.27498110845687        281.27497847989537        281.27518520757479        281.27499789119850     
 read in sim obs yf   280.94160979979426        280.94161017552597        280.94160982646667        280.94163642233104        280.94161154108969     
 read in sim obs yf   280.01554492410446        280.01555095875665        280.01554406064861        280.01580819881235        280.01557135902397     
 read in sim obs yf   278.56298555436024        278.56301198101625        278.56298397481123        278.56346385649562        278.56303799741738     
 read in sim obs yf   276.08662591736197        276.08668618869996        276.08662384468420        276.08728703454733        276.08670210385014     
 read in sim obs yf   276.61002639451016        276.61006569003115        276.61002485524835        276.61058079511793        276.61007697341398     
 read in sim obs yf   276.21766589835499        276.21771415706451        276.21766604078675        276.21831664452918        276.21773845949093     
 read in sim obs yf   277.20958397704203        277.20961466935080        277.20958403315927        277.21019279908768        277.20964703918645     
 read in sim obs yf   278.04702057532307        278.04704019813875        278.04702051305804        278.04761928294272        278.04706807276068     
 read in sim obs yf   280.72591926561745        280.72592415441414        280.72591882838003        280.72610147439366        280.72593861583903     
 read in sim obs yf   280.77402543199736        280.77402816062249        280.77402548276217        280.77412863430499        280.77403292427761     
 read in sim obs yf   277.40365249089746        277.40369744819117        277.40364963264977        277.40417640417240        277.40370768827734     
 read in sim obs yf   277.44632937609668        277.44636315748585        277.44632911169089        277.44691881329010        277.44637688708343     
 read in sim obs yf   279.27460458340136        279.27462777961949        279.27460411892559        279.27532388401988        279.27468395569679     
 read in sim obs yf   280.17287675977548        280.17287837549702        280.17287661036028        280.17304845117746        280.17289953836541     
 read in sim obs yf   280.28696663738179        280.28696459811493        280.28695628031062        280.28710063436853        280.28697331513621     
 read in sim obs yf   280.25145868029318        280.25146016925964        280.25145749987888        280.25162206766566        280.25147164761051     
 read in sim obs yf   279.76511559836104        279.76511717762219        279.76511580826860        279.76525006267207        279.76512566773374     
 read in sim obs yf   279.42561510026007        279.42561514457117        279.42561468272896        279.42575011907394        279.42562001610088     
 read in sim obs yf   278.01893423249112        278.01894140516242        278.01893429060681        278.01957949063939        278.01898523397989     
 read in sim obs yf   277.20311201841173        277.20314758050114        277.20311071388892        277.20377654378950        277.20316467530313     
 read in sim obs yf   278.60224978819980        278.60228448182045        278.60225012292983        278.60265000943110        278.60228066504675     
 read in sim obs yf   280.32463561637502        280.32465781305257        280.32463551069708        280.32492412267663        280.32465058005016     
 read in sim obs yf   282.02375210492926        282.02375212351558        282.02375165857785        282.02375943248791        282.02375187704075     
 read in sim obs yf   277.68415771577799        277.68418972515963        277.68415573782818        277.68496584164723        277.68420355816903     
 read in sim obs yf   278.64321618256298        278.64319041543530        278.64321634170716        278.64375624915164        278.64324839952667     
 read in sim obs yf   282.13549491698490        282.13549475532670        282.13549468588309        282.13553194648068        282.13549594582349     
 read in sim obs yf   282.04215793042778        282.04215861351651        282.04215809937693        282.04216130544035        282.04215837504512     
 read in sim obs yf   281.44679049509023        281.44679213852487        281.44679043908053        281.44687678556988        281.44679580632743     
 read in sim obs yf   281.40820240494975        281.40820272224488        281.40820251433212        281.40821195771599        281.40820290230857     
 read in sim obs yf   281.04952483325008        281.04952503491148        281.04952439738861        281.04962152001900        281.04952783578250     
 read in sim obs yf   281.38876431489223        281.38876466354168        281.38876450758806        281.38888822097090        281.38877038868844     
 read in sim obs yf   281.33701710775131        281.33701684567893        281.33701682805076        281.33716041657249        281.33702324251664     
 read in sim obs yf   280.95543325921767        280.95543361265175        280.95543322664145        280.95558933063944        280.95543984356937     
 read in sim obs yf   280.94895644123852        280.94895749931140        280.94895574223273        280.94919181805392        280.94897414029145     
 read in sim obs yf   280.96693186725707        280.96693220214360        280.96692831444813        280.96718065715339        280.96695023932313     
 read in sim obs yf   281.02058463338551        281.02058279915377        281.02057390871846        281.02077787359519        281.02059461193460     
 read in sim obs yf   281.45676882109598        281.45677044843524        281.45676872231826        281.45695758827901        281.45678453345494     
 read in sim obs yf   281.30367433772352        281.30367412943400        281.30367420093307        281.30367621333085        281.30367426404661     
 read in sim obs yf   280.71915852282012        280.71915925737250        280.71915880874957        280.71920623866106        280.71916330297756     
 read in sim obs yf   279.92605654192846        279.92605855577858        279.92605606202812        279.92612084789556        279.92606364491127     
 read in sim obs yf   277.33075323189945        277.33078234037526        277.33075276867396        277.33124573254184        277.33079393714036     
 read in sim obs yf   276.30259065765904        276.30263947357383        276.30258904771591        276.30317948237422        276.30264159878703     
 read in sim obs yf   276.23180938061751        276.23188399579351        276.23180946242894        276.23259928574521        276.23191524630022     
 read in sim obs yf   276.78431666388053        276.78435359569124        276.78431646016378        276.78493939170613        276.78437536773640     
 read in sim obs yf   278.04997020014554        278.04998981820347        278.04996873685866        278.05057299562196        278.05000936380526     
 read in sim obs yf   280.54275651922757        280.54274296029837        280.54275686704267        280.54299974944024        280.54278302717245     
 read in sim obs yf   280.89850112672985        280.89849948942231        280.89850133816998        280.89853373662578        280.89850361300819     
 read in sim obs yf   277.29826501309680        277.29831569391649        277.29826330073945        277.29886734934661        277.29833005333188     
 read in sim obs yf   276.49776571469334        276.49784059506527        276.49776535078092        276.49860697050786        276.49786640768008     
 read in sim obs yf   277.26287437457609        277.26292927763149        277.26287420228573        277.26358176316671        277.26295958807373     
 read in sim obs yf   279.78449607042370        279.78451011387205        279.78449619726462        279.78505694489894        279.78455887554577     
 read in sim obs yf   280.19543246929118        280.19543890797070        280.19542805806168        280.19587638101422        280.19548368317328     
 read in sim obs yf   280.24191144796004        280.24191434070974        280.24191100265580        280.24215699777596        280.24193136844497     
 read in sim obs yf   279.70065564013186        279.70065801756044        279.70065543213093        279.70087231558210        279.70067064479520     
 read in sim obs yf   279.30030151492730        279.30030453813936        279.30030163450181        279.30053977428355        279.30031907386797     
 read in sim obs yf   277.41049376004912        277.41051510379367        277.41049364923811        277.41113342143939        277.41055103194435     
 read in sim obs yf   278.02366307322797        278.02369036982753        278.02366241688554        278.02428182899160        278.02370573884235     
 read in sim obs yf   277.83354243331115        277.83353046766058        277.83354259184364        277.83411271301895        277.83358324035225     
 read in sim obs yf   280.99831493126624        280.99831521553079        280.99831540908485        280.99845460865106        280.99832077090230     
 read in sim obs yf   277.59391127516329        277.59394551269003        277.59391107239765        277.59465165111834        277.59394889358100     
 read in sim obs yf   278.00428815470701        278.00426966591408        278.00428827559710        278.00492477186850        278.00432459542230     
 read in sim obs yf   281.49044272104624        281.49044498826009        281.49044247793904        281.49047719442228        281.49044450989243     
 read in sim obs yf   280.70425351115540        280.70426329424060        280.70425386096906        280.70456818007909        280.70427427528756     
 read in sim obs yf   280.75379387967291        280.75379525254903        280.75379401715202        280.75389761143254        280.75380070159832     
 read in sim obs yf   280.64718254012558        280.64718408496907        280.64718244036101        280.64729600360829        280.64719018185355     
 read in sim obs yf   280.55188307077884        280.55188476934325        280.55188268528696        280.55203026606631        280.55189151898151     
 read in sim obs yf   281.08610601226758        281.08610684911406        281.08610611380550        281.08622950870284        281.08611244265910     
 read in sim obs yf   281.24086169879376        281.24086159182303        281.24086183122421        281.24106236375383        281.24087141780990     
 read in sim obs yf   281.01496444920980        281.01496470661823        281.01496416147734        281.01510646758140        281.01497165761299     
 read in sim obs yf   280.95159784449800        280.95159750992707        280.95159505160171        280.95189632207223        280.95162109397393     
 read in sim obs yf   280.91405798534873        280.91405909971394        280.91405743592105        280.91440117832292        280.91409169193292     
 read in sim obs yf   280.96009268068360        280.96009302660190        280.96008985137769        280.96047840194370        280.96012286206974     
 read in sim obs yf   281.38329546472715        281.38329721058119        281.38329498667326        281.38359444590822        281.38331889976411     
 read in sim obs yf   279.78834398061213        279.78834343983038        279.78834409096061        279.78837857008574        279.78834569231418     
 read in sim obs yf   277.31336092775661        277.31339700620271        277.31336053907626        277.31378654861834        277.31339818252991     
 read in sim obs yf   276.82595364840103        276.82600370269017        276.82595326622425        276.82651975263934        276.82601299739156     
 read in sim obs yf   277.29867250421734        277.29871207731424        277.29867287268252        277.29917556284363        277.29872227175071     
 read in sim obs yf   278.16693958911065        278.16695415915228        278.16693831867190        278.16768857106990        278.16699666394487     
 read in sim obs yf   280.69148383626498        280.69148530964907        280.69148354662093        280.69156767924358        280.69149073160474     
 read in sim obs yf   278.69100024352565        278.69102021596575        278.69099950367320        278.69124611796684        278.69102268550313     
 read in sim obs yf   276.34287327220335        276.34295048499627        276.34287287798458        276.34367554267169        276.34294429743477     
 read in sim obs yf   276.99763444737647        276.99771893431870        276.99763471773929        276.99857716061831        276.99771441984751     
 read in sim obs yf   277.50188075928537        277.50193527681620        277.50188095097099        277.50261660189813        277.50195041896143     
 read in sim obs yf   279.85871637814779        279.85873238445140        279.85871341011466        279.85929682971704        279.85877076551998     
 read in sim obs yf   279.97364969989610        279.97366274404237        279.97364971019681        279.97417855148666        279.97370395185266     
 read in sim obs yf   279.27664550996718        279.27666106678566        279.27664573093352        279.27721898052147        279.27669502960663     
 read in sim obs yf   278.78397694406658        278.78398635365852        278.78397719408684        278.78469172985785        278.78402773836547     
 read in sim obs yf   277.66572273418569        277.66573880689697        277.66572291781915        277.66630365324130        277.66577137506459     
 read in sim obs yf   277.55876082732010        277.55879789831187        277.55875938683295        277.55947088529433        277.55881028841452     
 read in sim obs yf   278.19165840310893        278.19170556028303        278.19165841510249        278.19219779164894        278.19169601144620     
 read in sim obs yf   281.43939456596371        281.43939552713653        281.43939454165366        281.43946577815200        281.43939780333920     
 read in sim obs yf   277.45115956896905        277.45114058400611        277.45115928386059        277.45184675836867        277.45119943815394     
 read in sim obs yf   280.03388618968103        280.03387969929952        280.03388663599230        280.03416633876861        280.03389802496093     
 read in sim obs yf   280.18063922265264        280.18065332130163        280.18063834577703        280.18086693905195        280.18065157921836     
 read in sim obs yf   280.69149633173373        280.69149849928925        280.69149604203614        280.69163570834866        280.69150669801820     
 read in sim obs yf   280.29753086203436        280.29753227668510        280.29753087252982        280.29764514567216        280.29753822153378     
 read in sim obs yf   280.10417736666966        280.10417839901385        280.10417751170644        280.10428490932674        280.10418356559660     
 read in sim obs yf   280.20146500393633        280.20146587935255        280.20146542617903        280.20160956856239        280.20147108823784     
 read in sim obs yf   280.82651750791558        280.82651737510304        280.82651733369448        280.82665959864920        280.82652216158152     
 read in sim obs yf   281.14340953785495        281.14341028226909        281.14341008797442        281.14361483562419        281.14342214845789     
 read in sim obs yf   281.03124812759552        281.03124835873786        281.03124707587995        281.03142720525483        281.03125878777257     
 read in sim obs yf   280.94536399396708        280.94536436364314        280.94536261616918        280.94558558130456        280.94536295407158     
 read in sim obs yf   280.81177424315217        280.81177482831248        280.81177413212203        280.81215690410312        280.81181154120765     
 read in sim obs yf   280.81375546914501        280.81375743949275        280.81375534962308        280.81414432581886        280.81378998809856     
 read in sim obs yf   281.08980328263817        281.08980689028721        281.08980267413943        281.09027307541402        281.08984580665185     
 read in sim obs yf   281.91691098759509        281.91691048432779        281.91691099917449        281.91691139270097        281.91691088558787     
 read in sim obs yf   281.64312971329821        281.64312826326528        281.64313020413988        281.64315741421638        281.64313201643887     
 read in sim obs yf   281.08818581362505        281.08817415166817        281.08818590624878        281.08843073617771        281.08821167893910     
 read in sim obs yf   280.88573214603213        280.88573261189617        280.88573241220132        280.88573385223299        280.88573256477935     
 read in sim obs yf   279.96767894840201        279.96769130798776        279.96767898429397        279.96781991267545        279.96768530815291     
 read in sim obs yf   278.00115873397283        278.00118329010627        278.00115817408624        278.00157468552538        278.00119101322377     
 read in sim obs yf   276.43242482591586        276.43248106851166        276.43242404787082        276.43308036454971        276.43248602695013     
 read in sim obs yf   277.49284237020828        277.49286011016403        277.49284190644352        277.49350486685069        277.49288913220107     
 read in sim obs yf   278.18837695417130        278.18838593610110        278.18837698022946        278.18889004995299        278.18841387218288     
 read in sim obs yf   280.38687346374127        280.38687404008795        280.38687378549582        280.38700345785571        280.38687932959249     
 read in sim obs yf   280.68860293652074        280.68860302616861        280.68860265922450        280.68860355394617        280.68860289333583     
 read in sim obs yf   278.08153653102983        278.08156095751150        278.08153632082622        278.08197398106091        278.08156524461936     
 read in sim obs yf   277.47200339926320        277.47204408115533        277.47200371900590        277.47248456752317        277.47203977293020     
 read in sim obs yf   276.95138524649440        276.95146841965487        276.95138502089588        276.95227710696935        276.95145833153788     
 read in sim obs yf   278.02398031929619        278.02402497017380        278.02398035578381        278.02450812989264        278.02402367872872     
 read in sim obs yf   278.70823010657426        278.70827434792778        278.70822998706279        278.70889272901678        278.70828307269460     
 read in sim obs yf   279.48883731288834        279.48886571707516        279.48883731857075        279.48962875466765        279.48890949085353     
 read in sim obs yf   278.63193832780507        278.63196325485507        278.63193853528730        278.63257240309417        278.63198860704563     
 read in sim obs yf   278.51547639371063        278.51548693059374        278.51547640616968        278.51625790506847        278.51552750435980     
 read in sim obs yf   277.74618314017516        277.74621019016678        277.74618228475811        277.74671127887132        277.74623307463850     
 read in sim obs yf   277.14403066529542        277.14407604136710        277.14402961400077        277.14475018824919        277.14409380467549     
 read in sim obs yf   279.06003864141388        279.06006287792491        279.06003909658767        279.06041508151998        279.06006273116196     
 read in sim obs yf   281.77961216513353        281.77961257752503        281.77961207099872        281.77963490600939        281.77961291908514     
 read in sim obs yf   279.50526677174304        279.50527432368102        279.50526670700719        279.50554964780451        279.50527784146436     
 read in sim obs yf   280.44524604610120        280.44525138763237        280.44524611766542        280.44536340583505        280.44525045479344     
 read in sim obs yf   279.79696446567812        279.79697154709874        279.79696315069896        279.79736396536646        279.79697796848558     
 read in sim obs yf   280.28964760962583        280.28964834280072        280.28964765390964        280.28976557043802        280.28965220164577     
 read in sim obs yf   279.87378313671383        279.87378384649929        279.87378288086222        279.87392169898271        279.87378821870999     
 read in sim obs yf   279.78427670552747        279.78427825388115        279.78427683330870        279.78441344509787        279.78428397555678     
 read in sim obs yf   280.06472986595486        280.06473235031217        280.06473018006727        280.06489119820310        280.06473958231874     
 read in sim obs yf   280.78845908681240        280.78845970958082        280.78845976990289        280.78857232401492        280.78846239693536     
 read in sim obs yf   281.17027757248172        281.17027757936535        281.17027731325254        281.17038775938704        281.17028251531764     
 read in sim obs yf   281.04024486510997        281.04024438754874        281.04024169226443        281.04041121218643        281.04025759726272     
 read in sim obs yf   281.02362728003106        281.02362752346602        281.02362695516888        281.02378920276146        281.02364003176274     
 read in sim obs yf   280.91962193991498        280.91962235111384        280.91962206082940        280.91980532713779        280.91963689676265     
 read in sim obs yf   280.88805352645250        280.88805398857215        280.88805308848237        280.88827730775739        280.88807268564574     
 read in sim obs yf   280.99218590383441        280.99218897475168        280.99218016021513        280.99280749874629        280.99225006281068     
 read in sim obs yf   281.27170468087490        281.27170799511140        281.27170468110944        281.27222524732480        281.27174629637847     
 read in sim obs yf   280.63024979155665        280.63025414047939        280.63024976436742        280.63077673201570        280.63029979894020     
 read in sim obs yf   281.20434022034925        281.20433531294765        281.20433981512446        281.20451962747705        281.20435553593057     
 read in sim obs yf   279.47072582509867        279.47072718502790        279.47072521421887        279.47087077017483        279.47073068778946     
 read in sim obs yf   277.00842567304494        277.00846293755257        277.00842520296584        277.00907307970397        277.00847231159088     
 read in sim obs yf   277.93577411105463        277.93579391331434        277.93577383141252        277.93639794353680        277.93581618602900     
 read in sim obs yf   279.16585790707973        279.16586184134496        279.16585790870238        279.16615591291128        279.16587493023144     
 read in sim obs yf   279.81466915654011        279.81467343263620        279.81466915405639        279.81509734823430        279.81468680363906     
 read in sim obs yf   280.37724987021005        280.37725046207999        280.37724953902256        280.37728432008339        280.37725158224862     
 read in sim obs yf   278.44405229422011        278.44406711146200        278.44405191861978        278.44458438353462        278.44407849811381     
 read in sim obs yf   277.66625865095745        277.66628097052859        277.66625883229386        277.66689231325353        277.66628854802383     
 read in sim obs yf   277.63762042492152        277.63764556745332        277.63762072900403        277.63825275414536        277.63765590926499     
 read in sim obs yf   278.20715000761311        278.20717076051835        278.20714995320833        278.20771745190012        278.20718065577910     
 read in sim obs yf   279.24284249017296        279.24285879570829        279.24284216183247        279.24321345219829        279.24286428196382     
 read in sim obs yf   278.81221809187258        278.81226216549021        278.81221752665897        278.81304112400710        278.81229176122986     
 read in sim obs yf   277.56049561490101        277.56054240177679        277.56049486116808        277.56121534592023        277.56055965198124     
 read in sim obs yf   277.43177423755753        277.43181429014891        277.43177264715700        277.43257439053980        277.43185994624730     
 read in sim obs yf   276.67466198349501        276.67471783535484        276.67466155557850        276.67534450325371        276.67473817134442     
 read in sim obs yf   277.31869857549970        277.31874505820986        277.31869746975190        277.31931981389829        277.31875942650839     
 read in sim obs yf   280.31403390531619        280.31404292945444        280.31403384507809        280.31416580561387        280.31404471633107     
 read in sim obs yf   282.10111016370013        282.10111075169715        282.10111007997460        282.10111269013004        282.10111053885936     
 read in sim obs yf   278.40429448936408        278.40430312301231        278.40429358997972        278.40479152204898        278.40431310399015     
 read in sim obs yf   278.70801907199058        278.70802582733859        278.70801825919392        278.70847205924389        278.70803246942171     
 read in sim obs yf   279.83527001938592        279.83528050997649        279.83526715184610        279.83572960399249        279.83529944347492     
 read in sim obs yf   279.89732876503314        279.89732943683879        279.89732771407290        279.89748614800919        279.89733451347939     
 read in sim obs yf   279.66816186778766        279.66816360343807        279.66816110486832        279.66829678681682        279.66816927462463     
 read in sim obs yf   279.76538147416881        279.76538305300102        279.76537612941883        279.76556035869271        279.76539362580388     
 read in sim obs yf   279.92856951953672        279.92857014095011        279.92856902886558        279.92871220146350        279.92857384279108     
 read in sim obs yf   280.64290700722808        280.64290717058486        280.64290692578891        280.64303099521800        280.64291048884206     
 read in sim obs yf   281.08139799731208        281.08139814756106        281.08139742483922        281.08148968492532        281.08140096229107     
 read in sim obs yf   280.88778417968126        280.88778394804376        280.88778235448609        280.88794340980235        280.88779084373772     
 read in sim obs yf   280.76548547328559        280.76548752149444        280.76548556065342        280.76568330681840        280.76549991754666     
 read in sim obs yf   280.70285957219477        280.70286033303790        280.70285992798307        280.70301253492903        280.70286853670723     
 read in sim obs yf   280.81365897635840        280.81366025267022        280.81365955143986        280.81382708805290        280.81367266966885     
 read in sim obs yf   281.02425066508420        281.02425576685476        281.02425033755014        281.02470620733237        281.02430367921113     
 read in sim obs yf   280.71540779961094        280.71541478793773        280.71540601904718        280.71609703088433        280.71547922660909     
 read in sim obs yf   280.85797693312270        280.85798022052313        280.85797731825329        280.85840905970878        280.85801348254978     
 read in sim obs yf   280.51729700160837        280.51729667338634        280.51729676435554        280.51729793699684        280.51729646606611     
 read in sim obs yf   279.04007296489721        279.04008612654803        279.04007281145596        279.04038189839230        279.04009777236098     
 read in sim obs yf   278.89796130438100        278.89796844753806        278.89796106585379        278.89830241803969        278.89797933736327     
 read in sim obs yf   277.84006090285305        277.84007600015991        277.84006103344660        277.84087883228676        277.84011003251658     
 read in sim obs yf   278.40258816368436        278.40259402331850        278.40258796580315        278.40320047399712        278.40261858158294     
 read in sim obs yf   280.17504194683630        280.17504564164000        280.17504178814085        280.17527258641229        280.17505361580487     
 read in sim obs yf   280.24916020823218        280.24916170090620        280.24916042604872        280.24925701499876        280.24916554214684     
 read in sim obs yf   279.52059315838238        279.52059443787414        279.52059302795624        279.52073957514779        279.52059796231890     
 read in sim obs yf   278.90242565769552        278.90243626460932        278.90242540003362        278.90273888754206        278.90244299122605     
 read in sim obs yf   277.85812032618952        277.85815344334736        277.85812037937876        277.85878645296486        277.85817359972668     
 read in sim obs yf   278.49084643637906        278.49086048394906        278.49084586021468        278.49145921370507        278.49087883286649     
 read in sim obs yf   279.29700409955740        279.29702448287787        279.29700423326494        279.29737572671792        279.29704179394793     
 read in sim obs yf   279.23431363854456        279.23433412298675        279.23431334675956        279.23470773152661        279.23435071260593     
 read in sim obs yf   277.49377328263176        277.49381601198309        277.49377142649752        277.49439132774177        277.49383809251680     
 read in sim obs yf   276.87559675743955        276.87565367356876        276.87559546829812        276.87630178579451        276.87568242723194     
 read in sim obs yf   277.03182968605159        277.03187871406476        277.03182911566074        277.03240428608410        277.03189573439556     
 read in sim obs yf   278.43878545413338        278.43881485789433        278.43878510110727        278.43916912792702        278.43882346549475     
 read in sim obs yf   280.95572551434844        280.95572794988584        280.95572548051956        280.95578092281318        280.95572932158819     
 read in sim obs yf   278.14844907210164        278.14846783711852        278.14844857510468        278.14897709627144        278.14848673134856     
 read in sim obs yf   278.47266344674023        278.47268168878952        278.47266294850994        278.47316077275946        278.47269517045919     
 read in sim obs yf   279.55738259521269        279.55740047596004        279.55738230710364        279.55804937429440        279.55744705630627     
 read in sim obs yf   279.72840807627051        279.72840902055037        279.72840427837144        279.72856918566134        279.72841541212483     
 read in sim obs yf   279.67532177139293        279.67532210711101        279.67531611845749        279.67547732828655        279.67532986398606     
 read in sim obs yf   279.77249278428451        279.77249435164600        279.77248671486507        279.77267495358086        279.77250215077333     
 read in sim obs yf   279.87387685272961        279.87387756236393        279.87387729066603        279.87400222322964        279.87387985203969     
 read in sim obs yf   280.47624660992739        280.47624704211245        280.47624654862034        280.47638467779916        280.47625028790253     
 read in sim obs yf   280.84101849942340        280.84101903741191        280.84101687467017        280.84120186114427        280.84102660696351     
 read in sim obs yf   280.61737043421806        280.61737133295776        280.61736907385153        280.61757075551532        280.61737880526283     
 read in sim obs yf   280.52130804708361        280.52130840658322        280.52130779263899        280.52144910076214        280.52131236615872     
 read in sim obs yf   280.51690617111291        280.51690653771294        280.51690662972499        280.51701679630713        280.51691049537442     
 read in sim obs yf   280.76329529528732        280.76329665283725        280.76329539204244        280.76345847740913        280.76330627116931     
 read in sim obs yf   281.06722397057035        281.06722692044889        281.06722415303847        281.06747430090809        281.06724916638996     
 read in sim obs yf   281.16272614418835        281.16273032840206        281.16272522313557        281.16321901888460        281.16277691258620     
 read in sim obs yf   281.47146418656240        281.47146509600600        281.47146471898861        281.47153178280291        281.47146946872874     
 read in sim obs yf   279.98234029842575        279.98234291568002        279.98234027147771        279.98250239842815        279.98235080605377     
 read in sim obs yf   278.73190277215940        278.73191920766453        278.73190324537444        278.73238220719270        278.73193904978285     
 read in sim obs yf   278.89124776668791        278.89126463935622        278.89124755693553        278.89158697351360        278.89127413788293     
 read in sim obs yf   278.02683275713929        278.02684061126155        278.02683278140114        278.02750141052070        278.02688374932200     
 read in sim obs yf   278.64156261552904        278.64157156064806        278.64156278176063        278.64220546322326        278.64160385893553     
 read in sim obs yf   280.41521874045372        280.41522065946185        280.41521894071786        280.41535979375050        280.41522804386773     
 read in sim obs yf   280.41114660602000        280.41114783740500        280.41114682373768        280.41127041151935        280.41115383165624     
 read in sim obs yf   280.06538171290913        280.06538280783184        280.06538133003778        280.06550276597522        280.06538795754540     
 read in sim obs yf   279.80611114881799        279.80611196776039        279.80611118301471        279.80623759854581        279.80611700473793     
 read in sim obs yf   279.49098097997518        279.49098855495652        279.49098097646953        279.49121424932326        279.49100039683088     
 read in sim obs yf   279.84696508396212        279.84696861377222        279.84696355467565        279.84715155191799        279.84697852785825     
 read in sim obs yf   280.17519814019585        280.17520044636456        280.17519867502079        280.17532881455026        280.17520703221294     
 read in sim obs yf   279.97537268620096        279.97537392631108        279.97537268911680        279.97549887146693        279.97537903688709     
 read in sim obs yf   279.54620331581958        279.54620385980979        279.54620099305680        279.54627478570103        279.54621086634955     
 read in sim obs yf   278.93692009342834        278.93693619823426        278.93691968792018        278.93736917295371        278.93697556687118     
 read in sim obs yf   276.80881403040456        276.80887174844793        276.80881441587945        276.80953538410301        276.80890047307292     
 read in sim obs yf   277.56227344242996        277.56232092062953        277.56227268107710        277.56289316578989        277.56233261807228     
 read in sim obs yf   281.04891463785845        281.04891969984527        281.04891420461234        281.04899190370878        281.04891972368551     
 read in sim obs yf   279.47197814874647        279.47198297761372        279.47197822668880        279.47222163383492        279.47200175314293     
 read in sim obs yf   279.13834010807693        279.13834269834604        279.13834022764331        279.13875129031464        279.13829260380447     
 read in sim obs yf   279.49470948901762        279.49471289283525        279.49470946953130        279.49497320447188        279.49472751309656     
 read in sim obs yf   279.49373345406809        279.49373338850211        279.49372927362674        279.49387154947260        279.49373620707547     
 read in sim obs yf   279.69136595329394        279.69136626313229        279.69135953740192        279.69152247866651        279.69137055602414     
 read in sim obs yf   279.75451041633863        279.75451062432313        279.75450581237283        279.75466667759412        279.75451425047947     
 read in sim obs yf   279.89875463685843        279.89875530636402        279.89875427397652        279.89889601650543        279.89875760685715     
 read in sim obs yf   280.35499266355953        280.35499329133091        280.35499312195810        280.35512418615679        280.35499579020546     
 read in sim obs yf   280.56215712287877        280.56215672229609        280.56215183402321        280.56232834540731        280.56216347640077     
 read in sim obs yf   280.36552703792540        280.36552695451309        280.36552536860353        280.36565897901676        280.36553154054349     
 read in sim obs yf   280.52255273461162        280.52255309210358        280.52255316902199        280.52264932854655        280.52255635802840     
 read in sim obs yf   280.76543965656680        280.76544031646631        280.76543974413096        280.76557987481164        280.76544646477100     
 read in sim obs yf   281.00011150199822        281.00011317174813        281.00011197211666        281.00029625371292        281.00012705820410     
 read in sim obs yf   281.16103925590426        281.16104066607272        281.16103903627135        281.16121077193247        281.16105462250317     
 read in sim obs yf   281.25217912253606        281.25217899730995        281.25217087618222        281.25239268063984        281.25220479463138     
 read in sim obs yf   281.19780092502617        281.19780435847184        281.19780124201918        281.19809087703709        281.19782874376625     
 read in sim obs yf   281.31438573123035        281.31438689404632        281.31438554853003        281.31451713716422        281.31439328104403     
 read in sim obs yf   281.06025566415281        281.06025584850511        281.06025587648776        281.06027154585308        281.06025657146637     
 read in sim obs yf   280.00112723572181        280.00113051686367        280.00112712825126        280.00127148971370        280.00113633283098     
 read in sim obs yf   278.33800047399654        278.33802171002759        278.33799569361605        278.33870749393304        278.33804276925525     
 read in sim obs yf   278.13677899846283        278.13680958356093        278.13677924567469        278.13750516777873        278.13683610883265     
 read in sim obs yf   278.91231443284170        278.91232155284672        278.91231413279564        278.91299948145763        278.91236924108330     
 read in sim obs yf   279.12175098489899        279.12176956833349        279.12174839880896        279.12236321771047        279.12180971153145     
 read in sim obs yf   280.75367517271968        280.75367723997880        280.75367531070754        280.75385873765811        280.75369587862269     
 read in sim obs yf   280.71989992063374        280.71990065399029        280.71989950919584        280.72004133063592        280.71991094764473     
 read in sim obs yf   280.59656131355945        280.59656155167323        280.59656143076211        280.59670942215809        280.59656970912170     
 read in sim obs yf   280.45374921259935        280.45375037526497        280.45374855352850        280.45388509252115        280.45375847061626     
 read in sim obs yf   280.43666235324883        280.43666354347607        280.43666246160353        280.43679451527993        280.43667371397333     
 read in sim obs yf   280.59398724699275        280.59398748925861        280.59398668103842        280.59410140840123        280.59399286882024     
 read in sim obs yf   280.52032645859248        280.52032681967540        280.52032620835507        280.52043768845357        280.52033147301591     
 read in sim obs yf   280.13395059778549        280.13395158210449        280.13395061521146        280.13407402147766        280.13395537324948     
 read in sim obs yf   279.81860870016624        279.81860949894974        279.81860868079730        279.81873829371068        279.81861384716956     
 read in sim obs yf   279.52767461821156        279.52767588628058        279.52767445743365        279.52781321373794        279.52768704991547     
 read in sim obs yf   278.65343886440229        278.65344987293940        278.65343897973128        278.65394534308933        278.65348425896752     
 read in sim obs yf   279.45365354379504        279.45366464994459        279.45365370027827        279.45398775112182        279.45367925235740     
 read in sim obs yf   281.49647386730595        281.49647404221656        281.49647429253844        281.49648041586755        281.49647426066247     
 read in sim obs yf   278.52621138976957        278.52621635580414        278.52621135621752        278.52656292615478        278.52624374458958     
 read in sim obs yf   278.99662274901971        278.99662556788326        278.99662278181017        278.99687450892856        278.99664274833373     
 read in sim obs yf   279.15870841636507        279.15870958539631        279.15870844863105        279.15889207049651        279.15871503506207     
 read in sim obs yf   279.32949023578186        279.32949043514515        279.32948814768162        279.32959514394281        279.32949179391846     
 read in sim obs yf   279.56594546228376        279.56594528023771        279.56594097233517        279.56609277472057        279.56594813021024     
 read in sim obs yf   279.69302993321855        279.69303024037276        279.69302559276366        279.69320099271073        279.69303453398817     
 read in sim obs yf   279.87245375767526        279.87245377541342        279.87245350752141        279.87257291784630        279.87245606447010     
 read in sim obs yf   280.24390239265074        280.24390250542257        280.24390124462337        280.24404307000850        280.24390565018450     
 read in sim obs yf   280.47349205325634        280.47348971311828        280.47348159090950        280.47365587767194        280.47349851124443     
 read in sim obs yf   280.41026567547175        280.41026413151138        280.41025964925751        280.41041310595921        280.41027151376204     
 read in sim obs yf   280.76699256565780        280.76699252886090        280.76699195237649        280.76713135491457        280.76700006622428     
 read in sim obs yf   281.07785136675938        281.07785221692086        281.07785150367749        281.07800006949913        281.07786405460365     
 read in sim obs yf   281.21084272345871        281.21084405329270        281.21084298455327        281.21106291671651        281.21086566748949     
 read in sim obs yf   281.18176021408885        281.18176089664217        281.18175990564401        281.18187218302154        281.18177069693093     
 read in sim obs yf   281.15860680465033        281.15860683035913        281.15860312449445        281.15873742803683        281.15861731477196     
 read in sim obs yf   281.14798010265400        281.14797528616299        281.14795980749165        281.14812002840631        281.14798993110429     
 read in sim obs yf   281.16191532710371        281.16191326490105        281.16190816181847        281.16200282508584        281.16192166817586     
 read in sim obs yf   280.95696048317848        280.95696083414913        280.95696044405645        280.95700544670649        280.95696359477131     
 read in sim obs yf   280.75675183480797        280.75675250872121        280.75675195960901        280.75684091149355        280.75675934744015     
 read in sim obs yf   280.57575913482788        280.57576148907100        280.57575934119069        280.57594388488781        280.57577519101039     
 read in sim obs yf   280.33622030431047        280.33622165655379        280.33622014897929        280.33636342496584        280.33622692403361     
 read in sim obs yf   280.37858688536846        280.37858816927337        280.37858724264009        280.37873583905224        280.37859623194254     
 read in sim obs yf   280.50203239812009        280.50203278871197        280.50203083791342        280.50218853390044        280.50204090505741     
 read in sim obs yf   280.73690903040091        280.73691181889592        280.73690438092183        280.73729226219660        280.73695752373368     
 read in sim obs yf   281.04894795910855        281.04895232685004        281.04894752571954        281.04942853949615        281.04901691055034     
 read in sim obs yf   281.16662334205910        281.16662543741188        281.16662309849238        281.16696478471698        281.16666716394644     
 read in sim obs yf   281.02053187473956        281.02053351155081        281.02053086895495        281.02080702892607        281.02057795132919     
 read in sim obs yf   280.93807774728856        280.93807812871762        280.93807709491006        280.93820234086843        280.93808504628055     
 read in sim obs yf   280.96901166861466        280.96901200014634        280.96901088365036        280.96916391382189        280.96902240211938     
 read in sim obs yf   281.03343275205219        281.03343297967064        281.03343307935256        281.03353888421373        281.03343993869578     
 read in sim obs yf   280.90150698116179        280.90150742158056        280.90150648552878        280.90163530848258        280.90151571162568     
 read in sim obs yf   280.50920896235050        280.50921003555789        280.50920945395347        280.50933575499209        280.50921746083219     
 read in sim obs yf   280.12153218440602        280.12153388294786        280.12153225505847        280.12167120492319        280.12154322222858     
 read in sim obs yf   279.43205512602572        279.43206765539736        279.43205537508180        279.43259884511224        279.43212042897335     
 read in sim obs yf   277.36240633687237        277.36244858393110        277.36240643216854        277.36312778093890        277.36248865633274     
 read in sim obs yf   277.89450782544100        277.89454366067105        277.89450702848029        277.89514939803507        277.89456175029790     
 read in sim obs yf   280.89722381214443        280.89722981300486        280.89722402905932        280.89734530980871        280.89723046507908     
 read in sim obs yf   277.73099212111413        277.73099489890370        277.73099202499691        277.73148039522994        277.73100458711349     
 read in sim obs yf   278.46152234794624        278.46152602994300        278.46152259165740        278.46185475198257        278.46154089514579     
 read in sim obs yf   278.98446535209905        278.98446680218956        278.98446543699720        278.98468202726053        278.98447287028296     
 read in sim obs yf   279.34534976242202        279.34535063039505        279.34534830053610        279.34549312931966        279.34535338444852     
 read in sim obs yf   279.35245135383974        279.35245151616607        279.35244708475682        279.35260633585864        279.35245427330716     
 read in sim obs yf   279.45111488105647        279.45111557842716        279.45111366004119        279.45125409177263        279.45111837846935     
 read in sim obs yf   279.72594855150084        279.72594880555636        279.72594892928191        279.72607223983124        279.72595103090975     
 read in sim obs yf   280.12121771510863        280.12121733158301        280.12121431616021        280.12135952055348        280.12122042299899     
 read in sim obs yf   280.54857385413288        280.54857139288561        280.54855959902983        280.54876417484297        280.54858091785064     
 read in sim obs yf   280.75092686378298        280.75092477032570        280.75091937746328        280.75105080163297        280.75093160651062     
 read in sim obs yf   280.96731367324736        280.96731400751793        280.96731289556078        280.96747359881056        280.96732440875269     
 read in sim obs yf   281.03047202014636        281.03047294673217        281.03047236013674        281.03067263752689        281.03048962315671     
 read in sim obs yf   281.04588865183786        281.04588955355632        281.04588892575117        281.04605415704407        281.04590554249245     
 read in sim obs yf   281.07207568341670        281.07207584870304        281.07207584509001        281.07224883341291        281.07208907225788     
 read in sim obs yf   281.01345527425951        281.01345692248537        281.01345568718511        281.01361954571092        281.01346873216778     
 read in sim obs yf   281.07374660526835        281.07374746205090        281.07374675977991        281.07388986203176        281.07375652118134     
 read in sim obs yf   281.01448198527675        281.01448293765498        281.01448100542245        281.01461429783063        281.01448919424837     
 read in sim obs yf   280.89597426526745        280.89597193784431        280.89596338050228        280.89610551407554        280.89598230805808     
 read in sim obs yf   280.83714004475559        280.83713503546750        280.83711969350304        280.83731517787965        280.83715787555190     
 read in sim obs yf   280.83738995413108        280.83738841539775        280.83738348560200        280.83754980887511        280.83739945433018     
 read in sim obs yf   280.75731899025169        280.75731966325009        280.75731911262181        280.75746289188385        280.75732719640746     
 read in sim obs yf   280.78790581522298        280.78790643888385        280.78790580649508        280.78808015426415        280.78792578660324     
 read in sim obs yf   280.66222014259785        280.66222027480200        280.66221859000126        280.66238805234110        280.66222915499208     
 read in sim obs yf   280.83213699789860        280.83213893859636        280.83213679959181        280.83246914539700        280.83217704872999     
 read in sim obs yf   281.09164636428170        281.09165066314938        281.09164644207317        281.09235143399491        281.09174511566709     
 read in sim obs yf   281.24669985948026        281.24670460243351        281.24669996688783        281.24735019676166        281.24680051075569     
 read in sim obs yf   281.24025775113654        281.24026042190627        281.24025441520689        281.24075553860592        281.24032300621553     
 read in sim obs yf   281.24995631748033        281.24995411326495        281.24994460970487        281.25022963276473        281.24998615734592     
 read in sim obs yf   281.27585595327741        281.27585301309352        281.27584344030407        281.27605570245134        281.27587673813321     
 read in sim obs yf   281.27804890804657        281.27804804690010        281.27804471595090        281.27822013867547        281.27806621935918     
 read in sim obs yf   281.05596971836462        281.05596990963028        281.05596786650034        281.05613495975314        281.05599006810093     
 read in sim obs yf   280.69297079704859        280.69297157384267        280.69297050103137        280.69313651370999        280.69298602093909     
 read in sim obs yf   280.25977372056707        280.25977519612110        280.25977389289318        280.25992925441818        280.25979292581451     
 read in sim obs yf   279.70887279923369        279.70888141113204        279.70887325020300        279.70925516735980        279.70892180961818     
 read in sim obs yf   278.32705652593199        278.32708610991506        278.32705665178639        278.32759653620252        278.32711896564979     
 read in sim obs yf   277.74806995595947        277.74811574608049        277.74806978664503        277.74872021999784        277.74813377203748     
 read in sim obs yf   280.17110656836644        280.17111998820036        280.17110642653836        280.17141297595492        280.17112101873931     
 read in sim obs yf   282.42156826158805        282.42156972105954        282.42156819272884        282.42161238232001        282.42156895337195     
 read in sim obs yf   277.07190196020480        277.07190441274378        277.07190191225021        277.07236652615825        277.07191103760022     
 read in sim obs yf   278.06058579505844        278.06059081796974        278.06058567465163        278.06090647786453        278.06059509595940     
 read in sim obs yf   278.87813307802082        278.87813678220334        278.87813292447925        278.87831227373357        278.87813933310287     
 read in sim obs yf   279.34161500564511        279.34161657383402        279.34161217138728        279.34180497997420        279.34162349141519     
 read in sim obs yf   279.35024520940908        279.35024606948559        279.35024025559215        279.35043565206365        279.35025090824342     
 read in sim obs yf   279.20815576305949        279.20815615813899        279.20815419501008        279.20828258920955        279.20815815834578     
 read in sim obs yf   279.41735767798104        279.41735773561163        279.41735729584207        279.41742835465601        279.41735843839956     
 read in sim obs yf   280.05016084356146        280.05015988046114        280.05015705497965        280.05029548426819        280.05016294097987     
 read in sim obs yf   280.50659810357024        280.50659501583948        280.50658819351759        280.50679715868944        280.50660243997680     
 read in sim obs yf   280.71382989958232        280.71382717177198        280.71382118388414        280.71402700239798        280.71383607440180     
 read in sim obs yf   280.71408744507755        280.71408749361814        280.71408636436263        280.71426510426613        280.71409431378544     
 read in sim obs yf   280.43562731191901        280.43562711543274        280.43562742471005        280.43577199617857        280.43563173194417     
 read in sim obs yf   280.61824511703196        280.61824532016914        280.61824514129586        280.61838779895209        280.61825071027857     
 read in sim obs yf   280.88950994275700        280.88951040252732        280.88951019273424        280.88967259858828        280.88951938154776     
 read in sim obs yf   280.93540718793537        280.93540757367208        280.93540724119276        280.93553740479899        280.93541240749812     
 read in sim obs yf   280.97223133440116        280.97223166073934        280.97223122982678        280.97237585943100        280.97224067572864     
 read in sim obs yf   280.88298244870998        280.88298291900935        280.88298203247496        280.88313347439606        280.88299189519154     
 read in sim obs yf   280.76093712265327        280.76093848400711        280.76093722951578        280.76110314318566        280.76094810131372     
 read in sim obs yf   280.76695299667341        280.76695365413190        280.76695238356160        280.76712927239089        280.76696327405409     
 read in sim obs yf   280.79480539656220        280.79480531490231        280.79480535826218        280.79492610360427        280.79481147597539     
 read in sim obs yf   280.67888909793726        280.67888989744552        280.67888955646521        280.67906351320585        280.67890433841893     
 read in sim obs yf   280.62146686539654        280.62146775752854        280.62146687585175        280.62172677850248        280.62149466898785     
 read in sim obs yf   280.51952536020571        280.51952572258091        280.51952580759172        280.51968936829644        280.51953592910832     
 read in sim obs yf   280.65534832896697        280.65534916644714        280.65534819420310        280.65558097677535        280.65537192748729     
 read in sim obs yf   281.13097862900673        281.13098147604705        281.13097923240622        281.13154730537389        281.13105720248552     
 read in sim obs yf   281.39430674948454        281.39430847757694        281.39430691842495        281.39474080654031        281.39436557533429     
 read in sim obs yf   281.46092009349843        281.46092032575842        281.46091442341009        281.46130034421805        281.46097259313666     
 read in sim obs yf   281.66568334023589        281.66568393639801        281.66568373441055        281.66582568390834        281.66570227740897     
 read in sim obs yf   281.70429503292848        281.70429487261714        281.70429456742011        281.70438013800981        281.70430281753858     
 read in sim obs yf   281.39893840324203        281.39893734709716        281.39892883367446        281.39920365467532        281.39896876176721     
 read in sim obs yf   281.02204174388277        281.02204129568361        281.02203795486759        281.02223564013491        281.02206352197709     
 read in sim obs yf   280.64361647217714        280.64361594019806        280.64361083417930        280.64381194157852        280.64363939032830     
 read in sim obs yf   280.33143453977146        280.33143520554279        280.33143232238342        280.33160971769735        280.33145574316302     
 read in sim obs yf   280.02383775021161        280.02384307729551        280.02383754540165        280.02425005542608        280.02388777788474     
 read in sim obs yf   279.31343425260474        279.31344836169870        279.31343431589119        279.31405535262985        279.31349553016150     
 read in sim obs yf   277.99349137549689        277.99353260459611        277.99349084847324        277.99412758103136        277.99355698499244     
 read in sim obs yf   278.27402228550773        278.27406236791052        278.27402194448206        278.27466711567087        278.27406396195431     
 read in sim obs yf   281.45038710751788        281.45039568706699        281.45038703609276        281.45069127468201        281.45039380290132     
 read in sim obs yf   283.38550898569849        283.38550889030427        283.38550895043835        283.38551260863318        283.38550923594863     
 read in sim obs yf   276.93831012681181        276.93831279483840        276.93830995725443        276.93872334902312        276.93831866741453     
 read in sim obs yf   277.90093119058156        277.90093924778694        277.90093106027950        277.90127757089795        277.90094623312450     
 read in sim obs yf   278.75714639584606        278.75714960099219        278.75714190153644        278.75735930141354        278.75715626443537     
 read in sim obs yf   279.15590457201154        279.15590574556546        279.15590045115670        279.15607302767864        279.15591258239584     
 read in sim obs yf   279.26339961887805        279.26339992484759        279.26339642566887        279.26356109639380        279.26340472584292     
 read in sim obs yf   278.85283600149558        278.85283627552514        278.85283526218984        278.85290479129617        278.85283742703962     
 read in sim obs yf   278.93428354951783        278.93428369217003        278.93428315531014        278.93436131466024        278.93428487909955     
 read in sim obs yf   279.70928514970308        279.70928473644557        279.70928282214612        279.70943912361361        279.70928834293687     
 read in sim obs yf   280.11636739064767        280.11636632075420        280.11636331829845        280.11659054144513        280.11637288102025     
 read in sim obs yf   280.19818980273305        280.19818929504908        280.19818815644430        280.19840039965140        280.19819450250964     
 read in sim obs yf   280.19313677400089        280.19313696865925        280.19313653774947        280.19333570218788        280.19314078553924     
 read in sim obs yf   280.04556667621029        280.04556710890370        280.04556707245797        280.04571254393738        280.04556947323351     
 read in sim obs yf   280.38879498916100        280.38879486821673        280.38879460849006        280.38895200579714        280.38879946436458     
 read in sim obs yf   280.70482830271885        280.70482906038632        280.70482865006898        280.70500828673926        280.70483657071975     
 read in sim obs yf   280.77793929049335        280.77793923603895        280.77793932448287        280.77813957481266        280.77794886073787     
 read in sim obs yf   280.74257850225905        280.74257850484270        280.74257868780825        280.74277971195664        280.74258880835794     
 read in sim obs yf   280.59259955576653        280.59259980027082        280.59259968994974        280.59276026318469        280.59260517922911     
 read in sim obs yf   280.55600796385841        280.55600826738606        280.55600825487653        280.55613006091545        280.55601363043354     
 read in sim obs yf   280.63052538606229        280.63052556939101        280.63052535769179        280.63072258640130        280.63053721256711     
 read in sim obs yf   280.62067409732231        280.62067429654155        280.62067411117545        280.62082573994599        280.62068315866657     
 read in sim obs yf   280.46017813128168        280.46017789519408        280.46017813884561        280.46034091576831        280.46018529914829     
 read in sim obs yf   280.41041353851887        280.41041407689477        280.41041375937857        280.41056513018412        280.41042215340252     
 read in sim obs yf   280.42455424401049        280.42455475957695        280.42455440426176        280.42472212580793        280.42456770157662     
 read in sim obs yf   280.56806609122168        280.56806637529917        280.56806563636786        280.56824479503467        280.56808215646822     
 read in sim obs yf   280.99651419537787        280.99651656512191        280.99651398672495        280.99707042461301        280.99658876213289     
 read in sim obs yf   281.30164868339727        281.30165056095001        281.30164855528903        281.30217263127133        281.30171525452857     
 read in sim obs yf   281.53269892546348        281.53269765355884        281.53269155934493        281.53291139004301        281.53272426704729     
 read in sim obs yf   281.77885896604380        281.77885868545866        281.77885887513725        281.77895600330663        281.77886943956935     
 read in sim obs yf   281.85446002306702        281.85446031472662        281.85446030231708        281.85448427607605        281.85446277140784     
 read in sim obs yf   281.44495296698830        281.44495253081209        281.44494667114685        281.44520798996922        281.44497910614729     
 read in sim obs yf   280.99194710154234        280.99194670188683        280.99194413570547        280.99215913972341        280.99196960928651     
 read in sim obs yf   280.66805483232082        280.66805356673024        280.66805256052646        280.66823647286333        280.66807216814328     
 read in sim obs yf   280.45625871924403        280.45625779528706        280.45625319008900        280.45643063056923        280.45627769299074     
 read in sim obs yf   280.36248716805073        280.36248778373334        280.36248551175805        280.36270873721026        280.36250555808829     
 read in sim obs yf   280.31391728094098        280.31391936335149        280.31391722120281        280.31419149007195        280.31394336431487     
 read in sim obs yf   278.56610595058936        278.56612890125410        278.56610574604542        278.56669385064288        278.56615700158619     
 read in sim obs yf   278.46632685568841        278.46635690921573        278.46632707880690        278.46694166303149        278.46637108232727     
 read in sim obs yf   279.74150471592696        279.74153062997885        279.74150502703287        279.74197161355721        279.74152661438046     
 read in sim obs yf   283.03743173667232        283.03743220273725        283.03743180492404        283.03743822108356        283.03743170283900     
 read in sim obs yf   276.32621750652532        276.32622116187599        276.32621787788452        276.32668284404099        276.32622885087812     
 read in sim obs yf   277.77565717423323        277.77566265674307        277.77565341572870        277.77598878438425        277.77567028179965     
 read in sim obs yf   278.62145601789229        278.62145805352804        278.62145210516422        278.62172523168994        278.62146882312112     
 read in sim obs yf   278.97256758325165        278.97256835834207        278.97256424819602        278.97271862319167        278.97257442126175     
 read in sim obs yf   279.10259334869613        279.10259321985950        279.10259084471761        279.10271460727938        279.10259864512477     
 read in sim obs yf   278.78486828750545        278.78486867116902        278.78486853370538        278.78494718608948        278.78486979312987     
 read in sim obs yf   278.70964695389426        278.70964745889211        278.70964752249984        278.70971324332623        278.70964854814525     
 read in sim obs yf   279.28595463420100        279.28595490378859        279.28595481526759        279.28605998749731        279.28595693782370     
 read in sim obs yf   279.60297023044268        279.60296998867443        279.60296974694074        279.60310199629009        279.60297216055409     
 read in sim obs yf   279.66005994467560        279.66006030501148        279.66005991067158        279.66019785242725        279.66006250171517     
 read in sim obs yf   279.74266471194449        279.74266493903639        279.74266501807858        279.74278796281936        279.74266717165824     
 read in sim obs yf   279.97533519979464        279.97533505158196        279.97533520287118        279.97549609476874        279.97533807956540     
 read in sim obs yf   280.36141672289278        280.36141664611046        280.36141645956758        280.36157445600747        280.36142053616180     
 read in sim obs yf   280.47538789354587        280.47538832711604        280.47538783591932        280.47561344988230        280.47539504349209     
 read in sim obs yf   280.48719194637732        280.48719236090727        280.48719183815763        280.48739914526817        280.48719908241605     
 read in sim obs yf   280.42365804122267        280.42365786404315        280.42365820531506        280.42386343189861        280.42366525211764     
 read in sim obs yf   280.24222452887199        280.24222464435024        280.24222408222579        280.24240551226234        280.24222987095834     
 read in sim obs yf   280.35890999301904        280.35891061447160        280.35891043462760        280.35906223833746        280.35891519762521     
 read in sim obs yf   280.44032491398400        280.44032470992028        280.44032431245085        280.44045142677095        280.44032863428248     
 read in sim obs yf   280.37296184184373        280.37296244063032        280.37296222322482        280.37307137478376        280.37296564151012     
 read in sim obs yf   280.25807294842883        280.25807303834313        280.25807243385486        280.25817993457059        280.25807688345861     
 read in sim obs yf   280.29072360832538        280.29072364557317        280.29072364799737        280.29084154097916        280.29072889326960     
 read in sim obs yf   280.45042750048464        280.45042728012515        280.45042754984070        280.45058290422168        280.45043815079913     
 read in sim obs yf   280.59184357990591        280.59184451982117        280.59184371732925        280.59205498184923        280.59186794744016     
 read in sim obs yf   280.93342526774984        280.93342635087498        280.93342532950186        280.93385333735836        280.93347769469631     
 read in sim obs yf   281.13547422099316        281.13547567239880        281.13547411093435        281.13591574577111        281.13553404599418     
 read in sim obs yf   281.23852435194101        281.23852563712364        281.23852171763070        281.23914435949246        281.23860835224343     
 read in sim obs yf   281.51371136647447        281.51371290196363        281.51371102363572        281.51415132302657        281.51376449810527     
 read in sim obs yf   281.49199910110082        281.49200136580407        281.49199676875361        281.49244934429805        281.49205434088890     
 read in sim obs yf   281.24397723567387        281.24397851206078        281.24397318961235        281.24440481417702        281.24403762702724     
 read in sim obs yf   281.00536723500159        281.00536681369897        281.00536490583448        281.00561848993175        281.00539528046903     
 read in sim obs yf   280.75230691888936        280.75230690578076        280.75230706274169        280.75248913128536        280.75232415544502     
 read in sim obs yf   280.57972644616240        280.57972671143142        280.57972455295175        280.57993677685732        280.57975082797321     
 read in sim obs yf   280.59805521627021        280.59805545197435        280.59805393869044        280.59824632459572        280.59807610552645     
 read in sim obs yf   280.01480491467618        280.01481511567147        280.01480474858181        280.01542154359208        280.01487508455671     
 read in sim obs yf   278.60511680408985        278.60514941051116        278.60511643234190        278.60564467840828        278.60517683361832     
 read in sim obs yf   279.04992217105899        279.04994295293028        279.04992197540304        279.05041410888333        279.04996085075607     
 read in sim obs yf   279.27974091525863        279.27977382187385        279.27974042876809        279.28022683881494        279.27978140675640     
 read in sim obs yf   281.05343452658968        281.05345415930924        281.05343476816074        281.05370743137735        281.05344516062655     
 read in sim obs yf   276.08431564402491        276.08431968957063        276.08431566381842        276.08474635572099        276.08432657919718     
 read in sim obs yf   277.88107172554953        277.88107356706450        277.88107168036697        277.88124924699207        277.88107776699650     
 read in sim obs yf   278.41055471921800        278.41055987181034        278.41055448719140        278.41088498618478        278.41057332646818     
 read in sim obs yf   278.65630796287053        278.65630785971422        278.65630667752276        278.65645339571211        278.65631100834992     
 read in sim obs yf   278.85415566183622        278.85415662792877        278.85415561106407        278.85428966950889        278.85416055678490     
 read in sim obs yf   278.76433962070143        278.76434073166990        278.76433926069933        278.76446348368347        278.76434253889670     
 read in sim obs yf   278.89944618258653        278.89944707562404        278.89944663188470        278.89955817978739        278.89944894159783     
 read in sim obs yf   279.06058983042516        279.06059046353306        279.06059028323648        279.06068025619527        279.06059170538327     
 read in sim obs yf   279.13020278113669        279.13020260776517        279.13020293558043        279.13027472497373        279.13020387988416     
 read in sim obs yf   279.10076415090680        279.10076471921229        279.10076443152724        279.10085352533042        279.10076597853106     
 read in sim obs yf   279.27783049692221        279.27783008542269        279.27783001861991        279.27793050942773        279.27783211592498     
 read in sim obs yf   279.81195416885345        279.81195428417936        279.81195417800649        279.81211378604985        279.81195793531339     
 read in sim obs yf   280.11150109975438        280.11150142609353        280.11150121340097        280.11167786820647        280.11150659586048     
 read in sim obs yf   280.13316338325302        280.13316367465018        280.13316340405294        280.13337568188769        280.13316954802826     
 read in sim obs yf   280.21552448888093        280.21552464742723        280.21552415667361        280.21574018555356        280.21553125080936     
 read in sim obs yf   280.14595735488814        280.14595762564841        280.14595732085206        280.14615196434596        280.14596281039758     
 read in sim obs yf   279.94060820950409        279.94060811730708        279.94060836142370        279.94076307152466        279.94061182438247     
 read in sim obs yf   280.05370608572866        280.05370650529295        280.05370644709006        280.05385729384682        280.05370956735379     
 read in sim obs yf   280.05614131375341        280.05614103519810        280.05614097048749        280.05625566689184        280.05614340412563     
 read in sim obs yf   280.12943973355942        280.12944003096300        280.12943977031938        280.12955563937919        280.12944382014632     
 read in sim obs yf   280.18420945575735        280.18420897062413        280.18420925776917        280.18429477294376        280.18421278362200     
 read in sim obs yf   280.28343250229796        280.28343255130653        280.28343187903062        280.28358255778613        280.28343987840827     
 read in sim obs yf   280.37447726452848        280.37447716667913        280.37447694522461        280.37463535002843        280.37448800432838     
 read in sim obs yf   280.51885893520461        280.51885929865477        280.51885869125715        280.51900144132463        280.51887019908429     
 read in sim obs yf   280.72388736355691        280.72388739628997        280.72388693502830        280.72412654781982        280.72391504647521     
 read in sim obs yf   280.83911502301407        280.83911625826454        280.83911479479883        280.83954208981260        280.83916964365369     
 read in sim obs yf   280.97486510154079        280.97486611782227        280.97486220891886        280.97536289248825        280.97492997511648     
 read in sim obs yf   281.11115109683931        281.11115328167045        281.11115039684194        281.11193895706623        281.11136297852232     
 read in sim obs yf   281.21981447003577        281.21981578539805        281.21981261010740        281.22033084103617        281.21988252596890     
 read in sim obs yf   281.05779197422697        281.05779424512809        281.05779080874208        281.05840768720600        281.05788451777295     
 read in sim obs yf   281.02542454495591        281.02542478549185        281.02542351820074        281.02583424096429        281.02547478093220     
 read in sim obs yf   280.78877147353160        280.78877140160461        280.78877146109352        280.78922762478322        280.78882754187026     
 read in sim obs yf   280.73113751221450        280.73113753325282        280.73113635842145        280.73168819111339        280.73120336714459     
 read in sim obs yf   280.78043074812751        280.78043207803751        280.78043077143849        280.78087601086003        280.78042643159876     
 read in sim obs yf   279.26973759831537        279.26974830693541        279.26973784888969        279.27035428846870        279.26978990286136     
 read in sim obs yf   279.05492799468686        279.05494252075925        279.05492777757559        279.05548227721965        279.05497013944557     
 read in sim obs yf   278.98881655200188        278.98883604405518        278.98881661825033        278.98938020056551        278.98885599788616     
 read in sim obs yf   279.76498370174625        279.76500957792570        279.76498391221907        279.76538750923152        279.76502084475811     
 read in sim obs yf   279.64014702680493        279.64017935207403        279.64014638395975        279.64064295555931        279.64017320983044     
 read in sim obs yf   275.96443828179986        275.96444321490299        275.96443881539881        275.96495820828358        275.96445144078871     
 read in sim obs yf   277.41249581182319        277.41249910335694        277.41249569243121        277.41279735781819        277.41250934727032     
 read in sim obs yf   278.11698548173820        278.11698694271701        278.11698581378675        278.11716932455028        278.11699124522892     
 read in sim obs yf   278.40420563269731        278.40420593618978        278.40420473369375        278.40432642510530        278.40420828101458     
 read in sim obs yf   278.69977831033668        278.69977883125296        278.69977822705039        278.69986637743801        278.69978061040695     
 read in sim obs yf   278.47224693111463        278.47224712485439        278.47224643466950        278.47232637495915        278.47224811088103     
 read in sim obs yf   278.81090329088090        278.81090363254918        278.81090342549237        278.81102315861148        278.81090615421431     
 read in sim obs yf   278.87472875697358        278.87472830149795        278.87472861802337        278.87482474083106        278.87473015672344     
 read in sim obs yf   278.81142671218379        278.81142705300789        278.81142684455187        278.81150630409320        278.81142818651682     
 read in sim obs yf   278.89800434432902        278.89800454550067        278.89800410561736        278.89808652975688        278.89800502246334     
 read in sim obs yf   279.36401799276467        279.36401813643369        279.36401783924447        279.36412755074389        279.36402020441221     
 read in sim obs yf   279.89165373963334        279.89165372640144        279.89165340718660        279.89184875654792        279.89166018895799     
 read in sim obs yf   279.88074866636049        279.88074867071873        279.88074838065393        279.88090231818410        279.88075165757408     
 read in sim obs yf   279.83596143532452        279.83596151192597        279.83596134158017        279.83611348251452        279.83596447930699     
 read in sim obs yf   280.06144425186096        280.06144465894334        280.06144458005582        280.06165565065959        280.06145258371225     
 read in sim obs yf   279.98213134642032        279.98213188143683        279.98213132036784        279.98230039363625        279.98213630075935     
 read in sim obs yf   279.65532346781902        279.65532383579495        279.65532345411594        279.65545108690424        279.65532603043920     
 read in sim obs yf   279.74687499072741        279.74687451683639        279.74687458462608        279.74700993238815        279.74687744548055     
 read in sim obs yf   279.81333769492335        279.81333780801754        279.81333700395675        279.81346742640801        279.81334007136945     
 read in sim obs yf   279.92145057330129        279.92145051200617        279.92145080733229        279.92156567454634        279.92145421075145     
 read in sim obs yf   280.00964775703761        280.00964755347775        280.00964761304732        280.00974874922912        280.00965129057283     
 read in sim obs yf   280.11807926986927        280.11807958559757        280.11807935532107        280.11822323996961        280.11808614660862     
 read in sim obs yf   280.25017234120253        280.25017244386083        280.25017186049138        280.25030938360550        280.25017975650042     
 read in sim obs yf   280.35256715423264        280.35256778591656        280.35256692883758        280.35276746358431        280.35258277919041     
 read in sim obs yf   280.54543124373726        280.54543087013377        280.54543088589838        280.54556264185197        280.54543831115768     
 read in sim obs yf   280.67418455394534        280.67418466685052        280.67418433844762        280.67433687874461        280.67419632901050     
 read in sim obs yf   280.78977388780407        280.78977312006856        280.78977040012086        280.78995095465672        280.78980704662922     
 read in sim obs yf   280.97478804615014        280.97478767417266        280.97478445966874        280.97511090712925        280.97482029279763     
 read in sim obs yf   281.09277859259089        281.09277872448263        281.09277658296031        281.09313099200642        281.09281555956392     
 read in sim obs yf   281.12409709667793        281.12409717805201        281.12409634119280        281.12440008428229        281.12412500225662     
 read in sim obs yf   281.10490544503227        281.10490555736305        281.10490546599414        281.10517769702034        281.10494448029306     
 read in sim obs yf   280.83851593470581        280.83851578253945        280.83851570905836        280.83912836178519        280.83859693534311     
 read in sim obs yf   280.73400730487538        280.73400870966782        280.73400613878204        280.73459955914547        280.73407454480804     
 read in sim obs yf   280.17542652959725        280.17543577731340        280.17542636925350        280.17611253760896        280.17549651023171     
 read in sim obs yf   278.77327040990866        278.77330621605097        278.77327070581811        278.77385497107167        278.77333232389230     
 read in sim obs yf   279.27705161270222        279.27707688754782        279.27705183192791        279.27755565517464        279.27709835509563     
 read in sim obs yf   279.07558300456401        279.07560860438468        279.07558269892337        279.07611661550135        279.07562859594611     
 read in sim obs yf   279.15441275187897        279.15444169550278        279.15441280255652        279.15490126105044        279.15445963876681     
 read in sim obs yf   278.93684512061571        278.93687788614068        278.93684471542883        278.93745316807332        278.93688671030907     
 read in sim obs yf   275.60998417854455        275.60998968339300        275.60998414879748        275.61063069645337        275.61000608545783     
 read in sim obs yf   277.35645155181072        277.35645354536246        277.35645167262965        277.35668514700814        277.35646376490604     
 read in sim obs yf   277.89817385713968        277.89817497687682        277.89817373865571        277.89835370772414        277.89817849005289     
 read in sim obs yf   277.96699265139154        277.96699296593027        277.96699223794388        277.96708462337142        277.96699442645411     
 read in sim obs yf   278.05145021900205        278.05145039730814        278.05145013775115        278.05152332057082        278.05145120036389     
 read in sim obs yf   278.19310301813721        278.19310296795311        278.19310232974931        278.19318282532504        278.19310452679417     
 read in sim obs yf   278.68306006731478        278.68306061519809        278.68306005568445        278.68318466900240        278.68306308127455     
 read in sim obs yf   278.64232206235312        278.64232267594809        278.64232222532968        278.64240330296786        278.64232373592705     
 read in sim obs yf   278.60914312180472        278.60914309472673        278.60914342698925        278.60922453652501        278.60914483447038     
 read in sim obs yf   278.87751802328023        278.87751825749694        278.87751787237482        278.87760352152549        278.87751941974369     
 read in sim obs yf   279.48267704678466        279.48267699905301        279.48267638468076        279.48283625676737        279.48268120120252     
 read in sim obs yf   279.73855717368269        279.73855740740021        279.73855680323226        279.73877563396263        279.73856380338731     
 read in sim obs yf   279.66128102965143        279.66128138801781        279.66128099041379        279.66141196370234        279.66128427944432     
 read in sim obs yf   279.77246779334689        279.77246797236552        279.77246797174217        279.77261594874471        279.77247160633010     
 read in sim obs yf   279.89012304470896        279.89012372813767        279.89012341301265        279.89031671333214        279.89012949583702     
 read in sim obs yf   279.79005169467740        279.79005184533264        279.79005179770650        279.79019383651496        279.79005618113496     
 read in sim obs yf   279.59745348098056        279.59745394230265        279.59745371531375        279.59760135721376        279.59745750016765     
 read in sim obs yf   279.70226755560321        279.70226784785689        279.70226734069342        279.70240505297238        279.70227075710523     
 read in sim obs yf   279.74691386551916        279.74691408575706        279.74691415344091        279.74705852460613        279.74691770861028     
 read in sim obs yf   279.83021213130490        279.83021221718008        279.83021206220252        279.83035738720645        279.83021726463681     
 read in sim obs yf   279.89588415000469        279.89588412994897        279.89588379942609        279.89600755623320        279.89588990015307     
 read in sim obs yf   279.99167510778977        279.99167562741189        279.99167504083198        279.99177518196962        279.99168074507617     
 read in sim obs yf   280.15841047790315        280.15841072857609        280.15841039049184        280.15853812071151        280.15841591874016     
 read in sim obs yf   280.23120213703123        280.23120227028897        280.23120173762811        280.23136119528795        280.23121026887185     
 read in sim obs yf   280.43537115480927        280.43537165292764        280.43537126869825        280.43552070499413        280.43538182286329     
 read in sim obs yf   280.61685673161310        280.61685693698979        280.61685676182771        280.61695849356863        280.61686579745492     
 read in sim obs yf   280.76787419039886        280.76787415217979        280.76787426752844        280.76800740318743        280.76788516088601     
 read in sim obs yf   280.88707540892494        280.88707587262229        280.88707566933681        280.88721383235804        280.88708415639212     
 read in sim obs yf   281.04162006086750        281.04161888689640        281.04161618793796        281.04180372631913        281.04163279139988     
 read in sim obs yf   281.11795626797010        281.11795427667482        281.11794929109749        281.11817264445978        281.11797585048129     
 read in sim obs yf   281.21398186289088        281.21398179927820        281.21398072215146        281.21407285753367        281.21399161357721     
 read in sim obs yf   281.17490853204652        281.17490922565185        281.17490825296863        281.17507066085210        281.17493290679914     
 read in sim obs yf   280.81867174191331        280.81867439852260        280.81867160131992        280.81907782429386        280.81871875052860     
 read in sim obs yf   280.48595697754729        280.48596988951783        280.48595687462063        280.48631831550523        280.48599396529227     
 read in sim obs yf   279.98593691085347        279.98596034805388        279.98593686849000        279.98635437296559        279.98597379353583     
 read in sim obs yf   281.47913640438730        281.47914216079647        281.47913690392977        281.47924683867046        281.47914514847366     
 read in sim obs yf   280.78488677112955        280.78489781253404        280.78488677534165        280.78512158236316        280.78490535768304     
 read in sim obs yf   280.30772091681644        280.30773411628718        280.30772088363636        280.30800431237282        280.30774700749089     
 read in sim obs yf   279.84252433319972        279.84253828304685        279.84252421132618        279.84291778138214        279.84255374874158     
 read in sim obs yf   277.51183409435362        277.51184277918446        277.51183424337825        277.51209694362780        277.51186000821332     
 read in sim obs yf   276.94442735296747        276.94443834142589        276.94442715719111        276.94506879851787        276.94448031464395     
 read in sim obs yf   277.82219446508975        277.82219501319236        277.82219467226054        277.82234853704392        277.82219849333080     
 read in sim obs yf   277.33471846065578        277.33471840668886        277.33471798043502        277.33479712950231        277.33471959228700     
 read in sim obs yf   277.58887837801979        277.58887860827679        277.58887819682548        277.58896705578820        277.58887990438893     
 read in sim obs yf   278.48313048441344        278.48313135478929        278.48313063551007        278.48322491527949        278.48313442812434     
 read in sim obs yf   278.75335749203782        278.75335792652925        278.75335717910622        278.75351704531965        278.75336250574804     
 read in sim obs yf   278.32755079114105        278.32755121828018        278.32755091487707        278.32762846823147        278.32755214139013     
 read in sim obs yf   278.32301979532650        278.32302022977416        278.32301993848267        278.32308579002409        278.32302115091397     
 read in sim obs yf   278.60371314643135        278.60371312811208        278.60371347488928        278.60380511587016        278.60371486549468     
 read in sim obs yf   279.13703502578312        279.13703553558258        279.13703515094323        279.13720744613164        279.13704028163215     
 read in sim obs yf   279.26641658039335        279.26641688149641        279.26641684520183        279.26657520225825        279.26642098961167     
 read in sim obs yf   279.29740464875073        279.29740489986909        279.29740478074149        279.29751386745187        279.29740763307478     
 read in sim obs yf   279.56791002765164        279.56791053662812        279.56790969442090        279.56804271101106        279.56791338745518     
 read in sim obs yf   279.56506939108459        279.56506990464311        279.56506976421883        279.56519520703688        279.56507275423496     
 read in sim obs yf   279.49713499834445        279.49713562148338        279.49713496846221        279.49726606298651        279.49713913572782     
 read in sim obs yf   279.49040202325546        279.49040196306316        279.49040202223131        279.49053742914407        279.49040547437983     
 read in sim obs yf   279.48283879368603        279.48283874569341        279.48283813088875        279.48295981983597        279.48284225372134     
 read in sim obs yf   279.49404375820927        279.49404369214278        279.49404374157632        279.49417420957326        279.49404720504288     
 read in sim obs yf   279.56379068811367        279.56379050954325        279.56379037253896        279.56391931422741        279.56379405277067     
 read in sim obs yf   279.63028185421075        279.63028156838806        279.63028194783845        279.63040457522908        279.63028583471902     
 read in sim obs yf   279.79791065034112        279.79791078831965        279.79791002549621        279.79802134865844        279.79791512753917     
 read in sim obs yf   279.79837923042010        279.79837936764272        279.79837929775641        279.79846076114393        279.79838162449033     
 read in sim obs yf   279.91196581831201        279.91196577231608        279.91196539880582        279.91203743477325        279.91196738436145     
 read in sim obs yf   280.30400282066461        280.30400353068416        280.30400280342070        280.30415372618455        280.30401017253877     
 read in sim obs yf   280.57146277614913        280.57146305474765        280.57146300092643        280.57152754644710        280.57146564774763     
 read in sim obs yf   280.78549210717216        280.78549204053490        280.78549210878970        280.78563388317571        280.78550028013416     
 read in sim obs yf   280.84875805394114        280.84875788525397        280.84875778439493        280.84887665488833        280.84876406978668     
 read in sim obs yf   280.99573253438700        280.99573074024227        280.99572746975622        280.99586672595592        280.99574045964141     
 read in sim obs yf   281.14276393863526        281.14276121313276        281.14275338448596        281.14293732127055        281.14277932676634     
 read in sim obs yf   281.23679372951642        281.23679362910735        281.23679318519277        281.23702435043896        281.23681594877951     
 read in sim obs yf   280.99985187392502        280.99985493247681        280.99985165096643        281.00048298666496        280.99994170896912     
 read in sim obs yf   280.93177100652321        280.93177625746631        280.93177107536559        280.93222202718306        280.93182968314585     
 read in sim obs yf   280.93159398738237        280.93160548633523        280.93159405698339        280.93187216321354        280.93162489653781     
 read in sim obs yf   280.90231502147560        280.90233003861437        280.90231521656904        280.90259396352604        280.90233555224955     
 read in sim obs yf   281.56713088385249        281.56713719251547        281.56713100624251        281.56725636971760        281.56713883007092     
 read in sim obs yf   279.95780613968827        279.95783031645607        279.95780621789595        279.95820698360819        279.95784027874703     
 read in sim obs yf   280.56410363923612        280.56411017742948        280.56410320136570        280.56434283993019        280.56412248591874     
 read in sim obs yf   280.72792756512598        280.72793036810839        280.72792781347050        280.72812985240751        280.72794344202191     
 read in sim obs yf   276.42240345996208        276.42243542201703        276.42240272486953        276.42292875603721        276.42246814376324     
 read in sim obs yf   276.35369643073642        276.35371947912728        276.35369599012864        276.35438665586554        276.35376744321593     
 read in sim obs yf   277.58770241556999        277.58770264772386        277.58770085103652        277.58783971633085        277.58770602590033     
 read in sim obs yf   277.33552233581332        277.33552228054970        277.33552185214705        277.33559959527366        277.33552346649742     
 read in sim obs yf   277.92746740109334        277.92746777938748        277.92746715705448        277.92756110160826        277.92746991691689     
 read in sim obs yf   278.57536301036987        278.57536373197183        278.57536276614940        278.57556817799673        278.57537586990594     
 read in sim obs yf   278.41997074912905        278.41997102719188        278.41997047674448        278.42010362411185        278.41997476725544     
 read in sim obs yf   277.76473613452811        277.76473677531271        277.76473658797056        277.76481049172315        277.76473814789153     
 read in sim obs yf   277.79850791565042        277.79850780776854        277.79850753015421        277.79858485992366        277.79850919503167     
 read in sim obs yf   278.14080948133397        278.14081020969246        278.14080971127078        278.14089482207066        278.14081174579559     
 read in sim obs yf   278.61628914155591        278.61628979714271        278.61628941611195        278.61641826731108        278.61629362256963     
 read in sim obs yf   278.73816508459140        278.73816554358865        278.73816483677587        278.73827921993285        278.73816872781771     
 read in sim obs yf   278.68669069518529        278.68669054302069        278.68668997380394        278.68677285721355        278.68669231648357     
 read in sim obs yf   278.84044882678802        278.84044912079850        278.84044883476463        278.84053807181800        278.84045096111868     
 read in sim obs yf   278.95585281119327        278.95585291905365        278.95585232453777        278.95595222546183        278.95585480955378     
 read in sim obs yf   279.01426843350134        279.01426844713546        279.01426839066073        279.01438159089543        279.01427105722775     
 read in sim obs yf   279.05492730049423        279.05492794273590        279.05492708338585        279.05505883074852        279.05493057050768     
 read in sim obs yf   279.09960623746736        279.09960611344906        279.09960582886106        279.09971993830220        279.09960876064787     
 read in sim obs yf   279.13029788553786        279.13029771201298        279.13029803957392        279.13041494823125        279.13030037255709     
 read in sim obs yf   279.34479649083255        279.34479666550646        279.34479641969750        279.34493154211458        279.34480150189472     
 read in sim obs yf   279.50069065340239        279.50069127080576        279.50069060828019        279.50080982402699        279.50069548078829     
 read in sim obs yf   279.75154343669857        279.75154364946877        279.75154370477753        279.75167270279144        279.75155005110258     
 read in sim obs yf   279.89372937583465        279.89372935925468        279.89372972868125        279.89383201321647        279.89373374013803     
 read in sim obs yf   280.06620433126972        280.06620403648230        280.06620394487265        280.06629343077935        280.06620710397738     
 read in sim obs yf   280.33719286829643        280.33719352477937        280.33719270879681        280.33729014798030        280.33719948687371     
 read in sim obs yf   280.61462906720840        280.61462858198684        280.61462841278131        280.61473782920655        280.61463327633174     
 read in sim obs yf   280.76429562698155        280.76429628872648        280.76429571944925        280.76440255478724        280.76430243653374     
 read in sim obs yf   280.85615537145304        280.85615519083370        280.85615368182175        280.85627516716443        280.85616207277496     
 read in sim obs yf   280.98303852650201        280.98303883540785        280.98303837560701        280.98317582696632        280.98304785509629     
 read in sim obs yf   281.11590284593547        281.11590363471879        281.11590281976146        281.11607762568985        281.11591757152274     
 read in sim obs yf   281.21385413143241        281.21385406802568        281.21385437961982        281.21406105656644        281.21387082418806     
 read in sim obs yf   281.22620937327531        281.22620998413078        281.22620956850699        281.22652981970242        281.22623646435221     
 read in sim obs yf   280.94894255738433        280.94894708643767        280.94894255262790        280.94969092955012        280.94904494786442     
 read in sim obs yf   280.35991518406223        280.35993593544958        280.35991423298299        280.36084210186499        280.36002312788412     
 read in sim obs yf   280.13695922898830        280.13698311677672        280.13695923351889        280.13740744763157        280.13699662792629     
 read in sim obs yf   280.44340712961395        280.44342635794300        280.44340720905990        280.44378138205218        280.44343028365387     
 read in sim obs yf   280.24558789254928        280.24560813415843        280.24558743148737        280.24598051115709        280.24561544481338     
 read in sim obs yf   279.78843006050806        279.78844756856881        279.78843017048757        279.78886171556746        279.78846717589516     
 read in sim obs yf   280.89533144281853        280.89533814092295        280.89533097365444        280.89554045599778        280.89534851086114     
 read in sim obs yf   275.01757955769091        275.01762072768560        275.01757859609631        275.01826587470947        275.01765769793315     
 read in sim obs yf   276.04625930549980        276.04628354398767        276.04625879421661        276.04690690139842        276.04633276278071     
 read in sim obs yf   277.82820895072445        277.82820948912553        277.82820566116794        277.82847254485961        277.82823102086837     
 read in sim obs yf   277.87569520301474        277.87569566481898        277.87569379249692        277.87578470499187        277.87569916822071     
 read in sim obs yf   278.04986121189000        278.04986208695090        278.04986113744985        278.04999544240229        278.04986705446737     
 read in sim obs yf   278.17939757147451        278.17939823758923        278.17939694182940        278.17957214506635        278.17940742658197     
 read in sim obs yf   278.14380075771902        278.14380148125247        278.14380028064517        278.14393461239320        278.14380579542382     
 read in sim obs yf   277.61090719526896        277.61090738999280        277.61090691965705        277.61098627228262        277.61090869568341     
 read in sim obs yf   277.42648379491874        277.42648428712312        277.42648361557298        277.42655867395268        277.42648481843105     
 read in sim obs yf   277.82351690220122        277.82351675397916        277.82351640951430        277.82359735704620        277.82351884630862     
 read in sim obs yf   278.22405290589569        278.22405349997996        278.22405277904340        278.22417355360938        278.22405784904646     
 read in sim obs yf   278.19260250519380        278.19260315000855        278.19260251314086        278.19268371382884        278.19260679120799     
 read in sim obs yf   277.96980621444294        277.96980652444330        277.96980648312586        277.96987728755664        277.96980798619057     
 read in sim obs yf   278.06313278810939        278.06313294757121        278.06313265678602        278.06320141890262        278.06313375570676     
 read in sim obs yf   278.42145146217825        278.42145173785275        278.42145118344729        278.42151904600439        278.42145270179253     
 read in sim obs yf   278.57367542789319        278.57367545802566        278.57367519090576        278.57375915913843        278.57367718234735     
 read in sim obs yf   278.72334268185909        278.72334247057375        278.72334249757375        278.72343499151179        278.72334425997366     
 read in sim obs yf   278.97071478291008        278.97071486679761        278.97071423255471        278.97079159466108        278.97071606956803     
 read in sim obs yf   279.13821654177468        279.13821704966830        279.13821666187073        279.13831465452722        279.13821901946403     
 read in sim obs yf   279.44573002820931        279.44573004007430        279.44572952446367        279.44584091868876        279.44573353196665     
 read in sim obs yf   279.63374448744554        279.63374489022908        279.63374456623211        279.63385115183354        279.63374915806600     
 read in sim obs yf   279.84636391307572        279.84636397289773        279.84636377474538        279.84644279970991        279.84636694480184     
 read in sim obs yf   280.16407578460496        280.16407602613958        280.16407567291151        280.16418175974360        280.16408052457513     
 read in sim obs yf   280.35918975268089        280.35919037368222        280.35919019309034        280.35928645671481        280.35919495695748     
 read in sim obs yf   280.47384956250164        280.47384999855325        280.47384951146859        280.47395576107431        280.47385393749289     
 read in sim obs yf   280.63997057206706        280.63997004596888        280.63996980902397        280.64007242331695        280.63997336294898     
 read in sim obs yf   280.77539646259856        280.77539641224581        280.77539581329722        280.77551559504127        280.77540187068769     
 read in sim obs yf   280.89631372550235        280.89631139753163        280.89630700442058        280.89642552853962        280.89632037950923     
 read in sim obs yf   281.00978854836808        281.00978673155061        281.00978272930217        281.00991959539834        281.00979923382914     
 read in sim obs yf   281.12980058397881        281.12980135034462        281.12980049823773        281.12994931557654        281.12981321061591     
 read in sim obs yf   281.17132024993134        281.17131956094147        281.17131790366398        281.17146442410274        281.17133074507387     
 read in sim obs yf   281.20372169464520        281.20372164758237        281.20372129207141        281.20388654029409        281.20373492837956     
 read in sim obs yf   281.24632291283905        281.24632279705918        281.24632093929301        281.24661923096818        281.24634789764235     
 read in sim obs yf   280.98890237231871        280.98890683691559        280.98890150210099        280.98951849976288        280.98897278289070     
 read in sim obs yf   279.95426575686997        279.95428716258220        279.95426585025206        279.95474374681470        279.95431656070548     
 read in sim obs yf   279.81444909745119        279.81447419964996        279.81444840172099        279.81495504245305        279.81449034733373     
 read in sim obs yf   280.15713108073953        280.15714868826603        280.15713099881185        280.15757946566794        280.15716429075962     
 read in sim obs yf   279.16918586692884        279.16921548091483        279.16918516009770        279.16976076131152        279.16924314928929     
 read in sim obs yf   279.54279344123080        279.54281620485204        279.54279321565218        279.54332870894183        279.54283987052429     
 read in sim obs yf   274.22147172236743        274.22147946692877        274.22147278458533        274.22180471314277        274.22149595943324     
 read in sim obs yf   276.09425162427533        276.09425634798561        276.09424951891316        276.09475496427763        276.09429378637611     
 read in sim obs yf   277.72477215443746        277.72477216549362        277.72476791984116        277.72502665450645        277.72479573483554     
 read in sim obs yf   277.61201790360417        277.61201809653636        277.61201554066247        277.61213651949993        277.61202287366945     
 read in sim obs yf   277.50768351614374        277.50768457156215        277.50768368295820        277.50778889641578        277.50768722075321     
 read in sim obs yf   277.60704956638256        277.60705046152043        277.60705000149460        277.60717455986867        277.60705454230163     
 read in sim obs yf   277.77919339189521        277.77919400935986        277.77919308918285        277.77930138530201        277.77919747080057     
 read in sim obs yf   277.51362372315856        277.51362407480360        277.51362317032300        277.51369701594871        277.51362533819355     
 read in sim obs yf   277.42281082129301        277.42281131942201        277.42281065768992        277.42289204401817        277.42281323751655     
 read in sim obs yf   277.53560394691806        277.53560426310833        277.53560329987323        277.53569887807959        277.53560692443949     
 read in sim obs yf   277.63308387556526        277.63308472870898        277.63308419909185        277.63316653727099        277.63308465565905     
 read in sim obs yf   277.50931972835997        277.50932008694747        277.50931919397169        277.50939105126037        277.50932204265780     
 read in sim obs yf   277.37924606361833        277.37924663201869        277.37924608673791        277.37931523710017        277.37924783697861     
 read in sim obs yf   277.75216638713800        277.75216704819809        277.75216620026589        277.75223760240584        277.75216772111941     
 read in sim obs yf   278.23903358456579        278.23903415448569        278.23903339350488        278.23909483540467        278.23903503910668     
 read in sim obs yf   278.52691738375518        278.52691748930977        278.52691734717712        278.52699192602222        278.52691919330010     
 read in sim obs yf   278.76346493788748        278.76346535607536        278.76346458163454        278.76355272668349        278.76346646872958     
 read in sim obs yf   279.04074424924727        279.04074422017504        279.04074409292878        279.04082547592498        279.04074614758758     
 read in sim obs yf   279.18281772916447        279.18281816511501        279.18281765809559        279.18290356792846        279.18282015430418     
 read in sim obs yf   279.31490108179986        279.31490130469598        279.31490113879931        279.31499109991341        279.31490404550948     
 read in sim obs yf   279.45622136262733        279.45622135756946        279.45622150810465        279.45631254166540        279.45622485402362     
 read in sim obs yf   279.74173727048463        279.74173680488104        279.74173688640406        279.74182791942684        279.74174042548310     
 read in sim obs yf   280.00066559757005        280.00066540849866        280.00066549207810        280.00075085880673        280.00066844749625     
 read in sim obs yf   280.22349451537815        280.22349466106846        280.22349414901055        280.22360240642422        280.22349918534053     
 read in sim obs yf   280.28682779883991        280.28682784237185        280.28682716102003        280.28693958587462        280.28683100579849     
 read in sim obs yf   280.45612126908765        280.45612103954392        280.45611990566016        280.45623903839555        280.45612566496658     
 read in sim obs yf   280.69053973418011        280.69053843232069        280.69053597763394        280.69065136884711        280.69054663063218     
 read in sim obs yf   280.85703283103783        280.85703126061992        280.85702697250730        280.85716787562626        280.85704161390152     
 read in sim obs yf   281.01318939845174        281.01318757614860        281.01318356480948        281.01330924969034        281.01319591475442     
 read in sim obs yf   281.10129425455773        281.10128951337236        281.10128179558217        281.10143193118796        281.10130483220559     
 read in sim obs yf   281.12545702019571        281.12545293422670        281.12544445765639        281.12557879265580        281.12546548679910     
 read in sim obs yf   281.12050673198462        281.12050334819219        281.12049557904220        281.12062377477002        281.12051520442054     
 read in sim obs yf   281.21367572390608        281.21367427240398        281.21366972515051        281.21381531877836        281.21368408656929     
 read in sim obs yf   281.21051922965614        281.21051986582034        281.21051879794754        281.21084494591014        281.21054981017886     
 read in sim obs yf   280.95378316314742        280.95379184954214        280.95378313764354        280.95427178735736        280.95384597898635     
 read in sim obs yf   279.64390608032659        279.64392937504158        279.64390611555950        279.64453796891837        279.64397529882041     
 read in sim obs yf   279.18528836101740        279.18531656064636        279.18528827935921        279.18594613494912        279.18535534309217     
 read in sim obs yf   278.79579557494498        278.79582856798720        278.79579508011977        278.79650102717812        278.79586926365147     
 read in sim obs yf   279.60486190557600        279.60488040392931        279.60486141396615        279.60553646641131        279.60491103850717     
 read in sim obs yf   274.28534092260088        274.28534786994766        274.28534657039762        274.28573610600182        274.28537480310177     
 read in sim obs yf   275.51989393128946        275.51989819307306        275.51988942834942        275.52051920489089        275.51995273651829     
 read in sim obs yf   277.02424910166428        277.02425093687708        277.02424370443634        277.02454067686438        277.02427420161831     
 read in sim obs yf   276.99010939840593        276.99010920611238        276.99010623007320        276.99021999329875        276.99011301863504     
 read in sim obs yf   276.78896914341931        276.78896996976272        276.78896891976149        276.78905723509337        276.78897161225029     
 read in sim obs yf   276.99088272908421        276.99088322973489        276.99088233419587        276.99096970180489        276.99088496001843     
 read in sim obs yf   277.20446014065357        277.20446099098888        277.20446021873198        277.20457067946637        277.20446420252421     
 read in sim obs yf   277.14848946506828        277.14849040568595        277.14848978304224        277.14860563365932        277.14849428707595     
 read in sim obs yf   277.30395739331448        277.30395808315762        277.30395773912818        277.30407504676600        277.30396272633999     
 read in sim obs yf   276.98324244412402        276.98324226290708        276.98324208198261        276.98331365077343        276.98324398986819     
 read in sim obs yf   276.84244280782866        276.84244354791741        276.84244304916751        276.84250173313586        276.84244451946449     
 read in sim obs yf   277.10218056361316        277.10218088473698        277.10218038588164        277.10224865769783        277.10218266341502     
 read in sim obs yf   277.28846370623205        277.28846372687553        277.28846342426345        277.28853386710404        277.28846489236116     
 read in sim obs yf   277.68478596018008        277.68478603573521        277.68478606210675        277.68485130284773        277.68478737354980     
 read in sim obs yf   277.97917573344250        277.97917602832950        277.97917596196675        277.97924309048676        277.97917679995896     
 read in sim obs yf   278.38992470027847        278.38992433261484        278.38992455667398        278.38999241497316        278.38992597703782     
 read in sim obs yf   278.77136207415026        278.77136247959982        278.77136237823919        278.77144757375765        278.77136428987973     
 read in sim obs yf   278.96416923985259        278.96416933429828        278.96416941174175        278.96426080056335        278.96417192260640     
 read in sim obs yf   279.13280878056798        279.13280860299295        279.13280822965243        279.13291675328321        279.13281126462880     
 read in sim obs yf   279.10841762552855        279.10841818148867        279.10841787334550        279.10852415402729        279.10842083251919     
 read in sim obs yf   279.00160011074649        279.00160014481492        279.00160012220340        279.00168860938209        279.00160205520689     
 read in sim obs yf   279.37033861738422        279.37033805666630        279.37033843677330        279.37041954879885        279.37034082158482     
 read in sim obs yf   279.76793749172492        279.76793767805106        279.76793768953758        279.76802259579557        279.76794061585395     
 read in sim obs yf   279.88971416520315        279.88971415509974        279.88971384106964        279.88982037853413        279.88971922842910     
 read in sim obs yf   280.06629804728550        280.06629775234694        280.06629766048678        280.06640866375335        280.06630359665030     
 read in sim obs yf   280.31664129313299        280.31664059438310        280.31663844496040        280.31675715918175        280.31664724173248     
 read in sim obs yf   280.62299200677927        280.62299081387636        280.62298853974886        280.62310818584245        280.62300245377622     
 read in sim obs yf   280.79583419015762        280.79583271845507        280.79583067649935        280.79596528289471        280.79584443351013     
 read in sim obs yf   280.95231772233757        280.95231530403078        280.95231284378667        280.95246832189537        280.95232986389516     
 read in sim obs yf   281.07644979167901        281.07644786733488        281.07644438108645        281.07660686119192        281.07646178698269     
 read in sim obs yf   281.09859939845967        281.09859743838757        281.09859319874215        281.09874131066044        281.09860859089883     
 read in sim obs yf   281.09488824423488        281.09488837272374        281.09488830813137        281.09501637006429        281.09489466427908     
 read in sim obs yf   281.13568178461333        281.13568184730104        281.13568167366492        281.13581717298604        281.13568885078604     
 read in sim obs yf   281.18359427122726        281.18359495082223        281.18359395492149        281.18391583287524        281.18362627185707     
 read in sim obs yf   281.07207984857297        281.07208348481043        281.07208001022838        281.07256468282975        281.07213627730647     
 read in sim obs yf   279.92569486752689        279.92571076579213        279.92569508336646        279.92629786240394        279.92575681209519     
 read in sim obs yf   279.28466482414683        279.28468869832898        279.28466501074166        279.28534221102018        279.28473168913513     
 read in sim obs yf   279.24191504871311        279.24193968604357        279.24191472434774        279.24263520480417        279.24198682341284     
 read in sim obs yf   279.53325245663206        279.53327176468520        279.53325227194694        279.53394555164817        279.53330931004524     
 read in sim obs yf   274.69532905422722        274.69533325767594        274.69533294477685        274.69571836761850        274.69537633551340     
 read in sim obs yf   275.48227007482240        275.48227439729436        275.48226712152109        275.48296227960719        275.48235738624754     
 read in sim obs yf   276.19948290871628        276.19948399172733        276.19947896394353        276.19976968909731        276.19950134430809     
 read in sim obs yf   276.35477242943608        276.35477187357725        276.35476920745754        276.35490312172539        276.35477679822628     
 read in sim obs yf   276.17994832587220        276.17994805200999        276.17994654739573        276.18003361267387        276.17995012387451     
 read in sim obs yf   276.50883184067470        276.50883242469649        276.50883142933191        276.50891337994318        276.50883463956660     
 read in sim obs yf   276.98883763736217        276.98883814131159        276.98883725123926        276.98898089174003        276.98884542424105     
 read in sim obs yf   276.80223586028973        276.80223597104191        276.80223557976956        276.80235484263329        276.80224039606532     
 read in sim obs yf   276.73604875059937        276.73604896811338        276.73604875376327        276.73612850873616        276.73605128178178     
 read in sim obs yf   276.42727530439703        276.42727532578044        276.42727524261306        276.42734787117604        276.42727681099586     
 read in sim obs yf   276.52742162724127        276.52742148708558        276.52742113622088        276.52748879653137        276.52742301584664     
 read in sim obs yf   277.03538464691667        277.03538507578429        277.03538475547862        277.03545379485013        277.03538751961003     
 read in sim obs yf   277.20021168127175        277.20021184426838        277.20021177755950        277.20027512739614        277.20021366557222     
 read in sim obs yf   277.50644646473552        277.50644682795769        277.50644663685205        277.50650953273362        277.50644808822682     
 read in sim obs yf   277.66036495485417        277.66036506980117        277.66036516145158        277.66043787835548        277.66036709118890     
 read in sim obs yf   277.95679148952615        277.95679182051953        277.95679181399129        277.95686637410290        277.95679327660775     
 read in sim obs yf   278.37290170665716        278.37290206064375        278.37290163601477        278.37298860954968        278.37290369766509     
 read in sim obs yf   278.57987942813753        278.57987944826283        278.57987985874905        278.57998937565918        278.57988186947398     
 read in sim obs yf   278.90009317019178        278.90009336799403        278.90009292252711        278.90020376211214        278.90009662263253     
 read in sim obs yf   279.23244140080703        279.23244106252162        279.23244111704673        279.23260438266198        279.23244862682293     
 read in sim obs yf   279.08523575418900        279.08523634754226        279.08523610136558        279.08533525342835        279.08523898849279     
 read in sim obs yf   279.43524355314025        279.43524358192025        279.43524309434071        279.43538526172654        279.43525054021234     
 read in sim obs yf   279.87731449502684        279.87731381073291        279.87731352984969        279.87752099398665        279.87732929154873     
 read in sim obs yf   279.85041591592079        279.85041527501517        279.85041506603352        279.85060090522069        279.85043282671069     
 read in sim obs yf   280.13164726637558        280.13164617183509        280.13164659948399        280.13187765322448        280.13167148192622     
 read in sim obs yf   280.28511522542567        280.28511388333681        280.28511181818709        280.28528536793931        280.28512954147226     
 read in sim obs yf   280.43986744098845        280.43986584927944        280.43986267627770        280.43999327157275        280.43987671536092     
 read in sim obs yf   280.65040914783924        280.65040791071164        280.65040556329649        280.65052877445368        280.65041817414925     
 read in sim obs yf   280.88756412059240        280.88756319511816        280.88756160215064        280.88769767201421        280.88757425586766     
 read in sim obs yf   281.02778618855348        281.02778503689683        281.02778306910687        281.02796396846122        281.02780171215267     
 read in sim obs yf   281.07279903222002        281.07279850214792        281.07279780241339        281.07298257590440        281.07281450278452     
 read in sim obs yf   281.11765915349037        281.11765924524906        281.11765911978864        281.11783596980644        281.11767110024078     
 read in sim obs yf   281.08270793895480        281.08270739289929        281.08270388991878        281.08295994660676        281.08272895137964     
 read in sim obs yf   280.88487967738490        280.88488153300722        280.88487925301814        280.88550408045933        280.88496756531487     
 read in sim obs yf   280.47450210364849        280.47451295152143        280.47450204981862        280.47525386746912        280.47459602862500     
 read in sim obs yf   280.03758137747343        280.03759293011279        280.03758111375703        280.03817172587998        280.03762930637794     
 read in sim obs yf   279.99163067945642        279.99164161202407        279.99163061268899        279.99233607500008        279.99168143926812     
 read in sim obs yf   279.80147394151879        279.80148726338984        279.80147330140136        279.80222735221270        279.80153742082939     
 read in sim obs yf   279.03689425648065        279.03691853032433        279.03689411666363        279.03759687012689        279.03696210758682     
 read in sim obs yf   274.56123323692714        274.56123835086805        274.56123839641356        274.56174754009919        274.56128275878211     
 read in sim obs yf   274.78919015628003        274.78919629090268        274.78918947939383        274.79000948410254        274.78928244945098     
 read in sim obs yf   275.01702628610150        275.01702788806796        275.01702255011935        275.01733220994953        275.01703778457403     
 read in sim obs yf   275.51099368656151        275.51099518593509        275.51099061014821        275.51133596986557        275.51101987525777     
 read in sim obs yf   275.94654199375003        275.94654140218773        275.94653843891581        275.94668059257435        275.94654684352179     
 read in sim obs yf   276.24854011910810        276.24853973460523        276.24853665826129        276.24866595553601        276.24854530725418     
 read in sim obs yf   276.80939021035340        276.80938961537379        276.80938712241004        276.80951247634312        276.80939820865916     
 read in sim obs yf   276.55510880926511        276.55510793025758        276.55510611700572        276.55522106951224        276.55511433040056     
 read in sim obs yf   276.28490540419295        276.28490496103171        276.28490317586062        276.28499349770453        276.28490916110928     
 read in sim obs yf   276.27403781732636        276.27403808588656        276.27403632976331        276.27412272436590        276.27404158704707     
 read in sim obs yf   276.33499140818014        276.33499088422872        276.33498965936434        276.33506500164401        276.33499371770080     
 read in sim obs yf   276.49172554392834        276.49172546135156        276.49172520590474        276.49179434154581        276.49172836297510     
 read in sim obs yf   276.67973583800836        276.67973545216518        276.67973469415517        276.67980388051603        276.67973774134725     
 read in sim obs yf   277.31497214903538        277.31497212691988        277.31497175344913        277.31502703852624        277.31497469231573     
 read in sim obs yf   277.60029854228310        277.60029875411897        277.60029831214092        277.60039108623749        277.60030144358058     
 read in sim obs yf   277.56113288380828        277.56113315881964        277.56113282153376        277.56121534592017        277.56113444286746     
 read in sim obs yf   277.82444781462465        277.82444835909251        277.82444801213734        277.82452060918797        277.82444975763514     
 read in sim obs yf   278.22680885095218        278.22680874639946        278.22680871228778        278.22692387314760        278.22681170828031     
 read in sim obs yf   278.68780487448396        278.68780472052214        278.68780414832719        278.68799599275781        278.68781204800467     
 read in sim obs yf   279.16666386481540        279.16666293843946        279.16666247460404        279.16696254372994        279.16668574636077     
 read in sim obs yf   279.18583469067977        279.18583373338072        279.18583321830056        279.18601485822887        279.18584266580001     
 read in sim obs yf   279.57734341238034        279.57734251775736        279.57734234452761        279.57751749934437        279.57735509137211     
 read in sim obs yf   279.58576882929509        279.58576722689003        279.58576841951998        279.58605445787055        279.58579854734904     
 read in sim obs yf   279.75338374157127        279.75337909203193        279.75338400176253        279.75387254191725        279.75345005430972     
 read in sim obs yf   279.75569470910096        279.75568866745078        279.75569426519758        279.75629590524585        279.75577420876266     
 read in sim obs yf   280.18316538992235        280.18316421228161        280.18316311383984        280.18336527323112        280.18318399123865     
 read in sim obs yf   280.23550613182988        280.23550486976194        280.23550293722042        280.23563175707460        280.23551495279133     
 read in sim obs yf   280.49559723170353        280.49559624429230        280.49559431069895        280.49574104074787        280.49560782879837     
 read in sim obs yf   280.71909812805438        280.71909747432102        280.71909633167343        280.71921318040654        280.71910776762621     
 read in sim obs yf   280.86250376378109        280.86250287872997        280.86250204693999        280.86273654380790        280.86252572984489     
 read in sim obs yf   280.77259608920866        280.77259534918142        280.77259614609966        280.77300476572032        280.77264592887832     
 read in sim obs yf   280.77141387902441        280.77141383509570        280.77141394098260        280.77180523211052        280.77146024912747     
 read in sim obs yf   280.70687478282628        280.70687553719273        280.70687442721527        280.70735667921718        280.70692400573762     
 read in sim obs yf   279.71918711451076        279.71919918072979        279.71918682708224        279.72000029510627        279.71927845844823     
 read in sim obs yf   279.72223670308335        279.72224945857488        279.72223709677377        279.72286515344388        279.72223155075483     
 read in sim obs yf   278.88130692708853        278.88133214609076        278.88130675994341        278.88199625803168        278.88137843246881     
 read in sim obs yf   279.09548898050764        279.09551038306984        279.09548928373789        279.09621366268698        279.09555815096070     
 read in sim obs yf   279.34894012711533        279.34895417893716        279.34894003822023        279.34950198730371        279.34899164415214     
 read in sim obs yf   279.93864919767805        279.93866507504760        279.93864866380449        279.93919631958187        279.93869516056992     
 read in sim obs yf   273.50738136728069        273.50739026369155        273.50739798557129        273.50791630760477        273.50742727145234     
 read in sim obs yf   274.57545655135112        274.57546094815780        274.57545887311625        274.57603781723526        274.57550258548861     
 read in sim obs yf   275.21346685644511        275.21346814154697        275.21346158431072        275.21392868801303        275.21348992473133     
 read in sim obs yf   274.80006051991739        274.80006108347311        274.80005840806035        274.80039017021409        274.80006810886999     
 read in sim obs yf   275.71434911048414        275.71434889345596        275.71434516247064        275.71459999441174        275.71436325832258     
 read in sim obs yf   276.21270589144598        276.21270417636163        276.21270050161888        276.21290624814333        276.21271945211510     
 read in sim obs yf   276.45760319548776        276.45760177956817        276.45759814438753        276.45789502192753        276.45762202115128     
 read in sim obs yf   276.28494844414092        276.28494730671872        276.28494482724471        276.28512261416950        276.28496053130920     
 read in sim obs yf   275.88843736977589        275.88843617774660        275.88843406398348        275.88855249889230        275.88844228800713     
 read in sim obs yf   276.08384567556061        276.08384486252334        276.08384153223000        276.08397651615314        276.08385105775147     
 read in sim obs yf   276.07306972213172        276.07306823228475        276.07306562498786        276.07318210201419        276.07307442282712     
 read in sim obs yf   276.22096400791764        276.22096297370427        276.22096066526461        276.22105308057644        276.22096853436233     
 read in sim obs yf   276.69518856772083        276.69518676856876        276.69518388668718        276.69529438543640        276.69519322962077     
 read in sim obs yf   277.17496875177767        277.17496756710875        277.17496548531028        277.17505507208523        277.17497354258728     
 read in sim obs yf   277.32646312095500        277.32646169192100        277.32645989935838        277.32657740874214        277.32646773327224     
 read in sim obs yf   277.24623526952314        277.24623535828232        277.24623447435982        277.24636970538052        277.24623928217386     
 read in sim obs yf   277.67271811411882        277.67271751494826        277.67271549101048        277.67285319005168        277.67272301266649     
 read in sim obs yf   278.34693612255262        278.34693513003936        278.34693338644234        278.34714935054683        278.34694925122380     
 read in sim obs yf   278.67397239055532        278.67397156471412        278.67397033530636        278.67424300671792        278.67399138163574     
 read in sim obs yf   278.88830647217782        278.88830599480087        278.88830627503211        278.88860271715447        278.88832798749507     
 read in sim obs yf   279.01633365681198        279.01633297292324        279.01633291092986        279.01655782808677        279.01634599679164     
 read in sim obs yf   279.34574475807369        279.34574423702639        279.34574537706402        279.34605055147745        279.34576642862390     
 read in sim obs yf   278.76618686750123        278.76618658710692        278.76618649958186        278.76645784714464        278.76621616281199     
 read in sim obs yf   279.48756346926655        279.48756341365288        279.48756348040871        279.48786555132915        279.48758705530014     
 read in sim obs yf   279.49846229480488        279.49846152741964        279.49846225923369        279.49878699940950        279.49849558668387     
 read in sim obs yf   279.81534530023913        279.81534471590345        279.81534460066774        279.81565962961389        279.81537613618735     
 read in sim obs yf   280.08894330766054        280.08894297619457        280.08894212961252        280.08925325377908        280.08897590382833     
 read in sim obs yf   280.32696879807156        280.32696808266314        280.32696659982412        280.32729681126364        280.32700250217874     
 read in sim obs yf   280.28237524680139        280.28237599170700        280.28237393387587        280.28283493180362        280.28242635824671     
 read in sim obs yf   280.46861951462864        280.46862065330811        280.46861948601202        280.46896395193778        280.46865166345765     
 read in sim obs yf   280.42956700956546        280.42956821123778        280.42956645414188        280.43000895912502        280.42961933597138     
 read in sim obs yf   279.55776301281747        279.55777117426896        279.55776272307793        279.55837633050396        279.55783649795734     
 read in sim obs yf   278.47830792766086        278.47832893737177        278.47830740523773        278.47905153792885        278.47839309750509     
 read in sim obs yf   278.43900690160774        278.43902936309559        278.43900654763246        278.43962311807809        278.43907337457580     
 read in sim obs yf   279.09354107576490        279.09354998602049        279.09354069315441        279.09434355646897        279.09362968588596     
 read in sim obs yf   277.92231440861099        277.92235089317973        277.92231418665841        277.92301217582991        277.92239398580580     
 read in sim obs yf   279.26326494549244        279.26327913551097        279.26326452961939        279.26396510597777        279.26326311069704     
 read in sim obs yf   279.79689088125099        279.79689865698191        279.79689026077688        279.79770827593967        279.79694672985050     
 read in sim obs yf   279.99113016651296        279.99114595922902        279.99113010189080        279.99162871114106        279.99116287792521     
 read in sim obs yf   273.25030306376607        273.25031376323528        273.25032356067709        273.25082460066864        273.25034302310326     
 read in sim obs yf   274.00066012857292        274.00066614673534        274.00066769072771        274.00125990753071        274.00070128640681     
 read in sim obs yf   274.10379564522401        274.10380080283414        274.10380415370992        274.10418724950046        274.10382071512907     
 read in sim obs yf   274.10747486658408        274.10747932406792        274.10748335930055        274.10772406879545        274.10748604831639     
 read in sim obs yf   275.17110166377245        275.17110232301911        275.17110073835761        275.17135774000741        275.17111298071165     
 read in sim obs yf   275.19403917927832        275.19404188410067        275.19403884974088        275.19463688329688        275.19409975681657     
 read in sim obs yf   275.01715054659650        275.01715284255414        275.01715028103041        275.01777578748232        275.01721758027389     
 read in sim obs yf   274.86432818676610        274.86432864665613        274.86432371688267        274.86478249496952        274.86434333610867     
 read in sim obs yf   275.10126934816481        275.10126873166990        275.10126525110906        275.10143700919400        275.10127588803795     
 read in sim obs yf   275.66286986172895        275.66286903354688        275.66286613436029        275.66300408317642        275.66287643411010     
 read in sim obs yf   275.87686725988738        275.87686678071259        275.87686400368545        275.87709653641411        275.87688607558846     
 read in sim obs yf   276.21792830319930        276.21792727388254        276.21792358517808        276.21810561546818        276.21793977513954     
 read in sim obs yf   276.34278441553653        276.34278318482313        276.34277916237045        276.34307369334317        276.34280684744016     
 read in sim obs yf   276.45090493003420        276.45090421911073        276.45090199021257        276.45114139780162        276.45092515197348     
 read in sim obs yf   276.82926633601051        276.82926501477851        276.82926316287626        276.82941307213321        276.82927569928182     
 read in sim obs yf   277.35581636548164        277.35581558329153        277.35581301807429        277.35593474432756        277.35582371998203     
 read in sim obs yf   277.75772270558451        277.75772266349037        277.75772110651803        277.75781112980917        277.75772958655443     
 read in sim obs yf   277.86504420427354        277.86504468325819        277.86504422778637        277.86517563545573        277.86505928909889     
 read in sim obs yf   277.73051104556652        277.73051382413212        277.73051095151129        277.73096323519570        277.73056308107056     
 read in sim obs yf   278.29759012799371        278.29759060346026        278.29759038014384        278.29793306964399        278.29762205798596     
 read in sim obs yf   278.49547461917308        278.49547408125420        278.49547471736156        278.49578808615331        278.49550423343987     
 read in sim obs yf   278.69522857131886        278.69522840538241        278.69522850753322        278.69553889333883        278.69526280957655     
 read in sim obs yf   277.36931424852423        277.36931691551968        277.36931431421237        277.37013824964566        277.36944098812671     
 read in sim obs yf   277.84036704183785        277.84036825481911        277.84036647692960        277.84129811371054        277.84052099411639     
 read in sim obs yf   279.03972795112060        279.03972792368779        279.03972779915807        279.04018614117115        279.03978330343404     
 read in sim obs yf   279.37109875840116        279.37110027903185        279.37109788034240        279.37161075231421        279.37110165589803     
 read in sim obs yf   278.72927525275418        278.72928613896477        278.72927434885156        278.72996786813320        278.72935735013834     
 read in sim obs yf   278.87996297000296        278.87997222476656        278.87996280861830        278.88065788951332        278.88003170019925     
 read in sim obs yf   279.28829614620992        279.28830127136183        279.28829562305089        279.28905812734723        279.28836508949547     
 read in sim obs yf   279.76969310508713        279.76969814792261        279.76969260118534        279.77012316796191        279.76973301931793     
 read in sim obs yf   279.19520143290850        279.19521295594922        279.19520061457223        279.19566943776880        279.19525104850624     
 read in sim obs yf   277.89547900104162        277.89550789278917        277.89547819991833        277.89616775208913        277.89555930404606     
 read in sim obs yf   278.09303999841831        278.09306648891913        278.09303973890968        278.09367429297816        278.09311243254342     
 read in sim obs yf   277.98645850915739        277.98648586576911        277.98645801227724        277.98708934534295        277.98652620951475     
 read in sim obs yf   278.64776106223172        278.64777485669367        278.64776120189623        278.64831558754804        278.64781201702164     
 read in sim obs yf   278.86099207163892        278.86101385245172        278.86099199156530        278.86172636138480        278.86106360095448     
 read in sim obs yf   280.32491398765148        280.32491952328189        280.32491388078034        280.32545308367816        280.32494144645273     
 read in sim obs yf   280.30323990287690        280.30325241538412        280.30323988890291        280.30364350789563        280.30326738721482     
 read in sim obs yf   281.23470837461713        281.23471938463734        281.23470853342127        281.23515910344275        281.23473406729670     
 read in sim obs yf   273.31329341602935        273.31330193131845        273.31331017200921        273.31380775110233        273.31332844180736     
 read in sim obs yf   273.19156741861900        273.19158098959696        273.19159372079434        273.19205370136001        273.19160397619970     
 read in sim obs yf   274.25751351364960        274.25751634073333        274.25751511557877        274.25800105632277        274.25754950951273     
 read in sim obs yf   274.31926889708279        274.31927093036165        274.31927092851248        274.31961043533647        274.31928607700399     
 read in sim obs yf   273.85877616326542        273.85878171609943        273.85878711030693        273.85918320387628        273.85879735670369     
 read in sim obs yf   274.16785088910365        274.16785455500752        274.16785009857631        274.16861358880840        274.16791961762721     
 read in sim obs yf   274.26816312400535        274.26816732229412        274.26816329190990        274.26900302864999        274.26824492398589     
 read in sim obs yf   274.50681824720374        274.50682136634293        274.50681947477949        274.50760192576865        274.50691017887652     
 read in sim obs yf   275.25206744205440        275.25206797070075        275.25206755799218        275.25235333147509        275.25208421713398     
 read in sim obs yf   275.04674259341516        275.04674275906513        275.04674358939428        275.04700817164996        275.04675336268372     
 read in sim obs yf   275.27891951024878        275.27892138396510        275.27892159366542        275.27916304648869        275.27893278273154     
 read in sim obs yf   275.55239811652433        275.55239954911127        275.55239902778618        275.55262686001436        275.55241314936717     
 read in sim obs yf   275.60530323710458        275.60530458435397        275.60530392161024        275.60557918830614        275.60532653791677     
 read in sim obs yf   275.78866035745318        275.78866210313350        275.78866025607317        275.78902175295997        275.78869385511024     
 read in sim obs yf   276.22768101657437        276.22768205410102        276.22768042189062        276.22816975798821        276.22771191439688     
 read in sim obs yf   276.75067677937295        276.75067905586627        276.75067671983982        276.75106853324399        276.75072441579340     
 read in sim obs yf   276.95180523308363        276.95180649095909        276.95180500568500        276.95225628173307        276.95185193834038     
 read in sim obs yf   276.87411604439035        276.87411881596398        276.87411545578499        276.87484193673117        276.87421421138129     
 read in sim obs yf   276.47969726685164        276.47970067463478        276.47969698038230        276.48009194710494        276.47973480966476     
 read in sim obs yf   276.46871930334430        276.46871995206891        276.46871906392749        276.46920867862445        276.46876310681876     
 read in sim obs yf   276.94852170156787        276.94852296473977        276.94852218243255        276.94940114183896        276.94865587887176     
 read in sim obs yf   277.47529595528403        277.47529706294455        277.47529626091455        277.47614772658500        277.47542951193668     
 read in sim obs yf   277.08200176993472        277.08200420618226        277.08200167869137        277.08265627540464        277.08210316295191     
 read in sim obs yf   277.59966127337577        277.59966148623965        277.59966104596504        277.60010022710401        277.59970027340250     
 read in sim obs yf   277.98490976522265        277.98491074505199        277.98490927498051        277.98567461762480        277.98497469063710     
 read in sim obs yf   278.33642951589508        278.33643339967045        278.33642890738628        278.33711991675386        278.33648916780197     
 read in sim obs yf   278.66712140270573        278.66713377755565        278.66712145938999        278.66758726120241        278.66717164049322     
 read in sim obs yf   279.60317224052113        279.60317894034296        279.60317245034304        279.60342756415065        279.60319916130265     
 read in sim obs yf   278.62395025229739        278.62395644905934        278.62394979982747        278.62446513860999        278.62399359903065     
 read in sim obs yf   278.73456708377830        278.73457796145317        278.73456685138416        278.73510823062179        278.73461654790867     
 read in sim obs yf   279.34717687763327        279.34718815553299        279.34717679629568        279.34756871120237        279.34721798386920     
 read in sim obs yf   278.26659234093847        278.26661646891938        278.26659203175819        278.26739633151055        278.26669650340926     
 read in sim obs yf   278.76331360387690        278.76333068290700        278.76331255408269        278.76410459544496        278.76340399145937     
 read in sim obs yf   278.93262789990581        278.93264123486887        278.93262751279440        278.93330547518082        278.93269448547602     
 read in sim obs yf   278.89316859791489        278.89318963263446        278.89316768573997        278.89387566698088        278.89323106482516     
 read in sim obs yf   279.05447260426945        279.05449893233344        279.05447169492027        279.05503245211588        279.05452446825115     
 read in sim obs yf   281.39744658310946        281.39745871901113        281.39744604440261        281.39778684443377        281.39747416662470     
 read in sim obs yf   283.11979075972204        283.11979039874780        283.11979047497539        283.11984437522187        283.11979201723625     
 read in sim obs yf   283.35343450575078        283.35343446209367        283.35343391377506        283.35348131270933        283.35343548798329     
 read in sim obs yf   272.54185788379260        272.54187597372982        272.54191334989309        272.54217374205524        272.54187438111148     
 read in sim obs yf   272.54047852287886        272.54049730923265        272.54052844137357        272.54078331044622        272.54049224505542     
 read in sim obs yf   273.47426004472703        273.47426691198893        273.47427680497879        273.47460217712609        273.47427613767132     
 read in sim obs yf   273.10822888965617        273.10824120667854        273.10825763159733        273.10867570286177        273.10825652093263     
 read in sim obs yf   273.11297647359612        273.11298670038576        273.11300172424006        273.11343218682839        273.11300132251142     
 read in sim obs yf   273.20423921233743        273.20424720934267        273.20425504735425        273.20489731874909        273.20428755625022     
 read in sim obs yf   273.41342377244126        273.41343004364228        273.41343454573524        273.41406043855903        273.41346978731491     
 read in sim obs yf   274.14021160637668        274.14021531686353        274.14021787621112        274.14077580129708        274.14025815332457     
 read in sim obs yf   274.83913523914725        274.83913851644058        274.83914129008906        274.83956035713499        274.83917540908050     
 read in sim obs yf   274.50622262985900        274.50622644415051        274.50623219026443        274.50659537268172        274.50625694430659     
 read in sim obs yf   275.12372578812295        275.12372721797988        275.12372853671411        275.12403447308247        275.12375104471874     
 read in sim obs yf   275.35666076339538        275.35666251171267        275.35666320779546        275.35694738652177        275.35668643973651     
 read in sim obs yf   275.78752604656592        275.78752640569286        275.78752595004772        275.78781805430305        275.78755468621631     
 read in sim obs yf   275.86181369098290        275.86181531866464        275.86181327606090        275.86229187594193        275.86186931659051     
 read in sim obs yf   275.86295216702632        275.86295448706340        275.86295174722477        275.86359275903493        275.86304388927095     
 read in sim obs yf   276.05949894885458        276.05950303443041        276.05949907501474        276.05990670805954        276.05955781250668     
 read in sim obs yf   275.60485756538515        275.60486030173666        275.60485825180098        275.60545770776116        275.60495931040617     
 read in sim obs yf   275.62476007036526        275.62476138623020        275.62476067147713        275.62523335213359        275.62480695077755     
 read in sim obs yf   275.58278848495888        275.58279403367476        275.58278926596483        275.58326286510743        275.58282916709544     
 read in sim obs yf   276.27973228012206        276.27973323368843        276.27973285072119        276.28009609630584        276.27975895146585     
 read in sim obs yf   276.11507185201731        276.11507237699442        276.11507243417662        276.11552327824614        276.11510218832524     
 read in sim obs yf   276.59568923248185        276.59568967640001        276.59568983723960        276.59609753745906        276.59571414317787     
 read in sim obs yf   276.92019377967313        276.92019439434716        276.92019368776403        276.92065051480392        276.92022802672079     
 read in sim obs yf   277.03368526316393        277.03368638896433        277.03368537900957        277.03410084866641        277.03371798811082     
 read in sim obs yf   277.49910051748401        277.49910158674697        277.49910002689620        277.49957472905197        277.49913894180065     
 read in sim obs yf   277.90520394670835        277.90521130282997        277.90520379809277        277.90573555981126        277.90525299961973     
 read in sim obs yf   278.03124782277143        278.03126330587958        278.03124713392026        278.03184347228529        278.03131061101436     
 read in sim obs yf   278.71380933338008        278.71381955034622        278.71380918995561        278.71428507686443        278.71385743358371     
 read in sim obs yf   278.70239333427321        278.70240148707887        278.70239254558896        278.70289159009519        278.70243867115971     
 read in sim obs yf   279.08312332577412        279.08312878187587        279.08312298781499        279.08363452579869        279.08317654438292     
 read in sim obs yf   279.60069952609001        279.60071108924149        279.60069905232058        279.60122772502473        279.60075074650115     
 read in sim obs yf   279.31147315820050        279.31149421237370        279.31147253570271        279.31196449890717        279.31152819034082     
 read in sim obs yf   279.62694903501273        279.62696819193042        279.62694775454565        279.62743836740805        279.62699675353690     
 read in sim obs yf   280.78209611643757        280.78210230300238        280.78209613261055        280.78242749096302        280.78211678885475     
 read in sim obs yf   280.82172966079844        280.82174689049862        280.82173020128818        280.82216620683431        280.82177180646761     
 read in sim obs yf   282.05976890527393        282.05977719606318        282.05976899874082        282.06002935816934        282.05978598974724     
 read in sim obs yf   282.87573273466609        282.87573346155637        282.87573280178498        282.87585937782660        282.87573775069148     
 read in sim obs yf   283.92379573130836        283.92379546183275        283.92379547147050        283.92380401019886        283.92379534734317     

    ---------------------------------------
    |   EXITING VARASSIM AFTER ANALYSIS   |
    ---------------------------------------

 Number of assimilated observations =           0

 *********************************************
 *      ASSIMILATIONS FOR URBAN POINTS       *
 *********************************************
 UPDATING TOWN FOR SCHEME: TEB
 Mean T2m increments over TOWN    1.1356849945112832     
 Mean T_ROAD3 increments over TOWN    1.1356849945112832     
  
     -----------------------
     | SODA ENDS CORRECTLY |
     -----------------------
