 KTYPE=           1
 YCOMMAND=transfer.x MESONH         PGD_SODA                                                                  
 KTYPE=           1
 YCOMMAND=transfer.x MESONH         PGD_SODA                                                                  
 KTYPE=           1
 YCOMMAND=transfer.x MESONH         PGD_SODA                                                                  
 KTYPE=           1
 YCOMMAND=transfer.x MESONH         PGD_SODA                                                                  
 KTYPE=           1
 YCOMMAND=transfer.x MESONH         PGD_SODA                                                                  
 KTYPE=           1
 YCOMMAND=transfer.x MESONH         PGD_SODA                                                                  
  
     ----------------------
     | PGD ENDS CORRECTLY |
     ----------------------
 KTYPE=           1
 YCOMMAND=transfer.x MESONH         PGD_SODA                                                                  
 KTYPE=           1
 YCOMMAND=transfer.x MESONH         PGD_SODA                                                                  
 KTYPE=           1
 YCOMMAND=transfer.x MESONH         PGD_SODA                                                                  
 KTYPE=           1
 YCOMMAND=transfer.x MESONH         PGD_SODA                                                                  
 KTYPE=           1
 YCOMMAND=transfer.x MESONH         PGD_SODA                                                                  
 KTYPE=           1
 YCOMMAND=transfer.x MESONH         PGD_SODA                                                                  
 KTYPE=           1
 YCOMMAND=transfer.x MESONH         PGD_SODA                                                                  
 KTYPE=           1
 YCOMMAND=transfer.x MESONH         PGD_SODA                                                                  
 KTYPE=           1
 YCOMMAND=transfer.x MESONH         PGD_SODA                                                                  
 KTYPE=           1
 YCOMMAND=transfer.x MESONH         PGD_SODA                                                                  
 KTYPE=           1
 YCOMMAND=transfer.x MESONH         PREP_SODA                                                                 
 KTYPE=           1
 YCOMMAND=transfer.x MESONH         PREP_SODA                                                                 
 KTYPE=           1
 YCOMMAND=transfer.x MESONH         PREP_SODA                                                                 
 KTYPE=           1
 YCOMMAND=transfer.x MESONH         PREP_SODA                                                                 
 KTYPE=           1
 YCOMMAND=transfer.x MESONH         PREP_SODA                                                                 
 KTYPE=           1
 YCOMMAND=transfer.x MESONH         PREP_SODA                                                                 
 KTYPE=           1
 YCOMMAND=transfer.x MESONH         PREP_SODA                                                                 
 KTYPE=           1
 YCOMMAND=transfer.x MESONH         PREP_SODA                                                                 
 KTYPE=           1
 YCOMMAND=transfer.x MESONH         PREP_SODA                                                                 
 KTYPE=           1
 YCOMMAND=transfer.x MESONH         PREP_SODA                                                                 
 KTYPE=           1
 YCOMMAND=transfer.x MESONH         PREP_SODA                                                                 
 KTYPE=           1
 YCOMMAND=transfer.x MESONH         PREP_SODA                                                                 
 KTYPE=           1
 YCOMMAND=transfer.x MESONH         PREP_SODA                                                                 
 KTYPE=           1
 YCOMMAND=transfer.x MESONH         PREP_SODA                                                                 
  
     -----------------------
     | PREP ENDS CORRECTLY |
     -----------------------
Running offline for perturbation 0
 CAUTION: DID YOU THINK TO SET OMP_NUM_THREADS=1?
 PLEASE VERIFY OMP_NUM_THREADS IS INITIALIZED : TYPE ECHO $OMP_NUM_THREADS IN A TERMINAL
 KTYPE=           1
 YCOMMAND=transfer.x MESONH         PGD_SODA                                                                  
 KTYPE=           1
 YCOMMAND=transfer.x MESONH         PGD_SODA                                                                  
 KTYPE=           1
 YCOMMAND=transfer.x MESONH         PREP_SODA                                                                 
 KTYPE=           1
 YCOMMAND=transfer.x MESONH         PGD_SODA                                                                  
 KTYPE=           1
 YCOMMAND=transfer.x MESONH         PREP_SODA                                                                 
 KTYPE=           1
 YCOMMAND=transfer.x MESONH         PGD_SODA                                                                  
 KTYPE=           1
 YCOMMAND=transfer.x MESONH         PREP_SODA                                                                 
 KTYPE=           1
 YCOMMAND=transfer.x MESONH         PREP_SODA                                                                 
 KTYPE=           1
 YCOMMAND=transfer.x MESONH         PGD_SODA                                                                  
 KTYPE=           1
 YCOMMAND=transfer.x MESONH         PREP_SODA                                                                 
 KTYPE=           1
 YCOMMAND=transfer.x MESONH         PREP_SODA                                                                 
 KTYPE=           1
 YCOMMAND=transfer.x MESONH         PGD_SODA                                                                  
 KTYPE=           1
 YCOMMAND=transfer.x MESONH         PREP_SODA                                                                 
 KTYPE=           1
 YCOMMAND=transfer.x MESONH         PREP_SODA                                                                 
 KTYPE=           1
 YCOMMAND=transfer.x MESONH         PREP_SODA                                                                 
 KTYPE=           1
 YCOMMAND=transfer.x MESONH         PREP_SODA                                                                 
 KTYPE=           1
 YCOMMAND=transfer.x MESONH         PGD_SODA                                                                  
 KTYPE=           1
 YCOMMAND=transfer.x MESONH         PREP_SODA                                                                 
 KTYPE=           1
 YCOMMAND=transfer.x MESONH         PREP_SODA                                                                 
 KTYPE=           1
 YCOMMAND=transfer.x MESONH         PGD_SODA                                                                  
 KTYPE=           1
 YCOMMAND=transfer.x MESONH         PREP_SODA                                                                 
 KTYPE=           1
 YCOMMAND=transfer.x MESONH         PGD_SODA                                                                  
 KTYPE=           1
 YCOMMAND=transfer.x MESONH         PREP_SODA                                                                 
 KTYPE=           1
 YCOMMAND=transfer.x MESONH         PGD_SODA                                                                  
 KTYPE=           1
 YCOMMAND=transfer.x MESONH         PREP_SODA                                                                 
 KTYPE=           1
 YCOMMAND=transfer.x MESONH         SURFOUT.20080930_19h00                                                    
 KTYPE=           1
 YCOMMAND=transfer.x MESONH         SURFOUT.20080930_19h00                                                    
 KTYPE=           1
 YCOMMAND=transfer.x MESONH         SURFOUT.20080930_19h00                                                    
 KTYPE=           1
 YCOMMAND=transfer.x MESONH         SURFOUT.20080930_19h00                                                    
 KTYPE=           1
 YCOMMAND=transfer.x MESONH         SURFOUT.20080930_19h00                                                    
 KTYPE=           1
 YCOMMAND=transfer.x MESONH         SURFOUT.20080930_19h00                                                    
 KTYPE=           1
 YCOMMAND=transfer.x MESONH         SURFOUT.20080930_19h00                                                    
 KTYPE=           1
 YCOMMAND=transfer.x MESONH         SURFOUT.20080930_19h00                                                    
 KTYPE=           1
 YCOMMAND=transfer.x MESONH         SURFOUT.20080930_19h00                                                    
 KTYPE=           1
 YCOMMAND=transfer.x MESONH         SURFOUT.20080930_19h00                                                    
 KTYPE=           1
 YCOMMAND=transfer.x MESONH         SURFOUT.20080930_19h00                                                    
 KTYPE=           1
 YCOMMAND=transfer.x MESONH         SURFOUT.20080930_19h00                                                    
 KTYPE=           1
 YCOMMAND=transfer.x MESONH         SURFOUT.20080930_19h00                                                    
 KTYPE=           1
 YCOMMAND=transfer.x MESONH         SURFOUT.20080930_19h00                                                    
 KTYPE=           1
 YCOMMAND=transfer.x MESONH         SURFOUT.20080930_20h00                                                    
 KTYPE=           1
 YCOMMAND=transfer.x MESONH         SURFOUT.20080930_20h00                                                    
 KTYPE=           1
 YCOMMAND=transfer.x MESONH         SURFOUT.20080930_20h00                                                    
 KTYPE=           1
 YCOMMAND=transfer.x MESONH         SURFOUT.20080930_20h00                                                    
 KTYPE=           1
 YCOMMAND=transfer.x MESONH         SURFOUT.20080930_20h00                                                    
 KTYPE=           1
 YCOMMAND=transfer.x MESONH         SURFOUT.20080930_20h00                                                    
 KTYPE=           1
 YCOMMAND=transfer.x MESONH         SURFOUT.20080930_20h00                                                    
 KTYPE=           1
 YCOMMAND=transfer.x MESONH         SURFOUT.20080930_20h00                                                    
 KTYPE=           1
 YCOMMAND=transfer.x MESONH         SURFOUT.20080930_20h00                                                    
 KTYPE=           1
 YCOMMAND=transfer.x MESONH         SURFOUT.20080930_20h00                                                    
 KTYPE=           1
 YCOMMAND=transfer.x MESONH         SURFOUT.20080930_20h00                                                    
 KTYPE=           1
 YCOMMAND=transfer.x MESONH         SURFOUT.20080930_20h00                                                    
 KTYPE=           1
 YCOMMAND=transfer.x MESONH         SURFOUT.20080930_20h00                                                    
 KTYPE=           1
 YCOMMAND=transfer.x MESONH         SURFOUT.20080930_20h00                                                    
 KTYPE=           1
 YCOMMAND=transfer.x MESONH         SURFOUT.20080930_21h00                                                    
 KTYPE=           1
 YCOMMAND=transfer.x MESONH         SURFOUT.20080930_21h00                                                    
 KTYPE=           1
 YCOMMAND=transfer.x MESONH         SURFOUT.20080930_21h00                                                    
 KTYPE=           1
 YCOMMAND=transfer.x MESONH         SURFOUT.20080930_21h00                                                    
 KTYPE=           1
 YCOMMAND=transfer.x MESONH         SURFOUT.20080930_21h00                                                    
 KTYPE=           1
 YCOMMAND=transfer.x MESONH         SURFOUT.20080930_21h00                                                    
 KTYPE=           1
 YCOMMAND=transfer.x MESONH         SURFOUT.20080930_21h00                                                    
 KTYPE=           1
 YCOMMAND=transfer.x MESONH         SURFOUT.20080930_21h00                                                    
 KTYPE=           1
 YCOMMAND=transfer.x MESONH         SURFOUT.20080930_21h00                                                    
 KTYPE=           1
 YCOMMAND=transfer.x MESONH         SURFOUT.20080930_21h00                                                    
 KTYPE=           1
 YCOMMAND=transfer.x MESONH         SURFOUT.20080930_21h00                                                    
 KTYPE=           1
 YCOMMAND=transfer.x MESONH         SURFOUT.20080930_21h00                                                    
 KTYPE=           1
 YCOMMAND=transfer.x MESONH         SURFOUT.20080930_21h00                                                    
 KTYPE=           1
 YCOMMAND=transfer.x MESONH         SURFOUT.20080930_21h00                                                    
 KTYPE=           1
 YCOMMAND=transfer.x MESONH         SURFOUT.20080930_22h00                                                    
 KTYPE=           1
 YCOMMAND=transfer.x MESONH         SURFOUT.20080930_22h00                                                    
 KTYPE=           1
 YCOMMAND=transfer.x MESONH         SURFOUT.20080930_22h00                                                    
 KTYPE=           1
 YCOMMAND=transfer.x MESONH         SURFOUT.20080930_22h00                                                    
 KTYPE=           1
 YCOMMAND=transfer.x MESONH         SURFOUT.20080930_22h00                                                    
 KTYPE=           1
 YCOMMAND=transfer.x MESONH         SURFOUT.20080930_22h00                                                    
 KTYPE=           1
 YCOMMAND=transfer.x MESONH         SURFOUT.20080930_22h00                                                    
 KTYPE=           1
 YCOMMAND=transfer.x MESONH         SURFOUT.20080930_22h00                                                    
 KTYPE=           1
 YCOMMAND=transfer.x MESONH         SURFOUT.20080930_22h00                                                    
 KTYPE=           1
 YCOMMAND=transfer.x MESONH         SURFOUT.20080930_22h00                                                    
 KTYPE=           1
 YCOMMAND=transfer.x MESONH         SURFOUT.20080930_22h00                                                    
 KTYPE=           1
 YCOMMAND=transfer.x MESONH         SURFOUT.20080930_22h00                                                    
 KTYPE=           1
 YCOMMAND=transfer.x MESONH         SURFOUT.20080930_22h00                                                    
 KTYPE=           1
 YCOMMAND=transfer.x MESONH         SURFOUT.20080930_22h00                                                    
 KTYPE=           1
 YCOMMAND=transfer.x MESONH         SURFOUT.20080930_23h00                                                    
 KTYPE=           1
 YCOMMAND=transfer.x MESONH         SURFOUT.20080930_23h00                                                    
 KTYPE=           1
 YCOMMAND=transfer.x MESONH         SURFOUT.20080930_23h00                                                    
 KTYPE=           1
 YCOMMAND=transfer.x MESONH         SURFOUT.20080930_23h00                                                    
 KTYPE=           1
 YCOMMAND=transfer.x MESONH         SURFOUT.20080930_23h00                                                    
 KTYPE=           1
 YCOMMAND=transfer.x MESONH         SURFOUT.20080930_23h00                                                    
 KTYPE=           1
 YCOMMAND=transfer.x MESONH         SURFOUT.20080930_23h00                                                    
 KTYPE=           1
 YCOMMAND=transfer.x MESONH         SURFOUT.20080930_23h00                                                    
 KTYPE=           1
 YCOMMAND=transfer.x MESONH         SURFOUT.20080930_23h00                                                    
 KTYPE=           1
 YCOMMAND=transfer.x MESONH         SURFOUT.20080930_23h00                                                    
 KTYPE=           1
 YCOMMAND=transfer.x MESONH         SURFOUT.20080930_23h00                                                    
 KTYPE=           1
 YCOMMAND=transfer.x MESONH         SURFOUT.20080930_23h00                                                    
 KTYPE=           1
 YCOMMAND=transfer.x MESONH         SURFOUT.20080930_23h00                                                    
 KTYPE=           1
 YCOMMAND=transfer.x MESONH         SURFOUT.20080930_23h00                                                    
 KTYPE=           1
 YCOMMAND=transfer.x MESONH         SURFOUT.20081001_00h00                                                    
 KTYPE=           1
 YCOMMAND=transfer.x MESONH         SURFOUT.20081001_00h00                                                    
 KTYPE=           1
 YCOMMAND=transfer.x MESONH         SURFOUT.20081001_00h00                                                    
 KTYPE=           1
 YCOMMAND=transfer.x MESONH         SURFOUT.20081001_00h00                                                    
 KTYPE=           1
 YCOMMAND=transfer.x MESONH         SURFOUT.20081001_00h00                                                    
 KTYPE=           1
 YCOMMAND=transfer.x MESONH         SURFOUT.20081001_00h00                                                    
 KTYPE=           1
 YCOMMAND=transfer.x MESONH         SURFOUT.20081001_00h00                                                    
 KTYPE=           1
 YCOMMAND=transfer.x MESONH         SURFOUT.20081001_00h00                                                    
 KTYPE=           1
 YCOMMAND=transfer.x MESONH         SURFOUT.20081001_00h00                                                    
 KTYPE=           1
 YCOMMAND=transfer.x MESONH         SURFOUT.20081001_00h00                                                    
 KTYPE=           1
 YCOMMAND=transfer.x MESONH         SURFOUT.20081001_00h00                                                    
 KTYPE=           1
 YCOMMAND=transfer.x MESONH         SURFOUT.20081001_00h00                                                    
 KTYPE=           1
 YCOMMAND=transfer.x MESONH         SURFOUT.20081001_00h00                                                    
 KTYPE=           1
 YCOMMAND=transfer.x MESONH         SURFOUT.20081001_00h00                                                    
  
     --------------------------
     | OFFLINE ENDS CORRECTLY |
     --------------------------
  
Running offline for perturbation 1
 CAUTION: DID YOU THINK TO SET OMP_NUM_THREADS=1?
 PLEASE VERIFY OMP_NUM_THREADS IS INITIALIZED : TYPE ECHO $OMP_NUM_THREADS IN A TERMINAL
 KTYPE=           1
 YCOMMAND=transfer.x MESONH         PGD_SODA                                                                  
 KTYPE=           1
 YCOMMAND=transfer.x MESONH         PGD_SODA                                                                  
 KTYPE=           1
 YCOMMAND=transfer.x MESONH         PREP_SODA                                                                 
 KTYPE=           1
 YCOMMAND=transfer.x MESONH         PGD_SODA                                                                  
 KTYPE=           1
 YCOMMAND=transfer.x MESONH         PREP_SODA                                                                 
 KTYPE=           1
 YCOMMAND=transfer.x MESONH         PGD_SODA                                                                  
 KTYPE=           1
 YCOMMAND=transfer.x MESONH         PREP_SODA                                                                 
 KTYPE=           1
 YCOMMAND=transfer.x MESONH         PREP_SODA                                                                 
 KTYPE=           1
 YCOMMAND=transfer.x MESONH         PGD_SODA                                                                  
 KTYPE=           1
 YCOMMAND=transfer.x MESONH         PREP_SODA                                                                 
 KTYPE=           1
 YCOMMAND=transfer.x MESONH         PREP_SODA                                                                 
 KTYPE=           1
 YCOMMAND=transfer.x MESONH         PGD_SODA                                                                  
 KTYPE=           1
 YCOMMAND=transfer.x MESONH         PREP_SODA                                                                 
 KTYPE=           1
 YCOMMAND=transfer.x MESONH         PREP_SODA                                                                 
 KTYPE=           1
 YCOMMAND=transfer.x MESONH         PREP_SODA                                                                 
 KTYPE=           1
 YCOMMAND=transfer.x MESONH         PREP_SODA                                                                 
 KTYPE=           1
 YCOMMAND=transfer.x MESONH         PGD_SODA                                                                  
 KTYPE=           1
 YCOMMAND=transfer.x MESONH         PREP_SODA                                                                 
 KTYPE=           1
 YCOMMAND=transfer.x MESONH         PREP_SODA                                                                 
 KTYPE=           1
 YCOMMAND=transfer.x MESONH         PGD_SODA                                                                  
 KTYPE=           1
 YCOMMAND=transfer.x MESONH         PREP_SODA                                                                 
 KTYPE=           1
 YCOMMAND=transfer.x MESONH         PGD_SODA                                                                  
 KTYPE=           1
 YCOMMAND=transfer.x MESONH         PREP_SODA                                                                 
 KTYPE=           1
 YCOMMAND=transfer.x MESONH         PGD_SODA                                                                  
 KTYPE=           1
 YCOMMAND=transfer.x MESONH         PREP_SODA                                                                 
 KTYPE=           1
 YCOMMAND=transfer.x MESONH         SURFOUT.20080930_19h00                                                    
 KTYPE=           1
 YCOMMAND=transfer.x MESONH         SURFOUT.20080930_19h00                                                    
 KTYPE=           1
 YCOMMAND=transfer.x MESONH         SURFOUT.20080930_19h00                                                    
 KTYPE=           1
 YCOMMAND=transfer.x MESONH         SURFOUT.20080930_19h00                                                    
 KTYPE=           1
 YCOMMAND=transfer.x MESONH         SURFOUT.20080930_19h00                                                    
 KTYPE=           1
 YCOMMAND=transfer.x MESONH         SURFOUT.20080930_19h00                                                    
 KTYPE=           1
 YCOMMAND=transfer.x MESONH         SURFOUT.20080930_19h00                                                    
 KTYPE=           1
 YCOMMAND=transfer.x MESONH         SURFOUT.20080930_19h00                                                    
 KTYPE=           1
 YCOMMAND=transfer.x MESONH         SURFOUT.20080930_19h00                                                    
 KTYPE=           1
 YCOMMAND=transfer.x MESONH         SURFOUT.20080930_19h00                                                    
 KTYPE=           1
 YCOMMAND=transfer.x MESONH         SURFOUT.20080930_19h00                                                    
 KTYPE=           1
 YCOMMAND=transfer.x MESONH         SURFOUT.20080930_19h00                                                    
 KTYPE=           1
 YCOMMAND=transfer.x MESONH         SURFOUT.20080930_19h00                                                    
 KTYPE=           1
 YCOMMAND=transfer.x MESONH         SURFOUT.20080930_19h00                                                    
 KTYPE=           1
 YCOMMAND=transfer.x MESONH         SURFOUT.20080930_20h00                                                    
 KTYPE=           1
 YCOMMAND=transfer.x MESONH         SURFOUT.20080930_20h00                                                    
 KTYPE=           1
 YCOMMAND=transfer.x MESONH         SURFOUT.20080930_20h00                                                    
 KTYPE=           1
 YCOMMAND=transfer.x MESONH         SURFOUT.20080930_20h00                                                    
 KTYPE=           1
 YCOMMAND=transfer.x MESONH         SURFOUT.20080930_20h00                                                    
 KTYPE=           1
 YCOMMAND=transfer.x MESONH         SURFOUT.20080930_20h00                                                    
 KTYPE=           1
 YCOMMAND=transfer.x MESONH         SURFOUT.20080930_20h00                                                    
 KTYPE=           1
 YCOMMAND=transfer.x MESONH         SURFOUT.20080930_20h00                                                    
 KTYPE=           1
 YCOMMAND=transfer.x MESONH         SURFOUT.20080930_20h00                                                    
 KTYPE=           1
 YCOMMAND=transfer.x MESONH         SURFOUT.20080930_20h00                                                    
 KTYPE=           1
 YCOMMAND=transfer.x MESONH         SURFOUT.20080930_20h00                                                    
 KTYPE=           1
 YCOMMAND=transfer.x MESONH         SURFOUT.20080930_20h00                                                    
 KTYPE=           1
 YCOMMAND=transfer.x MESONH         SURFOUT.20080930_20h00                                                    
 KTYPE=           1
 YCOMMAND=transfer.x MESONH         SURFOUT.20080930_20h00                                                    
 KTYPE=           1
 YCOMMAND=transfer.x MESONH         SURFOUT.20080930_21h00                                                    
 KTYPE=           1
 YCOMMAND=transfer.x MESONH         SURFOUT.20080930_21h00                                                    
 KTYPE=           1
 YCOMMAND=transfer.x MESONH         SURFOUT.20080930_21h00                                                    
 KTYPE=           1
 YCOMMAND=transfer.x MESONH         SURFOUT.20080930_21h00                                                    
 KTYPE=           1
 YCOMMAND=transfer.x MESONH         SURFOUT.20080930_21h00                                                    
 KTYPE=           1
 YCOMMAND=transfer.x MESONH         SURFOUT.20080930_21h00                                                    
 KTYPE=           1
 YCOMMAND=transfer.x MESONH         SURFOUT.20080930_21h00                                                    
 KTYPE=           1
 YCOMMAND=transfer.x MESONH         SURFOUT.20080930_21h00                                                    
 KTYPE=           1
 YCOMMAND=transfer.x MESONH         SURFOUT.20080930_21h00                                                    
 KTYPE=           1
 YCOMMAND=transfer.x MESONH         SURFOUT.20080930_21h00                                                    
 KTYPE=           1
 YCOMMAND=transfer.x MESONH         SURFOUT.20080930_21h00                                                    
 KTYPE=           1
 YCOMMAND=transfer.x MESONH         SURFOUT.20080930_21h00                                                    
 KTYPE=           1
 YCOMMAND=transfer.x MESONH         SURFOUT.20080930_21h00                                                    
 KTYPE=           1
 YCOMMAND=transfer.x MESONH         SURFOUT.20080930_21h00                                                    
 KTYPE=           1
 YCOMMAND=transfer.x MESONH         SURFOUT.20080930_22h00                                                    
 KTYPE=           1
 YCOMMAND=transfer.x MESONH         SURFOUT.20080930_22h00                                                    
 KTYPE=           1
 YCOMMAND=transfer.x MESONH         SURFOUT.20080930_22h00                                                    
 KTYPE=           1
 YCOMMAND=transfer.x MESONH         SURFOUT.20080930_22h00                                                    
 KTYPE=           1
 YCOMMAND=transfer.x MESONH         SURFOUT.20080930_22h00                                                    
 KTYPE=           1
 YCOMMAND=transfer.x MESONH         SURFOUT.20080930_22h00                                                    
 KTYPE=           1
 YCOMMAND=transfer.x MESONH         SURFOUT.20080930_22h00                                                    
 KTYPE=           1
 YCOMMAND=transfer.x MESONH         SURFOUT.20080930_22h00                                                    
 KTYPE=           1
 YCOMMAND=transfer.x MESONH         SURFOUT.20080930_22h00                                                    
 KTYPE=           1
 YCOMMAND=transfer.x MESONH         SURFOUT.20080930_22h00                                                    
 KTYPE=           1
 YCOMMAND=transfer.x MESONH         SURFOUT.20080930_22h00                                                    
 KTYPE=           1
 YCOMMAND=transfer.x MESONH         SURFOUT.20080930_22h00                                                    
 KTYPE=           1
 YCOMMAND=transfer.x MESONH         SURFOUT.20080930_22h00                                                    
 KTYPE=           1
 YCOMMAND=transfer.x MESONH         SURFOUT.20080930_22h00                                                    
 KTYPE=           1
 YCOMMAND=transfer.x MESONH         SURFOUT.20080930_23h00                                                    
 KTYPE=           1
 YCOMMAND=transfer.x MESONH         SURFOUT.20080930_23h00                                                    
 KTYPE=           1
 YCOMMAND=transfer.x MESONH         SURFOUT.20080930_23h00                                                    
 KTYPE=           1
 YCOMMAND=transfer.x MESONH         SURFOUT.20080930_23h00                                                    
 KTYPE=           1
 YCOMMAND=transfer.x MESONH         SURFOUT.20080930_23h00                                                    
 KTYPE=           1
 YCOMMAND=transfer.x MESONH         SURFOUT.20080930_23h00                                                    
 KTYPE=           1
 YCOMMAND=transfer.x MESONH         SURFOUT.20080930_23h00                                                    
 KTYPE=           1
 YCOMMAND=transfer.x MESONH         SURFOUT.20080930_23h00                                                    
 KTYPE=           1
 YCOMMAND=transfer.x MESONH         SURFOUT.20080930_23h00                                                    
 KTYPE=           1
 YCOMMAND=transfer.x MESONH         SURFOUT.20080930_23h00                                                    
 KTYPE=           1
 YCOMMAND=transfer.x MESONH         SURFOUT.20080930_23h00                                                    
 KTYPE=           1
 YCOMMAND=transfer.x MESONH         SURFOUT.20080930_23h00                                                    
 KTYPE=           1
 YCOMMAND=transfer.x MESONH         SURFOUT.20080930_23h00                                                    
 KTYPE=           1
 YCOMMAND=transfer.x MESONH         SURFOUT.20080930_23h00                                                    
 KTYPE=           1
 YCOMMAND=transfer.x MESONH         SURFOUT.20081001_00h00                                                    
 KTYPE=           1
 YCOMMAND=transfer.x MESONH         SURFOUT.20081001_00h00                                                    
 KTYPE=           1
 YCOMMAND=transfer.x MESONH         SURFOUT.20081001_00h00                                                    
 KTYPE=           1
 YCOMMAND=transfer.x MESONH         SURFOUT.20081001_00h00                                                    
 KTYPE=           1
 YCOMMAND=transfer.x MESONH         SURFOUT.20081001_00h00                                                    
 KTYPE=           1
 YCOMMAND=transfer.x MESONH         SURFOUT.20081001_00h00                                                    
 KTYPE=           1
 YCOMMAND=transfer.x MESONH         SURFOUT.20081001_00h00                                                    
 KTYPE=           1
 YCOMMAND=transfer.x MESONH         SURFOUT.20081001_00h00                                                    
 KTYPE=           1
 YCOMMAND=transfer.x MESONH         SURFOUT.20081001_00h00                                                    
 KTYPE=           1
 YCOMMAND=transfer.x MESONH         SURFOUT.20081001_00h00                                                    
 KTYPE=           1
 YCOMMAND=transfer.x MESONH         SURFOUT.20081001_00h00                                                    
 KTYPE=           1
 YCOMMAND=transfer.x MESONH         SURFOUT.20081001_00h00                                                    
 KTYPE=           1
 YCOMMAND=transfer.x MESONH         SURFOUT.20081001_00h00                                                    
 KTYPE=           1
 YCOMMAND=transfer.x MESONH         SURFOUT.20081001_00h00                                                    
  
     --------------------------
     | OFFLINE ENDS CORRECTLY |
     --------------------------
  
Running offline for perturbation 2
 CAUTION: DID YOU THINK TO SET OMP_NUM_THREADS=1?
 PLEASE VERIFY OMP_NUM_THREADS IS INITIALIZED : TYPE ECHO $OMP_NUM_THREADS IN A TERMINAL
 KTYPE=           1
 YCOMMAND=transfer.x MESONH         PGD_SODA                                                                  
 KTYPE=           1
 YCOMMAND=transfer.x MESONH         PGD_SODA                                                                  
 KTYPE=           1
 YCOMMAND=transfer.x MESONH         PREP_SODA                                                                 
 KTYPE=           1
 YCOMMAND=transfer.x MESONH         PGD_SODA                                                                  
 KTYPE=           1
 YCOMMAND=transfer.x MESONH         PREP_SODA                                                                 
 KTYPE=           1
 YCOMMAND=transfer.x MESONH         PGD_SODA                                                                  
 KTYPE=           1
 YCOMMAND=transfer.x MESONH         PREP_SODA                                                                 
 KTYPE=           1
 YCOMMAND=transfer.x MESONH         PREP_SODA                                                                 
 KTYPE=           1
 YCOMMAND=transfer.x MESONH         PGD_SODA                                                                  
 KTYPE=           1
 YCOMMAND=transfer.x MESONH         PREP_SODA                                                                 
 KTYPE=           1
 YCOMMAND=transfer.x MESONH         PREP_SODA                                                                 
 KTYPE=           1
 YCOMMAND=transfer.x MESONH         PGD_SODA                                                                  
 KTYPE=           1
 YCOMMAND=transfer.x MESONH         PREP_SODA                                                                 
 KTYPE=           1
 YCOMMAND=transfer.x MESONH         PREP_SODA                                                                 
 KTYPE=           1
 YCOMMAND=transfer.x MESONH         PREP_SODA                                                                 
 KTYPE=           1
 YCOMMAND=transfer.x MESONH         PREP_SODA                                                                 
 KTYPE=           1
 YCOMMAND=transfer.x MESONH         PGD_SODA                                                                  
 KTYPE=           1
 YCOMMAND=transfer.x MESONH         PREP_SODA                                                                 
 KTYPE=           1
 YCOMMAND=transfer.x MESONH         PREP_SODA                                                                 
 KTYPE=           1
 YCOMMAND=transfer.x MESONH         PGD_SODA                                                                  
 KTYPE=           1
 YCOMMAND=transfer.x MESONH         PREP_SODA                                                                 
 KTYPE=           1
 YCOMMAND=transfer.x MESONH         PGD_SODA                                                                  
 KTYPE=           1
 YCOMMAND=transfer.x MESONH         PREP_SODA                                                                 
 KTYPE=           1
 YCOMMAND=transfer.x MESONH         PGD_SODA                                                                  
 KTYPE=           1
 YCOMMAND=transfer.x MESONH         PREP_SODA                                                                 
 KTYPE=           1
 YCOMMAND=transfer.x MESONH         SURFOUT.20080930_19h00                                                    
 KTYPE=           1
 YCOMMAND=transfer.x MESONH         SURFOUT.20080930_19h00                                                    
 KTYPE=           1
 YCOMMAND=transfer.x MESONH         SURFOUT.20080930_19h00                                                    
 KTYPE=           1
 YCOMMAND=transfer.x MESONH         SURFOUT.20080930_19h00                                                    
 KTYPE=           1
 YCOMMAND=transfer.x MESONH         SURFOUT.20080930_19h00                                                    
 KTYPE=           1
 YCOMMAND=transfer.x MESONH         SURFOUT.20080930_19h00                                                    
 KTYPE=           1
 YCOMMAND=transfer.x MESONH         SURFOUT.20080930_19h00                                                    
 KTYPE=           1
 YCOMMAND=transfer.x MESONH         SURFOUT.20080930_19h00                                                    
 KTYPE=           1
 YCOMMAND=transfer.x MESONH         SURFOUT.20080930_19h00                                                    
 KTYPE=           1
 YCOMMAND=transfer.x MESONH         SURFOUT.20080930_19h00                                                    
 KTYPE=           1
 YCOMMAND=transfer.x MESONH         SURFOUT.20080930_19h00                                                    
 KTYPE=           1
 YCOMMAND=transfer.x MESONH         SURFOUT.20080930_19h00                                                    
 KTYPE=           1
 YCOMMAND=transfer.x MESONH         SURFOUT.20080930_19h00                                                    
 KTYPE=           1
 YCOMMAND=transfer.x MESONH         SURFOUT.20080930_19h00                                                    
 KTYPE=           1
 YCOMMAND=transfer.x MESONH         SURFOUT.20080930_20h00                                                    
 KTYPE=           1
 YCOMMAND=transfer.x MESONH         SURFOUT.20080930_20h00                                                    
 KTYPE=           1
 YCOMMAND=transfer.x MESONH         SURFOUT.20080930_20h00                                                    
 KTYPE=           1
 YCOMMAND=transfer.x MESONH         SURFOUT.20080930_20h00                                                    
 KTYPE=           1
 YCOMMAND=transfer.x MESONH         SURFOUT.20080930_20h00                                                    
 KTYPE=           1
 YCOMMAND=transfer.x MESONH         SURFOUT.20080930_20h00                                                    
 KTYPE=           1
 YCOMMAND=transfer.x MESONH         SURFOUT.20080930_20h00                                                    
 KTYPE=           1
 YCOMMAND=transfer.x MESONH         SURFOUT.20080930_20h00                                                    
 KTYPE=           1
 YCOMMAND=transfer.x MESONH         SURFOUT.20080930_20h00                                                    
 KTYPE=           1
 YCOMMAND=transfer.x MESONH         SURFOUT.20080930_20h00                                                    
 KTYPE=           1
 YCOMMAND=transfer.x MESONH         SURFOUT.20080930_20h00                                                    
 KTYPE=           1
 YCOMMAND=transfer.x MESONH         SURFOUT.20080930_20h00                                                    
 KTYPE=           1
 YCOMMAND=transfer.x MESONH         SURFOUT.20080930_20h00                                                    
 KTYPE=           1
 YCOMMAND=transfer.x MESONH         SURFOUT.20080930_20h00                                                    
 KTYPE=           1
 YCOMMAND=transfer.x MESONH         SURFOUT.20080930_21h00                                                    
 KTYPE=           1
 YCOMMAND=transfer.x MESONH         SURFOUT.20080930_21h00                                                    
 KTYPE=           1
 YCOMMAND=transfer.x MESONH         SURFOUT.20080930_21h00                                                    
 KTYPE=           1
 YCOMMAND=transfer.x MESONH         SURFOUT.20080930_21h00                                                    
 KTYPE=           1
 YCOMMAND=transfer.x MESONH         SURFOUT.20080930_21h00                                                    
 KTYPE=           1
 YCOMMAND=transfer.x MESONH         SURFOUT.20080930_21h00                                                    
 KTYPE=           1
 YCOMMAND=transfer.x MESONH         SURFOUT.20080930_21h00                                                    
 KTYPE=           1
 YCOMMAND=transfer.x MESONH         SURFOUT.20080930_21h00                                                    
 KTYPE=           1
 YCOMMAND=transfer.x MESONH         SURFOUT.20080930_21h00                                                    
 KTYPE=           1
 YCOMMAND=transfer.x MESONH         SURFOUT.20080930_21h00                                                    
 KTYPE=           1
 YCOMMAND=transfer.x MESONH         SURFOUT.20080930_21h00                                                    
 KTYPE=           1
 YCOMMAND=transfer.x MESONH         SURFOUT.20080930_21h00                                                    
 KTYPE=           1
 YCOMMAND=transfer.x MESONH         SURFOUT.20080930_21h00                                                    
 KTYPE=           1
 YCOMMAND=transfer.x MESONH         SURFOUT.20080930_21h00                                                    
 KTYPE=           1
 YCOMMAND=transfer.x MESONH         SURFOUT.20080930_22h00                                                    
 KTYPE=           1
 YCOMMAND=transfer.x MESONH         SURFOUT.20080930_22h00                                                    
 KTYPE=           1
 YCOMMAND=transfer.x MESONH         SURFOUT.20080930_22h00                                                    
 KTYPE=           1
 YCOMMAND=transfer.x MESONH         SURFOUT.20080930_22h00                                                    
 KTYPE=           1
 YCOMMAND=transfer.x MESONH         SURFOUT.20080930_22h00                                                    
 KTYPE=           1
 YCOMMAND=transfer.x MESONH         SURFOUT.20080930_22h00                                                    
 KTYPE=           1
 YCOMMAND=transfer.x MESONH         SURFOUT.20080930_22h00                                                    
 KTYPE=           1
 YCOMMAND=transfer.x MESONH         SURFOUT.20080930_22h00                                                    
 KTYPE=           1
 YCOMMAND=transfer.x MESONH         SURFOUT.20080930_22h00                                                    
 KTYPE=           1
 YCOMMAND=transfer.x MESONH         SURFOUT.20080930_22h00                                                    
 KTYPE=           1
 YCOMMAND=transfer.x MESONH         SURFOUT.20080930_22h00                                                    
 KTYPE=           1
 YCOMMAND=transfer.x MESONH         SURFOUT.20080930_22h00                                                    
 KTYPE=           1
 YCOMMAND=transfer.x MESONH         SURFOUT.20080930_22h00                                                    
 KTYPE=           1
 YCOMMAND=transfer.x MESONH         SURFOUT.20080930_22h00                                                    
 KTYPE=           1
 YCOMMAND=transfer.x MESONH         SURFOUT.20080930_23h00                                                    
 KTYPE=           1
 YCOMMAND=transfer.x MESONH         SURFOUT.20080930_23h00                                                    
 KTYPE=           1
 YCOMMAND=transfer.x MESONH         SURFOUT.20080930_23h00                                                    
 KTYPE=           1
 YCOMMAND=transfer.x MESONH         SURFOUT.20080930_23h00                                                    
 KTYPE=           1
 YCOMMAND=transfer.x MESONH         SURFOUT.20080930_23h00                                                    
 KTYPE=           1
 YCOMMAND=transfer.x MESONH         SURFOUT.20080930_23h00                                                    
 KTYPE=           1
 YCOMMAND=transfer.x MESONH         SURFOUT.20080930_23h00                                                    
 KTYPE=           1
 YCOMMAND=transfer.x MESONH         SURFOUT.20080930_23h00                                                    
 KTYPE=           1
 YCOMMAND=transfer.x MESONH         SURFOUT.20080930_23h00                                                    
 KTYPE=           1
 YCOMMAND=transfer.x MESONH         SURFOUT.20080930_23h00                                                    
 KTYPE=           1
 YCOMMAND=transfer.x MESONH         SURFOUT.20080930_23h00                                                    
 KTYPE=           1
 YCOMMAND=transfer.x MESONH         SURFOUT.20080930_23h00                                                    
 KTYPE=           1
 YCOMMAND=transfer.x MESONH         SURFOUT.20080930_23h00                                                    
 KTYPE=           1
 YCOMMAND=transfer.x MESONH         SURFOUT.20080930_23h00                                                    
 KTYPE=           1
 YCOMMAND=transfer.x MESONH         SURFOUT.20081001_00h00                                                    
 KTYPE=           1
 YCOMMAND=transfer.x MESONH         SURFOUT.20081001_00h00                                                    
 KTYPE=           1
 YCOMMAND=transfer.x MESONH         SURFOUT.20081001_00h00                                                    
 KTYPE=           1
 YCOMMAND=transfer.x MESONH         SURFOUT.20081001_00h00                                                    
 KTYPE=           1
 YCOMMAND=transfer.x MESONH         SURFOUT.20081001_00h00                                                    
 KTYPE=           1
 YCOMMAND=transfer.x MESONH         SURFOUT.20081001_00h00                                                    
 KTYPE=           1
 YCOMMAND=transfer.x MESONH         SURFOUT.20081001_00h00                                                    
 KTYPE=           1
 YCOMMAND=transfer.x MESONH         SURFOUT.20081001_00h00                                                    
 KTYPE=           1
 YCOMMAND=transfer.x MESONH         SURFOUT.20081001_00h00                                                    
 KTYPE=           1
 YCOMMAND=transfer.x MESONH         SURFOUT.20081001_00h00                                                    
 KTYPE=           1
 YCOMMAND=transfer.x MESONH         SURFOUT.20081001_00h00                                                    
 KTYPE=           1
 YCOMMAND=transfer.x MESONH         SURFOUT.20081001_00h00                                                    
 KTYPE=           1
 YCOMMAND=transfer.x MESONH         SURFOUT.20081001_00h00                                                    
 KTYPE=           1
 YCOMMAND=transfer.x MESONH         SURFOUT.20081001_00h00                                                    
  
     --------------------------
     | OFFLINE ENDS CORRECTLY |
     --------------------------
  
Running offline for perturbation 3
 CAUTION: DID YOU THINK TO SET OMP_NUM_THREADS=1?
 PLEASE VERIFY OMP_NUM_THREADS IS INITIALIZED : TYPE ECHO $OMP_NUM_THREADS IN A TERMINAL
 KTYPE=           1
 YCOMMAND=transfer.x MESONH         PGD_SODA                                                                  
 KTYPE=           1
 YCOMMAND=transfer.x MESONH         PGD_SODA                                                                  
 KTYPE=           1
 YCOMMAND=transfer.x MESONH         PREP_SODA                                                                 
 KTYPE=           1
 YCOMMAND=transfer.x MESONH         PGD_SODA                                                                  
 KTYPE=           1
 YCOMMAND=transfer.x MESONH         PREP_SODA                                                                 
 KTYPE=           1
 YCOMMAND=transfer.x MESONH         PGD_SODA                                                                  
 KTYPE=           1
 YCOMMAND=transfer.x MESONH         PREP_SODA                                                                 
 KTYPE=           1
 YCOMMAND=transfer.x MESONH         PREP_SODA                                                                 
 KTYPE=           1
 YCOMMAND=transfer.x MESONH         PGD_SODA                                                                  
 KTYPE=           1
 YCOMMAND=transfer.x MESONH         PREP_SODA                                                                 
 KTYPE=           1
 YCOMMAND=transfer.x MESONH         PREP_SODA                                                                 
 KTYPE=           1
 YCOMMAND=transfer.x MESONH         PGD_SODA                                                                  
 KTYPE=           1
 YCOMMAND=transfer.x MESONH         PREP_SODA                                                                 
 KTYPE=           1
 YCOMMAND=transfer.x MESONH         PREP_SODA                                                                 
 KTYPE=           1
 YCOMMAND=transfer.x MESONH         PREP_SODA                                                                 
 KTYPE=           1
 YCOMMAND=transfer.x MESONH         PREP_SODA                                                                 
 KTYPE=           1
 YCOMMAND=transfer.x MESONH         PGD_SODA                                                                  
 KTYPE=           1
 YCOMMAND=transfer.x MESONH         PREP_SODA                                                                 
 KTYPE=           1
 YCOMMAND=transfer.x MESONH         PREP_SODA                                                                 
 KTYPE=           1
 YCOMMAND=transfer.x MESONH         PGD_SODA                                                                  
 KTYPE=           1
 YCOMMAND=transfer.x MESONH         PREP_SODA                                                                 
 KTYPE=           1
 YCOMMAND=transfer.x MESONH         PGD_SODA                                                                  
 KTYPE=           1
 YCOMMAND=transfer.x MESONH         PREP_SODA                                                                 
 KTYPE=           1
 YCOMMAND=transfer.x MESONH         PGD_SODA                                                                  
 KTYPE=           1
 YCOMMAND=transfer.x MESONH         PREP_SODA                                                                 
 KTYPE=           1
 YCOMMAND=transfer.x MESONH         SURFOUT.20080930_19h00                                                    
 KTYPE=           1
 YCOMMAND=transfer.x MESONH         SURFOUT.20080930_19h00                                                    
 KTYPE=           1
 YCOMMAND=transfer.x MESONH         SURFOUT.20080930_19h00                                                    
 KTYPE=           1
 YCOMMAND=transfer.x MESONH         SURFOUT.20080930_19h00                                                    
 KTYPE=           1
 YCOMMAND=transfer.x MESONH         SURFOUT.20080930_19h00                                                    
 KTYPE=           1
 YCOMMAND=transfer.x MESONH         SURFOUT.20080930_19h00                                                    
 KTYPE=           1
 YCOMMAND=transfer.x MESONH         SURFOUT.20080930_19h00                                                    
 KTYPE=           1
 YCOMMAND=transfer.x MESONH         SURFOUT.20080930_19h00                                                    
 KTYPE=           1
 YCOMMAND=transfer.x MESONH         SURFOUT.20080930_19h00                                                    
 KTYPE=           1
 YCOMMAND=transfer.x MESONH         SURFOUT.20080930_19h00                                                    
 KTYPE=           1
 YCOMMAND=transfer.x MESONH         SURFOUT.20080930_19h00                                                    
 KTYPE=           1
 YCOMMAND=transfer.x MESONH         SURFOUT.20080930_19h00                                                    
 KTYPE=           1
 YCOMMAND=transfer.x MESONH         SURFOUT.20080930_19h00                                                    
 KTYPE=           1
 YCOMMAND=transfer.x MESONH         SURFOUT.20080930_19h00                                                    
 KTYPE=           1
 YCOMMAND=transfer.x MESONH         SURFOUT.20080930_20h00                                                    
 KTYPE=           1
 YCOMMAND=transfer.x MESONH         SURFOUT.20080930_20h00                                                    
 KTYPE=           1
 YCOMMAND=transfer.x MESONH         SURFOUT.20080930_20h00                                                    
 KTYPE=           1
 YCOMMAND=transfer.x MESONH         SURFOUT.20080930_20h00                                                    
 KTYPE=           1
 YCOMMAND=transfer.x MESONH         SURFOUT.20080930_20h00                                                    
 KTYPE=           1
 YCOMMAND=transfer.x MESONH         SURFOUT.20080930_20h00                                                    
 KTYPE=           1
 YCOMMAND=transfer.x MESONH         SURFOUT.20080930_20h00                                                    
 KTYPE=           1
 YCOMMAND=transfer.x MESONH         SURFOUT.20080930_20h00                                                    
 KTYPE=           1
 YCOMMAND=transfer.x MESONH         SURFOUT.20080930_20h00                                                    
 KTYPE=           1
 YCOMMAND=transfer.x MESONH         SURFOUT.20080930_20h00                                                    
 KTYPE=           1
 YCOMMAND=transfer.x MESONH         SURFOUT.20080930_20h00                                                    
 KTYPE=           1
 YCOMMAND=transfer.x MESONH         SURFOUT.20080930_20h00                                                    
 KTYPE=           1
 YCOMMAND=transfer.x MESONH         SURFOUT.20080930_20h00                                                    
 KTYPE=           1
 YCOMMAND=transfer.x MESONH         SURFOUT.20080930_20h00                                                    
 KTYPE=           1
 YCOMMAND=transfer.x MESONH         SURFOUT.20080930_21h00                                                    
 KTYPE=           1
 YCOMMAND=transfer.x MESONH         SURFOUT.20080930_21h00                                                    
 KTYPE=           1
 YCOMMAND=transfer.x MESONH         SURFOUT.20080930_21h00                                                    
 KTYPE=           1
 YCOMMAND=transfer.x MESONH         SURFOUT.20080930_21h00                                                    
 KTYPE=           1
 YCOMMAND=transfer.x MESONH         SURFOUT.20080930_21h00                                                    
 KTYPE=           1
 YCOMMAND=transfer.x MESONH         SURFOUT.20080930_21h00                                                    
 KTYPE=           1
 YCOMMAND=transfer.x MESONH         SURFOUT.20080930_21h00                                                    
 KTYPE=           1
 YCOMMAND=transfer.x MESONH         SURFOUT.20080930_21h00                                                    
 KTYPE=           1
 YCOMMAND=transfer.x MESONH         SURFOUT.20080930_21h00                                                    
 KTYPE=           1
 YCOMMAND=transfer.x MESONH         SURFOUT.20080930_21h00                                                    
 KTYPE=           1
 YCOMMAND=transfer.x MESONH         SURFOUT.20080930_21h00                                                    
 KTYPE=           1
 YCOMMAND=transfer.x MESONH         SURFOUT.20080930_21h00                                                    
 KTYPE=           1
 YCOMMAND=transfer.x MESONH         SURFOUT.20080930_21h00                                                    
 KTYPE=           1
 YCOMMAND=transfer.x MESONH         SURFOUT.20080930_21h00                                                    
 KTYPE=           1
 YCOMMAND=transfer.x MESONH         SURFOUT.20080930_22h00                                                    
 KTYPE=           1
 YCOMMAND=transfer.x MESONH         SURFOUT.20080930_22h00                                                    
 KTYPE=           1
 YCOMMAND=transfer.x MESONH         SURFOUT.20080930_22h00                                                    
 KTYPE=           1
 YCOMMAND=transfer.x MESONH         SURFOUT.20080930_22h00                                                    
 KTYPE=           1
 YCOMMAND=transfer.x MESONH         SURFOUT.20080930_22h00                                                    
 KTYPE=           1
 YCOMMAND=transfer.x MESONH         SURFOUT.20080930_22h00                                                    
 KTYPE=           1
 YCOMMAND=transfer.x MESONH         SURFOUT.20080930_22h00                                                    
 KTYPE=           1
 YCOMMAND=transfer.x MESONH         SURFOUT.20080930_22h00                                                    
 KTYPE=           1
 YCOMMAND=transfer.x MESONH         SURFOUT.20080930_22h00                                                    
 KTYPE=           1
 YCOMMAND=transfer.x MESONH         SURFOUT.20080930_22h00                                                    
 KTYPE=           1
 YCOMMAND=transfer.x MESONH         SURFOUT.20080930_22h00                                                    
 KTYPE=           1
 YCOMMAND=transfer.x MESONH         SURFOUT.20080930_22h00                                                    
 KTYPE=           1
 YCOMMAND=transfer.x MESONH         SURFOUT.20080930_22h00                                                    
 KTYPE=           1
 YCOMMAND=transfer.x MESONH         SURFOUT.20080930_22h00                                                    
 KTYPE=           1
 YCOMMAND=transfer.x MESONH         SURFOUT.20080930_23h00                                                    
 KTYPE=           1
 YCOMMAND=transfer.x MESONH         SURFOUT.20080930_23h00                                                    
 KTYPE=           1
 YCOMMAND=transfer.x MESONH         SURFOUT.20080930_23h00                                                    
 KTYPE=           1
 YCOMMAND=transfer.x MESONH         SURFOUT.20080930_23h00                                                    
 KTYPE=           1
 YCOMMAND=transfer.x MESONH         SURFOUT.20080930_23h00                                                    
 KTYPE=           1
 YCOMMAND=transfer.x MESONH         SURFOUT.20080930_23h00                                                    
 KTYPE=           1
 YCOMMAND=transfer.x MESONH         SURFOUT.20080930_23h00                                                    
 KTYPE=           1
 YCOMMAND=transfer.x MESONH         SURFOUT.20080930_23h00                                                    
 KTYPE=           1
 YCOMMAND=transfer.x MESONH         SURFOUT.20080930_23h00                                                    
 KTYPE=           1
 YCOMMAND=transfer.x MESONH         SURFOUT.20080930_23h00                                                    
 KTYPE=           1
 YCOMMAND=transfer.x MESONH         SURFOUT.20080930_23h00                                                    
 KTYPE=           1
 YCOMMAND=transfer.x MESONH         SURFOUT.20080930_23h00                                                    
 KTYPE=           1
 YCOMMAND=transfer.x MESONH         SURFOUT.20080930_23h00                                                    
 KTYPE=           1
 YCOMMAND=transfer.x MESONH         SURFOUT.20080930_23h00                                                    
 KTYPE=           1
 YCOMMAND=transfer.x MESONH         SURFOUT.20081001_00h00                                                    
 KTYPE=           1
 YCOMMAND=transfer.x MESONH         SURFOUT.20081001_00h00                                                    
 KTYPE=           1
 YCOMMAND=transfer.x MESONH         SURFOUT.20081001_00h00                                                    
 KTYPE=           1
 YCOMMAND=transfer.x MESONH         SURFOUT.20081001_00h00                                                    
 KTYPE=           1
 YCOMMAND=transfer.x MESONH         SURFOUT.20081001_00h00                                                    
 KTYPE=           1
 YCOMMAND=transfer.x MESONH         SURFOUT.20081001_00h00                                                    
 KTYPE=           1
 YCOMMAND=transfer.x MESONH         SURFOUT.20081001_00h00                                                    
 KTYPE=           1
 YCOMMAND=transfer.x MESONH         SURFOUT.20081001_00h00                                                    
 KTYPE=           1
 YCOMMAND=transfer.x MESONH         SURFOUT.20081001_00h00                                                    
 KTYPE=           1
 YCOMMAND=transfer.x MESONH         SURFOUT.20081001_00h00                                                    
 KTYPE=           1
 YCOMMAND=transfer.x MESONH         SURFOUT.20081001_00h00                                                    
 KTYPE=           1
 YCOMMAND=transfer.x MESONH         SURFOUT.20081001_00h00                                                    
 KTYPE=           1
 YCOMMAND=transfer.x MESONH         SURFOUT.20081001_00h00                                                    
 KTYPE=           1
 YCOMMAND=transfer.x MESONH         SURFOUT.20081001_00h00                                                    
  
     --------------------------
     | OFFLINE ENDS CORRECTLY |
     --------------------------
  
Running offline for perturbation 4
 CAUTION: DID YOU THINK TO SET OMP_NUM_THREADS=1?
 PLEASE VERIFY OMP_NUM_THREADS IS INITIALIZED : TYPE ECHO $OMP_NUM_THREADS IN A TERMINAL
 KTYPE=           1
 YCOMMAND=transfer.x MESONH         PGD_SODA                                                                  
 KTYPE=           1
 YCOMMAND=transfer.x MESONH         PGD_SODA                                                                  
 KTYPE=           1
 YCOMMAND=transfer.x MESONH         PREP_SODA                                                                 
 KTYPE=           1
 YCOMMAND=transfer.x MESONH         PGD_SODA                                                                  
 KTYPE=           1
 YCOMMAND=transfer.x MESONH         PREP_SODA                                                                 
 KTYPE=           1
 YCOMMAND=transfer.x MESONH         PGD_SODA                                                                  
 KTYPE=           1
 YCOMMAND=transfer.x MESONH         PREP_SODA                                                                 
 KTYPE=           1
 YCOMMAND=transfer.x MESONH         PREP_SODA                                                                 
 KTYPE=           1
 YCOMMAND=transfer.x MESONH         PGD_SODA                                                                  
 KTYPE=           1
 YCOMMAND=transfer.x MESONH         PREP_SODA                                                                 
 KTYPE=           1
 YCOMMAND=transfer.x MESONH         PREP_SODA                                                                 
 KTYPE=           1
 YCOMMAND=transfer.x MESONH         PGD_SODA                                                                  
 KTYPE=           1
 YCOMMAND=transfer.x MESONH         PREP_SODA                                                                 
 KTYPE=           1
 YCOMMAND=transfer.x MESONH         PREP_SODA                                                                 
 KTYPE=           1
 YCOMMAND=transfer.x MESONH         PREP_SODA                                                                 
 KTYPE=           1
 YCOMMAND=transfer.x MESONH         PREP_SODA                                                                 
 KTYPE=           1
 YCOMMAND=transfer.x MESONH         PGD_SODA                                                                  
 KTYPE=           1
 YCOMMAND=transfer.x MESONH         PREP_SODA                                                                 
 KTYPE=           1
 YCOMMAND=transfer.x MESONH         PREP_SODA                                                                 
 KTYPE=           1
 YCOMMAND=transfer.x MESONH         PGD_SODA                                                                  
 KTYPE=           1
 YCOMMAND=transfer.x MESONH         PREP_SODA                                                                 
 KTYPE=           1
 YCOMMAND=transfer.x MESONH         PGD_SODA                                                                  
 KTYPE=           1
 YCOMMAND=transfer.x MESONH         PREP_SODA                                                                 
 KTYPE=           1
 YCOMMAND=transfer.x MESONH         PGD_SODA                                                                  
 KTYPE=           1
 YCOMMAND=transfer.x MESONH         PREP_SODA                                                                 
 KTYPE=           1
 YCOMMAND=transfer.x MESONH         SURFOUT.20080930_19h00                                                    
 KTYPE=           1
 YCOMMAND=transfer.x MESONH         SURFOUT.20080930_19h00                                                    
 KTYPE=           1
 YCOMMAND=transfer.x MESONH         SURFOUT.20080930_19h00                                                    
 KTYPE=           1
 YCOMMAND=transfer.x MESONH         SURFOUT.20080930_19h00                                                    
 KTYPE=           1
 YCOMMAND=transfer.x MESONH         SURFOUT.20080930_19h00                                                    
 KTYPE=           1
 YCOMMAND=transfer.x MESONH         SURFOUT.20080930_19h00                                                    
 KTYPE=           1
 YCOMMAND=transfer.x MESONH         SURFOUT.20080930_19h00                                                    
 KTYPE=           1
 YCOMMAND=transfer.x MESONH         SURFOUT.20080930_19h00                                                    
 KTYPE=           1
 YCOMMAND=transfer.x MESONH         SURFOUT.20080930_19h00                                                    
 KTYPE=           1
 YCOMMAND=transfer.x MESONH         SURFOUT.20080930_19h00                                                    
 KTYPE=           1
 YCOMMAND=transfer.x MESONH         SURFOUT.20080930_19h00                                                    
 KTYPE=           1
 YCOMMAND=transfer.x MESONH         SURFOUT.20080930_19h00                                                    
 KTYPE=           1
 YCOMMAND=transfer.x MESONH         SURFOUT.20080930_19h00                                                    
 KTYPE=           1
 YCOMMAND=transfer.x MESONH         SURFOUT.20080930_19h00                                                    
 KTYPE=           1
 YCOMMAND=transfer.x MESONH         SURFOUT.20080930_20h00                                                    
 KTYPE=           1
 YCOMMAND=transfer.x MESONH         SURFOUT.20080930_20h00                                                    
 KTYPE=           1
 YCOMMAND=transfer.x MESONH         SURFOUT.20080930_20h00                                                    
 KTYPE=           1
 YCOMMAND=transfer.x MESONH         SURFOUT.20080930_20h00                                                    
 KTYPE=           1
 YCOMMAND=transfer.x MESONH         SURFOUT.20080930_20h00                                                    
 KTYPE=           1
 YCOMMAND=transfer.x MESONH         SURFOUT.20080930_20h00                                                    
 KTYPE=           1
 YCOMMAND=transfer.x MESONH         SURFOUT.20080930_20h00                                                    
 KTYPE=           1
 YCOMMAND=transfer.x MESONH         SURFOUT.20080930_20h00                                                    
 KTYPE=           1
 YCOMMAND=transfer.x MESONH         SURFOUT.20080930_20h00                                                    
 KTYPE=           1
 YCOMMAND=transfer.x MESONH         SURFOUT.20080930_20h00                                                    
 KTYPE=           1
 YCOMMAND=transfer.x MESONH         SURFOUT.20080930_20h00                                                    
 KTYPE=           1
 YCOMMAND=transfer.x MESONH         SURFOUT.20080930_20h00                                                    
 KTYPE=           1
 YCOMMAND=transfer.x MESONH         SURFOUT.20080930_20h00                                                    
 KTYPE=           1
 YCOMMAND=transfer.x MESONH         SURFOUT.20080930_20h00                                                    
 KTYPE=           1
 YCOMMAND=transfer.x MESONH         SURFOUT.20080930_21h00                                                    
 KTYPE=           1
 YCOMMAND=transfer.x MESONH         SURFOUT.20080930_21h00                                                    
 KTYPE=           1
 YCOMMAND=transfer.x MESONH         SURFOUT.20080930_21h00                                                    
 KTYPE=           1
 YCOMMAND=transfer.x MESONH         SURFOUT.20080930_21h00                                                    
 KTYPE=           1
 YCOMMAND=transfer.x MESONH         SURFOUT.20080930_21h00                                                    
 KTYPE=           1
 YCOMMAND=transfer.x MESONH         SURFOUT.20080930_21h00                                                    
 KTYPE=           1
 YCOMMAND=transfer.x MESONH         SURFOUT.20080930_21h00                                                    
 KTYPE=           1
 YCOMMAND=transfer.x MESONH         SURFOUT.20080930_21h00                                                    
 KTYPE=           1
 YCOMMAND=transfer.x MESONH         SURFOUT.20080930_21h00                                                    
 KTYPE=           1
 YCOMMAND=transfer.x MESONH         SURFOUT.20080930_21h00                                                    
 KTYPE=           1
 YCOMMAND=transfer.x MESONH         SURFOUT.20080930_21h00                                                    
 KTYPE=           1
 YCOMMAND=transfer.x MESONH         SURFOUT.20080930_21h00                                                    
 KTYPE=           1
 YCOMMAND=transfer.x MESONH         SURFOUT.20080930_21h00                                                    
 KTYPE=           1
 YCOMMAND=transfer.x MESONH         SURFOUT.20080930_21h00                                                    
 KTYPE=           1
 YCOMMAND=transfer.x MESONH         SURFOUT.20080930_22h00                                                    
 KTYPE=           1
 YCOMMAND=transfer.x MESONH         SURFOUT.20080930_22h00                                                    
 KTYPE=           1
 YCOMMAND=transfer.x MESONH         SURFOUT.20080930_22h00                                                    
 KTYPE=           1
 YCOMMAND=transfer.x MESONH         SURFOUT.20080930_22h00                                                    
 KTYPE=           1
 YCOMMAND=transfer.x MESONH         SURFOUT.20080930_22h00                                                    
 KTYPE=           1
 YCOMMAND=transfer.x MESONH         SURFOUT.20080930_22h00                                                    
 KTYPE=           1
 YCOMMAND=transfer.x MESONH         SURFOUT.20080930_22h00                                                    
 KTYPE=           1
 YCOMMAND=transfer.x MESONH         SURFOUT.20080930_22h00                                                    
 KTYPE=           1
 YCOMMAND=transfer.x MESONH         SURFOUT.20080930_22h00                                                    
 KTYPE=           1
 YCOMMAND=transfer.x MESONH         SURFOUT.20080930_22h00                                                    
 KTYPE=           1
 YCOMMAND=transfer.x MESONH         SURFOUT.20080930_22h00                                                    
 KTYPE=           1
 YCOMMAND=transfer.x MESONH         SURFOUT.20080930_22h00                                                    
 KTYPE=           1
 YCOMMAND=transfer.x MESONH         SURFOUT.20080930_22h00                                                    
 KTYPE=           1
 YCOMMAND=transfer.x MESONH         SURFOUT.20080930_22h00                                                    
 KTYPE=           1
 YCOMMAND=transfer.x MESONH         SURFOUT.20080930_23h00                                                    
 KTYPE=           1
 YCOMMAND=transfer.x MESONH         SURFOUT.20080930_23h00                                                    
 KTYPE=           1
 YCOMMAND=transfer.x MESONH         SURFOUT.20080930_23h00                                                    
 KTYPE=           1
 YCOMMAND=transfer.x MESONH         SURFOUT.20080930_23h00                                                    
 KTYPE=           1
 YCOMMAND=transfer.x MESONH         SURFOUT.20080930_23h00                                                    
 KTYPE=           1
 YCOMMAND=transfer.x MESONH         SURFOUT.20080930_23h00                                                    
 KTYPE=           1
 YCOMMAND=transfer.x MESONH         SURFOUT.20080930_23h00                                                    
 KTYPE=           1
 YCOMMAND=transfer.x MESONH         SURFOUT.20080930_23h00                                                    
 KTYPE=           1
 YCOMMAND=transfer.x MESONH         SURFOUT.20080930_23h00                                                    
 KTYPE=           1
 YCOMMAND=transfer.x MESONH         SURFOUT.20080930_23h00                                                    
 KTYPE=           1
 YCOMMAND=transfer.x MESONH         SURFOUT.20080930_23h00                                                    
 KTYPE=           1
 YCOMMAND=transfer.x MESONH         SURFOUT.20080930_23h00                                                    
 KTYPE=           1
 YCOMMAND=transfer.x MESONH         SURFOUT.20080930_23h00                                                    
 KTYPE=           1
 YCOMMAND=transfer.x MESONH         SURFOUT.20080930_23h00                                                    
 KTYPE=           1
 YCOMMAND=transfer.x MESONH         SURFOUT.20081001_00h00                                                    
 KTYPE=           1
 YCOMMAND=transfer.x MESONH         SURFOUT.20081001_00h00                                                    
 KTYPE=           1
 YCOMMAND=transfer.x MESONH         SURFOUT.20081001_00h00                                                    
 KTYPE=           1
 YCOMMAND=transfer.x MESONH         SURFOUT.20081001_00h00                                                    
 KTYPE=           1
 YCOMMAND=transfer.x MESONH         SURFOUT.20081001_00h00                                                    
 KTYPE=           1
 YCOMMAND=transfer.x MESONH         SURFOUT.20081001_00h00                                                    
 KTYPE=           1
 YCOMMAND=transfer.x MESONH         SURFOUT.20081001_00h00                                                    
 KTYPE=           1
 YCOMMAND=transfer.x MESONH         SURFOUT.20081001_00h00                                                    
 KTYPE=           1
 YCOMMAND=transfer.x MESONH         SURFOUT.20081001_00h00                                                    
 KTYPE=           1
 YCOMMAND=transfer.x MESONH         SURFOUT.20081001_00h00                                                    
 KTYPE=           1
 YCOMMAND=transfer.x MESONH         SURFOUT.20081001_00h00                                                    
 KTYPE=           1
 YCOMMAND=transfer.x MESONH         SURFOUT.20081001_00h00                                                    
 KTYPE=           1
 YCOMMAND=transfer.x MESONH         SURFOUT.20081001_00h00                                                    
 KTYPE=           1
 YCOMMAND=transfer.x MESONH         SURFOUT.20081001_00h00                                                    
  
     --------------------------
     | OFFLINE ENDS CORRECTLY |
     --------------------------
  
Assuming we are evolving B matrix from initial state for first cycle with assimilation

    ------------------------------------
    |               SODA               |
    | SURFEX OFFLINE DATA ASSIMILATION |
    ------------------------------------

 KTYPE=           1
 YCOMMAND=transfer.x MESONH         PGD_SODA                                                                  
 KTYPE=           1
 YCOMMAND=transfer.x MESONH         PGD_SODA                                                                  
 KTYPE=           1
 YCOMMAND=transfer.x MESONH         PREP_SODA                                                                 
 INITIALIZING SURFEX...
 KTYPE=           1
 YCOMMAND=transfer.x MESONH         PREP_INIT                                                                 
 KTYPE=           1
 YCOMMAND=transfer.x MESONH         PGD_SODA                                                                  
 KTYPE=           1
 YCOMMAND=transfer.x MESONH         PREP_INIT                                                                 
 KTYPE=           1
 YCOMMAND=transfer.x MESONH         PREP_INIT                                                                 
 KTYPE=           1
 YCOMMAND=transfer.x MESONH         PGD_SODA                                                                  
 KTYPE=           1
 YCOMMAND=transfer.x MESONH         PREP_INIT                                                                 
 KTYPE=           1
 YCOMMAND=transfer.x MESONH         PREP_INIT                                                                 
 KTYPE=           1
 YCOMMAND=transfer.x MESONH         PGD_SODA                                                                  
 KTYPE=           1
 YCOMMAND=transfer.x MESONH         PREP_INIT                                                                 
 KTYPE=           1
 YCOMMAND=transfer.x MESONH         PREP_INIT                                                                 
 KTYPE=           1
 YCOMMAND=transfer.x MESONH         PREP_INIT                                                                 
 KTYPE=           1
 YCOMMAND=transfer.x MESONH         PREP_INIT                                                                 
 KTYPE=           1
 YCOMMAND=transfer.x MESONH         PGD_SODA                                                                  
 KTYPE=           1
 YCOMMAND=transfer.x MESONH         PREP_INIT                                                                 
 KTYPE=           1
 YCOMMAND=transfer.x MESONH         PREP_INIT                                                                 
 KTYPE=           1
 YCOMMAND=transfer.x MESONH         PGD_SODA                                                                  
 KTYPE=           1
 YCOMMAND=transfer.x MESONH         PREP_INIT                                                                 
 KTYPE=           1
 YCOMMAND=transfer.x MESONH         PGD_SODA                                                                  
 KTYPE=           1
 YCOMMAND=transfer.x MESONH         PREP_INIT                                                                 
 KTYPE=           1
 YCOMMAND=transfer.x MESONH         PGD_SODA                                                                  
 KTYPE=           1
 YCOMMAND=transfer.x MESONH         PREP_INIT                                                                 
 KTYPE=           1
 YCOMMAND=transfer.x MESONH         PREP_081001H00_EKF_PERT4                                                  
 KTYPE=           1
 YCOMMAND=transfer.x MESONH         PGD_SODA                                                                  
 KTYPE=           1
 YCOMMAND=transfer.x MESONH         PREP_081001H00_EKF_PERT4                                                  
 KTYPE=           1
 YCOMMAND=transfer.x MESONH         PREP_081001H00_EKF_PERT4                                                  
 KTYPE=           1
 YCOMMAND=transfer.x MESONH         PGD_SODA                                                                  
 KTYPE=           1
 YCOMMAND=transfer.x MESONH         PREP_081001H00_EKF_PERT4                                                  
 KTYPE=           1
 YCOMMAND=transfer.x MESONH         PREP_081001H00_EKF_PERT4                                                  
 KTYPE=           1
 YCOMMAND=transfer.x MESONH         PGD_SODA                                                                  
 KTYPE=           1
 YCOMMAND=transfer.x MESONH         PREP_081001H00_EKF_PERT4                                                  
 KTYPE=           1
 YCOMMAND=transfer.x MESONH         PREP_081001H00_EKF_PERT4                                                  
 KTYPE=           1
 YCOMMAND=transfer.x MESONH         PREP_081001H00_EKF_PERT4                                                  
 KTYPE=           1
 YCOMMAND=transfer.x MESONH         PREP_081001H00_EKF_PERT4                                                  
 KTYPE=           1
 YCOMMAND=transfer.x MESONH         PGD_SODA                                                                  
 KTYPE=           1
 YCOMMAND=transfer.x MESONH         PREP_081001H00_EKF_PERT4                                                  
 KTYPE=           1
 YCOMMAND=transfer.x MESONH         PREP_081001H00_EKF_PERT4                                                  
 KTYPE=           1
 YCOMMAND=transfer.x MESONH         PGD_SODA                                                                  
 KTYPE=           1
 YCOMMAND=transfer.x MESONH         PREP_081001H00_EKF_PERT4                                                  
 KTYPE=           1
 YCOMMAND=transfer.x MESONH         PGD_SODA                                                                  
 KTYPE=           1
 YCOMMAND=transfer.x MESONH         PREP_081001H00_EKF_PERT4                                                  
 KTYPE=           1
 YCOMMAND=transfer.x MESONH         PGD_SODA                                                                  
 KTYPE=           1
 YCOMMAND=transfer.x MESONH         PREP_081001H00_EKF_PERT4                                                  
 KTYPE=           1
 YCOMMAND=transfer.x MESONH         PREP_081001H00_EKF_PERT3                                                  
 KTYPE=           1
 YCOMMAND=transfer.x MESONH         PGD_SODA                                                                  
 KTYPE=           1
 YCOMMAND=transfer.x MESONH         PREP_081001H00_EKF_PERT3                                                  
 KTYPE=           1
 YCOMMAND=transfer.x MESONH         PREP_081001H00_EKF_PERT3                                                  
 KTYPE=           1
 YCOMMAND=transfer.x MESONH         PGD_SODA                                                                  
 KTYPE=           1
 YCOMMAND=transfer.x MESONH         PREP_081001H00_EKF_PERT3                                                  
 KTYPE=           1
 YCOMMAND=transfer.x MESONH         PREP_081001H00_EKF_PERT3                                                  
 KTYPE=           1
 YCOMMAND=transfer.x MESONH         PGD_SODA                                                                  
 KTYPE=           1
 YCOMMAND=transfer.x MESONH         PREP_081001H00_EKF_PERT3                                                  
 KTYPE=           1
 YCOMMAND=transfer.x MESONH         PREP_081001H00_EKF_PERT3                                                  
 KTYPE=           1
 YCOMMAND=transfer.x MESONH         PREP_081001H00_EKF_PERT3                                                  
 KTYPE=           1
 YCOMMAND=transfer.x MESONH         PREP_081001H00_EKF_PERT3                                                  
 KTYPE=           1
 YCOMMAND=transfer.x MESONH         PGD_SODA                                                                  
 KTYPE=           1
 YCOMMAND=transfer.x MESONH         PREP_081001H00_EKF_PERT3                                                  
 KTYPE=           1
 YCOMMAND=transfer.x MESONH         PREP_081001H00_EKF_PERT3                                                  
 KTYPE=           1
 YCOMMAND=transfer.x MESONH         PGD_SODA                                                                  
 KTYPE=           1
 YCOMMAND=transfer.x MESONH         PREP_081001H00_EKF_PERT3                                                  
 KTYPE=           1
 YCOMMAND=transfer.x MESONH         PGD_SODA                                                                  
 KTYPE=           1
 YCOMMAND=transfer.x MESONH         PREP_081001H00_EKF_PERT3                                                  
 KTYPE=           1
 YCOMMAND=transfer.x MESONH         PGD_SODA                                                                  
 KTYPE=           1
 YCOMMAND=transfer.x MESONH         PREP_081001H00_EKF_PERT3                                                  
 KTYPE=           1
 YCOMMAND=transfer.x MESONH         PREP_081001H00_EKF_PERT2                                                  
 KTYPE=           1
 YCOMMAND=transfer.x MESONH         PGD_SODA                                                                  
 KTYPE=           1
 YCOMMAND=transfer.x MESONH         PREP_081001H00_EKF_PERT2                                                  
 KTYPE=           1
 YCOMMAND=transfer.x MESONH         PREP_081001H00_EKF_PERT2                                                  
 KTYPE=           1
 YCOMMAND=transfer.x MESONH         PGD_SODA                                                                  
 KTYPE=           1
 YCOMMAND=transfer.x MESONH         PREP_081001H00_EKF_PERT2                                                  
 KTYPE=           1
 YCOMMAND=transfer.x MESONH         PREP_081001H00_EKF_PERT2                                                  
 KTYPE=           1
 YCOMMAND=transfer.x MESONH         PGD_SODA                                                                  
 KTYPE=           1
 YCOMMAND=transfer.x MESONH         PREP_081001H00_EKF_PERT2                                                  
 KTYPE=           1
 YCOMMAND=transfer.x MESONH         PREP_081001H00_EKF_PERT2                                                  
 KTYPE=           1
 YCOMMAND=transfer.x MESONH         PREP_081001H00_EKF_PERT2                                                  
 KTYPE=           1
 YCOMMAND=transfer.x MESONH         PREP_081001H00_EKF_PERT2                                                  
 KTYPE=           1
 YCOMMAND=transfer.x MESONH         PGD_SODA                                                                  
 KTYPE=           1
 YCOMMAND=transfer.x MESONH         PREP_081001H00_EKF_PERT2                                                  
 KTYPE=           1
 YCOMMAND=transfer.x MESONH         PREP_081001H00_EKF_PERT2                                                  
 KTYPE=           1
 YCOMMAND=transfer.x MESONH         PGD_SODA                                                                  
 KTYPE=           1
 YCOMMAND=transfer.x MESONH         PREP_081001H00_EKF_PERT2                                                  
 KTYPE=           1
 YCOMMAND=transfer.x MESONH         PGD_SODA                                                                  
 KTYPE=           1
 YCOMMAND=transfer.x MESONH         PREP_081001H00_EKF_PERT2                                                  
 KTYPE=           1
 YCOMMAND=transfer.x MESONH         PGD_SODA                                                                  
 KTYPE=           1
 YCOMMAND=transfer.x MESONH         PREP_081001H00_EKF_PERT2                                                  
 KTYPE=           1
 YCOMMAND=transfer.x MESONH         PREP_081001H00_EKF_PERT1                                                  
 KTYPE=           1
 YCOMMAND=transfer.x MESONH         PGD_SODA                                                                  
 KTYPE=           1
 YCOMMAND=transfer.x MESONH         PREP_081001H00_EKF_PERT1                                                  
 KTYPE=           1
 YCOMMAND=transfer.x MESONH         PREP_081001H00_EKF_PERT1                                                  
 KTYPE=           1
 YCOMMAND=transfer.x MESONH         PGD_SODA                                                                  
 KTYPE=           1
 YCOMMAND=transfer.x MESONH         PREP_081001H00_EKF_PERT1                                                  
 KTYPE=           1
 YCOMMAND=transfer.x MESONH         PREP_081001H00_EKF_PERT1                                                  
 KTYPE=           1
 YCOMMAND=transfer.x MESONH         PGD_SODA                                                                  
 KTYPE=           1
 YCOMMAND=transfer.x MESONH         PREP_081001H00_EKF_PERT1                                                  
 KTYPE=           1
 YCOMMAND=transfer.x MESONH         PREP_081001H00_EKF_PERT1                                                  
 KTYPE=           1
 YCOMMAND=transfer.x MESONH         PREP_081001H00_EKF_PERT1                                                  
 KTYPE=           1
 YCOMMAND=transfer.x MESONH         PREP_081001H00_EKF_PERT1                                                  
 KTYPE=           1
 YCOMMAND=transfer.x MESONH         PGD_SODA                                                                  
 KTYPE=           1
 YCOMMAND=transfer.x MESONH         PREP_081001H00_EKF_PERT1                                                  
 KTYPE=           1
 YCOMMAND=transfer.x MESONH         PREP_081001H00_EKF_PERT1                                                  
 KTYPE=           1
 YCOMMAND=transfer.x MESONH         PGD_SODA                                                                  
 KTYPE=           1
 YCOMMAND=transfer.x MESONH         PREP_081001H00_EKF_PERT1                                                  
 KTYPE=           1
 YCOMMAND=transfer.x MESONH         PGD_SODA                                                                  
 KTYPE=           1
 YCOMMAND=transfer.x MESONH         PREP_081001H00_EKF_PERT1                                                  
 KTYPE=           1
 YCOMMAND=transfer.x MESONH         PGD_SODA                                                                  
 KTYPE=           1
 YCOMMAND=transfer.x MESONH         PREP_081001H00_EKF_PERT1                                                  
 KTYPE=           1
 YCOMMAND=transfer.x MESONH         PREP_081001H00_EKF_PERT0                                                  
 KTYPE=           1
 YCOMMAND=transfer.x MESONH         PGD_SODA                                                                  
 KTYPE=           1
 YCOMMAND=transfer.x MESONH         PREP_081001H00_EKF_PERT0                                                  
 KTYPE=           1
 YCOMMAND=transfer.x MESONH         PREP_081001H00_EKF_PERT0                                                  
 KTYPE=           1
 YCOMMAND=transfer.x MESONH         PGD_SODA                                                                  
 KTYPE=           1
 YCOMMAND=transfer.x MESONH         PREP_081001H00_EKF_PERT0                                                  
 KTYPE=           1
 YCOMMAND=transfer.x MESONH         PREP_081001H00_EKF_PERT0                                                  
 KTYPE=           1
 YCOMMAND=transfer.x MESONH         PGD_SODA                                                                  
 KTYPE=           1
 YCOMMAND=transfer.x MESONH         PREP_081001H00_EKF_PERT0                                                  
 KTYPE=           1
 YCOMMAND=transfer.x MESONH         PREP_081001H00_EKF_PERT0                                                  
 KTYPE=           1
 YCOMMAND=transfer.x MESONH         PREP_081001H00_EKF_PERT0                                                  
 KTYPE=           1
 YCOMMAND=transfer.x MESONH         PREP_081001H00_EKF_PERT0                                                  
 KTYPE=           1
 YCOMMAND=transfer.x MESONH         PGD_SODA                                                                  
 KTYPE=           1
 YCOMMAND=transfer.x MESONH         PREP_081001H00_EKF_PERT0                                                  
 KTYPE=           1
 YCOMMAND=transfer.x MESONH         PREP_081001H00_EKF_PERT0                                                  
 KTYPE=           1
 YCOMMAND=transfer.x MESONH         PGD_SODA                                                                  
 KTYPE=           1
 YCOMMAND=transfer.x MESONH         PREP_081001H00_EKF_PERT0                                                  
 KTYPE=           1
 YCOMMAND=transfer.x MESONH         PGD_SODA                                                                  
 KTYPE=           1
 YCOMMAND=transfer.x MESONH         PREP_081001H00_EKF_PERT0                                                  
 KTYPE=           1
 YCOMMAND=transfer.x MESONH         PGD_SODA                                                                  
 KTYPE=           1
 YCOMMAND=transfer.x MESONH         PREP_081001H00_EKF_PERT0                                                  
 READING Land-Sea mask
 READ LSM OK
 READING CANARI ANALYSIS
 READ CANARI OK
 READING SST FROM SST_SIC
 READ SST_SIC OK
   ECMWF_SST_SIC
  SURFSEA.TEMPERA - min, mean, max:    0.2855E+03   0.2863E+03   0.2880E+03
   Replaced land by UNDEF 
  SST            - min, mean, max:    0.2855E+03   0.2863E+03   0.2880E+03
 PERFORMIMG OFFLINE SURFEX DATA ASSIMILATION...
 *********************************************
 *      ASSIMILATIONS FOR SEA POINTS         *
 *********************************************
 UPDATING SST FOR SCHEME: SEAFLX
 Mean SST increments over SEA     0.52200679072390921     
 *********************************************
 *      ASSIMILATIONS FOR WATER POINTS       *
 *********************************************
 UPDATING LST FOR INLAND_WATER: WATFLX
 Lake surface temperature set to    283.00703165230806      from nearest neighbour at I=         299
 Lake surface temperature set to    282.97755752786782      from nearest neighbour at I=         338
 Lake surface temperature set to    282.86056209329030      from nearest neighbour at I=         366
 Lake surface temperature set to    283.24039542865694      from nearest neighbour at I=         376
 Lake surface temperature set to    282.88816838451646      from nearest neighbour at I=         377
 Lake surface temperature set to    282.86442168772714      from nearest neighbour at I=         406
 Lake surface temperature set to    282.23474286809210      from nearest neighbour at I=         415
 Lake surface temperature set to    282.79670999202096      from nearest neighbour at I=         416
 Lake surface temperature set to    283.26267240989949      from nearest neighbour at I=         445
 Lake surface temperature set to    282.63845322045393      from nearest neighbour at I=         446
 Lake surface temperature set to    282.27271680419301      from nearest neighbour at I=         454
 Lake surface temperature set to    282.67833118953189      from nearest neighbour at I=         455
 Lake surface temperature set to    283.25664737864832      from nearest neighbour at I=         483
 Lake surface temperature set to    283.27372869624651      from nearest neighbour at I=         484
 Lake surface temperature set to    282.80441068435681      from nearest neighbour at I=         485
 Lake surface temperature set to    282.36120949261402      from nearest neighbour at I=         493
 Lake surface temperature set to    282.28786992440843      from nearest neighbour at I=         494
 Lake surface temperature set to    283.36412798255520      from nearest neighbour at I=         522
 Lake surface temperature set to    283.37693999017074      from nearest neighbour at I=         523
 Lake surface temperature set to    282.81678456319088      from nearest neighbour at I=         524
 Lake surface temperature set to    282.81350732106705      from nearest neighbour at I=         525
 Lake surface temperature set to    282.29164406738948      from nearest neighbour at I=         526
 Lake surface temperature set to    282.37198474204877      from nearest neighbour at I=         532
 Lake surface temperature set to    282.21983944423505      from nearest neighbour at I=         533
 Lake surface temperature set to    283.29588682276204      from nearest neighbour at I=         561
 Lake surface temperature set to    282.67551968657284      from nearest neighbour at I=         562
 Lake surface temperature set to    282.67232789835475      from nearest neighbour at I=         563
 Lake surface temperature set to    282.67549386055401      from nearest neighbour at I=         564
 Lake surface temperature set to    282.33207647589961      from nearest neighbour at I=         565
 Lake surface temperature set to    282.66974569306814      from nearest neighbour at I=         566
 Lake surface temperature set to    282.46056138464832      from nearest neighbour at I=         571
 Lake surface temperature set to    282.23600839094320      from nearest neighbour at I=         572
 Lake surface temperature set to    282.19801668784658      from nearest neighbour at I=         573
 Lake surface temperature set to    283.28349423474498      from nearest neighbour at I=         588
 Lake surface temperature set to    282.68030867332010      from nearest neighbour at I=         600
 Lake surface temperature set to    282.65772145272388      from nearest neighbour at I=         601
 Lake surface temperature set to    282.67247747736303      from nearest neighbour at I=         603
 Lake surface temperature set to    283.05886636421218      from nearest neighbour at I=         604
 Lake surface temperature set to    282.36291811557686      from nearest neighbour at I=         611
 Lake surface temperature set to    282.64563691685692      from nearest neighbour at I=         641
 Lake surface temperature set to    282.67249312321997      from nearest neighbour at I=         642
 Lake surface temperature set to    283.06143838364494      from nearest neighbour at I=         643
 Lake surface temperature set to    283.05134339681354      from nearest neighbour at I=         644
 Lake surface temperature set to    282.38443739324555      from nearest neighbour at I=         645
 Lake surface temperature set to    282.28618880930674      from nearest neighbour at I=         648
 Lake surface temperature set to    282.34681692636593      from nearest neighbour at I=         650
 Lake surface temperature set to    282.49805715500412      from nearest neighbour at I=         680
 Lake surface temperature set to    282.51777362398224      from nearest neighbour at I=         681
 Lake surface temperature set to    282.32653135422248      from nearest neighbour at I=         682
 Lake surface temperature set to    282.31591717278349      from nearest neighbour at I=         683
 Lake surface temperature set to    282.45835868913849      from nearest neighbour at I=         718
 Lake surface temperature set to    282.51335139474037      from nearest neighbour at I=         719
 Lake surface temperature set to    282.20257156062218      from nearest neighbour at I=         720
 Lake surface temperature set to    282.19539760833493      from nearest neighbour at I=         721
 Lake surface temperature set to    282.18649749962037      from nearest neighbour at I=         722
 Lake surface temperature set to    282.24160741846640      from nearest neighbour at I=         758
 Lake surface temperature set to    282.19510340903690      from nearest neighbour at I=         759
 Lake surface temperature set to    282.13220775632055      from nearest neighbour at I=         760
 Lake surface temperature set to    282.26197689239052      from nearest neighbour at I=         761
 Lake surface temperature set to    281.70697334068484      from nearest neighbour at I=         792
 Lake surface temperature set to    282.73625845286381      from nearest neighbour at I=         857
 Lake surface temperature set to    282.55911434355772      from nearest neighbour at I=         887
 Lake surface temperature set to    282.46495994784090      from nearest neighbour at I=         925
 Lake surface temperature set to    282.58302771565809      from nearest neighbour at I=         926
 Lake surface temperature set to    282.31837617005027      from nearest neighbour at I=        1089
 Lake surface temperature set to    280.05042406835156      from nearest neighbour at I=        1093
 Lake surface temperature set to    278.63210475214515      from nearest neighbour at I=        1422
 Mean LST increments over inland water     5.68199439063977393E-002
 *********************************************
 *      ASSIMILATIONS FOR NATURE POINTS      *
 *********************************************
 UPDATE SNOW FROM ANALYSED VALUES
  SURFRESERV.NEIGE - min, mean, max:    0.0000E+00   0.4167E+00   0.9893E-02
 Mean SN increments over NATURE   7.28712844525709284E-003

    --------------------------
    |   ENTERING  VARASSIM   |
    --------------------------

 number of patches =           1
 Initialized B
 LTM d(wg2)/d(wg2)  0.93323805387947567     
 B before wg2 wg2 ==>    35.446463141746989        3.0662986163957453     
 Q value wg2 wg2 ==>   3.04119370955524829E-005  2.63078661092648188E-006
 B after wg2 wg2 ==>   35.446493553684085        3.0663012471823561     
 LTM d(wg2)/d(wg2)  0.89168288767008053     
 B before wg2 wg2 ==>    12.990928460473910        1.1104699263353977     
 Q value wg2 wg2 ==>   3.00517075946584317E-005  2.56883236794268845E-006
 B after wg2 wg2 ==>   12.837080563326257        1.1104724951677656     
 LTM d(wg2)/d(wg2)  0.81985360987461009     
 B before wg2 wg2 ==>    77.507290202414424        6.4141264104579712     
 Q value wg2 wg2 ==>   2.90936028119118281E-005  2.40764508324205215E-006
 B after wg2 wg2 ==>   74.147436104756608        6.4141288181030545     
 LTM d(wg2)/d(wg2)  0.96867911465765399     
 B before wg2 wg2 ==>    58.071037594614658        5.0757465269341964     
 Q value wg2 wg2 ==>   3.07286077929626550E-005  2.68585909160881841E-006
 B after wg2 wg2 ==>   58.675745547415374        5.0757492127932879     
 LTM d(wg2)/d(wg2)  0.97444189802710457     
 B before wg2 wg2 ==>    33.102516118222013        2.8933524899756629     
 Q value wg2 wg2 ==>   3.07286077929626550E-005  2.68585909160881841E-006
 B after wg2 wg2 ==>   33.447234084709550        2.8933551758347544     
 LTM d(wg2)/d(wg2)  0.84777515966002670     
 B before wg2 wg2 ==>    64.314148101021885        5.3684031384790059     
 Q value wg2 wg2 ==>   2.93454750486159037E-005  2.44951297658009185E-006
 B after wg2 wg2 ==>   62.058858125299714        5.3684055879919823     
 LTM d(wg2)/d(wg2)  0.94728614449933290     
 B before wg2 wg2 ==>    104.47541516396572        9.1317590942732689     
 Q value wg2 wg2 ==>   3.07286077929626550E-005  2.68585909160881841E-006
 B after wg2 wg2 ==>   105.56331846738161        9.1317617801323614     
 LTM d(wg2)/d(wg2)  0.87963771260627244     
 B before wg2 wg2 ==>    58.586081210607965        4.9279023280230252     
 Q value wg2 wg2 ==>   2.95712842777049175E-005  2.48735531756896147E-006
 B after wg2 wg2 ==>   56.966661847719280        4.9279048153783425     
 LTM d(wg2)/d(wg2)  0.80412269038493656     
 B before wg2 wg2 ==>    61.065379339592219        4.9495843298133790     
 Q value wg2 wg2 ==>   2.84954954799046985E-005  2.30966972485765470E-006
 B after wg2 wg2 ==>   57.217304095954923        4.9495866394831038     
 LTM d(wg2)/d(wg2)  0.80732739094975992     
 B before wg2 wg2 ==>    75.360552368912181        6.1082631947134827     
 Q value wg2 wg2 ==>   2.84954954799046985E-005  2.30966972485765470E-006
 B after wg2 wg2 ==>   70.611651097317562        6.1082655043832075     
 LTM d(wg2)/d(wg2)  0.80130802352180641     
 B before wg2 wg2 ==>    55.979271834567527        4.5373357156416727     
 Q value wg2 wg2 ==>   2.84954954799046985E-005  2.30966972485765470E-006
 B after wg2 wg2 ==>   52.451703241120342        4.5373380253113975     
 LTM d(wg2)/d(wg2)  0.80558936667269854     
 B before wg2 wg2 ==>    56.932088426979661        4.6145651724303178     
 Q value wg2 wg2 ==>   2.84954954799046985E-005  2.30966972485765470E-006
 B after wg2 wg2 ==>   53.344477049541396        4.6145674821000426     
 LTM d(wg2)/d(wg2)  0.82083898921814324     
 B before wg2 wg2 ==>    65.656578897233388        5.3217187475686982     
 Q value wg2 wg2 ==>   2.84954954799046985E-005  2.30966972485765470E-006
 B after wg2 wg2 ==>   61.519184171237498        5.3217210572384230     
 LTM d(wg2)/d(wg2)  0.82954744977308748     
 B before wg2 wg2 ==>    70.376014361055425        5.7042471797167309     
 Q value wg2 wg2 ==>   2.84954954799046985E-005  2.30966972485765470E-006
 B after wg2 wg2 ==>   65.941219226239298        5.7042494893864557     
 LTM d(wg2)/d(wg2)  0.81355001021025319     
 B before wg2 wg2 ==>    89.318318664506975        7.2395939435438823     
 Q value wg2 wg2 ==>   2.84954954799046985E-005  2.30966972485765470E-006
 B after wg2 wg2 ==>   83.689853420833899        7.2395962532136071     
 LTM d(wg2)/d(wg2)  0.81935077894578368     
 B before wg2 wg2 ==>    79.726675442271429        6.5109136248871415     
 Q value wg2 wg2 ==>   2.87105044648049116E-005  2.34465583395152415E-006
 B after wg2 wg2 ==>   75.266297189507213        6.5109159695429755     
 LTM d(wg2)/d(wg2)  0.83587119068554827     
 B before wg2 wg2 ==>    30.368065879826716        2.5131134488850497     
 Q value wg2 wg2 ==>   2.90936028119118281E-005  2.40764508324205215E-006
 B after wg2 wg2 ==>   29.051661212352784        2.5131158565301330     
 LTM d(wg2)/d(wg2)  0.83717913436159186     
 B before wg2 wg2 ==>    36.306873785490765        3.0045803100651582     
 Q value wg2 wg2 ==>   2.90936028119118281E-005  2.40764508324205215E-006
 B after wg2 wg2 ==>   34.733026323715578        3.0045827177102415     
 LTM d(wg2)/d(wg2)  0.84080597056182305     
 B before wg2 wg2 ==>    60.712444425783495        5.0242666492131995     
 Q value wg2 wg2 ==>   2.90936028119118281E-005  2.40764508324205215E-006
 B after wg2 wg2 ==>   58.080634086279709        5.0242690568582828     
 LTM d(wg2)/d(wg2)  0.83706682683113154     
 B before wg2 wg2 ==>    59.078955757453734        4.8890870708618541     
 Q value wg2 wg2 ==>   2.90936028119118281E-005  2.40764508324205215E-006
 B after wg2 wg2 ==>   56.517955906168162        4.8890894785069374     
 LTM d(wg2)/d(wg2)  0.83762735214981832     
 B before wg2 wg2 ==>    58.342438334677901        4.8281364707202208     
 Q value wg2 wg2 ==>   2.90936028119118281E-005  2.40764508324205215E-006
 B after wg2 wg2 ==>   55.813365952066661        4.8281388783653041     
 LTM d(wg2)/d(wg2)  0.83692093389928268     
 B before wg2 wg2 ==>    46.008766239133834        3.8074617481314368     
 Q value wg2 wg2 ==>   2.90936028119118281E-005  2.40764508324205215E-006
 B after wg2 wg2 ==>   44.014349137297714        3.8074641557765201     
 LTM d(wg2)/d(wg2)  0.83657264447677349     
 B before wg2 wg2 ==>    43.664458764788492        3.6134582621862648     
 Q value wg2 wg2 ==>   2.90936028119118281E-005  2.40764508324205215E-006
 B after wg2 wg2 ==>   41.771665604403850        3.6134606698313481     
 LTM d(wg2)/d(wg2)  0.83632620477463748     
 B before wg2 wg2 ==>    46.514852305688393        3.8493429698458721     
 Q value wg2 wg2 ==>   2.90936028119118281E-005  2.40764508324205215E-006
 B after wg2 wg2 ==>   44.498496758763572        3.8493453774909554     
 LTM d(wg2)/d(wg2)  0.83598463324743733     
 B before wg2 wg2 ==>    61.017655186677388        5.0495244075104253     
 Q value wg2 wg2 ==>   2.90936028119118281E-005  2.40764508324205215E-006
 B after wg2 wg2 ==>   58.372614193415565        5.0495268151555086     
 LTM d(wg2)/d(wg2)  0.83681854966937930     
 B before wg2 wg2 ==>    69.951561114363969        5.7888510154936377     
 Q value wg2 wg2 ==>   2.90936028119118281E-005  2.40764508324205215E-006
 B after wg2 wg2 ==>   66.919242111342882        5.7888534231387210     
 LTM d(wg2)/d(wg2)  0.83753526362597341     
 B before wg2 wg2 ==>    75.875343043030753        6.2790743998904732     
 Q value wg2 wg2 ==>   2.90936028119118281E-005  2.40764508324205215E-006
 B after wg2 wg2 ==>   72.586232610353761        6.2790768075355565     
 LTM d(wg2)/d(wg2)  0.99871062514656239     
 B before wg2 wg2 ==>    159.47671482264502        13.939192666724161     
 Q value wg2 wg2 ==>   3.07286077929626550E-005  2.68585909160881841E-006
 B after wg2 wg2 ==>   161.13733073777831        13.939195352583253     
 LTM d(wg2)/d(wg2)  0.96314360587485226     
 B before wg2 wg2 ==>    130.96946297526736        11.447493007991282     
 Q value wg2 wg2 ==>   3.07286077929626550E-005  2.68585909160881841E-006
 B after wg2 wg2 ==>   132.33324112911657        11.447495693850374     
 LTM d(wg2)/d(wg2)  0.91502902132190300     
 B before wg2 wg2 ==>    66.021522254804168        5.6032577406000854     
 Q value wg2 wg2 ==>   2.98371687315400340E-005  2.53228554784537707E-006
 B after wg2 wg2 ==>   64.773782199307448        5.6032602728856329     
 LTM d(wg2)/d(wg2)  0.83343425251236092     
 B before wg2 wg2 ==>    53.010790047607706        4.3869151868892367     
 Q value wg2 wg2 ==>   2.90936028119118281E-005  2.40764508324205215E-006
 B after wg2 wg2 ==>   50.712840552797864        4.3869175945343200     
 LTM d(wg2)/d(wg2)  0.81675693027906671     
 B before wg2 wg2 ==>    58.206136123190213        4.7702081658147568     
 Q value wg2 wg2 ==>   2.88118473410588964E-005  2.36123746760386208E-006
 B after wg2 wg2 ==>   55.143713244824845        4.7702105270522246     
 LTM d(wg2)/d(wg2)  0.79779277533972837     
 B before wg2 wg2 ==>    56.361859070067105        4.5683458854972390     
 Q value wg2 wg2 ==>   2.84954954799046985E-005  2.30966972485765470E-006
 B after wg2 wg2 ==>   52.810181321802737        4.5683481951669638     
 LTM d(wg2)/d(wg2)  0.90139788296607903     
 B before wg2 wg2 ==>    48.731530024892741        4.1524279993393636     
 Q value wg2 wg2 ==>   2.99567439760672274E-005  2.55262296077550968E-006
 B after wg2 wg2 ==>   48.002166430159591        4.1524305519623246     
 LTM d(wg2)/d(wg2)  0.80883058442359645     
 B before wg2 wg2 ==>    52.623032001337975        4.2652995428494416     
 Q value wg2 wg2 ==>   2.84954954799046985E-005  2.30966972485765470E-006
 B after wg2 wg2 ==>   49.306960546934803        4.2653018525191664     
 LTM d(wg2)/d(wg2)  0.81823123533722231     
 B before wg2 wg2 ==>    54.134399502001386        4.3878017033006529     
 Q value wg2 wg2 ==>   2.84954954799046985E-005  2.30966972485765470E-006
 B after wg2 wg2 ==>   50.723087564701366        4.3878040129703777     
 LTM d(wg2)/d(wg2)  0.81008362246983645     
 B before wg2 wg2 ==>    55.917566796631810        4.5323342845175212     
 Q value wg2 wg2 ==>   2.84954954799046985E-005  2.30966972485765470E-006
 B after wg2 wg2 ==>   52.393886613917012        4.5323365941872460     
 LTM d(wg2)/d(wg2)  0.80728386640664362     
 B before wg2 wg2 ==>    68.434264366153542        5.5468608594953439     
 Q value wg2 wg2 ==>   2.84954954799046985E-005  2.30966972485765470E-006
 B after wg2 wg2 ==>   64.121830739771497        5.5468631691650687     
 LTM d(wg2)/d(wg2)  0.80325434378932981     
 B before wg2 wg2 ==>    49.896044128136303        4.0442666664346554     
 Q value wg2 wg2 ==>   2.84954954799046985E-005  2.30966972485765470E-006
 B after wg2 wg2 ==>   46.751816809447021        4.0442689761043802     
 LTM d(wg2)/d(wg2)  0.80667532002024367     
 B before wg2 wg2 ==>    53.394318274111804        4.3278152676481305     
 Q value wg2 wg2 ==>   2.84954954799046985E-005  2.30966972485765470E-006
 B after wg2 wg2 ==>   50.029643368173218        4.3278175773178553     
 LTM d(wg2)/d(wg2)  0.83093550207834699     
 B before wg2 wg2 ==>    82.480255689549494        6.6853425868314780     
 Q value wg2 wg2 ==>   2.84954954799046985E-005  2.30966972485765470E-006
 B after wg2 wg2 ==>   77.282698494069948        6.6853448965012028     
 LTM d(wg2)/d(wg2)  0.83974014019133592     
 B before wg2 wg2 ==>    85.027667305049775        6.8918201155068779     
 Q value wg2 wg2 ==>   2.84954954799046985E-005  2.30966972485765470E-006
 B after wg2 wg2 ==>   79.669582168953028        6.8918224251766027     
 LTM d(wg2)/d(wg2)  0.83002327503140272     
 B before wg2 wg2 ==>    69.749365406109916        5.6534548669326972     
 Q value wg2 wg2 ==>   2.84954954799046985E-005  2.30966972485765470E-006
 B after wg2 wg2 ==>   65.354059243399917        5.6534571766024220     
 LTM d(wg2)/d(wg2)  0.82463535392059351     
 B before wg2 wg2 ==>    55.580917855952571        4.5704776092941781     
 Q value wg2 wg2 ==>   2.89093558814880130E-005  2.37724688350585041E-006
 B after wg2 wg2 ==>   52.834824865638886        4.5704799865410619     
 LTM d(wg2)/d(wg2)  0.85529381432635965     
 B before wg2 wg2 ==>    57.170898517274516        4.7721448791180219     
 Q value wg2 wg2 ==>   2.93454751906339301E-005  2.44951300028902855E-006
 B after wg2 wg2 ==>   55.166102703375500        4.7721473286310223     
 LTM d(wg2)/d(wg2)  0.83717672412743116     
 B before wg2 wg2 ==>    58.758932854565614        4.8626035317263039     
 Q value wg2 wg2 ==>   2.90936028119118281E-005  2.40764508324205215E-006
 B after wg2 wg2 ==>   56.211805752099103        4.8626059393713872     
 LTM d(wg2)/d(wg2)  0.83764027708634714     
 B before wg2 wg2 ==>    55.192528956282402        4.5674652889287763     
 Q value wg2 wg2 ==>   2.90936028119118281E-005  2.40764508324205215E-006
 B after wg2 wg2 ==>   52.800002743382507        4.5674676965738596     
 LTM d(wg2)/d(wg2)  0.83741444820798983     
 B before wg2 wg2 ==>    51.927210284080779        4.2972433952303488     
 Q value wg2 wg2 ==>   2.90936028119118281E-005  2.40764508324205215E-006
 B after wg2 wg2 ==>   49.676233145777807        4.2972458028754321     
 LTM d(wg2)/d(wg2)  0.83713892709691928     
 B before wg2 wg2 ==>    38.210454909301738        3.1621114265420553     
 Q value wg2 wg2 ==>   2.90936028119118281E-005  2.40764508324205215E-006
 B after wg2 wg2 ==>   36.554088657311830        3.1621138341871387     
 LTM d(wg2)/d(wg2)  0.83603227115766443     
 B before wg2 wg2 ==>    33.598975080836233        2.7804877820847578     
 Q value wg2 wg2 ==>   2.90936028119118281E-005  2.40764508324205215E-006
 B after wg2 wg2 ==>   32.142512963103933        2.7804901897298411     
 LTM d(wg2)/d(wg2)  0.83588656428084118     
 B before wg2 wg2 ==>    39.553652474429128        3.2732679249107473     
 Q value wg2 wg2 ==>   2.90936028119118281E-005  2.40764508324205215E-006
 B after wg2 wg2 ==>   37.839059632194520        3.2732703325558306     
 LTM d(wg2)/d(wg2)  0.83563235227850940     
 B before wg2 wg2 ==>    41.662619452690727        3.4477957758874043     
 Q value wg2 wg2 ==>   2.90936028119118281E-005  2.40764508324205215E-006
 B after wg2 wg2 ==>   39.856604500060044        3.4477981835324876     
 LTM d(wg2)/d(wg2)  0.83529156147902839     
 B before wg2 wg2 ==>    46.873575516020146        3.8790291582214977     
 Q value wg2 wg2 ==>   2.90936028119118281E-005  2.40764508324205215E-006
 B after wg2 wg2 ==>   44.841669591458015        3.8790315658665810     
 LTM d(wg2)/d(wg2)  0.83704196436373701     
 B before wg2 wg2 ==>    51.147952332266740        4.2327557967575267     
 Q value wg2 wg2 ==>   2.90936028119118281E-005  2.40764508324205215E-006
 B after wg2 wg2 ==>   48.930755431981765        4.2327582044026100     
 LTM d(wg2)/d(wg2)  0.99997685733185715     
 B before wg2 wg2 ==>    243.43385354686623        21.277535030531311     
 Q value wg2 wg2 ==>   3.07286077929626550E-005  2.68585909160881841E-006
 B after wg2 wg2 ==>   245.96869084384795        21.277537716390402     
 LTM d(wg2)/d(wg2)  0.96560947902741068     
 B before wg2 wg2 ==>    108.15077949392754        9.4530073189606050     
 Q value wg2 wg2 ==>   3.07286077929626550E-005  2.68585909160881841E-006
 B after wg2 wg2 ==>   109.27695330217672        9.4530100048196974     
 LTM d(wg2)/d(wg2)  0.96726425969962015     
 B before wg2 wg2 ==>    92.183653319393017        8.0573875990017942     
 Q value wg2 wg2 ==>   3.07286077929626550E-005  2.68585909160881841E-006
 B after wg2 wg2 ==>   93.143566064907546        8.0573902848608867     
 LTM d(wg2)/d(wg2)  0.85403356339651548     
 B before wg2 wg2 ==>    107.20367944468080        8.8716551672577708     
 Q value wg2 wg2 ==>   2.90936028119118281E-005  2.40764508324205215E-006
 B after wg2 wg2 ==>   102.55650951720881        8.8716575749028532     
 LTM d(wg2)/d(wg2)  0.85003985102678581     
 B before wg2 wg2 ==>    110.06710696181078        9.1086185034044824     
 Q value wg2 wg2 ==>   2.90936028119118281E-005  2.40764508324205215E-006
 B after wg2 wg2 ==>   105.29580963486760        9.1086209110495648     
 LTM d(wg2)/d(wg2)  0.81528135001192248     
 B before wg2 wg2 ==>    63.648803911054216        5.1979072536684496     
 Q value wg2 wg2 ==>   2.87105044648049116E-005  2.34465583395152415E-006
 B after wg2 wg2 ==>   60.087921641404513        5.1979095983242836     
 LTM d(wg2)/d(wg2)  0.80173564520924412     
 B before wg2 wg2 ==>    68.939630567642567        5.5878227377111003     
 Q value wg2 wg2 ==>   2.84954954799046985E-005  2.30966972485765470E-006
 B after wg2 wg2 ==>   64.595350735060876        5.5878250473808251     
 LTM d(wg2)/d(wg2)  0.80119510068662769     
 B before wg2 wg2 ==>    56.841261833597230        4.6072033270082828     
 Q value wg2 wg2 ==>   2.84954954799046985E-005  2.30966972485765470E-006
 B after wg2 wg2 ==>   53.259373993690254        4.6072056366780076     
 LTM d(wg2)/d(wg2)  0.80253317016697079     
 B before wg2 wg2 ==>    54.746295837928244        4.4373982594594414     
 Q value wg2 wg2 ==>   2.84954954799046985E-005  2.30966972485765470E-006
 B after wg2 wg2 ==>   51.296424581011451        4.4374005691291663     
 LTM d(wg2)/d(wg2)  0.80339472552847147     
 B before wg2 wg2 ==>    61.642415575754214        4.9963553405420411     
 Q value wg2 wg2 ==>   2.84954954799046985E-005  2.30966972485765470E-006
 B after wg2 wg2 ==>   57.757977759971538        4.9963576502117659     
 LTM d(wg2)/d(wg2)  0.81509819799040595     
 B before wg2 wg2 ==>    127.60401568825603        10.342797233101905     
 Q value wg2 wg2 ==>   2.84954954799046985E-005  2.30966972485765470E-006
 B after wg2 wg2 ==>   119.56293519979064        10.342799542771630     
 LTM d(wg2)/d(wg2)  0.81490773056797061     
 B before wg2 wg2 ==>    121.12966994871474        9.8180265600169214     
 Q value wg2 wg2 ==>   2.84954954799046985E-005  2.30966972485765470E-006
 B after wg2 wg2 ==>   113.49657746740471        9.8180288696866462     
 LTM d(wg2)/d(wg2)  0.81289782655854592     
 B before wg2 wg2 ==>    72.495967027458121        5.8760775132224090     
 Q value wg2 wg2 ==>   2.84954954799046985E-005  2.30966972485765470E-006
 B after wg2 wg2 ==>   67.927580747154209        5.8760798228921338     
 LTM d(wg2)/d(wg2)  0.80014620140954584     
 B before wg2 wg2 ==>    53.330205908613088        4.3226187133476159     
 Q value wg2 wg2 ==>   2.84954954799046985E-005  2.30966972485765470E-006
 B after wg2 wg2 ==>   49.969571113797095        4.3226210230173407     
 LTM d(wg2)/d(wg2)  0.79937355637110952     
 B before wg2 wg2 ==>    33.710774974232486        2.7323882265666168     
 Q value wg2 wg2 ==>   2.84954954799046985E-005  2.30966972485765470E-006
 B after wg2 wg2 ==>   31.586480166568219        2.7323905362363416     
 LTM d(wg2)/d(wg2)  0.80985594825926377     
 B before wg2 wg2 ==>    104.95106039626364        8.5066879065114627     
 Q value wg2 wg2 ==>   2.84954954799046985E-005  2.30966972485765470E-006
 B after wg2 wg2 ==>   98.337480763879256        8.5066902161811875     
 LTM d(wg2)/d(wg2)  0.83087161889107319     
 B before wg2 wg2 ==>    47.955029657157546        3.9091518745208305     
 Q value wg2 wg2 ==>   2.86583329363264429E-005  2.33614235502743622E-006
 B after wg2 wg2 ==>   45.189887867657689        3.9091542106631856     
 LTM d(wg2)/d(wg2)  0.84320063978668325     
 B before wg2 wg2 ==>    65.726114651189164        5.4391736150240044     
 Q value wg2 wg2 ==>   2.90936028119118281E-005  2.40764508324205215E-006
 B after wg2 wg2 ==>   62.876965530395211        5.4391760226690877     
 LTM d(wg2)/d(wg2)  0.84515451745465708     
 B before wg2 wg2 ==>    61.383342372310267        5.0949900016006033     
 Q value wg2 wg2 ==>   2.91806759490782810E-005  2.42207814782610668E-006
 B after wg2 wg2 ==>   58.898197386167539        5.0949924236787512     
 LTM d(wg2)/d(wg2)  0.85502816108277901     
 B before wg2 wg2 ==>    60.202959043763698        5.0252357433500956     
 Q value wg2 wg2 ==>   2.93454751906339267E-005  2.44951300028902770E-006
 B after wg2 wg2 ==>   58.091837314657489        5.0252381928630960     
 LTM d(wg2)/d(wg2)  0.83696828992480010     
 B before wg2 wg2 ==>    49.408600360777598        4.0888154862618942     
 Q value wg2 wg2 ==>   2.90936028119118281E-005  2.40764508324205215E-006
 B after wg2 wg2 ==>   47.266803042180811        4.0888178939069775     
 LTM d(wg2)/d(wg2)  0.83742926170904608     
 B before wg2 wg2 ==>    52.145608233437848        4.3153169474252806     
 Q value wg2 wg2 ==>   2.90936028119118281E-005  2.40764508324205215E-006
 B after wg2 wg2 ==>   49.885163710561201        4.3153193550703639     
 LTM d(wg2)/d(wg2)  0.83677960389628003     
 B before wg2 wg2 ==>    60.815299845755881        5.0327784635726065     
 Q value wg2 wg2 ==>   2.90936028119118281E-005  2.40764508324205215E-006
 B after wg2 wg2 ==>   58.179030802224730        5.0327808712176898     
 LTM d(wg2)/d(wg2)  0.83540240986826086     
 B before wg2 wg2 ==>    53.969236660878749        4.4662315675695705     
 Q value wg2 wg2 ==>   2.90936028119118281E-005  2.40764508324205215E-006
 B after wg2 wg2 ==>   51.629739236210170        4.4662339752146538     
 LTM d(wg2)/d(wg2)  0.83500257484935225     
 B before wg2 wg2 ==>    49.713521771830749        4.1140492993734403     
 Q value wg2 wg2 ==>   2.90936028119118281E-005  2.40764508324205215E-006
 B after wg2 wg2 ==>   47.558506342570887        4.1140517070185236     
 LTM d(wg2)/d(wg2)  0.83484919398416124     
 B before wg2 wg2 ==>    50.996474953422066        4.2202202655359189     
 Q value wg2 wg2 ==>   2.90936028119118281E-005  2.40764508324205215E-006
 B after wg2 wg2 ==>   48.785844482006766        4.2202226731810022     
 LTM d(wg2)/d(wg2)  0.83445228601807886     
 B before wg2 wg2 ==>    36.922113424512425        3.0554945506108364     
 Q value wg2 wg2 ==>   2.90936028119118281E-005  2.40764508324205215E-006
 B after wg2 wg2 ==>   35.321595793512941        3.0554969582559197     
 LTM d(wg2)/d(wg2)  0.83625221737539435     
 B before wg2 wg2 ==>    39.848490933772965        3.2976673219733623     
 Q value wg2 wg2 ==>   2.90936028119118281E-005  2.40764508324205215E-006
 B after wg2 wg2 ==>   38.121117069143516        3.2976697296184456     
 LTM d(wg2)/d(wg2)  0.96879279805519003     
 B before wg2 wg2 ==>    110.53900272680086        9.6617519235330658     
 Q value wg2 wg2 ==>   3.07286077929626550E-005  2.68585909160881841E-006
 B after wg2 wg2 ==>   111.69004441223751        9.6617546093921582     
 LTM d(wg2)/d(wg2)  0.95925495765195612     
 B before wg2 wg2 ==>    115.35025885777769        10.082283699932066     
 Q value wg2 wg2 ==>   3.07286077929626550E-005  2.68585909160881841E-006
 B after wg2 wg2 ==>   116.55139876055669        10.082286385791159     
 LTM d(wg2)/d(wg2)  0.94847543324399664     
 B before wg2 wg2 ==>    48.662398470765361        4.2023531543059089     
 Q value wg2 wg2 ==>   3.03599869147065250E-005  2.62180637997838615E-006
 B after wg2 wg2 ==>   48.579302853928816        4.2023557761122889     
 LTM d(wg2)/d(wg2)  0.85659869117242904     
 B before wg2 wg2 ==>    116.34621380177049        9.6282468494748024     
 Q value wg2 wg2 ==>   2.90936028119118281E-005  2.40764508324205215E-006
 B after wg2 wg2 ==>   111.30272198120619        9.6282492571198848     
 LTM d(wg2)/d(wg2)  0.85657756196195589     
 B before wg2 wg2 ==>    135.64573089787277        11.225381028619909     
 Q value wg2 wg2 ==>   2.90936028119118281E-005  2.40764508324205215E-006
 B after wg2 wg2 ==>   129.76561972729601        11.225383436264991     
 LTM d(wg2)/d(wg2)  0.81543195102344213     
 B before wg2 wg2 ==>    77.410304773703771        6.2744035264771449     
 Q value wg2 wg2 ==>   2.84954954799046985E-005  2.30966972485765470E-006
 B after wg2 wg2 ==>   72.532236103203431        6.2744058361468698     
 LTM d(wg2)/d(wg2)  0.80663057465716426     
 B before wg2 wg2 ==>    65.186954504764770        5.2836538807161686     
 Q value wg2 wg2 ==>   2.84954954799046985E-005  2.30966972485765470E-006
 B after wg2 wg2 ==>   61.079153675620056        5.2836561903858934     
 LTM d(wg2)/d(wg2)  0.80624955949607280     
 B before wg2 wg2 ==>    74.138434391709310        6.0092058228513112     
 Q value wg2 wg2 ==>   2.84954954799046985E-005  2.30966972485765470E-006
 B after wg2 wg2 ==>   69.466546226625596        6.0092081325210360     
 LTM d(wg2)/d(wg2)  0.80908235470138001     
 B before wg2 wg2 ==>    86.368724455913991        7.0005179657632191     
 Q value wg2 wg2 ==>   2.84954954799046985E-005  2.30966972485765470E-006
 B after wg2 wg2 ==>   80.926131130654426        7.0005202754329439     
 LTM d(wg2)/d(wg2)  0.80860244107477686     
 B before wg2 wg2 ==>    86.468898344498257        7.0086374454840588     
 Q value wg2 wg2 ==>   2.84954954799046985E-005  2.30966972485765470E-006
 B after wg2 wg2 ==>   81.019992451634707        7.0086397551537836     
 LTM d(wg2)/d(wg2)  0.81292515973426394     
 B before wg2 wg2 ==>    82.169622025735833        6.6601645312564148     
 Q value wg2 wg2 ==>   2.84954954799046985E-005  2.30966972485765470E-006
 B after wg2 wg2 ==>   76.991639751731483        6.6601668409261396     
 LTM d(wg2)/d(wg2)  0.81765212681484367     
 B before wg2 wg2 ==>    137.77490014785411        11.167186615203551     
 Q value wg2 wg2 ==>   2.84954954799046985E-005  2.30966972485765470E-006
 B after wg2 wg2 ==>   129.09289020510644        11.167188924873276     
 LTM d(wg2)/d(wg2)  0.80227253492701345     
 B before wg2 wg2 ==>    43.210701207963467        3.5023938587165460     
 Q value wg2 wg2 ==>   2.84954954799046985E-005  2.30966972485765470E-006
 B after wg2 wg2 ==>   40.487758115492362        3.5023961683862708     
 LTM d(wg2)/d(wg2)  0.80025168007800851     
 B before wg2 wg2 ==>    45.815736940859935        3.7135420441792770     
 Q value wg2 wg2 ==>   2.84954954799046985E-005  2.30966972485765470E-006
 B after wg2 wg2 ==>   42.928634660728839        3.7135443538490018     
 LTM d(wg2)/d(wg2)  0.80238178091397183     
 B before wg2 wg2 ==>    27.593212131410105        2.2365361822340217     
 Q value wg2 wg2 ==>   2.84954954799046985E-005  2.30966972485765470E-006
 B after wg2 wg2 ==>   25.854422264831619        2.2365384919037465     
 LTM d(wg2)/d(wg2)  0.81244531284301069     
 B before wg2 wg2 ==>    27.536680501738722        2.2319540757870242     
 Q value wg2 wg2 ==>   2.84954954799046985E-005  2.30966972485765470E-006
 B after wg2 wg2 ==>   25.801453037889214        2.2319563854567490     
 LTM d(wg2)/d(wg2)  0.82893763464871206     
 B before wg2 wg2 ==>    20.484741868657512        1.6872424154443724     
 Q value wg2 wg2 ==>   2.89567310871140741E-005  2.38504469404853643E-006
 B after wg2 wg2 ==>   19.504578031587613        1.6872448004890663     
 LTM d(wg2)/d(wg2)  0.84963966063315133     
 B before wg2 wg2 ==>    30.000872609337954        2.4901567766831487     
 Q value wg2 wg2 ==>   2.91806759490782810E-005  2.42207814782610668E-006
 B after wg2 wg2 ==>   28.786281865700218        2.4901591987612965     
 LTM d(wg2)/d(wg2)  0.84964884967488008     
 B before wg2 wg2 ==>    77.514352430406461        6.4147108461021816     
 Q value wg2 wg2 ==>   2.90936028119118281E-005  2.40764508324205215E-006
 B after wg2 wg2 ==>   74.154192190550219        6.4147132537472649     
 LTM d(wg2)/d(wg2)  0.84783467901216569     
 B before wg2 wg2 ==>    87.514517116479865        7.2639509754768037     
 Q value wg2 wg2 ==>   2.91806759490782810E-005  2.42207814782610668E-006
 B after wg2 wg2 ==>   83.971422415620367        7.2639533975549515     
 LTM d(wg2)/d(wg2)  0.85489648852637312     
 B before wg2 wg2 ==>    42.802655017925652        3.5728049803997872     
 Q value wg2 wg2 ==>   2.93454751906339301E-005  2.44951300028902855E-006
 B after wg2 wg2 ==>   41.301713472977177        3.5728074299127877     
 LTM d(wg2)/d(wg2)  0.84630899642571533     
 B before wg2 wg2 ==>    56.589691449296083        4.7039190652477156     
 Q value wg2 wg2 ==>   2.92230175500757331E-005  2.42911219123778632E-006
 B after wg2 wg2 ==>   54.377410921409179        4.7039214943599070     
 LTM d(wg2)/d(wg2)  0.83701622898252848     
 B before wg2 wg2 ==>    66.122182126270786        5.4719502331409577     
 Q value wg2 wg2 ==>   2.90936028119118281E-005  2.40764508324205215E-006
 B after wg2 wg2 ==>   63.255863782438041        5.4719526407860410     
 LTM d(wg2)/d(wg2)  0.83557390407363463     
 B before wg2 wg2 ==>    63.247879818935857        5.2340869522422153     
 Q value wg2 wg2 ==>   2.90936028119118281E-005  2.40764508324205215E-006
 B after wg2 wg2 ==>   60.506160288437542        5.2340893598872986     
 LTM d(wg2)/d(wg2)  0.83454112620608711     
 B before wg2 wg2 ==>    56.202163819187255        4.6510177602145726     
 Q value wg2 wg2 ==>   2.90936028119118281E-005  2.40764508324205215E-006
 B after wg2 wg2 ==>   53.765870704838619        4.6510201678596559     
 LTM d(wg2)/d(wg2)  0.83417416409658940     
 B before wg2 wg2 ==>    56.805482336818024        4.7009454667276991     
 Q value wg2 wg2 ==>   2.90936028119118281E-005  2.40764508324205215E-006
 B after wg2 wg2 ==>   54.343035824767398        4.7009478743727824     
 LTM d(wg2)/d(wg2)  0.83668581581541945     
 B before wg2 wg2 ==>    61.010867748192346        5.0489627121094820     
 Q value wg2 wg2 ==>   2.90936028119118281E-005  2.40764508324205215E-006
 B after wg2 wg2 ==>   58.366120985213350        5.0489651197545653     
 LTM d(wg2)/d(wg2)  0.83970886940442724     
 B before wg2 wg2 ==>    79.721479672654652        6.5973619631619336     
 Q value wg2 wg2 ==>   2.90936028119118281E-005  2.40764508324205215E-006
 B after wg2 wg2 ==>   76.265642149806837        6.5973643708070169     
 LTM d(wg2)/d(wg2)  0.96510697032146997     
 B before wg2 wg2 ==>    93.663515882716382        8.1867361964655512     
 Q value wg2 wg2 ==>   3.07286077929626550E-005  2.68585909160881841E-006
 B after wg2 wg2 ==>   94.638838008716164        8.1867388823246436     
 LTM d(wg2)/d(wg2)  0.96117801337448117     
 B before wg2 wg2 ==>    61.536036183578219        5.3786075620088427     
 Q value wg2 wg2 ==>   3.07286077929626550E-005  2.68585909160881841E-006
 B after wg2 wg2 ==>   62.176824163647339        5.3786102478679343     
 LTM d(wg2)/d(wg2)  0.96787242349826408     
 B before wg2 wg2 ==>    116.52141859173386        10.184649874161826     
 Q value wg2 wg2 ==>   3.07286077929626550E-005  2.68585909160881841E-006
 B after wg2 wg2 ==>   117.73475344179839        10.184652560020918     
 LTM d(wg2)/d(wg2)  0.83154157042727961     
 B before wg2 wg2 ==>    38.925721024996214        3.2213033718571391     
 Q value wg2 wg2 ==>   2.90936028119118281E-005  2.40764508324205215E-006
 B after wg2 wg2 ==>   37.238348532289585        3.2213057795022224     
 LTM d(wg2)/d(wg2)  0.93415202528305408     
 B before wg2 wg2 ==>    148.10112480719152        12.789612689634566     
 Q value wg2 wg2 ==>   3.03599869147065250E-005  2.62180637997838615E-006
 B after wg2 wg2 ==>   147.84816629079555        12.789615311440945     
 LTM d(wg2)/d(wg2)  0.92423701489876864     
 B before wg2 wg2 ==>    58.799841314238321        5.0378579938513059     
 Q value wg2 wg2 ==>   3.01212029042410758E-005  2.58072708095562267E-006
 B after wg2 wg2 ==>   58.237752257787861        5.0378605745783869     
 LTM d(wg2)/d(wg2)  0.82935119600112772     
 B before wg2 wg2 ==>    82.402215242934361        6.6790171078803073     
 Q value wg2 wg2 ==>   2.84954954799046985E-005  2.30966972485765470E-006
 B after wg2 wg2 ==>   77.209575851905328        6.6790194175500321     
 LTM d(wg2)/d(wg2)  0.82356451255430096     
 B before wg2 wg2 ==>    56.713717470375748        4.5968653648375026     
 Q value wg2 wg2 ==>   2.84954954799046985E-005  2.30966972485765470E-006
 B after wg2 wg2 ==>   53.139866978591357        4.5968676745072274     
 LTM d(wg2)/d(wg2)  0.82289621914033007     
 B before wg2 wg2 ==>    82.272728500631899        6.6685217083994539     
 Q value wg2 wg2 ==>   2.84954954799046985E-005  2.30966972485765470E-006
 B after wg2 wg2 ==>   77.088248858876426        6.6685240180691787     
 LTM d(wg2)/d(wg2)  0.82046974689278984     
 B before wg2 wg2 ==>    142.63507584409399        11.561122585575095     
 Q value wg2 wg2 ==>   2.84954954799046985E-005  2.30966972485765470E-006
 B after wg2 wg2 ==>   133.64679659221389        11.561124895244820     
 LTM d(wg2)/d(wg2)  0.81421349639576290     
 B before wg2 wg2 ==>    116.84654275767241        9.4708625948266540     
 Q value wg2 wg2 ==>   2.84954954799046985E-005  2.30966972485765470E-006
 B after wg2 wg2 ==>   109.48335624020270        9.4708649044963789     
 LTM d(wg2)/d(wg2)  0.80931449984632609     
 B before wg2 wg2 ==>    60.490882661838597        4.9030191600806896     
 Q value wg2 wg2 ==>   2.84954954799046985E-005  2.30966972485765470E-006
 B after wg2 wg2 ==>   56.679009957284528        4.9030214697504144     
 LTM d(wg2)/d(wg2)  0.81355557284324842     
 B before wg2 wg2 ==>    51.648136020110101        4.1862804665075215     
 Q value wg2 wg2 ==>   2.84954954799046985E-005  2.30966972485765470E-006
 B after wg2 wg2 ==>   48.393498706632663        4.1862827761772463     
 LTM d(wg2)/d(wg2)  0.84036724416073716     
 B before wg2 wg2 ==>    50.657860348760352        4.1060148070108280     
 Q value wg2 wg2 ==>   2.84954954799046985E-005  2.30966972485765470E-006
 B after wg2 wg2 ==>   47.465626344272259        4.1060171166805528     
 LTM d(wg2)/d(wg2)  0.79970386694465112     
 B before wg2 wg2 ==>    47.329000879107376        3.8361979182051837     
 Q value wg2 wg2 ==>   2.84954954799046985E-005  2.30966972485765470E-006
 B after wg2 wg2 ==>   44.346538609982339        3.8362002278749086     
 LTM d(wg2)/d(wg2)  0.80783381633800300     
 B before wg2 wg2 ==>    60.893628605039396        4.9356632708832588     
 Q value wg2 wg2 ==>   2.84954954799046985E-005  2.30966972485765470E-006
 B after wg2 wg2 ==>   57.056376422563275        4.9356655805529837     
 LTM d(wg2)/d(wg2)  0.83334601145005438     
 B before wg2 wg2 ==>    41.377392349239571        3.4080825552865890     
 Q value wg2 wg2 ==>   2.89567310871140741E-005  2.38504469404853643E-006
 B after wg2 wg2 ==>   39.397518746362188        3.4080849403312832     
 LTM d(wg2)/d(wg2)  0.85579512928563828     
 B before wg2 wg2 ==>    40.705350171144786        3.3977396439421041     
 Q value wg2 wg2 ==>   2.93454751906339301E-005  2.44951300028902855E-006
 B after wg2 wg2 ==>   39.277955263987423        3.3977420934551046     
 LTM d(wg2)/d(wg2)  0.84697393664228704     
 B before wg2 wg2 ==>    22.149733232760894        1.8384901342541533     
 Q value wg2 wg2 ==>   2.91806759490782810E-005  2.42207814782610668E-006
 B after wg2 wg2 ==>   21.253004611472040        1.8384925563323011     
 LTM d(wg2)/d(wg2)  0.84731447657187131     
 B before wg2 wg2 ==>    35.725891520432342        2.9565010431912033     
 Q value wg2 wg2 ==>   2.90936028119118281E-005  2.40764508324205215E-006
 B after wg2 wg2 ==>   34.177229196841779        2.9565034508362866     
 LTM d(wg2)/d(wg2)  0.85535369422755991     
 B before wg2 wg2 ==>    130.55754548730414        10.836643349538331     
 Q value wg2 wg2 ==>   2.91806759490782810E-005  2.42207814782610668E-006
 B after wg2 wg2 ==>   125.27180584103822        10.836645771616480     
 LTM d(wg2)/d(wg2)  0.86167512027797621     
 B before wg2 wg2 ==>    123.68387159004807        10.324087424646567     
 Q value wg2 wg2 ==>   2.93454751906339301E-005  2.44951300028902855E-006
 B after wg2 wg2 ==>   119.34665111861679        10.324089874159567     
 LTM d(wg2)/d(wg2)  0.85906150858453567     
 B before wg2 wg2 ==>    97.443664086226050        8.1337760054807120     
 Q value wg2 wg2 ==>   2.93454751906339267E-005  2.44951300028902770E-006
 B after wg2 wg2 ==>   94.026614585557311        8.1337784549937115     
 LTM d(wg2)/d(wg2)  0.83815767307795086     
 B before wg2 wg2 ==>    62.364314508295685        5.1609673840113928     
 Q value wg2 wg2 ==>   2.90936028119118281E-005  2.40764508324205215E-006
 B after wg2 wg2 ==>   59.660896860284922        5.1609697916564761     
 LTM d(wg2)/d(wg2)  0.83907677932022773     
 B before wg2 wg2 ==>    79.521753063069013        6.5808335602456545     
 Q value wg2 wg2 ==>   2.90936028119118281E-005  2.40764508324205215E-006
 B after wg2 wg2 ==>   76.074573536452903        6.5808359678907378     
 LTM d(wg2)/d(wg2)  0.83438237766230516     
 B before wg2 wg2 ==>    48.218858174529679        3.9903582087784519     
 Q value wg2 wg2 ==>   2.90936028119118281E-005  2.40764508324205215E-006
 B after wg2 wg2 ==>   46.128635272514650        3.9903606164235352     
 LTM d(wg2)/d(wg2)  0.84029780846402602     
 B before wg2 wg2 ==>    97.936366881444243        8.1047374475105141     
 Q value wg2 wg2 ==>   2.90936028119118281E-005  2.40764508324205215E-006
 B after wg2 wg2 ==>   93.690927887156221        8.1047398551555965     
 LTM d(wg2)/d(wg2)  0.84530511697959487     
 B before wg2 wg2 ==>    113.12096951870447        9.3613413173349631     
 Q value wg2 wg2 ==>   2.90936028119118281E-005  2.40764508324205215E-006
 B after wg2 wg2 ==>   108.21728957852524        9.3613437249800455     
 LTM d(wg2)/d(wg2)  0.83382309665094745     
 B before wg2 wg2 ==>    73.277510445707563        6.0640904076889202     
 Q value wg2 wg2 ==>   2.90936028119118281E-005  2.40764508324205215E-006
 B after wg2 wg2 ==>   70.101014075247306        6.0640928153340035     
 LTM d(wg2)/d(wg2)  0.96990903206789436     
 B before wg2 wg2 ==>    69.968611124528891        6.1156636702264100     
 Q value wg2 wg2 ==>   3.07286077929626550E-005  2.68585909160881841E-006
 B after wg2 wg2 ==>   70.697205066419002        6.1156663560855016     
 LTM d(wg2)/d(wg2)  0.96017143177096864     
 B before wg2 wg2 ==>    57.024420868427022        4.9842661361400289     
 Q value wg2 wg2 ==>   3.07286077929626550E-005  2.68585909160881841E-006
 B after wg2 wg2 ==>   57.618230704229745        4.9842688219991205     
 LTM d(wg2)/d(wg2)  0.96893949099686572     
 B before wg2 wg2 ==>    67.567255371643100        5.9057712070035056     
 Q value wg2 wg2 ==>   3.07286077929626550E-005  2.68585909160881841E-006
 B after wg2 wg2 ==>   68.270844691216411        5.9057738928625971     
 LTM d(wg2)/d(wg2)  0.84582491894255118     
 B before wg2 wg2 ==>    59.737722031905065        4.9436033640807553     
 Q value wg2 wg2 ==>   2.90936028119118281E-005  2.40764508324205215E-006
 B after wg2 wg2 ==>   57.148165164938881        4.9436057717258386     
 LTM d(wg2)/d(wg2)  0.92555039172829512     
 B before wg2 wg2 ==>    143.04866892964421        12.256136482165815     
 Q value wg2 wg2 ==>   3.01212029042410758E-005  2.58072708095562267E-006
 B after wg2 wg2 ==>   141.68117196087493        12.256139062892895     
 LTM d(wg2)/d(wg2)  0.93431824968354171     
 B before wg2 wg2 ==>    48.391915684518686        4.1665274360923465     
 Q value wg2 wg2 ==>   3.02694113475616320E-005  2.60618599346600623E-006
 B after wg2 wg2 ==>   48.165156773347860        4.1665300422783398     
 LTM d(wg2)/d(wg2)  0.89891777015941698     
 B before wg2 wg2 ==>    135.71539232091325        11.415547583095400     
 Q value wg2 wg2 ==>   2.95712842777049175E-005  2.48735531756896147E-006
 B after wg2 wg2 ==>   131.96394918986405        11.415550070450717     
 LTM d(wg2)/d(wg2)  0.95669552390339929     
 B before wg2 wg2 ==>    116.41248123025603        10.175128115001357     
 Q value wg2 wg2 ==>   3.07286077929626550E-005  2.68585909160881841E-006
 B after wg2 wg2 ==>   117.62468174711039        10.175130800860449     
 LTM d(wg2)/d(wg2)  0.83004554336656111     
 B before wg2 wg2 ==>    132.11453622670507        10.708392305430131     
 Q value wg2 wg2 ==>   2.84954954799046985E-005  2.30966972485765470E-006
 B after wg2 wg2 ==>   123.78922033288032        10.708394615099856     
 LTM d(wg2)/d(wg2)  0.85526398732384812     
 B before wg2 wg2 ==>    131.86324439210316        10.912360840060899     
 Q value wg2 wg2 ==>   2.90936028119118349E-005  2.40764508324205300E-006
 B after wg2 wg2 ==>   126.14710112736209        10.912363247705981     
 LTM d(wg2)/d(wg2)  0.86454612953785648     
 B before wg2 wg2 ==>    131.17778917093133        10.949616519616779     
 Q value wg2 wg2 ==>   2.93454751906339301E-005  2.44951300028902855E-006
 B after wg2 wg2 ==>   126.57777788832938        10.949618969129778     
 LTM d(wg2)/d(wg2)  0.85433724381681020     
 B before wg2 wg2 ==>    80.841031874877245        6.7050968563643583     
 Q value wg2 wg2 ==>   2.91592098578612317E-005  2.41851596667674069E-006
 B after wg2 wg2 ==>   77.511059437573479        6.7050992748803253     
 LTM d(wg2)/d(wg2)  0.86654103491877832     
 B before wg2 wg2 ==>    42.172201262815342        3.5201800132049597     
 Q value wg2 wg2 ==>   2.93454751906339301E-005  2.44951300028902855E-006
 B after wg2 wg2 ==>   40.693367974586110        3.5201824627179601     
 LTM d(wg2)/d(wg2)  0.86448144969840246     
 B before wg2 wg2 ==>    53.418915331856915        4.4589609374764985     
 Q value wg2 wg2 ==>   2.93454751906339267E-005  2.44951300028902770E-006
 B after wg2 wg2 ==>   51.545691115076842        4.4589633869894989     
 LTM d(wg2)/d(wg2)  0.81187331093735238     
 B before wg2 wg2 ==>    65.176746680523976        5.2828264972224419     
 Q value wg2 wg2 ==>   2.84954954799046985E-005  2.30966972485765470E-006
 B after wg2 wg2 ==>   61.069589108634425        5.2828288068921667     
 LTM d(wg2)/d(wg2)  0.83270690172445039     
 B before wg2 wg2 ==>    114.37655940067997        9.3735821336119365     
 Q value wg2 wg2 ==>   2.88118473410588964E-005  2.36123746760386208E-006
 B after wg2 wg2 ==>   108.35879308235253        9.3735844948494034     
 LTM d(wg2)/d(wg2)  0.87304432522473441     
 B before wg2 wg2 ==>    56.163549069005164        4.6880598352282812     
 Q value wg2 wg2 ==>   2.93454751906339301E-005  2.44951300028902855E-006
 B after wg2 wg2 ==>   54.194078193736161        4.6880622847412816     
 LTM d(wg2)/d(wg2)  0.85575407369664147     
 B before wg2 wg2 ==>    54.466600512499475        4.5208809802045105     
 Q value wg2 wg2 ==>   2.91806759490782810E-005  2.42207814782610668E-006
 B after wg2 wg2 ==>   52.261487524496779        4.5208834022826583     
 LTM d(wg2)/d(wg2)  0.84135582529991915     
 B before wg2 wg2 ==>    49.073275822822410        4.0610656582217697     
 Q value wg2 wg2 ==>   2.90936028119118281E-005  2.40764508324205215E-006
 B after wg2 wg2 ==>   46.946014567257166        4.0610680658668530     
 LTM d(wg2)/d(wg2)  0.84215967585650753     
 B before wg2 wg2 ==>    45.229600162557766        3.7429817528065095     
 Q value wg2 wg2 ==>   2.90936028119118281E-005  2.40764508324205215E-006
 B after wg2 wg2 ==>   43.268959316018126        3.7429841604515928     
 LTM d(wg2)/d(wg2)  0.84579281109915871     
 B before wg2 wg2 ==>    63.541702868550580        5.2584023189337010     
 Q value wg2 wg2 ==>   2.90936028119118281E-005  2.40764508324205215E-006
 B after wg2 wg2 ==>   60.787246332894924        5.2584047265787843     
 LTM d(wg2)/d(wg2)  0.85603831192756163     
 B before wg2 wg2 ==>    21.745965463832135        1.8151699627100963     
 Q value wg2 wg2 ==>   2.93454751906339301E-005  2.44951300028902855E-006
 B after wg2 wg2 ==>   20.983423356663014        1.8151724122230966     
 LTM d(wg2)/d(wg2)  0.85687931955308660     
 B before wg2 wg2 ==>    48.490985987255335        4.0476189191349450     
 Q value wg2 wg2 ==>   2.93454751906339301E-005  2.44951300028902855E-006
 B after wg2 wg2 ==>   46.790570523157996        4.0476213686479454     
 LTM d(wg2)/d(wg2)  0.84873372377361966     
 B before wg2 wg2 ==>    46.016574705072486        3.8304882701673320     
 Q value wg2 wg2 ==>   2.92645865345613878E-005  2.43602780455489945E-006
 B after wg2 wg2 ==>   44.280536444147316        3.8304907061951363     
 LTM d(wg2)/d(wg2)  0.83974505918674502     
 B before wg2 wg2 ==>    79.165787070830319        6.5513755458307479     
 Q value wg2 wg2 ==>   2.90936028119118281E-005  2.40764508324205215E-006
 B after wg2 wg2 ==>   75.734038398549600        6.5513779534758312     
 LTM d(wg2)/d(wg2)  0.84381681536336262     
 B before wg2 wg2 ==>    136.61264736068301        11.305398332858273     
 Q value wg2 wg2 ==>   2.90936028119118281E-005  2.40764508324205215E-006
 B after wg2 wg2 ==>   130.69062109872834        11.305400740503355     
 LTM d(wg2)/d(wg2)  0.83630440618907020     
 B before wg2 wg2 ==>    60.653400654241558        5.0193804738169092     
 Q value wg2 wg2 ==>   2.90936028119118281E-005  2.40764508324205215E-006
 B after wg2 wg2 ==>   58.024149817212560        5.0193828814619925     
 LTM d(wg2)/d(wg2)  0.83934307561523425     
 B before wg2 wg2 ==>    63.817253763588369        5.2812055709719479     
 Q value wg2 wg2 ==>   2.90936028119118281E-005  2.40764508324205215E-006
 B after wg2 wg2 ==>   61.050852306743543        5.2812079786170312     
 LTM d(wg2)/d(wg2)  0.84269729296603890     
 B before wg2 wg2 ==>    61.915476751154031        5.1238237539789839     
 Q value wg2 wg2 ==>   2.90936028119118281E-005  2.40764508324205215E-006
 B after wg2 wg2 ==>   59.231515877671406        5.1238261616240672     
 LTM d(wg2)/d(wg2)   1.0000000000000000     
 B before wg2 wg2 ==>    93.829904169858665        8.2012795007626185     
 Q value wg2 wg2 ==>   3.07286077929626550E-005  2.68585909160881841E-006
 B after wg2 wg2 ==>   94.806958848926811        8.2012821866217109     
 LTM d(wg2)/d(wg2)  0.99781470367955560     
 B before wg2 wg2 ==>    85.363313748154241        7.4612502416345592     
 Q value wg2 wg2 ==>   3.07286077929626617E-005  2.68585909160882010E-006
 B after wg2 wg2 ==>   86.252208272047042        7.4612529274936508     
 LTM d(wg2)/d(wg2)  0.96338284372378891     
 B before wg2 wg2 ==>    47.630479613581919        4.1631810191259371     
 Q value wg2 wg2 ==>   3.07286077929626550E-005  2.68585909160881841E-006
 B after wg2 wg2 ==>   48.126473058430804        4.1631837049850287     
 LTM d(wg2)/d(wg2)  0.96644270104490637     
 B before wg2 wg2 ==>    47.634660684888608        4.1635464690824531     
 Q value wg2 wg2 ==>   3.07286077929626550E-005  2.68585909160881841E-006
 B after wg2 wg2 ==>   48.130697666022684        4.1635491549415446     
 LTM d(wg2)/d(wg2)  0.83171754412760857     
 B before wg2 wg2 ==>    42.419125386016916        3.5104005279558042     
 Q value wg2 wg2 ==>   2.90936028119118281E-005  2.40764508324205215E-006
 B after wg2 wg2 ==>   40.580316478021011        3.5104029356008875     
 LTM d(wg2)/d(wg2)  0.85622692206124651     
 B before wg2 wg2 ==>    55.919067586183488        4.6275900927000908     
 Q value wg2 wg2 ==>   2.90936028119118281E-005  2.40764508324205215E-006
 B after wg2 wg2 ==>   53.495046477671437        4.6275925003451741     
 LTM d(wg2)/d(wg2)  0.95725123330811324     
 B before wg2 wg2 ==>    139.68323359767481        12.209127254686530     
 Q value wg2 wg2 ==>   3.07286077929626550E-005  2.68585909160881841E-006
 B after wg2 wg2 ==>   141.13774572257623        12.209129940545623     
 LTM d(wg2)/d(wg2)  0.95502739296584371     
 B before wg2 wg2 ==>    98.403026821750174        8.6009970256951345     
 Q value wg2 wg2 ==>   3.07286077929626550E-005  2.68585909160881841E-006
 B after wg2 wg2 ==>   99.427700103177216        8.6009997115542269     
 LTM d(wg2)/d(wg2)  0.94100503361323840     
 B before wg2 wg2 ==>    149.23699851043534        12.905948129403425     
 Q value wg2 wg2 ==>   3.04029659838416442E-005  2.62923474663717567E-006
 B after wg2 wg2 ==>   149.19300600050465        12.905950758638172     
 LTM d(wg2)/d(wg2)  0.95508631180422909     
 B before wg2 wg2 ==>    159.28119217987506        13.922102850249646     
 Q value wg2 wg2 ==>   3.07286077929626550E-005  2.68585909160881841E-006
 B after wg2 wg2 ==>   160.93977217432854        13.922105536108738     
 LTM d(wg2)/d(wg2)  0.92612973662101994     
 B before wg2 wg2 ==>    150.19431743784091        12.900843526095446     
 Q value wg2 wg2 ==>   3.01972330212823327E-005  2.59377175364728646E-006
 B after wg2 wg2 ==>   149.13399629118291        12.900846119867200     
 LTM d(wg2)/d(wg2)  0.87100359673606664     
 B before wg2 wg2 ==>    159.90065501100952        13.347159337505264     
 Q value wg2 wg2 ==>   2.93454751906339267E-005  2.44951300028902770E-006
 B after wg2 wg2 ==>   154.29341284659012        13.347161787018264     
 LTM d(wg2)/d(wg2)  0.87104209584089098     
 B before wg2 wg2 ==>    170.84998099137323        14.261116809963013     
 Q value wg2 wg2 ==>   2.93454751906339301E-005  2.44951300028902855E-006
 B after wg2 wg2 ==>   164.85877647013638        14.261119259476013     
 LTM d(wg2)/d(wg2)  0.86295993803474291     
 B before wg2 wg2 ==>    62.471988238685348        5.2146351814198484     
 Q value wg2 wg2 ==>   2.93454751906339267E-005  2.44951300028902770E-006
 B after wg2 wg2 ==>   60.281297977330475        5.2146376309328488     
 LTM d(wg2)/d(wg2)  0.85893299182359473     
 B before wg2 wg2 ==>    35.085816511517500        2.9286683249262113     
 Q value wg2 wg2 ==>   2.93454751906339301E-005  2.44951300028902855E-006
 B after wg2 wg2 ==>   33.855482993530131        2.9286707744392118     
 LTM d(wg2)/d(wg2)  0.85907301609378806     
 B before wg2 wg2 ==>    34.314496235315950        2.8642850075095203     
 Q value wg2 wg2 ==>   2.93454751906339301E-005  2.44951300028902855E-006
 B after wg2 wg2 ==>   33.111210770482046        2.8642874570225207     
 LTM d(wg2)/d(wg2)  0.85879315610318541     
 B before wg2 wg2 ==>    117.60367089734183        9.7323078835486090     
 Q value wg2 wg2 ==>   2.90936028119118281E-005  2.40764508324205215E-006
 B after wg2 wg2 ==>   112.50566927050998        9.7323102911936914     
 LTM d(wg2)/d(wg2)  0.84726079343496230     
 B before wg2 wg2 ==>    162.10192285954165        13.414766815922279     
 Q value wg2 wg2 ==>   2.90936028119118349E-005  2.40764508324205300E-006
 B after wg2 wg2 ==>   155.07495594057698        13.414769223567362     
 LTM d(wg2)/d(wg2)  0.85863362089905126     
 B before wg2 wg2 ==>    71.959234364638107        5.9814854221591673     
 Q value wg2 wg2 ==>   2.92230175500757331E-005  2.42911219123778632E-006
 B after wg2 wg2 ==>   69.146099313092265        5.9814878512713587     
 LTM d(wg2)/d(wg2)  0.84556819471333133     
 B before wg2 wg2 ==>    56.207539264045458        4.6514626058896429     
 Q value wg2 wg2 ==>   2.90936028119118281E-005  2.40764508324205215E-006
 B after wg2 wg2 ==>   53.771013128261060        4.6514650135347262     
 LTM d(wg2)/d(wg2)  0.84263713427044029     
 B before wg2 wg2 ==>    51.043463838073286        4.2241088371174085     
 Q value wg2 wg2 ==>   2.90936028119118281E-005  2.40764508324205215E-006
 B after wg2 wg2 ==>   48.830796434337920        4.2241112447624918     
 LTM d(wg2)/d(wg2)  0.84169380465588195     
 B before wg2 wg2 ==>    50.248427317718793        4.1583154810451362     
 Q value wg2 wg2 ==>   2.90936028119118281E-005  2.40764508324205215E-006
 B after wg2 wg2 ==>   48.070224140916309        4.1583178886902195     
 LTM d(wg2)/d(wg2)  0.84789747224051792     
 B before wg2 wg2 ==>    50.993873131258347        4.2200049513866045     
 Q value wg2 wg2 ==>   2.90936028119118281E-005  2.40764508324205215E-006
 B after wg2 wg2 ==>   48.783355446849924        4.2200073590316878     
 LTM d(wg2)/d(wg2)  0.83423646050616984     
 B before wg2 wg2 ==>    39.072144203798850        3.2334206420624123     
 Q value wg2 wg2 ==>   2.90936028119118281E-005  2.40764508324205215E-006
 B after wg2 wg2 ==>   37.378424377940476        3.2334230497074956     
 LTM d(wg2)/d(wg2)  0.83504550633193630     
 B before wg2 wg2 ==>    18.262157111373547        1.5112873116075607     
 Q value wg2 wg2 ==>   2.90936028119118281E-005  2.40764508324205215E-006
 B after wg2 wg2 ==>   17.470534358117494        1.5112897192526440     
 LTM d(wg2)/d(wg2)  0.84094773522861010     
 B before wg2 wg2 ==>    18.095091464647471        1.5019434675166157     
 Q value wg2 wg2 ==>   2.91806759490782810E-005  2.42207814782610668E-006
 B after wg2 wg2 ==>   17.362519531446718        1.5019458895947635     
 LTM d(wg2)/d(wg2)  0.83491557937213534     
 B before wg2 wg2 ==>    35.981777578638813        2.9776769289656100     
 Q value wg2 wg2 ==>   2.90936028119118281E-005  2.40764508324205215E-006
 B after wg2 wg2 ==>   34.422022789541060        2.9776793366106933     
 LTM d(wg2)/d(wg2)  0.83622494208854514     
 B before wg2 wg2 ==>    58.268974749756865        4.8220569816938550     
 Q value wg2 wg2 ==>   2.90936028119118281E-005  2.40764508324205215E-006
 B after wg2 wg2 ==>   55.743086957535127        4.8220593893389383     
 LTM d(wg2)/d(wg2)  0.83770001047501197     
 B before wg2 wg2 ==>    51.684133445617512        4.2771275381892098     
 Q value wg2 wg2 ==>   2.90936028119118281E-005  2.40764508324205215E-006
 B after wg2 wg2 ==>   49.443693502913042        4.2771299458342931     
 LTM d(wg2)/d(wg2)  0.84059707202499345     
 B before wg2 wg2 ==>    75.292842564996647        6.2308694930938913     
 Q value wg2 wg2 ==>   2.90936028119118281E-005  2.40764508324205215E-006
 B after wg2 wg2 ==>   72.028983083879112        6.2308719007389746     
 LTM d(wg2)/d(wg2)  0.83806201432274108     
 B before wg2 wg2 ==>    66.585438410265695        5.5102870703368190     
 Q value wg2 wg2 ==>   2.90936028119118281E-005  2.40764508324205215E-006
 B after wg2 wg2 ==>   63.699038259760009        5.5102894779819023     
 LTM d(wg2)/d(wg2)  0.99717849218434329     
 B before wg2 wg2 ==>    66.258399243213802        5.7913695668174245     
 Q value wg2 wg2 ==>   3.07286077929626550E-005  2.68585909160881841E-006
 B after wg2 wg2 ==>   66.948359822805941        5.7913722526765161     
 LTM d(wg2)/d(wg2)  0.96952159192877230     
 B before wg2 wg2 ==>    36.862791866897958        3.2220224666496597     
 Q value wg2 wg2 ==>   3.07286077929626550E-005  2.68585909160881841E-006
 B after wg2 wg2 ==>   37.246664496241934        3.2220251525087513     
 LTM d(wg2)/d(wg2)  0.97197240015779562     
 B before wg2 wg2 ==>    38.417872252167633        3.3579455393479170     
 Q value wg2 wg2 ==>   3.07286077929626550E-005  2.68585909160881841E-006
 B after wg2 wg2 ==>   38.817937483402929        3.3579482252070085     
 LTM d(wg2)/d(wg2)  0.93591817928725973     
 B before wg2 wg2 ==>    44.788528517090278        3.8373954993654440     
 Q value wg2 wg2 ==>   3.01212029042410758E-005  2.58072708095562267E-006
 B after wg2 wg2 ==>   44.360385801594390        3.8373980800925249     
 LTM d(wg2)/d(wg2)  0.89267759873336772     
 B before wg2 wg2 ==>    52.403721425513552        4.4475126850379878     
 Q value wg2 wg2 ==>   2.98371687315400340E-005  2.53228554784537707E-006
 B after wg2 wg2 ==>   51.413350082818859        4.4475152173235353     
 LTM d(wg2)/d(wg2)  0.86405588803990463     
 B before wg2 wg2 ==>    54.542371359334759        4.5136614079951105     
 Q value wg2 wg2 ==>   2.90936028119118281E-005  2.40764508324205215E-006
 B after wg2 wg2 ==>   52.178028982509900        4.5136638156401938     
 LTM d(wg2)/d(wg2)  0.95505844296738429     
 B before wg2 wg2 ==>    98.778851758426200        8.6338463116056978     
 Q value wg2 wg2 ==>   3.07286077929626550E-005  2.68585909160881841E-006
 B after wg2 wg2 ==>   99.807438396126045        8.6338489974647903     
 LTM d(wg2)/d(wg2)  0.94982879613641724     
 B before wg2 wg2 ==>    136.24846423551097        11.908908429899423     
 Q value wg2 wg2 ==>   3.07286077929626550E-005  2.68585909160881841E-006
 B after wg2 wg2 ==>   137.66721110133199        11.908911115758515     
 LTM d(wg2)/d(wg2)  0.95027261988798417     
 B before wg2 wg2 ==>    148.84583834298752        13.009992214915943     
 Q value wg2 wg2 ==>   3.07286077929626550E-005  2.68585909160881841E-006
 B after wg2 wg2 ==>   150.39575801873571        13.009994900775036     
 LTM d(wg2)/d(wg2)  0.94842168779198521     
 B before wg2 wg2 ==>    162.59561060535881        14.211802303002598     
 Q value wg2 wg2 ==>   3.07286077929626550E-005  2.68585909160881841E-006
 B after wg2 wg2 ==>   164.28870267942796        14.211804988861690     
 LTM d(wg2)/d(wg2)  0.92919228504102569     
 B before wg2 wg2 ==>    146.08183685631991        12.633091187135181     
 Q value wg2 wg2 ==>   3.04029660090152940E-005  2.62923475099118717E-006
 B after wg2 wg2 ==>   146.03877519748860        12.633093816369932     
 LTM d(wg2)/d(wg2)  0.87483294779165299     
 B before wg2 wg2 ==>    154.53025244318241        12.898883382823275     
 Q value wg2 wg2 ==>   2.93454751906339301E-005  2.44951300028902855E-006
 B after wg2 wg2 ==>   149.11133533463399        12.898885832336275     
 LTM d(wg2)/d(wg2)  0.87122119925852060     
 B before wg2 wg2 ==>    186.11501069679804        15.535312864732315     
 Q value wg2 wg2 ==>   2.93454751906339267E-005  2.44951300028902770E-006
 B after wg2 wg2 ==>   179.58850411285019        15.535315314245315     
 LTM d(wg2)/d(wg2)  0.87190572688171475     
 B before wg2 wg2 ==>    186.14566369482833        15.537871518721911     
 Q value wg2 wg2 ==>   2.93454751906339301E-005  2.44951300028902855E-006
 B after wg2 wg2 ==>   179.61808219564020        15.537873968234910     
 LTM d(wg2)/d(wg2)  0.86073594021514532     
 B before wg2 wg2 ==>    30.973887273839665        2.5854391197922246     
 Q value wg2 wg2 ==>   2.93454751906339301E-005  2.44951300028902855E-006
 B after wg2 wg2 ==>   29.887747658198148        2.5854415693052251     
 LTM d(wg2)/d(wg2)  0.83299167946893149     
 B before wg2 wg2 ==>    33.452567271627139        2.7553478959163744     
 Q value wg2 wg2 ==>   2.89567310871140741E-005  2.38504469404853643E-006
 B after wg2 wg2 ==>   31.851895198482357        2.7553502809610686     
 LTM d(wg2)/d(wg2)  0.81303926925042502     
 B before wg2 wg2 ==>    158.48786646011982        12.846052358639174     
 Q value wg2 wg2 ==>   2.84954954799046985E-005  2.30966972485765470E-006
 B after wg2 wg2 ==>   148.50060619741996        12.846054668308899     
 LTM d(wg2)/d(wg2)  0.87005266694499606     
 B before wg2 wg2 ==>    137.05583622462996        11.440266358503724     
 Q value wg2 wg2 ==>   2.93454751906339301E-005  2.44951300028902855E-006
 B after wg2 wg2 ==>   132.24969820835784        11.440268808016723     
 LTM d(wg2)/d(wg2)  0.85650922574787658     
 B before wg2 wg2 ==>    45.911118997719775        3.8243871320282667     
 Q value wg2 wg2 ==>   2.92850867165852387E-005  2.43944193137185302E-006
 B after wg2 wg2 ==>   44.210007224979307        3.8243895714701983     
 LTM d(wg2)/d(wg2)  0.84474832702608038     
 B before wg2 wg2 ==>    51.238074473262735        4.2402138668722191     
 Q value wg2 wg2 ==>   2.90936028119118281E-005  2.40764508324205215E-006
 B after wg2 wg2 ==>   49.016970846884753        4.2402162745173024     
 LTM d(wg2)/d(wg2)  0.84783149911528832     
 B before wg2 wg2 ==>    58.989199327444389        4.8816592652099233     
 Q value wg2 wg2 ==>   2.90936028119118281E-005  2.40764508324205215E-006
 B after wg2 wg2 ==>   56.432090348959413        4.8816616728550066     
 LTM d(wg2)/d(wg2)  0.84378907669285208     
 B before wg2 wg2 ==>    52.357253243450195        4.3328316592003482     
 Q value wg2 wg2 ==>   2.90936028119118281E-005  2.40764508324205215E-006
 B after wg2 wg2 ==>   50.087634070771259        4.3328340668454315     
 LTM d(wg2)/d(wg2)  0.83676581668627104     
 B before wg2 wg2 ==>    46.992340561730281        3.8888575758366564     
 Q value wg2 wg2 ==>   2.90936028119118281E-005  2.40764508324205215E-006
 B after wg2 wg2 ==>   44.955286262996324        3.8888599834817397     
 LTM d(wg2)/d(wg2)  0.83563012170340489     
 B before wg2 wg2 ==>    39.895379160268298        3.3015475635753826     
 Q value wg2 wg2 ==>   2.90936028119118281E-005  2.40764508324205215E-006
 B after wg2 wg2 ==>   38.165972726773091        3.3015499712204659     
 LTM d(wg2)/d(wg2)  0.83714959018170099     
 B before wg2 wg2 ==>    41.412106524406624        3.4270645442152357     
 Q value wg2 wg2 ==>   2.90936028119118281E-005  2.40764508324205215E-006
 B after wg2 wg2 ==>   39.616951116198067        3.4270669518603190     
 LTM d(wg2)/d(wg2)  0.83851490917995319     
 B before wg2 wg2 ==>    22.094953934239648        1.8284709373447310     
 Q value wg2 wg2 ==>   2.90936028119118281E-005  2.40764508324205215E-006
 B after wg2 wg2 ==>   21.137182361263974        1.8284733449898143     
 LTM d(wg2)/d(wg2)  0.83854472875327402     
 B before wg2 wg2 ==>    62.284992170106364        5.1544030530563214     
 Q value wg2 wg2 ==>   2.90936028119118281E-005  2.40764508324205215E-006
 B after wg2 wg2 ==>   59.585013084971912        5.1544054607014047     
 LTM d(wg2)/d(wg2)  0.83851942541222901     
 B before wg2 wg2 ==>    79.340711981689608        6.5658514807738921     
 Q value wg2 wg2 ==>   2.90936028119118281E-005  2.40764508324205215E-006
 B after wg2 wg2 ==>   75.901380447905382        6.5658538884189754     
 LTM d(wg2)/d(wg2)  0.84122402063950785     
 B before wg2 wg2 ==>    72.757090639488183        6.0210229953864181     
 Q value wg2 wg2 ==>   2.90936028119118281E-005  2.40764508324205215E-006
 B after wg2 wg2 ==>   69.603154070801466        6.0210254030315014     
 LTM d(wg2)/d(wg2)  0.83963180993352626     
 B before wg2 wg2 ==>    57.513177408734727        4.7595108692785741     
 Q value wg2 wg2 ==>   2.90936028119118281E-005  2.40764508324205215E-006
 B after wg2 wg2 ==>   55.020052854942136        4.7595132769236574     
 LTM d(wg2)/d(wg2)  0.84953946609820385     
 B before wg2 wg2 ==>    62.644143755565608        5.1841246916742616     
 Q value wg2 wg2 ==>   2.90936028119118281E-005  2.40764508324205215E-006
 B after wg2 wg2 ==>   59.928595723058706        5.1841270993193449     
 LTM d(wg2)/d(wg2)  0.97229144563374459     
 B before wg2 wg2 ==>   -1.0609643251461396      -9.27344544134856008E-002
 Q value wg2 wg2 ==>   3.07286077929626550E-005  2.68585909160881841E-006
 B after wg2 wg2 ==>  -1.0719807909628942      -9.27317685543939951E-002
 LTM d(wg2)/d(wg2)  0.95009693511766069     
 B before wg2 wg2 ==>    23.546076830859874        2.0580640995511699     
 Q value wg2 wg2 ==>   3.07286077929626550E-005  2.68585909160881841E-006
 B after wg2 wg2 ==>   23.791286361420468        2.0580667854102614     
 LTM d(wg2)/d(wg2)  0.95175005905200771     
 B before wg2 wg2 ==>    55.585680944460179        4.8585118965961245     
 Q value wg2 wg2 ==>   3.07286077929626550E-005  2.68585909160881841E-006
 B after wg2 wg2 ==>   56.164509597917203        4.8585145824552161     
 LTM d(wg2)/d(wg2)  0.85182142434772146     
 B before wg2 wg2 ==>    50.695931771042773        4.1953487733376011     
 Q value wg2 wg2 ==>   2.90936028119118281E-005  2.40764508324205215E-006
 B after wg2 wg2 ==>   48.498329617415983        4.1953511809826844     
 LTM d(wg2)/d(wg2)  0.85138986524277183     
 B before wg2 wg2 ==>    50.553526025931383        4.1835639664073820     
 Q value wg2 wg2 ==>   2.90936028119118281E-005  2.40764508324205215E-006
 B after wg2 wg2 ==>   48.362097052769158        4.1835663740524653     
 LTM d(wg2)/d(wg2)  0.86212499337616599     
 B before wg2 wg2 ==>    55.013560088203327        4.5526546957523424     
 Q value wg2 wg2 ==>   2.90936028119118281E-005  2.40764508324205215E-006
 B after wg2 wg2 ==>   52.628792039268845        4.5526571033974257     
 LTM d(wg2)/d(wg2)  0.95546579657869124     
 B before wg2 wg2 ==>    61.036931384990389        5.3349828989591970     
 Q value wg2 wg2 ==>   3.07286077929626550E-005  2.68585909160881841E-006
 B after wg2 wg2 ==>   61.672522331271324        5.3349855848182886     
 LTM d(wg2)/d(wg2)  0.94998046310405326     
 B before wg2 wg2 ==>    86.100800995947864        7.5257109175876566     
 Q value wg2 wg2 ==>   3.07286077929626550E-005  2.68585909160881841E-006
 B after wg2 wg2 ==>   86.997374761066084        7.5257136034467482     
 LTM d(wg2)/d(wg2)  0.94720120304862376     
 B before wg2 wg2 ==>    174.16499114944105        15.223033469997471     
 Q value wg2 wg2 ==>   3.07286077929626550E-005  2.68585909160881841E-006
 B after wg2 wg2 ==>   175.97855183404249        15.223036155856564     
 LTM d(wg2)/d(wg2)  0.97783666493317112     
 B before wg2 wg2 ==>    179.56818888161985        15.695304386093323     
 Q value wg2 wg2 ==>   3.07286077929626550E-005  2.68585909160881841E-006
 B after wg2 wg2 ==>   181.43801150010333        15.695307071952415     
 LTM d(wg2)/d(wg2)  0.97481477017105567     
 B before wg2 wg2 ==>    157.17403285406596        13.737924866306333     
 Q value wg2 wg2 ==>   3.07286077929626550E-005  2.68585909160881841E-006
 B after wg2 wg2 ==>   158.81067160843463        13.737927552165425     
 LTM d(wg2)/d(wg2)  0.91480209553871106     
 B before wg2 wg2 ==>    138.98001566778186        11.789112857299177     
 Q value wg2 wg2 ==>   2.98216255695461067E-005  2.52964793346903053E-006
 B after wg2 wg2 ==>   136.28237047845633        11.789115386947110     
 LTM d(wg2)/d(wg2)  0.87844598776163774     
 B before wg2 wg2 ==>    193.24048371191932        16.130087311912472     
 Q value wg2 wg2 ==>   2.93454751906339301E-005  2.44951300028902855E-006
 B after wg2 wg2 ==>   186.46410664121902        16.130089761425474     
 LTM d(wg2)/d(wg2)  0.87714576347761675     
 B before wg2 wg2 ==>    191.61680480240759        15.994556277866939     
 Q value wg2 wg2 ==>   2.93454751906339267E-005  2.44951300028902770E-006
 B after wg2 wg2 ==>   184.89736562742146        15.994558727379939     
 LTM d(wg2)/d(wg2)  0.86914866550658132     
 B before wg2 wg2 ==>    74.659286704782588        6.2319281656764378     
 Q value wg2 wg2 ==>   2.93454751906339267E-005  2.44951300028902770E-006
 B after wg2 wg2 ==>   72.041221840582494        6.2319306151894382     
 LTM d(wg2)/d(wg2)  0.80477692688244162     
 B before wg2 wg2 ==>    27.349418128822197        2.2167757387886269     
 Q value wg2 wg2 ==>   2.84954954799046985E-005  2.30966972485765470E-006
 B after wg2 wg2 ==>   25.625991209060839        2.2167780484583517     
 LTM d(wg2)/d(wg2)  0.78361995350059399     
 B before wg2 wg2 ==>    60.924925387245437        4.9381999956928952     
 Q value wg2 wg2 ==>   2.84954954799046985E-005  2.30966972485765470E-006
 B after wg2 wg2 ==>   57.085701003667261        4.9382023053626201     
 LTM d(wg2)/d(wg2)  0.85486002586501952     
 B before wg2 wg2 ==>    75.297641338460281        6.2852126316402863     
 Q value wg2 wg2 ==>   2.93454751906339301E-005  2.44951300028902855E-006
 B after wg2 wg2 ==>   72.657191155741813        6.2852150811532868     
 LTM d(wg2)/d(wg2)  0.85698842710620349     
 B before wg2 wg2 ==>    55.555499444068936        4.6373049760403973     
 Q value wg2 wg2 ==>   2.93454751906339301E-005  2.44951300028902855E-006
 B after wg2 wg2 ==>   53.607351175092880        4.6373074255533977     
 LTM d(wg2)/d(wg2)  0.85308439107168377     
 B before wg2 wg2 ==>    60.844200727077727        5.0502397292018584     
 Q value wg2 wg2 ==>   2.91806759490782810E-005  2.42207814782610668E-006
 B after wg2 wg2 ==>   58.380883490944314        5.0502421512800062     
 LTM d(wg2)/d(wg2)  0.85052085499199215     
 B before wg2 wg2 ==>    67.956329205235633        5.6237353257319809     
 Q value wg2 wg2 ==>   2.90936028119118281E-005  2.40764508324205215E-006
 B after wg2 wg2 ==>   65.010501984087995        5.6237377333770642     
 LTM d(wg2)/d(wg2)  0.84036712043617146     
 B before wg2 wg2 ==>    49.958945857758749        4.1343594031998316     
 Q value wg2 wg2 ==>   2.90936028119118281E-005  2.40764508324205215E-006
 B after wg2 wg2 ==>   47.793291481512590        4.1343618108449149     
 LTM d(wg2)/d(wg2)  0.84020361335503058     
 B before wg2 wg2 ==>    49.660444803111197        4.1096569075614955     
 Q value wg2 wg2 ==>   2.90936028119118281E-005  2.40764508324205215E-006
 B after wg2 wg2 ==>   47.507730219973531        4.1096593152065788     
 LTM d(wg2)/d(wg2)  0.83473411628177174     
 B before wg2 wg2 ==>    45.937525668420506        3.8015662249501321     
 Q value wg2 wg2 ==>   2.90936028119118281E-005  2.40764508324205215E-006
 B after wg2 wg2 ==>   43.946196791003054        3.8015686325952154     
 LTM d(wg2)/d(wg2)  0.83545987826524293     
 B before wg2 wg2 ==>    39.857971704629080        3.2984519044633567     
 Q value wg2 wg2 ==>   2.90936028119118281E-005  2.40764508324205215E-006
 B after wg2 wg2 ==>   38.130186855812219        3.2984543121084400     
 LTM d(wg2)/d(wg2)  0.83672324901427875     
 B before wg2 wg2 ==>    41.921707731543123        3.4692366618697075     
 Q value wg2 wg2 ==>   2.90936028119118281E-005  2.40764508324205215E-006
 B after wg2 wg2 ==>   40.104461499581980        3.4692390695147908     
 LTM d(wg2)/d(wg2)  0.84086384846231499     
 B before wg2 wg2 ==>    46.977801343265625        3.8876543808223807     
 Q value wg2 wg2 ==>   2.90936028119118281E-005  2.40764508324205215E-006
 B after wg2 wg2 ==>   44.941377308565791        3.8876567884674640     
 LTM d(wg2)/d(wg2)  0.83687643437180148     
 B before wg2 wg2 ==>    62.387417446421395        5.1628792708184825     
 Q value wg2 wg2 ==>   2.90936028119118281E-005  2.40764508324205215E-006
 B after wg2 wg2 ==>   59.682998303659133        5.1628816784635658     
 LTM d(wg2)/d(wg2)  0.83823219027296458     
 B before wg2 wg2 ==>    74.427201901626006        6.1592332815015141     
 Q value wg2 wg2 ==>   2.90936028119118281E-005  2.40764508324205215E-006
 B after wg2 wg2 ==>   71.200867283204644        6.1592356891465974     
 LTM d(wg2)/d(wg2)  0.91306451985862669     
 B before wg2 wg2 ==>    59.132772943319765        5.0663829393526090     
 Q value wg2 wg2 ==>   3.01212029042410758E-005  2.58072708095562267E-006
 B after wg2 wg2 ==>   58.567501103489249        5.0663855200796899     
 LTM d(wg2)/d(wg2)  0.97371483185333529     
 B before wg2 wg2 ==>    72.853167653383650        6.3677906923968841     
 Q value wg2 wg2 ==>   3.07286077929626550E-005  2.68585909160881841E-006
 B after wg2 wg2 ==>   73.611797647395036        6.3677933782559757     
 LTM d(wg2)/d(wg2)  0.95232990227993675     
 B before wg2 wg2 ==>   -5.1577725113983668      -0.44440301135079596     
 Q value wg2 wg2 ==>   3.02912610691424041E-005  2.60994985858543572E-006
 B after wg2 wg2 ==>  -5.1372760513951334      -0.44440040140093739     
 LTM d(wg2)/d(wg2)  0.97788897119346518     
 B before wg2 wg2 ==>    3.3889321193341204       0.29621238309544362     
 Q value wg2 wg2 ==>   3.07286077929626550E-005  2.68585909160881841E-006
 B after wg2 wg2 ==>   3.4242511370496751       0.29621506895453525     
 LTM d(wg2)/d(wg2)  0.84700575339868589     
 B before wg2 wg2 ==>    27.405807813729712        2.2679713771299328     
 Q value wg2 wg2 ==>   2.90936028119118281E-005  2.40764508324205215E-006
 B after wg2 wg2 ==>   26.217814774665264        2.2679737847750161     
 LTM d(wg2)/d(wg2)  0.89985466745325704     
 B before wg2 wg2 ==>    52.809369639589875        4.4819401174548217     
 Q value wg2 wg2 ==>   2.98371687315400340E-005  2.53228554784537707E-006
 B after wg2 wg2 ==>   51.811331775698697        4.4819426497403692     
 LTM d(wg2)/d(wg2)  0.84775489362052980     
 B before wg2 wg2 ==>    50.448218654722176        4.1748492404877311     
 Q value wg2 wg2 ==>   2.90936028119118281E-005  2.40764508324205215E-006
 B after wg2 wg2 ==>   48.261354675803787        4.1748516481328144     
 LTM d(wg2)/d(wg2)  0.85491308872157634     
 B before wg2 wg2 ==>    52.323571753206551        4.3300443428646700     
 Q value wg2 wg2 ==>   2.90936028119118281E-005  2.40764508324205215E-006
 B after wg2 wg2 ==>   50.055412647447156        4.3300467505097533     
 LTM d(wg2)/d(wg2)  0.86734742514897389     
 B before wg2 wg2 ==>    57.153448007469876        4.7297414134345450     
 Q value wg2 wg2 ==>   2.90936028119118281E-005  2.40764508324205215E-006
 B after wg2 wg2 ==>   54.675917448924316        4.7297438210796283     
 LTM d(wg2)/d(wg2)  0.93593837289532511     
 B before wg2 wg2 ==>    54.603819961871608        4.7154382493451727     
 Q value wg2 wg2 ==>   3.03599869147065149E-005  2.62180637997838445E-006
 B after wg2 wg2 ==>   54.510575109227567        4.7154408711515527     
 LTM d(wg2)/d(wg2)  0.95357887725375468     
 B before wg2 wg2 ==>    73.410309086527448        6.4164880949477396     
 Q value wg2 wg2 ==>   3.07286077929626550E-005  2.68585909160881841E-006
 B after wg2 wg2 ==>   74.174740433002370        6.4164907808068312     
 LTM d(wg2)/d(wg2)  0.94763770334639708     
 B before wg2 wg2 ==>    172.73260860588616        15.097834902487044     
 Q value wg2 wg2 ==>   3.07286077929626550E-005  2.68585909160881841E-006
 B after wg2 wg2 ==>   174.53125430570381        15.097837588346136     
 LTM d(wg2)/d(wg2)  0.97483393824019104     
 B before wg2 wg2 ==>    181.30293951680250        15.846931683905577     
 Q value wg2 wg2 ==>   3.07286077929626550E-005  2.68585909160881841E-006
 B after wg2 wg2 ==>   183.19082559147918        15.846934369764670     
 LTM d(wg2)/d(wg2)  0.97287722021452461     
 B before wg2 wg2 ==>    160.13338520918404        13.996589478833561     
 Q value wg2 wg2 ==>   3.07286077929626550E-005  2.68585909160881841E-006
 B after wg2 wg2 ==>   161.80083884296118        13.996592164692654     
 LTM d(wg2)/d(wg2)  0.95754313809753799     
 B before wg2 wg2 ==>    149.06364888001528        12.803725483327808     
 Q value wg2 wg2 ==>   3.01972330212823327E-005  2.59377175364728646E-006
 B after wg2 wg2 ==>   148.01131009716568        12.803728077099562     
 LTM d(wg2)/d(wg2)  0.89011406749657007     
 B before wg2 wg2 ==>    197.14453251102825        16.455964409661163     
 Q value wg2 wg2 ==>   2.93454751906339267E-005  2.44951300028902770E-006
 B after wg2 wg2 ==>   190.23125132579844        16.455966859174165     
 LTM d(wg2)/d(wg2)  0.87535972538705253     
 B before wg2 wg2 ==>    181.64527402102388        15.162216909596040     
 Q value wg2 wg2 ==>   2.93454751906339267E-005  2.44951300028902770E-006
 B after wg2 wg2 ==>   175.27550864940832        15.162219359109040     
 LTM d(wg2)/d(wg2)  0.86897111052579290     
 B before wg2 wg2 ==>    143.66033534613891        11.991554294835970     
 Q value wg2 wg2 ==>   2.93454751906339301E-005  2.44951300028902855E-006
 B after wg2 wg2 ==>   138.62259594610666        11.991556744348969     
 LTM d(wg2)/d(wg2)  0.80282057273128271     
 B before wg2 wg2 ==>    38.988504182111441        3.1601685182282018     
 Q value wg2 wg2 ==>   2.84954954799046985E-005  2.30966972485765470E-006
 B after wg2 wg2 ==>   36.531627472205308        3.1601708278979266     
 LTM d(wg2)/d(wg2)  0.78813461919500394     
 B before wg2 wg2 ==>    55.490335502004164        4.4977055416199256     
 Q value wg2 wg2 ==>   2.84954954799046985E-005  2.30966972485765470E-006
 B after wg2 wg2 ==>   51.993577768522343        4.4977078512896504     
 LTM d(wg2)/d(wg2)  0.87316452766680031     
 B before wg2 wg2 ==>    22.816342518265170        1.9045160200839302     
 Q value wg2 wg2 ==>   2.93454751906339301E-005  2.44951300028902855E-006
 B after wg2 wg2 ==>   22.016265269915625        1.9045184695969304     
 LTM d(wg2)/d(wg2)  0.85741808602446712     
 B before wg2 wg2 ==>    67.115205277215296        5.6022118154718576     
 Q value wg2 wg2 ==>   2.93454751906339301E-005  2.44951300028902855E-006
 B after wg2 wg2 ==>   64.761690330530371        5.6022142649848581     
 LTM d(wg2)/d(wg2)  0.86240378810739382     
 B before wg2 wg2 ==>    73.082655148129859        6.1003242482207281     
 Q value wg2 wg2 ==>   2.93454751906339267E-005  2.44951300028902770E-006
 B after wg2 wg2 ==>   70.519878360055273        6.1003266977337285     
 LTM d(wg2)/d(wg2)  0.84964652454457834     
 B before wg2 wg2 ==>    68.104912793179096        5.6360313808914357     
 Q value wg2 wg2 ==>   2.90936028119118281E-005  2.40764508324205215E-006
 B after wg2 wg2 ==>   65.152644586790800        5.6360337885365190     
 LTM d(wg2)/d(wg2)  0.84394796346478707     
 B before wg2 wg2 ==>    55.021284214323622        4.5532939068667613     
 Q value wg2 wg2 ==>   2.90936028119118281E-005  2.40764508324205215E-006
 B after wg2 wg2 ==>   52.636181330411553        4.5532963145118446     
 LTM d(wg2)/d(wg2)  0.83718914728139082     
 B before wg2 wg2 ==>    47.744328626044016        3.9510884510364921     
 Q value wg2 wg2 ==>   2.90936028119118281E-005  2.40764508324205215E-006
 B after wg2 wg2 ==>   45.674676218121604        3.9510908586815754     
 LTM d(wg2)/d(wg2)  0.83598633042939574     
 B before wg2 wg2 ==>    46.115895202814471        3.8163272201854137     
 Q value wg2 wg2 ==>   2.90936028119118281E-005  2.40764508324205215E-006
 B after wg2 wg2 ==>   44.116834142089864        3.8163296278304970     
 LTM d(wg2)/d(wg2)  0.83641145538833617     
 B before wg2 wg2 ==>    40.078059502763423        3.3166653003251705     
 Q value wg2 wg2 ==>   2.90936028119118281E-005  2.40764508324205215E-006
 B after wg2 wg2 ==>   38.340734015716919        3.3166677079702538     
 LTM d(wg2)/d(wg2)  0.84416755269637334     
 B before wg2 wg2 ==>    54.285010368028992        4.4923634639301726     
 Q value wg2 wg2 ==>   2.90936028119118281E-005  2.40764508324205215E-006
 B after wg2 wg2 ==>   51.931824393936530        4.4923658715752559     
 LTM d(wg2)/d(wg2)  0.84388849370543384     
 B before wg2 wg2 ==>    51.907544417337917        4.2956159437360375     
 Q value wg2 wg2 ==>   2.90936028119118281E-005  2.40764508324205215E-006
 B after wg2 wg2 ==>   49.657419779362797        4.2956183513811208     
 LTM d(wg2)/d(wg2)  0.83646055186679813     
 B before wg2 wg2 ==>    92.804142028401529        7.6800194772609931     
 Q value wg2 wg2 ==>   2.90936028119118281E-005  2.40764508324205215E-006
 B after wg2 wg2 ==>   88.781181068112488        7.6800218849060764     
 LTM d(wg2)/d(wg2)  0.83498104127887474     
 B before wg2 wg2 ==>    76.411320673398563        6.3234293020600463     
 Q value wg2 wg2 ==>   2.90936028119118281E-005  2.40764508324205215E-006
 B after wg2 wg2 ==>   73.098976019134227        6.3234317097051296     
 LTM d(wg2)/d(wg2)  0.92850943002226571     
 B before wg2 wg2 ==>    77.654832545587965        6.7060613687403432     
 Q value wg2 wg2 ==>   3.03599869147065250E-005  2.62180637997838615E-006
 B after wg2 wg2 ==>   77.522211566765449        6.7060639905467232     
 LTM d(wg2)/d(wg2)  0.96863175839519156     
 B before wg2 wg2 ==>    22.648703464659530        1.9796284466763012     
 Q value wg2 wg2 ==>   3.07286077929626550E-005  2.68585909160881841E-006
 B after wg2 wg2 ==>   22.884568906127111        1.9796311325353928     
 LTM d(wg2)/d(wg2)  0.88981529741116594     
 B before wg2 wg2 ==>    174.50916403830536        14.869977169274401     
 Q value wg2 wg2 ==>   2.99567439760672274E-005  2.55262296077550968E-006
 B after wg2 wg2 ==>   171.89721356960379        14.869979721897362     
 LTM d(wg2)/d(wg2)  0.87795835332532501     
 B before wg2 wg2 ==>    3.2868054438035088       0.27839965304890252     
 Q value wg2 wg2 ==>   2.97781172930465440E-005  2.52227205551911170E-006
 B after wg2 wg2 ==>   3.2183337895825086       0.27840217532095801     
 LTM d(wg2)/d(wg2)  0.92581327903151001     
 B before wg2 wg2 ==>    21.053382882233883        1.8181132197402370     
 Q value wg2 wg2 ==>   3.03599869147065250E-005  2.62180637997838615E-006
 B after wg2 wg2 ==>   21.017449448730048        1.8181158415466170     
 LTM d(wg2)/d(wg2)  0.83840923080333407     
 B before wg2 wg2 ==>    47.605797157920463        3.9396242604287406     
 Q value wg2 wg2 ==>   2.90936028119118281E-005  2.40764508324205215E-006
 B after wg2 wg2 ==>   45.542149983509368        3.9396266680738239     
 LTM d(wg2)/d(wg2)  0.84327497488321557     
 B before wg2 wg2 ==>    48.477441997084362        4.0117573484107840     
 Q value wg2 wg2 ==>   2.90936028119118281E-005  2.40764508324205215E-006
 B after wg2 wg2 ==>   46.376009683534718        4.0117597560558673     
 LTM d(wg2)/d(wg2)  0.84392137474473827     
 B before wg2 wg2 ==>    48.316620469695089        3.9984485408972739     
 Q value wg2 wg2 ==>   2.90936028119118281E-005  2.40764508324205215E-006
 B after wg2 wg2 ==>   46.222159646729509        3.9984509485423572     
 LTM d(wg2)/d(wg2)  0.84216682350202166     
 B before wg2 wg2 ==>    49.172240433168724        4.0692554880979692     
 Q value wg2 wg2 ==>   2.90936028119118281E-005  2.40764508324205215E-006
 B after wg2 wg2 ==>   47.040689137206620        4.0692578957430525     
 LTM d(wg2)/d(wg2)  0.83755742300638214     
 B before wg2 wg2 ==>    48.243727366337041        3.9924162621507446     
 Q value wg2 wg2 ==>   2.90936028119118281E-005  2.40764508324205215E-006
 B after wg2 wg2 ==>   46.152426403820208        3.9924186697958279     
 LTM d(wg2)/d(wg2)  0.84885880928776747     
 B before wg2 wg2 ==>    63.892710981997730        5.2874500434105434     
 Q value wg2 wg2 ==>   2.90936028119118281E-005  2.40764508324205215E-006
 B after wg2 wg2 ==>   61.123038512271854        5.2874524510556267     
 LTM d(wg2)/d(wg2)  0.86304222318570412     
 B before wg2 wg2 ==>    67.272801018587799        5.5671698570796693     
 Q value wg2 wg2 ==>   2.90936028119118281E-005  2.40764508324205215E-006
 B after wg2 wg2 ==>   64.356604223133246        5.5671722647247526     
 LTM d(wg2)/d(wg2)  0.93853398201342952     
 B before wg2 wg2 ==>    69.710697079857539        6.0200273099649282     
 Q value wg2 wg2 ==>   3.03599869147065250E-005  2.62180637997838615E-006
 B after wg2 wg2 ==>   69.591646406432304        6.0200299317713082     
 LTM d(wg2)/d(wg2)  0.95502315742830812     
 B before wg2 wg2 ==>    92.453499898205919        8.0809737598824753     
 Q value wg2 wg2 ==>   3.07286077929626550E-005  2.68585909160881841E-006
 B after wg2 wg2 ==>   93.416222478031159        8.0809764457415678     
 LTM d(wg2)/d(wg2)  0.97249956143046123     
 B before wg2 wg2 ==>    159.55521372195494        13.946053927208638     
 Q value wg2 wg2 ==>   3.07286077929626550E-005  2.68585909160881841E-006
 B after wg2 wg2 ==>   161.21664702340308        13.946056613067730     
 LTM d(wg2)/d(wg2)  0.97566670714842174     
 B before wg2 wg2 ==>    187.16502502408488        16.359312061227079     
 Q value wg2 wg2 ==>   3.07286077929626550E-005  2.68585909160881841E-006
 B after wg2 wg2 ==>   189.11395129820812        16.359314747086170     
 LTM d(wg2)/d(wg2)  0.94574735890960338     
 B before wg2 wg2 ==>    167.32543073986162        14.625216099537763     
 Q value wg2 wg2 ==>   3.07286077929626550E-005  2.68585909160881841E-006
 B after wg2 wg2 ==>   169.06777306181570        14.625218785396855     
 LTM d(wg2)/d(wg2)  0.89131950850238917     
 B before wg2 wg2 ==>    173.08869025891434        14.447985395974520     
 Q value wg2 wg2 ==>   2.93454751906339301E-005  2.44951300028902855E-006
 B after wg2 wg2 ==>   167.01898044080937        14.447987845487519     
 LTM d(wg2)/d(wg2)  0.86623944044453649     
 B before wg2 wg2 ==>    187.56149609636830        15.656053277622497     
 Q value wg2 wg2 ==>   2.93454751906339301E-005  2.44951300028902855E-006
 B after wg2 wg2 ==>   180.98426529943083        15.656055727135497     
 LTM d(wg2)/d(wg2)  0.83097489986452833     
 B before wg2 wg2 ==>    160.20525872571989        13.094946188716342     
 Q value wg2 wg2 ==>   2.87362103846563453E-005  2.34885628379372450E-006
 B after wg2 wg2 ==>   151.37782347687519        13.094948537572627     
 LTM d(wg2)/d(wg2)  0.81109838866737760     
 B before wg2 wg2 ==>    146.17555983070733        11.848092457040954     
 Q value wg2 wg2 ==>   2.84954954799046985E-005  2.30966972485765470E-006
 B after wg2 wg2 ==>   136.96417309211367        11.848094766710679     
 LTM d(wg2)/d(wg2)  0.83345603068826757     
 B before wg2 wg2 ==>    191.94391492297748        15.557794019791409     
 Q value wg2 wg2 ==>   2.84954954799046985E-005  2.30966972485765470E-006
 B after wg2 wg2 ==>   179.84838502365764        15.557796329461134     
 LTM d(wg2)/d(wg2)  0.87806535466815061     
 B before wg2 wg2 ==>    98.637548314405620        8.2334314010320941     
 Q value wg2 wg2 ==>   2.93454751906339267E-005  2.44951300028902770E-006
 B after wg2 wg2 ==>   95.178632620069692        8.2334338505450937     
 LTM d(wg2)/d(wg2)  0.85668094566141262     
 B before wg2 wg2 ==>    53.962106406131127        4.5043019513613345     
 Q value wg2 wg2 ==>   2.93454751906339267E-005  2.44951300028902770E-006
 B after wg2 wg2 ==>   52.069833991730988        4.5043044008743349     
 LTM d(wg2)/d(wg2)  0.85974653187731642     
 B before wg2 wg2 ==>    57.036767387810592        4.7609487426359589     
 Q value wg2 wg2 ==>   2.93454751906339301E-005  2.44951300028902855E-006
 B after wg2 wg2 ==>   55.036675178926529        4.7609511921489593     
 LTM d(wg2)/d(wg2)  0.83720211522677712     
 B before wg2 wg2 ==>    46.377906730550386        3.8380100200292278     
 Q value wg2 wg2 ==>   2.90936028119118281E-005  2.40764508324205215E-006
 B after wg2 wg2 ==>   44.367487669885222        3.8380124276743111     
 LTM d(wg2)/d(wg2)  0.83680617987594774     
 B before wg2 wg2 ==>    46.792732265163984        3.8723389639304888     
 Q value wg2 wg2 ==>   2.90936028119118281E-005  2.40764508324205215E-006
 B after wg2 wg2 ==>   44.764330833882561        3.8723413715755721     
 LTM d(wg2)/d(wg2)  0.83773755705840025     
 B before wg2 wg2 ==>    40.248991060020415        3.3308107647443177     
 Q value wg2 wg2 ==>   2.90936028119118281E-005  2.40764508324205215E-006
 B after wg2 wg2 ==>   38.504255820304095        3.3308131723894010     
 LTM d(wg2)/d(wg2)  0.83632178368306576     
 B before wg2 wg2 ==>    40.651133942802929        3.3640901540572039     
 Q value wg2 wg2 ==>   2.90936028119118281E-005  2.40764508324205215E-006
 B after wg2 wg2 ==>   38.888966115756553        3.3640925617022872     
 LTM d(wg2)/d(wg2)  0.84220112751010123     
 B before wg2 wg2 ==>    26.241655877291546        2.1716318242724748     
 Q value wg2 wg2 ==>   2.90936028119118281E-005  2.40764508324205215E-006
 B after wg2 wg2 ==>   25.104127936992462        2.1716342319175581     
 LTM d(wg2)/d(wg2)  0.83558471543733182     
 B before wg2 wg2 ==>    21.283030343188759        1.7612800894253549     
 Q value wg2 wg2 ==>   2.90936028119118281E-005  2.40764508324205215E-006
 B after wg2 wg2 ==>   20.360455038784075        1.7612824970704382     
 LTM d(wg2)/d(wg2)  0.91853306061124274     
 B before wg2 wg2 ==>    135.55811533909821        11.504840135970820     
 Q value wg2 wg2 ==>   2.98371687315400510E-005  2.53228554784538003E-006
 B after wg2 wg2 ==>   132.99617310961693        11.504842668256368     
 LTM d(wg2)/d(wg2)  0.97426919342214713     
 B before wg2 wg2 ==>    79.400040534346886        6.9400254700808031     
 Q value wg2 wg2 ==>   3.07286077929626550E-005  2.68585909160881841E-006
 B after wg2 wg2 ==>   80.226841220496581        6.9400281559398946     
 LTM d(wg2)/d(wg2)  0.97465904248504376     
 B before wg2 wg2 ==>    107.21443740340052        9.3711655728703729     
 Q value wg2 wg2 ==>   3.07286077929626550E-005  2.68585909160881841E-006
 B after wg2 wg2 ==>   108.33086135251084        9.3711682587294654     
 LTM d(wg2)/d(wg2)  0.96276420975607091     
 B before wg2 wg2 ==>    30.597983457734895        2.6744417647738166     
 Q value wg2 wg2 ==>   3.07286077929626550E-005  2.68585909160881841E-006
 B after wg2 wg2 ==>   30.916622450634158        2.6744444506329081     
 LTM d(wg2)/d(wg2)  0.89869415392347429     
 B before wg2 wg2 ==>    134.03389478273866        11.421067577234872     
 Q value wg2 wg2 ==>   2.99567439760672274E-005  2.55262296077550968E-006
 B after wg2 wg2 ==>   132.02776116866755        11.421070129857833     
 LTM d(wg2)/d(wg2)  0.89404179353054292     
 B before wg2 wg2 ==>    177.05071234642335        15.086543247764279     
 Q value wg2 wg2 ==>   2.99567439760672274E-005  2.55262296077550968E-006
 B after wg2 wg2 ==>   174.40072104858749        15.086545800387240     
 LTM d(wg2)/d(wg2)  0.80846572971522168     
 B before wg2 wg2 ==>    39.236283143640527        3.2470039824975334     
 Q value wg2 wg2 ==>   2.90936028119118349E-005  2.40764508324205300E-006
 B after wg2 wg2 ==>   37.535448019897856        3.2470063901426167     
 LTM d(wg2)/d(wg2)  0.84590435765236349     
 B before wg2 wg2 ==>    33.042662918609729        2.7344500929476809     
 Q value wg2 wg2 ==>   2.90936028119118349E-005  2.40764508324205300E-006
 B after wg2 wg2 ==>   31.610316508915542        2.7344525005927642     
 LTM d(wg2)/d(wg2)  0.84275562598909726     
 B before wg2 wg2 ==>    46.516933082637578        3.8495151648271335     
 Q value wg2 wg2 ==>   2.90936028119118281E-005  2.40764508324205215E-006
 B after wg2 wg2 ==>   44.500487335618629        3.8495175724722168     
 LTM d(wg2)/d(wg2)  0.83966778672904296     
 B before wg2 wg2 ==>    46.556529290338972        3.8527919544156770     
 Q value wg2 wg2 ==>   2.90936028119118281E-005  2.40764508324205215E-006
 B after wg2 wg2 ==>   44.538367077908731        3.8527943620607603     
 LTM d(wg2)/d(wg2)  0.83921298558888902     
 B before wg2 wg2 ==>    46.556514038994280        3.8527906922885595     
 Q value wg2 wg2 ==>   2.90936028119118281E-005  2.40764508324205215E-006
 B after wg2 wg2 ==>   44.538352487698205        3.8527930999336428     
 LTM d(wg2)/d(wg2)  0.83951260186150611     
 B before wg2 wg2 ==>    46.731823776732611        3.8672984736327569     
 Q value wg2 wg2 ==>   2.90936028119118281E-005  2.40764508324205215E-006
 B after wg2 wg2 ==>   44.706062681981265        3.8673008812778402     
 LTM d(wg2)/d(wg2)  0.84324435469080172     
 B before wg2 wg2 ==>    40.237540414109766        3.3298631649745345     
 Q value wg2 wg2 ==>   2.90936028119118281E-005  2.40764508324205215E-006
 B after wg2 wg2 ==>   38.493301551162418        3.3298655726196178     
 LTM d(wg2)/d(wg2)  0.84131873840977622     
 B before wg2 wg2 ==>    35.027156769706750        2.8986771532470521     
 Q value wg2 wg2 ==>   2.90936028119118281E-005  2.40764508324205215E-006
 B after wg2 wg2 ==>   33.508784064766864        2.8986795608921354     
 LTM d(wg2)/d(wg2)  0.85812243771746977     
 B before wg2 wg2 ==>    5.9410008411797737       0.49164833785889683     
 Q value wg2 wg2 ==>   2.90936028119118281E-005  2.40764508324205215E-006
 B after wg2 wg2 ==>   5.6834908172133636       0.49165074550398008     
 LTM d(wg2)/d(wg2)  0.86709701344835177     
 B before wg2 wg2 ==>    6.2930191455386835       0.52077966082292404     
 Q value wg2 wg2 ==>   2.90936028119118281E-005  2.40764508324205215E-006
 B after wg2 wg2 ==>   6.0202493964963164       0.52078206846800723     
 LTM d(wg2)/d(wg2)  0.97107018779390875     
 B before wg2 wg2 ==>   -2.1092775905616508      -0.18436313260616316     
 Q value wg2 wg2 ==>   3.07286077929626550E-005  2.68585909160881841E-006
 B after wg2 wg2 ==>  -2.1312098389482705      -0.18436044674707155     
 LTM d(wg2)/d(wg2)  0.97209833153008041     
 B before wg2 wg2 ==>    169.71889177921213        14.834418518868432     
 Q value wg2 wg2 ==>   3.07286077929626550E-005  2.68585909160881841E-006
 B after wg2 wg2 ==>   171.48615651811627        14.834421204727525     
 LTM d(wg2)/d(wg2)  0.97796019306158677     
 B before wg2 wg2 ==>    174.40513408320555        15.244023359493367     
 Q value wg2 wg2 ==>   3.07286077929626550E-005  2.68585909160881841E-006
 B after wg2 wg2 ==>   176.22119530666038        15.244026045352459     
 LTM d(wg2)/d(wg2)  0.94337792042121538     
 B before wg2 wg2 ==>    193.65885460759495        16.926910546122421     
 Q value wg2 wg2 ==>   3.07286077929626550E-005  2.68585909160881841E-006
 B after wg2 wg2 ==>   195.67539924935494        16.926913231981512     
 LTM d(wg2)/d(wg2)  0.94530851699575913     
 B before wg2 wg2 ==>    166.87971535983721        14.431682314465501     
 Q value wg2 wg2 ==>   3.04029660090152940E-005  2.62923475099118717E-006
 B after wg2 wg2 ==>   166.83051862426748        14.431684943700253     
 LTM d(wg2)/d(wg2)  0.87121483450455295     
 B before wg2 wg2 ==>    146.63424010793042        12.239790805858792     
 Q value wg2 wg2 ==>   2.93454751906339301E-005  2.44951300028902855E-006
 B after wg2 wg2 ==>   141.49221415333434        12.239793255371792     
 LTM d(wg2)/d(wg2)  0.82586572893454502     
 B before wg2 wg2 ==>    213.69949769513360        17.321167845346373     
 Q value wg2 wg2 ==>   2.84954954799046985E-005  2.30966972485765470E-006
 B after wg2 wg2 ==>   200.23301585459961        17.321170155016098     
 LTM d(wg2)/d(wg2)  0.81631678480287118     
 B before wg2 wg2 ==>    166.72520820533947        13.513720652235154     
 Q value wg2 wg2 ==>   2.84954954799046985E-005  2.30966972485765470E-006
 B after wg2 wg2 ==>   156.21886280599566        13.513722961904879     
 LTM d(wg2)/d(wg2)  0.82413739092179161     
 B before wg2 wg2 ==>    161.04386702467872        13.053226054735948     
 Q value wg2 wg2 ==>   2.84954954799046985E-005  2.30966972485765470E-006
 B after wg2 wg2 ==>   150.89553757930400        13.053228364405673     
 LTM d(wg2)/d(wg2)  0.79717325702034747     
 B before wg2 wg2 ==>    47.347804425554372        3.9143728066347028     
 Q value wg2 wg2 ==>   2.90646357635494531E-005  2.40285312588173632E-006
 B after wg2 wg2 ==>   45.250242701140394        3.9143752094878286     
 LTM d(wg2)/d(wg2)  0.88196242941857905     
 B before wg2 wg2 ==>    134.99991742383821        11.268655580441239     
 Q value wg2 wg2 ==>   2.93454751906339267E-005  2.44951300028902770E-006
 B after wg2 wg2 ==>   130.26587475202777        11.268658029954238     
 LTM d(wg2)/d(wg2)  0.85376615300418035     
 B before wg2 wg2 ==>    50.797910016185419        4.2401814986411344     
 Q value wg2 wg2 ==>   2.93454751906339267E-005  2.44951300028902770E-006
 B after wg2 wg2 ==>   49.016597153587433        4.2401839481541348     
 LTM d(wg2)/d(wg2)  0.86008906106689287     
 B before wg2 wg2 ==>    43.866492562113280        3.6616051745610609     
 Q value wg2 wg2 ==>   2.93454751906339267E-005  2.44951300028902770E-006
 B after wg2 wg2 ==>   42.328245198389311        3.6616076240740614     
 LTM d(wg2)/d(wg2)  0.84490486187142588     
 B before wg2 wg2 ==>    40.377021989942598        3.3414059818758255     
 Q value wg2 wg2 ==>   2.90936028119118281E-005  2.40764508324205215E-006
 B after wg2 wg2 ==>   38.626736707039207        3.3414083895209088     
 LTM d(wg2)/d(wg2)  0.83198082947032825     
 B before wg2 wg2 ==>    15.948957742249524        1.3198581811682808     
 Q value wg2 wg2 ==>   2.90936028119118281E-005  2.40764508324205215E-006
 B after wg2 wg2 ==>   15.257610417803894        1.3198605888133641     
 LTM d(wg2)/d(wg2)  0.83597115422503698     
 B before wg2 wg2 ==>    20.416177606440254        1.6895435725346746     
 Q value wg2 wg2 ==>   2.90936028119118281E-005  2.40764508324205215E-006
 B after wg2 wg2 ==>   19.531179707188443        1.6895459801797579     
 LTM d(wg2)/d(wg2)  0.83885707745850935     
 B before wg2 wg2 ==>    23.467836908271998        1.9420840557909063     
 Q value wg2 wg2 ==>   2.90936028119118281E-005  2.40764508324205215E-006
 B after wg2 wg2 ==>   22.450551905211071        1.9420864634359896     
 LTM d(wg2)/d(wg2)  0.84089490950892087     
 B before wg2 wg2 ==>    26.523252783652065        2.1949354148053564     
 Q value wg2 wg2 ==>   2.90936028119118281E-005  2.40764508324205215E-006
 B after wg2 wg2 ==>   25.373517832183133        2.1949378224504397     
 LTM d(wg2)/d(wg2)  0.83501166998003629     
 B before wg2 wg2 ==>    62.303155489275092        5.1559061610204555     
 Q value wg2 wg2 ==>   2.90936028119118281E-005  2.40764508324205215E-006
 B after wg2 wg2 ==>   59.602389038104413        5.1559085686655388     
 LTM d(wg2)/d(wg2)  0.93641485976405903     
 B before wg2 wg2 ==>    143.04911876996584        12.256175023624596     
 Q value wg2 wg2 ==>   3.01212029042410758E-005  2.58072708095562267E-006
 B after wg2 wg2 ==>   141.68161750078121        12.256177604351677     
 LTM d(wg2)/d(wg2)  0.97057133544963470     
 B before wg2 wg2 ==>    118.22664336145006        10.333696439559029     
 Q value wg2 wg2 ==>   3.07286077929626550E-005  2.68585909160881841E-006
 B after wg2 wg2 ==>   119.45773422341776        10.333699125418121     
 LTM d(wg2)/d(wg2)  0.96720124370853799     
 B before wg2 wg2 ==>    78.381910894325287        6.8510350163475016     
 Q value wg2 wg2 ==>   3.07286077929626550E-005  2.68585909160881841E-006
 B after wg2 wg2 ==>   79.198110091258869        6.8510377022065931     
 LTM d(wg2)/d(wg2)  0.95799349351592045     
 B before wg2 wg2 ==>    50.052631734861137        4.3748912059339204     
 Q value wg2 wg2 ==>   3.07286077929626550E-005  2.68585909160881841E-006
 B after wg2 wg2 ==>   50.573846348590820        4.3748938917930120     
 LTM d(wg2)/d(wg2)  0.90554316988861061     
 B before wg2 wg2 ==>    110.22837874683378        9.3925925575562523     
 Q value wg2 wg2 ==>   2.99567439760672274E-005  2.55262296077550968E-006
 B after wg2 wg2 ==>   108.57855611260239        9.3925951101792133     
 LTM d(wg2)/d(wg2)  0.89027446655581355     
 B before wg2 wg2 ==>    138.80176825451940        11.827339477407442     
 Q value wg2 wg2 ==>   2.99567439760672274E-005  2.55262296077550968E-006
 B after wg2 wg2 ==>   136.72427110999934        11.827342030030403     
 LTM d(wg2)/d(wg2)  0.92537227812886935     
 B before wg2 wg2 ==>    124.75830057959702        10.630691468379670     
 Q value wg2 wg2 ==>   2.99567439760672274E-005  2.55262296077550968E-006
 B after wg2 wg2 ==>   122.89100016931499        10.630694021002631     
 LTM d(wg2)/d(wg2)  0.97659522978232738     
 B before wg2 wg2 ==>    166.96678196030169        14.104975629200508     
 Q value wg2 wg2 ==>   2.96992038561287700E-005  2.50892148533445407E-006
 B after wg2 wg2 ==>   163.05378250334132        14.104978138121993     
 LTM d(wg2)/d(wg2)  0.90064074074069678     
 B before wg2 wg2 ==>    51.309654375793677        4.2925383481910826     
 Q value wg2 wg2 ==>   2.94115314436394313E-005  2.46055305062454359E-006
 B after wg2 wg2 ==>   49.621843335155489        4.2925408087441328     
 LTM d(wg2)/d(wg2)  0.84529357302685848     
 B before wg2 wg2 ==>    34.646754024588986        2.8671968720025589     
 Q value wg2 wg2 ==>   2.90936028119118281E-005  2.40764508324205215E-006
 B after wg2 wg2 ==>   33.144871488588485        2.8671992796476422     
 LTM d(wg2)/d(wg2)  0.84527930573399424     
 B before wg2 wg2 ==>    39.606844077120151        3.2776698032726936     
 Q value wg2 wg2 ==>   2.90936028119118281E-005  2.40764508324205215E-006
 B after wg2 wg2 ==>   37.889945419468098        3.2776722109177769     
 LTM d(wg2)/d(wg2)  0.84514079883688908     
 B before wg2 wg2 ==>    16.548624494156684        1.3694836853090699     
 Q value wg2 wg2 ==>   2.90936028119118281E-005  2.40764508324205215E-006
 B after wg2 wg2 ==>   15.831282073268669        1.3694860929541532     
 LTM d(wg2)/d(wg2)  0.84057718068756271     
 B before wg2 wg2 ==>    16.580093596120278        1.3720879151497849     
 Q value wg2 wg2 ==>   2.90936028119118281E-005  2.40764508324205215E-006
 B after wg2 wg2 ==>   15.861387013657692        1.3720903227948682     
 LTM d(wg2)/d(wg2)  0.84152550377285318     
 B before wg2 wg2 ==>    18.208216614500994        1.5068234584051083     
 Q value wg2 wg2 ==>   2.90936028119118281E-005  2.40764508324205215E-006
 B after wg2 wg2 ==>   17.418932140654121        1.5068258660501916     
 LTM d(wg2)/d(wg2)  0.84743488183621496     
 B before wg2 wg2 ==>    11.214502024230054       0.92805765013711772     
 Q value wg2 wg2 ==>   2.90936028119118281E-005  2.40764508324205215E-006
 B after wg2 wg2 ==>   10.728389745083671       0.92806005778220091     
 LTM d(wg2)/d(wg2)  0.83828713609035621     
 B before wg2 wg2 ==>   0.96224503929288174       7.96307199457268466E-002
 Q value wg2 wg2 ==>   2.90936028119118281E-005  2.40764508324205215E-006
 B after wg2 wg2 ==>  0.92056028297975068       7.96331275908100933E-002
 LTM d(wg2)/d(wg2)  0.81635470216648187     
 B before wg2 wg2 ==>    46.019800353582148        3.8083748777830362     
 Q value wg2 wg2 ==>   2.90936028119118281E-005  2.40764508324205215E-006
 B after wg2 wg2 ==>   44.024904931298330        3.8083772854281195     
 LTM d(wg2)/d(wg2)  0.97287995426989538     
 B before wg2 wg2 ==>    35.576192050945188        3.1095661576550699     
 Q value wg2 wg2 ==>   3.07286077929626550E-005  2.68585909160881841E-006
 B after wg2 wg2 ==>   35.946667688847114        3.1095688435141615     
 LTM d(wg2)/d(wg2)  0.96881753432286521     
 B before wg2 wg2 ==>    110.51403984205322        9.6595700221789933     
 Q value wg2 wg2 ==>   3.07286077929626550E-005  2.68585909160881841E-006
 B after wg2 wg2 ==>   111.66482159619719        9.6595727080380858     
 LTM d(wg2)/d(wg2)  0.97325377393861123     
 B before wg2 wg2 ==>    199.71498223479998        17.456251333608314     
 Q value wg2 wg2 ==>   3.07286077929626550E-005  2.68585909160881841E-006
 B after wg2 wg2 ==>   201.79458758043052        17.456254019467405     
 LTM d(wg2)/d(wg2)  0.97362145785961396     
 B before wg2 wg2 ==>    235.62512463623304        20.595006694726393     
 Q value wg2 wg2 ==>   3.07286077929626550E-005  2.68585909160881841E-006
 B after wg2 wg2 ==>   238.07865189951818        20.595009380585484     
 LTM d(wg2)/d(wg2)  0.94006316198415418     
 B before wg2 wg2 ==>    160.08825412813192        13.750676803918118     
 Q value wg2 wg2 ==>   3.01972330212823327E-005  2.59377175364728646E-006
 B after wg2 wg2 ==>   158.95808315535788        13.750679397689872     
 LTM d(wg2)/d(wg2)  0.85987376540657079     
 B before wg2 wg2 ==>    190.14605709416867        15.871790651886332     
 Q value wg2 wg2 ==>   2.93454751906339267E-005  2.44951300028902770E-006
 B after wg2 wg2 ==>   183.47819294374131        15.871793101399332     
 LTM d(wg2)/d(wg2)  0.82435524617055800     
 B before wg2 wg2 ==>    165.41254436391253        13.407324189131110     
 Q value wg2 wg2 ==>   2.84954954799046985E-005  2.30966972485765470E-006
 B after wg2 wg2 ==>   154.98891791815470        13.407326498800835     
 LTM d(wg2)/d(wg2)  0.80207470698566330     
 B before wg2 wg2 ==>    133.97453999290565        10.859152778780885     
 Q value wg2 wg2 ==>   2.84954954799046985E-005  2.30966972485765470E-006
 B after wg2 wg2 ==>   125.53201391902533        10.859155088450610     
 LTM d(wg2)/d(wg2)  0.79003309577524028     
 B before wg2 wg2 ==>    101.60484327380402        8.2354641130527533     
 Q value wg2 wg2 ==>   2.84954954799047053E-005  2.30966972485765555E-006
 B after wg2 wg2 ==>   95.202129188337167        8.2354664227224781     
 LTM d(wg2)/d(wg2)  0.82685927236342505     
 B before wg2 wg2 ==>    46.651118047533259        3.8940422464831204     
 Q value wg2 wg2 ==>   2.93454751906339267E-005  2.44951300028902770E-006
 B after wg2 wg2 ==>   45.015221626127264        3.8940446959961208     
 LTM d(wg2)/d(wg2)  0.89233281545607324     
 B before wg2 wg2 ==>    169.12298346619963        14.116961608457540     
 Q value wg2 wg2 ==>   2.93454751906339301E-005  2.44951300028902855E-006
 B after wg2 wg2 ==>   163.19233993667797        14.116964057970540     
 LTM d(wg2)/d(wg2)  0.85996362685844951     
 B before wg2 wg2 ==>    144.47337692354029        12.059420154927945     
 Q value wg2 wg2 ==>   2.93454751906339267E-005  2.44951300028902770E-006
 B after wg2 wg2 ==>   139.40712642055888        12.059422604440945     
 LTM d(wg2)/d(wg2)  0.87485290412247885     
 B before wg2 wg2 ==>    74.432347572157937        6.2129851991023006     
 Q value wg2 wg2 ==>   2.93454751906339301E-005  2.44951300028902855E-006
 B after wg2 wg2 ==>   71.822240831076400        6.2129876486153011     
 LTM d(wg2)/d(wg2)  0.85475778750661757     
 B before wg2 wg2 ==>    24.450104482640068        2.0294274156914520     
 Q value wg2 wg2 ==>   2.91806759490782810E-005  2.42207814782610668E-006
 B after wg2 wg2 ==>   23.460242769120246        2.0294298377695998     
 LTM d(wg2)/d(wg2)  0.84181332506663964     
 B before wg2 wg2 ==>   0.62338456878309834       5.15882753230233471E-002
 Q value wg2 wg2 ==>   2.90936028119118281E-005  2.40764508324205215E-006
 B after wg2 wg2 ==>  0.59638915548156324       5.15906829681065868E-002
 LTM d(wg2)/d(wg2)  0.83848421404144879     
 B before wg2 wg2 ==>    15.721150545770360        1.3010059654397548     
 Q value wg2 wg2 ==>   2.90936028119118281E-005  2.40764508324205215E-006
 B after wg2 wg2 ==>   15.039678489586498        1.3010083730848381     
 LTM d(wg2)/d(wg2)  0.84658679548529225     
 B before wg2 wg2 ==>    46.645024336911746        3.8601153741086476     
 Q value wg2 wg2 ==>   2.90936028119118281E-005  2.40764508324205215E-006
 B after wg2 wg2 ==>   44.623025931691060        3.8601177817537309     
 LTM d(wg2)/d(wg2)  0.83518179785333857     
 B before wg2 wg2 ==>    26.934060666498670        2.2289318773846745     
 Q value wg2 wg2 ==>   2.90936028119118281E-005  2.40764508324205215E-006
 B after wg2 wg2 ==>   25.766517506554067        2.2289342850297578     
 LTM d(wg2)/d(wg2)  0.83260844198556339     
 B before wg2 wg2 ==>    65.578739074571303        5.4269775290071607     
 Q value wg2 wg2 ==>   2.90936028119118281E-005  2.40764508324205215E-006
 B after wg2 wg2 ==>   62.735978572648158        5.4269799366522440     
 LTM d(wg2)/d(wg2)  0.96999841648663743     
 B before wg2 wg2 ==>    140.47955635792795        12.278730496717259     
 Q value wg2 wg2 ==>   3.07286077929626550E-005  2.68585909160881841E-006
 B after wg2 wg2 ==>   141.94236036121453        12.278733182576351     
 LTM d(wg2)/d(wg2)  0.96488686063811357     
 B before wg2 wg2 ==>    190.18055941711603        16.622887310719399     
 Q value wg2 wg2 ==>   3.07286077929626550E-005  2.68585909160881841E-006
 B after wg2 wg2 ==>   192.16088557794509        16.622889996578490     
 LTM d(wg2)/d(wg2)  0.96243601606677776     
 B before wg2 wg2 ==>    137.49169403855592        12.017573947451185     
 Q value wg2 wg2 ==>   3.07286077929626550E-005  2.68585909160881841E-006
 B after wg2 wg2 ==>   138.92338629642924        12.017576633310277     
 LTM d(wg2)/d(wg2)  0.96012552155101616     
 B before wg2 wg2 ==>    65.229252666494247        5.7014161687232434     
 Q value wg2 wg2 ==>   3.07286077929626550E-005  2.68585909160881841E-006
 B after wg2 wg2 ==>   65.908497040697583        5.7014188545823350     
 LTM d(wg2)/d(wg2)  0.90684113352902573     
 B before wg2 wg2 ==>    121.64368925856351        10.365294522092277     
 Q value wg2 wg2 ==>   2.99567439760672274E-005  2.55262296077550968E-006
 B after wg2 wg2 ==>   119.82300704424679        10.365297074715238     
 LTM d(wg2)/d(wg2)  0.89363818552772212     
 B before wg2 wg2 ==>    155.75518522106555        13.271945121030800     
 Q value wg2 wg2 ==>   2.99567439760672274E-005  2.55262296077550968E-006
 B after wg2 wg2 ==>   153.42393644176173        13.271947673653761     
 LTM d(wg2)/d(wg2)  0.88551296441295779     
 B before wg2 wg2 ==>    50.157492729167146        4.2739347005699235     
 Q value wg2 wg2 ==>   2.99567439760672274E-005  2.55262296077550968E-006
 B after wg2 wg2 ==>   49.406785922734294        4.2739372531928845     
 LTM d(wg2)/d(wg2)  0.99844179089223961     
 B before wg2 wg2 ==>    170.42842183910912        14.522255926839115     
 Q value wg2 wg2 ==>   2.99567439760672274E-005  2.55262296077550968E-006
 B after wg2 wg2 ==>   167.87755020815572        14.522258479462076     
 LTM d(wg2)/d(wg2)  0.96737404534837412     
 B before wg2 wg2 ==>    77.253588554173135        6.5828009914305481     
 Q value wg2 wg2 ==>   2.99567439760672274E-005  2.55262296077550968E-006
 B after wg2 wg2 ==>   76.097318749707512        6.5828035440535091     
 LTM d(wg2)/d(wg2)  0.91250186880262918     
 B before wg2 wg2 ==>    4.6545844025380871       0.39661850527809228     
 Q value wg2 wg2 ==>   2.99567439760672274E-005  2.55262296077550968E-006
 B after wg2 wg2 ==>   4.5849460437273688       0.39662105790105306     
 LTM d(wg2)/d(wg2)  0.89782937110785677     
 B before wg2 wg2 ==>    14.832799045035660        1.2639071671198940     
 Q value wg2 wg2 ==>   2.99567439760672274E-005  2.55262296077550968E-006
 B after wg2 wg2 ==>   14.610817438264371        1.2639097197428548     
 LTM d(wg2)/d(wg2)  0.90586028345143843     
 B before wg2 wg2 ==>    16.667126232064330        1.4202107259754531     
 Q value wg2 wg2 ==>   2.99567439760672274E-005  2.55262296077550968E-006
 B after wg2 wg2 ==>   16.417689185286154        1.4202132785984138     
 LTM d(wg2)/d(wg2)  0.84733168547936855     
 B before wg2 wg2 ==>    17.620314965784175        1.4581715769893280     
 Q value wg2 wg2 ==>   2.90936028119118281E-005  2.40764508324205215E-006
 B after wg2 wg2 ==>   16.856515580127411        1.4581739846344113     
 LTM d(wg2)/d(wg2)  0.84040952038862604     
 B before wg2 wg2 ==>    24.579593814227390        2.0340876507285524     
 Q value wg2 wg2 ==>   2.90936028119118281E-005  2.40764508324205215E-006
 B after wg2 wg2 ==>   23.514114997020712        2.0340900583736357     
 LTM d(wg2)/d(wg2)  0.87287294130329385     
 B before wg2 wg2 ==>    22.660083720020211        1.9127394620041565     
 Q value wg2 wg2 ==>   2.96754184767961874E-005  2.50490442459868871E-006
 B after wg2 wg2 ==>   22.111329035980365        1.9127419669085810     
 LTM d(wg2)/d(wg2)  0.90853235871138993     
 B before wg2 wg2 ==>    46.285515398721017        3.9282595065683465     
 Q value wg2 wg2 ==>   2.98371687315400510E-005  2.53228554784538003E-006
 B after wg2 wg2 ==>   45.410774680200731        3.9282620388538945     
 LTM d(wg2)/d(wg2)  0.92665052012225968     
 B before wg2 wg2 ==>    43.613319448071920        3.7367058330250176     
 Q value wg2 wg2 ==>   3.01212029042410758E-005  2.58072708095562267E-006
 B after wg2 wg2 ==>   43.196411579512265        3.7367084137520985     
 LTM d(wg2)/d(wg2)  0.81720253612578120     
 B before wg2 wg2 ==>    50.634778037731046        4.1902879877662249     
 Q value wg2 wg2 ==>   2.90936028119118281E-005  2.40764508324205215E-006
 B after wg2 wg2 ==>   48.439826851812896        4.1902903954113082     
 LTM d(wg2)/d(wg2)  0.93949090809195590     
 B before wg2 wg2 ==>    68.332490702525476        5.9213592900419298     
 Q value wg2 wg2 ==>   3.04646860373908176E-005  2.63992062679266189E-006
 B after wg2 wg2 ==>   68.451042660051357        5.9213619299625568     
 LTM d(wg2)/d(wg2)  0.96317021579384476     
 B before wg2 wg2 ==>    59.717627881453957        5.2196680974088254     
 Q value wg2 wg2 ==>   3.07286077929626550E-005  2.68585909160881841E-006
 B after wg2 wg2 ==>   60.339481302261007        5.2196707832679170     
 LTM d(wg2)/d(wg2)  0.96596122566133835     
 B before wg2 wg2 ==>    142.06210837674575        12.417054750009957     
 Q value wg2 wg2 ==>   3.07286077929626550E-005  2.68585909160881841E-006
 B after wg2 wg2 ==>   143.54139103609137        12.417057435869049     
 LTM d(wg2)/d(wg2)  0.96580905084801061     
 B before wg2 wg2 ==>    141.20164159869839        12.341844947651936     
 Q value wg2 wg2 ==>   3.07286077929626550E-005  2.68585909160881841E-006
 B after wg2 wg2 ==>   142.67196446656982        12.341847633511028     
 LTM d(wg2)/d(wg2)  0.96898575688883348     
 B before wg2 wg2 ==>    165.62075749435925        14.476217740565463     
 Q value wg2 wg2 ==>   3.07286077929626550E-005  2.68585909160881841E-006
 B after wg2 wg2 ==>   167.34534954727212        14.476220426424556     
 LTM d(wg2)/d(wg2)  0.97721026873726669     
 B before wg2 wg2 ==>    156.33339730364443        13.664448428615383     
 Q value wg2 wg2 ==>   3.07286077929626550E-005  2.68585909160881841E-006
 B after wg2 wg2 ==>   157.96128276337149        13.664451114474476     
 LTM d(wg2)/d(wg2)  0.91569227084286109     
 B before wg2 wg2 ==>    141.03471075317950        12.040368966068566     
 Q value wg2 wg2 ==>   3.00134781858164159E-005  2.56230079377202546E-006
 B after wg2 wg2 ==>   139.18689566345938        12.040371528369361     
 LTM d(wg2)/d(wg2)  0.88418215373417908     
 B before wg2 wg2 ==>    129.96563318885109        10.891301180046208     
 Q value wg2 wg2 ==>   2.94614274340215179E-005  2.46890867612477336E-006
 B after wg2 wg2 ==>   125.90365181459156        10.891303648954883     
 LTM d(wg2)/d(wg2)  0.78218818866680018     
 B before wg2 wg2 ==>    76.516288511823490        6.2019400630833781     
 Q value wg2 wg2 ==>   2.84954954799046985E-005  2.30966972485765470E-006
 B after wg2 wg2 ==>   71.694557257908940        6.2019423727531029     
 LTM d(wg2)/d(wg2)  0.83551386458617583     
 B before wg2 wg2 ==>    46.219553450561229        3.8580188703448846     
 Q value wg2 wg2 ==>   2.93454751906339301E-005  2.44951300028902855E-006
 B after wg2 wg2 ==>   44.598790797212700        3.8580213198578850     
 LTM d(wg2)/d(wg2)  0.88073855967997194     
 B before wg2 wg2 ==>    195.25733767049013        16.298437286111572     
 Q value wg2 wg2 ==>   2.93454751906339267E-005  2.44951300028902770E-006
 B after wg2 wg2 ==>   188.41023515050841        16.298439735624573     
 LTM d(wg2)/d(wg2)  0.91659935426299888     
 B before wg2 wg2 ==>    206.53816593515577        17.740461865335966     
 Q value wg2 wg2 ==>   3.01972330212823327E-005  2.59377175364728646E-006
 B after wg2 wg2 ==>   205.08006500240836        17.740464459107720     
 LTM d(wg2)/d(wg2)  0.91618753171565903     
 B before wg2 wg2 ==>    191.90236787516753        16.352057218967779     
 Q value wg2 wg2 ==>   2.99567440448829352E-005  2.55262297250312341E-006
 B after wg2 wg2 ==>   189.03008366049093        16.352059771590753     
 LTM d(wg2)/d(wg2)  0.85847045631294006     
 B before wg2 wg2 ==>    115.15330550454952        9.5855327962415622     
 Q value wg2 wg2 ==>   2.92645865345613878E-005  2.43602780455489945E-006
 B after wg2 wg2 ==>   110.80894714159867        9.5855352322693665     
 LTM d(wg2)/d(wg2)  0.84930022278159223     
 B before wg2 wg2 ==>    77.828546440069132        6.4407120143809591     
 Q value wg2 wg2 ==>   2.90936028119118281E-005  2.40764508324205215E-006
 B after wg2 wg2 ==>   74.454766129470556        6.4407144220260424     
 LTM d(wg2)/d(wg2)  0.84101837307429750     
 B before wg2 wg2 ==>    56.334998342610241        4.6620104993837899     
 Q value wg2 wg2 ==>   2.90936028119118281E-005  2.40764508324205215E-006
 B after wg2 wg2 ==>   53.892946952959065        4.6620129070288732     
 LTM d(wg2)/d(wg2)  0.84329860569293702     
 B before wg2 wg2 ==>    54.951810865230804        4.5475446303525722     
 Q value wg2 wg2 ==>   2.90936028119118281E-005  2.40764508324205215E-006
 B after wg2 wg2 ==>   52.569719598027689        4.5475470379976555     
 LTM d(wg2)/d(wg2)  0.83907590995624060     
 B before wg2 wg2 ==>    52.834134795656880        4.3722960573322007     
 Q value wg2 wg2 ==>   2.90936028119118281E-005  2.40764508324205215E-006
 B after wg2 wg2 ==>   50.543843171317448        4.3722984649772840     
 LTM d(wg2)/d(wg2)  0.84052518124161157     
 B before wg2 wg2 ==>    103.10140006949027        8.5321704760142758     
 Q value wg2 wg2 ==>   2.90936028119118281E-005  2.40764508324205215E-006
 B after wg2 wg2 ==>   98.632060824897621        8.5321728836593582     
 LTM d(wg2)/d(wg2)  0.94258917450814239     
 B before wg2 wg2 ==>    133.05512173896503        11.490280547355482     
 Q value wg2 wg2 ==>   3.03599869147065250E-005  2.62180637997838615E-006
 B after wg2 wg2 ==>   132.82786505727782        11.490283169161861     
 LTM d(wg2)/d(wg2)  0.96157978584121528     
 B before wg2 wg2 ==>    176.67462690429321        15.442390235335209     
 Q value wg2 wg2 ==>   3.07286077929626550E-005  2.68585909160881841E-006
 B after wg2 wg2 ==>   178.51431969952733        15.442392921194301     
 LTM d(wg2)/d(wg2)  0.96011343438965380     
 B before wg2 wg2 ==>    70.024330650081637        6.1205338809204406     
 Q value wg2 wg2 ==>   3.07286077929626550E-005  2.68585909160881841E-006
 B after wg2 wg2 ==>   70.753504783261789        6.1205365667795322     
 LTM d(wg2)/d(wg2)  0.89466851633058531     
 B before wg2 wg2 ==>    122.14248215933192        10.407796811800079     
 Q value wg2 wg2 ==>   2.99567439760672274E-005  2.55262296077550968E-006
 B after wg2 wg2 ==>   120.31433422207343        10.407799364423040     
 LTM d(wg2)/d(wg2)  0.89391295026084217     
 B before wg2 wg2 ==>    166.24921911628621        14.166144834240534     
 Q value wg2 wg2 ==>   2.99567439760672274E-005  2.55262296077550968E-006
 B after wg2 wg2 ==>   163.76090003890369        14.166147386863495     
 LTM d(wg2)/d(wg2)  0.90893923346946481     
 B before wg2 wg2 ==>    156.76213361355263        13.357747489573658     
 Q value wg2 wg2 ==>   2.99567439760672274E-005  2.55262296077550968E-006
 B after wg2 wg2 ==>   154.41581325303068        13.357750042196619     
 LTM d(wg2)/d(wg2)  0.89857374111042987     
 B before wg2 wg2 ==>    75.051768990832855        6.3951832991554030     
 Q value wg2 wg2 ==>   2.99567439760672274E-005  2.55262296077550968E-006
 B after wg2 wg2 ==>   73.928455098134108        6.3951858517783640     
 LTM d(wg2)/d(wg2)  0.90557368949733363     
 B before wg2 wg2 ==>    31.369857251571055        2.6730347584031007     
 Q value wg2 wg2 ==>   2.99567439760672274E-005  2.55262296077550968E-006
 B after wg2 wg2 ==>   30.900355893312348        2.6730373110260612     
 LTM d(wg2)/d(wg2)  0.89909592774957459     
 B before wg2 wg2 ==>    40.034730878680605        3.4113711874371919     
 Q value wg2 wg2 ==>   2.99567439760672274E-005  2.55262296077550968E-006
 B after wg2 wg2 ==>   39.435537326074751        3.4113737400601525     
 LTM d(wg2)/d(wg2)  0.90144239272162174     
 B before wg2 wg2 ==>    34.714252483878639        2.9580116593211967     
 Q value wg2 wg2 ==>   2.99567439760672274E-005  2.55262296077550968E-006
 B after wg2 wg2 ==>   34.194693620443502        2.9580142119441573     
 LTM d(wg2)/d(wg2)  0.87658968108829127     
 B before wg2 wg2 ==>    50.473311972922161        4.2455058742992007     
 Q value wg2 wg2 ==>   2.95712843201975552E-005  2.48735532471740243E-006
 B after wg2 wg2 ==>   49.078147462446402        4.2455083616545251     
 LTM d(wg2)/d(wg2)  0.87197998704525048     
 B before wg2 wg2 ==>    49.574355103003995        4.1596565519872097     
 Q value wg2 wg2 ==>   2.94987045927177222E-005  2.47516038442218865E-006
 B after wg2 wg2 ==>   48.085727723849523        4.1596590271475939     
 LTM d(wg2)/d(wg2)  0.83554700477180854     
 B before wg2 wg2 ==>    46.244114206032215        3.8269380013482404     
 Q value wg2 wg2 ==>   2.90936028119118281E-005  2.40764508324205215E-006
 B after wg2 wg2 ==>   44.239494949286581        3.8269404089933237     
 LTM d(wg2)/d(wg2)  0.92467538058244947     
 B before wg2 wg2 ==>    50.078972090532574        4.2906705907904215     
 Q value wg2 wg2 ==>   3.01212029042410758E-005  2.58072708095562267E-006
 B after wg2 wg2 ==>   49.600253417669329        4.2906731715175024     
 LTM d(wg2)/d(wg2)  0.91621240757904054     
 B before wg2 wg2 ==>    53.945351419688151        4.6219345802041349     
 Q value wg2 wg2 ==>   3.01212029042410758E-005  2.58072708095562267E-006
 B after wg2 wg2 ==>   53.429670659732814        4.6219371609312159     
 LTM d(wg2)/d(wg2)  0.93488893503194670     
 B before wg2 wg2 ==>    51.159565396198637        4.3832537594074727     
 Q value wg2 wg2 ==>   3.01212029042410758E-005  2.58072708095562267E-006
 B after wg2 wg2 ==>   50.670516390878362        4.3832563401345537     
 LTM d(wg2)/d(wg2)  0.87910137556395795     
 B before wg2 wg2 ==>    44.521986153783544        3.7581043784011436     
 Q value wg2 wg2 ==>   2.96754184767961874E-005  2.50490442459868871E-006
 B after wg2 wg2 ==>   43.443778244409515        3.7581068833055684     
 LTM d(wg2)/d(wg2)  0.94864779910080244     
 B before wg2 wg2 ==>    72.012288428442886        6.2678572599288946     
 Q value wg2 wg2 ==>   3.05995492718352799E-005  2.66334553781895157E-006
 B after wg2 wg2 ==>   72.456565241232838        6.2678599232744325     
 LTM d(wg2)/d(wg2)  0.96713783025240474     
 B before wg2 wg2 ==>    145.47853864128956        12.715670630973296     
 Q value wg2 wg2 ==>   3.07286077929626550E-005  2.68585909160881841E-006
 B after wg2 wg2 ==>   146.99339560000081        12.715673316832389     
 LTM d(wg2)/d(wg2)  0.97627866472962732     
 B before wg2 wg2 ==>    143.60554756253683        12.551960314148520     
 Q value wg2 wg2 ==>   3.07286077929626550E-005  2.68585909160881841E-006
 B after wg2 wg2 ==>   145.10090160733347        12.551963000007612     
 LTM d(wg2)/d(wg2)  0.91475428350683385     
 B before wg2 wg2 ==>    157.93003494599364        13.531143473158139     
 Q value wg2 wg2 ==>   3.01212029042410758E-005  2.58072708095562267E-006
 B after wg2 wg2 ==>   156.42027403985074        13.531146053885220     
 LTM d(wg2)/d(wg2)  0.92924146027901555     
 B before wg2 wg2 ==>    91.609843950367207        7.8489562955516377     
 Q value wg2 wg2 ==>   3.01212029042410758E-005  2.58072708095562267E-006
 B after wg2 wg2 ==>   90.734095505717661        7.8489588762787186     
 LTM d(wg2)/d(wg2)  0.84510870812929639     
 B before wg2 wg2 ==>    17.017922019315371        1.4246887251845288     
 Q value wg2 wg2 ==>   2.94317443327805172E-005  2.46393621182622727E-006
 B after wg2 wg2 ==>   16.469453905601707        1.4246911891207406     
 LTM d(wg2)/d(wg2)  0.88572252222284698     
 B before wg2 wg2 ==>    177.28682842392416        14.798410595955033     
 Q value wg2 wg2 ==>   2.93454751906339301E-005  2.44951300028902855E-006
 B after wg2 wg2 ==>   171.06990159657377        14.798413045468033     
 LTM d(wg2)/d(wg2)  0.94782562510145796     
 B before wg2 wg2 ==>    177.46872407032166        15.511798947482811     
 Q value wg2 wg2 ==>   3.07286077929626550E-005  2.68585909160881841E-006
 B after wg2 wg2 ==>   179.31668556947253        15.511801633341904     
 LTM d(wg2)/d(wg2)  0.95172449358978839     
 B before wg2 wg2 ==>    170.25115497909150        14.880941419097326     
 Q value wg2 wg2 ==>   3.07286077929626550E-005  2.68585909160881841E-006
 B after wg2 wg2 ==>   172.02396202061789        14.880944104956418     
 LTM d(wg2)/d(wg2)  0.94500954198949305     
 B before wg2 wg2 ==>    187.41396434102728        16.381070805787637     
 Q value wg2 wg2 ==>   3.07286077929626550E-005  2.68585909160881841E-006
 B after wg2 wg2 ==>   189.36548274819555        16.381073491646728     
 LTM d(wg2)/d(wg2)  0.96307073465402759     
 B before wg2 wg2 ==>    116.69600505239738        10.112304798546658     
 Q value wg2 wg2 ==>   3.04646860373908176E-005  2.63992062679266189E-006
 B after wg2 wg2 ==>   116.89844263014940        10.112307438467285     
 LTM d(wg2)/d(wg2)  0.85699060123263426     
 B before wg2 wg2 ==>    91.546924031637730        7.5759782298417333     
 Q value wg2 wg2 ==>   2.90936028119118281E-005  2.40764508324205215E-006
 B after wg2 wg2 ==>   87.578462512865229        7.5759806374868166     
 LTM d(wg2)/d(wg2)  0.85042872588459473     
 B before wg2 wg2 ==>    106.47112403420152        8.8110324439860879     
 Q value wg2 wg2 ==>   2.90936028119118281E-005  2.40764508324205215E-006
 B after wg2 wg2 ==>   101.85570982519189        8.8110348516311703     
 LTM d(wg2)/d(wg2)  0.84581674906647530     
 B before wg2 wg2 ==>    68.081982524325383        5.6341337833535867     
 Q value wg2 wg2 ==>   2.90936028119118281E-005  2.40764508324205215E-006
 B after wg2 wg2 ==>   65.130708327607309        5.6341361909986700     
 LTM d(wg2)/d(wg2)  0.84106835668237889     
 B before wg2 wg2 ==>    84.126377545904916        6.9618898896369652     
 Q value wg2 wg2 ==>   2.90936028119118281E-005  2.40764508324205215E-006
 B after wg2 wg2 ==>   80.479591059036949        6.9618922972820485     
 LTM d(wg2)/d(wg2)  0.96864389303195231     
 B before wg2 wg2 ==>    135.48482391622051        11.842161823346196     
 Q value wg2 wg2 ==>   3.07286077929626550E-005  2.68585909160881841E-006
 B after wg2 wg2 ==>   136.89561921645330        11.842164509205288     
 LTM d(wg2)/d(wg2)  0.96186372079874072     
 B before wg2 wg2 ==>    166.60035322402845        14.561840106354380     
 Q value wg2 wg2 ==>   3.07286077929626550E-005  2.68585909160881841E-006
 B after wg2 wg2 ==>   168.33514552370363        14.561842792213472     
 LTM d(wg2)/d(wg2)  0.96003167455399208     
 B before wg2 wg2 ==>    53.955299554579113        4.7160070780145045     
 Q value wg2 wg2 ==>   3.07286077929626550E-005  2.68585909160881841E-006
 B after wg2 wg2 ==>   54.517151518581727        4.7160097638735961     
 LTM d(wg2)/d(wg2)  0.89147639378510357     
 B before wg2 wg2 ==>    134.30475697210744        11.444147824018071     
 Q value wg2 wg2 ==>   2.99567439760672274E-005  2.55262296077550968E-006
 B after wg2 wg2 ==>   132.29456920638719        11.444150376641032     
 LTM d(wg2)/d(wg2)  0.88847129936065239     
 B before wg2 wg2 ==>    125.65309397014070        10.706937076236009     
 Q value wg2 wg2 ==>   2.99567439760672274E-005  2.55262296077550968E-006
 B after wg2 wg2 ==>   123.77240066767109        10.706939628858970     
 LTM d(wg2)/d(wg2)  0.91540005375857780     
 B before wg2 wg2 ==>    141.68283567040092        12.072836078880442     
 Q value wg2 wg2 ==>   2.99567439760672274E-005  2.55262296077550968E-006
 B after wg2 wg2 ==>   139.56221591713802        12.072838631503403     
 LTM d(wg2)/d(wg2)  0.90185106916031299     
 B before wg2 wg2 ==>    50.295107736091104        4.2856609157654741     
 Q value wg2 wg2 ==>   2.99567439760672274E-005  2.55262296077550968E-006
 B after wg2 wg2 ==>   49.542341165951228        4.2856634683884351     
 LTM d(wg2)/d(wg2)  0.90566218968544310     
 B before wg2 wg2 ==>    31.995000427557294        2.7263033922062090     
 Q value wg2 wg2 ==>   2.99567439760672274E-005  2.55262296077550968E-006
 B after wg2 wg2 ==>   31.516142188429470        2.7263059448291695     
 LTM d(wg2)/d(wg2)  0.84350077618821406     
 B before wg2 wg2 ==>    32.169885423642135        2.6622232718795558     
 Q value wg2 wg2 ==>   2.90936028119118281E-005  2.40764508324205215E-006
 B after wg2 wg2 ==>   30.775373252851914        2.6622256795246391     
 LTM d(wg2)/d(wg2)  0.85869098814811873     
 B before wg2 wg2 ==>    26.255611130983105        2.1974222946911524     
 Q value wg2 wg2 ==>   2.94234733910165037E-005  2.46255157018128052E-006
 B after wg2 wg2 ==>   25.402266839856168        2.1974247572427226     
 LTM d(wg2)/d(wg2)  0.83809349183503068     
 B before wg2 wg2 ==>    47.245788543163172        3.9098316982339241     
 Q value wg2 wg2 ==>   2.90936028119118281E-005  2.40764508324205215E-006
 B after wg2 wg2 ==>   45.197747467691102        3.9098341058790074     
 LTM d(wg2)/d(wg2)  0.91417771031118999     
 B before wg2 wg2 ==>    52.237758588299009        4.4756312908826068     
 Q value wg2 wg2 ==>   3.01212029042410758E-005  2.58072708095562267E-006
 B after wg2 wg2 ==>   51.738402195297454        4.4756338716096877     
 LTM d(wg2)/d(wg2)  0.90823808382690385     
 B before wg2 wg2 ==>    49.611048391189193        4.2505797827786882     
 Q value wg2 wg2 ==>   3.01212029042410758E-005  2.58072708095562267E-006
 B after wg2 wg2 ==>   49.136803008465172        4.2505823635057691     
 LTM d(wg2)/d(wg2)  0.91347586492439570     
 B before wg2 wg2 ==>    50.057035285391635        4.2887910872633928     
 Q value wg2 wg2 ==>   3.01212029042410758E-005  2.58072708095562267E-006
 B after wg2 wg2 ==>   49.578526325552673        4.2887936679904737     
 LTM d(wg2)/d(wg2)  0.90961401000549669     
 B before wg2 wg2 ==>    51.423052632589886        4.4058288421026370     
 Q value wg2 wg2 ==>   3.01212029042410758E-005  2.58072708095562267E-006
 B after wg2 wg2 ==>   50.931484723315805        4.4058314228297180     
 LTM d(wg2)/d(wg2)  0.90868505225857865     
 B before wg2 wg2 ==>    51.993163162408912        4.4546748223949697     
 Q value wg2 wg2 ==>   3.01212029042410758E-005  2.58072708095562267E-006
 B after wg2 wg2 ==>   51.496145070092417        4.4546774031220506     
 LTM d(wg2)/d(wg2)  0.92606184822133419     
 B before wg2 wg2 ==>    66.278563597945990        5.6786206217539634     
 Q value wg2 wg2 ==>   3.01212029042410758E-005  2.58072708095562267E-006
 B after wg2 wg2 ==>   65.644978922246921        5.6786232024810444     
 LTM d(wg2)/d(wg2)  0.83405831543399944     
 B before wg2 wg2 ==>    33.889392641889010        2.8473876370464022     
 Q value wg2 wg2 ==>   2.95382902469546181E-005  2.48180790247348398E-006
 B after wg2 wg2 ==>   32.915877259463038        2.8473901188543045     
 LTM d(wg2)/d(wg2)  0.81037196391730093     
 B before wg2 wg2 ==>    19.236495868556759        1.5919188488327776     
 Q value wg2 wg2 ==>   2.90936028119118349E-005  2.40764508324205300E-006
 B after wg2 wg2 ==>   18.402636273121317        1.5919212564778609     
 LTM d(wg2)/d(wg2)  0.80979291522931329     
 B before wg2 wg2 ==>    12.617261387850526        1.0441431932933536     
 Q value wg2 wg2 ==>   2.90936028119118281E-005  2.40764508324205215E-006
 B after wg2 wg2 ==>   12.070340559911333        1.0441456009384369     
 LTM d(wg2)/d(wg2)  0.89933807913292485     
 B before wg2 wg2 ==>    4.6282747123294659       0.39654172929889819     
 Q value wg2 wg2 ==>   3.01212029042410860E-005  2.58072708095562437E-006
 B after wg2 wg2 ==>   4.5840588370116011       0.39654431002597917     
 LTM d(wg2)/d(wg2)  0.92299511947611668     
 B before wg2 wg2 ==>    28.769518311671224        2.4822638841009068     
 Q value wg2 wg2 ==>   3.03331771947047056E-005  2.61717799459656162E-006
 B after wg2 wg2 ==>   28.695042151178374        2.4822665012789016     
 LTM d(wg2)/d(wg2)  0.91860902102268605     
 B before wg2 wg2 ==>    149.73148690074589        12.828707550125745     
 Q value wg2 wg2 ==>   3.01212029042410758E-005  2.58072708095562267E-006
 B after wg2 wg2 ==>   148.30010305517544        12.828710130852826     
 LTM d(wg2)/d(wg2)  0.94176829397963968     
 B before wg2 wg2 ==>    177.44245204516767        15.202930067565688     
 Q value wg2 wg2 ==>   3.01212029042410758E-005  2.58072708095562267E-006
 B after wg2 wg2 ==>   175.74615495134179        15.202932648292769     
 LTM d(wg2)/d(wg2)  0.92065611623610633     
 B before wg2 wg2 ==>    112.48925119289380        9.6378639921131999     
 Q value wg2 wg2 ==>   3.01212029042410758E-005  2.58072708095562267E-006
 B after wg2 wg2 ==>   111.41389831132052        9.6378665728402808     
 LTM d(wg2)/d(wg2)  0.93528736949561420     
 B before wg2 wg2 ==>    58.752900406667557        5.0338361866294088     
 Q value wg2 wg2 ==>   3.01212029042410758E-005  2.58072708095562267E-006
 B after wg2 wg2 ==>   58.191260099231641        5.0338387673564897     
 LTM d(wg2)/d(wg2)  0.90845794660695944     
 B before wg2 wg2 ==>    48.580676182145467        4.1384987148567882     
 Q value wg2 wg2 ==>   2.99489646662547768E-005  2.55129737836253058E-006
 B after wg2 wg2 ==>   47.841143653920632        4.1385012661541669     
 LTM d(wg2)/d(wg2)  0.85259441519913870     
 B before wg2 wg2 ==>    41.409229327186878        3.4564935449151526     
 Q value wg2 wg2 ==>   2.93454751906339267E-005  2.44951300028902770E-006
 B after wg2 wg2 ==>   39.957151339066051        3.4564959944281530     
 LTM d(wg2)/d(wg2)  0.85958710316387288     
 B before wg2 wg2 ==>    121.73429467476900        10.161353171136723     
 Q value wg2 wg2 ==>   2.93454751906339301E-005  2.44951300028902855E-006
 B after wg2 wg2 ==>   117.46544043414772        10.161355620649722     
 LTM d(wg2)/d(wg2)  0.94923182341960233     
 B before wg2 wg2 ==>    140.17323261677711        12.251956019634246     
 Q value wg2 wg2 ==>   3.07286077929626550E-005  2.68585909160881841E-006
 B after wg2 wg2 ==>   141.63284695962085        12.251958705493339     
 LTM d(wg2)/d(wg2)  0.91479822621507689     
 B before wg2 wg2 ==>    160.54814701041562        13.680354835544914     
 Q value wg2 wg2 ==>   2.99567440448829352E-005  2.55262297250312341E-006
 B after wg2 wg2 ==>   158.14515955253390        13.680357388167886     
 LTM d(wg2)/d(wg2)  0.94896902029987962     
 B before wg2 wg2 ==>    153.87788977459709        13.449822785115970     
 Q value wg2 wg2 ==>   3.07286077929626550E-005  2.68585909160881841E-006
 B after wg2 wg2 ==>   155.48020674523789        13.449825470975062     
 LTM d(wg2)/d(wg2)  0.94583885844130322     
 B before wg2 wg2 ==>    144.32313959244601        12.614682032313667     
 Q value wg2 wg2 ==>   3.07286077929626550E-005  2.68585909160881841E-006
 B after wg2 wg2 ==>   145.82596571532346        12.614684718172759     
 LTM d(wg2)/d(wg2)  0.94811227752355975     
 B before wg2 wg2 ==>    151.37509164481585        13.231063667988835     
 Q value wg2 wg2 ==>   3.07286077929626550E-005  2.68585909160881841E-006
 B after wg2 wg2 ==>   152.95134770303451        13.231066353847927     
 LTM d(wg2)/d(wg2)  0.85578768639521818     
 B before wg2 wg2 ==>    150.83894010152218        12.482697136024024     
 Q value wg2 wg2 ==>   2.90936028119118281E-005  2.40764508324205215E-006
 B after wg2 wg2 ==>   144.30021489696384        12.482699543669106     
 LTM d(wg2)/d(wg2)  0.84131264810396822     
 B before wg2 wg2 ==>    61.223527391879379        5.0665613900331889     
 Q value wg2 wg2 ==>   2.90936028119118281E-005  2.40764508324205215E-006
 B after wg2 wg2 ==>   58.569561995501971        5.0665637976782723     
 LTM d(wg2)/d(wg2)  0.91098982687802388     
 B before wg2 wg2 ==>    136.95501117885243        11.734043535561442     
 Q value wg2 wg2 ==>   3.01212029042410758E-005  2.58072708095562267E-006
 B after wg2 wg2 ==>   135.64576879126093        11.734046116288523     
 LTM d(wg2)/d(wg2)  0.97070822288197689     
 B before wg2 wg2 ==>    142.69873209972977        12.472699367098727     
 Q value wg2 wg2 ==>   3.07286077929626550E-005  2.68585909160881841E-006
 B after wg2 wg2 ==>   144.18464373761469        12.472702052957819     
 LTM d(wg2)/d(wg2)  0.95998130196959164     
 B before wg2 wg2 ==>    121.01051486612155        10.577023004858386     
 Q value wg2 wg2 ==>   3.07286077929626550E-005  2.68585909160881841E-006
 B after wg2 wg2 ==>   122.27059337619976        10.577025690717479     
 LTM d(wg2)/d(wg2)  0.95941437725473611     
 B before wg2 wg2 ==>    42.926555442964279        3.7520306804898582     
 Q value wg2 wg2 ==>   3.07286077929626550E-005  2.68585909160881841E-006
 B after wg2 wg2 ==>   43.373568287103858        3.7520333663489498     
 LTM d(wg2)/d(wg2)  0.88716256344989586     
 B before wg2 wg2 ==>    100.11941068375405        8.5312044171035026     
 Q value wg2 wg2 ==>   2.99567439760672274E-005  2.55262296077550968E-006
 B after wg2 wg2 ==>   98.620894843724955        8.5312069697264636     
 LTM d(wg2)/d(wg2)  0.88913506230511363     
 B before wg2 wg2 ==>    120.01742778971770        10.226720304249485     
 Q value wg2 wg2 ==>   2.99567439760672274E-005  2.55262296077550968E-006
 B after wg2 wg2 ==>   118.22108677500221        10.226722856872446     
 LTM d(wg2)/d(wg2)  0.93099853708875813     
 B before wg2 wg2 ==>    87.149586064954320        7.4260418485136288     
 Q value wg2 wg2 ==>   2.99567439760672274E-005  2.55262296077550968E-006
 B after wg2 wg2 ==>   85.845197120191997        7.4260444011365898     
 LTM d(wg2)/d(wg2)  0.83486377985833460     
 B before wg2 wg2 ==>    49.245500175911182        4.0753181081369432     
 Q value wg2 wg2 ==>   2.90936028119118281E-005  2.40764508324205215E-006
 B after wg2 wg2 ==>   47.110773125962588        4.0753205157820265     
 LTM d(wg2)/d(wg2)  0.83993285632150472     
 B before wg2 wg2 ==>    48.368497097269810        4.0027415983134667     
 Q value wg2 wg2 ==>   2.90936028119118281E-005  2.40764508324205215E-006
 B after wg2 wg2 ==>   46.271787462055386        4.0027440059585500     
 LTM d(wg2)/d(wg2)  0.83968521779152117     
 B before wg2 wg2 ==>    51.376611948961347        4.2516785546376674     
 Q value wg2 wg2 ==>   2.90936028119118281E-005  2.40764508324205215E-006
 B after wg2 wg2 ==>   49.149502828648252        4.2516809622827507     
 LTM d(wg2)/d(wg2)  0.84225148587263809     
 B before wg2 wg2 ==>    52.944276421016021        4.3814108426157770     
 Q value wg2 wg2 ==>   2.90936028119118281E-005  2.40764508324205215E-006
 B after wg2 wg2 ==>   50.649210241201530        4.3814132502608603     
 LTM d(wg2)/d(wg2)  0.83764002387855474     
 B before wg2 wg2 ==>    46.043576782434620        3.8103424994074118     
 Q value wg2 wg2 ==>   2.90936028119118281E-005  2.40764508324205215E-006
 B after wg2 wg2 ==>   44.047650670089851        3.8103449070524951     
 LTM d(wg2)/d(wg2)  0.91236385421749833     
 B before wg2 wg2 ==>    42.559331444051629        3.6464021557905819     
 Q value wg2 wg2 ==>   3.01212029042410758E-005  2.58072708095562267E-006
 B after wg2 wg2 ==>   42.152499564701017        3.6464047365176628     
 LTM d(wg2)/d(wg2)  0.91174816424886973     
 B before wg2 wg2 ==>    40.556571909008746        3.4748095475817142     
 Q value wg2 wg2 ==>   3.01212029042410758E-005  2.58072708095562267E-006
 B after wg2 wg2 ==>   40.168886152181749        3.4748121283087952     
 LTM d(wg2)/d(wg2)  0.90937515014407322     
 B before wg2 wg2 ==>    14.261130400135157        1.2218663891237314     
 Q value wg2 wg2 ==>   3.01212029042410758E-005  2.58072708095562267E-006
 B after wg2 wg2 ==>   14.124825668404942        1.2218689698508123     
 LTM d(wg2)/d(wg2)  0.91131773704222008     
 B before wg2 wg2 ==>    14.024890026046208        1.2016257655017379     
 Q value wg2 wg2 ==>   3.01212029042410758E-005  2.58072708095562267E-006
 B after wg2 wg2 ==>   13.890843721784787        1.2016283462288189     
 LTM d(wg2)/d(wg2)  0.90980333896156107     
 B before wg2 wg2 ==>    17.064143875701816        1.4620232250799705     
 Q value wg2 wg2 ==>   3.01212029042410758E-005  2.58072708095562267E-006
 B after wg2 wg2 ==>   16.901042697119387        1.4620258058070514     
 LTM d(wg2)/d(wg2)  0.88871062834041947     
 B before wg2 wg2 ==>    1.1431957499378571       9.59226132453468439E-002
 Q value wg2 wg2 ==>   2.94987045927177222E-005  2.47516038442218865E-006
 B after wg2 wg2 ==>   1.1088956216988797       9.59250884057312597E-002
 LTM d(wg2)/d(wg2)  0.84658141925126595     
 B before wg2 wg2 ==>    52.649980815379202        4.3570563694859956     
 Q value wg2 wg2 ==>   2.90936028119118281E-005  2.40764508324205215E-006
 B after wg2 wg2 ==>   50.367672125665280        4.3570587771310789     
 LTM d(wg2)/d(wg2)  0.82822083471321717     
 B before wg2 wg2 ==>    77.219365173406501        6.3902991352691654     
 Q value wg2 wg2 ==>   2.90936028119118281E-005  2.40764508324205215E-006
 B after wg2 wg2 ==>   73.871992406210040        6.3903015429142487     
 LTM d(wg2)/d(wg2)  0.80440717156955910     
 B before wg2 wg2 ==>    19.589712765953465        1.6211493615277193     
 Q value wg2 wg2 ==>   2.90936028119118281E-005  2.40764508324205215E-006
 B after wg2 wg2 ==>   18.740541487347816        1.6211517691728026     
 LTM d(wg2)/d(wg2)  0.91379170237523966     
 B before wg2 wg2 ==>    34.237808174069343        2.9334299505994705     
 Q value wg2 wg2 ==>   3.01212029042410758E-005  2.58072708095562267E-006
 B after wg2 wg2 ==>   33.910528982558901        2.9334325313265515     
 LTM d(wg2)/d(wg2)  0.94299082796522504     
 B before wg2 wg2 ==>    137.97234811413000        11.821207019293279     
 Q value wg2 wg2 ==>   3.01212029042410758E-005  2.58072708095562267E-006
 B after wg2 wg2 ==>   136.65338011681359        11.821209600020360     
 LTM d(wg2)/d(wg2)  0.91582401164474991     
 B before wg2 wg2 ==>    104.34096250230493        8.9397341945052062     
 Q value wg2 wg2 ==>   3.01212029042410758E-005  2.58072708095562267E-006
 B after wg2 wg2 ==>   103.34350620836391        8.9397367752322872     
 LTM d(wg2)/d(wg2)  0.91282554460615639     
 B before wg2 wg2 ==>    60.363383321746802        5.1718192839703248     
 Q value wg2 wg2 ==>   3.01212029042410758E-005  2.58072708095562267E-006
 B after wg2 wg2 ==>   59.786347005616499        5.1718218646974057     
 LTM d(wg2)/d(wg2)  0.91891192278209577     
 B before wg2 wg2 ==>    51.865808116497341        4.4437632855308804     
 Q value wg2 wg2 ==>   3.01212029042410758E-005  2.58072708095562267E-006
 B after wg2 wg2 ==>   51.370007521973449        4.4437658662579613     
 LTM d(wg2)/d(wg2)  0.85876041387107915     
 B before wg2 wg2 ==>    47.947726391270244        4.0022721856350572     
 Q value wg2 wg2 ==>   2.93454751906339301E-005  2.44951300028902855E-006
 B after wg2 wg2 ==>   46.266361527658468        4.0022746351480576     
 LTM d(wg2)/d(wg2)  0.86022178331593135     
 B before wg2 wg2 ==>    73.259602507604484        6.1150943228092025     
 Q value wg2 wg2 ==>   2.93454751906339267E-005  2.44951300028902770E-006
 B after wg2 wg2 ==>   70.690620668616404        6.1150967723222029     
 LTM d(wg2)/d(wg2)  0.86390241523602518     
 B before wg2 wg2 ==>    103.56557002324546        8.6447811291619843     
 Q value wg2 wg2 ==>   2.93454751906339267E-005  2.44951300028902770E-006
 B after wg2 wg2 ==>   99.933842337270292        8.6447835786749838     
 LTM d(wg2)/d(wg2)  0.87046816688347251     
 B before wg2 wg2 ==>    116.78262843681301        9.7480297969479590     
 Q value wg2 wg2 ==>   2.93454751906339301E-005  2.44951300028902855E-006
 B after wg2 wg2 ==>   112.68741533559233        9.7480322464609586     
 LTM d(wg2)/d(wg2)  0.86813678359894852     
 B before wg2 wg2 ==>    112.29963089298674        9.3738269362844164     
 Q value wg2 wg2 ==>   2.93454751906339301E-005  2.44951300028902855E-006
 B after wg2 wg2 ==>   108.36162402579558        9.3738293857974160     
 LTM d(wg2)/d(wg2)  0.91694336855703162     
 B before wg2 wg2 ==>    89.326259788589994        7.6726211747716384     
 Q value wg2 wg2 ==>   3.01972330212823327E-005  2.59377175364728646E-006
 B after wg2 wg2 ==>   88.695658719582568        7.6726237685433922     
 LTM d(wg2)/d(wg2)  0.95023502367837986     
 B before wg2 wg2 ==>    142.77999545546837        12.479802257157910     
 Q value wg2 wg2 ==>   3.07286077929626550E-005  2.68585909160881841E-006
 B after wg2 wg2 ==>   144.26675326515269        12.479804943017003     
 LTM d(wg2)/d(wg2)  0.94533262277187347     
 B before wg2 wg2 ==>    147.32127014191607        12.876736084628021     
 Q value wg2 wg2 ==>   3.07286077929626550E-005  2.68585909160881841E-006
 B after wg2 wg2 ==>   148.85531493031439        12.876738770487114     
 LTM d(wg2)/d(wg2)  0.85874791045938093     
 B before wg2 wg2 ==>    148.86414281597578        12.319272516334131     
 Q value wg2 wg2 ==>   2.90936028119118281E-005  2.40764508324205215E-006
 B after wg2 wg2 ==>   142.41102356794028        12.319274923979213     
 LTM d(wg2)/d(wg2)  0.95894967348951987     
 B before wg2 wg2 ==>    172.73167095990689        14.916640057168117     
 Q value wg2 wg2 ==>   3.03599869147065250E-005  2.62180637997838615E-006
 B after wg2 wg2 ==>   172.43663813160674        14.916642678974496     
 LTM d(wg2)/d(wg2)  0.97194630336081944     
 B before wg2 wg2 ==>    163.02096512822516        14.248980762895567     
 Q value wg2 wg2 ==>   3.07286077929626550E-005  2.68585909160881841E-006
 B after wg2 wg2 ==>   164.71848629581038        14.248983448754659     
 LTM d(wg2)/d(wg2)  0.96288447253288800     
 B before wg2 wg2 ==>    137.58658158239371        12.025867670811976     
 Q value wg2 wg2 ==>   3.07286077929626550E-005  2.68585909160881841E-006
 B after wg2 wg2 ==>   139.01926187679319        12.025870356671069     
 LTM d(wg2)/d(wg2)  0.95799036272513360     
 B before wg2 wg2 ==>    49.689421990541263        4.3431445612269686     
 Q value wg2 wg2 ==>   3.07286077929626550E-005  2.68585909160881841E-006
 B after wg2 wg2 ==>   50.206854606344322        4.3431472470860601     
 LTM d(wg2)/d(wg2)  0.90389365060942073     
 B before wg2 wg2 ==>    76.660260108153764        6.5322433001206957     
 Q value wg2 wg2 ==>   2.99567439760672274E-005  2.55262296077550968E-006
 B after wg2 wg2 ==>   75.512870995022425        6.5322458527436567     
 LTM d(wg2)/d(wg2)  0.90742541197564541     
 B before wg2 wg2 ==>    64.755596746117305        5.5178434353518595     
 Q value wg2 wg2 ==>   2.99567439760672274E-005  2.55262296077550968E-006
 B after wg2 wg2 ==>   63.786391641296952        5.5178459879748205     
 LTM d(wg2)/d(wg2)  0.84772498154342357     
 B before wg2 wg2 ==>    56.692182454980070        4.6915693194968942     
 Q value wg2 wg2 ==>   2.90936028119118281E-005  2.40764508324205215E-006
 B after wg2 wg2 ==>   54.234647406414659        4.6915717271419775     
 LTM d(wg2)/d(wg2)  0.83440679189349509     
 B before wg2 wg2 ==>    45.789430750161408        3.7893106097172993     
 Q value wg2 wg2 ==>   2.90936028119118281E-005  2.40764508324205215E-006
 B after wg2 wg2 ==>   43.804521674526413        3.7893130173623826     
 LTM d(wg2)/d(wg2)  0.84273641189014648     
 B before wg2 wg2 ==>    52.027409485355484        4.3055353938478271     
 Q value wg2 wg2 ==>   2.90936028119118281E-005  2.40764508324205215E-006
 B after wg2 wg2 ==>   49.772088788080303        4.3055378014929104     
 LTM d(wg2)/d(wg2)  0.84744129240475841     
 B before wg2 wg2 ==>    46.196825901772982        3.8230246512561030     
 Q value wg2 wg2 ==>   2.90936028119118281E-005  2.40764508324205215E-006
 B after wg2 wg2 ==>   44.194256556959104        3.8230270589011863     
 LTM d(wg2)/d(wg2)  0.83423303846284358     
 B before wg2 wg2 ==>    38.368375817253487        3.1751801928969554     
 Q value wg2 wg2 ==>   2.90936028119118281E-005  2.40764508324205215E-006
 B after wg2 wg2 ==>   36.705163814320372        3.1751826005420387     
 LTM d(wg2)/d(wg2)  0.88087775429076709     
 B before wg2 wg2 ==>    15.801271650526097        1.3337865918432652     
 Q value wg2 wg2 ==>   2.96754184767961874E-005  2.50490442459868871E-006
 B after wg2 wg2 ==>   15.418624201808383        1.3337890967476898     
 LTM d(wg2)/d(wg2)  0.91067601734509651     
 B before wg2 wg2 ==>    14.148873104064375        1.2122483986030430     
 Q value wg2 wg2 ==>   3.01212029042410758E-005  2.58072708095562267E-006
 B after wg2 wg2 ==>   14.013641537587967        1.2122509793301239     
 LTM d(wg2)/d(wg2)  0.90945221623141237     
 B before wg2 wg2 ==>    9.3119521559326017       0.79783025869775948     
 Q value wg2 wg2 ==>   3.01212029042410758E-005  2.58072708095562267E-006
 B after wg2 wg2 ==>   9.2229609290923698       0.79783283942484040     
 LTM d(wg2)/d(wg2)  0.91240861448090016     
 B before wg2 wg2 ==>    22.414681467084876        1.9204470570780319     
 Q value wg2 wg2 ==>   3.01212029042410758E-005  2.58072708095562267E-006
 B after wg2 wg2 ==>   22.200429840083967        1.9204496378051128     
 LTM d(wg2)/d(wg2)  0.91186465578616227     
 B before wg2 wg2 ==>    16.800176797978121        1.4394070304967741     
 Q value wg2 wg2 ==>   3.01212029042410758E-005  2.58072708095562267E-006
 B after wg2 wg2 ==>   16.639599110570678        1.4394096112238550     
 LTM d(wg2)/d(wg2)  0.91545694381912035     
 B before wg2 wg2 ==>    19.286809667970321        1.6524569810045513     
 Q value wg2 wg2 ==>   3.01212029042410758E-005  2.58072708095562267E-006
 B after wg2 wg2 ==>   19.102460091443351        1.6524595617316322     
 LTM d(wg2)/d(wg2)  0.88784880200893779     
 B before wg2 wg2 ==>    50.235292315329708        4.2403650041218635     
 Q value wg2 wg2 ==>   2.96754184767961874E-005  2.50490442459868871E-006
 B after wg2 wg2 ==>   49.018719120330736        4.2403675090262878     
 LTM d(wg2)/d(wg2)  0.86081911908049513     
 B before wg2 wg2 ==>    59.513548295850050        4.9250518358670039     
 Q value wg2 wg2 ==>   2.90936028119118281E-005  2.40764508324205215E-006
 B after wg2 wg2 ==>   56.933709189406798        4.9250542435120872     
 LTM d(wg2)/d(wg2)  0.82528012354206115     
 B before wg2 wg2 ==>    83.332559918352416        6.8961974032053730     
 Q value wg2 wg2 ==>   2.90936028119118281E-005  2.40764508324205215E-006
 B after wg2 wg2 ==>   79.720184820343789        6.8961998108504563     
 LTM d(wg2)/d(wg2)  0.78605373988600924     
 B before wg2 wg2 ==>    38.074388763333957        3.1508512540067759     
 Q value wg2 wg2 ==>   2.90936028119118349E-005  2.40764508324205300E-006
 B after wg2 wg2 ==>   36.423920875019753        3.1508536616518592     
 LTM d(wg2)/d(wg2)  0.83023446958187808     
 B before wg2 wg2 ==>    124.56308324057380        10.308235004667351     
 Q value wg2 wg2 ==>   2.90936028119118281E-005  2.40764508324205215E-006
 B after wg2 wg2 ==>   119.16339639529475        10.308237412312433     
 LTM d(wg2)/d(wg2)  0.91439164435757114     
 B before wg2 wg2 ==>    75.392458406512048        6.4594817055633236     
 Q value wg2 wg2 ==>   3.01212029042410860E-005  2.58072708095562437E-006
 B after wg2 wg2 ==>   74.671746073388860        6.4594842862904045     
 LTM d(wg2)/d(wg2)  0.91540630448021343     
 B before wg2 wg2 ==>    71.801765368373182        6.1518379905236733     
 Q value wg2 wg2 ==>   3.01212029042410758E-005  2.58072708095562267E-006
 B after wg2 wg2 ==>   71.115379597001393        6.1518405712507542     
 LTM d(wg2)/d(wg2)  0.91428465157334182     
 B before wg2 wg2 ==>    57.053781516458237        4.8882589283882032     
 Q value wg2 wg2 ==>   3.01212029042410758E-005  2.58072708095562267E-006
 B after wg2 wg2 ==>   56.508384566192724        4.8882615091152841     
 LTM d(wg2)/d(wg2)  0.91022858401189777     
 B before wg2 wg2 ==>    46.772660075855768        4.0073920981786948     
 Q value wg2 wg2 ==>   3.01212029042410758E-005  2.58072708095562267E-006
 B after wg2 wg2 ==>   46.325549318883908        4.0073946789057757     
 LTM d(wg2)/d(wg2)  0.86199420962166173     
 B before wg2 wg2 ==>    49.331186974940209        4.1177518179488208     
 Q value wg2 wg2 ==>   2.93454751906339471E-005  2.44951300028903109E-006
 B after wg2 wg2 ==>   47.601308003042462        4.1177542674618213     
 LTM d(wg2)/d(wg2)  0.85662796563051169     
 B before wg2 wg2 ==>    21.919507476249930        1.8296557876201449     
 Q value wg2 wg2 ==>   2.93454751906339267E-005  2.44951300028902770E-006
 B after wg2 wg2 ==>   21.150879734201151        1.8296582371331451     
 LTM d(wg2)/d(wg2)  0.86542769857238966     
 B before wg2 wg2 ==>    53.220796524793961        4.4424236488366011     
 Q value wg2 wg2 ==>   2.93454751906339267E-005  2.44951300028902770E-006
 B after wg2 wg2 ==>   51.354519782609692        4.4424260983496016     
 LTM d(wg2)/d(wg2)  0.86694631210633966     
 B before wg2 wg2 ==>    126.28433595429365        10.541152277937508     
 Q value wg2 wg2 ==>   2.93454751906339301E-005  2.44951300028902855E-006
 B after wg2 wg2 ==>   121.85592444261879        10.541154727450508     
 LTM d(wg2)/d(wg2)  0.85863015662891662     
 B before wg2 wg2 ==>    69.619926858706123        5.8112848679990314     
 Q value wg2 wg2 ==>   2.93454751906339301E-005  2.44951300028902855E-006
 B after wg2 wg2 ==>   67.178578304425116        5.8112873175120319     
 LTM d(wg2)/d(wg2)  0.86419436651142345     
 B before wg2 wg2 ==>    99.624573495358774        8.3158199463410849     
 Q value wg2 wg2 ==>   2.93454751906339301E-005  2.44951300028902855E-006
 B after wg2 wg2 ==>   96.131045577823315        8.3158223958540844     
 LTM d(wg2)/d(wg2)  0.95037111995138712     
 B before wg2 wg2 ==>    137.19598833416526        11.991727548553797     
 Q value wg2 wg2 ==>   3.07286077929626550E-005  2.68585909160881841E-006
 B after wg2 wg2 ==>   138.62460149413883        11.991730234412890     
 LTM d(wg2)/d(wg2)  0.97701210060235955     
 B before wg2 wg2 ==>    149.15276608251048        13.036819484970575     
 Q value wg2 wg2 ==>   3.07286077929626550E-005  2.68585909160881841E-006
 B after wg2 wg2 ==>   150.70588170796168        13.036822170829668     
 LTM d(wg2)/d(wg2)  0.97542178779003019     
 B before wg2 wg2 ==>    177.37018693529131        15.503186228619480     
 Q value wg2 wg2 ==>   3.07286077929626550E-005  2.68585909160881841E-006
 B after wg2 wg2 ==>   179.21712239577937        15.503188914478573     
 LTM d(wg2)/d(wg2)  0.96417028427194496     
 B before wg2 wg2 ==>    184.18469139277155        16.098813563097149     
 Q value wg2 wg2 ==>   3.07286077929626550E-005  2.68585909160881841E-006
 B after wg2 wg2 ==>   186.10258431553089        16.098816248956240     
 LTM d(wg2)/d(wg2)  0.97479909747929128     
 B before wg2 wg2 ==>    177.03052191349602        15.473497529637831     
 Q value wg2 wg2 ==>   3.07286077929626550E-005  2.68585909160881841E-006
 B after wg2 wg2 ==>   178.87392054043744        15.473500215496923     
 LTM d(wg2)/d(wg2)  0.96417074019888305     
 B before wg2 wg2 ==>    104.01881762561744        9.0918498130639911     
 Q value wg2 wg2 ==>   3.07286077929626550E-005  2.68585909160881841E-006
 B after wg2 wg2 ==>   105.10196651104113        9.0918524989230836     
 LTM d(wg2)/d(wg2)  0.92422015783618650     
 B before wg2 wg2 ==>    107.38130725313438        9.1499927586063858     
 Q value wg2 wg2 ==>   2.99567439760672274E-005  2.55262296077550968E-006
 B after wg2 wg2 ==>   105.77409839094068        9.1499953112293468     
 LTM d(wg2)/d(wg2)  0.84796124313387744     
 B before wg2 wg2 ==>    111.47119220383202        9.2248137698092698     
 Q value wg2 wg2 ==>   2.90936028119118281E-005  2.40764508324205215E-006
 B after wg2 wg2 ==>   106.63902885227834        9.2248161774543522     
 LTM d(wg2)/d(wg2)  0.84637666867000783     
 B before wg2 wg2 ==>    105.35845999753280        8.7189537793220850     
 Q value wg2 wg2 ==>   2.90936028119118281E-005  2.40764508324205215E-006
 B after wg2 wg2 ==>   100.79127892609364        8.7189561869671675     
 LTM d(wg2)/d(wg2)  0.83953610586377780     
 B before wg2 wg2 ==>    37.399152367418395        3.0949719736315533     
 Q value wg2 wg2 ==>   2.90936028119118281E-005  2.40764508324205215E-006
 B after wg2 wg2 ==>   35.777955461991617        3.0949743812766366     
 LTM d(wg2)/d(wg2)  0.84414416982156459     
 B before wg2 wg2 ==>    37.728674716793591        3.1222416407614944     
 Q value wg2 wg2 ==>   2.90936028119118281E-005  2.40764508324205215E-006
 B after wg2 wg2 ==>   36.093193268785974        3.1222440484065777     
 LTM d(wg2)/d(wg2)  0.84556687309417300     
 B before wg2 wg2 ==>    15.083695326095016        1.2482532714760515     
 Q value wg2 wg2 ==>   2.90936028119118281E-005  2.40764508324205215E-006
 B after wg2 wg2 ==>   14.429856467617149        1.2482556791211348     
 LTM d(wg2)/d(wg2)  0.85413395154114713     
 B before wg2 wg2 ==>    17.773023510440048        1.4835422401577116     
 Q value wg2 wg2 ==>   2.93454750959552436E-005  2.44951298448307019E-006
 B after wg2 wg2 ==>   17.149801353450389        1.4835446896706961     
 LTM d(wg2)/d(wg2)  0.91311932987494271     
 B before wg2 wg2 ==>    16.334805307868891        1.3995348908930645     
 Q value wg2 wg2 ==>   3.01212029042410758E-005  2.58072708095562267E-006
 B after wg2 wg2 ==>   16.178676511809972        1.3995374716201454     
 LTM d(wg2)/d(wg2)  0.90904548815964648     
 B before wg2 wg2 ==>    11.285220292354726       0.96689610025265926     
 Q value wg2 wg2 ==>   3.01212029042410758E-005  2.58072708095562267E-006
 B after wg2 wg2 ==>   11.177364876953247       0.96689868097974019     
 LTM d(wg2)/d(wg2)  0.90908306924757376     
 B before wg2 wg2 ==>    14.480822439851620        1.2406891830927871     
 Q value wg2 wg2 ==>   3.01212029042410758E-005  2.58072708095562267E-006
 B after wg2 wg2 ==>   14.342417480592200        1.2406917638198680     
 LTM d(wg2)/d(wg2)  0.91221180676868019     
 B before wg2 wg2 ==>    16.164074102986532        1.3849069676522550     
 Q value wg2 wg2 ==>   3.01212029042410758E-005  2.58072708095562267E-006
 B after wg2 wg2 ==>   16.009577475198483        1.3849095483793359     
 LTM d(wg2)/d(wg2)  0.91164862840278671     
 B before wg2 wg2 ==>    22.354439719362670        1.9152856592996947     
 Q value wg2 wg2 ==>   3.01212029042410758E-005  2.58072708095562267E-006
 B after wg2 wg2 ==>   22.140763995690516        1.9152882400267757     
 LTM d(wg2)/d(wg2)  0.91940464715577597     
 B before wg2 wg2 ==>    28.955530383431810        2.4808544878343595     
 Q value wg2 wg2 ==>   3.01212029042410758E-005  2.58072708095562267E-006
 B after wg2 wg2 ==>   28.678749085459621        2.4808570685614404     
 LTM d(wg2)/d(wg2)  0.89408411576194358     
 B before wg2 wg2 ==>    60.892305465133894        5.1399243283761828     
 Q value wg2 wg2 ==>   2.96754184767961874E-005  2.50490442459868871E-006
 B after wg2 wg2 ==>   59.417639910529545        5.1399268332806072     
 LTM d(wg2)/d(wg2)  0.83910939546317753     
 B before wg2 wg2 ==>    57.676373342334571        4.7730161711030661     
 Q value wg2 wg2 ==>   2.90936028119118281E-005  2.40764508324205215E-006
 B after wg2 wg2 ==>   55.176174369259201        4.7730185787481494     
 LTM d(wg2)/d(wg2)  0.81753385359101349     
 B before wg2 wg2 ==>    53.863472285935991        4.4574790222433922     
 Q value wg2 wg2 ==>   2.90936028119118349E-005  2.40764508324205300E-006
 B after wg2 wg2 ==>   51.528559666274631        4.4574814298884755     
 LTM d(wg2)/d(wg2)  0.79864242413943243     
 B before wg2 wg2 ==>    67.741194963905343        5.6059318621415652     
 Q value wg2 wg2 ==>   2.90936028119118281E-005  2.40764508324205215E-006
 B after wg2 wg2 ==>   64.804693648077034        5.6059342697866485     
 LTM d(wg2)/d(wg2)  0.85333680390750088     
 B before wg2 wg2 ==>    119.21909542409685        9.8659925613911863     
 Q value wg2 wg2 ==>   2.90936028119118281E-005  2.40764508324205215E-006
 B after wg2 wg2 ==>   114.05106637580994        9.8659949690362687     
 LTM d(wg2)/d(wg2)  0.92038684835288764     
 B before wg2 wg2 ==>    125.44054809300788        10.747506351014973     
 Q value wg2 wg2 ==>   3.01212029042410758E-005  2.58072708095562267E-006
 B after wg2 wg2 ==>   124.24138248556785        10.747508931742054     
 LTM d(wg2)/d(wg2)  0.91331792202453255     
 B before wg2 wg2 ==>    57.688380181948411        4.9426301288603529     
 Q value wg2 wg2 ==>   3.01212029042410758E-005  2.58072708095562267E-006
 B after wg2 wg2 ==>   57.136916550391305        4.9426327095874338     
 LTM d(wg2)/d(wg2)  0.92568422919173421     
 B before wg2 wg2 ==>    61.045740573951178        5.2302823488501922     
 Q value wg2 wg2 ==>   3.01212029042410758E-005  2.58072708095562267E-006
 B after wg2 wg2 ==>   60.462181010607722        5.2302849295772731     
 LTM d(wg2)/d(wg2)  0.87935726601828601     
 B before wg2 wg2 ==>    24.550185422259190        2.0699020394491985     
 Q value wg2 wg2 ==>   2.96413213679464513E-005  2.49915145226774437E-006
 B after wg2 wg2 ==>   23.928130985717843        2.0699045386006509     
 LTM d(wg2)/d(wg2)  0.85833206497148007     
 B before wg2 wg2 ==>    22.000516996103460        1.8364177797412247     
 Q value wg2 wg2 ==>   2.93454751906339301E-005  2.44951300028902855E-006
 B after wg2 wg2 ==>   21.229048475889584        1.8364202292542249     
 LTM d(wg2)/d(wg2)  0.86575219534356573     
 B before wg2 wg2 ==>    27.977446367962369        2.3353214813534748     
 Q value wg2 wg2 ==>   2.93454751906339267E-005  2.44951300028902770E-006
 B after wg2 wg2 ==>   26.996383586671037        2.3353239308664753     
 LTM d(wg2)/d(wg2)  0.86923655256407828     
 B before wg2 wg2 ==>    23.279058008078074        1.9431396102752236     
 Q value wg2 wg2 ==>   2.93454751906339301E-005  2.44951300028902855E-006
 B after wg2 wg2 ==>   22.462754616646922        1.9431420597882239     
 LTM d(wg2)/d(wg2)  0.86095754881268916     
 B before wg2 wg2 ==>    56.897264510407759        4.7493042178989713     
 Q value wg2 wg2 ==>   2.93454751906339267E-005  2.44951300028902770E-006
 B after wg2 wg2 ==>   54.902064278772926        4.7493066674119717     
 LTM d(wg2)/d(wg2)  0.85582367917771296     
 B before wg2 wg2 ==>    28.025763083825439        2.3393545536710647     
 Q value wg2 wg2 ==>   2.93454751906339301E-005  2.44951300028902855E-006
 B after wg2 wg2 ==>   27.043005969921332        2.3393570031840651     
 LTM d(wg2)/d(wg2)  0.86201198620071284     
 B before wg2 wg2 ==>    39.658228227332906        3.3103347272524681     
 Q value wg2 wg2 ==>   2.93454751906339267E-005  2.44951300028902770E-006
 B after wg2 wg2 ==>   38.267552969416258        3.3103371767654686     
 LTM d(wg2)/d(wg2)  0.90444446725676986     
 B before wg2 wg2 ==>    35.011174176790867        2.9833124509153826     
 Q value wg2 wg2 ==>   2.99567440448829352E-005  2.55262297250312341E-006
 B after wg2 wg2 ==>   34.487171193210024        2.9833150035383551     
 LTM d(wg2)/d(wg2)  0.95522675390412637     
 B before wg2 wg2 ==>    70.470738004861303        6.1595524808021640     
 Q value wg2 wg2 ==>   3.07286077929626550E-005  2.68585909160881841E-006
 B after wg2 wg2 ==>   71.204560448601967        6.1595551666612556     
 LTM d(wg2)/d(wg2)  0.94398381775843521     
 B before wg2 wg2 ==>    160.11667163774183        13.995128615454595     
 Q value wg2 wg2 ==>   3.07286077929626550E-005  2.68585909160881841E-006
 B after wg2 wg2 ==>   161.78395123793774        13.995131301313688     
 LTM d(wg2)/d(wg2)  0.94579261962030448     
 B before wg2 wg2 ==>    179.97450059311541        15.730818393486700     
 Q value wg2 wg2 ==>   3.07286077929626550E-005  2.68585909160881841E-006
 B after wg2 wg2 ==>   181.84855401783267        15.730821079345793     
 LTM d(wg2)/d(wg2)  0.97676679900327057     
 B before wg2 wg2 ==>    160.43867730314776        14.023273783950582     
 Q value wg2 wg2 ==>   3.07286077929626550E-005  2.68585909160881841E-006
 B after wg2 wg2 ==>   162.10930985512420        14.023276469809675     
 LTM d(wg2)/d(wg2)  0.94339479108994473     
 B before wg2 wg2 ==>    127.02770903607475        11.001647540503944     
 Q value wg2 wg2 ==>   3.04482127782057813E-005  2.63706641461160951E-006
 B after wg2 wg2 ==>   127.17925952561932        11.001650177570358     
 LTM d(wg2)/d(wg2)  0.91367423223463007     
 B before wg2 wg2 ==>    72.866346570839852        6.2089628122852512     
 Q value wg2 wg2 ==>   2.99567439760672274E-005  2.55262296077550968E-006
 B after wg2 wg2 ==>   71.775743164343410        6.2089653649082122     
 LTM d(wg2)/d(wg2)  0.83591180736922688     
 B before wg2 wg2 ==>    45.217188299170907        3.7419546073529046     
 Q value wg2 wg2 ==>   2.90936028119118281E-005  2.40764508324205215E-006
 B after wg2 wg2 ==>   43.257085497444905        3.7419570149979879     
 LTM d(wg2)/d(wg2)  0.83858559910809549     
 B before wg2 wg2 ==>    43.972808262188138        3.6389757670526768     
 Q value wg2 wg2 ==>   2.90936028119118281E-005  2.40764508324205215E-006
 B after wg2 wg2 ==>   42.066648386211256        3.6389781746977601     
 LTM d(wg2)/d(wg2)  0.83747423232002616     
 B before wg2 wg2 ==>    7.7825667458502679       0.64404737638673315     
 Q value wg2 wg2 ==>   2.90936028119118281E-005  2.40764508324205215E-006
 B after wg2 wg2 ==>   7.4452262441315575       0.64404978403181634     
 LTM d(wg2)/d(wg2)  0.84557409025062424     
 B before wg2 wg2 ==>    8.9391430102350142       0.73976000346639759     
 Q value wg2 wg2 ==>   2.90936028119118281E-005  2.40764508324205215E-006
 B after wg2 wg2 ==>   8.5516658093579192       0.73976241111148078     
 LTM d(wg2)/d(wg2)  0.85374237346793813     
 B before wg2 wg2 ==>    8.6564054497570559       0.72107686006988447     
 Q value wg2 wg2 ==>   2.92850866436060285E-005  2.43944191921354549E-006
 B after wg2 wg2 ==>   8.3356887276901404       0.72107929951180372     
 LTM d(wg2)/d(wg2)  0.87129099626824547     
 B before wg2 wg2 ==>    18.113601588764197        1.5236052248872776     
 Q value wg2 wg2 ==>   2.95712842777049175E-005  2.48735531756896147E-006
 B after wg2 wg2 ==>   17.612930562506691        1.5236077122425951     
 LTM d(wg2)/d(wg2)  0.91173679642675565     
 B before wg2 wg2 ==>    16.299361363538068        1.3964981215023720     
 Q value wg2 wg2 ==>   3.01212029042410758E-005  2.58072708095562267E-006
 B after wg2 wg2 ==>   16.143571407009809        1.3965007022294529     
 LTM d(wg2)/d(wg2)  0.91873836850647483     
 B before wg2 wg2 ==>    1.9558058883435541       0.16756970952278943     
 Q value wg2 wg2 ==>   3.01212029042410758E-005  2.58072708095562267E-006
 B after wg2 wg2 ==>   1.9371384698670020       0.16757229024987039     
 LTM d(wg2)/d(wg2)  0.91105165286578016     
 B before wg2 wg2 ==>    18.828239303542524        1.6131675488472492     
 Q value wg2 wg2 ==>   3.01212029042410758E-005  2.58072708095562267E-006
 B after wg2 wg2 ==>   18.648273600480842        1.6131701295743301     
 LTM d(wg2)/d(wg2)  0.91047108875826210     
 B before wg2 wg2 ==>    22.493501891362051        1.9272002403460176     
 Q value wg2 wg2 ==>   3.01212029042410758E-005  2.58072708095562267E-006
 B after wg2 wg2 ==>   22.278496751283729        1.9272028210730985     
 LTM d(wg2)/d(wg2)  0.91259384189005655     
 B before wg2 wg2 ==>    51.363181513958004        4.4006991991162128     
 Q value wg2 wg2 ==>   3.01212029042410758E-005  2.58072708095562267E-006
 B after wg2 wg2 ==>   50.872185964846437        4.4007017798432937     
 LTM d(wg2)/d(wg2)  0.89180947195990190     
 B before wg2 wg2 ==>    53.620175785043806        4.5260832859606710     
 Q value wg2 wg2 ==>   2.96754184767961874E-005  2.50490442459868871E-006
 B after wg2 wg2 ==>   52.321627223269225        4.5260857908650953     
 LTM d(wg2)/d(wg2)  0.87388025963344551     
 B before wg2 wg2 ==>    51.621221796300190        4.3175329798274937     
 Q value wg2 wg2 ==>   2.94042379355188607E-005  2.45933285992848086E-006
 B after wg2 wg2 ==>   49.910781679598792        4.3175354391603538     
 LTM d(wg2)/d(wg2)  0.84995996205406366     
 B before wg2 wg2 ==>    47.247878991817871        3.9100046935984993     
 Q value wg2 wg2 ==>   2.90936028119118281E-005  2.40764508324205215E-006
 B after wg2 wg2 ==>   45.199747296990616        3.9100071012435826     
 LTM d(wg2)/d(wg2)  0.83924645156459154     
 B before wg2 wg2 ==>    51.880647439411611        4.2933900806458940     
 Q value wg2 wg2 ==>   2.90936028119118281E-005  2.40764508324205215E-006
 B after wg2 wg2 ==>   49.631688764920348        4.2933924882909773     
 LTM d(wg2)/d(wg2)  0.81924483598022524     
 B before wg2 wg2 ==>    41.467819199861573        3.4316750542988630     
 Q value wg2 wg2 ==>   2.90936028119118281E-005  2.40764508324205215E-006
 B after wg2 wg2 ==>   39.670248689653597        3.4316774619439463     
 LTM d(wg2)/d(wg2)  0.80908845882800651     
 B before wg2 wg2 ==>    34.336937068838864        2.8415579274194775     
 Q value wg2 wg2 ==>   2.90936028119118349E-005  2.40764508324205300E-006
 B after wg2 wg2 ==>   32.848484861631150        2.8415603350645608     
 LTM d(wg2)/d(wg2)  0.80136732972047653     
 B before wg2 wg2 ==>    103.00352362949810        8.5240706978246905     
 Q value wg2 wg2 ==>   2.90936028119118281E-005  2.40764508324205215E-006
 B after wg2 wg2 ==>   98.538427253947205        8.5240731054697729     
 LTM d(wg2)/d(wg2)  0.84986819795535995     
 B before wg2 wg2 ==>    130.14887326050186        10.770487822389741     
 Q value wg2 wg2 ==>   2.90936028119118281E-005  2.40764508324205215E-006
 B after wg2 wg2 ==>   124.50704667708801        10.770490230034824     
 LTM d(wg2)/d(wg2)  0.90769687788823961     
 B before wg2 wg2 ==>    133.91931493278071        11.365754868797524     
 Q value wg2 wg2 ==>   2.98371687315400510E-005  2.53228554784538003E-006
 B after wg2 wg2 ==>   131.38834510158904        11.365757401083071     
 LTM d(wg2)/d(wg2)  0.91101284708237118     
 B before wg2 wg2 ==>    49.273067595203521        4.2216222343097209     
 Q value wg2 wg2 ==>   3.01212029042410758E-005  2.58072708095562267E-006
 B after wg2 wg2 ==>   48.802053265243124        4.2216248150368019     
 LTM d(wg2)/d(wg2)  0.94690469471163030     
 B before wg2 wg2 ==>    94.587056485968205        8.1040381739484744     
 Q value wg2 wg2 ==>   3.01212029042410758E-005  2.58072708095562267E-006
 B after wg2 wg2 ==>   93.682846273948158        8.1040407546755553     
 LTM d(wg2)/d(wg2)  0.86265351152356340     
 B before wg2 wg2 ==>    45.558191579616505        3.8028139540758295     
 Q value wg2 wg2 ==>   2.93454751906339301E-005  2.44951300028902855E-006
 B after wg2 wg2 ==>   43.960621044498133        3.8028164035888299     
 LTM d(wg2)/d(wg2)  0.86434400026381109     
 B before wg2 wg2 ==>    28.301817787918875        2.3623972742975017     
 Q value wg2 wg2 ==>   2.93454751906339301E-005  2.44951300028902855E-006
 B after wg2 wg2 ==>   27.309380204643016        2.3623997238105021     
 LTM d(wg2)/d(wg2)  0.85710981364457595     
 B before wg2 wg2 ==>    29.110295212269893        2.4298821573509573     
 Q value wg2 wg2 ==>   2.93454751906339301E-005  2.44951300028902855E-006
 B after wg2 wg2 ==>   28.089506578176454        2.4298846068639577     
 LTM d(wg2)/d(wg2)  0.86460266875063596     
 B before wg2 wg2 ==>    31.511486129028434        2.6303133423485416     
 Q value wg2 wg2 ==>   2.93454751906339301E-005  2.44951300028902855E-006
 B after wg2 wg2 ==>   30.406494419309997        2.6303157918615421     
 LTM d(wg2)/d(wg2)  0.86105683947554812     
 B before wg2 wg2 ==>    51.376472521194806        4.2884750215196670     
 Q value wg2 wg2 ==>   2.93454751906339267E-005  2.44951300028902770E-006
 B after wg2 wg2 ==>   49.574871083447263        4.2884774710326674     
 LTM d(wg2)/d(wg2)  0.85523157252247672     
 B before wg2 wg2 ==>    49.485010919156082        4.1305917446722678     
 Q value wg2 wg2 ==>   2.93454751906339301E-005  2.44951300028902855E-006
 B after wg2 wg2 ==>   47.749737770095081        4.1305941941852682     
 LTM d(wg2)/d(wg2)  0.85660792786744810     
 B before wg2 wg2 ==>    48.706380465385500        4.0655982352285784     
 Q value wg2 wg2 ==>   2.93454751906339267E-005  2.44951300028902770E-006
 B after wg2 wg2 ==>   46.998411717038813        4.0656006847415789     
 LTM d(wg2)/d(wg2)  0.86276437109628501     
 B before wg2 wg2 ==>    49.940865882204264        4.1686426758968942     
 Q value wg2 wg2 ==>   2.93454751906339301E-005  2.44951300028902855E-006
 B after wg2 wg2 ==>   48.189607169621560        4.1686451254098946     
 LTM d(wg2)/d(wg2)  0.86396293120189249     
 B before wg2 wg2 ==>    50.529929718939478        4.2178127614623699     
 Q value wg2 wg2 ==>   2.93454751906339267E-005  2.44951300028902770E-006
 B after wg2 wg2 ==>   48.758014178760767        4.2178152109753704     
 LTM d(wg2)/d(wg2)  0.86539049791241540     
 B before wg2 wg2 ==>    55.838696139062186        4.6609438498878468     
 Q value wg2 wg2 ==>   2.93454751906339301E-005  2.44951300028902855E-006
 B after wg2 wg2 ==>   53.880616950991431        4.6609462994008473     
 LTM d(wg2)/d(wg2)  0.86551532839176015     
 B before wg2 wg2 ==>    75.484351403353131        6.3007976146153037     
 Q value wg2 wg2 ==>   2.93454751906339301E-005  2.44951300028902855E-006
 B after wg2 wg2 ==>   72.837353818841493        6.3008000641283042     
 LTM d(wg2)/d(wg2)  0.87135360793966155     
 B before wg2 wg2 ==>    114.87036881155467        9.5884104763689173     
 Q value wg2 wg2 ==>   2.93454751906339301E-005  2.44951300028902855E-006
 B after wg2 wg2 ==>   110.84221332775063        9.5884129258819168     
 LTM d(wg2)/d(wg2)  0.83169693664217392     
 B before wg2 wg2 ==>    13.296088948624218        1.1098454709313819     
 Q value wg2 wg2 ==>   2.93454751906339267E-005  2.44951300028902770E-006
 B after wg2 wg2 ==>   12.829860469108002        1.1098479204443821     
 LTM d(wg2)/d(wg2)  0.89985066248978907     
 B before wg2 wg2 ==>    44.265111589130214        3.7718431714065641     
 Q value wg2 wg2 ==>   2.99567439760672274E-005  2.55262296077550968E-006
 B after wg2 wg2 ==>   43.602599472299083        3.7718457240295247     
 LTM d(wg2)/d(wg2)  0.86901587652186818     
 B before wg2 wg2 ==>    55.402111412098975        4.5848093137490356     
 Q value wg2 wg2 ==>   2.90936028119118281E-005  2.40764508324205215E-006
 B after wg2 wg2 ==>   53.000499959548463        4.5848117213941189     
 LTM d(wg2)/d(wg2)  0.83652429977231813     
 B before wg2 wg2 ==>    19.560383950787571        1.6187222514139259     
 Q value wg2 wg2 ==>   2.90936028119118281E-005  2.40764508324205215E-006
 B after wg2 wg2 ==>   18.712484053955805        1.6187246590590092     
 LTM d(wg2)/d(wg2)  0.83695923010543938     
 B before wg2 wg2 ==>    9.8924321652510869       0.81864957798285110     
 Q value wg2 wg2 ==>   2.90936028119118281E-005  2.40764508324205215E-006
 B after wg2 wg2 ==>   9.4636306063979809       0.81865198562793429     
 LTM d(wg2)/d(wg2)  0.86330785406830024     
 B before wg2 wg2 ==>    5.0293308983369158       0.42146493810641150     
 Q value wg2 wg2 ==>   2.94614274340215179E-005  2.46890867612477336E-006
 B after wg2 wg2 ==>   4.8721702538445264       0.42146740701508761     
 LTM d(wg2)/d(wg2)  0.88579033177974975     
 B before wg2 wg2 ==>    16.714107431590492        1.4155340069518270     
 Q value wg2 wg2 ==>   2.97741698954513687E-005  2.52160339331755398E-006
 B after wg2 wg2 ==>   16.363625876793364        1.4155365285552204     
 LTM d(wg2)/d(wg2)  0.88744555152806925     
 B before wg2 wg2 ==>    25.047328429708504        2.1212825943987488     
 Q value wg2 wg2 ==>   2.97741698954513687E-005  2.52160339331755398E-006
 B after wg2 wg2 ==>   24.522091317345431        2.1212851160021420     
 LTM d(wg2)/d(wg2)  0.90918092799884276     
 B before wg2 wg2 ==>    48.506242727126001        4.1559221455818820     
 Q value wg2 wg2 ==>   3.01212029042410758E-005  2.58072708095562267E-006
 B after wg2 wg2 ==>   48.042559143878563        4.1559247263089629     
 LTM d(wg2)/d(wg2)  0.93822836191422332     
 B before wg2 wg2 ==>    41.484811013453523        3.5543392994996013     
 Q value wg2 wg2 ==>   3.01212029042410758E-005  2.58072708095562267E-006
 B after wg2 wg2 ==>   41.088251410658529        3.5543418802266822     
 LTM d(wg2)/d(wg2)  0.93007854072562990     
 B before wg2 wg2 ==>    45.293390175082706        3.8806510810584900     
 Q value wg2 wg2 ==>   3.01212029042410758E-005  2.58072708095562267E-006
 B after wg2 wg2 ==>   44.860421047332991        3.8806536617855709     
 LTM d(wg2)/d(wg2)  0.88819714214388346     
 B before wg2 wg2 ==>    47.604659826131105        4.0402155168422116     
 Q value wg2 wg2 ==>   2.98371687315400510E-005  2.53228554784538003E-006
 B after wg2 wg2 ==>   46.704988026040567        4.0402180491277591     
 LTM d(wg2)/d(wg2)  0.88559890590589063     
 B before wg2 wg2 ==>    49.758346767571012        4.2001059926505491     
 Q value wg2 wg2 ==>   2.96754184767961874E-005  2.50490442459868871E-006
 B after wg2 wg2 ==>   48.553324276328716        4.2001084975549734     
 LTM d(wg2)/d(wg2)  0.85372363800649731     
 B before wg2 wg2 ==>    49.152763257111815        4.0676436517272032     
 Q value wg2 wg2 ==>   2.90936028119118281E-005  2.40764508324205215E-006
 B after wg2 wg2 ==>   47.022056281880204        4.0676460593722865     
 LTM d(wg2)/d(wg2)  0.84441215073174525     
 B before wg2 wg2 ==>    40.859881880405659        3.3813651182084419     
 Q value wg2 wg2 ==>   2.90936028119118281E-005  2.40764508324205215E-006
 B after wg2 wg2 ==>   39.088664989436907        3.3813675258535252     
 LTM d(wg2)/d(wg2)  0.84672646422228892     
 B before wg2 wg2 ==>    36.262872273176754        3.0009389588903677     
 Q value wg2 wg2 ==>   2.90936028119118281E-005  2.40764508324205215E-006
 B after wg2 wg2 ==>   34.690932243408717        3.0009413665354510     
 LTM d(wg2)/d(wg2)  0.87678392212826173     
 B before wg2 wg2 ==>    6.2751935978571582       0.51930450518444982     
 Q value wg2 wg2 ==>   2.90936028119118281E-005  2.40764508324205215E-006
 B after wg2 wg2 ==>   6.0031965727146002       0.51930691282953301     
 LTM d(wg2)/d(wg2)  0.86171380737176195     
 B before wg2 wg2 ==>    5.6103005062914786       0.46428118637656784     
 Q value wg2 wg2 ==>   2.90936028119118281E-005  2.40764508324205215E-006
 B after wg2 wg2 ==>   5.3671260896796698       0.46428359402165109     
 LTM d(wg2)/d(wg2)  0.84945168822785966     
 B before wg2 wg2 ==>    11.940198173500828       0.98811273430854607     
 Q value wg2 wg2 ==>   2.90936028119118281E-005  2.40764508324205215E-006
 B after wg2 wg2 ==>   11.422627519635212       0.98811514195362926     
 LTM d(wg2)/d(wg2)  0.83062957214485678     
 B before wg2 wg2 ==>    23.207593518896900        1.9205475784791770     
 Q value wg2 wg2 ==>   2.90936028119118281E-005  2.40764508324205215E-006
 B after wg2 wg2 ==>   22.201589868326806        1.9205499861242603     
 LTM d(wg2)/d(wg2)  0.84625587759778731     
 B before wg2 wg2 ==>    29.831261425639109        2.4686901227970872     
 Q value wg2 wg2 ==>   2.90936028119118281E-005  2.40764508324205215E-006
 B after wg2 wg2 ==>   28.538126821934643        2.4686925304421705     
 LTM d(wg2)/d(wg2)  0.91793025581361620     
 B before wg2 wg2 ==>    24.470259535966072        2.0965650562909133     
 Q value wg2 wg2 ==>   3.01212029042410758E-005  2.58072708095562267E-006
 B after wg2 wg2 ==>   24.236356848078913        2.0965676370179942     
 LTM d(wg2)/d(wg2)  0.91361377898207685     
 B before wg2 wg2 ==>    30.527282526099977        2.6155192066382238     
 Q value wg2 wg2 ==>   3.01212029042410758E-005  2.58072708095562267E-006
 B after wg2 wg2 ==>   30.235475480616053        2.6155217873653047     
 LTM d(wg2)/d(wg2)  0.92026669435246056     
 B before wg2 wg2 ==>    18.970872127732843        1.6253880565471364     
 Q value wg2 wg2 ==>   3.01212029042410758E-005  2.58072708095562267E-006
 B after wg2 wg2 ==>   18.789542873291150        1.6253906372742173     
 LTM d(wg2)/d(wg2)  0.95035080976887798     
 B before wg2 wg2 ==>    58.882214112561108        5.0449155377363075     
 Q value wg2 wg2 ==>   3.01212029042410758E-005  2.58072708095562267E-006
 B after wg2 wg2 ==>   58.319337582796102        5.0449181184633884     
 LTM d(wg2)/d(wg2)  0.88643099868506592     
 B before wg2 wg2 ==>    81.647590312373993        6.8839607846898030     
 Q value wg2 wg2 ==>   2.96413213679464513E-005  2.49915145226774437E-006
 B after wg2 wg2 ==>   79.578730364050656        6.8839632838412550     
 LTM d(wg2)/d(wg2)  0.86638224256134377     
 B before wg2 wg2 ==>    61.826031251683759        5.1607161350588973     
 Q value wg2 wg2 ==>   2.93454751906339267E-005  2.44951300028902770E-006
 B after wg2 wg2 ==>   59.657992902197854        5.1607185845718977     
 LTM d(wg2)/d(wg2)  0.86494641524208693     
 B before wg2 wg2 ==>    58.718849202265353        4.9013547590759909     
 Q value wg2 wg2 ==>   2.93454751906339301E-005  2.44951300028902855E-006
 B after wg2 wg2 ==>   56.659771070503837        4.9013572085889914     
 LTM d(wg2)/d(wg2)  0.85679180621505457     
 B before wg2 wg2 ==>    47.443463732640204        3.9601805878725225     
 Q value wg2 wg2 ==>   2.93454751906339267E-005  2.44951300028902770E-006
 B after wg2 wg2 ==>   45.779781955568168        3.9601830373855229     
 LTM d(wg2)/d(wg2)  0.85711962851351708     
 B before wg2 wg2 ==>    48.292773922397679        4.0310738461201474     
 Q value wg2 wg2 ==>   2.93454751906339301E-005  2.44951300028902855E-006
 B after wg2 wg2 ==>   46.599309203187183        4.0310762956331478     
 LTM d(wg2)/d(wg2)  0.85577424572593275     
 B before wg2 wg2 ==>    40.190331176111926        3.3547501978508909     
 Q value wg2 wg2 ==>   2.93454751906339267E-005  2.44951300028902770E-006
 B after wg2 wg2 ==>   38.780996550244311        3.3547526473638913     
 LTM d(wg2)/d(wg2)  0.85769597278375431     
 B before wg2 wg2 ==>    41.534939110695426        3.4669867383961699     
 Q value wg2 wg2 ==>   2.93454751906339267E-005  2.44951300028902770E-006
 B after wg2 wg2 ==>   40.078452830700058        3.4669891879091703     
 LTM d(wg2)/d(wg2)  0.86325527362291132     
 B before wg2 wg2 ==>    21.296060243389149        1.7776156658648801     
 Q value wg2 wg2 ==>   2.93454751906339301E-005  2.44951300028902855E-006
 B after wg2 wg2 ==>   20.549295058844816        1.7776181153778803     
 LTM d(wg2)/d(wg2)  0.86792342408863377     
 B before wg2 wg2 ==>    27.327980335318678        2.2811095294299766     
 Q value wg2 wg2 ==>   2.93454751906339267E-005  2.44951300028902770E-006
 B after wg2 wg2 ==>   26.369692518350629        2.2811119789429770     
 LTM d(wg2)/d(wg2)  0.87001022420491925     
 B before wg2 wg2 ==>    67.375381300036196        5.6239291175814072     
 Q value wg2 wg2 ==>   2.93454751906339301E-005  2.44951300028902855E-006
 B after wg2 wg2 ==>   65.012742705093018        5.6239315670944077     
 LTM d(wg2)/d(wg2)  0.86882779522796727     
 B before wg2 wg2 ==>    153.13398885178194        12.782335063303904     
 Q value wg2 wg2 ==>   2.93454751906339267E-005  2.44951300028902770E-006
 B after wg2 wg2 ==>   147.76403481733084        12.782337512816904     
 LTM d(wg2)/d(wg2)  0.86302579556353642     
 B before wg2 wg2 ==>    136.54512472090315        11.397636465491283     
 Q value wg2 wg2 ==>   2.93454751906339301E-005  2.44951300028902855E-006
 B after wg2 wg2 ==>   131.75689593420157        11.397638915004283     
 LTM d(wg2)/d(wg2)  0.85836621572138239     
 B before wg2 wg2 ==>    114.59309934978130        9.5652663580070580     
 Q value wg2 wg2 ==>   2.93454751906339301E-005  2.44951300028902855E-006
 B after wg2 wg2 ==>   110.57466693351647        9.5652688075200576     
 LTM d(wg2)/d(wg2)  0.88561140721965992     
 B before wg2 wg2 ==>    32.494466622321681        2.7519879729426378     
 Q value wg2 wg2 ==>   2.97741699527708641E-005  2.52160340302644213E-006
 B after wg2 wg2 ==>   31.813056011493970        2.7519904945460407     
 LTM d(wg2)/d(wg2)  0.87265817069572671     
 B before wg2 wg2 ==>    38.159882488572094        3.1579262989418559     
 Q value wg2 wg2 ==>   2.90936028119118281E-005  2.40764508324205215E-006
 B after wg2 wg2 ==>   36.505708512458760        3.1579287065869392     
 LTM d(wg2)/d(wg2)  0.85891476083900298     
 B before wg2 wg2 ==>    56.278090272926960        4.6573010642871626     
 Q value wg2 wg2 ==>   2.90936028119118281E-005  2.40764508324205215E-006
 B after wg2 wg2 ==>   53.838505804703502        4.6573034719322459     
 LTM d(wg2)/d(wg2)  0.84339738165081235     
 B before wg2 wg2 ==>    47.883282001394655        3.9625875566345750     
 Q value wg2 wg2 ==>   2.90936028119118281E-005  2.40764508324205215E-006
 B after wg2 wg2 ==>   45.807606070604336        3.9625899642796583     
 LTM d(wg2)/d(wg2)  0.87189756866635160     
 B before wg2 wg2 ==>    45.564068662870355        3.8325703887035885     
 Q value wg2 wg2 ==>   2.95712842777049175E-005  2.48735531756896147E-006
 B after wg2 wg2 ==>   44.304606362496536        3.8325728760589062     
 LTM d(wg2)/d(wg2)  0.88566821927570716     
 B before wg2 wg2 ==>    47.686467237578810        4.0386132686095557     
 Q value wg2 wg2 ==>   2.97741698954513687E-005  2.52160339331755398E-006
 B after wg2 wg2 ==>   46.686465886264727        4.0386157902129494     
 LTM d(wg2)/d(wg2)  0.88668020990416474     
 B before wg2 wg2 ==>    48.806408890008136        4.1334622159017824     
 Q value wg2 wg2 ==>   2.97741698954513687E-005  2.52160339331755398E-006
 B after wg2 wg2 ==>   47.782921298744846        4.1334647375051761     
 LTM d(wg2)/d(wg2)  0.90046645083857324     
 B before wg2 wg2 ==>    46.913299421905755        3.9974960351420115     
 Q value wg2 wg2 ==>   2.99567439760672274E-005  2.55262296077550968E-006
 B after wg2 wg2 ==>   46.211150340260559        3.9974985877649720     
 LTM d(wg2)/d(wg2)  0.93727008213257912     
 B before wg2 wg2 ==>    38.912587653067185        3.3339561194015368     
 Q value wg2 wg2 ==>   3.01212029042410758E-005  2.58072708095562267E-006
 B after wg2 wg2 ==>   38.540618173426942        3.3339587001286177     
 LTM d(wg2)/d(wg2)  0.91468109439410850     
 B before wg2 wg2 ==>    37.232623532570550        3.1599390454306580     
 Q value wg2 wg2 ==>   2.98371687315400340E-005  2.53228554784537707E-006
 B after wg2 wg2 ==>   36.528977336281443        3.1599415777162059     
 LTM d(wg2)/d(wg2)  0.84857563413401516     
 B before wg2 wg2 ==>    16.751646752024595        1.3862848200500806     
 Q value wg2 wg2 ==>   2.90936028119118281E-005  2.40764508324205215E-006
 B after wg2 wg2 ==>   16.025503471064813        1.3862872276951639     
 LTM d(wg2)/d(wg2)  0.84993223541316343     
 B before wg2 wg2 ==>    20.942693635890109        1.7331154786251106     
 Q value wg2 wg2 ==>   2.90936028119118281E-005  2.40764508324205215E-006
 B after wg2 wg2 ==>   20.034871668236168        1.7331178862701939     
 LTM d(wg2)/d(wg2)  0.85125478428237844     
 B before wg2 wg2 ==>    22.170503977264072        1.8347230914970523     
 Q value wg2 wg2 ==>   2.90936028119118281E-005  2.40764508324205215E-006
 B after wg2 wg2 ==>   21.209457367531066        1.8347254991421356     
 LTM d(wg2)/d(wg2)  0.84529378971600522     
 B before wg2 wg2 ==>    21.371794882344055        1.7686258110138819     
 Q value wg2 wg2 ==>   2.90936028119118281E-005  2.40764508324205215E-006
 B after wg2 wg2 ==>   20.445371702850970        1.7686282186589652     
 LTM d(wg2)/d(wg2)  0.85636833835659154     
 B before wg2 wg2 ==>    32.772423648041695        2.7120864051195213     
 Q value wg2 wg2 ==>   2.90936028119118281E-005  2.40764508324205215E-006
 B after wg2 wg2 ==>   31.351791904666072        2.7120888127646046     
 LTM d(wg2)/d(wg2)  0.85063453010617585     
 B before wg2 wg2 ==>    27.409652395254998        2.2682895360003319     
 Q value wg2 wg2 ==>   2.90936028119118281E-005  2.40764508324205215E-006
 B after wg2 wg2 ==>   26.221492696512968        2.2682919436454152     
 LTM d(wg2)/d(wg2)  0.84798429209749127     
 B before wg2 wg2 ==>    27.638721059889615        2.2872461446987415     
 Q value wg2 wg2 ==>   2.90936028119118281E-005  2.40764508324205215E-006
 B after wg2 wg2 ==>   26.440631409203164        2.2872485523438248     
 LTM d(wg2)/d(wg2)  0.85384050879288942     
 B before wg2 wg2 ==>    11.233539388969088       0.92963308986206838     
 Q value wg2 wg2 ==>   2.90936028119118281E-005  2.40764508324205215E-006
 B after wg2 wg2 ==>   10.746601854577479       0.92963549750715158     
 LTM d(wg2)/d(wg2)  0.87751203418390722     
 B before wg2 wg2 ==>    41.850721607426657        3.4633621954513565     
 Q value wg2 wg2 ==>   2.90936028119118281E-005  2.40764508324205215E-006
 B after wg2 wg2 ==>   40.036552569818227        3.4633646030964398     
 LTM d(wg2)/d(wg2)  0.90797145464821338     
 B before wg2 wg2 ==>    41.563883281506321        3.5275337915970582     
 Q value wg2 wg2 ==>   2.98371687315400510E-005  2.53228554784538003E-006
 B after wg2 wg2 ==>   40.778378732288679        3.5275363238826061     
 LTM d(wg2)/d(wg2)  0.91655574715714405     
 B before wg2 wg2 ==>    52.115197724663602        4.4651305103907140     
 Q value wg2 wg2 ==>   3.01212029042410758E-005  2.58072708095562267E-006
 B after wg2 wg2 ==>   51.617012997691198        4.4651330911177949     
 LTM d(wg2)/d(wg2)  0.87295033572160285     
 B before wg2 wg2 ==>    52.436230924144361        4.3997891868070811     
 Q value wg2 wg2 ==>   2.94987045927177222E-005  2.47516038442218865E-006
 B after wg2 wg2 ==>   50.861664987023957        4.3997916619674653     
 LTM d(wg2)/d(wg2)  0.91624555459909285     
 B before wg2 wg2 ==>    48.692505775957549        4.1718808075194254     
 Q value wg2 wg2 ==>   3.01212029042410758E-005  2.58072708095562267E-006
 B after wg2 wg2 ==>   48.227041542016828        4.1718833882465063     
 LTM d(wg2)/d(wg2)  0.91280248430425937     
 B before wg2 wg2 ==>    53.949143041272869        4.6222594390929226     
 Q value wg2 wg2 ==>   3.01212029042410758E-005  2.58072708095562267E-006
 B after wg2 wg2 ==>   53.433426033904823        4.6222620198200035     
 LTM d(wg2)/d(wg2)  0.88595201912823041     
 B before wg2 wg2 ==>    58.135246935081035        4.9015624169462360     
 Q value wg2 wg2 ==>   2.96413213679464513E-005  2.49915145226774437E-006
 B after wg2 wg2 ==>   56.662172172768280        4.9015649160976880     
 LTM d(wg2)/d(wg2)  0.86828337282568469     
 B before wg2 wg2 ==>    64.506896393075877        5.3844921677590794     
 Q value wg2 wg2 ==>   2.93454751906339267E-005  2.44951300028902770E-006
 B after wg2 wg2 ==>   62.244847572092027        5.3844946172720798     
 LTM d(wg2)/d(wg2)  0.86695965475302672     
 B before wg2 wg2 ==>    24.617391989674921        2.0548524540902848     
 Q value wg2 wg2 ==>   2.93454751906339267E-005  2.44951300028902770E-006
 B after wg2 wg2 ==>   23.754156954167740        2.0548549036032853     
 LTM d(wg2)/d(wg2)  0.86477932983799743     
 B before wg2 wg2 ==>    7.9570954876534170       0.66419128383271397     
 Q value wg2 wg2 ==>   2.93454751906339267E-005  2.44951300028902770E-006
 B after wg2 wg2 ==>   7.6780906341379058       0.66419373334571430     
 LTM d(wg2)/d(wg2)  0.88468777892884909     
 B before wg2 wg2 ==>    3.6611984223858700       0.30560599458734261     
 Q value wg2 wg2 ==>   2.93454751906339301E-005  2.44951300028902855E-006
 B after wg2 wg2 ==>   3.5328387103871508       0.30560844410034288     
 LTM d(wg2)/d(wg2)  0.85611132595246331     
 B before wg2 wg2 ==>    5.3559904130674116       0.44707294944125975     
 Q value wg2 wg2 ==>   2.93454751906339267E-005  2.44951300028902770E-006
 B after wg2 wg2 ==>   5.1681990677220844       0.44707539895426002     
 LTM d(wg2)/d(wg2)  0.86507641303237370     
 B before wg2 wg2 ==>    20.800559610211188        1.7362554481571688     
 Q value wg2 wg2 ==>   2.93454751906339301E-005  2.44951300028902855E-006
 B after wg2 wg2 ==>   20.071170252385389        1.7362578976701690     
 LTM d(wg2)/d(wg2)  0.86365183663770506     
 B before wg2 wg2 ==>    31.671895904599651        2.6437029987804994     
 Q value wg2 wg2 ==>   2.93454751906339267E-005  2.44951300028902770E-006
 B after wg2 wg2 ==>   30.561279070960765        2.6437054482934998     
 LTM d(wg2)/d(wg2)  0.87112489780060798     
 B before wg2 wg2 ==>    62.334726308442541        5.2031777120692819     
 Q value wg2 wg2 ==>   2.93454751906339301E-005  2.44951300028902855E-006
 B after wg2 wg2 ==>   60.148849440563389        5.2031801615822824     
 LTM d(wg2)/d(wg2)  0.87093144514527421     
 B before wg2 wg2 ==>    128.24969758957499        10.705204106869127     
 Q value wg2 wg2 ==>   2.93454751906339301E-005  2.44951300028902855E-006
 B after wg2 wg2 ==>   123.75236632093659        10.705206556382127     
 LTM d(wg2)/d(wg2)  0.86837924589630178     
 B before wg2 wg2 ==>    155.08267653370183        12.944995091105717     
 Q value wg2 wg2 ==>   2.93454751906339301E-005  2.44951300028902855E-006
 B after wg2 wg2 ==>   149.64438745137721        12.944997540618717     
 LTM d(wg2)/d(wg2)  0.86397923150500266     
 B before wg2 wg2 ==>    168.68962809857462        14.080788753874449     
 Q value wg2 wg2 ==>   2.93454751906339301E-005  2.44951300028902855E-006
 B after wg2 wg2 ==>   162.77418113444804        14.080791203387449     
 LTM d(wg2)/d(wg2)  0.85102491343884590     
 B before wg2 wg2 ==>    107.66328266067731        8.9868236522982805     
 Q value wg2 wg2 ==>   2.93454751906339301E-005  2.44951300028902855E-006
 B after wg2 wg2 ==>   103.88785960891886        8.9868261018112801     
 LTM d(wg2)/d(wg2)  0.83217685533363550     
 B before wg2 wg2 ==>    63.323293827135778        5.2856949987368829     
 Q value wg2 wg2 ==>   2.93454751906339267E-005  2.44951300028902770E-006
 B after wg2 wg2 ==>   61.102750650569540        5.2856974482498833     
 LTM d(wg2)/d(wg2)  0.90061280767345586     
 B before wg2 wg2 ==>    51.141853488020352        4.3578123702106071     
 Q value wg2 wg2 ==>   2.99567439760672274E-005  2.55262296077550968E-006
 B after wg2 wg2 ==>   50.376413182596188        4.3578149228335681     
 LTM d(wg2)/d(wg2)  0.90227021282611308     
 B before wg2 wg2 ==>    52.085433801671648        4.4382151261271483     
 Q value wg2 wg2 ==>   2.99567439760672274E-005  2.55262296077550968E-006
 B after wg2 wg2 ==>   51.305870381856366        4.4382176787501093     
 LTM d(wg2)/d(wg2)  0.85038855940106239     
 B before wg2 wg2 ==>    58.940772129638688        4.8776516658264484     
 Q value wg2 wg2 ==>   2.90936028119118281E-005  2.40764508324205215E-006
 B after wg2 wg2 ==>   56.385762433252296        4.8776540734715317     
 LTM d(wg2)/d(wg2)  0.84911671904082431     
 B before wg2 wg2 ==>    47.167836867094138        3.9033807966102430     
 Q value wg2 wg2 ==>   2.90936028119118281E-005  2.40764508324205215E-006
 B after wg2 wg2 ==>   45.123174937340607        3.9033832042553263     
 LTM d(wg2)/d(wg2)  0.86729639575076534     
 B before wg2 wg2 ==>    9.2076008317835853       0.77160978132488034     
 Q value wg2 wg2 ==>   2.94614274340215179E-005  2.46890867612477336E-006
 B after wg2 wg2 ==>   8.9198504807642092       0.77161225023355651     
 LTM d(wg2)/d(wg2)  0.88512735792840203     
 B before wg2 wg2 ==>    12.284722871317575        1.0404051225291282     
 Q value wg2 wg2 ==>   2.97741698954513687E-005  2.52160339331755398E-006
 B after wg2 wg2 ==>   12.027129716897594        1.0404076441325216     
 LTM d(wg2)/d(wg2)  0.88427794274239102     
 B before wg2 wg2 ==>    13.205934627024645        1.1184234416732615     
 Q value wg2 wg2 ==>   2.97741698954513687E-005  2.52160339331755398E-006
 B after wg2 wg2 ==>   12.929022787303838        1.1184259632766549     
 LTM d(wg2)/d(wg2)  0.90146108201996566     
 B before wg2 wg2 ==>    3.2834134282034007       0.27978062346316934     
 Q value wg2 wg2 ==>   2.99567439760672274E-005  2.55262296077550968E-006
 B after wg2 wg2 ==>   3.2342981814586453       0.27978317608613013     
 LTM d(wg2)/d(wg2)  0.92231862255248842     
 B before wg2 wg2 ==>   0.99249400779980701       8.44468694491016247E-002
 Q value wg2 wg2 ==>   2.99128783724487075E-005  2.54515283207085452E-006
 B after wg2 wg2 ==>  0.97623664114885145       8.44494146019336978E-002
 LTM d(wg2)/d(wg2)  0.84020756397214058     
 B before wg2 wg2 ==>    3.3065167190988727       0.27363124370889513     
 Q value wg2 wg2 ==>   2.90936028119118281E-005  2.40764508324205215E-006
 B after wg2 wg2 ==>   3.1632095730002492       0.27363365135397838     
 LTM d(wg2)/d(wg2)  0.85905177632439622     
 B before wg2 wg2 ==>    23.476671665103080        1.9596347269239482     
 Q value wg2 wg2 ==>   2.93454750959552436E-005  2.44951298448307019E-006
 B after wg2 wg2 ==>   22.653438440192637        1.9596371764369327     
 LTM d(wg2)/d(wg2)  0.87584422715675125     
 B before wg2 wg2 ==>    24.151190152647345        2.0350746643377633     
 Q value wg2 wg2 ==>   2.96240447016984717E-005  2.49623900298874129E-006
 B after wg2 wg2 ==>   23.525525914950663        2.0350771605767664     
 LTM d(wg2)/d(wg2)  0.88812072915426687     
 B before wg2 wg2 ==>    49.593690377274989        4.2001378504117968     
 Q value wg2 wg2 ==>   2.97741698954513687E-005  2.52160339331755398E-006
 B after wg2 wg2 ==>   48.553692745620388        4.2001403720151904     
 LTM d(wg2)/d(wg2)  0.87112681875064857     
 B before wg2 wg2 ==>    49.780573881640755        4.1716814649967100     
 Q value wg2 wg2 ==>   2.94614274340215179E-005  2.46890867612477336E-006
 B after wg2 wg2 ==>   48.224735846507201        4.1716839339053857     
 LTM d(wg2)/d(wg2)  0.84233055850481986     
 B before wg2 wg2 ==>    46.310424545731351        3.8324255225870800     
 Q value wg2 wg2 ==>   2.90936028119118281E-005  2.40764508324205215E-006
 B after wg2 wg2 ==>   44.302930786322150        3.8324279302321633     
 LTM d(wg2)/d(wg2)  0.85034935269064593     
 B before wg2 wg2 ==>    49.010753572662637        4.0558916208513009     
 Q value wg2 wg2 ==>   2.90936028119118281E-005  2.40764508324205215E-006
 B after wg2 wg2 ==>   46.886202608967885        4.0558940284963843     
 LTM d(wg2)/d(wg2)  0.85174318817964412     
 B before wg2 wg2 ==>    50.035634264772646        4.1407057628199295     
 Q value wg2 wg2 ==>   2.90936028119118281E-005  2.40764508324205215E-006
 B after wg2 wg2 ==>   47.866655504558231        4.1407081704650128     
 LTM d(wg2)/d(wg2)  0.86348020515240509     
 B before wg2 wg2 ==>    54.337205966682667        4.4966829178416674     
 Q value wg2 wg2 ==>   2.90936028119118281E-005  2.40764508324205215E-006
 B after wg2 wg2 ==>   51.981757353188307        4.4966853254867507     
 LTM d(wg2)/d(wg2)  0.86686514577176044     
 B before wg2 wg2 ==>    42.679281536229425        3.5696405310813497     
 Q value wg2 wg2 ==>   2.94042379355188607E-005  2.45933285992848086E-006
 B after wg2 wg2 ==>   41.265132499600718        3.5696429904142097     
 LTM d(wg2)/d(wg2)  0.91201355653233140     
 B before wg2 wg2 ==>    42.318297338756523        3.6257508144432085     
 Q value wg2 wg2 ==>   3.01212029042410758E-005  2.58072708095562267E-006
 B after wg2 wg2 ==>   41.913769714325987        3.6257533951702894     
 LTM d(wg2)/d(wg2)  0.85005506622518989     
 B before wg2 wg2 ==>    21.322284353393197        1.7645285604131953     
 Q value wg2 wg2 ==>   2.90936028119118281E-005  2.40764508324205215E-006
 B after wg2 wg2 ==>   20.398007417577784        1.7645309680582786     
 LTM d(wg2)/d(wg2)  0.87428297020290691     
 B before wg2 wg2 ==>    20.549591783547879        1.7242633600677495     
 Q value wg2 wg2 ==>   2.94987045927177222E-005  2.47516038442218865E-006
 B after wg2 wg2 ==>   19.932541810565599        1.7242658352281339     
 LTM d(wg2)/d(wg2)  0.91900224746091785     
 B before wg2 wg2 ==>    15.517727055112607        1.3295291882373068     
 Q value wg2 wg2 ==>   3.01212029042410758E-005  2.58072708095562267E-006
 B after wg2 wg2 ==>   15.369409421634581        1.3295317689643877     
 LTM d(wg2)/d(wg2)  0.91147242450116939     
 B before wg2 wg2 ==>    19.451039419526907        1.6665278721534906     
 Q value wg2 wg2 ==>   3.01212029042410758E-005  2.58072708095562267E-006
 B after wg2 wg2 ==>   19.265119827783277        1.6665304528805716     
 LTM d(wg2)/d(wg2)  0.86879747451182476     
 B before wg2 wg2 ==>    34.665194300599353        2.8935583269738463     
 Q value wg2 wg2 ==>   2.93454751906339267E-005  2.44951300028902770E-006
 B after wg2 wg2 ==>   33.449610831676509        2.8935607764868467     
 LTM d(wg2)/d(wg2)  0.86715691730386446     
 B before wg2 wg2 ==>    33.986809326093827        2.8369324654583248     
 Q value wg2 wg2 ==>   2.93454751906339301E-005  2.44951300028902855E-006
 B after wg2 wg2 ==>   32.795014928215892        2.8369349149713252     
 LTM d(wg2)/d(wg2)  0.86423991070753059     
 B before wg2 wg2 ==>    24.872180782235525        2.0761200756111773     
 Q value wg2 wg2 ==>   2.93454751906339267E-005  2.44951300028902770E-006
 B after wg2 wg2 ==>   24.000011013626260        2.0761225251241777     
 LTM d(wg2)/d(wg2)  0.87313022103999405     
 B before wg2 wg2 ==>    33.579962593297516        2.8029723283456804     
 Q value wg2 wg2 ==>   2.93454751906339471E-005  2.44951300028903109E-006
 B after wg2 wg2 ==>   32.402435176845501        2.8029747778586809     
 LTM d(wg2)/d(wg2)  0.85765992651084866     
 B before wg2 wg2 ==>    41.426373092570579        3.4579245619938836     
 Q value wg2 wg2 ==>   2.93454751906339267E-005  2.44951300028902770E-006
 B after wg2 wg2 ==>   39.973693920361043        3.4579270115068841     
 LTM d(wg2)/d(wg2)  0.86608093699625788     
 B before wg2 wg2 ==>    49.175335444832264        4.1047426454397913     
 Q value wg2 wg2 ==>   2.93454751906339301E-005  2.44951300028902855E-006
 B after wg2 wg2 ==>   47.450921751886021        4.1047450949527917     
 LTM d(wg2)/d(wg2)  0.86102021176383359     
 B before wg2 wg2 ==>    54.445753482960718        4.5446727340646245     
 Q value wg2 wg2 ==>   2.93454751906339267E-005  2.44951300028902770E-006
 B after wg2 wg2 ==>   52.536520913038636        4.5446751835776249     
 LTM d(wg2)/d(wg2)  0.86270490464917060     
 B before wg2 wg2 ==>    61.847575627728361        5.1625144780355079     
 Q value wg2 wg2 ==>   2.93454751906339267E-005  2.44951300028902770E-006
 B after wg2 wg2 ==>   59.678781776998171        5.1625169275485083     
 LTM d(wg2)/d(wg2)  0.86363213449564080     
 B before wg2 wg2 ==>    58.357124938091374        4.8711610654364019     
 Q value wg2 wg2 ==>   2.93454751906339301E-005  2.44951300028902855E-006
 B after wg2 wg2 ==>   56.310731468494389        4.8711635149494024     
 LTM d(wg2)/d(wg2)  0.86421996882348706     
 B before wg2 wg2 ==>    71.552089197152171        5.9725654993722452     
 Q value wg2 wg2 ==>   2.93454751906339267E-005  2.44951300028902770E-006
 B after wg2 wg2 ==>   69.042985092752900        5.9725679488852457     
 LTM d(wg2)/d(wg2)  0.86128787989106115     
 B before wg2 wg2 ==>    83.203769208416631        6.9451495682071371     
 Q value wg2 wg2 ==>   2.93454751906339301E-005  2.44951300028902855E-006
 B after wg2 wg2 ==>   80.286073148126079        6.9451520177201376     
 LTM d(wg2)/d(wg2)  0.87064079455623034     
 B before wg2 wg2 ==>    155.97386880847108        13.019384312906466     
 Q value wg2 wg2 ==>   2.93454751906339267E-005  2.44951300028902770E-006
 B after wg2 wg2 ==>   150.50432809597200        13.019386762419465     
 LTM d(wg2)/d(wg2)  0.86728965348056064     
 B before wg2 wg2 ==>    135.87883992151774        11.342020624637208     
 Q value wg2 wg2 ==>   2.93454751906339301E-005  2.44951300028902855E-006
 B after wg2 wg2 ==>   131.11397588643123        11.342023074150207     
 LTM d(wg2)/d(wg2)  0.83840544813864892     
 B before wg2 wg2 ==>    30.727101922896637        2.5648395581395724     
 Q value wg2 wg2 ==>   2.93454751906339301E-005  2.44951300028902855E-006
 B after wg2 wg2 ==>   29.649616381957621        2.5648420076525729     
 LTM d(wg2)/d(wg2)  0.86416663446731656     
 B before wg2 wg2 ==>    4.0784634640238107       0.34549558414773057     
 Q value wg2 wg2 ==>   2.97816303550016031E-005  2.52286721877888862E-006
 B after wg2 wg2 ==>   3.9939638789140579       0.34549810701494937     
 LTM d(wg2)/d(wg2)  0.89942498569205676     
 B before wg2 wg2 ==>    22.459774702768694        1.9138040050659364     
 Q value wg2 wg2 ==>   2.99567439760672274E-005  2.55262296077550968E-006
 B after wg2 wg2 ==>   22.123635723154841        1.9138065576888972     
 LTM d(wg2)/d(wg2)  0.90284186255574139     
 B before wg2 wg2 ==>    25.310968237004154        2.1567550443016623     
 Q value wg2 wg2 ==>   2.99567439760672274E-005  2.55262296077550968E-006
 B after wg2 wg2 ==>   24.932153788378670        2.1567575969246229     
 LTM d(wg2)/d(wg2)  0.85072240070026883     
 B before wg2 wg2 ==>    57.490887481034711        4.7576662632605533     
 Q value wg2 wg2 ==>   2.90936028119118281E-005  2.40764508324205215E-006
 B after wg2 wg2 ==>   54.998729178611597        4.7576686709056366     
 LTM d(wg2)/d(wg2)  0.84828071175840336     
 B before wg2 wg2 ==>    27.619840711437732        2.2856836988781275     
 Q value wg2 wg2 ==>   2.90936028119118281E-005  2.40764508324205215E-006
 B after wg2 wg2 ==>   26.422569509460185        2.2856861065232108     
 LTM d(wg2)/d(wg2)  0.87144098255185309     
 B before wg2 wg2 ==>    15.945684163275770        1.3436463230635998     
 Q value wg2 wg2 ==>   2.96240447016984717E-005  2.49623900298874129E-006
 B after wg2 wg2 ==>   15.532602758972324        1.3436488193026028     
 LTM d(wg2)/d(wg2)  0.88387154935123646     
 B before wg2 wg2 ==>    46.670719066550788        3.9525885685485931     
 Q value wg2 wg2 ==>   2.97741698954513687E-005  2.52160339331755398E-006
 B after wg2 wg2 ==>   45.692018918938693        3.9525910901519863     
 LTM d(wg2)/d(wg2)  0.88398525773853542     
 B before wg2 wg2 ==>    47.179596969013701        3.9956859328123344     
 Q value wg2 wg2 ==>   2.97741698954513687E-005  2.52160339331755398E-006
 B after wg2 wg2 ==>   46.190225168555962        3.9956884544157276     
 LTM d(wg2)/d(wg2)  0.88786520296740301     
 B before wg2 wg2 ==>    47.406062499326985        4.0148655187323667     
 Q value wg2 wg2 ==>   2.97741698954513687E-005  2.52160339331755398E-006
 B after wg2 wg2 ==>   46.411941501646687        4.0148680403357604     
 LTM d(wg2)/d(wg2)  0.89007946616588052     
 B before wg2 wg2 ==>    46.334888913390763        3.9241467864011739     
 Q value wg2 wg2 ==>   2.97741698954513687E-005  2.52160339331755398E-006
 B after wg2 wg2 ==>   45.363231442995101        3.9241493080045671     
 LTM d(wg2)/d(wg2)  0.87137082402640786     
 B before wg2 wg2 ==>    46.102507314062883        3.8778605502552850     
 Q value wg2 wg2 ==>   2.95712842777049175E-005  2.48735531756896147E-006
 B after wg2 wg2 ==>   44.828161385331533        3.8778630376106027     
 LTM d(wg2)/d(wg2)  0.88575807592324873     
 B before wg2 wg2 ==>    47.633216952377225        4.0341034501887254     
 Q value wg2 wg2 ==>   2.97741698954513687E-005  2.52160339331755398E-006
 B after wg2 wg2 ==>   46.634332310110352        4.0341059717921190     
 LTM d(wg2)/d(wg2)  0.88490529485563385     
 B before wg2 wg2 ==>    39.742104557748910        3.3657974701659259     
 Q value wg2 wg2 ==>   2.97741698954513687E-005  2.52160339331755398E-006
 B after wg2 wg2 ==>   38.908704035806004        3.3657999917693191     
 LTM d(wg2)/d(wg2)  0.88739624170682230     
 B before wg2 wg2 ==>    40.172157837042832        3.4022191004643596     
 Q value wg2 wg2 ==>   2.97741698954513687E-005  2.52160339331755398E-006
 B after wg2 wg2 ==>   39.329738689454082        3.4022216220677528     
 LTM d(wg2)/d(wg2)  0.85122429586457793     
 B before wg2 wg2 ==>    15.818439597027471        1.3090571341941644     
 Q value wg2 wg2 ==>   2.90936028119118281E-005  2.40764508324205215E-006
 B after wg2 wg2 ==>   15.132750134655632        1.3090595418392477     
 LTM d(wg2)/d(wg2)  0.87161724562791631     
 B before wg2 wg2 ==>    15.847682706503294        1.3280578959787932     
 Q value wg2 wg2 ==>   2.94614274340215179E-005  2.46890867612477336E-006
 B after wg2 wg2 ==>   15.352399965967013        1.3280603648874694     
 LTM d(wg2)/d(wg2)  0.84635309930137426     
 B before wg2 wg2 ==>    17.914464912872333        1.4825139961259759     
 Q value wg2 wg2 ==>   2.90936028119118281E-005  2.40764508324205215E-006
 B after wg2 wg2 ==>   17.137914351302012        1.4825164037710592     
 LTM d(wg2)/d(wg2)  0.79439447437844468     
 B before wg2 wg2 ==>    19.910662204283394        1.6006412201960658     
 Q value wg2 wg2 ==>   2.82625169972558664E-005  2.27205651063516949E-006
 B after wg2 wg2 ==>   18.503465464136479        1.6006434922525765     
 LTM d(wg2)/d(wg2)  0.77786625215703487     
 B before wg2 wg2 ==>    22.411616362560959        1.7679856084305376     
 Q value wg2 wg2 ==>   2.77337176582312260E-005  2.18783031508334000E-006
 B after wg2 wg2 ==>   20.437968409248558        1.7679877962608528     
 LTM d(wg2)/d(wg2)  0.78351008173636860     
 B before wg2 wg2 ==>    22.762735169057077        1.7956843244308462     
 Q value wg2 wg2 ==>   2.77337176582312260E-005  2.18783031508334000E-006
 B after wg2 wg2 ==>   20.758166028139549        1.7956865122611614     
 LTM d(wg2)/d(wg2)  0.84081666099550634     
 B before wg2 wg2 ==>    25.025348309492824        2.0709761250023351     
 Q value wg2 wg2 ==>   2.90936028119118281E-005  2.40764508324205215E-006
 B after wg2 wg2 ==>   23.940546374809315        2.0709785326474184     
 LTM d(wg2)/d(wg2)  0.75839335083246129     
 B before wg2 wg2 ==>    26.531095041596476        2.0929590017346427     
 Q value wg2 wg2 ==>   2.77337176582312260E-005  2.18783031508334000E-006
 B after wg2 wg2 ==>   24.194666255377616        2.0929611895649578     
 LTM d(wg2)/d(wg2)  0.87969020178572110     
 B before wg2 wg2 ==>    49.612430707439664        4.1730938207970443     
 Q value wg2 wg2 ==>   2.95712843626901861E-005  2.48735533186584212E-006
 B after wg2 wg2 ==>   48.241062916356370        4.1730963081523758     
 LTM d(wg2)/d(wg2)  0.91630322489742311     
 B before wg2 wg2 ==>    52.737840320391712        4.5184773376625351     
 Q value wg2 wg2 ==>   3.01212029042410758E-005  2.58072708095562267E-006
 B after wg2 wg2 ==>   52.233703210610663        4.5184799183896160     
 LTM d(wg2)/d(wg2)  0.89792329067134702     
 B before wg2 wg2 ==>    50.920194935113273        4.3304162860185453     
 Q value wg2 wg2 ==>   2.98979997522275425E-005  2.54262155145727492E-006
 B after wg2 wg2 ==>   50.059713876839020        4.3304188286400969     
 LTM d(wg2)/d(wg2)  0.87316257514968498     
 B before wg2 wg2 ==>    62.217461078542726        5.1933893987686623     
 Q value wg2 wg2 ==>   2.93454751906339301E-005  2.44951300028902855E-006
 B after wg2 wg2 ==>   60.035696375569962        5.1933918482816628     
 LTM d(wg2)/d(wg2)  0.87016287197755382     
 B before wg2 wg2 ==>    54.683497661161837        4.5645176147988282     
 Q value wg2 wg2 ==>   2.93454751906339267E-005  2.44951300028902770E-006
 B after wg2 wg2 ==>   52.765928065276199        4.5645200643118287     
 LTM d(wg2)/d(wg2)  0.85947472529323909     
 B before wg2 wg2 ==>    47.776783427955870        3.9770106680047301     
 Q value wg2 wg2 ==>   2.92645865345613878E-005  2.43602780455489902E-006
 B after wg2 wg2 ==>   45.974337806680175        3.9770131040325345     
 LTM d(wg2)/d(wg2)  0.84300700286997421     
 B before wg2 wg2 ==>    41.611941175783556        3.4734142219607462     
 Q value wg2 wg2 ==>   2.93454751906339301E-005  2.44951300028902855E-006
 B after wg2 wg2 ==>   40.152754647896764        3.4734166714737467     
 LTM d(wg2)/d(wg2)  0.85784994957685645     
 B before wg2 wg2 ==>    38.576812515876384        3.2200672558034120     
 Q value wg2 wg2 ==>   2.93454751906339301E-005  2.44951300028902855E-006
 B after wg2 wg2 ==>   37.224059494087790        3.2200697053164125     
 LTM d(wg2)/d(wg2)  0.86182014600244683     
 B before wg2 wg2 ==>    8.3830672282317522       0.69974781544530840     
 Q value wg2 wg2 ==>   2.93454751906339301E-005  2.44951300028902855E-006
 B after wg2 wg2 ==>   8.0891247325505589       0.69975026495830872     
 LTM d(wg2)/d(wg2)  0.85901993217965222     
 B before wg2 wg2 ==>    9.6170454993293202       0.80274992386209076     
 Q value wg2 wg2 ==>   2.93454751906339301E-005  2.44951300028902855E-006
 B after wg2 wg2 ==>   9.2798308235996139       0.80275237337509109     
 LTM d(wg2)/d(wg2)  0.86922007445779081     
 B before wg2 wg2 ==>    4.4257883394553881       0.36942751833453524     
 Q value wg2 wg2 ==>   2.93454751906339301E-005  2.44951300028902855E-006
 B after wg2 wg2 ==>   4.2706165892468855       0.36942996784753551     
 LTM d(wg2)/d(wg2)  0.86039296921328901     
 B before wg2 wg2 ==>    4.6827469903366907       0.39087626134454345     
 Q value wg2 wg2 ==>   2.93454751906339267E-005  2.44951300028902770E-006
 B after wg2 wg2 ==>   4.5185644161401211       0.39087871085754372     
 LTM d(wg2)/d(wg2)  0.86138998070279649     
 B before wg2 wg2 ==>    17.908427716680539        1.4948446471484012     
 Q value wg2 wg2 ==>   2.93454751906339301E-005  2.44951300028902855E-006
 B after wg2 wg2 ==>   17.280457366751524        1.4948470966614014     
 LTM d(wg2)/d(wg2)  0.85610042683074605     
 B before wg2 wg2 ==>    37.692760005959457        3.1462740014119901     
 Q value wg2 wg2 ==>   2.93454751906339471E-005  2.44951300028903109E-006
 B after wg2 wg2 ==>   36.371008242683679        3.1462764509249905     
 LTM d(wg2)/d(wg2)  0.85800925414219742     
 B before wg2 wg2 ==>    112.99225008121687        9.4316409500224108     
 Q value wg2 wg2 ==>   2.93454751906339267E-005  2.44951300028902770E-006
 B after wg2 wg2 ==>   109.02995498876261        9.4316433995354103     
 LTM d(wg2)/d(wg2)  0.88371657856769703     
 B before wg2 wg2 ==>    123.94454511419956        10.345846253975184     
 Q value wg2 wg2 ==>   2.93454751906339267E-005  2.44951300028902770E-006
 B after wg2 wg2 ==>   119.59818354852440        10.345848703488183     
 LTM d(wg2)/d(wg2)  0.87807596556030965     
 B before wg2 wg2 ==>    112.39518497673812        9.3818029860453827     
 Q value wg2 wg2 ==>   2.93454751906339267E-005  2.44951300028902770E-006
 B after wg2 wg2 ==>   108.45382729404776        9.3818054355583822     
 LTM d(wg2)/d(wg2)  0.90111204801154454     
 B before wg2 wg2 ==>    58.628032582386730        5.0049289364072749     
 Q value wg2 wg2 ==>   3.00120139070519016E-005  2.56205078402012951E-006
 B after wg2 wg2 ==>   57.857091588683495        5.0049314984580588     
 LTM d(wg2)/d(wg2)  0.89644759975742172     
 B before wg2 wg2 ==>    52.056679861313533        4.4357649944162540     
 Q value wg2 wg2 ==>   2.99567439760672274E-005  2.55262296077550968E-006
 B after wg2 wg2 ==>   51.277546818417946        4.4357675470392151     
 LTM d(wg2)/d(wg2)  0.92570471848009428     
 B before wg2 wg2 ==>    56.298815536310933        4.7972386223704255     
 Q value wg2 wg2 ==>   2.99567439760672274E-005  2.55262296077550968E-006
 B after wg2 wg2 ==>   55.456187985810828        4.7972411749933865     
 LTM d(wg2)/d(wg2)  0.84517746409292205     
 B before wg2 wg2 ==>    45.990595510060928        3.8059580269596682     
 Q value wg2 wg2 ==>   2.90936028119118281E-005  2.40764508324205215E-006
 B after wg2 wg2 ==>   43.996966095474733        3.8059604346047515     
 LTM d(wg2)/d(wg2)  0.86323666914110020     
 B before wg2 wg2 ==>    50.430817524597884        4.2095396970289789     
 Q value wg2 wg2 ==>   2.93454750959552436E-005  2.44951298448307019E-006
 B after wg2 wg2 ==>   48.662377415941897        4.2095421465419633     
 LTM d(wg2)/d(wg2)  0.88601084885223869     
 B before wg2 wg2 ==>    42.777018067947374        3.6228272457268851     
 Q value wg2 wg2 ==>   2.97741698954513687E-005  2.52160339331755398E-006
 B after wg2 wg2 ==>   41.879972527738545        3.6228297673302783     
 LTM d(wg2)/d(wg2)  0.88393817503510730     
 B before wg2 wg2 ==>    39.541221438989972        3.3487844835502973     
 Q value wg2 wg2 ==>   2.97741698954513687E-005  2.52160339331755398E-006
 B after wg2 wg2 ==>   38.712033626806253        3.3487870051536905     
 LTM d(wg2)/d(wg2)  0.88295286545209528     
 B before wg2 wg2 ==>    11.798036100488835       0.99918714677652798     
 Q value wg2 wg2 ==>   2.97741698954513687E-005  2.52160339331755398E-006
 B after wg2 wg2 ==>   11.550649229811400       0.99918966837992129     
 LTM d(wg2)/d(wg2)  0.88631096897809647     
 B before wg2 wg2 ==>    12.848743527235218        1.0881725801898168     
 Q value wg2 wg2 ==>   2.97741698954513687E-005  2.52160339331755398E-006
 B after wg2 wg2 ==>   12.579322324066037        1.0881751017932102     
 LTM d(wg2)/d(wg2)  0.88585461679271960     
 B before wg2 wg2 ==>    12.936714596201377        1.0956229355413769     
 Q value wg2 wg2 ==>   2.97741698954513687E-005  2.52160339331755398E-006
 B after wg2 wg2 ==>   12.665448556178557        1.0956254571447703     
 LTM d(wg2)/d(wg2)  0.88488969549520258     
 B before wg2 wg2 ==>    12.164216780707550        1.0301993445657234     
 Q value wg2 wg2 ==>   2.97741698954513687E-005  2.52160339331755398E-006
 B after wg2 wg2 ==>   11.909150753440374        1.0302018661691168     
 LTM d(wg2)/d(wg2)  0.88486176605227829     
 B before wg2 wg2 ==>    11.393909800314436       0.96496129754456283     
 Q value wg2 wg2 ==>   2.97741698954513687E-005  2.52160339331755398E-006
 B after wg2 wg2 ==>   11.154997841910417       0.96496381914795615     
 LTM d(wg2)/d(wg2)  0.88532182834168072     
 B before wg2 wg2 ==>    11.288798360293249       0.95605930750539103     
 Q value wg2 wg2 ==>   2.97741698954513687E-005  2.52160339331755398E-006
 B after wg2 wg2 ==>   11.052090688600408       0.95606182910878434     
 LTM d(wg2)/d(wg2)  0.87284684165192683     
 B before wg2 wg2 ==>    19.005772568330194        1.5986491833898611     
 Q value wg2 wg2 ==>   2.95712842777049175E-005  2.48735531756896147E-006
 B after wg2 wg2 ==>   18.480439974293642        1.5986516707451786     
 LTM d(wg2)/d(wg2)  0.87120157047915292     
 B before wg2 wg2 ==>    20.593264128518705        1.7257442325389998     
 Q value wg2 wg2 ==>   2.94614274340215179E-005  2.46890867612477336E-006
 B after wg2 wg2 ==>   19.949660648759693        1.7257467014476759     
 LTM d(wg2)/d(wg2)  0.88962437940757655     
 B before wg2 wg2 ==>    49.199762781951499        4.1667757394082958     
 Q value wg2 wg2 ==>   2.97741698954513687E-005  2.52160339331755398E-006
 B after wg2 wg2 ==>   48.168026186044891        4.1667782610116895     
 LTM d(wg2)/d(wg2)  0.76796009100698304     
 B before wg2 wg2 ==>    43.562429050896533        3.4365101733099928     
 Q value wg2 wg2 ==>   2.77337176582312260E-005  2.18783031508334000E-006
 B after wg2 wg2 ==>   39.726140204994444        3.4365123611403079     
 LTM d(wg2)/d(wg2)  0.76993649768111949     
 B before wg2 wg2 ==>    43.707466536213367        3.4479517481868269     
 Q value wg2 wg2 ==>   2.77337176582312260E-005  2.18783031508334000E-006
 B after wg2 wg2 ==>   39.858405001380113        3.4479539360171421     
 LTM d(wg2)/d(wg2)  0.76976641771063292     
 B before wg2 wg2 ==>    43.332051706061080        3.4183363913038933     
 Q value wg2 wg2 ==>   2.77337176582312260E-005  2.18783031508334000E-006
 B after wg2 wg2 ==>   39.516050981922433        3.4183385791342085     
 LTM d(wg2)/d(wg2)  0.75932772108795910     
 B before wg2 wg2 ==>    42.139790202084292        3.3242824352475151     
 Q value wg2 wg2 ==>   2.77337176582312260E-005  2.18783031508334000E-006
 B after wg2 wg2 ==>   38.428785681386678        3.3242846230778302     
 LTM d(wg2)/d(wg2)  0.75999985370847878     
 B before wg2 wg2 ==>    42.004913014702900        3.3136423759881466     
 Q value wg2 wg2 ==>   2.77337176582312260E-005  2.18783031508334000E-006
 B after wg2 wg2 ==>   38.305786418905669        3.3136445638184617     
 LTM d(wg2)/d(wg2)  0.75663087643601867     
 B before wg2 wg2 ==>    34.722515783423312        2.7391557663884507     
 Q value wg2 wg2 ==>   2.77337176582312260E-005  2.18783031508334000E-006
 B after wg2 wg2 ==>   31.664711631304279        2.7391579542187658     
 LTM d(wg2)/d(wg2)  0.76782152663523795     
 B before wg2 wg2 ==>    36.035561717520054        2.8427380460927067     
 Q value wg2 wg2 ==>   2.77337176582312260E-005  2.18783031508334000E-006
 B after wg2 wg2 ==>   32.862124512111961        2.8427402339230219     
 LTM d(wg2)/d(wg2)  0.82543383316858199     
 B before wg2 wg2 ==>    16.890184038356455        1.3842130661739236     
 Q value wg2 wg2 ==>   2.88118474595451211E-005  2.36123748702463053E-006
 B after wg2 wg2 ==>   16.001553425233514        1.3842154274114107     
 LTM d(wg2)/d(wg2)  0.88804036477014037     
 B before wg2 wg2 ==>    18.210714350517502        1.5389030824084160     
 Q value wg2 wg2 ==>   2.97089177555428681E-005  2.51056297018484745E-006
 B after wg2 wg2 ==>   17.789774318852029        1.5389055929713862     
 LTM d(wg2)/d(wg2)  0.83402495191625947     
 B before wg2 wg2 ==>    25.594694742661190        2.0745486459706100     
 Q value wg2 wg2 ==>   2.84954954799046985E-005  2.30966972485765470E-006
 B after wg2 wg2 ==>   23.981843644184202        2.0745509556403348     
 LTM d(wg2)/d(wg2)  0.83417235445156335     
 B before wg2 wg2 ==>    27.422837302581911        2.2227266457653614     
 Q value wg2 wg2 ==>   2.84954954799046985E-005  2.30966972485765470E-006
 B after wg2 wg2 ==>   25.694783792954293        2.2227289554350862     
 LTM d(wg2)/d(wg2)  0.87731987033262837     
 B before wg2 wg2 ==>    11.517857990657109       0.95316191466434241     
 Q value wg2 wg2 ==>   2.90936028119118349E-005  2.40764508324205300E-006
 B after wg2 wg2 ==>   11.018595461678526       0.95316432230942560     
 LTM d(wg2)/d(wg2)  0.85773803250025171     
 B before wg2 wg2 ==>    23.690221422847610        1.9774600676260947     
 Q value wg2 wg2 ==>   2.93454751906339267E-005  2.44951300028902770E-006
 B after wg2 wg2 ==>   22.859499675980224        1.9774625171390949     
 LTM d(wg2)/d(wg2)  0.88400418006750470     
 B before wg2 wg2 ==>    31.620418245097436        2.6394060775224188     
 Q value wg2 wg2 ==>   2.93454751906339301E-005  2.44951300028902855E-006
 B after wg2 wg2 ==>   30.511606589558230        2.6394085270354193     
 LTM d(wg2)/d(wg2)  0.86390968599768025     
 B before wg2 wg2 ==>    34.973287295707223        2.9192753341755426     
 Q value wg2 wg2 ==>   2.93454751906339301E-005  2.44951300028902855E-006
 B after wg2 wg2 ==>   33.746899863806874        2.9192777836885431     
 LTM d(wg2)/d(wg2)  0.86179711191517672     
 B before wg2 wg2 ==>    51.629777754338910        4.3096188080011268     
 Q value wg2 wg2 ==>   2.93454751906339301E-005  2.44951300028902855E-006
 B after wg2 wg2 ==>   49.819293607784765        4.3096212575141273     
 LTM d(wg2)/d(wg2)  0.86952708510597110     
 B before wg2 wg2 ==>    54.074038165160367        4.5136450714541683     
 Q value wg2 wg2 ==>   2.93454751906339301E-005  2.44951300028902855E-006
 B after wg2 wg2 ==>   52.177840615817985        4.5136475209671687     
 LTM d(wg2)/d(wg2)  0.88713556741228217     
 B before wg2 wg2 ==>    61.983127253674674        5.1738291855946414     
 Q value wg2 wg2 ==>   2.93454751906339301E-005  2.44951300028902855E-006
 B after wg2 wg2 ==>   59.809579985075473        5.1738316351076419     
 LTM d(wg2)/d(wg2)  0.86089870613411479     
 B before wg2 wg2 ==>    56.072850460663645        4.6804890796416894     
 Q value wg2 wg2 ==>   2.93454751906339301E-005  2.44951300028902855E-006
 B after wg2 wg2 ==>   54.106560132898778        4.6804915291546898     
 LTM d(wg2)/d(wg2)  0.86806230266356876     
 B before wg2 wg2 ==>    85.866438786892147        7.1674067886331176     
 Q value wg2 wg2 ==>   2.93454751906339267E-005  2.44951300028902770E-006
 B after wg2 wg2 ==>   82.855370322801477        7.1674092381461181     
 LTM d(wg2)/d(wg2)  0.86658975593309950     
 B before wg2 wg2 ==>    155.25575579098580        12.959442289116426     
 Q value wg2 wg2 ==>   2.93454751906339267E-005  2.44951300028902770E-006
 B after wg2 wg2 ==>   149.81139730131480        12.959444738629426     
 LTM d(wg2)/d(wg2)  0.86188085989495311     
 B before wg2 wg2 ==>    126.23301346957213        10.536868309362596     
 Q value wg2 wg2 ==>   2.93454751906339301E-005  2.44951300028902855E-006
 B after wg2 wg2 ==>   121.80640169444969        10.536870758875596     
 LTM d(wg2)/d(wg2)  0.89228719076099927     
 B before wg2 wg2 ==>    154.22626071342771        12.873508714695490     
 Q value wg2 wg2 ==>   2.93454751906339301E-005  2.44951300028902855E-006
 B after wg2 wg2 ==>   148.81800374790717        12.873511164208489     
 LTM d(wg2)/d(wg2)  0.96528782725928275     
 B before wg2 wg2 ==>    120.66073792756958        10.546450465523881     
 Q value wg2 wg2 ==>   3.07286077929626550E-005  2.68585909160881841E-006
 B after wg2 wg2 ==>   121.91717431163913        10.546453151382973     
 LTM d(wg2)/d(wg2)  0.89970789613005109     
 B before wg2 wg2 ==>    23.054297744447563        1.9644634882231178     
 Q value wg2 wg2 ==>   2.99567439760672274E-005  2.55262296077550968E-006
 B after wg2 wg2 ==>   22.709260193292629        1.9644660408460786     
 LTM d(wg2)/d(wg2)  0.91620565603307447     
 B before wg2 wg2 ==>    16.395138091393253        1.3970345365507846     
 Q value wg2 wg2 ==>   2.99567439760672274E-005  2.55262296077550968E-006
 B after wg2 wg2 ==>   16.149772049031075        1.3970370891737454     
 LTM d(wg2)/d(wg2)  0.87716064747955302     
 B before wg2 wg2 ==>    38.541896522269717        3.2419082817412868     
 Q value wg2 wg2 ==>   2.95712843201975552E-005  2.48735532471740243E-006
 B after wg2 wg2 ==>   37.476542555627113        3.2419107690966116     
 LTM d(wg2)/d(wg2)  0.88419664994960234     
 B before wg2 wg2 ==>    12.218496918649976        1.0347963822163440     
 Q value wg2 wg2 ==>   2.97741698954513687E-005  2.52160339331755398E-006
 B after wg2 wg2 ==>   11.962292585345670        1.0347989038197374     
 LTM d(wg2)/d(wg2)  0.88913531131841139     
 B before wg2 wg2 ==>    19.687799553781442        1.6673788836462373     
 Q value wg2 wg2 ==>   2.97741698954513687E-005  2.52160339331755398E-006
 B after wg2 wg2 ==>   19.274956851360809        1.6673814052496307     
 LTM d(wg2)/d(wg2)  0.88554883687676711     
 B before wg2 wg2 ==>    21.619201551337849        1.8309511964260661     
 Q value wg2 wg2 ==>   2.97741698954513687E-005  2.52160339331755398E-006
 B after wg2 wg2 ==>   21.165855514967092        1.8309537180294595     
 LTM d(wg2)/d(wg2)  0.88489001336109996     
 B before wg2 wg2 ==>    19.113964062342180        1.6187801980237595     
 Q value wg2 wg2 ==>   2.97741698954513687E-005  2.52160339331755398E-006
 B after wg2 wg2 ==>   18.713155235091815        1.6187827196271529     
 LTM d(wg2)/d(wg2)  0.88295907032182042     
 B before wg2 wg2 ==>    46.047115953248600        3.8997750146490966     
 Q value wg2 wg2 ==>   2.97741698954513687E-005  2.52160339331755398E-006
 B after wg2 wg2 ==>   45.081493355096626        3.8997775362524898     
 LTM d(wg2)/d(wg2)  0.88221897710462027     
 B before wg2 wg2 ==>    45.457951814781651        3.8498781310081442     
 Q value wg2 wg2 ==>   2.97741698954513687E-005  2.52160339331755398E-006
 B after wg2 wg2 ==>   44.504684548084207        3.8498806526115374     
 LTM d(wg2)/d(wg2)  0.88171101006382357     
 B before wg2 wg2 ==>    44.706716553124380        3.7862552863872381     
 Q value wg2 wg2 ==>   2.97741698954513687E-005  2.52160339331755398E-006
 B after wg2 wg2 ==>   43.769203403237682        3.7862578079906313     
 LTM d(wg2)/d(wg2)  0.88268434086342484     
 B before wg2 wg2 ==>    44.858248677613147        3.7990886893217013     
 Q value wg2 wg2 ==>   2.97741698954513687E-005  2.52160339331755398E-006
 B after wg2 wg2 ==>   43.917557755180859        3.7990912109250945     
 LTM d(wg2)/d(wg2)  0.88563147498240413     
 B before wg2 wg2 ==>    45.663204836972653        3.8672612089936229     
 Q value wg2 wg2 ==>   2.97741698954513687E-005  2.52160339331755398E-006
 B after wg2 wg2 ==>   44.705633219491382        3.8672637305970161     
 LTM d(wg2)/d(wg2)  0.88806992789572869     
 B before wg2 wg2 ==>    46.138786785677837        3.9075387065650586     
 Q value wg2 wg2 ==>   2.97741698954513687E-005  2.52160339331755398E-006
 B after wg2 wg2 ==>   45.171241763119099        3.9075412281684518     
 LTM d(wg2)/d(wg2)  0.88821575559810229     
 B before wg2 wg2 ==>    39.536046379369083        3.3483462027200854     
 Q value wg2 wg2 ==>   2.97741698954513687E-005  2.52160339331755398E-006
 B after wg2 wg2 ==>   38.706967093099856        3.3483487243234786     
 LTM d(wg2)/d(wg2)  0.81718607348809280     
 B before wg2 wg2 ==>    36.902763812952671        3.0026189408915167     
 Q value wg2 wg2 ==>   2.86051263465708515E-005  2.32747592050711275E-006
 B after wg2 wg2 ==>   34.710351936601960        3.0026212683674371     
 LTM d(wg2)/d(wg2)  0.76830187549910944     
 B before wg2 wg2 ==>    18.498717148977843        1.4593086533667035     
 Q value wg2 wg2 ==>   2.77337176582312260E-005  2.18783031508334000E-006
 B after wg2 wg2 ==>   16.869657660950342        1.4593108411970186     
 LTM d(wg2)/d(wg2)  0.77038188870797752     
 B before wg2 wg2 ==>    18.587800796788287        1.4663361967945154     
 Q value wg2 wg2 ==>   2.77337176582312260E-005  2.18783031508334000E-006
 B after wg2 wg2 ==>   16.950896180173157        1.4663383846248306     
 LTM d(wg2)/d(wg2)  0.75938055364149926     
 B before wg2 wg2 ==>    18.773881239448119        1.4810155282318744     
 Q value wg2 wg2 ==>   2.77337176582312260E-005  2.18783031508334000E-006
 B after wg2 wg2 ==>   17.120589496394086        1.4810177160621896     
 LTM d(wg2)/d(wg2)  0.75498444915349572     
 B before wg2 wg2 ==>    18.274819249384773        1.4416460154813056     
 Q value wg2 wg2 ==>   2.77337176582312260E-005  2.18783031508334000E-006
 B after wg2 wg2 ==>   16.665477272437919        1.4416482033116207     
 LTM d(wg2)/d(wg2)  0.76871417432502087     
 B before wg2 wg2 ==>    18.571882369701971        1.4650804395326487     
 Q value wg2 wg2 ==>   2.77337176582312260E-005  2.18783031508334000E-006
 B after wg2 wg2 ==>   16.936379605283900        1.4650826273629638     
 LTM d(wg2)/d(wg2)  0.75902329527463064     
 B before wg2 wg2 ==>    18.129243750460024        1.4301619983146989     
 Q value wg2 wg2 ==>   2.77337176582312260E-005  2.18783031508334000E-006
 B after wg2 wg2 ==>   16.532721842474679        1.4301641861450141     
 LTM d(wg2)/d(wg2)  0.76443454169911917     
 B before wg2 wg2 ==>    25.459927393766751        2.0084577790230584     
 Q value wg2 wg2 ==>   2.77337176582312260E-005  2.18783031508334000E-006
 B after wg2 wg2 ==>   23.217830711617207        2.0084599668533736     
 LTM d(wg2)/d(wg2)  0.82429614471719603     
 B before wg2 wg2 ==>    23.796532230249596        1.9502138501236637     
 Q value wg2 wg2 ==>   2.88118474595451211E-005  2.36123748702463053E-006
 B after wg2 wg2 ==>   22.544531926804545        1.9502162113611508     
 LTM d(wg2)/d(wg2)  0.81497420665926923     
 B before wg2 wg2 ==>    47.450365632905125        3.8460349992171334     
 Q value wg2 wg2 ==>   2.84954954799046985E-005  2.30966972485765470E-006
 B after wg2 wg2 ==>   44.460255430532037        3.8460373088868582     
 LTM d(wg2)/d(wg2)  0.83070426377602047     
 B before wg2 wg2 ==>    53.681119051388272        4.3510615759219506     
 Q value wg2 wg2 ==>   2.84954954799046985E-005  2.30966972485765470E-006
 B after wg2 wg2 ==>   50.298371079493847        4.3510638855916755     
 LTM d(wg2)/d(wg2)  0.82987104658298505     
 B before wg2 wg2 ==>    58.336869036240614        4.7284280545677850     
 Q value wg2 wg2 ==>   2.84954954799046985E-005  2.30966972485765470E-006
 B after wg2 wg2 ==>   54.660733865925096        4.7284303642375098     
 LTM d(wg2)/d(wg2)  0.90576515917547284     
 B before wg2 wg2 ==>    60.415924398187713        5.0818175296828789     
 Q value wg2 wg2 ==>   2.95712842777049175E-005  2.48735531756896147E-006
 B after wg2 wg2 ==>   58.745924145728424        5.0818200170381962     
 LTM d(wg2)/d(wg2)  0.97484602144289711     
 B before wg2 wg2 ==>    70.398485578869654        6.1532371984259511     
 Q value wg2 wg2 ==>   3.07286077929626550E-005  2.68585909160881841E-006
 B after wg2 wg2 ==>   71.131555679013914        6.1532398842850426     
 LTM d(wg2)/d(wg2)  0.97805953318783956     
 B before wg2 wg2 ==>    64.734710871603383        5.6581903387430010     
 Q value wg2 wg2 ==>   3.07286077929626550E-005  2.68585909160881841E-006
 B after wg2 wg2 ==>   65.408805725255164        5.6581930246020926     
 LTM d(wg2)/d(wg2)  0.94563679618752650     
 B before wg2 wg2 ==>    56.100931263304098        4.9035477720463039     
 Q value wg2 wg2 ==>   3.07286077929626550E-005  2.68585909160881841E-006
 B after wg2 wg2 ==>   56.685125069177964        4.9035504579053955     
 LTM d(wg2)/d(wg2)  0.97693527526494661     
 B before wg2 wg2 ==>    56.822668764563907        4.9666318285246982     
 Q value wg2 wg2 ==>   3.07286077929626550E-005  2.68585909160881841E-006
 B after wg2 wg2 ==>   57.414377814111759        4.9666345143837898     
 LTM d(wg2)/d(wg2)  0.97453120365445001     
 B before wg2 wg2 ==>    10.710709026678753       0.93617828086145760     
 Q value wg2 wg2 ==>   3.07286077929626550E-005  2.68585909160881841E-006
 B after wg2 wg2 ==>   10.822267587842186       0.93618096672054918     
 LTM d(wg2)/d(wg2)  0.97685490029477007     
 B before wg2 wg2 ==>    12.543502023761622        1.0963750514870165     
 Q value wg2 wg2 ==>   3.07286077929626550E-005  2.68585909160881841E-006
 B after wg2 wg2 ==>   12.674144927851687        1.0963777373461081     
 LTM d(wg2)/d(wg2)  0.86538164894691960     
 B before wg2 wg2 ==>    20.905173706396315        1.7449877514153127     
 Q value wg2 wg2 ==>   2.93454751906339301E-005  2.44951300028902855E-006
 B after wg2 wg2 ==>   20.172115823676872        1.7449902009283129     
 LTM d(wg2)/d(wg2)  0.86236800232389565     
 B before wg2 wg2 ==>    52.932540314621690        4.4183624492941114     
 Q value wg2 wg2 ==>   2.93454751906339267E-005  2.44951300028902770E-006
 B after wg2 wg2 ==>   51.076371914633420        4.4183648988071118     
 LTM d(wg2)/d(wg2)  0.85959010526446500     
 B before wg2 wg2 ==>    75.249014278282132        6.2811536543942736     
 Q value wg2 wg2 ==>   2.93454751906339301E-005  2.44951300028902855E-006
 B after wg2 wg2 ==>   72.610269311086938        6.2811561039072741     
 LTM d(wg2)/d(wg2)  0.86340557233323578     
 B before wg2 wg2 ==>    93.916290951874572        7.8393406183099543     
 Q value wg2 wg2 ==>   2.93454751906339301E-005  2.44951300028902855E-006
 B after wg2 wg2 ==>   90.622936599607598        7.8393430678229548     
 LTM d(wg2)/d(wg2)  0.88436344451931059     
 B before wg2 wg2 ==>    148.15446318834807        12.366686219023237     
 Q value wg2 wg2 ==>   2.93454751906339301E-005  2.44951300028902855E-006
 B after wg2 wg2 ==>   142.95912724573151        12.366688668536236     
 LTM d(wg2)/d(wg2)  0.96563681629164100     
 B before wg2 wg2 ==>    127.74188910639089        11.165384274723312     
 Q value wg2 wg2 ==>   3.07286077929626550E-005  2.68585909160881841E-006
 B after wg2 wg2 ==>   129.07205946785288        11.165386960582405     
 LTM d(wg2)/d(wg2)  0.89527634523501931     
 B before wg2 wg2 ==>    58.034774113356555        4.9451601630512823     
 Q value wg2 wg2 ==>   2.99567439760672274E-005  2.55262296077550968E-006
 B after wg2 wg2 ==>   57.166163462947367        4.9451627156742433     
 LTM d(wg2)/d(wg2)  0.89866375401603005     
 B before wg2 wg2 ==>    54.017925957893553        4.6028833508658442     
 Q value wg2 wg2 ==>   2.99567439760672274E-005  2.55262296077550968E-006
 B after wg2 wg2 ==>   53.209437805983519        4.6028859034888052     
 LTM d(wg2)/d(wg2)  0.89003906331641558     
 B before wg2 wg2 ==>    50.406025349602757        4.2689352889272918     
 Q value wg2 wg2 ==>   2.97741698954513687E-005  2.52160339331755398E-006
 B after wg2 wg2 ==>   49.348992282184298        4.2689378105306854     
 LTM d(wg2)/d(wg2)  0.88510791265124011     
 B before wg2 wg2 ==>    47.964171415839957        4.0621323054357932     
 Q value wg2 wg2 ==>   2.97741698954513687E-005  2.52160339331755398E-006
 B after wg2 wg2 ==>   46.958346344199562        4.0621348270391868     
 LTM d(wg2)/d(wg2)  0.88467863181457462     
 B before wg2 wg2 ==>    45.895907937343303        3.8869690607856482     
 Q value wg2 wg2 ==>   2.97741698954513687E-005  2.52160339331755398E-006
 B after wg2 wg2 ==>   44.933456314872146        3.8869715823890414     
 LTM d(wg2)/d(wg2)  0.87615743015685943     
 B before wg2 wg2 ==>    43.369717883146166        3.6730235692674547     
 Q value wg2 wg2 ==>   2.97741698954513687E-005  2.52160339331755398E-006
 B after wg2 wg2 ==>   42.460242864984252        3.6730260908708479     
 LTM d(wg2)/d(wg2)  0.88200047261786119     
 B before wg2 wg2 ==>    38.804815398302715        3.2864175400695248     
 Q value wg2 wg2 ==>   2.97741698954513687E-005  2.52160339331755398E-006
 B after wg2 wg2 ==>   37.991070720084153        3.2864200616729180     
 LTM d(wg2)/d(wg2)  0.88026476007438670     
 B before wg2 wg2 ==>    38.248538764846515        3.2393059311994250     
 Q value wg2 wg2 ==>   2.97741698954513687E-005  2.52160339331755398E-006
 B after wg2 wg2 ==>   37.446459735872409        3.2393084528028182     
 LTM d(wg2)/d(wg2)  0.87944215143245330     
 B before wg2 wg2 ==>    8.4631599072504375       0.71675323998107587     
 Q value wg2 wg2 ==>   2.97741698954513687E-005  2.52160339331755398E-006
 B after wg2 wg2 ==>   8.2857085571471458       0.71675576158446919     
 LTM d(wg2)/d(wg2)  0.88135868227315917     
 B before wg2 wg2 ==>    8.1945579362038536       0.69400507793252375     
 Q value wg2 wg2 ==>   2.97741698954513687E-005  2.52160339331755398E-006
 B after wg2 wg2 ==>   8.0227394244981216       0.69400759953591706     
 LTM d(wg2)/d(wg2)  0.88234953799244786     
 B before wg2 wg2 ==>    9.1904705279094845       0.77834988349757339     
 Q value wg2 wg2 ==>   2.97741698954513687E-005  2.52160339331755398E-006
 B after wg2 wg2 ==>   8.9977667834360435       0.77835240510096670     
 LTM d(wg2)/d(wg2)  0.88446137800435010     
 B before wg2 wg2 ==>    9.5103702584078480       0.80544250266306283     
 Q value wg2 wg2 ==>   2.97741698954513687E-005  2.52160339331755398E-006
 B after wg2 wg2 ==>   9.3109579128087372       0.80544502426645614     
 LTM d(wg2)/d(wg2)  0.88557276351500391     
 B before wg2 wg2 ==>    9.5433974598725513       0.80823960846240539     
 Q value wg2 wg2 ==>   2.97741698954513687E-005  2.52160339331755398E-006
 B after wg2 wg2 ==>   9.3432925024960607       0.80824213006579870     
 LTM d(wg2)/d(wg2)  0.88776911086446464     
 B before wg2 wg2 ==>    10.100842982627123       0.85545021170351698     
 Q value wg2 wg2 ==>   2.97741698954513687E-005  2.52160339331755398E-006
 B after wg2 wg2 ==>   9.8890478632876135       0.85545273330691030     
 LTM d(wg2)/d(wg2)  0.84970253340739854     
 B before wg2 wg2 ==>    21.245831449785431        1.7499301774608715     
 Q value wg2 wg2 ==>   2.89567310871140741E-005  2.38504469404853643E-006
 B after wg2 wg2 ==>   20.229249605932953        1.7499325625055655     
 LTM d(wg2)/d(wg2)  0.76656665076407238     
 B before wg2 wg2 ==>    24.341118085991901        1.9201982477726298     
 Q value wg2 wg2 ==>   2.77337176582312260E-005  2.18783031508334000E-006
 B after wg2 wg2 ==>   22.197549058470997        1.9202004356029450     
 LTM d(wg2)/d(wg2)  0.76932607672761100     
 B before wg2 wg2 ==>    42.342899450624770        3.3403051184199160     
 Q value wg2 wg2 ==>   2.77337176582312260E-005  2.18783031508334000E-006
 B after wg2 wg2 ==>   38.614008166067563        3.3403073062502311     
 LTM d(wg2)/d(wg2)  0.76582236485010791     
 B before wg2 wg2 ==>    42.011470917297480        3.3141597093754909     
 Q value wg2 wg2 ==>   2.77337176582312260E-005  2.18783031508334000E-006
 B after wg2 wg2 ==>   38.311766801490862        3.3141618972058060     
 LTM d(wg2)/d(wg2)  0.75734763973417996     
 B before wg2 wg2 ==>    40.855296932809665        3.2229525901589153     
 Q value wg2 wg2 ==>   2.77337176582312260E-005  2.18783031508334000E-006
 B after wg2 wg2 ==>   37.257410982299504        3.2229547779892305     
 LTM d(wg2)/d(wg2)  0.75853032034005108     
 B before wg2 wg2 ==>    41.357774047037665        3.2625915118747471     
 Q value wg2 wg2 ==>   2.77337176582312260E-005  2.18783031508334000E-006
 B after wg2 wg2 ==>   37.715637578386996        3.2625936997050622     
 LTM d(wg2)/d(wg2)  0.75283407145893810     
 B before wg2 wg2 ==>    40.649540486164767        3.2067210774190453     
 Q value wg2 wg2 ==>   2.77337176582312260E-005  2.18783031508334000E-006
 B after wg2 wg2 ==>   37.069774424336046        3.2067232652493605     
 LTM d(wg2)/d(wg2)  0.75900138002743023     
 B before wg2 wg2 ==>    41.039767442525637        3.2375049187853553     
 Q value wg2 wg2 ==>   2.77337176582312260E-005  2.18783031508334000E-006
 B after wg2 wg2 ==>   37.425636143908200        3.2375071066156704     
 LTM d(wg2)/d(wg2)  0.76448676728422249     
 B before wg2 wg2 ==>    34.848399109156276        2.7490863267120269     
 Q value wg2 wg2 ==>   2.77337176582312260E-005  2.18783031508334000E-006
 B after wg2 wg2 ==>   31.779509074255316        2.7490885145423420     
 LTM d(wg2)/d(wg2)  0.80195019061514272     
 B before wg2 wg2 ==>    38.189318177086840        3.0700835514888984     
 Q value wg2 wg2 ==>   2.82625168526286871E-005  2.27205648738167606E-006
 B after wg2 wg2 ==>   35.490243319555532        3.0700858235453858     
 LTM d(wg2)/d(wg2)  0.81966254607746969     
 B before wg2 wg2 ==>    17.344331403006290        1.4058249019629081     
 Q value wg2 wg2 ==>   2.84954954799046985E-005  2.30966972485765470E-006
 B after wg2 wg2 ==>   16.251386011247398        1.4058272116326329     
 LTM d(wg2)/d(wg2)  0.81538454598834431     
 B before wg2 wg2 ==>    17.857974785266471        1.4474576775788455     
 Q value wg2 wg2 ==>   2.84954954799046985E-005  2.30966972485765470E-006
 B after wg2 wg2 ==>   16.732661591671324        1.4474599872485703     
 LTM d(wg2)/d(wg2)  0.81796382150581837     
 B before wg2 wg2 ==>    5.5892465147798509       0.45302996991426092     
 Q value wg2 wg2 ==>   2.84954954799046985E-005  2.30966972485765470E-006
 B after wg2 wg2 ==>   5.2370607071437387       0.45303227958398579     
 LTM d(wg2)/d(wg2)  0.94445744142606558     
 B before wg2 wg2 ==>    8.1074073307802887       0.70863456735384966     
 Q value wg2 wg2 ==>   3.07286077929626550E-005  2.68585909160881841E-006
 B after wg2 wg2 ==>   8.1918584649811095       0.70863725321294124     
 LTM d(wg2)/d(wg2)  0.94530075590780072     
 B before wg2 wg2 ==>    13.783148689722358        1.2047273820119195     
 Q value wg2 wg2 ==>   3.07286077929626550E-005  2.68585909160881841E-006
 B after wg2 wg2 ==>   13.926699675695486        1.2047300678710111     
 LTM d(wg2)/d(wg2)  0.94597089760981345     
 B before wg2 wg2 ==>    14.245705712979934        1.2451575568728970     
 Q value wg2 wg2 ==>   3.07286077929626550E-005  2.68585909160881841E-006
 B after wg2 wg2 ==>   14.394073171336480        1.2451602427319886     
 LTM d(wg2)/d(wg2)  0.95142590407680638     
 B before wg2 wg2 ==>    32.313417936927870        2.8243807181765432     
 Q value wg2 wg2 ==>   3.07286077929626550E-005  2.68585909160881841E-006
 B after wg2 wg2 ==>   32.649919252479606        2.8243834040356348     
 LTM d(wg2)/d(wg2)  0.97610610659979435     
 B before wg2 wg2 ==>    50.621993481009405        4.4246567349357520     
 Q value wg2 wg2 ==>   3.07286077929626550E-005  2.68585909160881841E-006
 B after wg2 wg2 ==>   51.149136693784421        4.4246594207948435     
 LTM d(wg2)/d(wg2)  0.94462530925262844     
 B before wg2 wg2 ==>    76.057006404497230        6.6478248382880549     
 Q value wg2 wg2 ==>   3.07286077929626550E-005  2.68585909160881841E-006
 B after wg2 wg2 ==>   76.848997043985349        6.6478275241471465     
 LTM d(wg2)/d(wg2)  0.95130100689541730     
 B before wg2 wg2 ==>    84.300464534115434        7.3683510369660921     
 Q value wg2 wg2 ==>   3.07286077929626550E-005  2.68585909160881841E-006
 B after wg2 wg2 ==>   85.178291916813166        7.3683537228251836     
 LTM d(wg2)/d(wg2)  0.94606002737161510     
 B before wg2 wg2 ==>    149.29261867153460        13.049043414874795     
 Q value wg2 wg2 ==>   3.07286077929626550E-005  2.68585909160881841E-006
 B after wg2 wg2 ==>   150.84719054151117        13.049046100733888     
 LTM d(wg2)/d(wg2)  0.86303896822808435     
 B before wg2 wg2 ==>    134.49867769322836        11.226816311238265     
 Q value wg2 wg2 ==>   2.93454751906339301E-005  2.44951300028902855E-006
 B after wg2 wg2 ==>   129.78221210229401        11.226818760751264     
 LTM d(wg2)/d(wg2)  0.90377628109709052     
 B before wg2 wg2 ==>    127.89389380804521        10.897876314200317     
 Q value wg2 wg2 ==>   2.99567440448829352E-005  2.55262297250312341E-006
 B after wg2 wg2 ==>   125.97966144280427        10.897878866823289     
 LTM d(wg2)/d(wg2)  0.97075536701130583     
 B before wg2 wg2 ==>    135.75167462615673        11.865486127857920     
 Q value wg2 wg2 ==>   3.07286077929626550E-005  2.68585909160881841E-006
 B after wg2 wg2 ==>   137.16524856558485        11.865488813717013     
 LTM d(wg2)/d(wg2)  0.96878942883231389     
 B before wg2 wg2 ==>    117.50543777544762        10.270658875568664     
 Q value wg2 wg2 ==>   3.07286077929626550E-005  2.68585909160881841E-006
 B after wg2 wg2 ==>   118.72901893242093        10.270661561427756     
 LTM d(wg2)/d(wg2)  0.90425512734756652     
 B before wg2 wg2 ==>    58.153073186945136        4.9552404618888968     
 Q value wg2 wg2 ==>   2.99567439760672274E-005  2.55262296077550968E-006
 B after wg2 wg2 ==>   57.282691885617851        4.9552430145118578     
 LTM d(wg2)/d(wg2)  0.90400998011199318     
 B before wg2 wg2 ==>    20.764825394183738        1.7693768762063686     
 Q value wg2 wg2 ==>   2.99567439760672274E-005  2.55262296077550968E-006
 B after wg2 wg2 ==>   20.454055704948200        1.7693794288293294     
 LTM d(wg2)/d(wg2)  0.89026975813748088     
 B before wg2 wg2 ==>    17.396201937772577        1.4733012537765575     
 Q value wg2 wg2 ==>   2.97741698954513687E-005  2.52160339331755398E-006
 B after wg2 wg2 ==>   17.031416213463149        1.4733037753799509     
 LTM d(wg2)/d(wg2)  0.88398048241770499     
 B before wg2 wg2 ==>    14.112990386714991        1.1952428757530285     
 Q value wg2 wg2 ==>   2.97741698954513687E-005  2.52160339331755398E-006
 B after wg2 wg2 ==>   13.817056726372376        1.1952453973564219     
 LTM d(wg2)/d(wg2)  0.87972518548619461     
 B before wg2 wg2 ==>    9.7552071064941650       0.82617797334491538     
 Q value wg2 wg2 ==>   2.97741698954513687E-005  2.52160339331755398E-006
 B after wg2 wg2 ==>   9.5506602996933552       0.82618049494830870     
 LTM d(wg2)/d(wg2)  0.87874195554651380     
 B before wg2 wg2 ==>    8.7441110648857165       0.74054726664705006     
 Q value wg2 wg2 ==>   2.97741698954513687E-005  2.52160339331755398E-006
 B after wg2 wg2 ==>   8.5607679022153000       0.74054978825044337     
 LTM d(wg2)/d(wg2)  0.87843683083589608     
 B before wg2 wg2 ==>    9.1372325567363486       0.77384110796378325     
 Q value wg2 wg2 ==>   2.97741698954513687E-005  2.52160339331755398E-006
 B after wg2 wg2 ==>   8.9456452630732421       0.77384362956717656     
 LTM d(wg2)/d(wg2)  0.87854426564016408     
 B before wg2 wg2 ==>    13.369774859489610        1.1322992302375199     
 Q value wg2 wg2 ==>   2.97741698954513687E-005  2.52160339331755398E-006
 B after wg2 wg2 ==>   13.089427134511155        1.1323017518409133     
 LTM d(wg2)/d(wg2)  0.87884738290327247     
 B before wg2 wg2 ==>    13.199693138989719        1.1178948439839393     
 Q value wg2 wg2 ==>   2.97741698954513687E-005  2.52160339331755398E-006
 B after wg2 wg2 ==>   12.922912189199927        1.1178973655873328     
 LTM d(wg2)/d(wg2)  0.87937334598686756     
 B before wg2 wg2 ==>    43.118607282389114        3.6517567683729069     
 Q value wg2 wg2 ==>   2.97741698954513687E-005  2.52160339331755398E-006
 B after wg2 wg2 ==>   42.214398291979961        3.6517592899763001     
 LTM d(wg2)/d(wg2)  0.88103710373833521     
 B before wg2 wg2 ==>    43.627869540828236        3.6948866841179244     
 Q value wg2 wg2 ==>   2.97741698954513687E-005  2.52160339331755398E-006
 B after wg2 wg2 ==>   42.712980837263643        3.6948892057213176     
 LTM d(wg2)/d(wg2)  0.89088071160907756     
 B before wg2 wg2 ==>    44.318569049363582        3.7533826969572806     
 Q value wg2 wg2 ==>   2.97741698954513687E-005  2.52160339331755398E-006
 B after wg2 wg2 ==>   43.389195721216026        3.7533852185606738     
 LTM d(wg2)/d(wg2)  0.88732747180414717     
 B before wg2 wg2 ==>    43.909076372233244        3.7187023640440096     
 Q value wg2 wg2 ==>   2.97741698954513687E-005  2.52160339331755398E-006
 B after wg2 wg2 ==>   42.988290494379790        3.7187048856474028     
 LTM d(wg2)/d(wg2)  0.88490869074284750     
 B before wg2 wg2 ==>    44.206511608262439        3.7438924433341128     
 Q value wg2 wg2 ==>   2.97741698954513687E-005  2.52160339331755398E-006
 B after wg2 wg2 ==>   43.279488231064640        3.7438949649375060     
 LTM d(wg2)/d(wg2)  0.83188376629773308     
 B before wg2 wg2 ==>    42.901292333830874        3.4906933692882594     
 Q value wg2 wg2 ==>   2.86051263465708515E-005  2.32747592050711275E-006
 B after wg2 wg2 ==>   40.352500468413936        3.4906956967641798     
 LTM d(wg2)/d(wg2)  0.79242644876240975     
 B before wg2 wg2 ==>    34.739590126870134        2.7405027104463460     
 Q value wg2 wg2 ==>   2.77337176582312260E-005  2.18783031508334000E-006
 B after wg2 wg2 ==>   31.680282327076338        2.7405048982766611     
 LTM d(wg2)/d(wg2)  0.77180470872692264     
 B before wg2 wg2 ==>    33.544075450624419        2.6461921213269992     
 Q value wg2 wg2 ==>   2.77337176582312260E-005  2.18783031508334000E-006
 B after wg2 wg2 ==>   30.590050344052830        2.6461943091573144     
 LTM d(wg2)/d(wg2)  0.75557238300423446     
 B before wg2 wg2 ==>    13.350200436603911        1.0531575170547718     
 Q value wg2 wg2 ==>   2.77337176582312260E-005  2.18783031508334000E-006
 B after wg2 wg2 ==>   12.174543751861496        1.0531597048850869     
 LTM d(wg2)/d(wg2)  0.77563814684154631     
 B before wg2 wg2 ==>    13.578498058788137        1.0711672359403266     
 Q value wg2 wg2 ==>   2.77337176582312260E-005  2.18783031508334000E-006
 B after wg2 wg2 ==>   12.382736402523950        1.0711694237706417     
 LTM d(wg2)/d(wg2)  0.76529981805587488     
 B before wg2 wg2 ==>    14.396233107237846        1.1356759163398125     
 Q value wg2 wg2 ==>   2.77337176582312260E-005  2.18783031508334000E-006
 B after wg2 wg2 ==>   13.128457823743805        1.1356781041701276     
 LTM d(wg2)/d(wg2)  0.75546511052748122     
 B before wg2 wg2 ==>    14.533541641377621        1.1465077772973893     
 Q value wg2 wg2 ==>   2.77337176582312260E-005  2.18783031508334000E-006
 B after wg2 wg2 ==>   13.253674317054749        1.1465099651277044     
 LTM d(wg2)/d(wg2)  0.77148077030385198     
 B before wg2 wg2 ==>    16.144395790612784        1.2735832593623944     
 Q value wg2 wg2 ==>   2.77337176582312260E-005  2.18783031508334000E-006
 B after wg2 wg2 ==>   14.722669008945379        1.2735854471927095     
 LTM d(wg2)/d(wg2)  0.76407331380883103     
 B before wg2 wg2 ==>    16.907127777556603        1.3337529121973855     
 Q value wg2 wg2 ==>   2.77337176582312260E-005  2.18783031508334000E-006
 B after wg2 wg2 ==>   15.418231199158349        1.3337551000277006     
 LTM d(wg2)/d(wg2)  0.78659729772073683     
 B before wg2 wg2 ==>    25.979969314805601        2.0494823359895600     
 Q value wg2 wg2 ==>   2.77337176582312260E-005  2.18783031508334000E-006
 B after wg2 wg2 ==>   23.692075274310483        2.0494845238198751     
 LTM d(wg2)/d(wg2)  0.83538635173173137     
 B before wg2 wg2 ==>    26.789613001807833        2.1714013758617923     
 Q value wg2 wg2 ==>   2.84954954799046985E-005  2.30966972485765470E-006
 B after wg2 wg2 ==>   25.101462816925039        2.1714036855315171     
 LTM d(wg2)/d(wg2)  0.82390461799944559     
 B before wg2 wg2 ==>    53.352055755010618        4.3243897276032817     
 Q value wg2 wg2 ==>   2.84954954799046985E-005  2.30966972485765470E-006
 B after wg2 wg2 ==>   49.990044068127538        4.3243920372730065     
 LTM d(wg2)/d(wg2)  0.81747021093186423     
 B before wg2 wg2 ==>    52.260777436239067        4.2359374142880881     
 Q value wg2 wg2 ==>   2.84954954799046985E-005  2.30966972485765470E-006
 B after wg2 wg2 ==>   48.967533851097649        4.2359397239578129     
 LTM d(wg2)/d(wg2)  0.90838191062214013     
 B before wg2 wg2 ==>    53.629266415613607        4.5697655570114488     
 Q value wg2 wg2 ==>   2.99567439760672274E-005  2.55262296077550968E-006
 B after wg2 wg2 ==>   52.826595556726119        4.5697681096344098     
 LTM d(wg2)/d(wg2)  0.94514930199650216     
 B before wg2 wg2 ==>    53.730591043209742        4.6963662468291254     
 Q value wg2 wg2 ==>   3.07286077929626550E-005  2.68585909160881841E-006
 B after wg2 wg2 ==>   54.290103182531482        4.6963689326882170     
 LTM d(wg2)/d(wg2)  0.94373752582392956     
 B before wg2 wg2 ==>    57.152707882876442        4.9954791675411210     
 Q value wg2 wg2 ==>   3.07286077929626550E-005  2.68585909160881841E-006
 B after wg2 wg2 ==>   57.747853534224447        4.9954818534002126     
 LTM d(wg2)/d(wg2)  0.95099549213661205     
 B before wg2 wg2 ==>    58.367730132827113        5.1016791808487323     
 Q value wg2 wg2 ==>   3.07286077929626550E-005  2.68585909160881841E-006
 B after wg2 wg2 ==>   58.975527459142477        5.1016818667078239     
 LTM d(wg2)/d(wg2)  0.97604009063432173     
 B before wg2 wg2 ==>    56.749416440248368        4.9602291492178461     
 Q value wg2 wg2 ==>   3.07286077929626550E-005  2.68585909160881841E-006
 B after wg2 wg2 ==>   57.340362734548009        4.9602318350769377     
 LTM d(wg2)/d(wg2)  0.94781308591114499     
 B before wg2 wg2 ==>    72.184839301724679        6.3093749063131987     
 Q value wg2 wg2 ==>   3.07286077929626550E-005  2.68585909160881841E-006
 B after wg2 wg2 ==>   72.936510186076148        6.3093775921722903     
 LTM d(wg2)/d(wg2)  0.95057405065928591     
 B before wg2 wg2 ==>    132.37936904792377        11.570727001183318     
 Q value wg2 wg2 ==>   3.07286077929626550E-005  2.68585909160881841E-006
 B after wg2 wg2 ==>   133.75782814557172        11.570729687042411     
 LTM d(wg2)/d(wg2)  0.94327687871716792     
 B before wg2 wg2 ==>    137.29608455190845        11.904355964263345     
 Q value wg2 wg2 ==>   3.04824799435852309E-005  2.64300539309817188E-006
 B after wg2 wg2 ==>   137.61458402726865        11.904358607268739     
 LTM d(wg2)/d(wg2)  0.98017806043000866     
 B before wg2 wg2 ==>    123.58648330628064        10.802177632797083     
 Q value wg2 wg2 ==>   3.07286077929626550E-005  2.68585909160881841E-006
 B after wg2 wg2 ==>   124.87338463004178        10.802180318656175     
 LTM d(wg2)/d(wg2)  0.97222213365790866     
 B before wg2 wg2 ==>    120.98813733991354        10.575067078881574     
 Q value wg2 wg2 ==>   3.07286077929626550E-005  2.68585909160881841E-006
 B after wg2 wg2 ==>   122.24798283928912        10.575069764740666     
 LTM d(wg2)/d(wg2)  0.97209927774513438     
 B before wg2 wg2 ==>    126.32305015756079        11.041369496184704     
 Q value wg2 wg2 ==>   3.07286077929626550E-005  2.68585909160881841E-006
 B after wg2 wg2 ==>   127.63844655977030        11.041372182043796     
 LTM d(wg2)/d(wg2)  0.97450154917311327     
 B before wg2 wg2 ==>    99.371950724665055        8.6856866117399996     
 Q value wg2 wg2 ==>   3.07286077929626550E-005  2.68585909160881841E-006
 B after wg2 wg2 ==>   100.40671313021166        8.6856892975990920     
 LTM d(wg2)/d(wg2)  0.90636274789961180     
 B before wg2 wg2 ==>    108.57453249836833        9.2516678325327959     
 Q value wg2 wg2 ==>   2.99567439760672274E-005  2.55262296077550968E-006
 B after wg2 wg2 ==>   106.94946394115027        9.2516703851557569     
 LTM d(wg2)/d(wg2)  0.90002668136706698     
 B before wg2 wg2 ==>    70.338826549841656        5.9758066297496342     
 Q value wg2 wg2 ==>   2.98678499673674923E-005  2.53749606875925152E-006
 B after wg2 wg2 ==>   69.080453631053103        5.9758091672457025     
 LTM d(wg2)/d(wg2)  0.88698814634502599     
 B before wg2 wg2 ==>    51.035043319863583        4.3222074323266524     
 Q value wg2 wg2 ==>   2.97741698954513687E-005  2.52160339331755398E-006
 B after wg2 wg2 ==>   49.964819148292626        4.3222099539300460     
 LTM d(wg2)/d(wg2)  0.88145042074956848     
 B before wg2 wg2 ==>    47.172685858838001        3.9951006241729394     
 Q value wg2 wg2 ==>   2.97741698954513687E-005  2.52160339331755398E-006
 B after wg2 wg2 ==>   46.183458990923455        3.9951031457763326     
 LTM d(wg2)/d(wg2)  0.87910316319410986     
 B before wg2 wg2 ==>    43.369739578235311        3.6730254066456451     
 Q value wg2 wg2 ==>   2.97741698954513687E-005  2.52160339331755398E-006
 B after wg2 wg2 ==>   42.460264105106781        3.6730279282490383     
 LTM d(wg2)/d(wg2)  0.88222621325153849     
 B before wg2 wg2 ==>    45.494033581544038        3.8529339309120343     
 Q value wg2 wg2 ==>   2.97741698954513687E-005  2.52160339331755398E-006
 B after wg2 wg2 ==>   44.540009645934305        3.8529364525154275     
 LTM d(wg2)/d(wg2)  0.87578448768593131     
 B before wg2 wg2 ==>    42.568145906682780        3.6051376593349285     
 Q value wg2 wg2 ==>   2.97741698954513687E-005  2.52160339331755398E-006
 B after wg2 wg2 ==>   41.675480614040893        3.6051401809383217     
 LTM d(wg2)/d(wg2)  0.87861324905400762     
 B before wg2 wg2 ==>    42.661854348978380        3.6130739184113301     
 Q value wg2 wg2 ==>   2.97741698954513687E-005  2.52160339331755398E-006
 B after wg2 wg2 ==>   41.767223901315923        3.6130764400147233     
 LTM d(wg2)/d(wg2)  0.88253460494158309     
 B before wg2 wg2 ==>    37.916427571694335        3.2111791113904462     
 Q value wg2 wg2 ==>   2.97741698954513687E-005  2.52160339331755398E-006
 B after wg2 wg2 ==>   37.121313229813772        3.2111816329938394     
 LTM d(wg2)/d(wg2)  0.88089224648992259     
 B before wg2 wg2 ==>    37.720701422929722        3.1946028735769705     
 Q value wg2 wg2 ==>   2.97741698954513687E-005  2.52160339331755398E-006
 B after wg2 wg2 ==>   36.929691644250504        3.1946053951803637     
 LTM d(wg2)/d(wg2)  0.88092311892301167     
 B before wg2 wg2 ==>    7.6741363568033245       0.64993006844678369     
 Q value wg2 wg2 ==>   2.97741698954513687E-005  2.52160339331755398E-006
 B after wg2 wg2 ==>   7.5132315798105003       0.64993259005017701     
 LTM d(wg2)/d(wg2)  0.89426136903157394     
 B before wg2 wg2 ==>    7.6236998591377558       0.64565855242779369     
 Q value wg2 wg2 ==>   2.97741698954513687E-005  2.52160339331755398E-006
 B after wg2 wg2 ==>   7.4638527833955290       0.64566107403118700     
 LTM d(wg2)/d(wg2)  0.89976234383547460     
 B before wg2 wg2 ==>    8.7735276140738989       0.74303858279500901     
 Q value wg2 wg2 ==>   2.97741698954513687E-005  2.52160339331755398E-006
 B after wg2 wg2 ==>   8.5895675584330178       0.74304110439840232     
 LTM d(wg2)/d(wg2)  0.90470093503496196     
 B before wg2 wg2 ==>    9.1121560663863530       0.77171735561800570     
 Q value wg2 wg2 ==>   2.97741698954513687E-005  2.52160339331755398E-006
 B after wg2 wg2 ==>   8.9210946505385476       0.77171987722139901     
 LTM d(wg2)/d(wg2)  0.85842778053914015     
 B before wg2 wg2 ==>    9.4037155754983885       0.78277929893581188     
 Q value wg2 wg2 ==>   2.92645864363604198E-005  2.43602778820610943E-006
 B after wg2 wg2 ==>   9.0489699105153694       0.78278173496360004     
 LTM d(wg2)/d(wg2)  0.82010858709512502     
 B before wg2 wg2 ==>    11.659791878851362       0.91980622484423424     
 Q value wg2 wg2 ==>   2.77337176582312260E-005  2.18783031508334000E-006
 B after wg2 wg2 ==>   10.633000590027745       0.91980841267454938     
 LTM d(wg2)/d(wg2)  0.77901936311947173     
 B before wg2 wg2 ==>    18.915942644982874        1.4922223290460463     
 Q value wg2 wg2 ==>   2.77337176582312260E-005  2.18783031508334000E-006
 B after wg2 wg2 ==>   17.250140300700085        1.4922245168763615     
 LTM d(wg2)/d(wg2)  0.79050453039592317     
 B before wg2 wg2 ==>    19.985163580086283        1.5765699813935747     
 Q value wg2 wg2 ==>   2.77337176582312260E-005  2.18783031508334000E-006
 B after wg2 wg2 ==>   18.225200568490937        1.5765721692238899     
 LTM d(wg2)/d(wg2)  0.78368905264622091     
 B before wg2 wg2 ==>    40.938237310855925        3.2294955093474011     
 Q value wg2 wg2 ==>   2.77337176582312260E-005  2.18783031508334000E-006
 B after wg2 wg2 ==>   37.333047237233700        3.2294976971777163     
 LTM d(wg2)/d(wg2)  0.77825090955006559     
 B before wg2 wg2 ==>    40.991229244979458        3.2336758850676373     
 Q value wg2 wg2 ==>   2.77337176582312260E-005  2.18783031508334000E-006
 B after wg2 wg2 ==>   37.381372450275144        3.2336780728979524     
 LTM d(wg2)/d(wg2)  0.75902440876972677     
 B before wg2 wg2 ==>    39.117233615056740        3.0858419559852241     
 Q value wg2 wg2 ==>   2.77337176582312260E-005  2.18783031508334000E-006
 B after wg2 wg2 ==>   35.672409764677703        3.0858441438155393     
 LTM d(wg2)/d(wg2)  0.77263449057826761     
 B before wg2 wg2 ==>    40.714371201673352        3.2118353793127237     
 Q value wg2 wg2 ==>   2.77337176582312260E-005  2.18783031508334000E-006
 B after wg2 wg2 ==>   37.128895839517433        3.2118375671430388     
 LTM d(wg2)/d(wg2)  0.75534959310006133     
 B before wg2 wg2 ==>    39.566828062393512        3.1213091217470637     
 Q value wg2 wg2 ==>   2.77337176582312260E-005  2.18783031508334000E-006
 B after wg2 wg2 ==>   36.082410792365287        3.1213113095773788     
 LTM d(wg2)/d(wg2)  0.75387438384684102     
 B before wg2 wg2 ==>    40.222328529864939        3.1730195996555182     
 Q value wg2 wg2 ==>   2.77337176582312260E-005  2.18783031508334000E-006
 B after wg2 wg2 ==>   36.680184779355073        3.1730217874858333     
 LTM d(wg2)/d(wg2)  0.78888075197642649     
 B before wg2 wg2 ==>    37.184632844427803        2.9762130028954514     
 Q value wg2 wg2 ==>   2.81386369527439368E-005  2.25218244141035141E-006
 B after wg2 wg2 ==>   34.405097982605618        2.9762152550778929     
 LTM d(wg2)/d(wg2)  0.82405072404864865     
 B before wg2 wg2 ==>    41.006001156004508        3.3236944230112524     
 Q value wg2 wg2 ==>   2.84954954799046985E-005  2.30966972485765470E-006
 B after wg2 wg2 ==>   38.421989658594896        3.3236967326809772     
 LTM d(wg2)/d(wg2)  0.82239549870517414     
 B before wg2 wg2 ==>    20.475973679726199        1.6596565772438343     
 Q value wg2 wg2 ==>   2.84954954799046985E-005  2.30966972485765470E-006
 B after wg2 wg2 ==>   19.185684410608516        1.6596588869135591     
 LTM d(wg2)/d(wg2)  0.82092029364529739     
 B before wg2 wg2 ==>    20.136337301277454        1.6321277398766596     
 Q value wg2 wg2 ==>   2.84954954799046985E-005  2.30966972485765470E-006
 B after wg2 wg2 ==>   18.867450591549591        1.6321300495463844     
 LTM d(wg2)/d(wg2)  0.94876767150372843     
 B before wg2 wg2 ==>    1.8987250346895410       0.16347957791553691     
 Q value wg2 wg2 ==>   3.02694113475616320E-005  2.60618599346600623E-006
 B after wg2 wg2 ==>   1.8898567745820911       0.16348218410153037     
 LTM d(wg2)/d(wg2)  0.97664489136028576     
 B before wg2 wg2 ==>    1.4262104799168223       0.12465909324110813     
 Q value wg2 wg2 ==>   3.07286077929626550E-005  2.68585909160881841E-006
 B after wg2 wg2 ==>   1.4410922453645101       0.12466177910019974     
 LTM d(wg2)/d(wg2)  0.97653448695714917     
 B before wg2 wg2 ==>    6.6730694956675398       0.58326509598592269     
 Q value wg2 wg2 ==>   3.07286077929626550E-005  2.68585909160881841E-006
 B after wg2 wg2 ==>   6.7425852851995929       0.58326778184501427     
 LTM d(wg2)/d(wg2)  0.97722154102965364     
 B before wg2 wg2 ==>    43.008469773477444        3.7591904695315281     
 Q value wg2 wg2 ==>   3.07286077929626550E-005  2.68585909160881841E-006
 B after wg2 wg2 ==>   43.456335567828312        3.7591931553906197     
 LTM d(wg2)/d(wg2)  0.94813888158803361     
 B before wg2 wg2 ==>    88.987323947277972        7.7780098165225766     
 Q value wg2 wg2 ==>   3.07286077929626550E-005  2.68585909160881841E-006
 B after wg2 wg2 ==>   89.913954240305486        7.7780125023816682     
 LTM d(wg2)/d(wg2)  0.94744150569307839     
 B before wg2 wg2 ==>    145.88502407305950        12.751199822529312     
 Q value wg2 wg2 ==>   3.07286077929626550E-005  2.68585909160881841E-006
 B after wg2 wg2 ==>   147.40411364690348        12.751202508388404     
 LTM d(wg2)/d(wg2)  0.97229583010179987     
 B before wg2 wg2 ==>    124.95757480214434        10.922019006165014     
 Q value wg2 wg2 ==>   3.07286077929626617E-005  2.68585909160882010E-006
 B after wg2 wg2 ==>   126.25875290475207        10.922021692024106     
 LTM d(wg2)/d(wg2)  0.96509224801055782     
 B before wg2 wg2 ==>    109.21083242285225        9.5456621120420877     
 Q value wg2 wg2 ==>   3.07286077929626550E-005  2.68585909160881841E-006
 B after wg2 wg2 ==>   110.34804425538906        9.5456647979011802     
 LTM d(wg2)/d(wg2)  0.97129997700326332     
 B before wg2 wg2 ==>    147.42573974724854        12.885867335909222     
 Q value wg2 wg2 ==>   3.07286077929626550E-005  2.68585909160881841E-006
 B after wg2 wg2 ==>   148.96087234740560        12.885870021768314     
 LTM d(wg2)/d(wg2)  0.97447989528380885     
 B before wg2 wg2 ==>    104.23010897230219        9.1103179059985973     
 Q value wg2 wg2 ==>   3.07286077929626550E-005  2.68585909160881841E-006
 B after wg2 wg2 ==>   105.31545797335484        9.1103205918576897     
 LTM d(wg2)/d(wg2)  0.94568154988649944     
 B before wg2 wg2 ==>    67.819541342769099        5.9278224686096150     
 Q value wg2 wg2 ==>   3.07286077929626550E-005  2.68585909160881841E-006
 B after wg2 wg2 ==>   68.525757643128685        5.9278251544687066     
 LTM d(wg2)/d(wg2)  0.90431177894887660     
 B before wg2 wg2 ==>    164.90849590796077        14.051901415518183     
 Q value wg2 wg2 ==>   2.99567439760672274E-005  2.55262296077550968E-006
 B after wg2 wg2 ==>   162.44024421325256        14.051903968141144     
 LTM d(wg2)/d(wg2)  0.89404776581259970     
 B before wg2 wg2 ==>    123.94095052943639        10.496679589168846     
 Q value wg2 wg2 ==>   2.97741698954513687E-005  2.52160339331755398E-006
 B after wg2 wg2 ==>   121.34182025215469        10.496682110772239     
 LTM d(wg2)/d(wg2)  0.88422935803185176     
 B before wg2 wg2 ==>    39.820391431071414        3.3724276615739623     
 Q value wg2 wg2 ==>   2.97741698954513687E-005  2.52160339331755398E-006
 B after wg2 wg2 ==>   38.985349159053634        3.3724301831773555     
 LTM d(wg2)/d(wg2)  0.88279148446710709     
 B before wg2 wg2 ==>    12.292536880352115        1.0410668985506293     
 Q value wg2 wg2 ==>   2.97741698954513687E-005  2.52160339331755398E-006
 B after wg2 wg2 ==>   12.034779858742489        1.0410694201540227     
 LTM d(wg2)/d(wg2)  0.88807398563307949     
 B before wg2 wg2 ==>    10.856848475830796       0.91947705187145501     
 Q value wg2 wg2 ==>   2.97741698954513687E-005  2.52160339331755398E-006
 B after wg2 wg2 ==>   10.629199203395197       0.91947957347484832     
 LTM d(wg2)/d(wg2)  0.88529958023954225     
 B before wg2 wg2 ==>    14.386527190883189        1.2184089736160335     
 Q value wg2 wg2 ==>   2.97741698954513687E-005  2.52160339331755398E-006
 B after wg2 wg2 ==>   14.084857204006330        1.2184114952194269     
 LTM d(wg2)/d(wg2)  0.88048366350031959     
 B before wg2 wg2 ==>    9.1987936143768945       0.77905477378176236     
 Q value wg2 wg2 ==>   2.97741698954513687E-005  2.52160339331755398E-006
 B after wg2 wg2 ==>   9.0059153268766199       0.77905729538515567     
 LTM d(wg2)/d(wg2)  0.88185875956584170     
 B before wg2 wg2 ==>    9.2736796359336235       0.78539694374762758     
 Q value wg2 wg2 ==>   2.97741698954513687E-005  2.52160339331755398E-006
 B after wg2 wg2 ==>   9.0792309174494612       0.78539946535102090     
 LTM d(wg2)/d(wg2)  0.89502242238375729     
 B before wg2 wg2 ==>    8.7631456383199833       0.74215932317560263     
 Q value wg2 wg2 ==>   2.97741698954513687E-005  2.52160339331755398E-006
 B after wg2 wg2 ==>   8.5794033025693963       0.74216184477899594     
 LTM d(wg2)/d(wg2)  0.88918705506075835     
 B before wg2 wg2 ==>    12.986824797845040        1.0998668172330641     
 Q value wg2 wg2 ==>   2.97741698954513687E-005  2.52160339331755398E-006
 B after wg2 wg2 ==>   12.714507899309053        1.0998693388364575     
 LTM d(wg2)/d(wg2)  0.88820720526270447     
 B before wg2 wg2 ==>    13.625695085745727        1.1539733629912465     
 Q value wg2 wg2 ==>   2.97741698954513687E-005  2.52160339331755398E-006
 B after wg2 wg2 ==>   13.339980470600567        1.1539758845946400     
 LTM d(wg2)/d(wg2)  0.90075841868282613     
 B before wg2 wg2 ==>    45.294757136894560        3.8360570150886599     
 Q value wg2 wg2 ==>   2.97741698954513687E-005  2.52160339331755398E-006
 B after wg2 wg2 ==>   44.344912217562246        3.8360595366920531     
 LTM d(wg2)/d(wg2)  0.89539141798384458     
 B before wg2 wg2 ==>    45.117068083019390        3.8210083563760802     
 Q value wg2 wg2 ==>   2.97741698954513687E-005  2.52160339331755398E-006
 B after wg2 wg2 ==>   44.170949471880547        3.8210108779794734     
 LTM d(wg2)/d(wg2)  0.91203567015936127     
 B before wg2 wg2 ==>    46.624413423193396        3.9486668985967599     
 Q value wg2 wg2 ==>   2.97741698954513687E-005  2.52160339331755398E-006
 B after wg2 wg2 ==>   45.646684348894389        3.9486694202001531     
 LTM d(wg2)/d(wg2)  0.89748344392570223     
 B before wg2 wg2 ==>    45.500070021774782        3.8534451629034838     
 Q value wg2 wg2 ==>   2.97741698954513687E-005  2.52160339331755398E-006
 B after wg2 wg2 ==>   44.545919496281201        3.8534476845068770     
 LTM d(wg2)/d(wg2)  0.77132381489376167     
 B before wg2 wg2 ==>    39.538301310187244        3.1190587313004290     
 Q value wg2 wg2 ==>   2.77337176582312260E-005  2.18783031508334000E-006
 B after wg2 wg2 ==>   36.056396241272758        3.1190609191307441     
 LTM d(wg2)/d(wg2)  0.78472602149424575     
 B before wg2 wg2 ==>    40.831158854168272        3.2210484090876905     
 Q value wg2 wg2 ==>   2.77337176582312260E-005  2.18783031508334000E-006
 B after wg2 wg2 ==>   37.235398617360396        3.2210505969180057     
 LTM d(wg2)/d(wg2)  0.77751344569592484     
 B before wg2 wg2 ==>    33.904623261578024        2.6746346633821974     
 Q value wg2 wg2 ==>   2.77337176582312260E-005  2.18783031508334000E-006
 B after wg2 wg2 ==>   30.918846604543020        2.6746368512125125     
 LTM d(wg2)/d(wg2)  0.76938125038711525     
 B before wg2 wg2 ==>    33.361761920345266        2.6318099503786265     
 Q value wg2 wg2 ==>   2.77337176582312260E-005  2.18783031508334000E-006
 B after wg2 wg2 ==>   30.423792208040286        2.6318121382089417     
 LTM d(wg2)/d(wg2)  0.79169713713737011     
 B before wg2 wg2 ==>    13.222210976586551        1.0430608100756402     
 Q value wg2 wg2 ==>   2.77337176582312260E-005  2.18783031508334000E-006
 B after wg2 wg2 ==>   12.057825650801433        1.0430629979059554     
 LTM d(wg2)/d(wg2)  0.75367806818593563     
 B before wg2 wg2 ==>    12.591737084270703       0.99332460407991019     
 Q value wg2 wg2 ==>   2.77337176582312260E-005  2.18783031508334000E-006
 B after wg2 wg2 ==>   11.482874280047383       0.99332679191022533     
 LTM d(wg2)/d(wg2)  0.75567006415366822     
 B before wg2 wg2 ==>    13.222608022086400        1.0430921318115769     
 Q value wg2 wg2 ==>   2.77337176582312260E-005  2.18783031508334000E-006
 B after wg2 wg2 ==>   12.058187730591209        1.0430943196418920     
 LTM d(wg2)/d(wg2)  0.77229554493644015     
 B before wg2 wg2 ==>    14.796013202531480        1.1672133763597361     
 Q value wg2 wg2 ==>   2.77337176582312260E-005  2.18783031508334000E-006
 B after wg2 wg2 ==>   13.493031387519716        1.1672155641900512     
 LTM d(wg2)/d(wg2)  0.76050557471931080     
 B before wg2 wg2 ==>    16.370962828805474        1.2914564576355256     
 Q value wg2 wg2 ==>   2.77337176582312260E-005  2.18783031508334000E-006
 B after wg2 wg2 ==>   14.929283479051483        1.2914586454658408     
 LTM d(wg2)/d(wg2)  0.81528632803306100     
 B before wg2 wg2 ==>    20.728430293255503        1.6352040768041964     
 Q value wg2 wg2 ==>   2.77337176582312260E-005  2.18783031508334000E-006
 B after wg2 wg2 ==>   18.903011689269931        1.6352062646345116     
 LTM d(wg2)/d(wg2)  0.81160246711489337     
 B before wg2 wg2 ==>    27.697126861316150        2.2449588715604807     
 Q value wg2 wg2 ==>   2.84954954799046985E-005  2.30966972485765470E-006
 B after wg2 wg2 ==>   25.951788693909439        2.2449611812302055     
 LTM d(wg2)/d(wg2)  0.82495171946090440     
 B before wg2 wg2 ==>    29.873485242592128        2.4213611056335185     
 Q value wg2 wg2 ==>   2.84954954799046985E-005  2.30966972485765470E-006
 B after wg2 wg2 ==>   27.991001461627935        2.4213634153032433     
 LTM d(wg2)/d(wg2)  0.80835879201479477     
 B before wg2 wg2 ==>    39.919233075984465        3.2356076819284696     
 Q value wg2 wg2 ==>   2.84954954799046985E-005  2.30966972485765470E-006
 B after wg2 wg2 ==>   37.403705462668263        3.2356099915981944     
 LTM d(wg2)/d(wg2)  0.80916426546311360     
 B before wg2 wg2 ==>    47.664528394361561        3.8633937163756635     
 Q value wg2 wg2 ==>   2.84954954799046985E-005  2.30966972485765470E-006
 B after wg2 wg2 ==>   44.660922490373423        3.8633960260453883     
 LTM d(wg2)/d(wg2)  0.97581271889130283     
 B before wg2 wg2 ==>    61.255740351002935        5.3541080755584733     
 Q value wg2 wg2 ==>   3.07286077929626550E-005  2.68585909160881841E-006
 B after wg2 wg2 ==>   61.893609691706729        5.3541107614175649     
 LTM d(wg2)/d(wg2)  0.97524296196311855     
 B before wg2 wg2 ==>    58.703249414511319        5.1310055180259075     
 Q value wg2 wg2 ==>   3.07286077929626550E-005  2.68585909160881841E-006
 B after wg2 wg2 ==>   59.314540405981646        5.1310082038849991     
 LTM d(wg2)/d(wg2)  0.97674155425992926     
 B before wg2 wg2 ==>    60.706444678985541        5.3060964381745253     
 Q value wg2 wg2 ==>   3.07286077929626550E-005  2.68585909160881841E-006
 B after wg2 wg2 ==>   61.338594362865251        5.3060991240336168     
 LTM d(wg2)/d(wg2)  0.94898606314620004     
 B before wg2 wg2 ==>    78.197805900973748        6.8349431688568698     
 Q value wg2 wg2 ==>   3.07286077929626550E-005  2.68585909160881841E-006
 B after wg2 wg2 ==>   79.012088065905786        6.8349458547159614     
 LTM d(wg2)/d(wg2)  0.97789980956930622     
 B before wg2 wg2 ==>    139.64784741187415        12.206034296180555     
 Q value wg2 wg2 ==>   3.07286077929626550E-005  2.68585909160881841E-006
 B after wg2 wg2 ==>   141.10199107066634        12.206036982039647     
 LTM d(wg2)/d(wg2)  0.96843024904340858     
 B before wg2 wg2 ==>    142.71453867668879        12.474080953883220     
 Q value wg2 wg2 ==>   3.07286077929626550E-005  2.68585909160881841E-006
 B after wg2 wg2 ==>   144.20061490388395        12.474083639742313     
 LTM d(wg2)/d(wg2)  0.96562567453580017     
 B before wg2 wg2 ==>    114.68689066246947        10.024301460370248     
 Q value wg2 wg2 ==>   3.07286077929626550E-005  2.68585909160881841E-006
 B after wg2 wg2 ==>   115.88112310426078        10.024304146229341     
 LTM d(wg2)/d(wg2)  0.97303135103915073     
 B before wg2 wg2 ==>    124.39159793245932        10.872549335058338     
 Q value wg2 wg2 ==>   3.07286077929626550E-005  2.68585909160881841E-006
 B after wg2 wg2 ==>   125.68688268176045        10.872552020917430     
 LTM d(wg2)/d(wg2)  0.97615769399680818     
 B before wg2 wg2 ==>    128.50845109987614        11.232386252598655     
 Q value wg2 wg2 ==>   3.07286077929626550E-005  2.68585909160881841E-006
 B after wg2 wg2 ==>   129.84660344947400        11.232388938457747     
 LTM d(wg2)/d(wg2)  0.94552631004012744     
 B before wg2 wg2 ==>    95.951504110407697        8.3867196784456883     
 Q value wg2 wg2 ==>   3.07286077929626550E-005  2.68585909160881841E-006
 B after wg2 wg2 ==>   96.950650395501739        8.3867223643047808     
 LTM d(wg2)/d(wg2)  0.89856629979265634     
 B before wg2 wg2 ==>    166.86676242439501        14.190883298785245     
 Q value wg2 wg2 ==>   2.98979996809707739E-005  2.54262153933746757E-006
 B after wg2 wg2 ==>   164.04687698598369        14.190885841406784     
 LTM d(wg2)/d(wg2)  0.89173320325014338     
 B before wg2 wg2 ==>    143.97294069132514        12.193208310019580     
 Q value wg2 wg2 ==>   2.97741698954513687E-005  2.52160339331755398E-006
 B after wg2 wg2 ==>   140.95372055794977        12.193210831622974     
 LTM d(wg2)/d(wg2)  0.88518037164707608     
 B before wg2 wg2 ==>    17.320084939243070        1.4668548311741771     
 Q value wg2 wg2 ==>   2.97741698954513687E-005  2.52160339331755398E-006
 B after wg2 wg2 ==>   16.956895460673589        1.4668573527775706     
 LTM d(wg2)/d(wg2)  0.88717772794111149     
 B before wg2 wg2 ==>    18.196949146312328        1.5411173133118350     
 Q value wg2 wg2 ==>   2.97741698954513687E-005  2.52160339331755398E-006
 B after wg2 wg2 ==>   17.815370992649431        1.5411198349152284     
 LTM d(wg2)/d(wg2)  0.88279900074073936     
 B before wg2 wg2 ==>    49.069486870200947        4.1557425457947970     
 Q value wg2 wg2 ==>   2.97741698954513687E-005  2.52160339331755398E-006
 B after wg2 wg2 ==>   48.040482283873892        4.1557450673981906     
 LTM d(wg2)/d(wg2)  0.88630980710065577     
 B before wg2 wg2 ==>    49.850942890319253        4.2219248158287899     
 Q value wg2 wg2 ==>   2.97741698954513687E-005  2.52160339331755398E-006
 B after wg2 wg2 ==>   48.805550429178858        4.2219273374321835     
 LTM d(wg2)/d(wg2)  0.88302594180961369     
 B before wg2 wg2 ==>    43.786860509410822        3.7083517838097864     
 Q value wg2 wg2 ==>   2.97741698954513687E-005  2.52160339331755398E-006
 B after wg2 wg2 ==>   42.868637614257061        3.7083543054131796     
 LTM d(wg2)/d(wg2)  0.89195372187751509     
 B before wg2 wg2 ==>    44.265820153866038        3.7489153417179097     
 Q value wg2 wg2 ==>   2.97741698954513687E-005  2.52160339331755398E-006
 B after wg2 wg2 ==>   43.337553020147475        3.7489178633213029     
 LTM d(wg2)/d(wg2)  0.88421616608171938     
 B before wg2 wg2 ==>    43.321737577143480        3.6689600705081733     
 Q value wg2 wg2 ==>   2.97741698954513687E-005  2.52160339331755398E-006
 B after wg2 wg2 ==>   42.413268751560587        3.6689625921115665     
 LTM d(wg2)/d(wg2)  0.89903295205001532     
 B before wg2 wg2 ==>    44.698512720038295        3.7855604957878453     
 Q value wg2 wg2 ==>   2.97741698954513687E-005  2.52160339331755398E-006
 B after wg2 wg2 ==>   43.761171612321782        3.7855630173912385     
 LTM d(wg2)/d(wg2)  0.89546136669475729     
 B before wg2 wg2 ==>    39.653518212947986        3.3582950065057808     
 Q value wg2 wg2 ==>   2.97741698954513687E-005  2.52160339331755398E-006
 B after wg2 wg2 ==>   38.821975430777236        3.3582975281091740     
 LTM d(wg2)/d(wg2)  0.91476586289082507     
 B before wg2 wg2 ==>    41.528306924388573        3.5170726850480212     
 Q value wg2 wg2 ==>   2.97741698954513687E-005  2.52160339331755398E-006
 B after wg2 wg2 ==>   40.657448042637590        3.5170752066514144     
 LTM d(wg2)/d(wg2)  0.93057977927772806     
 B before wg2 wg2 ==>    10.932776000517359       0.92590742774987989     
 Q value wg2 wg2 ==>   2.97741698954513687E-005  2.52160339331755398E-006
 B after wg2 wg2 ==>   10.703534455788224       0.92590994935327320     
 LTM d(wg2)/d(wg2)  0.91245474399571391     
 B before wg2 wg2 ==>    10.653844183521139       0.90228442100572381     
 Q value wg2 wg2 ==>   2.97741698954513687E-005  2.52160339331755398E-006
 B after wg2 wg2 ==>   10.430452103868364       0.90228694260911713     
 LTM d(wg2)/d(wg2)  0.90247021519786264     
 B before wg2 wg2 ==>    10.992228378294399       0.93094250742027185     
 Q value wg2 wg2 ==>   2.97741698954513687E-005  2.52160339331755398E-006
 B after wg2 wg2 ==>   10.761740060747242       0.93094502902366516     
 LTM d(wg2)/d(wg2)  0.78244754381669268     
 B before wg2 wg2 ==>    13.339270876588580        1.0522953166449047     
 Q value wg2 wg2 ==>   2.77337176582312260E-005  2.18783031508334000E-006
 B after wg2 wg2 ==>   12.164576700744643        1.0522975044752199     
 LTM d(wg2)/d(wg2)  0.76990020205281229     
 B before wg2 wg2 ==>    12.987595921203976        1.0245527277165984     
 Q value wg2 wg2 ==>   2.77337176582312260E-005  2.18783031508334000E-006
 B after wg2 wg2 ==>   11.843871910074338        1.0245549155469136     
 LTM d(wg2)/d(wg2)  0.78102479485027609     
 B before wg2 wg2 ==>    12.912237809736816        1.0186079509366865     
 Q value wg2 wg2 ==>   2.77337176582312260E-005  2.18783031508334000E-006
 B after wg2 wg2 ==>   11.775150191358385        1.0186101387670017     
 LTM d(wg2)/d(wg2)  0.76961574338145100     
 B before wg2 wg2 ==>    19.004131556859374        1.4991792894231331     
 Q value wg2 wg2 ==>   2.77337176582312260E-005  2.18783031508334000E-006
 B after wg2 wg2 ==>   17.330562878679416        1.4991814772534482     
 LTM d(wg2)/d(wg2)  0.76411195965596690     
 B before wg2 wg2 ==>    18.551077930630484        1.4634392393499032     
 Q value wg2 wg2 ==>   2.77337176582312260E-005  2.18783031508334000E-006
 B after wg2 wg2 ==>   16.917407303801305        1.4634414271802183     
 LTM d(wg2)/d(wg2)  0.75394611058869632     
 B before wg2 wg2 ==>    37.581013091089972        2.9646540981435194     
 Q value wg2 wg2 ==>   2.77337176582312260E-005  2.18783031508334000E-006
 B after wg2 wg2 ==>   34.271476106995472        2.9646562859738346     
 LTM d(wg2)/d(wg2)  0.75628864752198643     
 B before wg2 wg2 ==>    38.525624719472333        3.0391716937296200     
 Q value wg2 wg2 ==>   2.77337176582312260E-005  2.18783031508334000E-006
 B after wg2 wg2 ==>   35.132900754689800        3.0391738815599352     
 LTM d(wg2)/d(wg2)  0.75688307328737492     
 B before wg2 wg2 ==>    39.514954421874634        3.1172169648757952     
 Q value wg2 wg2 ==>   2.77337176582312260E-005  2.18783031508334000E-006
 B after wg2 wg2 ==>   36.035105390689125        3.1172191527061104     
 LTM d(wg2)/d(wg2)  0.76088270868825791     
 B before wg2 wg2 ==>    41.348047294050389        3.2618241973258959     
 Q value wg2 wg2 ==>   2.77337176582312260E-005  2.18783031508334000E-006
 B after wg2 wg2 ==>   37.706767409405884        3.2618263851562110     
 LTM d(wg2)/d(wg2)  0.76370233200669135     
 B before wg2 wg2 ==>    41.756305704505785        3.2940304863560637     
 Q value wg2 wg2 ==>   2.77337176582312260E-005  2.18783031508334000E-006
 B after wg2 wg2 ==>   38.079072647694183        3.2940326741863788     
 LTM d(wg2)/d(wg2)  0.78155712327160343     
 B before wg2 wg2 ==>    41.750932279809220        3.3416940824466472     
 Q value wg2 wg2 ==>   2.81386369527439368E-005  2.25218244141035141E-006
 B after wg2 wg2 ==>   38.630065357291784        3.3416963346290887     
 LTM d(wg2)/d(wg2)  0.81682349011454558     
 B before wg2 wg2 ==>    37.339860662687414        3.0493759609494195     
 Q value wg2 wg2 ==>   2.87105044648049116E-005  2.34465583395152415E-006
 B after wg2 wg2 ==>   35.250864066831362        3.0493783056052535     
 LTM d(wg2)/d(wg2)  0.82742840819388541     
 B before wg2 wg2 ==>    33.057502832007295        2.7091846402059847     
 Q value wg2 wg2 ==>   2.88118473410588964E-005  2.36123746760386208E-006
 B after wg2 wg2 ==>   31.318246917400472        2.7091870014434525     
 LTM d(wg2)/d(wg2)  0.85648613408674601     
 B before wg2 wg2 ==>    8.4363119785376526       0.69814815260714247     
 Q value wg2 wg2 ==>   2.90936028119118281E-005  2.40764508324205215E-006
 B after wg2 wg2 ==>   8.0706321194701971       0.69815056025222566     
 LTM d(wg2)/d(wg2)  0.91783191223254268     
 B before wg2 wg2 ==>    15.233942024514610        1.2858982531661447     
 Q value wg2 wg2 ==>   2.96754184767961874E-005  2.50490442459868871E-006
 B after wg2 wg2 ==>   14.865034208074071        1.2859007580705692     
 LTM d(wg2)/d(wg2)  0.97515758255820684     
 B before wg2 wg2 ==>    10.860738321680543       0.94929171407337498     
 Q value wg2 wg2 ==>   3.07286077929626550E-005  2.68585909160881841E-006
 B after wg2 wg2 ==>   10.973859094462751       0.94929439993246656     
 LTM d(wg2)/d(wg2)  0.97543640064855675     
 B before wg2 wg2 ==>    15.582585966891507        1.3620086686627069     
 Q value wg2 wg2 ==>   3.07286077929626550E-005  2.68585909160881841E-006
 B after wg2 wg2 ==>   15.744873972335531        1.3620113545217984     
 LTM d(wg2)/d(wg2)  0.97648484880233755     
 B before wg2 wg2 ==>    11.011716510339527       0.96248808611133074     
 Q value wg2 wg2 ==>   3.07286077929626550E-005  2.68585909160881841E-006
 B after wg2 wg2 ==>   11.126409375295481       0.96249077197042232     
 LTM d(wg2)/d(wg2)  0.97600580659814440     
 B before wg2 wg2 ==>    48.731652821448023        4.2594299638132576     
 Q value wg2 wg2 ==>   3.07286077929626550E-005  2.68585909160881841E-006
 B after wg2 wg2 ==>   49.239112464145762        4.2594326496723491     
 LTM d(wg2)/d(wg2)  0.97208465809852673     
 B before wg2 wg2 ==>    139.92009291079978        12.229830136635337     
 Q value wg2 wg2 ==>   3.07286077929626550E-005  2.68585909160881841E-006
 B after wg2 wg2 ==>   141.37707138316338        12.229832822494430     
 LTM d(wg2)/d(wg2)  0.97541243073968009     
 B before wg2 wg2 ==>    126.59220450514879        11.064895152029120     
 Q value wg2 wg2 ==>   3.07286077929626550E-005  2.68585909160881841E-006
 B after wg2 wg2 ==>   127.91040353366566        11.064897837888212     
 LTM d(wg2)/d(wg2)  0.97605215927284006     
 B before wg2 wg2 ==>    112.94245234932428        9.8718274031438504     
 Q value wg2 wg2 ==>   3.07286077929626550E-005  2.68585909160881841E-006
 B after wg2 wg2 ==>   114.11852045993614        9.8718300890029429     
 LTM d(wg2)/d(wg2)  0.97760768508162854     
 B before wg2 wg2 ==>    156.93145743687586        13.716722363607525     
 Q value wg2 wg2 ==>   3.07286077929626550E-005  2.68585909160881841E-006
 B after wg2 wg2 ==>   158.56557032364540        13.716725049466618     
 LTM d(wg2)/d(wg2)  0.97681086285800200     
 B before wg2 wg2 ==>    132.47174318286969        11.578801037984647     
 Q value wg2 wg2 ==>   3.07286077929626550E-005  2.68585909160881841E-006
 B after wg2 wg2 ==>   133.85116414564462        11.578803723843739     
 LTM d(wg2)/d(wg2)  0.90039480101417746     
 B before wg2 wg2 ==>    83.689247251653512        7.0877237079983457     
 Q value wg2 wg2 ==>   2.97741698954513687E-005  2.52160339331755398E-006
 B after wg2 wg2 ==>   81.934233415166617        7.0877262296017394     
 LTM d(wg2)/d(wg2)  0.88829927145803278     
 B before wg2 wg2 ==>    60.167450081822572        5.0956398390393591     
 Q value wg2 wg2 ==>   2.97741698954513687E-005  2.52160339331755398E-006
 B after wg2 wg2 ==>   58.905710668310299        5.0956423606427528     
 LTM d(wg2)/d(wg2)  0.88605983469171856     
 B before wg2 wg2 ==>    47.427557574560794        4.0166859575502922     
 Q value wg2 wg2 ==>   2.97741698954513687E-005  2.52160339331755398E-006
 B after wg2 wg2 ==>   46.432985804741094        4.0166884791536859     
 LTM d(wg2)/d(wg2)  0.88716433553415264     
 B before wg2 wg2 ==>    39.160041724328266        3.3165020029528582     
 Q value wg2 wg2 ==>   2.97741698954513687E-005  2.52160339331755398E-006
 B after wg2 wg2 ==>   38.338847612729666        3.3165045245562514     
 LTM d(wg2)/d(wg2)  0.88394642894522613     
 B before wg2 wg2 ==>    38.753471030899902        3.2820691356799050     
 Q value wg2 wg2 ==>   2.97741698954513687E-005  2.52160339331755398E-006
 B after wg2 wg2 ==>   37.940803092822449        3.2820716572832982     
 LTM d(wg2)/d(wg2)  0.88426086443493157     
 B before wg2 wg2 ==>    9.9179866891668471       0.83996393444715789     
 Q value wg2 wg2 ==>   2.97741698954513687E-005  2.52160339331755398E-006
 B after wg2 wg2 ==>   9.7100262399417296       0.83996645605055120     
 LTM d(wg2)/d(wg2)  0.90675437356335464     
 B before wg2 wg2 ==>    10.027592951995723       0.84924659539954173     
 Q value wg2 wg2 ==>   2.97741698954513687E-005  2.52160339331755398E-006
 B after wg2 wg2 ==>   9.8173339553568617       0.84924911700293504     
 LTM d(wg2)/d(wg2)  0.91069293235581761     
 B before wg2 wg2 ==>    10.944650013417357       0.92691304944566755     
 Q value wg2 wg2 ==>   2.97741698954513687E-005  2.52160339331755398E-006
 B after wg2 wg2 ==>   10.715159459362136       0.92691557104906086     
 LTM d(wg2)/d(wg2)  0.90609831258657036     
 B before wg2 wg2 ==>    10.651608706719930       0.90209509630221718     
 Q value wg2 wg2 ==>   2.97741698954513687E-005  2.52160339331755398E-006
 B after wg2 wg2 ==>   10.428263507138485       0.90209761790561049     
 LTM d(wg2)/d(wg2)  0.89518422324303271     
 B before wg2 wg2 ==>    9.9467265076880089       0.84239793761704518     
 Q value wg2 wg2 ==>   2.97741698954513687E-005  2.52160339331755398E-006
 B after wg2 wg2 ==>   9.7381633571771395       0.84240045922043849     
 LTM d(wg2)/d(wg2)  0.92176312970391594     
 B before wg2 wg2 ==>    10.685734926258585       0.90498527901064985     
 Q value wg2 wg2 ==>   2.97741698954513687E-005  2.52160339331755398E-006
 B after wg2 wg2 ==>   10.461674067447120       0.90498780061404316     
 LTM d(wg2)/d(wg2)  0.92579066570942614     
 B before wg2 wg2 ==>    17.713346651914815        1.5001605479285656     
 Q value wg2 wg2 ==>   2.97741698954513687E-005  2.52160339331755398E-006
 B after wg2 wg2 ==>   17.341910101788869        1.5001630695319590     
 LTM d(wg2)/d(wg2)  0.92316221870726789     
 B before wg2 wg2 ==>    17.103271249251808        1.4484926689940254     
 Q value wg2 wg2 ==>   2.97741698954513687E-005  2.52160339331755398E-006
 B after wg2 wg2 ==>   16.744628559647950        1.4484951905974188     
 LTM d(wg2)/d(wg2)  0.89249442803016676     
 B before wg2 wg2 ==>    45.506269618296308        3.8539702127598114     
 Q value wg2 wg2 ==>   2.97741698954513687E-005  2.52160339331755398E-006
 B after wg2 wg2 ==>   44.551989081376526        3.8539727343632046     
 LTM d(wg2)/d(wg2)  0.91454088622748864     
 B before wg2 wg2 ==>    47.628176786063044        4.0336765936037944     
 Q value wg2 wg2 ==>   2.97741698954513687E-005  2.52160339331755398E-006
 B after wg2 wg2 ==>   46.629397840869920        4.0336791152071880     
 LTM d(wg2)/d(wg2)  0.77382880148977717     
 B before wg2 wg2 ==>    39.241841533838169        3.0956719032562332     
 Q value wg2 wg2 ==>   2.77337176582312260E-005  2.18783031508334000E-006
 B after wg2 wg2 ==>   35.786044119063156        3.0956740910865483     
 LTM d(wg2)/d(wg2)  0.75475354405287354     
 B before wg2 wg2 ==>    37.668104252594617        2.9715244602660360     
 Q value wg2 wg2 ==>   2.77337176582312260E-005  2.18783031508334000E-006
 B after wg2 wg2 ==>   34.350897607707779        2.9715266480963511     
 LTM d(wg2)/d(wg2)  0.76366776413658466     
 B before wg2 wg2 ==>    39.293109441014671        3.0997162756297412     
 Q value wg2 wg2 ==>   2.77337176582312260E-005  2.18783031508334000E-006
 B after wg2 wg2 ==>   35.832797131148311        3.0997184634600563     
 LTM d(wg2)/d(wg2)  0.79291658747034888     
 B before wg2 wg2 ==>    42.220828636189175        3.3306753157479383     
 Q value wg2 wg2 ==>   2.77337176582312260E-005  2.18783031508334000E-006
 B after wg2 wg2 ==>   38.502687486584698        3.3306775035782534     
 LTM d(wg2)/d(wg2)  0.75171085974584462     
 B before wg2 wg2 ==>    32.163723342043141        2.5373002581495068     
 Q value wg2 wg2 ==>   2.77337176582312260E-005  2.18783031508334000E-006
 B after wg2 wg2 ==>   29.331258589747389        2.5373024459798219     
 LTM d(wg2)/d(wg2)  0.75166358590150428     
 B before wg2 wg2 ==>    31.909095888341007        2.5172134573416578     
 Q value wg2 wg2 ==>   2.77337176582312260E-005  2.18783031508334000E-006
 B after wg2 wg2 ==>   29.099054837424024        2.5172156451719729     
 LTM d(wg2)/d(wg2)  0.75246235440919440     
 B before wg2 wg2 ==>    13.900599324288793        1.0965768446294051     
 Q value wg2 wg2 ==>   2.77337176582312260E-005  2.18783031508334000E-006
 B after wg2 wg2 ==>   12.676471902722012        1.0965790324597202     
 LTM d(wg2)/d(wg2)  0.75479615220336838     
 B before wg2 wg2 ==>    16.173349629167312        1.2758673413779484     
 Q value wg2 wg2 ==>   2.77337176582312260E-005  2.18783031508334000E-006
 B after wg2 wg2 ==>   14.749073035136485        1.2758695292082636     
 LTM d(wg2)/d(wg2)  0.75664863828430062     
 B before wg2 wg2 ==>    17.901248253100050        1.4121761131559305     
 Q value wg2 wg2 ==>   2.77337176582312260E-005  2.18783031508334000E-006
 B after wg2 wg2 ==>   16.324804710091346        1.4121783009862456     
 LTM d(wg2)/d(wg2)  0.75226587273451473     
 B before wg2 wg2 ==>    17.707896312094491        1.3969231548895651     
 Q value wg2 wg2 ==>   2.77337176582312260E-005  2.18783031508334000E-006
 B after wg2 wg2 ==>   16.148480258160816        1.3969253427198802     
 LTM d(wg2)/d(wg2)  0.76211790165756255     
 B before wg2 wg2 ==>    10.933184484875978       0.86248633346532877     
 Q value wg2 wg2 ==>   2.77337176582312260E-005  2.18783031508334000E-006
 B after wg2 wg2 ==>   9.9703816897721786       0.86248852129564391     
 LTM d(wg2)/d(wg2)  0.84467429625548218     
 B before wg2 wg2 ==>    5.2795633679332781       0.43691098921804888     
 Q value wg2 wg2 ==>   2.90936028119118281E-005  2.40764508324205215E-006
 B after wg2 wg2 ==>   5.0507261540784283       0.43691339686313213     
 LTM d(wg2)/d(wg2)  0.84906397787893917     
 B before wg2 wg2 ==>    14.555399978617043        1.2045341176786324     
 Q value wg2 wg2 ==>   2.90936028119118281E-005  2.40764508324205215E-006
 B after wg2 wg2 ==>   13.924462320621071        1.2045365253237157     
 LTM d(wg2)/d(wg2)  0.84164854169928582     
 B before wg2 wg2 ==>    12.758508288569296        1.0558320998972304     
 Q value wg2 wg2 ==>   2.90936028119118281E-005  2.40764508324205215E-006
 B after wg2 wg2 ==>   12.205464515186328        1.0558345075423137     
 LTM d(wg2)/d(wg2)  0.84999884469736442     
 B before wg2 wg2 ==>    41.195596592474203        3.4091472351607264     
 Q value wg2 wg2 ==>   2.90936028119118281E-005  2.40764508324205215E-006
 B after wg2 wg2 ==>   39.409826724723601        3.4091496428058097     
 LTM d(wg2)/d(wg2)  0.85103832273070568     
 B before wg2 wg2 ==>    37.261252504484325        3.0835600515977157     
 Q value wg2 wg2 ==>   2.90936028119118281E-005  2.40764508324205215E-006
 B after wg2 wg2 ==>   35.646033452965504        3.0835624592427990     
 LTM d(wg2)/d(wg2)  0.85274707676398653     
 B before wg2 wg2 ==>    42.504633288280303        3.5174767461125489     
 Q value wg2 wg2 ==>   2.90936028119118281E-005  2.40764508324205215E-006
 B after wg2 wg2 ==>   40.662117677922033        3.5174791537576322     
 LTM d(wg2)/d(wg2)  0.95487913558393567     
 B before wg2 wg2 ==>    50.616237965754948        4.3861555143696664     
 Q value wg2 wg2 ==>   3.04646860373908176E-005  2.63992062679266189E-006
 B after wg2 wg2 ==>   50.704061410911848        4.3861581542902934     
 LTM d(wg2)/d(wg2)  0.97755688769889515     
 B before wg2 wg2 ==>    59.485776855651352        5.1994029689088164     
 Q value wg2 wg2 ==>   3.07286077929626550E-005  2.68585909160881841E-006
 B after wg2 wg2 ==>   60.105216078842325        5.1994056547679079     
 LTM d(wg2)/d(wg2)  0.93020044096437915     
 B before wg2 wg2 ==>    65.358585560704554        5.6521809214561234     
 Q value wg2 wg2 ==>   3.04029660090152940E-005  2.62923475099118717E-006
 B after wg2 wg2 ==>   65.339336106622355        5.6521835506908742     
 LTM d(wg2)/d(wg2)  0.87699389699627694     
 B before wg2 wg2 ==>    146.63129540118217        12.239545006551911     
 Q value wg2 wg2 ==>   2.93454751906339267E-005  2.44951300028902770E-006
 B after wg2 wg2 ==>   141.48937270924765        12.239547456064910     
 LTM d(wg2)/d(wg2)  0.92943061193842402     
 B before wg2 wg2 ==>    144.42435447540038        12.489752860414786     
 Q value wg2 wg2 ==>   3.04029660090152940E-005  2.62923475099118717E-006
 B after wg2 wg2 ==>   144.38178175016861        12.489755489649538     
 LTM d(wg2)/d(wg2)  0.90740815703605893     
 B before wg2 wg2 ==>    148.88478122812566        12.686516006199048     
 Q value wg2 wg2 ==>   2.99567440448829352E-005  2.55262297250312341E-006
 B after wg2 wg2 ==>   146.65636611119132        12.686518558822019     
 LTM d(wg2)/d(wg2)  0.95580045819167769     
 B before wg2 wg2 ==>    84.726018969145670        7.3270678038702099     
 Q value wg2 wg2 ==>   3.04029660090152940E-005  2.62923475099118717E-006
 B after wg2 wg2 ==>   84.701056399172018        7.3270704331049608     
 LTM d(wg2)/d(wg2)  0.88772645077149726     
 B before wg2 wg2 ==>    53.421686173235798        4.5243345357465827     
 Q value wg2 wg2 ==>   2.97741698954513687E-005  2.52160339331755398E-006
 B after wg2 wg2 ==>   52.301411834671072        4.5243370573499764     
 LTM d(wg2)/d(wg2)  0.88580656389364854     
 B before wg2 wg2 ==>    41.105379052582798        3.4812545124367018     
 Q value wg2 wg2 ==>   2.97741698954513687E-005  2.52160339331755398E-006
 B after wg2 wg2 ==>   40.243389369916329        3.4812570340400950     
 LTM d(wg2)/d(wg2)  0.88551365581799912     
 B before wg2 wg2 ==>    4.7410836060813368       0.40152697962952522     
 Q value wg2 wg2 ==>   2.97741698954513687E-005  2.52160339331755398E-006
 B after wg2 wg2 ==>   4.6416877305011228       0.40152950123291853     
 LTM d(wg2)/d(wg2)  0.88505754148744809     
 B before wg2 wg2 ==>    7.4180666483415134       0.62824327589973827     
 Q value wg2 wg2 ==>   2.97741698954513687E-005  2.52160339331755398E-006
 B after wg2 wg2 ==>   7.2625318962991976       0.62824579750313159     
 LTM d(wg2)/d(wg2)  0.88442909932292491     
 B before wg2 wg2 ==>    19.308323297425989        1.6352406705887663     
 Q value wg2 wg2 ==>   2.97741698954513687E-005  2.52160339331755398E-006
 B after wg2 wg2 ==>   18.903438572452178        1.6352431921921597     
 LTM d(wg2)/d(wg2)  0.88399384621979837     
 B before wg2 wg2 ==>    16.276655561746839        1.3784857828272179     
 Q value wg2 wg2 ==>   2.97741698954513687E-005  2.52160339331755398E-006
 B after wg2 wg2 ==>   15.935347788065084        1.3784883044306113     
 LTM d(wg2)/d(wg2)  0.90456686523917296     
 B before wg2 wg2 ==>    47.104575308436125        3.9893322754459328     
 Q value wg2 wg2 ==>   2.97741698954513687E-005  2.52160339331755398E-006
 B after wg2 wg2 ==>   46.116776783441352        3.9893347970493260     
 LTM d(wg2)/d(wg2)  0.89478932278589163     
 B before wg2 wg2 ==>    47.531225570790951        4.0254657009315622     
 Q value wg2 wg2 ==>   2.97741698954513687E-005  2.52160339331755398E-006
 B after wg2 wg2 ==>   46.534479784647068        4.0254682225349558     
 LTM d(wg2)/d(wg2)  0.89576436639189905     
 B before wg2 wg2 ==>    46.144808024222421        3.9080486511109291     
 Q value wg2 wg2 ==>   2.97741698954513687E-005  2.52160339331755398E-006
 B after wg2 wg2 ==>   45.177136730573629        3.9080511727143223     
 LTM d(wg2)/d(wg2)  0.88579385080460682     
 B before wg2 wg2 ==>    44.215601193387506        3.7446622491347679     
 Q value wg2 wg2 ==>   2.97741698954513687E-005  2.52160339331755398E-006
 B after wg2 wg2 ==>   43.288387198958148        3.7446647707381611     
 LTM d(wg2)/d(wg2)  0.90672518759488863     
 B before wg2 wg2 ==>    46.107236478181690        3.9048666803516712     
 Q value wg2 wg2 ==>   2.97741698954513687E-005  2.52160339331755398E-006
 B after wg2 wg2 ==>   45.140353095531346        3.9048692019550644     
 LTM d(wg2)/d(wg2)  0.91522757677967226     
 B before wg2 wg2 ==>    46.724291918280613        3.9571257054422824     
 Q value wg2 wg2 ==>   2.97741698954513687E-005  2.52160339331755398E-006
 B after wg2 wg2 ==>   45.744468297094912        3.9571282270456756     
 LTM d(wg2)/d(wg2)  0.89958118033696488     
 B before wg2 wg2 ==>    39.679249120284531        3.3604741820623385     
 Q value wg2 wg2 ==>   2.97741698954513687E-005  2.52160339331755398E-006
 B after wg2 wg2 ==>   38.847166736552836        3.3604767036657317     
 LTM d(wg2)/d(wg2)  0.88712015516697806     
 B before wg2 wg2 ==>    38.620031690318363        3.2707680282033915     
 Q value wg2 wg2 ==>   2.97741698954513687E-005  2.52160339331755398E-006
 B after wg2 wg2 ==>   37.810162101927041        3.2707705498067847     
 LTM d(wg2)/d(wg2)  0.88625795669667073     
 B before wg2 wg2 ==>    9.3600236769369136       0.79270950451930200     
 Q value wg2 wg2 ==>   2.97741698954513687E-005  2.52160339331755398E-006
 B after wg2 wg2 ==>   9.1637642419205196       0.79271202612269531     
 LTM d(wg2)/d(wg2)  0.75840937927404672     
 B before wg2 wg2 ==>    11.927130636795168       0.94089578255279460     
 Q value wg2 wg2 ==>   2.77337176582312260E-005  2.18783031508334000E-006
 B after wg2 wg2 ==>   10.876796228846164       0.94089797038310974     
 LTM d(wg2)/d(wg2)  0.77670470356488197     
 B before wg2 wg2 ==>    12.705448325249572        1.0022949449207992     
 Q value wg2 wg2 ==>   2.77337176582312260E-005  2.18783031508334000E-006
 B after wg2 wg2 ==>   11.586571569765120        1.0022971327511143     
 LTM d(wg2)/d(wg2)  0.77761798800112525     
 B before wg2 wg2 ==>    13.730168900986556        1.0831320965682862     
 Q value wg2 wg2 ==>   2.77337176582312260E-005  2.18783031508334000E-006
 B after wg2 wg2 ==>   12.521050390919388        1.0831342843986014     
 LTM d(wg2)/d(wg2)  0.75554497511575669     
 B before wg2 wg2 ==>    14.573649166706126        1.1496717404147045     
 Q value wg2 wg2 ==>   2.77337176582312260E-005  2.18783031508334000E-006
 B after wg2 wg2 ==>   13.290249783455861        1.1496739282450197     
 LTM d(wg2)/d(wg2)  0.75006832428034631     
 B before wg2 wg2 ==>    14.422841789715068        1.1377749959830645     
 Q value wg2 wg2 ==>   2.77337176582312260E-005  2.18783031508334000E-006
 B after wg2 wg2 ==>   13.152723219425843        1.1377771838133797     
 LTM d(wg2)/d(wg2)  0.74900375374263128     
 B before wg2 wg2 ==>    19.781592296237669        1.5605108496329887     
 Q value wg2 wg2 ==>   2.77337176582312260E-005  2.18783031508334000E-006
 B after wg2 wg2 ==>   18.039556737522776        1.5605130374633038     
 LTM d(wg2)/d(wg2)  0.74828732188539582     
 B before wg2 wg2 ==>    20.869409718608864        1.6463255234271150     
 Q value wg2 wg2 ==>   2.77337176582312260E-005  2.18783031508334000E-006
 B after wg2 wg2 ==>   19.031575797701603        1.6463277112574302     
 LTM d(wg2)/d(wg2)  0.74980059590413906     
 B before wg2 wg2 ==>    40.195339596303143        3.1708905231376883     
 Q value wg2 wg2 ==>   2.77337176582312260E-005  2.18783031508334000E-006
 B after wg2 wg2 ==>   36.655572619302667        3.1708927109680034     
 LTM d(wg2)/d(wg2)  0.77588252072935715     
 B before wg2 wg2 ==>    41.880703724083439        3.3520808452371016     
 Q value wg2 wg2 ==>   2.81386370658330945E-005  2.25218245951338986E-006
 B after wg2 wg2 ==>   38.750136508368165        3.3520830974195612     
 LTM d(wg2)/d(wg2)  0.75951801349861003     
 B before wg2 wg2 ==>    41.208228069138926        3.2507942754574168     
 Q value wg2 wg2 ==>   2.77337176582312260E-005  2.18783031508334000E-006
 B after wg2 wg2 ==>   37.579261328661879        3.2507964632877320     
 LTM d(wg2)/d(wg2)  0.82146218847391284     
 B before wg2 wg2 ==>    41.555174399006461        3.4056002693917575     
 Q value wg2 wg2 ==>   2.88118474299235658E-005  2.36123748216943810E-006
 B after wg2 wg2 ==>   39.368823204809452        3.4056026306292395     
 LTM d(wg2)/d(wg2)  0.84972009991171082     
 B before wg2 wg2 ==>    48.584258021985910        4.0205969231732599     
 Q value wg2 wg2 ==>   2.90936028119118281E-005  2.40764508324205215E-006
 B after wg2 wg2 ==>   46.478195315205234        4.0205993308183432     
 LTM d(wg2)/d(wg2)  0.84410733071672417     
 B before wg2 wg2 ==>    45.224083582441203        3.7425252274638137     
 Q value wg2 wg2 ==>   2.90936028119118281E-005  2.40764508324205215E-006
 B after wg2 wg2 ==>   43.263681875443162        3.7425276351088970     
 LTM d(wg2)/d(wg2)  0.84495811221118533     
 B before wg2 wg2 ==>    36.230749838398182        2.9982806624031162     
 Q value wg2 wg2 ==>   2.90936028119118281E-005  2.40764508324205215E-006
 B after wg2 wg2 ==>   34.660202291684072        2.9982830700481995     
 LTM d(wg2)/d(wg2)  0.84464012597579208     
 B before wg2 wg2 ==>    35.540636135084441        2.9411702084176437     
 Q value wg2 wg2 ==>   2.90936028119118281E-005  2.40764508324205215E-006
 B after wg2 wg2 ==>   34.000004491189344        2.9411726160627270     
 LTM d(wg2)/d(wg2)  0.84342920075415240     
 B before wg2 wg2 ==>    8.1411125982890269       0.67371888748564612     
 Q value wg2 wg2 ==>   2.90936028119118281E-005  2.40764508324205215E-006
 B after wg2 wg2 ==>   7.7882294072624294       0.67372129513072931     
 LTM d(wg2)/d(wg2)  0.84649497828169062     
 B before wg2 wg2 ==>    17.078901701504105        1.4133668481912762     
 Q value wg2 wg2 ==>   2.90936028119118281E-005  2.40764508324205215E-006
 B after wg2 wg2 ==>   16.338572168020043        1.4133692558363595     
 LTM d(wg2)/d(wg2)  0.92629004420536742     
 B before wg2 wg2 ==>    16.412658786849097        1.4173528348566233     
 Q value wg2 wg2 ==>   3.03599869147065250E-005  2.62180637997838615E-006
 B after wg2 wg2 ==>   16.384652716053331        1.4173554566630033     
 LTM d(wg2)/d(wg2)  0.97684319133859898     
 B before wg2 wg2 ==>    16.018856366016141        1.4001412396461883     
 Q value wg2 wg2 ==>   3.07286077929626550E-005  2.68585909160881841E-006
 B after wg2 wg2 ==>   16.185687128835870        1.4001439255052799     
 LTM d(wg2)/d(wg2)  0.93974052209455095     
 B before wg2 wg2 ==>    27.402306110260383        2.3768619935921969     
 Q value wg2 wg2 ==>   3.04943511418322924E-005  2.64506439555233706E-006
 B after wg2 wg2 ==>   27.476594861493080        2.3768646386565924     
 LTM d(wg2)/d(wg2)  0.87669683362133222     
 B before wg2 wg2 ==>    108.92996905846874        9.0925559595287222     
 Q value wg2 wg2 ==>   2.93454751906339301E-005  2.44951300028902855E-006
 B after wg2 wg2 ==>   105.11012684378494        9.0925584090417217     
 LTM d(wg2)/d(wg2)  0.86300059681186725     
 B before wg2 wg2 ==>    141.41444034573465        11.804085904392924     
 Q value wg2 wg2 ==>   2.93454751906339267E-005  2.44951300028902770E-006
 B after wg2 wg2 ==>   136.45545822620218        11.804088353905923     
 LTM d(wg2)/d(wg2)  0.86217485658836002     
 B before wg2 wg2 ==>    137.89616908312664        11.510410264781807     
 Q value wg2 wg2 ==>   2.93454751906339267E-005  2.44951300028902770E-006
 B after wg2 wg2 ==>   133.06056293471212        11.510412714294807     
 LTM d(wg2)/d(wg2)  0.88204320667701686     
 B before wg2 wg2 ==>    109.26803098122024        9.1207745202881938     
 Q value wg2 wg2 ==>   2.93454751906339301E-005  2.44951300028902855E-006
 B after wg2 wg2 ==>   105.43633387676122        9.1207769698011933     
 LTM d(wg2)/d(wg2)  0.88632702056016355     
 B before wg2 wg2 ==>    64.574469079310575        5.4688745622071870     
 Q value wg2 wg2 ==>   2.97741698954513687E-005  2.52160339331755398E-006
 B after wg2 wg2 ==>   63.220310292511108        5.4688770838105807     
 LTM d(wg2)/d(wg2)  0.88357577645951391     
 B before wg2 wg2 ==>    59.910454338949179        5.0738746197377553     
 Q value wg2 wg2 ==>   2.97741698954513687E-005  2.52160339331755398E-006
 B after wg2 wg2 ==>   58.654104370208387        5.0738771413411490     
 LTM d(wg2)/d(wg2)  0.88423952121463578     
 B before wg2 wg2 ==>    48.174707651117295        4.0799628238736139     
 Q value wg2 wg2 ==>   2.97741698954513687E-005  2.52160339331755398E-006
 B after wg2 wg2 ==>   47.164467434697706        4.0799653454770075     
 LTM d(wg2)/d(wg2)  0.88795908124044065     
 B before wg2 wg2 ==>    47.941511400988183        4.0602132067491299     
 Q value wg2 wg2 ==>   2.97741698954513687E-005  2.52160339331755398E-006
 B after wg2 wg2 ==>   46.936161531377209        4.0602157283525235     
 LTM d(wg2)/d(wg2)  0.88985699822704256     
 B before wg2 wg2 ==>    47.605405466967241        4.0317480684525000     
 Q value wg2 wg2 ==>   2.97741698954513687E-005  2.52160339331755398E-006
 B after wg2 wg2 ==>   46.607104057959226        4.0317505900558936     
 LTM d(wg2)/d(wg2)  0.90007760115687518     
 B before wg2 wg2 ==>    40.797618017644787        3.4551899311988161     
 Q value wg2 wg2 ==>   2.97741698954513687E-005  2.52160339331755398E-006
 B after wg2 wg2 ==>   39.942082376131168        3.4551924528022093     
 LTM d(wg2)/d(wg2)  0.88916478287213907     
 B before wg2 wg2 ==>    39.487814378554006        3.3442613876824590     
 Q value wg2 wg2 ==>   2.97741698954513687E-005  2.52160339331755398E-006
 B after wg2 wg2 ==>   38.659746563143038        3.3442639092858522     
 LTM d(wg2)/d(wg2)  0.88869148536005960     
 B before wg2 wg2 ==>    11.491112189739207       0.97319346239996407     
 Q value wg2 wg2 ==>   2.97741698954513687E-005  2.52160339331755398E-006
 B after wg2 wg2 ==>   11.250161804925460       0.97319598400335738     
 LTM d(wg2)/d(wg2)  0.89548419512819988     
 B before wg2 wg2 ==>    11.154716414027469       0.94470377712877196     
 Q value wg2 wg2 ==>   2.97741698954513687E-005  2.52160339331755398E-006
 B after wg2 wg2 ==>   10.920820568072179       0.94470629873216527     
 LTM d(wg2)/d(wg2)  0.88899477573868446     
 B before wg2 wg2 ==>    10.780392394656964       0.91300191203028835     
 Q value wg2 wg2 ==>   2.97741698954513687E-005  2.52160339331755398E-006
 B after wg2 wg2 ==>   10.554346478846355       0.91300443363368167     
 LTM d(wg2)/d(wg2)  0.91612996167615013     
 B before wg2 wg2 ==>    11.041868638740672       0.93514658933510009     
 Q value wg2 wg2 ==>   2.97741698954513687E-005  2.52160339331755398E-006
 B after wg2 wg2 ==>   10.810339317793513       0.93514911093849340     
 LTM d(wg2)/d(wg2)  0.90581740386355147     
 B before wg2 wg2 ==>    10.807005476731417       0.91525579982300342     
 Q value wg2 wg2 ==>   2.97741698954513687E-005  2.52160339331755398E-006
 B after wg2 wg2 ==>   10.580401459317896       0.91525832142639674     
 LTM d(wg2)/d(wg2)  0.90395690701879161     
 B before wg2 wg2 ==>    10.419193428010640       0.88241162040649712     
 Q value wg2 wg2 ==>   2.97741698954513687E-005  2.52160339331755398E-006
 B after wg2 wg2 ==>   10.200722197525522       0.88241414200989043     
 LTM d(wg2)/d(wg2)  0.90871005605753674     
 B before wg2 wg2 ==>    16.601657461389188        1.4060105096575704     
 Q value wg2 wg2 ==>   2.97741698954513687E-005  2.52160339331755398E-006
 B after wg2 wg2 ==>   16.253534089249790        1.4060130312609638     
 LTM d(wg2)/d(wg2)  0.89972665185068401     
 B before wg2 wg2 ==>    16.220987185467582        1.3737711739222793     
 Q value wg2 wg2 ==>   2.97741698954513687E-005  2.52160339331755398E-006
 B after wg2 wg2 ==>   15.880846830499154        1.3737736955256727     
 LTM d(wg2)/d(wg2)  0.79895882913289917     
 B before wg2 wg2 ==>    39.974733782166403        3.2525719054489715     
 Q value wg2 wg2 ==>   2.86051263465708515E-005  2.32747592050711275E-006
 B after wg2 wg2 ==>   37.599812375315054        3.2525742329248919     
 LTM d(wg2)/d(wg2)  0.76308524848458648     
 B before wg2 wg2 ==>    38.908407798488575        3.0693683098015412     
 Q value wg2 wg2 ==>   2.77337176582312260E-005  2.18783031508334000E-006
 B after wg2 wg2 ==>   35.481974140065745        3.0693704976318563     
 LTM d(wg2)/d(wg2)  0.75335441111947909     
 B before wg2 wg2 ==>    37.952943204563304        2.9939945561151839     
 Q value wg2 wg2 ==>   2.77337176582312260E-005  2.18783031508334000E-006
 B after wg2 wg2 ==>   34.610652290454425        2.9939967439454991     
 LTM d(wg2)/d(wg2)  0.75255646583523250     
 B before wg2 wg2 ==>    38.812244530268472        3.0617822762231333     
 Q value wg2 wg2 ==>   2.77337176582312260E-005  2.18783031508334000E-006
 B after wg2 wg2 ==>   35.394279465388180        3.0617844640534484     
 LTM d(wg2)/d(wg2)  0.75100911218527044     
 B before wg2 wg2 ==>    39.626172659255353        3.1259906400941793     
 Q value wg2 wg2 ==>   2.77337176582312260E-005  2.18783031508334000E-006
 B after wg2 wg2 ==>   36.136529222530939        3.1259928279244944     
 LTM d(wg2)/d(wg2)  0.74800182057348685     
 B before wg2 wg2 ==>    39.275397193498513        3.0983190092213335     
 Q value wg2 wg2 ==>   2.77337176582312260E-005  2.18783031508334000E-006
 B after wg2 wg2 ==>   35.816644708165114        3.0983211970516487     
 LTM d(wg2)/d(wg2)  0.84034713320225474     
 B before wg2 wg2 ==>    36.865719148904816        3.0508276346132739     
 Q value wg2 wg2 ==>   2.90936028119118281E-005  2.40764508324205215E-006
 B after wg2 wg2 ==>   35.267646166751639        3.0508300422583572     
 LTM d(wg2)/d(wg2)  0.84193972557774532     
 B before wg2 wg2 ==>    35.905653719004938        2.9713772885412255     
 Q value wg2 wg2 ==>   2.90936028119118281E-005  2.40764508324205215E-006
 B after wg2 wg2 ==>   34.349198841177000        2.9713796961863088     
 LTM d(wg2)/d(wg2)  0.84081043470654793     
 B before wg2 wg2 ==>    10.974359734121316       0.90818464204675953     
 Q value wg2 wg2 ==>   2.90936028119118281E-005  2.40764508324205215E-006
 B after wg2 wg2 ==>   10.498657440139890       0.90818704969184272     
 LTM d(wg2)/d(wg2)  0.84718447721865664     
 B before wg2 wg2 ==>    8.8480038046010421       0.73221776602836619     
 Q value wg2 wg2 ==>   2.90936028119118281E-005  2.40764508324205215E-006
 B after wg2 wg2 ==>   8.4644774187934892       0.73222017367344938     
 LTM d(wg2)/d(wg2)  0.84146345791076949     
 B before wg2 wg2 ==>    5.7361725002533070       0.47469774046714580     
 Q value wg2 wg2 ==>   2.90936028119118281E-005  2.40764508324205215E-006
 B after wg2 wg2 ==>   5.4875416286820951       0.47470014811222905     
 LTM d(wg2)/d(wg2)  0.84162710073377878     
 B before wg2 wg2 ==>    6.0837107003179538       0.50345831178703226     
 Q value wg2 wg2 ==>   2.90936028119118281E-005  2.40764508324205215E-006
 B after wg2 wg2 ==>   5.8200143127758110       0.50346071943211546     
 LTM d(wg2)/d(wg2)  0.84029770189403541     
 B before wg2 wg2 ==>    5.6795015681227685       0.47000792972115690     
 Q value wg2 wg2 ==>   2.90936028119118281E-005  2.40764508324205215E-006
 B after wg2 wg2 ==>   5.4333273382471781       0.47001033736624015     
 LTM d(wg2)/d(wg2)  0.84236640311321342     
 B before wg2 wg2 ==>    6.0155196929745056       0.49781515563984802     
 Q value wg2 wg2 ==>   2.90936028119118281E-005  2.40764508324205215E-006
 B after wg2 wg2 ==>   5.7547793336042741       0.49781756328493126     
 LTM d(wg2)/d(wg2)  0.84612844445607238     
 B before wg2 wg2 ==>    15.372569742004490        1.2721591133078545     
 Q value wg2 wg2 ==>   2.90936028119118281E-005  2.40764508324205215E-006
 B after wg2 wg2 ==>   14.706208397867009        1.2721615209529378     
 LTM d(wg2)/d(wg2)  0.84428994494858489     
 B before wg2 wg2 ==>    17.574029693938449        1.4543412329818728     
 Q value wg2 wg2 ==>   2.90936028119118281E-005  2.40764508324205215E-006
 B after wg2 wg2 ==>   16.812236739523144        1.4543436406269561     
 LTM d(wg2)/d(wg2)  0.85408218087196208     
 B before wg2 wg2 ==>    49.844433079925174        4.1248828825948793     
 Q value wg2 wg2 ==>   2.90936028119118281E-005  2.40764508324205215E-006
 B after wg2 wg2 ==>   47.683742745280796        4.1248852902399626     
 LTM d(wg2)/d(wg2)  0.93400872234632304     
 B before wg2 wg2 ==>    49.652318567165651        4.2541157325585441     
 Q value wg2 wg2 ==>   3.01212029042410758E-005  2.58072708095562267E-006
 B after wg2 wg2 ==>   49.177678646888822        4.2541183132856251     
 LTM d(wg2)/d(wg2)  0.97672432848112345     
 B before wg2 wg2 ==>    85.042967522638762        7.4332501178391537     
 Q value wg2 wg2 ==>   3.07286077929626550E-005  2.68585909160881841E-006
 B after wg2 wg2 ==>   85.928526374018205        7.4332528036982453     
 LTM d(wg2)/d(wg2)  0.91471166421404071     
 B before wg2 wg2 ==>    75.902024815988426        6.4676338628292793     
 Q value wg2 wg2 ==>   2.99567440448829352E-005  2.55262297250312341E-006
 B after wg2 wg2 ==>   74.765984822451671        6.4676364154522519     
 LTM d(wg2)/d(wg2)  0.86467068193453933     
 B before wg2 wg2 ==>    71.350344152733499        5.9557255229930206     
 Q value wg2 wg2 ==>   2.93454751906339301E-005  2.44951300028902855E-006
 B after wg2 wg2 ==>   68.848314684971243        5.9557279725060210     
 LTM d(wg2)/d(wg2)  0.85508562287090450     
 B before wg2 wg2 ==>    67.841758463779399        5.6628583534586809     
 Q value wg2 wg2 ==>   2.93454751906339267E-005  2.44951300028902770E-006
 B after wg2 wg2 ==>   65.462765321051464        5.6628608029716814     
 LTM d(wg2)/d(wg2)  0.85688659056917749     
 B before wg2 wg2 ==>    71.233094200092168        5.9459384849092105     
 Q value wg2 wg2 ==>   2.93454751906339267E-005  2.44951300028902770E-006
 B after wg2 wg2 ==>   68.735176361505410        5.9459409344222109     
 LTM d(wg2)/d(wg2)  0.86003037171419061     
 B before wg2 wg2 ==>    110.11784221276777        9.1917096012826107     
 Q value wg2 wg2 ==>   2.93454751906339267E-005  2.44951300028902770E-006
 B after wg2 wg2 ==>   106.25634459603063        9.1917120507956103     
 LTM d(wg2)/d(wg2)  0.88430013358888460     
 B before wg2 wg2 ==>    32.260658246501386        2.7321865090003241     
 Q value wg2 wg2 ==>   2.97741698954513687E-005  2.52160339331755398E-006
 B after wg2 wg2 ==>   31.584150758094601        2.7321890306037173     
 LTM d(wg2)/d(wg2)  0.88358887084745963     
 B before wg2 wg2 ==>    31.790363775098538        2.6923568130218287     
 Q value wg2 wg2 ==>   2.97741698954513687E-005  2.52160339331755398E-006
 B after wg2 wg2 ==>   31.123718808349196        2.6923593346252219     
 LTM d(wg2)/d(wg2)  0.88547904019290724     
 B before wg2 wg2 ==>    33.782652930063065        2.8610857183538223     
 Q value wg2 wg2 ==>   2.97741698954513687E-005  2.52160339331755398E-006
 B after wg2 wg2 ==>   33.074227767854246        2.8610882399572155     
 LTM d(wg2)/d(wg2)  0.88815326859234056     
 B before wg2 wg2 ==>    9.8270253527928482       0.83226033044184800     
 Q value wg2 wg2 ==>   2.97741698954513687E-005  2.52160339331755398E-006
 B after wg2 wg2 ==>   9.6209724491684732       0.83226285204524131     
 LTM d(wg2)/d(wg2)  0.88701183343687862     
 B before wg2 wg2 ==>    6.3318317370986055       0.53624898528649911     
 Q value wg2 wg2 ==>   2.97741698954513687E-005  2.52160339331755398E-006
 B after wg2 wg2 ==>   6.1990763626348642       0.53625150688989243     
 LTM d(wg2)/d(wg2)  0.88611613359289965     
 B before wg2 wg2 ==>    5.1899937195780490       0.43954561354820954     
 Q value wg2 wg2 ==>   2.97741698954513687E-005  2.52160339331755398E-006
 B after wg2 wg2 ==>   5.0811837726322935       0.43954813515160285     
 LTM d(wg2)/d(wg2)  0.88526993166775980     
 B before wg2 wg2 ==>    15.232003915653145        1.2900132193645149     
 Q value wg2 wg2 ==>   2.97741698954513687E-005  2.52160339331755398E-006
 B after wg2 wg2 ==>   14.912603478992276        1.2900157409679083     
 LTM d(wg2)/d(wg2)  0.89253967508001908     
 B before wg2 wg2 ==>    16.369759250617456        1.3863708247481481     
 Q value wg2 wg2 ==>   2.97741698954513687E-005  2.52160339331755398E-006
 B after wg2 wg2 ==>   16.026499004168723        1.3863733463515415     
 LTM d(wg2)/d(wg2)  0.88751492134566023     
 B before wg2 wg2 ==>    46.310265620812032        3.9220614158152194     
 Q value wg2 wg2 ==>   2.97741698954513687E-005  2.52160339331755398E-006
 B after wg2 wg2 ==>   45.339124524244049        3.9220639374186126     
 LTM d(wg2)/d(wg2)  0.89608469259412327     
 B before wg2 wg2 ==>    46.994512727455970        3.9800109684657090     
 Q value wg2 wg2 ==>   2.97741698954513687E-005  2.52160339331755398E-006
 B after wg2 wg2 ==>   46.009022319299895        3.9800134900691022     
 LTM d(wg2)/d(wg2)  0.88269740950192654     
 B before wg2 wg2 ==>    45.802095814846780        3.8790240209322389     
 Q value wg2 wg2 ==>   2.97741698954513687E-005  2.52160339331755398E-006
 B after wg2 wg2 ==>   44.841611521668469        3.8790265425356321     
 LTM d(wg2)/d(wg2)  0.91427328720616530     
 B before wg2 wg2 ==>    47.952833032173857        4.0611720467005350     
 Q value wg2 wg2 ==>   2.97741698954513687E-005  2.52160339331755398E-006
 B after wg2 wg2 ==>   46.947245737205883        4.0611745683039286     
 LTM d(wg2)/d(wg2)  0.90153499281502403     
 B before wg2 wg2 ==>    46.801925834161551        3.9637005972498223     
 Q value wg2 wg2 ==>   2.97741698954513687E-005  2.52160339331755398E-006
 B after wg2 wg2 ==>   45.820474156038578        3.9637031188532155     
 LTM d(wg2)/d(wg2)  0.91481059819242594     
 B before wg2 wg2 ==>    48.599552997778602        4.1159433892945154     
 Q value wg2 wg2 ==>   2.97741698954513687E-005  2.52160339331755398E-006
 B after wg2 wg2 ==>   47.580403371005943        4.1159459108979091     
 LTM d(wg2)/d(wg2)  0.84643227024943146     
 B before wg2 wg2 ==>    36.564692243615170        3.0436994750071289     
 Q value wg2 wg2 ==>   2.92645864363604198E-005  2.43602778820610943E-006
 B after wg2 wg2 ==>   35.185244850933877        3.0437019110349173     
 LTM d(wg2)/d(wg2)  0.75411250027443810     
 B before wg2 wg2 ==>    32.629284541610033        2.5740269933997557     
 Q value wg2 wg2 ==>   2.77337176582312260E-005  2.18783031508334000E-006
 B after wg2 wg2 ==>   29.755820261726644        2.5740291812300709     
 LTM d(wg2)/d(wg2)  0.74963469819068229     
 B before wg2 wg2 ==>    14.941337517327446        1.1786775783591736     
 Q value wg2 wg2 ==>   2.77337176582312260E-005  2.18783031508334000E-006
 B after wg2 wg2 ==>   13.625557753820029        1.1786797661894888     
 LTM d(wg2)/d(wg2)  0.75589062384029881     
 B before wg2 wg2 ==>    15.955465095357580        1.2586790799940568     
 Q value wg2 wg2 ==>   2.77337176582312260E-005  2.18783031508334000E-006
 B after wg2 wg2 ==>   14.550376446892585        1.2586812678243720     
 LTM d(wg2)/d(wg2)  0.75275125758808481     
 B before wg2 wg2 ==>    15.506006924202786        1.2232226646539905     
 Q value wg2 wg2 ==>   2.77337176582312260E-005  2.18783031508334000E-006
 B after wg2 wg2 ==>   14.140499694259981        1.2232248524843057     
 LTM d(wg2)/d(wg2)  0.82487176598671641     
 B before wg2 wg2 ==>    5.6701844534805730       0.46469259199489932     
 Q value wg2 wg2 ==>   2.88118474299235658E-005  2.36123748216943810E-006
 B after wg2 wg2 ==>   5.3718814090158906       0.46469495323238147     
 LTM d(wg2)/d(wg2)  0.83451579304052037     
 B before wg2 wg2 ==>    7.2681718621308766       0.60147855737045142     
 Q value wg2 wg2 ==>   2.90936028119118281E-005  2.40764508324205215E-006
 B after wg2 wg2 ==>   6.9531299863893912       0.60148096501553461     
 LTM d(wg2)/d(wg2)  0.84118742171300642     
 B before wg2 wg2 ==>    7.1317436575488902       0.59018842262499205     
 Q value wg2 wg2 ==>   2.90936028119118281E-005  2.40764508324205215E-006
 B after wg2 wg2 ==>   6.8226158404479600       0.59019083027007524     
 LTM d(wg2)/d(wg2)  0.84682028730833603     
 B before wg2 wg2 ==>    13.256269280558231        1.0970243789263912     
 Q value wg2 wg2 ==>   2.90936028119118281E-005  2.40764508324205215E-006
 B after wg2 wg2 ==>   12.681647947721022        1.0970267865714745     
 LTM d(wg2)/d(wg2)  0.81672613362864432     
 B before wg2 wg2 ==>    19.198031147460284        1.5560744209767416     
 Q value wg2 wg2 ==>   2.84954956798789282E-005  2.30966975727501887E-006
 B after wg2 wg2 ==>   17.988272956736875        1.5560767306464989     
 LTM d(wg2)/d(wg2)  0.83518397063098193     
 B before wg2 wg2 ==>    53.865292707814000        4.4144600043113558     
 Q value wg2 wg2 ==>   2.88118474299235590E-005  2.36123748216943725E-006
 B after wg2 wg2 ==>   51.031258565085800        4.4144623655488378     
 LTM d(wg2)/d(wg2)  0.83663669607031366     
 B before wg2 wg2 ==>    41.943683001542205        3.4710552283466147     
 Q value wg2 wg2 ==>   2.90936028119118281E-005  2.40764508324205215E-006
 B after wg2 wg2 ==>   40.125484158382989        3.4710576359916980     
 LTM d(wg2)/d(wg2)  0.83685999505419273     
 B before wg2 wg2 ==>    44.684299782872465        3.6978553452410012     
 Q value wg2 wg2 ==>   2.90936028119118281E-005  2.40764508324205215E-006
 B after wg2 wg2 ==>   42.747297291994379        3.6978577528860845     
 LTM d(wg2)/d(wg2)  0.83709227731745606     
 B before wg2 wg2 ==>    44.839869584438823        3.7107295454651426     
 Q value wg2 wg2 ==>   2.90936028119118281E-005  2.40764508324205215E-006
 B after wg2 wg2 ==>   42.896123261286597        3.7107319531102259     
 LTM d(wg2)/d(wg2)  0.84617153545243651     
 B before wg2 wg2 ==>    46.024114232124425        3.8087318733923174     
 Q value wg2 wg2 ==>   2.90936028119118281E-005  2.40764508324205215E-006
 B after wg2 wg2 ==>   44.029031806495183        3.8087342810374007     
 LTM d(wg2)/d(wg2)  0.85801837197294051     
 B before wg2 wg2 ==>    48.311889926977955        3.9980570641871664     
 Q value wg2 wg2 ==>   2.90936028119118281E-005  2.40764508324205215E-006
 B after wg2 wg2 ==>   46.217634169432067        3.9980594718322497     
 LTM d(wg2)/d(wg2)  0.85500359072786658     
 B before wg2 wg2 ==>    46.900828420202856        3.8812844760377119     
 Q value wg2 wg2 ==>   2.90936028119118281E-005  2.40764508324205215E-006
 B after wg2 wg2 ==>   44.867741103025054        3.8812868836827952     
 LTM d(wg2)/d(wg2)  0.85412699082845667     
 B before wg2 wg2 ==>    46.246702362895988        3.8271521846237873     
 Q value wg2 wg2 ==>   2.90936028119118281E-005  2.40764508324205215E-006
 B after wg2 wg2 ==>   44.241970911523801        3.8271545922688706     
 LTM d(wg2)/d(wg2)  0.91807875164335195     
 B before wg2 wg2 ==>    13.043498909192500        1.1070039546403136     
 Q value wg2 wg2 ==>   2.98371687315400510E-005  2.53228554784538003E-006
 B after wg2 wg2 ==>   12.797013450247736        1.1070064869258616     
 LTM d(wg2)/d(wg2)  0.92621466456570423     
 B before wg2 wg2 ==>    71.979981947168355        6.2247962864904363     
 Q value wg2 wg2 ==>   3.04029660090152940E-005  2.62923475099118717E-006
 B after wg2 wg2 ==>   71.958779275841451        6.2247989157251871     
 LTM d(wg2)/d(wg2)  0.87194709257190417     
 B before wg2 wg2 ==>    77.567547279773336        6.4746852531112182     
 Q value wg2 wg2 ==>   2.93454751906339267E-005  2.44951300028902770E-006
 B after wg2 wg2 ==>   74.847497819752888        6.4746877026242187     
 LTM d(wg2)/d(wg2)  0.86208865276998359     
 B before wg2 wg2 ==>    141.53361764564028        11.814033821186293     
 Q value wg2 wg2 ==>   2.93454751906339301E-005  2.44951300028902855E-006
 B after wg2 wg2 ==>   136.57045631023348        11.814036270699292     
 LTM d(wg2)/d(wg2)  0.85972488754001142     
 B before wg2 wg2 ==>    103.96475020967256        8.6781013275830041     
 Q value wg2 wg2 ==>   2.93454751906339301E-005  2.44951300028902855E-006
 B after wg2 wg2 ==>   100.31902438669334        8.6781037770960037     
 LTM d(wg2)/d(wg2)  0.85618444815629402     
 B before wg2 wg2 ==>    62.644513696345264        5.2290361529043263     
 Q value wg2 wg2 ==>   2.93454751906339267E-005  2.44951300028902770E-006
 B after wg2 wg2 ==>   60.447773447853926        5.2290386024173268     
 LTM d(wg2)/d(wg2)  0.85865567299055601     
 B before wg2 wg2 ==>    98.362813176776484        8.2104988266952663     
 Q value wg2 wg2 ==>   2.93454751906339301E-005  2.44951300028902855E-006
 B after wg2 wg2 ==>   94.913531678292784        8.2105012762082659     
 LTM d(wg2)/d(wg2)  0.88688946381279499     
 B before wg2 wg2 ==>    37.227375868826904        3.1528226528150154     
 Q value wg2 wg2 ==>   2.97741698954513687E-005  2.52160339331755398E-006
 B after wg2 wg2 ==>   36.446711595479691        3.1528251744184086     
 LTM d(wg2)/d(wg2)  0.88516856521332199     
 B before wg2 wg2 ==>    63.542645939599623        5.3814884574212334     
 Q value wg2 wg2 ==>   2.97741698954513687E-005  2.52160339331755398E-006
 B after wg2 wg2 ==>   62.210125463860237        5.3814909790246270     
 LTM d(wg2)/d(wg2)  0.88377462155314734     
 B before wg2 wg2 ==>    57.068141006952722        4.8331563405044209     
 Q value wg2 wg2 ==>   2.97741698954513687E-005  2.52160339331755398E-006
 B after wg2 wg2 ==>   55.871397047847616        4.8331588621078145     
 LTM d(wg2)/d(wg2)  0.88634190527258072     
 B before wg2 wg2 ==>    53.959986086061065        4.5699236786704329     
 Q value wg2 wg2 ==>   2.97741698954513687E-005  2.52160339331755398E-006
 B after wg2 wg2 ==>   52.828423087154228        4.5699262002738266     
 LTM d(wg2)/d(wg2)  0.88452513019630929     
 B before wg2 wg2 ==>    48.298065627901046        4.0904101308495244     
 Q value wg2 wg2 ==>   2.97741698954513687E-005  2.52160339331755398E-006
 B after wg2 wg2 ==>   47.285238477567439        4.0904126524529181     
 LTM d(wg2)/d(wg2)  0.88243101601989982     
 B before wg2 wg2 ==>    47.699587229778665        4.0397244135035235     
 Q value wg2 wg2 ==>   2.97741698954513687E-005  2.52160339331755398E-006
 B after wg2 wg2 ==>   46.699310739769395        4.0397269351069172     
 LTM d(wg2)/d(wg2)  0.89187331804174197     
 B before wg2 wg2 ==>    48.063259187494893        4.0705241451451357     
 Q value wg2 wg2 ==>   2.97741698954513687E-005  2.52160339331755398E-006
 B after wg2 wg2 ==>   47.055356151189038        4.0705266667485294     
 LTM d(wg2)/d(wg2)  0.88953058045769584     
 B before wg2 wg2 ==>    38.352412772915329        3.2481031219235845     
 Q value wg2 wg2 ==>   2.97741698954513687E-005  2.52160339331755398E-006
 B after wg2 wg2 ==>   37.548155407353157        3.2481056435269777     
 LTM d(wg2)/d(wg2)  0.89793549144618190     
 B before wg2 wg2 ==>    39.109204039372266        3.3121965099922286     
 Q value wg2 wg2 ==>   2.97741698954513687E-005  2.52160339331755398E-006
 B after wg2 wg2 ==>   38.289076042302710        3.3121990315956218     
 LTM d(wg2)/d(wg2)  0.88725923143617291     
 B before wg2 wg2 ==>    8.1133916418599128       0.68713102555896088     
 Q value wg2 wg2 ==>   2.97741698954513687E-005  2.52160339331755398E-006
 B after wg2 wg2 ==>   7.9432752644221720       0.68713354716235420     
 LTM d(wg2)/d(wg2)  0.90377837100866132     
 B before wg2 wg2 ==>    8.0506486948347185       0.68181726438002555     
 Q value wg2 wg2 ==>   2.97741698954513687E-005  2.52160339331755398E-006
 B after wg2 wg2 ==>   7.8818480965768645       0.68181978598341886     
 LTM d(wg2)/d(wg2)  0.92158288145252232     
 B before wg2 wg2 ==>    4.4653333918702485       0.37817342591822767     
 Q value wg2 wg2 ==>   2.97741698954513687E-005  2.52160339331755398E-006
 B after wg2 wg2 ==>   4.3717202601347340       0.37817594752162098     
 LTM d(wg2)/d(wg2)  0.88919412062592762     
 B before wg2 wg2 ==>    4.2463763100947070       0.35962973780417334     
 Q value wg2 wg2 ==>   2.97741698954513687E-005  2.52160339331755398E-006
 B after wg2 wg2 ==>   4.1573549162858994       0.35963225940756666     
 LTM d(wg2)/d(wg2)  0.89061969138350061     
 B before wg2 wg2 ==>    3.7722770973794200       0.31947781458515911     
 Q value wg2 wg2 ==>   2.97741698954513687E-005  2.52160339331755398E-006
 B after wg2 wg2 ==>   3.6931980142663621       0.31948033618855243     
 LTM d(wg2)/d(wg2)  0.79858371020563090     
 B before wg2 wg2 ==>    5.8386599661127718       0.47506661269424622     
 Q value wg2 wg2 ==>   2.86051263465708515E-005  2.32747592050711275E-006
 B after wg2 wg2 ==>   5.4918048710221461       0.47506894017016671     
 LTM d(wg2)/d(wg2)  0.74747902248480580     
 B before wg2 wg2 ==>    20.265568199558750        1.5986902659703233     
 Q value wg2 wg2 ==>   2.77337176582312260E-005  2.18783031508334000E-006
 B after wg2 wg2 ==>   18.480911427094892        1.5986924538006384     
 LTM d(wg2)/d(wg2)  0.82317956485418520     
 B before wg2 wg2 ==>    15.149598661796606        1.2478090084333442     
 Q value wg2 wg2 ==>   2.89567310871140741E-005  2.38504469404853643E-006
 B after wg2 wg2 ==>   14.424720518173666        1.2478113934780382     
 LTM d(wg2)/d(wg2)  0.82732673582405436     
 B before wg2 wg2 ==>    39.625762144174686        3.2638081095987519     
 Q value wg2 wg2 ==>   2.89567310871140741E-005  2.38504469404853643E-006
 B after wg2 wg2 ==>   37.729703748167026        3.2638104946434461     
 LTM d(wg2)/d(wg2)  0.78352422592895887     
 B before wg2 wg2 ==>    37.414221683330851        3.0077726613738305     
 Q value wg2 wg2 ==>   2.82625169972558664E-005  2.27205651063516949E-006
 B after wg2 wg2 ==>   34.769928390676043        3.0077749334303410     
 LTM d(wg2)/d(wg2)  0.76082674207889767     
 B before wg2 wg2 ==>    39.830138664618183        3.1420809102584033     
 Q value wg2 wg2 ==>   2.77337176582312260E-005  2.18783031508334000E-006
 B after wg2 wg2 ==>   36.322533013964446        3.1420830980887184     
 LTM d(wg2)/d(wg2)  0.78029307381335444     
 B before wg2 wg2 ==>    40.424276875840746        3.2497544883348661     
 Q value wg2 wg2 ==>   2.82625169972558664E-005  2.27205651063516949E-006
 B after wg2 wg2 ==>   37.567242345841038        3.2497567603913766     
 LTM d(wg2)/d(wg2)  0.78370553046406977     
 B before wg2 wg2 ==>    41.731089914613790        3.3548107037177886     
 Q value wg2 wg2 ==>   2.82625169972558664E-005  2.27205651063516949E-006
 B after wg2 wg2 ==>   38.781693947674718        3.3548129757742990     
 LTM d(wg2)/d(wg2)  0.86812522813751858     
 B before wg2 wg2 ==>    48.888298290303354        4.0457578171970958     
 Q value wg2 wg2 ==>   2.90936028119118281E-005  2.40764508324205215E-006
 B after wg2 wg2 ==>   46.769055669725311        4.0457602248421791     
 LTM d(wg2)/d(wg2)  0.77998918797872208     
 B before wg2 wg2 ==>    33.942134703471432        2.7286475633209162     
 Q value wg2 wg2 ==>   2.82625169972558664E-005  2.27205651063516949E-006
 B after wg2 wg2 ==>   31.543237602256042        2.7286498353774267     
 LTM d(wg2)/d(wg2)  0.75487807072760782     
 B before wg2 wg2 ==>    33.837760672430136        2.6693600730338929     
 Q value wg2 wg2 ==>   2.77337176582312260E-005  2.18783031508334000E-006
 B after wg2 wg2 ==>   30.857872252153051        2.6693622608642080     
 LTM d(wg2)/d(wg2)  0.83547745660834194     
 B before wg2 wg2 ==>    14.215453691586445        1.1764018161611145     
 Q value wg2 wg2 ==>   2.90936028119118281E-005  2.40764508324205215E-006
 B after wg2 wg2 ==>   13.599252445920298        1.1764042238061978     
 LTM d(wg2)/d(wg2)  0.79680560071143569     
 B before wg2 wg2 ==>    10.767907198819277       0.87278037592743252     
 Q value wg2 wg2 ==>   2.84954954799046985E-005  2.30966972485765470E-006
 B after wg2 wg2 ==>   10.089382400771942       0.87278268559715733     
 LTM d(wg2)/d(wg2)  0.79763345964472632     
 B before wg2 wg2 ==>    7.5326174986208470       0.61054767753614625     
 Q value wg2 wg2 ==>   2.84954954799046985E-005  2.30966972485765470E-006
 B after wg2 wg2 ==>   7.0579680341524336       0.61054998720587106     
 LTM d(wg2)/d(wg2)  0.84609773627605622     
 B before wg2 wg2 ==>    9.8072157420223576       0.81159748121351860     
 Q value wg2 wg2 ==>   2.90936028119118281E-005  2.40764508324205215E-006
 B after wg2 wg2 ==>   9.3821082501377155       0.81159988885860179     
 LTM d(wg2)/d(wg2)  0.85927225927560724     
 B before wg2 wg2 ==>    14.367592187941915        1.1889920582528266     
 Q value wg2 wg2 ==>   2.90936028119118281E-005  2.40764508324205215E-006
 B after wg2 wg2 ==>   13.744795854466110        1.1889944658979099     
 LTM d(wg2)/d(wg2)  0.83919796959557769     
 B before wg2 wg2 ==>    16.010564178683214        1.3249564302484844     
 Q value wg2 wg2 ==>   2.90936028119118281E-005  2.40764508324205215E-006
 B after wg2 wg2 ==>   15.316546262193800        1.3249588378935677     
 LTM d(wg2)/d(wg2)  0.84634771906150230     
 B before wg2 wg2 ==>    60.081902192766222        4.9720860404066842     
 Q value wg2 wg2 ==>   2.90936028119118281E-005  2.40764508324205215E-006
 B after wg2 wg2 ==>   57.477425378268038        4.9720884480517675     
 LTM d(wg2)/d(wg2)  0.85948815414415991     
 B before wg2 wg2 ==>    123.39649569558343        10.271708234936982     
 Q value wg2 wg2 ==>   2.92645865345613878E-005  2.43602780455489902E-006
 B after wg2 wg2 ==>   118.74114665616484        10.271710670964787     
 LTM d(wg2)/d(wg2)  0.86692832906441308     
 B before wg2 wg2 ==>    118.16847386836857        9.8637084962681829     
 Q value wg2 wg2 ==>   2.93454751906339267E-005  2.44951300028902770E-006
 B after wg2 wg2 ==>   114.02466302889083        9.8637109457811825     
 LTM d(wg2)/d(wg2)  0.85987800111321144     
 B before wg2 wg2 ==>    65.670481722767079        5.4816184665669407     
 Q value wg2 wg2 ==>   2.93454751906339267E-005  2.44951300028902770E-006
 B after wg2 wg2 ==>   63.367629206071939        5.4816209160799412     
 LTM d(wg2)/d(wg2)  0.86534716458710736     
 B before wg2 wg2 ==>    159.25324746288194        13.293119210524125     
 Q value wg2 wg2 ==>   2.93454751906339267E-005  2.44951300028902770E-006
 B after wg2 wg2 ==>   153.66870807746886        13.293121660037125     
 LTM d(wg2)/d(wg2)  0.85520137286829401     
 B before wg2 wg2 ==>    71.642473819925144        5.9801100460892558     
 Q value wg2 wg2 ==>   2.93454751906339267E-005  2.44951300028902770E-006
 B after wg2 wg2 ==>   69.130200178620839        5.9801124956022562     
 LTM d(wg2)/d(wg2)  0.85480860379353174     
 B before wg2 wg2 ==>    61.350685921735170        5.1210383122336820     
 Q value wg2 wg2 ==>   2.93454751906339301E-005  2.44951300028902855E-006
 B after wg2 wg2 ==>   59.199316608637133        5.1210407617466824     
 LTM d(wg2)/d(wg2)  0.87111844345219702     
 B before wg2 wg2 ==>    83.440021125546153        6.9648698875610604     
 Q value wg2 wg2 ==>   2.93454751906339267E-005  2.44951300028902770E-006
 B after wg2 wg2 ==>   80.514040368730306        6.9648723370740608     
 LTM d(wg2)/d(wg2)  0.88606886375327154     
 B before wg2 wg2 ==>    42.433317258753121        3.5937188900684918     
 Q value wg2 wg2 ==>   2.97741698954513687E-005  2.52160339331755398E-006
 B after wg2 wg2 ==>   41.543479450891745        3.5937214116718850     
 LTM d(wg2)/d(wg2)  0.88537142735649466     
 B before wg2 wg2 ==>    52.608857662883594        4.4554952990160066     
 Q value wg2 wg2 ==>   2.97741698954513687E-005  2.52160339331755398E-006
 B after wg2 wg2 ==>   51.505629110043763        4.4554978206194003     
 LTM d(wg2)/d(wg2)  0.88896793639404559     
 B before wg2 wg2 ==>    43.711819282556029        3.7019964693563461     
 Q value wg2 wg2 ==>   2.97741698954513687E-005  2.52160339331755398E-006
 B after wg2 wg2 ==>   42.795170073188643        3.7019989909597393     
 LTM d(wg2)/d(wg2)  0.89071097270069655     
 B before wg2 wg2 ==>    27.695788366765239        2.3455832411606297     
 Q value wg2 wg2 ==>   2.97741698954513687E-005  2.52160339331755398E-006
 B after wg2 wg2 ==>   27.115010534541753        2.3455857627640229     
 LTM d(wg2)/d(wg2)  0.88444544206921094     
 B before wg2 wg2 ==>    20.050622328166014        1.6981066971259609     
 Q value wg2 wg2 ==>   2.97741698954513687E-005  2.52160339331755398E-006
 B after wg2 wg2 ==>   19.630170887629649        1.6981092187293543     
 LTM d(wg2)/d(wg2)  0.88291750077634967     
 B before wg2 wg2 ==>    26.269640619809770        2.2248014020456290     
 Q value wg2 wg2 ==>   2.97741698954513687E-005  2.52160339331755398E-006
 B after wg2 wg2 ==>   25.718770460111333        2.2248039236490222     
 LTM d(wg2)/d(wg2)  0.88451853172742456     
 B before wg2 wg2 ==>    30.234800134891898        2.5606146160961063     
 Q value wg2 wg2 ==>   2.97741698954513687E-005  2.52160339331755398E-006
 B after wg2 wg2 ==>   29.600776814842554        2.5606171376994995     
 LTM d(wg2)/d(wg2)  0.88863966473885225     
 B before wg2 wg2 ==>    20.894427828574386        1.7695694052585835     
 Q value wg2 wg2 ==>   2.97741698954513687E-005  2.52160339331755398E-006
 B after wg2 wg2 ==>   20.456280985415866        1.7695719268619770     
 LTM d(wg2)/d(wg2)  0.88617608092239220     
 B before wg2 wg2 ==>    13.241919566634939        1.1214710411915105     
 Q value wg2 wg2 ==>   2.97741698954513687E-005  2.52160339331755398E-006
 B after wg2 wg2 ==>   12.964253088559166        1.1214735627949040     
 LTM d(wg2)/d(wg2)  0.89368172196753715     
 B before wg2 wg2 ==>    13.477709464107742        1.1414403168309382     
 Q value wg2 wg2 ==>   2.97741698954513687E-005  2.52160339331755398E-006
 B after wg2 wg2 ==>   13.195098247975631        1.1414428384343316     
 LTM d(wg2)/d(wg2)  0.90764245403890031     
 B before wg2 wg2 ==>    46.693548768010146        3.9545220381590132     
 Q value wg2 wg2 ==>   2.97741698954513687E-005  2.52160339331755398E-006
 B after wg2 wg2 ==>   45.714369859879341        3.9545245597624064     
 LTM d(wg2)/d(wg2)  0.89111705464107049     
 B before wg2 wg2 ==>    44.181277950115074        3.7417553802947858     
 Q value wg2 wg2 ==>   2.97741698954513687E-005  2.52160339331755398E-006
 B after wg2 wg2 ==>   43.254783746690535        3.7417579018981790     
 LTM d(wg2)/d(wg2)  0.88706719888522079     
 B before wg2 wg2 ==>    48.049955751926220        4.0693974642539290     
 Q value wg2 wg2 ==>   2.97741698954513687E-005  2.52160339331755398E-006
 B after wg2 wg2 ==>   47.042331701297201        4.0693999858573227     
 LTM d(wg2)/d(wg2)  0.85658451077094078     
 B before wg2 wg2 ==>    46.711632592088534        3.8474415889327815     
 Q value wg2 wg2 ==>   2.89567310871140741E-005  2.38504469404853643E-006
 B after wg2 wg2 ==>   44.476516502438322        3.8474439739774757     
 LTM d(wg2)/d(wg2)  0.80172743051942263     
 B before wg2 wg2 ==>    41.675523115086172        3.3909578076913038     
 Q value wg2 wg2 ==>   2.86051263465708515E-005  2.32747592050711275E-006
 B after wg2 wg2 ==>   39.199555713077807        3.3909601351672243     
 LTM d(wg2)/d(wg2)  0.84403013405926253     
 B before wg2 wg2 ==>    43.951343344793237        3.6585753210534575     
 Q value wg2 wg2 ==>   2.92645864363604198E-005  2.43602778820610943E-006
 B after wg2 wg2 ==>   42.293219885423710        3.6585777570812459     
 LTM d(wg2)/d(wg2)  0.88010403272345372     
 B before wg2 wg2 ==>    37.327356943561327        3.1612901472305817     
 Q value wg2 wg2 ==>   2.97741698954513687E-005  2.52160339331755398E-006
 B after wg2 wg2 ==>   36.544595972134800        3.1612926688339749     
 LTM d(wg2)/d(wg2)  0.88427182569862073     
 B before wg2 wg2 ==>    40.286471819457574        3.4119004627650664     
 Q value wg2 wg2 ==>   2.97741698954513687E-005  2.52160339331755398E-006
 B after wg2 wg2 ==>   39.441655399104910        3.4119029843684596     
 LTM d(wg2)/d(wg2)  0.76718711170247156     
 B before wg2 wg2 ==>    23.262918004007478        1.8351422572934470     
 Q value wg2 wg2 ==>   2.77337176582312260E-005  2.18783031508334000E-006
 B after wg2 wg2 ==>   21.214300390065372        1.8351444451237622     
 LTM d(wg2)/d(wg2)  0.75223377319386053     
 B before wg2 wg2 ==>    16.302748305349546        1.2860752172196181     
 Q value wg2 wg2 ==>   2.77337176582312260E-005  2.18783031508334000E-006
 B after wg2 wg2 ==>   14.867076250101434        1.2860774050499333     
 LTM d(wg2)/d(wg2)  0.75881720365680649     
 B before wg2 wg2 ==>    13.498490306990048        1.0648556628947428     
 Q value wg2 wg2 ==>   2.77337176582312260E-005  2.18783031508334000E-006
 B after wg2 wg2 ==>   12.309774512859823        1.0648578507250579     
 LTM d(wg2)/d(wg2)  0.75173301376272583     
 B before wg2 wg2 ==>    11.841636077014716       0.93415137158101624     
 Q value wg2 wg2 ==>   2.77337176582312260E-005  2.18783031508334000E-006
 B after wg2 wg2 ==>   10.798830725536853       0.93415355941133138     
 LTM d(wg2)/d(wg2)  0.81366044260735504     
 B before wg2 wg2 ==>    18.789271450912043        1.5344340314913827     
 Q value wg2 wg2 ==>   2.87105045879787962E-005  2.34465585406962222E-006
 B after wg2 wg2 ==>   17.738110097832386        1.5344363761472368     
 LTM d(wg2)/d(wg2)  0.74999255905279816     
 B before wg2 wg2 ==>    24.918807795376090        1.9657704669203682     
 Q value wg2 wg2 ==>   2.77337176582312260E-005  2.18783031508334000E-006
 B after wg2 wg2 ==>   22.724364671820066        1.9657726547506833     
 LTM d(wg2)/d(wg2)  0.75209146804860760     
 B before wg2 wg2 ==>    22.696993807164095        1.7904981843584336     
 Q value wg2 wg2 ==>   2.77337176582312260E-005  2.18783031508334000E-006
 B after wg2 wg2 ==>   20.698214162413962        1.7905003721887487     
 LTM d(wg2)/d(wg2)  0.77795569941418219     
 B before wg2 wg2 ==>    25.611515423357211        2.0499146931411927     
 Q value wg2 wg2 ==>   2.81386369527439368E-005  2.25218244141035141E-006
 B after wg2 wg2 ==>   23.697074074105366        2.0499169453236341     
 LTM d(wg2)/d(wg2)  0.80800852234226039     
 B before wg2 wg2 ==>    71.581349033799796        5.8019442000728825     
 Q value wg2 wg2 ==>   2.84954954799046985E-005  2.30966972485765470E-006
 B after wg2 wg2 ==>   67.070598410835288        5.8019465097426073     
 LTM d(wg2)/d(wg2)  0.82095107272836698     
 B before wg2 wg2 ==>    64.379354561313590        5.2575679902545129     
 Q value wg2 wg2 ==>   2.87105044648049116E-005  2.34465583395152415E-006
 B after wg2 wg2 ==>   60.777600751292759        5.2575703349103469     
 LTM d(wg2)/d(wg2)  0.84008602849817449     
 B before wg2 wg2 ==>    54.213126469048476        4.4864147020300527     
 Q value wg2 wg2 ==>   2.90936028119118281E-005  2.40764508324205215E-006
 B after wg2 wg2 ==>   51.863056607164516        4.4864171096751360     
 LTM d(wg2)/d(wg2)  0.83939607504025848     
 B before wg2 wg2 ==>    58.966352704972536        4.8797685898398546     
 Q value wg2 wg2 ==>   2.90936028119118281E-005  2.40764508324205215E-006
 B after wg2 wg2 ==>   56.410234110150903        4.8797709974849379     
 LTM d(wg2)/d(wg2)  0.86074486983970733     
 B before wg2 wg2 ==>    77.222446899282204        6.3905541639158585     
 Q value wg2 wg2 ==>   2.90936028119118281E-005  2.40764508324205215E-006
 B after wg2 wg2 ==>   73.874940541618884        6.3905565715609418     
 LTM d(wg2)/d(wg2)  0.85179925776136522     
 B before wg2 wg2 ==>    162.68930440237131        13.463375655904169     
 Q value wg2 wg2 ==>   2.90936028119118281E-005  2.40764508324205215E-006
 B after wg2 wg2 ==>   155.63687494141013        13.463378063549252     
 LTM d(wg2)/d(wg2)  0.86258291475349513     
 B before wg2 wg2 ==>    148.02277345985630        12.355693870122778     
 Q value wg2 wg2 ==>   2.93454751906339267E-005  2.44951300028902770E-006
 B after wg2 wg2 ==>   142.83205550912442        12.355696319635777     
 LTM d(wg2)/d(wg2)  0.86558564040690933     
 B before wg2 wg2 ==>    142.17276027490723        11.867384062382179     
 Q value wg2 wg2 ==>   2.93454751906339267E-005  2.44951300028902770E-006
 B after wg2 wg2 ==>   137.18718598817208        11.867386511895178     
 LTM d(wg2)/d(wg2)  0.85706386113978084     
 B before wg2 wg2 ==>    51.963385197596537        4.3374655463464498     
 Q value wg2 wg2 ==>   2.93454751906339301E-005  2.44951300028902855E-006
 B after wg2 wg2 ==>   50.141202367452671        4.3374679958594502     
 LTM d(wg2)/d(wg2)  0.86013360306010922     
 B before wg2 wg2 ==>    90.000998402832877        7.5125249870581072     
 Q value wg2 wg2 ==>   2.93454751906339267E-005  2.44951300028902770E-006
 B after wg2 wg2 ==>   86.844942452079920        7.5125274365711077     
 LTM d(wg2)/d(wg2)  0.87358184134680139     
 B before wg2 wg2 ==>    32.259913234666875        2.6927857307873277     
 Q value wg2 wg2 ==>   2.93454751906339267E-005  2.44951300028902770E-006
 B after wg2 wg2 ==>   31.128676271505221        2.6927881803003282     
 LTM d(wg2)/d(wg2)  0.86683199714903680     
 B before wg2 wg2 ==>    42.104617476898412        3.5145386882260032     
 Q value wg2 wg2 ==>   2.93454751906339301E-005  2.44951300028902855E-006
 B after wg2 wg2 ==>   40.628154163749826        3.5145411377390037     
 LTM d(wg2)/d(wg2)  0.86148675683599085     
 B before wg2 wg2 ==>    20.326930153167535        1.6967208519438981     
 Q value wg2 wg2 ==>   2.93454751906339301E-005  2.44951300028902855E-006
 B after wg2 wg2 ==>   19.614149660847321        1.6967233014568983     
 LTM d(wg2)/d(wg2)  0.88636708081852666     
 B before wg2 wg2 ==>    24.431658367998160        2.0691408983506583     
 Q value wg2 wg2 ==>   2.97741698954513687E-005  2.52160339331755398E-006
 B after wg2 wg2 ==>   23.919332441470090        2.0691434199540515     
 LTM d(wg2)/d(wg2)  0.89775373732419839     
 B before wg2 wg2 ==>    38.955582349187765        3.2991861397076283     
 Q value wg2 wg2 ==>   2.97741698954513687E-005  2.52160339331755398E-006
 B after wg2 wg2 ==>   38.138675944840692        3.2991886613110215     
 LTM d(wg2)/d(wg2)  0.88911344338666820     
 B before wg2 wg2 ==>    38.463048916719792        3.2574730044969864     
 Q value wg2 wg2 ==>   2.97741698954513687E-005  2.52160339331755398E-006
 B after wg2 wg2 ==>   37.656471406161842        3.2574755261003796     
 LTM d(wg2)/d(wg2)  0.88784198229363065     
 B before wg2 wg2 ==>    55.804047425964221        4.7260990262456444     
 Q value wg2 wg2 ==>   2.97741698954513687E-005  2.52160339331755398E-006
 B after wg2 wg2 ==>   54.633812709637034        4.7261015478490380     
 LTM d(wg2)/d(wg2)  0.88813290027835845     
 B before wg2 wg2 ==>    63.602657186608866        5.3865708682702031     
 Q value wg2 wg2 ==>   2.97741698954513687E-005  2.52160339331755398E-006
 B after wg2 wg2 ==>   62.268878218032945        5.3865733898735968     
 LTM d(wg2)/d(wg2)  0.88389653199273299     
 B before wg2 wg2 ==>    57.028219438856532        4.8297753440927194     
 Q value wg2 wg2 ==>   2.97741698954513687E-005  2.52160339331755398E-006
 B after wg2 wg2 ==>   55.832312672943964        4.8297778656961130     
 LTM d(wg2)/d(wg2)  0.88405991916473026     
 B before wg2 wg2 ==>    55.732728692340089        4.7200589733627192     
 Q value wg2 wg2 ==>   2.97741698954513687E-005  2.52160339331755398E-006
 B after wg2 wg2 ==>   54.563989597581340        4.7200614949661128     
 LTM d(wg2)/d(wg2)  0.89160850501478794     
 B before wg2 wg2 ==>    55.807373953792165        4.7263807531212674     
 Q value wg2 wg2 ==>   2.97741698954513687E-005  2.52160339331755398E-006
 B after wg2 wg2 ==>   54.637069477017555        4.7263832747246610     
 LTM d(wg2)/d(wg2)  0.89462819787488446     
 B before wg2 wg2 ==>    50.415731655949486        4.2697573254477534     
 Q value wg2 wg2 ==>   2.97741698954513687E-005  2.52160339331755398E-006
 B after wg2 wg2 ==>   49.358495038069819        4.2697598470511471     
 LTM d(wg2)/d(wg2)  0.91590163079469156     
 B before wg2 wg2 ==>    47.355665516094206        4.0105973492291032     
 Q value wg2 wg2 ==>   2.97741698954513687E-005  2.52160339331755398E-006
 B after wg2 wg2 ==>   46.362601391009321        4.0105998708324968     
 LTM d(wg2)/d(wg2)  0.90006870652197468     
 B before wg2 wg2 ==>    44.407958372642064        3.7609531656453030     
 Q value wg2 wg2 ==>   2.97741698954513687E-005  2.52160339331755398E-006
 B after wg2 wg2 ==>   43.476710465501164        3.7609556872486962     
 LTM d(wg2)/d(wg2)  0.88210723333380636     
 B before wg2 wg2 ==>    17.184285954002387        1.4553538830975592     
 Q value wg2 wg2 ==>   2.97741698954513687E-005  2.52160339331755398E-006
 B after wg2 wg2 ==>   16.823944309108260        1.4553564047009526     
 LTM d(wg2)/d(wg2)  0.85129614318731417     
 B before wg2 wg2 ==>    19.438018874607000        1.6180496597547858     
 Q value wg2 wg2 ==>   2.92645864363604198E-005  2.43602778820610943E-006
 B after wg2 wg2 ==>   18.704709211263975        1.6180520957825739     
 LTM d(wg2)/d(wg2)  0.78908157536141021     
 B before wg2 wg2 ==>    23.694693812248669        1.9148070067300584     
 Q value wg2 wg2 ==>   2.84103413041592994E-005  2.29588620236464349E-006
 B after wg2 wg2 ==>   22.135227471237794        1.9148093026162607     
 LTM d(wg2)/d(wg2)  0.82363769137947784     
 B before wg2 wg2 ==>    23.872720301237941        1.9662960130299334     
 Q value wg2 wg2 ==>   2.89567310871140741E-005  2.38504469404853643E-006
 B after wg2 wg2 ==>   22.730442273412606        1.9662983980746274     
 LTM d(wg2)/d(wg2)  0.88758330916918105     
 B before wg2 wg2 ==>    29.315206446125234        2.4827333326141550     
 Q value wg2 wg2 ==>   2.97741698954513687E-005  2.52160339331755398E-006
 B after wg2 wg2 ==>   28.700467878976461        2.4827358542175482     
 LTM d(wg2)/d(wg2)  0.89004983311692965     
 B before wg2 wg2 ==>    23.328548377490218        1.9757174408694049     
 Q value wg2 wg2 ==>   2.97741698954513687E-005  2.52160339331755398E-006
 B after wg2 wg2 ==>   22.839355714977508        1.9757199624727984     
 LTM d(wg2)/d(wg2)  0.88670393192830732     
 B before wg2 wg2 ==>    33.880446175240067        2.8693679233572786     
 Q value wg2 wg2 ==>   2.97741698954513687E-005  2.52160339331755398E-006
 B after wg2 wg2 ==>   33.169970195815317        2.8693704449606718     
 LTM d(wg2)/d(wg2)  0.88697564464853895     
 B before wg2 wg2 ==>    34.224775361808113        2.8985294969063338     
 Q value wg2 wg2 ==>   2.97741698954513687E-005  2.52160339331755398E-006
 B after wg2 wg2 ==>   33.507078472365677        2.8985320185097270     
 LTM d(wg2)/d(wg2)  0.75485284533320107     
 B before wg2 wg2 ==>    44.824537477759847        3.5360741449073663     
 Q value wg2 wg2 ==>   2.77337176582312260E-005  2.18783031508334000E-006
 B after wg2 wg2 ==>   40.877101377073828        3.5360763327376814     
 LTM d(wg2)/d(wg2)  0.76234140721105970     
 B before wg2 wg2 ==>    45.997940024342661        3.6286403740312840     
 Q value wg2 wg2 ==>   2.77337176582312260E-005  2.18783031508334000E-006
 B after wg2 wg2 ==>   41.947168529459738        3.6286425618615992     
 LTM d(wg2)/d(wg2)  0.75662275249115007     
 B before wg2 wg2 ==>    43.695030433994553        3.4469707011533535     
 Q value wg2 wg2 ==>   2.77337176582312260E-005  2.18783031508334000E-006
 B after wg2 wg2 ==>   39.847064081312382        3.4469728889836686     
 LTM d(wg2)/d(wg2)  0.76200901446204194     
 B before wg2 wg2 ==>    44.791664035931632        3.5334808570734304     
 Q value wg2 wg2 ==>   2.77337176582312260E-005  2.18783031508334000E-006
 B after wg2 wg2 ==>   40.847122926465644        3.5334830449037455     
 LTM d(wg2)/d(wg2)  0.74977731570307649     
 B before wg2 wg2 ==>    42.602266080315992        3.3607657786946135     
 Q value wg2 wg2 ==>   2.77337176582312260E-005  2.18783031508334000E-006
 B after wg2 wg2 ==>   38.850533740062502        3.3607679665249286     
 LTM d(wg2)/d(wg2)  0.75179377054200691     
 B before wg2 wg2 ==>    43.986413976978355        3.4699570802790221     
 Q value wg2 wg2 ==>   2.77337176582312260E-005  2.18783031508334000E-006
 B after wg2 wg2 ==>   40.112787007345581        3.4699592681093372     
 LTM d(wg2)/d(wg2)  0.79657395095918626     
 B before wg2 wg2 ==>    41.750654771395055        3.3840514682918386     
 Q value wg2 wg2 ==>   2.84954954799046985E-005  2.30966972485765470E-006
 B after wg2 wg2 ==>   39.119718108604062        3.3840537779615634     
 LTM d(wg2)/d(wg2)  0.80764755534225563     
 B before wg2 wg2 ==>    66.179233874405085        5.3640819476811838     
 Q value wg2 wg2 ==>   2.84954954799046985E-005  2.30966972485765470E-006
 B after wg2 wg2 ==>   62.008903471022705        5.3640842573509087     
 LTM d(wg2)/d(wg2)  0.84224522971221616     
 B before wg2 wg2 ==>    51.167184204143233        4.2343473329472632     
 Q value wg2 wg2 ==>   2.90936028119118281E-005  2.40764508324205215E-006
 B after wg2 wg2 ==>   48.949153616876934        4.2343497405923465     
 LTM d(wg2)/d(wg2)  0.85338424335079266     
 B before wg2 wg2 ==>    28.813004234965781        2.3844241095965240     
 Q value wg2 wg2 ==>   2.90936028119118281E-005  2.40764508324205215E-006
 B after wg2 wg2 ==>   27.564010304044192        2.3844265172416073     
 LTM d(wg2)/d(wg2)  0.83894985912990028     
 B before wg2 wg2 ==>    40.714411170314563        3.3693266696817727     
 Q value wg2 wg2 ==>   2.90936028119118281E-005  2.40764508324205215E-006
 B after wg2 wg2 ==>   38.949500323705173        3.3693290773268560     
 LTM d(wg2)/d(wg2)  0.84314047273416515     
 B before wg2 wg2 ==>    69.170604597025957        5.7242228519983671     
 Q value wg2 wg2 ==>   2.90936028119118281E-005  2.40764508324205215E-006
 B after wg2 wg2 ==>   66.172139463543147        5.7242252596434504     
 LTM d(wg2)/d(wg2)  0.85505080387711752     
 B before wg2 wg2 ==>    111.17989435066413        9.2416341442133998     
 Q value wg2 wg2 ==>   2.92230175500757331E-005  2.42911219123778632E-006
 B after wg2 wg2 ==>   106.83347290906114        9.2416365733255912     
 LTM d(wg2)/d(wg2)  0.86258152461595705     
 B before wg2 wg2 ==>    75.297900344652362        6.2852342512947814     
 Q value wg2 wg2 ==>   2.93454751906339267E-005  2.44951300028902770E-006
 B after wg2 wg2 ==>   72.657441079308327        6.2852367008077819     
 LTM d(wg2)/d(wg2)  0.91161329805989566     
 B before wg2 wg2 ==>    77.725379834087690        6.4878597848286415     
 Q value wg2 wg2 ==>   2.93454751906339301E-005  2.44951300028902855E-006
 B after wg2 wg2 ==>   74.999795626116040        6.4878622343416419     
 LTM d(wg2)/d(wg2)  0.86833673876179140     
 B before wg2 wg2 ==>    101.55852195762776        8.4772496682809368     
 Q value wg2 wg2 ==>   2.93454751906339301E-005  2.44951300028902855E-006
 B after wg2 wg2 ==>   97.997175855587784        8.4772521177939364     
 LTM d(wg2)/d(wg2)  0.87209032465286662     
 B before wg2 wg2 ==>    133.12715440245819        11.112333103550659     
 Q value wg2 wg2 ==>   2.93454751906339267E-005  2.44951300028902770E-006
 B after wg2 wg2 ==>   128.45878431220564        11.112335553063659     
 LTM d(wg2)/d(wg2)  0.85843712435096475     
 B before wg2 wg2 ==>    59.208423859373646        4.9422203262344180     
 Q value wg2 wg2 ==>   2.93454751906339301E-005  2.44951300028902855E-006
 B after wg2 wg2 ==>   57.132177708364324        4.9422227757474184     
 LTM d(wg2)/d(wg2)  0.83302763954897419     
 B before wg2 wg2 ==>    39.704394775949496        3.3141883217258994     
 Q value wg2 wg2 ==>   2.93454751906339301E-005  2.44951300028902855E-006
 B after wg2 wg2 ==>   38.312100585794951        3.3141907712388998     
 LTM d(wg2)/d(wg2)  0.83344143938747306     
 B before wg2 wg2 ==>    38.730087944270196        3.2328613970478965     
 Q value wg2 wg2 ==>   2.93454751906339267E-005  2.44951300028902770E-006
 B after wg2 wg2 ==>   37.371959980240050        3.2328638465608970     
 LTM d(wg2)/d(wg2)  0.89625502856449113     
 B before wg2 wg2 ==>    65.297708081155250        5.5301263763680835     
 Q value wg2 wg2 ==>   2.97741698954513687E-005  2.52160339331755398E-006
 B after wg2 wg2 ==>   63.928382285698589        5.5301288979714771     
 LTM d(wg2)/d(wg2)  0.90781814402266015     
 B before wg2 wg2 ==>    77.677195038196345        6.5785571614417639     
 Q value wg2 wg2 ==>   2.97741698954513687E-005  2.52160339331755398E-006
 B after wg2 wg2 ==>   76.048259645676723        6.5785596830451576     
 LTM d(wg2)/d(wg2)  0.89208200436740881     
 B before wg2 wg2 ==>    39.540414323188230        3.3487161281284128     
 Q value wg2 wg2 ==>   2.97741698954513687E-005  2.52160339331755398E-006
 B after wg2 wg2 ==>   38.711243436989314        3.3487186497318060     
 LTM d(wg2)/d(wg2)  0.89998701899996014     
 B before wg2 wg2 ==>    42.991159097537540        3.6409630576994489     
 Q value wg2 wg2 ==>   2.97741698954513687E-005  2.52160339331755398E-006
 B after wg2 wg2 ==>   42.089622816589660        3.6409655793028421     
 LTM d(wg2)/d(wg2)  0.89030345970106328     
 B before wg2 wg2 ==>    26.854387754835109        2.2743242053711343     
 Q value wg2 wg2 ==>   2.97741698954513687E-005  2.52160339331755398E-006
 B after wg2 wg2 ==>   26.291254892438701        2.2743267269745275     
 LTM d(wg2)/d(wg2)  0.88662885343727393     
 B before wg2 wg2 ==>    23.199300909012784        1.9647713471165043     
 Q value wg2 wg2 ==>   2.97741698954513687E-005  2.52160339331755398E-006
 B after wg2 wg2 ==>   22.712818688647577        1.9647738687198977     
 LTM d(wg2)/d(wg2)  0.88971616940532317     
 B before wg2 wg2 ==>    20.930751541410565        1.7726456958106704     
 Q value wg2 wg2 ==>   2.97741698954513687E-005  2.52160339331755398E-006
 B after wg2 wg2 ==>   20.491842955500839        1.7726482174140639     
 LTM d(wg2)/d(wg2)  0.89319493446010390     
 B before wg2 wg2 ==>    28.621445100268442        2.4239780097954893     
 Q value wg2 wg2 ==>   2.97741698954513687E-005  2.52160339331755398E-006
 B after wg2 wg2 ==>   28.021255367338785        2.4239805313988825     
 LTM d(wg2)/d(wg2)  0.93833929735636545     
 B before wg2 wg2 ==>    32.747436994009817        2.7734122743473422     
 Q value wg2 wg2 ==>   2.97741698954513687E-005  2.52160339331755398E-006
 B after wg2 wg2 ==>   32.060721293022169        2.7734147959507354     
 LTM d(wg2)/d(wg2)  0.92212967609259167     
 B before wg2 wg2 ==>    41.535059883241260        3.5176445996981243     
 Q value wg2 wg2 ==>   2.97741698954513687E-005  2.52160339331755398E-006
 B after wg2 wg2 ==>   40.664059385530514        3.5176471213015175     
 LTM d(wg2)/d(wg2)  0.83841691675804708     
 B before wg2 wg2 ==>    31.650200862808816        2.6068945215644463     
 Q value wg2 wg2 ==>   2.89567310871140741E-005  2.38504469404853643E-006
 B after wg2 wg2 ==>   30.135771715238924        2.6068969066091405     
 LTM d(wg2)/d(wg2)  0.85686737602095620     
 B before wg2 wg2 ==>    27.645098810796316        2.3122007076216313     
 Q value wg2 wg2 ==>   2.94042378664160257E-005  2.45933284836913531E-006
 B after wg2 wg2 ==>   26.729107170266783        2.3122031669544798     
 LTM d(wg2)/d(wg2)  0.74774543189380693     
 B before wg2 wg2 ==>    44.221060378533259        3.4884676354441595     
 Q value wg2 wg2 ==>   2.77337176582312260E-005  2.18783031508334000E-006
 B after wg2 wg2 ==>   40.326769333752381        3.4884698232744746     
 LTM d(wg2)/d(wg2)  0.74915691545808161     
 B before wg2 wg2 ==>    46.050521521836679        3.6327883716292813     
 Q value wg2 wg2 ==>   2.77337176582312260E-005  2.18783031508334000E-006
 B after wg2 wg2 ==>   41.995119450868131        3.6327905594595964     
 LTM d(wg2)/d(wg2)  0.82884227095461682     
 B before wg2 wg2 ==>    51.635474707035947        4.2529978471740311     
 Q value wg2 wg2 ==>   2.89567310871140741E-005  2.38504469404853643E-006
 B after wg2 wg2 ==>   49.164753611109383        4.2530002322187253     
 LTM d(wg2)/d(wg2)  0.89098901061493019     
 B before wg2 wg2 ==>    58.757112038724152        4.9761969391133691     
 Q value wg2 wg2 ==>   2.97741698954513687E-005  2.52160339331755398E-006
 B after wg2 wg2 ==>   57.524948753234135        4.9761994607167628     
 LTM d(wg2)/d(wg2)  0.89353278870748565     
 B before wg2 wg2 ==>    53.177118538319590        4.5036218649898210     
 Q value wg2 wg2 ==>   2.97741698954513687E-005  2.52160339331755398E-006
 B after wg2 wg2 ==>   52.061973015300737        4.5036243865932146     
 LTM d(wg2)/d(wg2)  0.88810579980621918     
 B before wg2 wg2 ==>    51.277450653762457        4.3427371450901253     
 Q value wg2 wg2 ==>   2.97741698954513687E-005  2.52160339331755398E-006
 B after wg2 wg2 ==>   50.202142970209387        4.3427396666935190     
 LTM d(wg2)/d(wg2)  0.88533094874480711     
 B before wg2 wg2 ==>    46.385546889602040        3.9284370596535094     
 Q value wg2 wg2 ==>   2.97741698954513687E-005  2.52160339331755398E-006
 B after wg2 wg2 ==>   45.412827073340360        3.9284395812569026     
 LTM d(wg2)/d(wg2)  0.75547900221271158     
 B before wg2 wg2 ==>    36.631496469628033        2.8897495622745830     
 Q value wg2 wg2 ==>   2.77337176582312260E-005  2.18783031508334000E-006
 B after wg2 wg2 ==>   33.405578423178611        2.8897517501048982     
 LTM d(wg2)/d(wg2)  0.75294500837154910     
 B before wg2 wg2 ==>    20.123930795481435        1.5875169133672300     
 Q value wg2 wg2 ==>   2.77337176582312260E-005  2.18783031508334000E-006
 B after wg2 wg2 ==>   18.351747284666772        1.5875191011975451     
 LTM d(wg2)/d(wg2)  0.82667110632484209     
 B before wg2 wg2 ==>    16.457605221060035        1.3555440319263858     
 Q value wg2 wg2 ==>   2.89567310871140741E-005  2.38504469404853643E-006
 B after wg2 wg2 ==>   15.670139186434408        1.3555464169710798     
 LTM d(wg2)/d(wg2)  0.84658876755836954     
 B before wg2 wg2 ==>    17.366560229136656        1.4456183549947135     
 Q value wg2 wg2 ==>   2.92645864363604198E-005  2.43602778820610943E-006
 B after wg2 wg2 ==>   16.711400452625966        1.4456207910225016     
 LTM d(wg2)/d(wg2)  0.88641012416005960     
 B before wg2 wg2 ==>    19.412666037486503        1.6440775586809795     
 Q value wg2 wg2 ==>   2.97741698954513687E-005  2.52160339331755398E-006
 B after wg2 wg2 ==>   19.005593146169648        1.6440800802843729     
 LTM d(wg2)/d(wg2)  0.83061283347154113     
 B before wg2 wg2 ==>    23.227508566273045        1.9131526240062779     
 Q value wg2 wg2 ==>   2.89567310871140741E-005  2.38504469404853643E-006
 B after wg2 wg2 ==>   22.116103810034645        1.9131550090509719     
 LTM d(wg2)/d(wg2)  0.78596506868877958     
 B before wg2 wg2 ==>    36.309099675997835        2.9189306069238432     
 Q value wg2 wg2 ==>   2.82625168526286871E-005  2.27205648738167606E-006
 B after wg2 wg2 ==>   33.742912759628013        2.9189328789803306     
 LTM d(wg2)/d(wg2)  0.80486741140158091     
 B before wg2 wg2 ==>    65.432833001695414        5.3035832804612859     
 Q value wg2 wg2 ==>   2.84954954799046985E-005  2.30966972485765470E-006
 B after wg2 wg2 ==>   61.309537869033292        5.3035855901310107     
 LTM d(wg2)/d(wg2)  0.82492291939619455     
 B before wg2 wg2 ==>    56.780384982408300        4.6533625858267058     
 Q value wg2 wg2 ==>   2.88118473410588964E-005  2.36123746760386208E-006
 B after wg2 wg2 ==>   53.792976391546382        4.6533649470641736     
 LTM d(wg2)/d(wg2)  0.84758880853449603     
 B before wg2 wg2 ==>    65.531789111618707        5.4230921783961685     
 Q value wg2 wg2 ==>   2.90936028119118281E-005  2.40764508324205215E-006
 B after wg2 wg2 ==>   62.691063854789668        5.4230945860412518     
 LTM d(wg2)/d(wg2)  0.83550315139656128     
 B before wg2 wg2 ==>    56.928486324883025        4.7111246785976917     
 Q value wg2 wg2 ==>   2.90936028119118281E-005  2.40764508324205215E-006
 B after wg2 wg2 ==>   54.460707683741738        4.7111270862427750     
 LTM d(wg2)/d(wg2)  0.83975557463290562     
 B before wg2 wg2 ==>    77.474053183774330        6.4113758764306876     
 Q value wg2 wg2 ==>   2.90936028119118281E-005  2.40764508324205215E-006
 B after wg2 wg2 ==>   74.115639885530953        6.4113782840757709     
 LTM d(wg2)/d(wg2)  0.85000667623643811     
 B before wg2 wg2 ==>    134.09873625412780        11.122384190885253     
 Q value wg2 wg2 ==>   2.91592098578612317E-005  2.41851596667674069E-006
 B after wg2 wg2 ==>   128.57497469108785        11.122386609401220     
 LTM d(wg2)/d(wg2)  0.88431365420383112     
 B before wg2 wg2 ==>    65.774860268440875        5.4903311080531765     
 Q value wg2 wg2 ==>   2.93454751906339267E-005  2.44951300028902770E-006
 B after wg2 wg2 ==>   63.468347486952268        5.4903335575661769     
 LTM d(wg2)/d(wg2)  0.85055063813724707     
 B before wg2 wg2 ==>    44.389416360098998        3.7052544469959252     
 Q value wg2 wg2 ==>   2.93454751906339267E-005  2.44951300028902770E-006
 B after wg2 wg2 ==>   42.832831515668850        3.7052568965089256     
 LTM d(wg2)/d(wg2)  0.86580072085197046     
 B before wg2 wg2 ==>    49.804355294449515        4.1572479222863246     
 Q value wg2 wg2 ==>   2.93454751906339301E-005  2.44951300028902855E-006
 B after wg2 wg2 ==>   48.057883627854743        4.1572503717993250     
 LTM d(wg2)/d(wg2)  0.86440835454276788     
 B before wg2 wg2 ==>    54.466474915404227        4.5464023846436410     
 Q value wg2 wg2 ==>   2.93454751906339301E-005  2.44951300028902855E-006
 B after wg2 wg2 ==>   52.556515702577201        4.5464048341566414     
 LTM d(wg2)/d(wg2)  0.82796472696960199     
 B before wg2 wg2 ==>    6.9304908682415105       0.57849898050246051     
 Q value wg2 wg2 ==>   2.93454751906339301E-005  2.44951300028902855E-006
 B after wg2 wg2 ==>   6.6874861785622048       0.57850143001546084     
 LTM d(wg2)/d(wg2)  0.81451771486838132     
 B before wg2 wg2 ==>    1.7505955470926564       0.14612496553540771     
 Q value wg2 wg2 ==>   2.93454751906339267E-005  2.44951300028902770E-006
 B after wg2 wg2 ==>   1.6892353549050592       0.14612741504840801     
 store B matrix after TL evolution ==>   3.0663012471823561     
 writing out B
 OBSERVATION FOR POINT         1224  REMOVED
 OBSERVATION FOR POINT         1263  REMOVED
 OBSERVATION FOR POINT         1302  REMOVED
 OBSERVATION FOR POINT         1303  REMOVED
 OBSERVATION FOR POINT         1341  REMOVED
 OBSERVATION FOR POINT         1342  REMOVED
 OBSERVATION FOR POINT         1343  REMOVED
 OBSERVATION FOR POINT         1344  REMOVED
 OBSERVATION FOR POINT         1345  REMOVED
 OBSERVATION FOR POINT         1346  REMOVED
 OBSERVATION FOR POINT         1347  REMOVED
 calculating jacobians           2
  and then PERFORMING ANALYSIS
 read in sim obs yf   284.00366341444089        284.00366343737244        284.00366341444089        284.00366638920934        284.00366353833107     
 read in sim obs yf   283.47494631766563        283.47494632962668        283.47494631766563        283.47495166795011        283.47494644307540     
 read in sim obs yf   281.94579879819395        281.94580156677949        281.94579758909913        281.94600815143588        281.94580444450372     
 read in sim obs yf   279.35728915497168        279.35729709660137        279.35728096209527        279.35783478899754        279.35731175274526     
 read in sim obs yf   278.68569939448344        278.68570372160036        278.68569938227557        278.68622992920785        278.68573949588273     
 read in sim obs yf   278.53935770220767        278.53936468564598        278.53935770220767        278.53981656245219        278.53939032544764     
 read in sim obs yf   277.75100625808432        277.75102003139921        277.75100625808432        277.75151123202488        277.75103978667124     
 read in sim obs yf   277.50477749657085        277.50478440087136        277.50477749657085        277.50534335028289        277.50481111570832     
 read in sim obs yf   277.58265358720166        277.58265804811367        277.58265358720166        277.58321367630157        277.58269006760059     
 read in sim obs yf   277.48615346835527        277.48616142296538        277.48615346835527        277.48675308192122        277.48619326288053     
 read in sim obs yf   277.67169479502627        277.67169918988270        277.67169479502627        277.67228391630346        277.67173168464183     
 read in sim obs yf   277.85992329298119        277.85992726696190        277.85992329298119        277.86043941693993        277.85995493750579     
 read in sim obs yf   277.68857683424301        277.68858303649841        277.68857683424301        277.68912711533136        277.68861104167541     
 read in sim obs yf   277.74504542833591        277.74505253319165        277.74504542833591        277.74559636810642        277.74507871799642     
 read in sim obs yf   278.18598104805011        278.18599261704759        278.18598104805011        278.18680342126919        278.18603412844908     
 read in sim obs yf   278.65191932174804        278.65192867642708        278.65191932174804        278.65267678383759        278.65196383504178     
 read in sim obs yf   278.83265175098956        278.83265534415460        278.83265175098956        278.83327917769964        278.83268027987157     
 read in sim obs yf   278.52284165914261        278.52284680242667        278.52284165914261        278.52366228185105        278.52288185037378     
 read in sim obs yf   278.61921547457553        278.61922362248100        278.61921547457553        278.62009095139666        278.61926378135746     
 read in sim obs yf   279.10548302698851        279.10548946319631        279.10548302698851        279.10618989232216        279.10552058642855     
 read in sim obs yf   278.87173241136503        278.87173979881601        278.87173241136503        278.87257929637758        278.87177400624819     
 read in sim obs yf   278.63035375240617        278.63035948335539        278.63035375240617        278.63125499863918        278.63039045829328     
 read in sim obs yf   278.28799978469175        278.28800403231730        278.28799978469175        278.28862036209995        278.28802176631604     
 read in sim obs yf   278.41674933931859        278.41675398389549        278.41674933931859        278.41736084266074        278.41677062797942     
 read in sim obs yf   278.54786923878066        278.54787385574133        278.54786923878066        278.54849920638043        278.54789388308745     
 read in sim obs yf   278.53956802697127        278.53957476898063        278.53956788742977        278.54019369413339        278.53959777027995     
 read in sim obs yf   278.55969444662861        278.55970341043377        278.55969417115688        278.56032054999423        278.55972684551989     
 read in sim obs yf   283.55405011860006        283.55405060833840        283.55405011860006        283.55405717749056        283.55405066428722     
 read in sim obs yf   281.45654177015956        281.45654974254097        281.45654117228781        281.45673265746922        281.45655502884750     
 read in sim obs yf   280.19842052777881        280.19842382050757        280.19842007626085        280.19864217898237        280.19843819998459     
 read in sim obs yf   278.62674750492454        278.62675262232295        278.62674750492454        278.62725738012432        278.62677759068998     
 read in sim obs yf   278.09756991479662        278.09757598106734        278.09756991479662        278.09809475908293        278.09760609889503     
 read in sim obs yf   277.63779915553380        277.63780685569867        277.63779915553380        277.63837969471450        277.63783829076129     
 read in sim obs yf   277.70027986008256        277.70028694648505        277.70027986008256        277.70081697185378        277.70031571410885     
 read in sim obs yf   277.36273953572021        277.36274579206832        277.36273953572021        277.36331513551994        277.36277618424418     
 read in sim obs yf   277.26467033778113        277.26467647119637        277.26467033778113        277.26522712989629        277.26470401072527     
 read in sim obs yf   277.41731668968833        277.41732289901512        277.41731668968833        277.41788815875123        277.41735573502109     
 read in sim obs yf   277.36015860615549        277.36016670757806        277.36015860615549        277.36073886594824        277.36019653747940     
 read in sim obs yf   277.57358689015012        277.57359149823770        277.57358689015012        277.57414766132757        277.57362173379778     
 read in sim obs yf   277.64685805933897        277.64686415918703        277.64685805933897        277.64757942658440        277.64690277021219     
 read in sim obs yf   277.85850664774387        277.85851592914560        277.85850664774387        277.85923069844853        277.85855248675148     
 read in sim obs yf   278.16387993567236        278.16389035796550        278.16387993567236        278.16486312500490        278.16395366667973     
 read in sim obs yf   278.47884431556452        278.47885185690370        278.47884431556452        278.47969404815609        278.47890237251193     
 read in sim obs yf   278.96800386392744        278.96800734378348        278.96800386392744        278.96856135458233        278.96803446012751     
 read in sim obs yf   278.75865549258504        278.75866002204771        278.75865549258504        278.75933493560984        278.75869165420443     
 read in sim obs yf   278.70744944959711        278.70745528854542        278.70744944959711        278.70824631784814        278.70749215117394     
 read in sim obs yf   279.02051289869189        279.02051822229214        279.02051289869189        279.02120217765668        279.02054575766687     
 read in sim obs yf   279.10983711025909        279.10984127502167        279.10983711025909        279.11042103696707        279.10985939015188     
 read in sim obs yf   278.51196952356497        278.51197510279121        278.51196952356497        278.51284583944266        278.51200122145030     
 read in sim obs yf   278.39726138571740        278.39726546417319        278.39726138571740        278.39787153547775        278.39728371968772     
 read in sim obs yf   278.39440140474608        278.39440588754877        278.39440140474608        278.39502766804310        278.39442800978480     
 read in sim obs yf   278.57074255628021        278.57074738382374        278.57074251057452        278.57138632198263        278.57077184192792     
 read in sim obs yf   278.79675950954055        278.79676448677543        278.79675931042874        278.79735360110243        278.79678983391125     
 read in sim obs yf   278.55967054084391        278.55967657860782        278.55967053546379        278.56031214702170        278.55970680382842     
 read in sim obs yf   283.85674013626056        283.85674056220688        283.85674012261626        283.85674348680493        283.85674030461263     
 read in sim obs yf   282.40256236792629        282.40256572664453        282.40256236792629        282.40271551584823        282.40256603303737     
 read in sim obs yf   279.42684703725570        279.42685574311867        279.42684307733276        279.42733092940375        279.42687642560793     
 read in sim obs yf   278.50517278069844        278.50518422438711        278.50517278069844        278.50561814040617        278.50520504065088     
 read in sim obs yf   277.77183315258043        277.77184697824953        277.77183315258043        277.77237324224416        277.77186983337111     
 read in sim obs yf   277.69686276318942        277.69686889125865        277.69686276318942        277.69740294484546        277.69689897325321     
 read in sim obs yf   277.51039378022000        277.51040115355340        277.51039378022000        277.51093289280834        277.51042850122565     
 read in sim obs yf   277.39268298571596        277.39268780483400        277.39268298571596        277.39326070413330        277.39272429278014     
 read in sim obs yf   277.47262407915809        277.47262915380935        277.47262407915809        277.47316667016759        277.47265998432511     
 read in sim obs yf   277.22268584702999        277.22269269927409        277.22268584702999        277.22327230936918        277.22272359022890     
 read in sim obs yf   277.00736042220933        277.00737605509084        277.00736042220933        277.00796884807488        277.00740059765718     
 read in sim obs yf   277.07519941269908        277.07521385885855        277.07519941269908        277.07578503075854        277.07523714648642     
 read in sim obs yf   277.36610548747348        277.36611405766462        277.36610548747348        277.36667376872390        277.36614274957606     
 read in sim obs yf   277.91114442820958        277.91115130261693        277.91114442820958        277.91209997038709        277.91120960635067     
 read in sim obs yf   278.68330997733955        278.68331268113712        278.68330997733955        278.68383304009620        278.68333816318875     
 read in sim obs yf   278.56315842088810        278.56317189342252        278.56315842088810        278.56396895203835        278.56322131467613     
 read in sim obs yf   278.76533460254814        278.76533896311827        278.76533460254814        278.76601427306963        278.76537741368776     
 read in sim obs yf   278.76843254008833        278.76843991618455        278.76843254008833        278.76910585105622        278.76847257797709     
 read in sim obs yf   278.69830313408130        278.69830750698259        278.69830313408130        278.69901037958249        278.69834046587459     
 read in sim obs yf   278.89056298926283        278.89056670249659        278.89056298926283        278.89118899672286        278.89059241223714     
 read in sim obs yf   279.31686724963140        279.31686872265919        279.31686724963140        279.31716752256312        279.31687547325976     
 read in sim obs yf   279.04411313695999        279.04411593322027        279.04411313695999        279.04457047913166        279.04412585440127     
 read in sim obs yf   278.34407376314914        278.34408078355801        278.34407376314914        278.34502851726751        278.34411563897089     
 read in sim obs yf   278.24810004362405        278.24810419110707        278.24810004362405        278.24871302389499        278.24812738401442     
 read in sim obs yf   278.43843996865655        278.43844422899309        278.43843996865655        278.43905772950973        278.43846957993748     
 read in sim obs yf   278.57141828519570        278.57142282784901        278.57141818670328        278.57204863832777        278.57144955611687     
 read in sim obs yf   279.15556211779267        279.15556573930064        279.15556191208367        279.15607097419615        279.15558977465116     
 read in sim obs yf   278.58295539532151        278.58296041973927        278.58295539062453        278.58358536565794        278.58299343681711     
 read in sim obs yf   282.46152183758727        282.46152804240575        282.46152173425793        282.46173618561386        282.46152556381941     
 read in sim obs yf   281.52176125232353        281.52176566085990        281.52176125232353        281.52192603722568        281.52176591113607     
 read in sim obs yf   278.62872415398482        278.62873014144816        278.62872241080379        278.62925848188706        278.62875279973838     
 read in sim obs yf   277.77829663229403        277.77831186227951        277.77829663229403        277.77885632985902        277.77833599505516     
 read in sim obs yf   277.42432484204807        277.42434414781786        277.42432484204807        277.42489746052894        277.42436461309995     
 read in sim obs yf   277.79946454263268        277.79947263999077        277.79946454263268        277.79995266870941        277.79949714816104     
 read in sim obs yf   277.31606834686039        277.31607383671212        277.31606834686039        277.31663578716945        277.31610613305412     
 read in sim obs yf   277.10502578949206        277.10503318383110        277.10502578949206        277.10559966086720        277.10506312822827     
 read in sim obs yf   277.28028032659677        277.28028906762859        277.28028032659677        277.28077108463776        277.28031247513059     
 read in sim obs yf   277.34429265803522        277.34430222160250        277.34429265803522        277.34486343100042        277.34433208818922     
 read in sim obs yf   277.80264533068691        277.80265322448207        277.80264533068691        277.80314485585711        277.80268062150742     
 read in sim obs yf   278.07943433159556        278.07945729664834        278.07943433159556        278.08029796015637        278.07948263807907     
 read in sim obs yf   278.58517619929864        278.58517806931451        278.58517619929864        278.58552485621419        278.58518698850168     
 read in sim obs yf   278.50009368617555        278.50009643945816        278.50009368617555        278.50059973235318        278.50011701820222     
 read in sim obs yf   278.79381697515049        278.79381874983898        278.79381697515049        278.79410885656881        278.79383149450945     
 read in sim obs yf   279.15964415201137        279.15964572817268        279.15964415201137        279.15985143364719        279.15965155483929     
 read in sim obs yf   279.32485271607328        279.32485328392909        279.32485271607328        279.32498240209674        279.32485525019257     
 read in sim obs yf   279.28850675990617        279.28850808593643        279.28850675990617        279.28862429737427        279.28850915052129     
 read in sim obs yf   278.91105381793153        278.91106288943342        278.91105381793153        278.91160508373758        278.91108161414053     
 read in sim obs yf   278.54804281411282        278.54805516363922        278.54804281411282        278.54890074604810        278.54809422987501     
 read in sim obs yf   278.87714719735982        278.87715127705673        278.87714719735982        278.87778560870470        278.87717315368894     
 read in sim obs yf   278.42652113856036        278.42652835843512        278.42652113856036        278.42740249246009        278.42656150561766     
 read in sim obs yf   278.20679300644986        278.20679821298410        278.20679300644986        278.20733505164230        278.20681812860823     
 read in sim obs yf   278.28098899011360        278.28099402676730        278.28098899011360        278.28159761700442        278.28101793156372     
 read in sim obs yf   278.63030939832367        278.63031353990868        278.63030939832367        278.63088977168485        278.63033690108620     
 read in sim obs yf   278.55818475247344        278.55818933059885        278.55818459204147        278.55882731368149        278.55821854012436     
 read in sim obs yf   278.88984394959817        278.88984901579960        278.88984375539752        278.89040895456139        278.88987686843103     
 read in sim obs yf   278.43269608689241        278.43270593886592        278.43269590816391        278.43333881814431        278.43273495883227     
 read in sim obs yf   282.64032536600604        282.64032807124192        282.64032536600604        282.64048165471195        282.64032792709577     
 read in sim obs yf   281.42940219377942        281.42940506145277        281.42940219377942        281.42967731225741        281.42940728562741     
 read in sim obs yf   280.27737793537801        280.27738412279876        280.27737747831026        280.27755929104325        280.27738658573742     
 read in sim obs yf   278.00482539176505        278.00483075909170        278.00482503509238        278.00542344710561        278.00485528277289     
 read in sim obs yf   277.23755983778557        277.23759058349327        277.23755983778557        277.23815807750094        277.23760453837627     
 read in sim obs yf   277.89009871982461        277.89010549076824        277.89009871982461        277.89057811211484        277.89012986829255     
 read in sim obs yf   278.31979126340150        278.31979774777085        278.31979126340150        278.32014487771431        278.31981492179199     
 read in sim obs yf   277.27157894719102        277.27158531443371        277.27157894719102        277.27214900466316        277.27161536158360     
 read in sim obs yf   277.07995267396018        277.07996220432381        277.07995267396018        277.08050838611973        277.07998766245026     
 read in sim obs yf   276.96061630062667        276.96063495141436        276.96061630062667        276.96114042077761        276.96065140807571     
 read in sim obs yf   277.29282506056455        277.29284024061155        277.29282506056455        277.29344296760769        277.29286657464900     
 read in sim obs yf   278.69354352985710        278.69354579621097        278.69354352985710        278.69375792974375        278.69354907514872     
 read in sim obs yf   278.59377369789433        278.59377501414195        278.59377369789433        278.59389907531909        278.59377601111009     
 read in sim obs yf   278.63043454350674        278.63043513470006        278.63043454350674        278.63055246737588        278.63043695205926     
 read in sim obs yf   278.75058626816144        278.75058695910241        278.75058626816144        278.75076148126624        278.75059217609231     
 read in sim obs yf   278.63557710133506        278.63558146146670        278.63557710133506        278.63616767361816        278.63562178432420     
 read in sim obs yf   279.23910170577602        279.23910239536559        279.23910170577602        279.23922202916646        279.23910442516120     
 read in sim obs yf   279.14482961685269        279.14483010632108        279.14482961685269        279.14494879825071        279.14483175587753     
 read in sim obs yf   279.16841059684219        279.16841153890670        279.16841059684219        279.16852486410426        279.16841265065977     
 read in sim obs yf   279.38716009355124        279.38716260570777        279.38716009355124        279.38737382463745        279.38717356414804     
 read in sim obs yf   278.45003798055018        278.45005555423324        278.45003798055018        278.45082100984746        278.45008754902005     
 read in sim obs yf   278.35634524899626        278.35636090320043        278.35634524899626        278.35696386067826        278.35638174303602     
 read in sim obs yf   277.97967080909615        277.97968264506454        277.97967080909615        277.98020977529529        277.97969946443811     
 read in sim obs yf   278.25850253377422        278.25850947521718        278.25850253377422        278.25901937970656        278.25852938668760     
 read in sim obs yf   278.11232514932431        278.11233518647146        278.11232514932431        278.11292871340521        278.11235768985688     
 read in sim obs yf   278.45114914011464        278.45115412350555        278.45114914011464        278.45176548518458        278.45118003940081     
 read in sim obs yf   278.32466506733493        278.32467762647690        278.32466468873747        278.32530683270630        278.32470393134264     
 read in sim obs yf   278.29341449282202        278.29343039869411        278.29341446926111        278.29406873473056        278.29345633544460     
 read in sim obs yf   278.56342002868109        278.56342826710647        278.56341906914304        278.56403412773381        278.56345549378949     
 read in sim obs yf   281.83050310028563        281.83050680363419        281.83050310028563        281.83083152192239        281.83051125839739     
 read in sim obs yf   280.77412524821716        280.77412973201484        280.77412475718347        280.77483966155870        280.77414695305782     
 read in sim obs yf   279.78183012470129        279.78183609387554        279.78182724570894        279.78245339768893        279.78185988086858     
 read in sim obs yf   277.98865946783218        277.98866593748465        277.98865946783218        277.98926379226333        277.98869418845862     
 read in sim obs yf   277.17718442958733        277.17720874661575        277.17718442958733        277.17781659167827        277.17722797373762     
 read in sim obs yf   277.57626146195003        277.57626842425975        277.57626146195003        277.57680360512290        277.57629480141429     
 read in sim obs yf   277.27665423416505        277.27667289184609        277.27665423416505        277.27723171665559        277.27669226790022     
 read in sim obs yf   277.03990353750385        277.03992325020022        277.03990353750385        277.04049110771990        277.03994082455080     
 read in sim obs yf   277.33159956761779        277.33161449106859        277.33159956761779        277.33209890719110        277.33163145354752     
 read in sim obs yf   276.70301620439130        276.70303412904906        276.70301620439130        276.70361009207608        276.70305510115679     
 read in sim obs yf   276.81488079725051        276.81489789632758        276.81488079725051        276.81546905548896        276.81492072911794     
 read in sim obs yf   278.58554850793780        278.58555530877476        278.58554849772497        278.58584970981929        278.58555971766225     
 read in sim obs yf   278.63407584056063        278.63407759598857        278.63407584056063        278.63420391921596        278.63408115447066     
 read in sim obs yf   278.72168870337987        278.72168947707019        278.72168870337987        278.72182194425869        278.72169265473525     
 read in sim obs yf   278.43525243311751        278.43525689711373        278.43525230208678        278.43593243339768        278.43530055788369     
 read in sim obs yf   277.84733130442316        277.84734582571429        277.84733127459242        277.84802561308055        277.84738211343273     
 read in sim obs yf   279.30813304790740        279.30813442816856        279.30813304790740        279.30824770040005        279.30814008173849     
 read in sim obs yf   279.07116980341607        279.07117139488383        279.07116980341607        279.07128210334747        279.07117198302734     
 read in sim obs yf   279.20148552273207        279.20148628370890        279.20148552273207        279.20159301744445        279.20148779413233     
 read in sim obs yf   279.57560957020689        279.57561053782473        279.57560957020689        279.57572352557440        279.57561450802672     
 read in sim obs yf   279.60009712175349        279.60010135257249        279.60009712175349        279.60043306685475        279.60011696611571     
 read in sim obs yf   279.69309885315113        279.69309981897879        279.69309885315113        279.69323802000201        279.69310321042650     
 read in sim obs yf   279.39051738894688        279.39052309628579        279.39051738894688        279.39109851510665        279.39055346882373     
 read in sim obs yf   278.57148624605480        278.57149175706371        278.57148624605480        278.57209405020120        278.57151869767409     
 read in sim obs yf   278.38347841307308        278.38348834522532        278.38347841307308        278.38407046531563        278.38351278852912     
 read in sim obs yf   278.21322192908099        278.21324012589957        278.21322192908099        278.21385327066599        278.21326384143748     
 read in sim obs yf   278.46160774810488        278.46161517768417        278.46160756815800        278.46224576784670        278.46164576876521     
 read in sim obs yf   278.51571794186953        278.51572511419761        278.51571794186953        278.51635347502537        278.51576117851982     
 read in sim obs yf   278.73547084828061        278.73547751998615        278.73546983416355        278.73607846825570        278.73549959091213     
 read in sim obs yf   283.34725069286429        283.34725085338471        283.34725069286429        283.34726100962502        283.34725125077875     
 read in sim obs yf   282.72045544760903        282.72045572290432        282.72045544760903        282.72047878697759        282.72045651723107     
 read in sim obs yf   281.90808033087507        281.90808025330170        281.90808019251148        281.90816823235411        281.90808208065044     
 read in sim obs yf   281.06337303499680        281.06337299262441        281.06337222725807        281.06346002763638        281.06337532171995     
 read in sim obs yf   280.17387704086246        280.17387631474298        280.17387318666516        280.17399216495727        280.17388147191542     
 read in sim obs yf   279.34487057815278        279.34487210138093        279.34487057815278        279.34502997702754        279.34487871659337     
 read in sim obs yf   277.38055108109569        277.38057612949393        277.38055108109569        277.38118789382776        277.38059316402610     
 read in sim obs yf   277.49273650131460        277.49275085547413        277.49273650131460        277.49326492724202        277.49276786536768     
 read in sim obs yf   277.03465520902415        277.03468270974730        277.03465520902415        277.03524757865694        277.03469494303801     
 read in sim obs yf   276.44492385472876        276.44497416447723        276.44492385472876        276.44557264844173        276.44497999119596     
 read in sim obs yf   276.81255406749312        276.81258279506977        276.81255406749312        276.81314301421799        276.81259598180355     
 read in sim obs yf   276.61663771344530        276.61666899657382        276.61663771344530        276.61722303398034        276.61668115714309     
 read in sim obs yf   276.18430096452317        276.18433952599150        276.18430048240651        276.18493397369622        276.18435248575565     
 read in sim obs yf   278.57813785983274        278.57814331482490        278.57813774598822        278.57843278124960        278.57815171589675     
 read in sim obs yf   278.84787470769101        278.84787575083936        278.84787469748227        278.84798761991124        278.84787802125220     
 read in sim obs yf   278.86502344312544        278.86502442524363        278.86502344312544        278.86514442567625        278.86502768272811     
 read in sim obs yf   277.35359601444128        277.35360983761115        277.35359561536359        277.35416015384311        277.35363422697270     
 read in sim obs yf   278.43404257566806        278.43405898008081        278.43404197198169        278.43440036377609        278.43407310643346     
 read in sim obs yf   279.47746259469329        279.47746536388587        279.47746240150877        279.47758675804579        279.47747241111915     
 read in sim obs yf   279.26663387078810        279.26663551225886        279.26663385793472        279.26675331371240        279.26664087343261     
 read in sim obs yf   279.38414522174253        279.38414623380851        279.38414522174253        279.38425823892845        279.38415062012905     
 read in sim obs yf   279.57845957619617        279.57846042234740        279.57845957619617        279.57856075858120        279.57846368903915     
 read in sim obs yf   279.61242588136633        279.61242759015391        279.61242588136633        279.61253589140682        279.61242848032066     
 read in sim obs yf   279.73320226880423        279.73320257922012        279.73320226880423        279.73328980556403        279.73320407537619     
 read in sim obs yf   279.64143133614226        279.64143188449668        279.64143133614226        279.64154788802983        279.64143442006383     
 read in sim obs yf   279.65997066271603        279.65997120488652        279.65997066271603        279.66009539034417        279.65997464098700     
 read in sim obs yf   279.34843690091412        279.34844057821994        279.34843690091412        279.34910717764291        279.34847381247664     
 read in sim obs yf   278.85426463775309        278.85427109029757        278.85426463775309        278.85486851480101        278.85429933444254     
 read in sim obs yf   278.46956255317286        278.46956831638022        278.46956255317286        278.47017010598915        278.46959833705597     
 read in sim obs yf   278.57998758040111        278.57999601929072        278.57998758040111        278.58055720425313        278.58002470044113     
 read in sim obs yf   279.01150755270521        279.01151433334223        279.01150696335588        279.01205951986691        279.01152743249258     
 read in sim obs yf   282.98528466857937        282.98528590385610        282.98528466857937        282.98536096420702        282.98528775022521     
 read in sim obs yf   282.30314589042518        282.30314101154374        282.30313046346424        282.30325693768867        282.30314902725706     
 read in sim obs yf   281.72567597565211        281.72567328620323        281.72567013944831        281.72576840503524        281.72567869265356     
 read in sim obs yf   281.10971183265332        281.10970979106304        281.10970695938187        281.10980619337965        281.10971541198217     
 read in sim obs yf   280.58416911071004        280.58416968523767        280.58416911071004        280.58430622829627        280.58417554167187     
 read in sim obs yf   280.13764696045774        280.13764768231266        280.13764696045774        280.13777419519437        280.13765323585119     
 read in sim obs yf   279.52996329863771        279.52996772308239        279.52996329863771        279.53009924428386        279.52997636239598     
 read in sim obs yf   277.15209868246586        277.15212382750855        277.15209868246586        277.15270993859855        277.15213699397276     
 read in sim obs yf   276.68776013829262        276.68779536427519        276.68776013829262        276.68836279216748        276.68780253802277     
 read in sim obs yf   276.04182439443065        276.04188880495707        276.04182439443065        276.04251224840544        276.04189104734127     
 read in sim obs yf   276.86852077938369        276.86855968731209        276.86851975926561        276.86933821734641        276.86858998056999     
 read in sim obs yf   276.57090926985205        276.57093755119706        276.57090780222705        276.57148832665240        276.57095314584149     
 read in sim obs yf   275.97769431237168        275.97774542933882        275.97769373051938        275.97835620220644        275.97775996119907     
 read in sim obs yf   276.54691443184043        276.54696675044681        276.54691441179449        276.54772972608362        276.54699566955622     
 read in sim obs yf   278.96600870265331        278.96601001131955        278.96600868053315        278.96613318496350        278.96601453885853     
 read in sim obs yf   278.91895662598887        278.91895748906580        278.91895662598887        278.91907296382260        278.91896084029611     
 read in sim obs yf   278.19141853736903        278.19143872290101        278.19141664075204        278.19188486990146        278.19145029722091     
 read in sim obs yf   280.12938512056223        280.12938947579613        280.12938488059854        280.12951505737749        280.12939032190661     
 read in sim obs yf   279.49966065391931        279.49965860458622        279.49964847712084        279.49976993338817        279.49966949434656     
 read in sim obs yf   279.39067663412288        279.39067752374552        279.39067663412288        279.39078598950289        279.39068028930745     
 read in sim obs yf   279.53297586223772        279.53297773249875        279.53297586223772        279.53302463502268        279.53291101282133     
 read in sim obs yf   279.47447554497296        279.47447696508038        279.47447554497296        279.47459492094401        279.47448195249564     
 read in sim obs yf   279.44018305343724        279.44018365664823        279.44018305343724        279.44029600486851        279.44018521688633     
 read in sim obs yf   279.53182384318467        279.53182445449045        279.53182384318467        279.53194788307133        279.53182670930141     
 read in sim obs yf   279.72192143845569        279.72192227815071        279.72192143845569        279.72205246756818        279.72192559965964     
 read in sim obs yf   279.72682647013755        279.72682749134583        279.72682647013755        279.72696358002560        279.72683166719730     
 read in sim obs yf   279.14932504011773        279.14933365976367        279.14932504011773        279.15013455346781        279.14938022084459     
 read in sim obs yf   278.29289182545142        278.29290180115248        278.29289182545142        278.29350229561447        278.29292859276450     
 read in sim obs yf   278.08924880858558        278.08925858715241        278.08924880858558        278.08990999075945        278.08929046414636     
 read in sim obs yf   278.56848146168466        278.56848808338611        278.56848146168466        278.56890707954113        278.56834700999860     
 read in sim obs yf   279.17362231729203        279.17363103305149        279.17362092543186        279.17439575950260        279.17364205945938     
 read in sim obs yf   282.69074754810333        282.69074339574115        282.69072191582279        282.69082837050183        282.69075121048797     
 read in sim obs yf   281.92057221266106        281.92057272487170        281.92057221266106        281.92071741645657        281.92057728039771     
 read in sim obs yf   281.45541289521503        281.45541343547887        281.45541289521503        281.45553383067050        281.45541750426054     
 read in sim obs yf   281.00114093405347        281.00114139944287        281.00114093405347        281.00127071160614        281.00114618042983     
 read in sim obs yf   280.76457437202748        280.76457488629842        280.76457437202748        280.76472668288903        280.76458223761597     
 read in sim obs yf   280.68407687032743        280.68407756247041        280.68407687032743        280.68421858115164        280.68408501564323     
 read in sim obs yf   280.26172450034045        280.26172582864928        280.26172450034045        280.26184669322396        280.26173542437704     
 read in sim obs yf   279.17809155895981        279.17809575045368        279.17809155895981        279.17824827220494        279.17810506827789     
 read in sim obs yf   276.21707154893846        276.21713369887516        276.21707154893846        276.21778574177216        276.21714078677644     
 read in sim obs yf   276.34210821064528        276.34219393258553        276.34210536559044        276.34311139277025        276.34221077783332     
 read in sim obs yf   276.15216944714774        276.15222571931059        276.15216742335792        276.15281660922744        276.15223509934890     
 read in sim obs yf   277.21247744686025        277.21250389941218        277.21247465839946        277.21334357477559        277.21254837600247     
 read in sim obs yf   276.31575970019827        276.31583791910333        276.31575970019827        276.31675768238631        276.31587318259312     
 read in sim obs yf   276.57293596350877        276.57301082367053        276.57293596350877        276.57394328816139        276.57305005120912     
 read in sim obs yf   278.97488976757364        278.97489307307939        278.97488976757364        278.97505610066673        278.97490152477752     
 read in sim obs yf   279.06441006774872        279.06441099042695        279.06441006774872        279.06453431902406        279.06441447498833     
 read in sim obs yf   279.61984488243718        279.61984797451470        279.61984471841521        279.62007852944902        279.61985205798794     
 read in sim obs yf   280.47467784586780        280.47468006589401        280.47467780942651        280.47476128830021        280.47467992684477     
 read in sim obs yf   279.46380516139112        279.46380581256489        279.46379993032349        279.46398505341659        279.46381327536085     
 read in sim obs yf   279.52475863360451        279.52476021791756        279.52475863360451        279.52487908861042        279.52476840840797     
 read in sim obs yf   279.62740100895934        279.62740350443892        279.62740100895934        279.62752129007424        279.62741185893219     
 read in sim obs yf   279.54324680691394        279.54324765575859        279.54324680691394        279.54334739497756        279.54324935644871     
 read in sim obs yf   279.56811038879016        279.56811125468096        279.56811038879016        279.56820080917942        279.56811387957077     
 read in sim obs yf   279.54133760623688        279.54133809341198        279.54133760623688        279.54146020172635        279.54134078363739     
 read in sim obs yf   279.75951771152802        279.75951831383793        279.75951771152802        279.75964914522382        279.75952215023807     
 read in sim obs yf   279.79243672657043        279.79243747726861        279.79243672657043        279.79257980813117        279.79244249459606     
 read in sim obs yf   279.44843074025312        279.44843512904123        279.44843074025312        279.44885008245132        279.44845705608003     
 read in sim obs yf   278.17297869850285        278.17298744010844        278.17297869850285        278.17361687656938        278.17301615165047     
 read in sim obs yf   278.06851675083362        278.06852643960951        278.06851675083362        278.06915044043058        278.06855714921119     
 read in sim obs yf   278.60798006598816        278.60798787373994        278.60798006598816        278.60855828036222        278.60800846746895     
 read in sim obs yf   279.55389586927151        279.55390715338160        279.55389469893635        279.55449656174585        279.55391087724513     
 read in sim obs yf   283.23861327046006        283.23861197860765        283.23860742292288        283.23863088441408        283.23861404578440     
 read in sim obs yf   282.26545414274136        282.26545002491201        282.26544783203866        282.26558080726659        282.26545905800765     
 read in sim obs yf   281.60705832552668        281.60705875307661        281.60705832552668        281.60719219849420        281.60706366672338     
 read in sim obs yf   281.27549499276529        281.27549540094043        281.27549499276529        281.27562486969009        281.27550063496142     
 read in sim obs yf   281.00125218267038        281.00125259561702        281.00125218267038        281.00138791427202        281.00125872157969     
 read in sim obs yf   280.85094409326990        280.85094472213194        280.85094409326990        280.85109306015977        280.85095238796436     
 read in sim obs yf   280.86721601821296        280.86721701858102        280.86721601821296        280.86736254459998        280.86722752124427     
 read in sim obs yf   280.93331868931881        280.93331879541438        280.93331868931881        280.93333803181542        280.93331949631192     
 read in sim obs yf   279.98736398749992        279.98736593248617        279.98736398749992        279.98744270000265        279.98737195882194     
 read in sim obs yf   278.38846492335659        278.38848892530405        278.38846492335659        278.38896262223074        278.38851779613634     
 read in sim obs yf   276.24667096412827        276.24675966259969        276.24666676958265        276.24765278596641        276.24676398085006     
 read in sim obs yf   276.29403653773613        276.29412723711982        276.29403380210437        276.29503439036341        276.29414940203208     
 read in sim obs yf   276.67573365256726        276.67578288550408        276.67573023781762        276.67675234028513        276.67583660940403     
 read in sim obs yf   276.07575904286932        276.07584790347761        276.07575904286932        276.07681376402684        276.07588389960279     
 read in sim obs yf   276.56401366269199        276.56408284432763        276.56401366269199        276.56503834926565        276.56411866562468     
 read in sim obs yf   278.95355728917446        278.95356891056309        278.95355728917446        278.95407899257719        278.95361275882073     
 read in sim obs yf   279.36114889799359        279.36115050238601        279.36114888026896        279.36130919590602        279.36115783492141     
 read in sim obs yf   280.21266079314518        280.21266302054340        280.21266056967841        280.21281129822285        280.21266485198419     
 read in sim obs yf   281.01186065428607        281.01186076686571        281.01186063781404        281.01189418552281        281.01186131921457     
 read in sim obs yf   278.99699184328114        278.99699597569401        278.99699144555518        278.99727954320946        278.99700042761594     
 read in sim obs yf   279.70963332818445        279.70963532117133        279.70963332818445        279.70974167746914        279.70964263003395     
 read in sim obs yf   279.69703169964583        279.69703432969629        279.69703169964583        279.69716043934994        279.69704363370886     
 read in sim obs yf   279.62856783454339        279.62856951005898        279.62856783454339        279.62868804131540        279.62857702573666     
 read in sim obs yf   279.70527784925451        279.70527864031379        279.70527784925451        279.70539068163765        279.70528123627821     
 read in sim obs yf   279.64758521335904        279.64758569344980        279.64758521335904        279.64770626709549        279.64758889562211     
 read in sim obs yf   279.76269408407120        279.76269465159277        279.76269408407120        279.76281327022997        279.76269824751336     
 read in sim obs yf   279.77498284496801        279.77498433539961        279.77498284496801        279.77510468313073        279.77499130214045     
 read in sim obs yf   279.39447444168746        279.39447778481673        279.39447444168746        279.39472712617732        279.39449068031951     
 read in sim obs yf   278.29037142912796        278.29038140576790        278.29037136529547        278.29089180814680        278.29040486014071     
 read in sim obs yf   278.16124957531110        278.16125882153750        278.16124931721191        278.16183184571287        278.16128658492789     
 read in sim obs yf   278.62300516477563        278.62301637791614        278.62300516477563        278.62361667327713        278.62303364953516     
 read in sim obs yf   281.01068614071056        281.01068663352783        281.01068606472444        281.01075321333639        281.01068764448223     
 read in sim obs yf   280.85039917369244        280.85041082955848        280.85039917369244        280.85063560615242        280.85041765272291     
 read in sim obs yf   283.14650890680628        283.14650889416248        283.14650890680628        283.14650994592006        283.14650893928888     
 read in sim obs yf   282.51185024555036        282.51185058047054        282.51185024555036        282.51194760397971        282.51185342732720     
 read in sim obs yf   281.83957335947480        281.83957376703040        281.83957335947480        281.83970445842988        281.83957878390891     
 read in sim obs yf   281.35440796687681        281.35440831800520        281.35440796687681        281.35453318243310        281.35441308375675     
 read in sim obs yf   281.09431678678857        281.09431713864922        281.09431678678857        281.09445920255399        281.09432328762858     
 read in sim obs yf   280.87400059291673        280.87400109649940        280.87400059291673        280.87414856101276        280.87400756718597     
 read in sim obs yf   280.70923958084126        280.70924016950255        280.70923958084126        280.70938437280967        280.70924552511224     
 read in sim obs yf   280.78714568848096        280.78714720110639        280.78714568848096        280.78724481961052        280.78715402079888     
 read in sim obs yf   280.99071946980717        280.99072067716043        280.99071946980717        280.99077402917891        280.99072486938513     
 read in sim obs yf   280.81301489510702        280.81301502966028        280.81301489510702        280.81302049359749        280.81301544861861     
 read in sim obs yf   279.42272903521319        279.42273264927763        279.42272650234753        279.42286984848676        279.42275597107363     
 read in sim obs yf   276.95854643431454        276.95862307924932        276.95854243328120        276.95954435218499        276.95865178408479     
 read in sim obs yf   276.23400519892510        276.23410003087730        276.23400156022240        276.23502051041839        276.23411290862487     
 read in sim obs yf   276.43991685272022        276.43998380375029        276.43991685272022        276.44083808644808        276.44001702036081     
 read in sim obs yf   276.80251640460904        276.80256893148123        276.80251640460904        276.80340175561525        276.80260186268634     
 read in sim obs yf   276.66330624548590        276.66336949597149        276.66330624548590        276.66437332151571        276.66342817460810     
 read in sim obs yf   278.66577118512242        278.66579172713040        278.66577118512242        278.66662142025081        278.66586692228537     
 read in sim obs yf   278.95619680729072        278.95621387810695        278.95619680729072        278.95702738251862        278.95627529625148     
 read in sim obs yf   280.60904712130110        280.60905656703187        280.60904606438947        280.60922521549276        280.60906080069054     
 read in sim obs yf   278.34461023651909        278.34462251212460        278.34460791420685        278.34520538696995        278.34463727740183     
 read in sim obs yf   279.79719726522347        279.79719816499914        279.79719726522347        279.79732911232770        279.79720266911170     
 read in sim obs yf   280.09215111896481        280.09215223359371        280.09215111896481        280.09218750636961        280.09216006624507     
 read in sim obs yf   280.18110785946971        280.18110809156400        280.18110785946971        280.18116673507882        280.18110988339794     
 read in sim obs yf   280.04135342549250        280.04135381583234        280.04135342549250        280.04142727850638        280.04135588051122     
 read in sim obs yf   279.86757080798822        279.86757141330668        279.86757080798822        279.86769548377083        279.86757533464356     
 read in sim obs yf   279.85256613271849        279.85256672926897        279.85256613271849        279.85269105472997        279.85257127237560     
 read in sim obs yf   279.66620043553945        279.66620162093079        279.66620043553945        279.66633212978479        279.66620854663853     
 read in sim obs yf   279.33155090235232        279.33155184696545        279.33155090235232        279.33173056312455        279.33155888450233     
 read in sim obs yf   277.40518314457171        277.40520328210732        277.40518203049436        277.40582709641200        277.40522958416989     
 read in sim obs yf   278.23915691705815        278.23916723575576        278.23915624644235        278.23969805817444        278.23918955716454     
 read in sim obs yf   279.00014313098842        279.00015922887764        279.00014205078213        279.00082923514435        279.00016883645452     
 read in sim obs yf   281.26438444305990        281.26438515080980        281.26438444305990        281.26443093887593        281.26438572589126     
 read in sim obs yf   279.32011735651326        279.32013537578462        279.32011634456376        279.32070109161162        279.32015980712947     
 read in sim obs yf   281.61488768986550        281.61489778732101        281.61488768986550        281.61506294392092        281.61489865048526     
 read in sim obs yf   282.86587217934886        282.86587218220563        282.86587217934886        282.86587672725705        282.86587287693760     
 read in sim obs yf   282.41204865950311        282.41204789961438        282.41204592279831        282.41206390172306        282.41204977578121     
 read in sim obs yf   282.03555293952815        282.03555321805624        282.03555293952815        282.03568487007612        282.03555836777292     
 read in sim obs yf   281.70120766870036        281.70120790510271        281.70120766870036        281.70133153333114        281.70121307875712     
 read in sim obs yf   281.23879797995937        281.23879824726038        281.23879797995937        281.23892182468853        281.23880309194476     
 read in sim obs yf   280.98833496247107        280.98833524509632        280.98833496247107        280.98847361200478        280.98834140810658     
 read in sim obs yf   280.80579532717360        280.80579571479046        280.80579532717360        280.80594647699104        280.80580200532717     
 read in sim obs yf   280.64983093260554        280.64982945701314        280.64982489845551        280.64997359296945        280.64983553863971     
 read in sim obs yf   280.90724458221393        280.90723958344307        280.90722174613643        280.90739437402993        280.90725517338348     
 read in sim obs yf   281.18155483446378        281.18155156279744        281.18154087791237        281.18162657786127        281.18156158268266     
 read in sim obs yf   280.38292403128702        280.38292308765256        280.38291288315520        280.38298461659332        280.38292903134902     
 read in sim obs yf   279.21279149454728        279.21280567451953        279.21278942390910        279.21321136668905        279.21283324442516     
 read in sim obs yf   277.54642221958221        277.54647474754950        277.54642132424448        277.54711617914523        277.54648196346665     
 read in sim obs yf   276.28886845101675        276.28895611498052        276.28886845101675        276.28989957004188        276.28899158399332     
 read in sim obs yf   276.69151236027062        276.69156771040053        276.69151236027062        276.69243670103219        276.69159934718800     
 read in sim obs yf   277.44247196030739        277.44249706631348        277.44247196030739        277.44322036226822        277.44253915691274     
 read in sim obs yf   277.45848308297604        277.45852361595399        277.45848308297604        277.45935981748943        277.45858509123661     
 read in sim obs yf   278.26606306631271        278.26609593393601        278.26606306631271        278.26702366428458        278.26616316824970     
 read in sim obs yf   280.86612086422178        280.86612467831787        280.86612053994031        280.86623319327350        280.86613004350687     
 read in sim obs yf   281.10914335311861        281.10914350306012        281.10914335311861        281.10916052254288        281.10914382314780     
 read in sim obs yf   277.80613424869432        277.80616052643444        277.80612990224768        277.80694522765464        277.80618314783612     
 read in sim obs yf   279.64807785200531        279.64807920324841        279.64807785200531        279.64842310615677        279.64809520582173     
 read in sim obs yf   280.13336369048346        280.13336436864228        280.13336369048346        280.13348017578744        280.13336902080795     
 read in sim obs yf   280.16525057308229        280.16525101165456        280.16525057308229        280.16536611659825        280.16525547023821     
 read in sim obs yf   280.07691342310534        280.07691391145983        280.07691342310534        280.07703753306794        280.07691805735249     
 read in sim obs yf   280.08855266625091        280.08855356196977        280.08855266625091        280.08867887960236        280.08855901256368     
 read in sim obs yf   280.01617097994341        280.01617159414656        280.01617097994341        280.01627048390145        280.01617630987488     
 read in sim obs yf   279.59483020547020        279.59483109775601        279.59483020547020        279.59495186307026        279.59483677719737     
 read in sim obs yf   278.93601301053326        278.93601950795181        278.93601301053326        278.93669049895738        278.93606528762183     
 read in sim obs yf   277.18066305723119        277.18068945851820        277.18066139680110        277.18128522778039        277.18070953647782     
 read in sim obs yf   278.68849703889708        278.68850983001590        278.68849535690458        278.68900142031464        278.68852286351290     
 read in sim obs yf   280.48298212251393        280.48298534733919        280.48298189740797        280.48313681933877        280.48298611344961     
 read in sim obs yf   281.77415326903264        281.77415327667603        281.77415326903264        281.77415510861107        281.77415330233947     
 read in sim obs yf   278.32747918713397        278.32749261577624        278.32747695442794        278.32824527383451        278.32752631991474     
 read in sim obs yf   280.61931780469592        280.61932935472885        280.61931780469592        280.61961902626575        280.61933246669963     
 read in sim obs yf   282.39371511046011        282.39371677351659        282.39371511046011        282.39378259076659        282.39371793237649     
 read in sim obs yf   282.52269669207976        282.52269823030196        282.52269669207976        282.52272494510356        282.52269943588863     
 read in sim obs yf   282.10093876363635        282.10093880515882        282.10093876363635        282.10094523318890        282.10093921291525     
 read in sim obs yf   281.53761103261354        281.53761035016294        281.53760789702892        281.53769568155013        281.53761377688085     
 read in sim obs yf   281.63048654214043        281.63048684415327        281.63048654214043        281.63063337226953        281.63049193338668     
 read in sim obs yf   281.50540225191651        281.50540249069053        281.50540225191651        281.50555210493934        281.50540794562124     
 read in sim obs yf   281.03987128785832        281.03987153570540        281.03987128785832        281.04000227983175        281.03987637394215     
 read in sim obs yf   280.91237982644822        280.91238022063317        280.91237982644822        280.91254860982434        280.91238823400477     
 read in sim obs yf   280.87157580737420        280.87157561016369        280.87157407219911        280.87174264439523        280.87158377241758     
 read in sim obs yf   280.85376857595628        280.85376415500150        280.85375584622454        280.85391631312655        280.85377362556466     
 read in sim obs yf   281.31028716337715        281.31028805718677        281.31028716337715        281.31039831977665        281.31029586044059     
 read in sim obs yf   280.94676750467534        280.94676770508244        280.94676750467534        280.94678959976920        280.94676908508211     
 read in sim obs yf   280.10814805600131        280.10815121367972        280.10814759856981        280.10833927927524        280.10816311120118     
 read in sim obs yf   278.69586687611843        278.69589313579053        278.69586506586910        278.69639740797629        278.69592079898092     
 read in sim obs yf   276.13803758403162        276.13809693140109        276.13803544667985        276.13871939315891        276.13811619745155     
 read in sim obs yf   276.92492102531963        276.92496544949358        276.92491817624403        276.92581575001361        276.92501392944553     
 read in sim obs yf   276.44221185009798        276.44227935728719        276.44221185009798        276.44327399160198        276.44235159575334     
 read in sim obs yf   277.42093794869800        277.42097992685086        277.42093794869800        277.42194905282014        277.42106075959470     
 read in sim obs yf   278.26575329838079        278.26577344446906        278.26575329838079        278.26662699414692        278.26582747283658     
 read in sim obs yf   280.81799780941299        280.81799975436849        280.81799780941299        280.81811944460776        280.81800732959817     
 read in sim obs yf   280.84690558947204        280.84690626248539        280.84690558947204        280.84698081915309        280.84690836648281     
 read in sim obs yf   277.46543674941256        277.46548013103995        277.46543393286566        277.46597717433207        277.46549277501828     
 read in sim obs yf   277.88068460137947        277.88071759521711        277.88068460137947        277.88156888728315        277.88075739313132     
 read in sim obs yf   279.55552070550914        279.55552913872049        279.55552070550914        279.55604244865543        279.55555986413060     
 read in sim obs yf   280.16877513007188        280.16877610914059        280.16877513007188        280.16890455348533        280.16878304634702     
 read in sim obs yf   280.28728986359619        280.28728587409756        280.28727688407508        280.28741629254790        280.28729555710993     
 read in sim obs yf   280.25472532790133        280.25472535279283        280.25472267599793        280.25484257713828        280.25473297921519     
 read in sim obs yf   279.77772428031631        279.77772569012279        279.77772428031631        279.77786444615799        279.77773454065402     
 read in sim obs yf   279.42480285775684        279.42480338190808        279.42480285775684        279.42493648796960        279.42480811022267     
 read in sim obs yf   278.05181398940164        278.05181944947998        278.05181383236413        278.05244775524676        278.05186332245705     
 read in sim obs yf   277.47089139358377        277.47091362818270        277.47088976019137        277.47148202029240        277.47093285249042     
 read in sim obs yf   278.71191139657196        278.71194096374421        278.71191139657196        278.71230895809282        278.71193836691532     
 read in sim obs yf   280.56063437387780        280.56064587652060        280.56063437387780        280.56086167596482        280.56064150168481     
 read in sim obs yf   282.03206741776063        282.03206751131376        282.03206741776063        282.03207129557325        282.03206749457843     
 read in sim obs yf   277.86313445125450        277.86315580035944        277.86313235548744        277.86392592081501        277.86317133241681     
 read in sim obs yf   278.87003455661056        278.87006547854162        278.87003455661056        278.87055435799488        278.87005885667787     
 read in sim obs yf   282.14405372214208        282.14405399577242        282.14405372214208        282.14409092212418        282.14405492806884     
 read in sim obs yf   282.04215821411560        282.04215857129429        282.04215815450351        282.04216143350794        282.04215843066316     
 read in sim obs yf   281.48221295113666        281.48221496854870        281.48221289407849        281.48228732564468        281.48221667131361     
 read in sim obs yf   281.40815512507686        281.40815508998770        281.40815512010835        281.40816437458136        281.40815541311127     
 read in sim obs yf   281.04842571423069        281.04842596874192        281.04842571423069        281.04852087272843        281.04842875309095     
 read in sim obs yf   281.38848926597029        281.38848951981231        281.38848926597029        281.38860798225437        281.38849383819274     
 read in sim obs yf   281.33348723772235        281.33348742860602        281.33348723772235        281.33363270559823        281.33349341169941     
 read in sim obs yf   280.95331229781419        280.95331254107788        280.95331229781419        280.95346899343696        280.95331915212552     
 read in sim obs yf   280.96115810866172        280.96115831052458        280.96115722638547        280.96136914809142        280.96117110241676     
 read in sim obs yf   280.98307332167411        280.98307198740639        280.98306801348895        280.98330099340387        280.98308768534770     
 read in sim obs yf   281.02692551155775        281.02692186170503        281.02691782284893        281.02710286755979        281.02693720183368     
 read in sim obs yf   281.50307888678537        281.50307926692085        281.50307888678537        281.50320362129582        281.50308768666065     
 read in sim obs yf   281.30417165323695        281.30417167316040        281.30417165323695        281.30417335954633        281.30417182051872     
 read in sim obs yf   280.73642210153258        280.73642225802143        280.73642210153258        280.73644638464111        280.73642421299911     
 read in sim obs yf   279.95729457107007        279.95729594899547        279.95729457107007        279.95735745624285        279.95730049605856     
 read in sim obs yf   277.56072829868350        277.56076084544299        277.56072829868350        277.56150104897836        277.56079421649326     
 read in sim obs yf   276.51746811698837        276.51753150129406        276.51746362702193        276.51844693429149        276.51756963875420     
 read in sim obs yf   276.39786159143785        276.39794458788663        276.39786159143785        276.39883870668177        276.39799222139970     
 read in sim obs yf   276.91361315833990        276.91364029818089        276.91361315833990        276.91419163774066        276.91366330804817     
 read in sim obs yf   278.17908831331533        278.17910913347066        278.17908505215644        278.17994618841033        278.17915886723563     
 read in sim obs yf   280.70744161080694        280.70744341751646        280.70744161080694        280.70759165552857        280.70745231432232     
 read in sim obs yf   280.91912378944534        280.91912394877579        280.91912378944534        280.91914300515185        280.91912484017541     
 read in sim obs yf   277.43117508448711        277.43122323763123        277.43117288204996        277.43182364471187        277.43123781031704     
 read in sim obs yf   276.50284004981921        276.50291639338792        276.50284004981921        276.50369834568500        276.50294487954341     
 read in sim obs yf   277.28316684095080        277.28322137864490        277.28316684095080        277.28388343153347        277.28325388236595     
 read in sim obs yf   279.90543924006261        279.90544683556277        279.90543924006261        279.90588543090450        279.90547719088346     
 read in sim obs yf   280.29634853210734        280.29635000642918        280.29634236210154        280.29663495954981        280.29637723452157     
 read in sim obs yf   280.26926047110078        280.26926139353105        280.26926047110078        280.26938539425777        280.26926870683576     
 read in sim obs yf   279.72703850483288        279.72703937186935        279.72703850483288        279.72719681516520        279.72704599777080     
 read in sim obs yf   279.32384361070331        279.32384467685102        279.32384361070331        279.32403642508297        279.32385553290641     
 read in sim obs yf   277.57617438384233        277.57618760241371        277.57617438384233        277.57675530330005        277.57621726156418     
 read in sim obs yf   278.19557233138841        278.19558925585056        278.19557158678288        278.19604075862173        278.19560182966700     
 read in sim obs yf   277.95485818280468        277.95490581070175        277.95485818280468        277.95544945537011        277.95489665814199     
 read in sim obs yf   281.15793240265828        281.15793468745471        281.15793240265828        281.15800819565760        281.15793389327087     
 read in sim obs yf   277.87398906945162        277.87401050166687        277.87398906945162        277.87469996082592        277.87401620293599     
 read in sim obs yf   278.25183067832029        278.25187156925188        278.25183067832029        278.25243934280655        278.25185687613066     
 read in sim obs yf   281.50074514722365        281.50074718350953        281.50075426708133        281.50077852215099        281.50075604081889     
 read in sim obs yf   280.78691151065726        280.78691761696172        280.78691151065726        280.78722802205056        280.78692172339856     
 read in sim obs yf   280.73871382419219        280.73871484024954        280.73871382419219        280.73880296767629        280.73872048160979     
 read in sim obs yf   280.61331675629384        280.61331788854301        280.61331675629384        280.61340540873442        280.61332385072001     
 read in sim obs yf   280.53176720566768        280.53176838643964        280.53176720566768        280.53188969969113        280.53177573346244     
 read in sim obs yf   281.08786532786360        281.08786558392353        281.08786532786360        281.08797753853673        281.08786961288445     
 read in sim obs yf   281.23638522765930        281.23638542955860        281.23638522765930        281.23658855333537        281.23639518208137     
 read in sim obs yf   281.01209989598101        281.01210008966194        281.01209989598101        281.01224395458269        281.01210704419640     
 read in sim obs yf   280.94656294977216        280.94656232421346        280.94655962806786        280.94686510377352        280.94658595919992     
 read in sim obs yf   280.94289051247330        280.94289127947422        280.94289004859593        280.94322039435605        280.94292002071631     
 read in sim obs yf   280.97471063029946        280.97470816598104        280.97470716583160        280.97509988302880        280.97474073481965     
 read in sim obs yf   281.45667258670488        281.45667302216788        281.45667238436880        281.45693981454963        281.45669159629404     
 read in sim obs yf   279.81415068074654        279.81415115555075        279.81415068074654        279.81418527871534        279.81415192688439     
 read in sim obs yf   277.40942383514789        277.40945584374168        277.40942271101949        277.40986950360957        277.40946522140530     
 read in sim obs yf   277.15815286520296        277.15820985129011        277.15815209007707        277.15899075086338        277.15822913387206     
 read in sim obs yf   277.39025820876066        277.39029021471151        277.39025820876066        277.39072538709399        277.39030063123903     
 read in sim obs yf   278.23475916998655        278.23477182577875        278.23475702357899        278.23562460931458        278.23482390617397     
 read in sim obs yf   280.76385851643010        280.76385864410810        280.76385851643010        280.76390928032276        280.76386096791373     
 read in sim obs yf   278.73653607082508        278.73655480147426        278.73653524998309        278.73679108592677        278.73655662199241     
 read in sim obs yf   276.36109955661584        276.36117705153418        276.36109955661584        276.36191332131187        276.36117081305417     
 read in sim obs yf   276.99774440321738        276.99782883068099        276.99774440321738        276.99868720978532        276.99782563967989     
 read in sim obs yf   277.51558992965374        277.51565929282748        277.51558992965374        277.51653063529227        277.51568076517208     
 read in sim obs yf   279.98860375381042        279.98861189684135        279.98859304218371        279.98911359209438        279.98864208975323     
 read in sim obs yf   280.09773746767797        280.09774315547793        280.09773746767797        280.09812615362824        280.09776445989041     
 read in sim obs yf   279.45244588914431        279.45245497605600        279.45244588914431        279.45298291448853        279.45248109661776     
 read in sim obs yf   278.83144594556541        278.83145264520459        278.83144594556541        278.83213158634641        278.83148837808858     
 read in sim obs yf   277.78064489579759        277.78065479614634        277.78064489579759        277.78118765320630        277.78068197309301     
 read in sim obs yf   277.75144171483890        277.75146527150383        277.75144032875590        277.75199554676072        277.75147578318712     
 read in sim obs yf   278.40810720270736        278.40816678969122        278.40810720270736        278.40891664199745        278.40815459336721     
 read in sim obs yf   281.51497735621723        281.51497830385063        281.51497735621723        281.51501297420606        281.51497815237741     
 read in sim obs yf   277.78039220250929        277.78042540268984        277.78039220250929        277.78104166613059        277.78041999380633     
 read in sim obs yf   280.16725375309551        280.16726242147246        280.16725375309551        280.16751885484416        280.16726117447138     
 read in sim obs yf   280.27237205178903        280.27238237591706        280.27237114462594        280.27258890769843        280.27238048614851     
 read in sim obs yf   280.68955739081696        280.68955931686526        280.68955739081696        280.68966449233284        280.68956375360716     
 read in sim obs yf   280.27371272512914        280.27371379358209        280.27371272512914        280.27380581462597        280.27371950828370     
 read in sim obs yf   280.09184086158780        280.09184150381026        280.09184086158780        280.09193557154776        280.09184611575967     
 read in sim obs yf   280.19795031380033        280.19795084752508        280.19795031380033        280.19808891153622        280.19795521508991     
 read in sim obs yf   280.82591849954076        280.82591873892920        280.82591849954076        280.82605516468425        280.82592321354650     
 read in sim obs yf   281.15551571989585        281.15551598857871        281.15551571989585        281.15570202170534        281.15552481365648     
 read in sim obs yf   281.02740797573637        281.02740805232435        281.02740735746340        281.02758910821251        281.02741860817190     
 read in sim obs yf   280.94135026881065        280.94135023292995        280.94134908097533        280.94157480269172        280.94136805986057     
 read in sim obs yf   280.81690713437882        280.81690779670129        280.81690713437882        280.81728510579256        280.81694412845934     
 read in sim obs yf   280.82707701480825        280.82707811015314        280.82707701480825        280.82746614149835        280.82711061763575     
 read in sim obs yf   281.17295771251827        281.17296104500770        281.17295650362081        281.17348325296228        281.17301798313724     
 read in sim obs yf   281.91691068287781        281.91691068199128        281.91691068287781        281.91691111457209        281.91691069813123     
 read in sim obs yf   281.65054416568915        281.65054427340505        281.65054416568915        281.65056294027272        281.65054633125726     
 read in sim obs yf   281.20032476374450        281.20032513242774        281.20032476374450        281.20048648322313        281.20033745214437     
 read in sim obs yf   280.88573237660796        280.88573237561280        280.88573237660796        280.88573385171321        280.88573240563795     
 read in sim obs yf   280.02572224831289        280.02572305862117        280.02572224831289        280.02585240279410        280.02572572298249     
 read in sim obs yf   278.20692355938797        278.20695099186491        278.20692355938797        278.20757915592912        278.20696973195538     
 read in sim obs yf   276.58474565436217        276.58479739196156        276.58474455915672        276.58546719364887        276.58481014545299     
 read in sim obs yf   277.60727995060057        277.60729830700012        277.60727995060057        277.60815318108291        277.60734474700763     
 read in sim obs yf   278.24977004080557        278.24977610864818        278.24976999798076        278.25025433556249        278.24980169726246     
 read in sim obs yf   280.38685084696476        280.38685100147836        280.38685073153277        280.38698057331635        280.38685602138332     
 read in sim obs yf   280.68860068683961        280.68860068499725        280.68860068664674        280.68860170760217        280.68860071410575     
 read in sim obs yf   278.30726445614079        278.30728238459091        278.30726445614079        278.30777413833806        278.30728517909262     
 read in sim obs yf   277.58717509240796        277.58720974645223        277.58717509240796        277.58766914286508        277.58720325773857     
 read in sim obs yf   277.01052400278093        277.01060375980114        277.01052400278093        277.01141774757508        277.01059305312759     
 read in sim obs yf   278.05095745988348        278.05100241556102        278.05095745988348        278.05150081218585        278.05100234666804     
 read in sim obs yf   278.83279215459277        278.83283055952745        278.83279215459277        278.83344874394504        278.83284028304200     
 read in sim obs yf   279.51539273626332        279.51541928861695        279.51539273626332        279.51616902058805        279.51546129885406     
 read in sim obs yf   278.73085569005730        278.73087751696897        278.73085569005730        278.73157560789269        278.73089990179875     
 read in sim obs yf   278.54605670651216        278.54606494939731        278.54605670651216        278.54678000748913        278.54609999002776     
 read in sim obs yf   277.91686219036166        277.91687982983450        277.91686189790181        277.91732168334033        277.91689730947536     
 read in sim obs yf   277.37948554421104        277.37951652110712        277.37948420771272        277.38005742372337        277.37952663576414     
 read in sim obs yf   279.56578808321206        279.56580267325711        279.56578808321206        279.56623578944567        279.56580322884611     
 read in sim obs yf   281.80140376229548        281.80140398226473        281.80140376229548        281.80141582128113        281.80140403680758     
 read in sim obs yf   279.63033154720773        279.63033629555298        279.63033154720773        279.63060327959431        279.63034023659742     
 read in sim obs yf   280.49749823331967        280.49750114534459        280.49749823331967        280.49760750959950        280.49750099818772     
 read in sim obs yf   279.87907731536518        279.87908280898944        279.87907634300291        279.87946567509039        279.87908858428773     
 read in sim obs yf   280.28695532180160        280.28695586845316        280.28695532180160        280.28706558087578        280.28695847798940     
 read in sim obs yf   279.86460126613036        279.86460190223272        279.86460126613036        279.86473219316053        279.86460542872362     
 read in sim obs yf   279.75826803164284        279.75826903952958        279.75826800541682        279.75838546881499        279.75827378436242     
 read in sim obs yf   280.03820261403183        280.03820406776464        280.03820224352967        280.03833941727095        280.03821240804587     
 read in sim obs yf   280.78717990788522        280.78718009327372        280.78717990788522        280.78729005391722        280.78718293914955     
 read in sim obs yf   281.16764894114203        281.16764907492006        281.16764894114203        281.16776031809650        281.16765394015897     
 read in sim obs yf   281.03966069543418        281.03966014607528        281.03965744772478        281.03981481856522        281.03966933146575     
 read in sim obs yf   281.02335762523819        281.02335787047667        281.02335762523819        281.02351571138882        281.02336919812348     
 read in sim obs yf   280.91962107243722        280.91962134742636        280.91962107243722        280.91980507968970        280.91963588650998     
 read in sim obs yf   280.89162716128862        280.89162772053913        280.89162716128862        280.89184234808533        280.89164372884136     
 read in sim obs yf   281.05419594949620        281.05419403635420        281.05418060430674        281.05482256933215        281.05425428058049     
 read in sim obs yf   281.40028124779138        281.40028324128963        281.40028124779138        281.40064733857258        281.40032389783272     
 read in sim obs yf   280.72548904120146        280.72549356504385        280.72548904120146        280.72610821526712        280.72555485662991     
 read in sim obs yf   281.29272430696358        281.29272446060668        281.29272430696358        281.29288128718918        281.29273333982826     
 read in sim obs yf   279.51408999176999        279.51409107424803        279.51408999176999        279.51423596519123        279.51409429453287     
 read in sim obs yf   277.17525652614034        277.17529003620967        277.17525652614034        277.17604905463236        277.17530912439622     
 read in sim obs yf   278.01847104031219        278.01848400641870        278.01847104031219        278.01897756871591        278.01850231028902     
 read in sim obs yf   279.18999198181336        279.18999485770178        279.18999198181336        279.19028269421875        279.19000802507367     
 read in sim obs yf   279.88217383713413        279.88217581118312        279.88217383713413        279.88261495131189        279.88218864259375     
 read in sim obs yf   280.39694093516397        280.39694099605782        280.39694092204513        280.39695773461017        280.39694141467237     
 read in sim obs yf   278.57901201520139        278.57902163568218        278.57901201520139        278.57958251647790        278.57903049359743     
 read in sim obs yf   277.74198238692770        277.74199747290493        277.74198238692770        277.74256786802221        277.74200181778491     
 read in sim obs yf   277.74208651911067        277.74210620314437        277.74208651911067        277.74278285450720        277.74211405195740     
 read in sim obs yf   278.30888407066999        278.30889989074433        278.30888407066999        278.30950508552627        278.30890742592129     
 read in sim obs yf   279.41685139413823        279.41686115847398        279.41685139413823        279.41722484281377        279.41686520136750     
 read in sim obs yf   278.99845072780090        278.99848372264597        278.99845072780090        278.99922159739839        278.99850801879910     
 read in sim obs yf   277.64425919801488        277.64430076322367        277.64425883084249        277.64495880915155        277.64431739344508     
 read in sim obs yf   277.56799510284435        277.56802532053479        277.56799268088048        277.56867737817657        277.56805806730910     
 read in sim obs yf   276.81710928689290        276.81715718060650        276.81710845183113        276.81776633394617        276.81717542263715     
 read in sim obs yf   277.49968634944673        277.49972304005536        277.49968522333171        277.50021952115628        277.49973148759011     
 read in sim obs yf   280.44537750470812        280.44538634761096        280.44537750470812        280.44557101600196        280.44538973126703     
 read in sim obs yf   282.10111040042938        282.10111040639617        282.10111040042938        282.10111244944824        282.10111043802004     
 read in sim obs yf   278.48335486100285        278.48336048805214        278.48335426809297        278.48384299685574        278.48337144624696     
 read in sim obs yf   278.83419072732727        278.83419541317210        278.83419013402028        278.83463119651367        278.83420212943884     
 read in sim obs yf   279.95705210241249        279.95705403495850        279.95704628024282        279.95754505239768        279.95706374627798     
 read in sim obs yf   279.88377626364428        279.88377674870134        279.88377509261028        279.88391847316728        279.88378000027927     
 read in sim obs yf   279.65464204605354        279.65464315280184        279.65464013437224        279.65476728097656        279.65465080040372     
 read in sim obs yf   279.71507855093699        279.71507928364366        279.71507319426451        279.71521899225309        279.71508903440809     
 read in sim obs yf   279.92127058284422        279.92127087663090        279.92126962163297        279.92140623563972        279.92127372628642     
 read in sim obs yf   280.64104860238399        280.64104883712855        280.64104860238399        280.64116699056825        280.64105137124545     
 read in sim obs yf   281.08119290991516        281.08119302332858        281.08119290991516        281.08128312492482        281.08119579396356     
 read in sim obs yf   280.88461274684170        280.88461242075931        280.88461057973029        280.88477035090887        280.88461842683671     
 read in sim obs yf   280.75887923027807        280.75888019398508        280.75887923027807        280.75904981261795        280.75888625219085     
 read in sim obs yf   280.69934485345578        280.69934526217929        280.69934485345578        280.69949497649048        280.69935189470618     
 read in sim obs yf   280.81270209990123        280.81270267774852        280.81270209990123        280.81285695062741        280.81271107425152     
 read in sim obs yf   281.06070483112461        281.06070781475898        281.06070483112461        281.06108719225659        281.06074388362276     
 read in sim obs yf   280.79393460503280        280.79393908631920        280.79393044255488        280.79465657567499        280.79399353580453     
 read in sim obs yf   280.95831691763152        280.95832086217439        280.95831691763152        280.95887674569315        280.95837117821196     
 read in sim obs yf   280.51729672753783        280.51729672925245        280.51729672753783        280.51729780908465        280.51729675612893     
 read in sim obs yf   279.15640799341185        279.15642145199519        279.15640799341185        279.15684890613301        279.15643734418319     
 read in sim obs yf   278.95366800653994        278.95367402393447        278.95366800653994        278.95405006686940        278.95368596255128     
 read in sim obs yf   277.90157931551460        277.90158904165833        277.90157931551460        277.90220792389789        277.90161388594129     
 read in sim obs yf   278.44226931324113        278.44227423216847        278.44226931324113        278.44283088723239        278.44229629595031     
 read in sim obs yf   280.19439108197469        280.19439216729330        280.19439108197469        280.19453410405526        280.19439539563763     
 read in sim obs yf   280.24790230683658        280.24790340014090        280.24790230683658        280.24798010948268        280.24790497547133     
 read in sim obs yf   279.51636936823138        279.51637043200702        279.51636936823138        279.51650606155221        279.51637313997344     
 read in sim obs yf   278.95166352399298        278.95166608068536        278.95166352399298        278.95179927159080        278.95166818020368     
 read in sim obs yf   277.94249288846640        277.94251848132023        277.94249288846640        277.94312896418410        277.94253311201220     
 read in sim obs yf   278.53865020504963        278.53866104208794        278.53865020504963        278.53927612381409        278.53867776044228     
 read in sim obs yf   279.40747914827733        279.40749071280351        279.40747914827733        279.40792383743189        279.40749994806254     
 read in sim obs yf   279.32839591901239        279.32841676470889        279.32839591901239        279.32887671146085        279.32843463994294     
 read in sim obs yf   277.57920323880256        277.57924158146324        277.57920153349522        277.57978879243080        277.57926475130847     
 read in sim obs yf   276.88401781090107        276.88407396221544        276.88401651869390        276.88472187023234        276.88410363992568     
 read in sim obs yf   277.14075806266754        277.14080131419496        277.14075778644678        277.14131482857033        277.14081729142936     
 read in sim obs yf   278.52779034651252        278.52781476995091        278.52778965235058        278.52813121219475        278.52782008405023     
 read in sim obs yf   281.04108073089816        281.04108228965794        281.04108073089816        281.04114375500745        281.04108330147312     
 read in sim obs yf   278.34230705716385        278.34231838243494        278.34230676762741        278.34280564062198        278.34233572064340     
 read in sim obs yf   278.64472826144981        278.64473898387246        278.64474552227006        278.64520678968290        278.64476702970205     
 read in sim obs yf   279.68443076813776        279.68444050322915        279.68443018133678        279.68495077728306        279.68446899350982     
 read in sim obs yf   279.70672024865314        279.70671988597940        279.70671503903708        279.70685519833410        279.70672371077461     
 read in sim obs yf   279.64098453306082        279.64098402529140        279.64097812582418        279.64110822630073        279.64098791620546     
 read in sim obs yf   279.71306888449431        279.71306889436028        279.71306251864746        279.71320388978381        279.71307488801244     
 read in sim obs yf   279.86868873904280        279.86868920569157        279.86868867303349        279.86880834273700        279.86869115099103     
 read in sim obs yf   280.47394813166187        280.47394843670401        280.47394813166187        280.47407740151050        280.47395119168800     
 read in sim obs yf   280.83408823452436        280.83408806629683        280.83408592304437        280.83425605195868        280.83409349590909     
 read in sim obs yf   280.60870344324098        280.60870362539032        280.60870174557056        280.60889229877029        280.60870932328828     
 read in sim obs yf   280.51767212732773        280.51767243951605        280.51767212732773        280.51781536336148        280.51767670812387     
 read in sim obs yf   280.51449211976728        280.51449236151188        280.51449211976728        280.51460493856428        280.51449630475031     
 read in sim obs yf   280.75621762439994        280.75621827300250        280.75621762439994        280.75634092536200        280.75622347315385     
 read in sim obs yf   281.06427119668729        281.06427273434684        281.06427119668729        281.06446870173045        281.06428416105422     
 read in sim obs yf   281.20563182925270        281.20563382308927        281.20563120912880        281.20608094404457        281.20567170936437     
 read in sim obs yf   281.50450577920969        281.50450607621565        281.50450577920969        281.50458310943736        281.50451054792842     
 read in sim obs yf   280.06341865929733        280.06342094696583        280.06341865929733        280.06361076572915        280.06342776804911     
 read in sim obs yf   278.83352768794458        278.83353829423675        278.83352768794458        278.83395658883001        278.83355760560255     
 read in sim obs yf   278.96309842788185        278.96311134431210        278.96309842788185        278.96343362403599        278.96311988990840     
 read in sim obs yf   278.06076147252924        278.06076832965323        278.06076147252924        278.06140698357308        278.06080906349746     
 read in sim obs yf   278.71420992209323        278.71421783288503        278.71420992209323        278.71490422419760        278.71425327195072     
 read in sim obs yf   280.41042999151659        280.41043140209899        280.41042999151659        280.41055184165259        280.41043486676995     
 read in sim obs yf   280.40461325900316        280.40461414773290        280.40461325900316        280.40472490203626        280.40461744228077     
 read in sim obs yf   280.05486557722833        280.05486662821744        280.05486557722833        280.05497423219077        280.05486941116601     
 read in sim obs yf   279.80359520763761        279.80359597279113        279.80359517849888        279.80371627448216        279.80359944196880     
 read in sim obs yf   279.50167792305649        279.50168112161822        279.50167767672502        279.50181921379294        279.50169040875267     
 read in sim obs yf   279.85555853700919        279.85555963122380        279.85555677360611        279.85568731940498        279.85556435789562     
 read in sim obs yf   280.16481740026734        280.16481885543931        280.16481740016951        280.16493268070360        280.16482195385402     
 read in sim obs yf   279.96871703346193        279.96871809455342        279.96871703346193        279.96883077778796        279.96872119942503     
 read in sim obs yf   279.54687979507196        279.54688029350814        279.54687640763530        279.54694525294559        279.54688693128799     
 read in sim obs yf   278.95642575274741        278.95644080672162        278.95642554885768        278.95686451544515        278.95647895281866     
 read in sim obs yf   276.83680551001845        276.83686163934203        276.83680551001845        276.83752202665528        276.83689039472335     
 read in sim obs yf   277.72509976931849        277.72513852687842        277.72509911018477        277.72564951321755        277.72514582234152     
 read in sim obs yf   281.14300072383179        281.14300455397665        281.14300072383179        281.14309851995984        281.14300509186762     
 read in sim obs yf   279.55684089029535        279.55684427055883        279.55684089029535        279.55707145072171        279.55686101111530     
 read in sim obs yf   279.17915859443275        279.17916076718217        279.17915859443275        279.17955684378518        279.17918480280713     
 read in sim obs yf   279.52782482252258        279.52782562672098        279.52782481683840        279.52793714246980        279.52783094200367     
 read in sim obs yf   279.47411888686355        279.47411804616547        279.47411387280403        279.47423954234165        279.47412099314033     
 read in sim obs yf   279.64264306680093        279.64264240356994        279.64263625428100        279.64276153439852        279.64264577599829     
 read in sim obs yf   279.70526172733628        279.70526120658269        279.70525679927749        279.70538103013587        279.70526419589106     
 read in sim obs yf   279.89531776245087        279.89531818684003        279.89531776219479        279.89545656409086        279.89532042694606     
 read in sim obs yf   280.35325265660299        280.35325293987478        280.35325265660299        280.35338345332337        280.35325572391912     
 read in sim obs yf   280.55524180347078        280.55524045762803        280.55523537349052        280.55540782755293        280.55524714542389     
 read in sim obs yf   280.35939091400815        280.35939077118093        280.35938902054858        280.35950945068845        280.35939478859933     
 read in sim obs yf   280.52074885531005        280.52074903442502        280.52074885531005        280.52084766277812        280.52075243104809     
 read in sim obs yf   280.76019291441492        280.76019325927712        280.76019291441492        280.76033189623035        280.76019899899819     
 read in sim obs yf   280.99278512718809        280.99278582434670        280.99278512718809        280.99294692849850        280.99279413299007     
 read in sim obs yf   281.15582552431829        281.15582623173628        281.15582552431829        281.15597482067500        281.15583472149564     
 read in sim obs yf   281.25992190373296        281.25992020306774        281.25991136601129        281.26007892664484        281.25993363063827     
 read in sim obs yf   281.26757876030842        281.26757994641804        281.26757876030842        281.26781786625537        281.26759418673555     
 read in sim obs yf   281.37558940740780        281.37558953642082        281.37558940740780        281.37568621002674        281.37559231645889     
 read in sim obs yf   281.06763078297774        281.06763079248861        281.06763078297774        281.06764061605924        281.06763105598691     
 read in sim obs yf   280.04596962568974        280.04597255891247        280.04596962568974        280.04614592850123        280.04597977473816     
 read in sim obs yf   278.43494300356718        278.43496170120983        278.43493388219389        278.43576595369905        278.43498068309964     
 read in sim obs yf   278.23384379692698        278.23386664383520        278.23384379692698        278.23451245986053        278.23388853817789     
 read in sim obs yf   278.93164267212717        278.93164874932995        278.93164267212717        278.93223683280189        278.93168896143709     
 read in sim obs yf   279.21486900818871        279.21488309557378        279.21486322338222        279.21555318916688        279.21493469418806     
 read in sim obs yf   280.74900221963787        280.74900439044507        280.74900221723260        280.74916152620932        280.74902198523040     
 read in sim obs yf   280.70981640269736        280.70981738011994        280.70981640269736        280.70994047009651        280.70982944189359     
 read in sim obs yf   280.59107020803583        280.59107084973010        280.59107014592217        280.59121110771781        280.59107681253005     
 read in sim obs yf   280.44993858322778        280.44993932879072        280.44993763113683        280.45006928105295        280.44994982804184     
 read in sim obs yf   280.43455374459660        280.43455436100902        280.43455345461592        280.43467828517504        280.43456039954054     
 read in sim obs yf   280.59156310794691        280.59156351816557        280.59156302767252        280.59167699338855        280.59156897407365     
 read in sim obs yf   280.51733064794587        280.51733110579687        280.51733063014939        280.51744032555166        280.51733515932244     
 read in sim obs yf   280.13248509284517        280.13248558546860        280.13248509284517        280.13260810643675        280.13248937375096     
 read in sim obs yf   279.81514071077521        279.81514141153076        279.81514071077521        279.81526736800186        279.81514541103024     
 read in sim obs yf   279.52398534670459        279.52398645359307        279.52398534670459        279.52410352451204        279.52399515808696     
 read in sim obs yf   278.75927591935613        278.75928330890196        278.75927591935613        278.75976529659511        278.75931415274903     
 read in sim obs yf   279.52819399508928        279.52820021676729        279.52819372682177        279.52842361935416        279.52820676381486     
 read in sim obs yf   281.49647407282646        281.49647409907129        281.49647407282646        281.49648031975948        281.49647422482963     
 read in sim obs yf   278.63337577809756        278.63337935928081        278.63337577809756        278.63366994904044        278.63340168178195     
 read in sim obs yf   279.07579432236037        279.07579693162154        279.07579432236037        279.07601795294647        279.07581192393491     
 read in sim obs yf   279.18215372498383        279.18215429760500        279.18215372498383        279.18230979099224        279.18215717078226     
 read in sim obs yf   279.31225690576565        279.31225659126557        279.31225423214926        279.31234722722110        279.31225821959629     
 read in sim obs yf   279.53618256026334        279.53618169592107        279.53617791582184        279.53630413462901        279.53618445002922     
 read in sim obs yf   279.64532347202334        279.64532294488805        279.64531864864722        279.64545471232725        279.64532605360466     
 read in sim obs yf   279.87144131271026        279.87144159763704        279.87144131271026        279.87155912425476        279.87144357854180     
 read in sim obs yf   280.23997676072446        280.23997665776426        280.23997526067342        280.24011151913243        280.23997959841682     
 read in sim obs yf   280.46273333604552        280.46272853236900        280.46272024301777        280.46288312623341        280.46273795034847     
 read in sim obs yf   280.40151416523702        280.40151234039178        280.40150659024079        280.40165208258946        280.40151940483167     
 read in sim obs yf   280.76343908635073        280.76343916353898        280.76343850232848        280.76357818512287        280.76344608189021     
 read in sim obs yf   281.07260406234673        281.07260456821462        281.07260406234673        281.07273287600469        281.07261200666591     
 read in sim obs yf   281.20807048119360        281.20807109380172        281.20807048119360        281.20825452487753        281.20808384019807     
 read in sim obs yf   281.17830031231449        281.17830069790557        281.17830031231449        281.17839472291530        281.17830598115097     
 read in sim obs yf   281.15288919278231        281.15288850927061        281.15288379418553        281.15299771687233        281.15289564234911     
 read in sim obs yf   281.14740047329190        281.14739452063930        281.14737805540796        281.14752813961496        281.14740853349917     
 read in sim obs yf   281.16721335901229        281.16720936183378        281.16720028351318        281.16729362283257        281.16721769104544     
 read in sim obs yf   280.96171175572283        280.96171179337352        280.96171175572283        280.96175340776949        280.96171353043076     
 read in sim obs yf   280.76756577243708        280.76756622489728        280.76756577243708        280.76763299854014        280.76756866427883     
 read in sim obs yf   280.59791043193258        280.59791118011884        280.59791043193258        280.59801586801967        280.59791564696150     
 read in sim obs yf   280.33056120007666        280.33056212882246        280.33056120007666        280.33069463364978        280.33056553519236     
 read in sim obs yf   280.37482008439946        280.37482097805162        280.37482008439946        280.37495520444241        280.37482622890440     
 read in sim obs yf   280.49883280734952        280.49883285390791        280.49883104168521        280.49898383664419        280.49883991651853     
 read in sim obs yf   280.75649592120902        280.75649606613217        280.75648977954586        280.75679177255188        280.75653349999249     
 read in sim obs yf   281.06122947686208        281.06123341213754        281.06122947686208        281.06168949715868        281.06129577767558     
 read in sim obs yf   281.18293541691412        281.18293742714746        281.18293541691412        281.18320764100957        281.18297083261382     
 read in sim obs yf   281.01959998722202        281.01960144370332        281.01959874128909        281.01979817923660        281.01962500536007     
 read in sim obs yf   280.93499229765558        280.93499225451507        280.93499131857067        280.93511268007512        280.93499862354031     
 read in sim obs yf   280.96386926405620        280.96386946185692        280.96386835827946        280.96401226706490        280.96387761692540     
 read in sim obs yf   281.03090328217888        281.03090345813541        281.03090299941323        281.03100758747405        281.03090968493893     
 read in sim obs yf   280.89858084555573        280.89858126607550        280.89858077600491        280.89870529561080        280.89858873897964     
 read in sim obs yf   280.50649754635037        280.50649806056987        280.50649754635037        280.50661931430471        280.50650428905629     
 read in sim obs yf   280.12025439463594        280.12025551607496        280.12025439463594        280.12038224276921        280.12026479656731     
 read in sim obs yf   279.60066738789732        279.60067271179531        279.60066738789732        279.60111816383227        279.60070991467381     
 read in sim obs yf   277.60156052340466        277.60159167591775        277.60156052340466        277.60223897685023        277.60162668706988     
 read in sim obs yf   278.18055514808225        278.18057886894780        278.18055449527003        278.18111887660922        278.18059160359832     
 read in sim obs yf   281.03981355003390        281.03981783719240        281.03981355003390        281.03997133862089        281.03981877045288     
 read in sim obs yf   277.80765518598662        277.80765790170170        277.80765518598662        277.80816837330070        277.80766734408866     
 read in sim obs yf   278.65602216663007        278.65602407406726        278.65602216663007        278.65622287220845        278.65602699642602     
 read in sim obs yf   279.03904411537155        279.03904539743263        279.03904411537155        279.03920658214213        279.03904783072414     
 read in sim obs yf   279.31655752564541        279.31655783078781        279.31655637318988        279.31666379126693        279.31655931090756     
 read in sim obs yf   279.32544517617657        279.32544432480529        279.32544026831260        279.32556989870869        279.32544705255805     
 read in sim obs yf   279.44018787286149        279.44018769208441        279.44018573647384        279.44030800029083        279.44018970286299     
 read in sim obs yf   279.72564941317000        279.72564960329350        279.72564941120123        279.72577177435369        279.72565146102016     
 read in sim obs yf   280.11994068890385        280.11993983553316        280.11993731534847        280.12008177919643        280.11994325751073     
 read in sim obs yf   280.51602941585622        280.51602408105765        280.51600996153672        280.51619939905567        280.51603374703285     
 read in sim obs yf   280.75127143181459        280.75126781583310        280.75126257088209        280.75138421680492        280.75127469323570     
 read in sim obs yf   280.96182445971766        280.96182465484310        280.96182367295370        280.96195895183973        280.96183082896329     
 read in sim obs yf   281.02608896093062        281.02608958881359        281.02608896093062        281.02624445390205        281.02609790793213     
 read in sim obs yf   281.04403704938608        281.04403740986498        281.04403704938608        281.04414490399387        281.04404490161363     
 read in sim obs yf   281.06294740181659        281.06294794268547        281.06294740181659        281.06309338734167        281.06295608748906     
 read in sim obs yf   281.00636401601469        281.00636516232765        281.00636401601469        281.00649932254657        281.00637248882907     
 read in sim obs yf   281.06597461676648        281.06597546891669        281.06597461676648        281.06609501752445        281.06598039705477     
 read in sim obs yf   281.00633095333433        281.00633137820307        281.00632972814878        281.00644596765915        281.00633542412089     
 read in sim obs yf   280.89419654511579        280.89419323233290        280.89418271337360        280.89431551072602        280.89420245965601     
 read in sim obs yf   280.83941987159261        280.83941234350874        280.83939472152315        280.83957356467181        280.83943323470464     
 read in sim obs yf   280.83311024949501        280.83310785433264        280.83310044661221        280.83325867682942        280.83311673137047     
 read in sim obs yf   280.75221502802890        280.75221543860101        280.75221502802890        280.75235225768319        280.75222074985243     
 read in sim obs yf   280.78980576922260        280.78980630389259        280.78980576922260        280.78991154763065        280.78981951275790     
 read in sim obs yf   280.65936162891757        280.65936145936757        280.65935987159889        280.65952708443120        280.65937000693901     
 read in sim obs yf   280.84111803757128        280.84111936151811        280.84111803757128        280.84139365585696        280.84115052128089     
 read in sim obs yf   281.10605422350329        281.10605757493494        281.10605422350329        281.10674209244308        281.10614961853298     
 read in sim obs yf   281.25867983923609        281.25868380073734        281.25867976438644        281.25932169167044        281.25877807383341     
 read in sim obs yf   281.26542887347767        281.26543010805625        281.26542418923248        281.26585589910422        281.26548106014320     
 read in sim obs yf   281.25961652480868        281.25961200348121        281.25960040392118        281.25979674941732        281.25964146719679     
 read in sim obs yf   281.27746619088867        281.27745953049572        281.27744609433501        281.27762227342180        281.27748791221308     
 read in sim obs yf   281.27596276056533        281.27596112746494        281.27595663087845        281.27608722760255        281.27597787899111     
 read in sim obs yf   281.05837218192221        281.05837217522458        281.05836981861165        281.05848452219755        281.05838607290474     
 read in sim obs yf   280.69108621289399        280.69108737638282        280.69108611581748        280.69123564416469        280.69110291976466     
 read in sim obs yf   280.26201407195254        280.26201570725038        280.26201406840727        280.26214904791095        280.26202939347149     
 read in sim obs yf   279.76565805326118        279.76566470969408        279.76565804649954        279.76603929658029        279.76570228426851     
 read in sim obs yf   278.46959353000972        278.46961643487867        278.46959349201853        278.47010890567776        278.46964558590923     
 read in sim obs yf   277.86461663824639        277.86465713298685        277.86461608112103        277.86524960684454        277.86467192397316     
 read in sim obs yf   280.45544185421028        280.45545042653305        280.45544185421028        280.45581557714587        280.45545205527640     
 read in sim obs yf   282.46274709793346        282.46274766032610        282.46274709793346        282.46277196623311        282.46274759246745     
 read in sim obs yf   277.09414108412250        277.09414373184711        277.09414108412250        277.09461113876159        277.09414962915224     
 read in sim obs yf   278.13203813417431        278.13204029802216        278.13203813417431        278.13230163859316        278.13204243296963     
 read in sim obs yf   278.87612120244984        278.87612389683756        278.87612120244984        278.87626560425701        278.87612486990963     
 read in sim obs yf   279.32727344379867        279.32727459697793        279.32727062808783        279.32743084746852        279.32727859713378     
 read in sim obs yf   279.31562081451477        279.31562009460617        279.31561487912114        279.31575796412125        279.31562336665428     
 read in sim obs yf   279.20543840465683        279.20543823022115        279.20543626485147        279.20555041001660        279.20544000735077     
 read in sim obs yf   279.41819493452755        279.41819491116405        279.41819453583457        279.41826571190046        279.41819590207547     
 read in sim obs yf   280.05245596842639        280.05245498326099        280.05245251727473        280.05258755209223        280.05245802230326     
 read in sim obs yf   280.51248419038603        280.51247971843952        280.51247120175367        280.51266440356318        280.51248768414160     
 read in sim obs yf   280.70408098257616        280.70407752739658        280.70407064473881        280.70424594359446        280.70408470151580     
 read in sim obs yf   280.70333000090420        280.70333008870529        280.70332931136932        280.70348201386440        280.70333395047413     
 read in sim obs yf   280.43594916899110        280.43594942172064        280.43594916024648        280.43609238716084        280.43595308570002     
 read in sim obs yf   280.61949734502167        280.61949757805860        280.61949734502167        280.61964134816566        280.61950242287492     
 read in sim obs yf   280.87129035113617        280.87129063119181        280.87129035113617        280.87139429802329        280.87129468062261     
 read in sim obs yf   280.93261453297140        280.93261471955577        280.93261453297140        280.93273258046236        280.93261865041700     
 read in sim obs yf   280.96801576756320        280.96801621912567        280.96801576756320        280.96813693541372        280.96802138809045     
 read in sim obs yf   280.87819670543041        280.87819736317766        280.87819670543041        280.87831806769452        280.87820193489574     
 read in sim obs yf   280.75982822562196        280.75982924322625        280.75982822562196        280.75997358737379        280.75983590213701     
 read in sim obs yf   280.75955374672066        280.75955431503235        280.75955368182559        280.75969994518522        280.75955978997956     
 read in sim obs yf   280.79274948808700        280.79274955250418        280.79274918769329        280.79286563186378        280.79275490051521     
 read in sim obs yf   280.67855701683374        280.67855739430883        280.67855701683374        280.67865499875381        280.67856247719266     
 read in sim obs yf   280.62670689480575        280.62670762384386        280.62670689480575        280.62688929459921        280.62672825972459     
 read in sim obs yf   280.51905921294605        280.51905942747248        280.51905921294605        280.51920842739696        280.51906759975407     
 read in sim obs yf   280.65789287236123        280.65789354396657        280.65789287236123        280.65808352140112        280.65791145856934     
 read in sim obs yf   281.14920754170737        281.14920948140178        281.14920754170737        281.14974861386588        281.14927865410948     
 read in sim obs yf   281.41718484809547        281.41718606522494        281.41718483135185        281.41759122398440        281.41723648698888     
 read in sim obs yf   281.48195318804659        281.48195242320867        281.48194553685528        281.48228872164901        281.48199679033439     
 read in sim obs yf   281.68221648984417        281.68221675375150        281.68221648984417        281.68233197068025        281.68223366937667     
 read in sim obs yf   281.71249217472416        281.71249167292109        281.71249217472416        281.71255584209678        281.71249637167642     
 read in sim obs yf   281.41295114263795        281.41294703864548        281.41293607554098        281.41313540722160        281.41297071698119     
 read in sim obs yf   281.02295526481925        281.02295400744714        281.02295028785585        281.02305907896562        281.02296653256832     
 read in sim obs yf   280.64407065835439        280.64406906672332        280.64407305126684        280.64424464991743        280.64409875444892     
 read in sim obs yf   280.33599647546123        280.33599630289433        280.33599264695766        280.33614020348688        280.33600366489526     
 read in sim obs yf   280.09170799284101        280.09170899586405        280.09170742856639        280.09188118393081        280.09172540535053     
 read in sim obs yf   279.44670742336177        279.44671689664108        279.44670717005499        279.44732562050206        279.44675775265222     
 read in sim obs yf   278.15765641230536        278.15769112786109        278.15765577622921        278.15826605945705        278.15770993001547     
 read in sim obs yf   278.51688279475957        278.51691481358188        278.51688279475957        278.51748850382398        278.51691264712093     
 read in sim obs yf   281.65818598002096        281.65818826215445        281.65818598002096        281.65836494988508        281.65818947258725     
 read in sim obs yf   283.38550916896912        283.38550916571006        283.38550916896912        283.38551264011647        283.38550921396103     
 read in sim obs yf   277.01907889626619        277.01908109407140        277.01907889626619        277.01950156833357        277.01908616409730     
 read in sim obs yf   278.01644331276384        278.01644525110351        278.01644331276384        278.01665274232823        278.01644711941094     
 read in sim obs yf   278.75849847688750        278.75850145451079        278.75849373844892        278.75870539747501        278.75850740779555     
 read in sim obs yf   279.14716880993927        279.14716902459440        279.14716415630454        279.14730546202657        279.14717316946172     
 read in sim obs yf   279.25733142436457        279.25733082754368        279.25732746158423        279.25746206968836        279.25733398234672     
 read in sim obs yf   278.84840457159169        278.84840452408315        278.84840397588209        278.84846318284445        278.84840536291216     
 read in sim obs yf   278.92754996306195        278.92755005809306        278.92754990303786        278.92761400889890        278.92755079920033     
 read in sim obs yf   279.71094358942202        279.71094300289553        279.71094148041840        279.71106849352401        279.71094558839047     
 read in sim obs yf   280.11406948906642        280.11406804736470        280.11406464714372        280.11424969271496        280.11407281518541     
 read in sim obs yf   280.20285894633889        280.20285811065770        280.20285605088338        280.20307102339814        280.20286274862207     
 read in sim obs yf   280.19323192837811        280.19323200791962        280.19323187893644        280.19341695011701        280.19323515633300     
 read in sim obs yf   280.04552772789879        280.04552781782081        280.04552772789879        280.04566927419449        280.04553027034393     
 read in sim obs yf   280.38878265270955        280.38878275059875        280.38878265270955        280.38891807306300        280.38878576707305     
 read in sim obs yf   280.70409017829616        280.70409032782300        280.70409017829616        280.70422727564949        280.70409455628652     
 read in sim obs yf   280.76698034284891        280.76698056076452        280.76698034284891        280.76714159769449        280.76698538352861     
 read in sim obs yf   280.73728475796770        280.73728495189619        280.73728475796770        280.73741799896578        280.73728912002076     
 read in sim obs yf   280.58835687121405        280.58835710668467        280.58835687121405        280.58850794651084        280.58836113223708     
 read in sim obs yf   280.55381775094475        280.55381802357550        280.55381775094475        280.55395437159365        280.55382247098794     
 read in sim obs yf   280.62789007535014        280.62789033562188        280.62789007535014        280.62805384064166        280.62789721702711     
 read in sim obs yf   280.61939735166072        280.61939747366171        280.61939733419291        280.61952924935309        280.61940316944094     
 read in sim obs yf   280.45783748414613        280.45783764749683        280.45783748414613        280.45799315157836        280.45784386855246     
 read in sim obs yf   280.40874988836896        280.40875005026749        280.40874988836896        280.40889659382304        280.40875727257929     
 read in sim obs yf   280.42224998760940        280.42225025103477        280.42224998760940        280.42239802576461        280.42225986055621     
 read in sim obs yf   280.56781284808795        280.56781307522533        280.56781284808795        280.56792018938330        280.56782180612873     
 read in sim obs yf   281.01302656223822        281.01302827539735        281.01302656223822        281.01354031227999        281.01309185890329     
 read in sim obs yf   281.33620363895534        281.33620437773624        281.33620363895534        281.33664268278807        281.33625571881521     
 read in sim obs yf   281.54630786652655        281.54630409170380        281.54629438740170        281.54647158491383        281.54633050904584     
 read in sim obs yf   281.79384250277792        281.79384265912449        281.79384250277792        281.79391678889135        281.79385478182792     
 read in sim obs yf   281.85772176496346        281.85772171774499        281.85772176496346        281.85773754379630        281.85772389863916     
 read in sim obs yf   281.46173267410165        281.46172907027420        281.46172061020525        281.46188593861291        281.46174708424081     
 read in sim obs yf   280.99463445540528        280.99463270077757        280.99462826414947        280.99477935256260        280.99464936112940     
 read in sim obs yf   280.67962303247629        280.67961961988931        280.67961228090121        280.67978805645464        280.67963944149113     
 read in sim obs yf   280.46167763532674        280.46167445738593        280.46166677294343        280.46181595020676        280.46169243701854     
 read in sim obs yf   280.37756224977466        280.37756184032310        280.37755873234107        280.37772527223552        280.37757935782452     
 read in sim obs yf   280.36958671740041        280.36958822730463        280.36958660457407        280.36988311181545        280.36961088795812     
 read in sim obs yf   278.77772795012686        278.77774206063867        278.77772767676800        278.77828209884512        278.77776643240708     
 read in sim obs yf   278.77653231946044        278.77655157922965        278.77653231946044        278.77710341522436        278.77655743284998     
 read in sim obs yf   279.99873039358715        279.99875092695248        279.99873039358715        279.99919683950407        279.99874180213902     
 read in sim obs yf   283.04050247288143        283.04050252658936        283.04050247288143        283.04050854672624        283.04050256516774     
 read in sim obs yf   276.46098855042743        276.46099146758667        276.46098855042743        276.46148820227586        276.46099760624992     
 read in sim obs yf   277.84557814003381        277.84558074261861        277.84557649182557        277.84585054302920        277.84558325893192     
 read in sim obs yf   278.66637150647296        278.66637122654168        278.66636529317083        278.66655816606578        278.66637619837644     
 read in sim obs yf   278.96138156478196        278.96138165704957        278.96137745852201        278.96149954352575        278.96138528373581     
 read in sim obs yf   279.09316357688778        279.09316365721463        279.09316096282242        279.09327260025378        279.09316748122228     
 read in sim obs yf   278.77868307843158        278.77868321069832        278.77868304592170        278.77874603106932        278.77868397987555     
 read in sim obs yf   278.70692518503688        278.70692528450149        278.70692516259760        278.70698109368777        278.70692591372614     
 read in sim obs yf   279.28254470932876        279.28254479178861        279.28254467509134        279.28263007004108        279.28254590328817     
 read in sim obs yf   279.60455767637910        279.60455772323814        279.60455763110008        279.60466890391558        279.60455924493499     
 read in sim obs yf   279.66056884288099        279.66056888767048        279.66056879452094        279.66069960799456        279.66057071069957     
 read in sim obs yf   279.74332787782589        279.74332790854277        279.74332786833037        279.74344613455168        279.74332966277802     
 read in sim obs yf   279.97737176815031        279.97737178578626        279.97737176815031        279.97751709779754        279.97737419029352     
 read in sim obs yf   280.36524992446317        280.36524991318862        280.36524992446317        280.36538723500041        280.36525261899374     
 read in sim obs yf   280.48272598861263        280.48272602708511        280.48272598861263        280.48289361142406        280.48272971688669     
 read in sim obs yf   280.50344970921009        280.50344982527213        280.50344970921009        280.50362456706819        280.50345371007421     
 read in sim obs yf   280.43816181976581        280.43816191846088        280.43816180912540        280.43833628643745        280.43816596524482     
 read in sim obs yf   280.25585514416963        280.25585528188935        280.25585511325835        280.25600877627699        280.25585832873509     
 read in sim obs yf   280.36903553268183        280.36903560015998        280.36903553268183        280.36916522178882        280.36903850380691     
 read in sim obs yf   280.44434558583771        280.44434564744415        280.44434558583771        280.44446313423998        280.44434859839811     
 read in sim obs yf   280.37450168135217        280.37450174948162        280.37450168135217        280.37460743894923        280.37450492691795     
 read in sim obs yf   280.25760208762313        280.25760217190924        280.25760208762313        280.25770786838694        280.25760586129945     
 read in sim obs yf   280.29066302498222        280.29066312514612        280.29066302498222        280.29077906899653        280.29066807535207     
 read in sim obs yf   280.44904458918080        280.44904474311744        280.44904458918080        280.44918961944808        280.44905335038146     
 read in sim obs yf   280.59365731635557        280.59365758105127        280.59365731635557        280.59375277062594        280.59366881083622     
 read in sim obs yf   280.95199866201096        280.95199931447820        280.95199866201096        280.95233630251278        280.95203970196343     
 read in sim obs yf   281.16024603342493        281.16024673919924        281.16024603342493        281.16063166946566        281.16029263361366     
 read in sim obs yf   281.27989794295314        281.27989539473356        281.27988853557554        281.28045597617660        281.27996749120666     
 read in sim obs yf   281.56629016212622        281.56629082695082        281.56629016212622        281.56664652477411        281.56633464703901     
 read in sim obs yf   281.53911090475327        281.53911124300026        281.53910980633879        281.53945826975189        281.53914487866928     
 read in sim obs yf   281.26721192129168        281.26721161363275        281.26720606699303        281.26757868612412        281.26725802511083     
 read in sim obs yf   281.02525409839654        281.02525180007103        281.02524726778927        281.02536465143493        281.02526577273716     
 read in sim obs yf   280.76520824328867        280.76520834533363        280.76520824328867        280.76539131319561        280.76522750479921     
 read in sim obs yf   280.59332162467064        280.59331905707512        280.59331300583943        280.59349081724025        280.59333948095610     
 read in sim obs yf   280.60577647146692        280.60577628781533        280.60577389804820        280.60592853368428        280.60579150782615     
 read in sim obs yf   280.12735295100811        280.12736100575808        280.12735287526499        280.12802884531408        280.12741954399604     
 read in sim obs yf   278.73655801199754        278.73658565577534        278.73655791395345        278.73706454170645        278.73660991191525     
 read in sim obs yf   279.26774707433651        279.26776042609703        279.26774707433651        279.26820945645221        279.26777285667168     
 read in sim obs yf   279.36304187841040        279.36307227785312        279.36304167258152        279.36351739416347        279.36307840623238     
 read in sim obs yf   281.15483698418336        281.15485430834929        281.15483698418336        281.15510918957057        281.15484463127228     
 read in sim obs yf   276.27677995952303        276.27678294811682        276.27677995952303        276.27724447638803        276.27678800159720     
 read in sim obs yf   277.91422950481888        277.91423004837770        277.91422926696362        277.91437828566529        277.91423236626571     
 read in sim obs yf   278.44797892678912        278.44798160478018        278.44797892678912        278.44819886234745        278.44798518471754     
 read in sim obs yf   278.65959800995887        278.65959788388813        278.65959633567581        278.65973042696663        278.65960029629542     
 read in sim obs yf   278.83743521352221        278.83743597329118        278.83743485141173        278.83754691038581        278.83743783703983     
 read in sim obs yf   278.74353904716844        278.74353956867481        278.74353895533966        278.74362090333773        278.74354052021806     
 read in sim obs yf   278.88911551212544        278.88911572549989        278.88911546065805        278.88919958426067        278.88911684311432     
 read in sim obs yf   279.06051640881805        279.06051648786092        279.06051637390135        279.06060037731112        279.06051755658956     
 read in sim obs yf   279.13001106728501        279.13001112197702        279.13001103680290        279.13008098815294        279.13001201831389     
 read in sim obs yf   279.10060207202224        279.10060214268032        279.10060203956317        279.10068840378102        279.10060328761591     
 read in sim obs yf   279.27781296139676        279.27781302794637        279.27781295023397        279.27791168726662        279.27781442313045     
 read in sim obs yf   279.81617602053319        279.81617605099831        279.81617602053319        279.81630972314940        279.81617838025136     
 read in sim obs yf   280.11966501024699        280.11966502745656        280.11966501024699        280.11979592932988        280.11966785715026     
 read in sim obs yf   280.13981929266089        280.13981935131795        280.13981927497446        280.13998801643305        280.13982253562273     
 read in sim obs yf   280.22243870771456        280.22243878348542        280.22243869015341        280.22261034936918        280.22244237049358     
 read in sim obs yf   280.14953657956710        280.14953667775944        280.14953656025534        280.14969859862248        280.14953976607967     
 read in sim obs yf   279.94131649534552        279.94131661797394        279.94131647865385        279.94145300988413        279.94131894429103     
 read in sim obs yf   280.05455243858665        280.05455256429553        280.05455243509203        280.05469457942024        280.05455528708353     
 read in sim obs yf   280.05614788683022        280.05614799670144        280.05614788683022        280.05626178469078        280.05615032404421     
 read in sim obs yf   280.14121562848396        280.14121572349512        280.14121562848396        280.14131712013091        280.14121864438664     
 read in sim obs yf   280.18739474196258        280.18739480231403        280.18739474196258        280.18747470984562        280.18739791763261     
 read in sim obs yf   280.28695905983960        280.28695917061583        280.28695905983960        280.28709857420534        280.28696534974546     
 read in sim obs yf   280.37291298560609        280.37291316830755        280.37291298560609        280.37304943707591        280.37291983979793     
 read in sim obs yf   280.51591474543278        280.51591502976373        280.51591474543278        280.51604592058374        280.51592315889371     
 read in sim obs yf   280.73379679273739        280.73379712284293        280.73379679273739        280.73392354023497        280.73381062409862     
 read in sim obs yf   280.86501384696487        280.86501457940687        280.86501384696487        280.86533812637930        280.86504994545106     
 read in sim obs yf   281.01807523559393        281.01807550920819        281.01807476651038        281.01849766698354        281.01811967041016     
 read in sim obs yf   281.12202028197873        281.12202254094814        281.12201961146798        281.12267467600708        281.12210814141679     
 read in sim obs yf   281.25444840125266        281.25444806496967        281.25444348647687        281.25489739301258        281.25449850896615     
 read in sim obs yf   281.11403441142005        281.11403512624526        281.11403249489530        281.11455150314606        281.11410308368505     
 read in sim obs yf   281.07988778840462        281.07988815001937        281.07988729196694        281.08021321584147        281.07993151136765     
 read in sim obs yf   280.80232562370190        280.80232536453400        280.80232562370190        280.80274274201838        280.80237525790199     
 read in sim obs yf   280.78852593210229        280.78852576415539        280.78852551324758        280.78895454746925        280.78857046739944     
 read in sim obs yf   280.85474762588171        280.85474800062622        280.85474762588171        280.85513675057132        280.85478082602788     
 read in sim obs yf   279.38233910516362        279.38234553425832        279.38233910516362        279.38293200550049        279.38238293679154     
 read in sim obs yf   279.20876928081287        279.20877822147946        279.20876928005134        279.20929187053156        279.20880345428225     
 read in sim obs yf   279.21054317173594        279.21055521663351        279.21054317173594        279.21108218263424        279.21057015004112     
 read in sim obs yf   279.90610135422185        279.90612234444836        279.90610111604963        279.90649085468823        279.90613054989853     
 read in sim obs yf   279.90493587211228        279.90496024488357        279.90493587211228        279.90537962040173        279.90494989303028     
 read in sim obs yf   276.06331648590242        276.06332007962044        276.06331648590242        276.06386753078834        276.06332763595816     
 read in sim obs yf   277.56944293824768        277.56944429818361        277.56944293824768        277.56972822822843        277.56944914918438     
 read in sim obs yf   278.12843215575407        278.12843270582192        278.12843215575407        278.12857137169686        278.12843464866199     
 read in sim obs yf   278.40928457198373        278.40928455273070        278.40928317829650        278.40939546995321        278.40928642703261     
 read in sim obs yf   278.69303012490309        278.69303036407001        278.69303007128843        278.69310499337092        278.69303142141661     
 read in sim obs yf   278.46808141551759        278.46808158184444        278.46808137520520        278.46815478628957        278.46808248559557     
 read in sim obs yf   278.80552422998943        278.80552443877906        278.80552416492606        278.80562075359688        278.80552583298294     
 read in sim obs yf   278.87455561467186        278.87455571734370        278.87455556415063        278.87464672837950        278.87455689205524     
 read in sim obs yf   278.81140589080076        278.81140596678432        278.81140584743372        278.81148464874002        278.81140697010284     
 read in sim obs yf   278.89788504869557        278.89788512292995        278.89788500929762        278.89796508447887        278.89788618198202     
 read in sim obs yf   279.36540288498827        279.36540294236738        279.36540284941026        279.36550128471902        279.36540446770550     
 read in sim obs yf   279.90359768995762        279.90359773119405        279.90359765224332        279.90374770374302        279.90360095728073     
 read in sim obs yf   279.88365284674103        279.88365289869733        279.88365280152311        279.88379163352596        279.88365526771463     
 read in sim obs yf   279.83754195302896        279.83754203083635        279.83754190110091        279.83767915922914        279.83754427737074     
 read in sim obs yf   280.06948367886196        280.06948376814933        280.06948360471210        280.06964576517504        280.06948774206779     
 read in sim obs yf   279.98526471562400        279.98526481569695        279.98526469363935        279.98540237903796        279.98526733098493     
 read in sim obs yf   279.65516302016852        279.65516312918959        279.65516299652865        279.65528291300313        279.65516495514311     
 read in sim obs yf   279.74688185934866        279.74688197477138        279.74688183866209        279.74700920117931        279.74688418111208     
 read in sim obs yf   279.81344899063612        279.81344910757224        279.81344898263939        279.81357063351140        279.81345146368363     
 read in sim obs yf   279.92388947775765        279.92388960145246        279.92388947775709        279.92399483184312        279.92389247399802     
 read in sim obs yf   280.01007237289548        280.01007250697251        280.01007237289548        280.01017230626474        280.01007604409165     
 read in sim obs yf   280.12071224203368        280.12071236437629        280.12071224203368        280.12085071679309        280.12071828266272     
 read in sim obs yf   280.25128601367146        280.25128620258050        280.25128601367146        280.25142209820672        280.25129231641120     
 read in sim obs yf   280.34524853442446        280.34524896791214        280.34524853442446        280.34540658620881        280.34525686345819     
 read in sim obs yf   280.54605708960645        280.54605730635166        280.54605708960645        280.54621776313940        280.54606633195868     
 read in sim obs yf   280.67414109082262        280.67414129378744        280.67414109082262        280.67428138881661        280.67415122331681     
 read in sim obs yf   280.79501764497030        280.79501594450011        280.79501296603524        280.79508511952582        280.79502358113706     
 read in sim obs yf   280.98001659389274        280.98001603949768        280.98001269772413        280.98031811229203        280.98004504855891     
 read in sim obs yf   281.10611006652579        281.10610946071188        281.10610703049861        281.10642514130154        281.10613940584165     
 read in sim obs yf   281.14438763503728        281.14438732240575        281.14438618671483        281.14456909939287        281.14440402881218     
 read in sim obs yf   281.13250916724485        281.13250917503922        281.13250901993371        281.13273667581308        281.13253776918793     
 read in sim obs yf   280.89503123500026        280.89503284531980        280.89503087933156        280.89562880723906        280.89512261483276     
 read in sim obs yf   280.81135450684604        280.81135475412140        280.81135425999463        280.81192326680855        280.81141336922985     
 read in sim obs yf   280.31049650883654        280.31050205296123        280.31049650883654        280.31106913654759        280.31054594579695     
 read in sim obs yf   278.89605164205943        278.89608242944252        278.89605159466424        278.89660966644078        278.89610667350502     
 read in sim obs yf   279.50028809900402        279.50030599249374        279.50028801175716        279.50075778878454        279.50032312109346     
 read in sim obs yf   279.35812580197216        279.35814360394590        279.35812567554638        279.35863676262863        279.35815740862341     
 read in sim obs yf   279.38472541934857        279.38474823395785        279.38472541934857        279.38520171566665        279.38476323195340     
 read in sim obs yf   279.32540169409225        279.32542246363187        279.32540145590093        279.32596565008868        279.32542009359042     
 read in sim obs yf   275.77772370314506        275.77773085529617        275.77772323159684        275.77861053692942        275.77775705235456     
 read in sim obs yf   277.55549243863618        277.55549350664779        277.55549243863618        277.55572022148624        277.55549925805713     
 read in sim obs yf   277.90758333512878        277.90758386010009        277.90758333512878        277.90773593009254        277.90758610253829     
 read in sim obs yf   277.96070252265861        277.96070270625739        277.96070225609969        277.96078740624489        277.96070384930948     
 read in sim obs yf   278.04856611882428        278.04856629942981        278.04856607931532        278.04863369772642        278.04856711403579     
 read in sim obs yf   278.18696922429706        278.18696941919382        278.18696917913360        278.18703442438147        278.18697018124425     
 read in sim obs yf   278.67958448729905        278.67958475131525        278.67958438783870        278.67969296957841        278.67958630840849     
 read in sim obs yf   278.64177988989439        278.64177999809692        278.64177983818939        278.64185452069108        278.64178096816192     
 read in sim obs yf   278.60839966463647        278.60839975695984        278.60839961182290        278.60847461409406        278.60840072666571     
 read in sim obs yf   278.87767160094882        278.87767167481184        278.87767154681421        278.87775033091731        278.87767277112965     
 read in sim obs yf   279.48959840666765        279.48959847248443        279.48959830652416        279.48973243120128        279.48960095473984     
 read in sim obs yf   279.75282917599270        279.75282925997266        279.75282906383649        279.75299486548840        279.75283281785715     
 read in sim obs yf   279.66371628355654        279.66371634797798        279.66371620746548        279.66382784082958        279.66371816288847     
 read in sim obs yf   279.77553428149616        279.77553434394395        279.77553418176433        279.77565995641640        279.77553649096859     
 read in sim obs yf   279.89938467277682        279.89938474775659        279.89938456510134        279.89953671842892        279.89938774320478     
 read in sim obs yf   279.79407222771300        279.79407230262154        279.79407218595065        279.79418717745369        279.79407442325606     
 read in sim obs yf   279.59927735810066        279.59927745330089        279.59927730328872        279.59940097549259        279.59927949076751     
 read in sim obs yf   279.70309328924401        279.70309336506364        279.70309322848965        279.70322263797470        279.70309578182565     
 read in sim obs yf   279.74944923447032        279.74944931963370        279.74944918830312        279.74957494292391        279.74945204195535     
 read in sim obs yf   279.83300878659435        279.83300889219748        279.83300877706716        279.83313334074819        279.83301238932637     
 read in sim obs yf   279.89655735007523        279.89655746658104        279.89655735007523        279.89667108425078        279.89656129182760     
 read in sim obs yf   279.99582704374996        279.99582715342052        279.99582704374996        279.99590347871691        279.99583056883921     
 read in sim obs yf   280.16871395447532        280.16871408724506        280.16871395447532        280.16883861223971        280.16871918943838     
 read in sim obs yf   280.22873116997465        280.22873146189153        280.22873116997465        280.22887042901192        280.22873615705231     
 read in sim obs yf   280.43220717003692        280.43220751686596        280.43220717003692        280.43234368723193        280.43221588839572     
 read in sim obs yf   280.61653529456595        280.61653557055945        280.61653529456595        280.61664261416064        280.61654527332780     
 read in sim obs yf   280.76678327272163        280.76678355589149        280.76678327272163        280.76689920326555        280.76679345105180     
 read in sim obs yf   280.88746875544786        280.88746903313131        280.88746875544786        280.88760234358227        280.88747798097199     
 read in sim obs yf   281.04869043377408        281.04868939435028        281.04868550490710        281.04878896380484        281.04870301761997     
 read in sim obs yf   281.12072172343517        281.12072010520717        281.12071451012150        281.12092947744441        281.12074017381616     
 read in sim obs yf   281.22086263710366        281.22086191525375        281.22086008048575        281.22093796553526        281.22086954133636     
 read in sim obs yf   281.21129642138862        281.21129646427863        281.21129636602558        281.21141882432920        281.21131081578505     
 read in sim obs yf   280.84036687660108        280.84037012205738        280.84036687660108        280.84083165501443        280.84042040919434     
 read in sim obs yf   280.55533133334291        280.55534207790959        280.55533133334291        280.55567481125036        280.55536349268220     
 read in sim obs yf   280.14244701087210        280.14246578836224        280.14244658670628        280.14287080273670        280.14247760385371     
 read in sim obs yf   281.53903026995778        281.53903427054865        281.53903019367328        281.53913671133910        281.53903471646839     
 read in sim obs yf   280.92947918237252        280.92948646759913        280.92947904172496        280.92969540934445        280.92948921829930     
 read in sim obs yf   280.46757634006241        280.46758575995875        280.46757612914064        280.46785279843516        280.46759921585635     
 read in sim obs yf   280.07422058119272        280.07423002336873        280.07422046246035        280.07460825145910        280.07424419807853     
 read in sim obs yf   277.61393720641661        277.61394265920580        277.61393696000914        277.61415165304714        277.61395491698596     
 read in sim obs yf   277.12709226432480        277.12710080687532        277.12709226432480        277.12777033370969        277.12715455968015     
 read in sim obs yf   277.82981803652200        277.82981853089319        277.82981803652200        277.82995689104348        277.82982056049320     
 read in sim obs yf   277.33471330965648        277.33471357071693        277.33471322219850        277.33479194619099        277.33471444496314     
 read in sim obs yf   277.57904922047891        277.57904958476234        277.57904914470691        277.57912874714538        277.57905037736117     
 read in sim obs yf   278.47896625083143        278.47896675247489        278.47896613060504        278.47904712724028        278.47896831629873     
 read in sim obs yf   278.75729937417799        278.75729964763485        278.75729925037416        278.75742921858847        278.75730230268454     
 read in sim obs yf   278.32570118557004        278.32570133802716        278.32570112323737        278.32577262638011        278.32570221864506     
 read in sim obs yf   278.31987967198080        278.31987978588694        278.31987962342220        278.31993757283192        278.31988049449302     
 read in sim obs yf   278.60073594915286        278.60073606738484        278.60073588633196        278.60081491865918        278.60073716056837     
 read in sim obs yf   279.14241856591957        279.14241869191494        279.14241845491478        279.14254816794346        279.14242136900850     
 read in sim obs yf   279.27318866736255        279.27318877961255        279.27318856351604        279.27330821149354        279.27319104979517     
 read in sim obs yf   279.29825258467213        279.29825265622065        279.29825248428182        279.29834698743690        279.29825415613010     
 read in sim obs yf   279.57004702198759        279.57004707132080        279.57004686836228        279.57016162655776        279.57004908800116     
 read in sim obs yf   279.56835983999309        279.56835988493697        279.56835973974739        279.56846217351637        279.56836169026548     
 read in sim obs yf   279.50054325984098        279.50054330972790        279.50054317904358        279.50064504146746        279.50054517603053     
 read in sim obs yf   279.49242683516661        279.49242688920697        279.49242673932207        279.49254643449046        279.49242900602945     
 read in sim obs yf   279.48567730794576        279.48567736761328        279.48567721106059        279.48577457930759        279.48567932817872     
 read in sim obs yf   279.49561628077186        279.49561636413432        279.49561622961750        279.49573232352526        279.49561871228735     
 read in sim obs yf   279.56484830915213        279.56484840804831        279.56484830105973        279.56496682359375        279.56485136275251     
 read in sim obs yf   279.63040631194355        279.63040642690100        279.63040631194355        279.63051814026119        279.63040981522278     
 read in sim obs yf   279.79770821600169        279.79770836517974        279.79770821600169        279.79780845681375        279.79771209927560     
 read in sim obs yf   279.79843405317848        279.79843418830177        279.79843405317848        279.79851533120262        279.79843646246633     
 read in sim obs yf   279.91125169387146        279.91125181461689        279.91125169387146        279.91131801470590        279.91125332050268     
 read in sim obs yf   280.30402809876648        280.30402845248528        280.30402809876648        280.30415936654583        280.30403246318872     
 read in sim obs yf   280.56901361770412        280.56901393328849        280.56901361770412        280.56913146277913        280.56902264407529     
 read in sim obs yf   280.78556568577432        280.78556589743465        280.78556568577432        280.78571564875028        280.78557488320405     
 read in sim obs yf   280.85074264817666        280.85074288416337        280.85074264817666        280.85088308244184        280.85075113058184     
 read in sim obs yf   281.00245548024367        281.00245118135820        281.00244063587542        281.00259473577012        281.00246641604929     
 read in sim obs yf   281.15058023481629        281.15057671730165        281.15056624272995        281.15070509173381        281.15059072974964     
 read in sim obs yf   281.24293773425171        281.24293656609382        281.24293301440127        281.24314837259402        281.24295693543473     
 read in sim obs yf   281.01435708115832        281.01435930745447        281.01435682809165        281.01497134674514        281.01444268044361     
 read in sim obs yf   280.96801400396214        280.96801922667993        280.96801400396214        280.96848997521784        280.96807741887608     
 read in sim obs yf   280.95698583131309        280.95699698301621        280.95698583131309        280.95726769750411        280.95701512064460     
 read in sim obs yf   281.07562168021116        281.07563421867098        281.07562153201457        281.07591927686366        281.07563466864605     
 read in sim obs yf   281.70351343970219        281.70351723139038        281.70351343970219        281.70364049401201        281.70351695536942     
 read in sim obs yf   280.04349236273424        280.04351420084765        280.04349208540714        280.04388660943778        280.04352251634873     
 read in sim obs yf   280.68080344379234        280.68080894154895        280.68080335374765        280.68104411419557        280.68082532283631     
 read in sim obs yf   280.83145529118804        280.83145789026605        280.83145529118804        280.83165967821560        280.83147608318876     
 read in sim obs yf   276.48902053105684        276.48905105036232        276.48902011826675        276.48952761909192        276.48907981525076     
 read in sim obs yf   276.57555801648732        276.57557508022296        276.57555801648732        276.57617569345251        276.57562047111389     
 read in sim obs yf   277.59717422707206        277.59717400169257        277.59717205998459        277.59729551853934        277.59717645450530     
 read in sim obs yf   277.33007804364695        277.33007813215380        277.33007744009052        277.33015027284125        277.33007911918190     
 read in sim obs yf   277.90887205611511        277.90887243555056        277.90887197676818        277.90893887068307        277.90887350047660     
 read in sim obs yf   278.58228445744572        278.58228534735804        278.58228418325479        278.58243416904691        278.58229168847799     
 read in sim obs yf   278.42087574221142        278.42087602554170        278.42087561209752        278.42098892018680        278.42087842989872     
 read in sim obs yf   277.75472817508938        277.75472837520783        277.75472812064999        277.75478583873161        277.75472901786691     
 read in sim obs yf   277.78165003994184        277.78165021461058        277.78164999274748        277.78170450772353        277.78165083399966     
 read in sim obs yf   278.13118443976015        278.13118460859732        278.13118438504921        278.13125188521411        278.13118556344904     
 read in sim obs yf   278.61455617985757        278.61455640050610        278.61455609571601        278.61465886347042        278.61455919154764     
 read in sim obs yf   278.73311351401770        278.73311366936440        278.73311342842504        278.73320070874291        278.73311537680712     
 read in sim obs yf   278.68293560594020        278.68293570270663        278.68293550781658        278.68300747273531        278.68293676055339     
 read in sim obs yf   278.83634902745251        278.83634911092145        278.83634890438799        278.83642245041841        278.83635025388975     
 read in sim obs yf   278.95449244213785        278.95449251092396        278.95449230331928        278.95457887421378        278.95449385308257     
 read in sim obs yf   279.01302991432544        279.01302999957352        279.01302980514356        279.01312359277011        279.01303145867888     
 read in sim obs yf   279.05506211357954        279.05506220490406        279.05506196287547        279.05517265865353        279.05506407433313     
 read in sim obs yf   279.09961963855295        279.09961972370127        279.09961957113887        279.09972177206248        279.09962153338893     
 read in sim obs yf   279.13023741024915        279.13023750707868        279.13023738325199        279.13034903506127        279.13023971236373     
 read in sim obs yf   279.34555877796259        279.34555887131620        279.34555877686222        279.34567867508923        279.34556218057986     
 read in sim obs yf   279.50091715383928        279.50091722033443        279.50091715383928        279.50103182919901        279.50092115507425     
 read in sim obs yf   279.75199240956755        279.75199250751382        279.75199240956755        279.75210949258013        279.75199719402008     
 read in sim obs yf   279.89270113166367        279.89270128358010        279.89270113166367        279.89279763609505        279.89270418425406     
 read in sim obs yf   280.06514478937544        280.06514491775152        280.06514478937544        280.06523121203475        280.06514708482752     
 read in sim obs yf   280.33635034665917        280.33635060672185        280.33635033224868        280.33642214370235        280.33635222439040     
 read in sim obs yf   280.61038103460260        280.61038131166276        280.61038103377666        280.61051292481471        280.61038760920434     
 read in sim obs yf   280.76342797760088        280.76342817027785        280.76342797760088        280.76353911525246        280.76343556538279     
 read in sim obs yf   280.85745948135525        280.85745831666236        280.85745606622896        280.85758916943945        280.85746804214256     
 read in sim obs yf   280.99001850206832        280.99001882099827        280.99001850206832        280.99016264825838        280.99003182017060     
 read in sim obs yf   281.11729932840211        281.11729951069162        281.11729932840211        281.11747202691845        281.11731398391350     
 read in sim obs yf   281.22266224735313        281.22266243049035        281.22266224735313        281.22283745833897        281.22267646621663     
 read in sim obs yf   281.22688598868893        281.22688625139369        281.22688598868893        281.22720855503223        281.22691329635688     
 read in sim obs yf   280.96601328981035        280.96601734738721        280.96601291479647        280.96675346977145        280.96611294514940     
 read in sim obs yf   280.41063820995578        280.41065760864734        280.41063729099949        280.41154608650038        280.41074016830578     
 read in sim obs yf   280.17277636215266        280.17279965852202        280.17277636215266        280.17323767064602        280.17281281970020     
 read in sim obs yf   280.85678076543161        280.85679224773514        280.85678076543161        280.85716223590242        280.85679190616383     
 read in sim obs yf   280.47943549528247        280.47945027537878        280.47943507790535        280.47983754960381        280.47945195981470     
 read in sim obs yf   280.00663754478029        280.00665032162448        280.00663739285477        280.00705724154801        280.00667077609484     
 read in sim obs yf   281.00601311097915        281.00601801805254        281.00601311097915        281.00621919344167        281.00603170409823     
 read in sim obs yf   275.12071867923351        275.12075685505829        275.12071796421662        275.12137404941353        275.12078906760871     
 read in sim obs yf   276.21911307289463        276.21913352795514        276.21911231220503        276.21973568264269        276.21918519386577     
 read in sim obs yf   277.91602831153267        277.91602767660726        277.91602477488846        277.91615533128407        277.91603396113993     
 read in sim obs yf   277.86869649287087        277.86869619390410        277.86869454228275        277.86876642684769        277.86869850539279     
 read in sim obs yf   278.03378160801600        278.03378260252225        278.03378136392433        278.03389013639531        278.03378517136213     
 read in sim obs yf   278.17781466415175        278.17781549025199        278.17781445912294        278.17795489285623        278.17782162742060     
 read in sim obs yf   278.14219915458898        278.14219947217327        278.14219900939077        278.14230507395206        278.14220222881465     
 read in sim obs yf   277.59784247792152        277.59784271944750        277.59784240899120        277.59790802322078        277.59784351726802     
 read in sim obs yf   277.41584033348386        277.41584053526225        277.41584027592529        277.41590324475391        277.41584120445555     
 read in sim obs yf   277.81446993886294        277.81447011156075        277.81446988125288        277.81453457554551        277.81447107257162     
 read in sim obs yf   278.21801917527176        278.21801938499715        278.21801908442376        278.21811020863805        278.21802215055880     
 read in sim obs yf   278.18692655995767        278.18692672472753        278.18692646647378        278.18699304981652        278.18692843457819     
 read in sim obs yf   277.95763804527508        277.95763819563751        277.95763794405917        277.95769508388923        277.95763907357161     
 read in sim obs yf   278.05678367402317        278.05678379023379        278.05678358350565        278.05683841559915        278.05678453426816     
 read in sim obs yf   278.41659419857461        278.41659427118560        278.41659408054215        278.41665127005382        278.41659512270962     
 read in sim obs yf   278.57170935570247        278.57170943320131        278.57170928030803        278.57178773833715        278.57171064384988     
 read in sim obs yf   278.72144445166776        278.72144453133797        278.72144438677299        278.72153126582111        278.72144593623756     
 read in sim obs yf   278.97109113473863        278.97109120499238        278.97109109634903        278.97116651648855        278.97109256552216     
 read in sim obs yf   279.13733176343732        279.13733183863832        279.13733174957787        279.13742355112379        279.13733377234615     
 read in sim obs yf   279.44625430784754        279.44625435542974        279.44625430784754        279.44636204548192        279.44625795893859     
 read in sim obs yf   279.63426700072944        279.63426701363221        279.63426700072944        279.63437038486802        279.63427099156132     
 read in sim obs yf   279.84766130515055        279.84766132731789        279.84766130515055        279.84773186603837        279.84766407547835     
 read in sim obs yf   280.16435624304955        280.16435632011900        280.16435624304955        280.16444725483433        280.16435970566516     
 read in sim obs yf   280.36193847341303        280.36193860982047        280.36193845143197        280.36202011767028        280.36194143173401     
 read in sim obs yf   280.47582898943330        280.47582910331914        280.47582890777255        280.47590971602324        280.47583110631706     
 read in sim obs yf   280.63950456550344        280.63950453162295        280.63950407846642        280.63961061196306        280.63950775898923     
 read in sim obs yf   280.77412755424882        280.77412759896970        280.77412725298149        280.77423426149136        280.77413231800608     
 read in sim obs yf   280.89991282056991        280.89990899863653        280.89990271848939        280.90001024168760        280.89992330868284     
 read in sim obs yf   281.01211038150126        281.01210693104582        281.01210081997175        281.01222935743823        281.01212036072690     
 read in sim obs yf   281.13105413411523        281.13105422366584        281.13105413411523        281.13120161020959        281.13106650915489     
 read in sim obs yf   281.17950086297310        281.17950086013315        281.17950086297310        281.17962335455201        281.17951285851564     
 read in sim obs yf   281.20471546857311        281.20471576522147        281.20471546857311        281.20488022324639        281.20472936768715     
 read in sim obs yf   281.24697613206166        281.24697546359954        281.24697199748272        281.24727151076860        281.24700128373780     
 read in sim obs yf   281.03004858871367        281.03005196062378        281.03004807536882        281.03060963457699        281.03010784705532     
 read in sim obs yf   280.13580279498592        280.13582199483767        280.13580279498592        280.13635139541708        280.13584847627948     
 read in sim obs yf   280.16507223352386        280.16509360906298        280.16507136754410        280.16573070963767        280.16510264639408     
 read in sim obs yf   280.40953243180439        280.40954454271133        280.40953212513494        280.41001321210916        280.40955400010500     
 read in sim obs yf   279.34560948049932        279.34563361590756        279.34560907873094        279.34616416897256        279.34566472907431     
 read in sim obs yf   279.80232388707344        279.80233976079802        279.80232367414936        279.80283973449127        279.80237130650534     
 read in sim obs yf   274.45527465774472        274.45528407130558        274.45527428215905        274.45581441070800        274.45531581838520     
 read in sim obs yf   276.59147759030708        276.59148201426285        276.59147660685807        276.59207874356019        276.59154288408962     
 read in sim obs yf   277.80389377552291        277.80389298158315        277.80388985774192        277.80401402712067        277.80389959828216     
 read in sim obs yf   277.61524335614251        277.61524296122809        277.61524043928699        277.61533321182418        277.61524594392625     
 read in sim obs yf   277.49596011903481        277.49596049892057        277.49595999783514        277.49604900473435        277.49596200043914     
 read in sim obs yf   277.59153613017122        277.59153655714692        277.59153601741599        277.59163634762604        277.59153883553751     
 read in sim obs yf   277.77168358805915        277.77168390072410        277.77168345963963        277.77177220768436        277.77168586381373     
 read in sim obs yf   277.50267449914634        277.50267472809071        277.50267441393612        277.50273393914392        277.50267562806494     
 read in sim obs yf   277.40897797059341        277.40897819673768        277.40897789544067        277.40904050153176        277.40897925419398     
 read in sim obs yf   277.52595959381978        277.52595979222923        277.52595951066007        277.52603260905113        277.52596150196013     
 read in sim obs yf   277.62686178657128        277.62686194020444        277.62686169977889        277.62692593967313        277.62686372923645     
 read in sim obs yf   277.49875420704427        277.49875438937420        277.49875398857472        277.49881203101012        277.49875577135350     
 read in sim obs yf   277.36644890825397        277.36644907466064        277.36644885636986        277.36650194760927        277.36644979551329     
 read in sim obs yf   277.74481991247222        277.74482007258769        277.74481982848579        277.74488029886788        277.74482084217294     
 read in sim obs yf   278.23834821144266        278.23834828477976        278.23834811848195        278.23839923444024        278.23834912743359     
 read in sim obs yf   278.52567649408434        278.52567656230991        278.52567643366319        278.52574764423161        278.52567782552507     
 read in sim obs yf   278.76290362019091        278.76290367806621        278.76290356430980        278.76298957261025        278.76290523513046     
 read in sim obs yf   279.04051823857861        279.04051829587377        279.04051819798821        279.04059525341410        279.04051978647175     
 read in sim obs yf   279.18240327701591        279.18240333870506        279.18240325647969        279.18248075580050        279.18240499444033     
 read in sim obs yf   279.31502160844099        279.31502165180575        279.31502160709499        279.31511020482350        279.31502407274951     
 read in sim obs yf   279.45679562793163        279.45679565193018        279.45679562793163        279.45688170652113        279.45679848838921     
 read in sim obs yf   279.74191516452663        279.74191520962773        279.74191516403471        279.74200083926058        279.74191811968996     
 read in sim obs yf   280.00110132863415        280.00110141184894        280.00110131553834        280.00117957396634        280.00110390457593     
 read in sim obs yf   280.22488969474892        280.22488976983266        280.22488964703859        280.22498555304361        280.22489306410012     
 read in sim obs yf   280.28728969378949        280.28728975548393        280.28728960248424        280.28739795632617        280.28729250096956     
 read in sim obs yf   280.45339391889718        280.45339347265491        280.45339256027302        280.45349759737002        280.45339713457827     
 read in sim obs yf   280.69020455258612        280.69020253432279        280.69019886376498        280.69029871781731        280.69021026604565     
 read in sim obs yf   280.85662016349977        280.85661741313015        280.85661239131809        280.85673304495225        280.85662744968107     
 read in sim obs yf   281.01470989989400        281.01470659949899        281.01470114595412        281.01482043233938        281.01471765283321     
 read in sim obs yf   281.10289176342565        281.10288729634203        281.10287880648923        281.10302407222940        281.10290224476614     
 read in sim obs yf   281.13071135135590        281.13070567737014        281.13069443582532        281.13081891817967        281.13072110062973     
 read in sim obs yf   281.12428605841302        281.12428173047522        281.12427213191694        281.12438916800920        281.12429469542366     
 read in sim obs yf   281.21811129821441        281.21810958845379        281.21810292352535        281.21822654033150        281.21812025827990     
 read in sim obs yf   281.24030340027952        281.24030211811544        281.24029589203485        281.24057562880620        281.24032405648364     
 read in sim obs yf   281.18357039243097        281.18357251750376        281.18357039243097        281.18392344652113        281.18359985450121     
 read in sim obs yf   279.85158417540822        279.85160639116577        279.85158417540822        279.85238291988287        279.85166148088274     
 read in sim obs yf   279.34604990772334        279.34607369616850        279.34604941361698        279.34671378544641        279.34611726882440     
 read in sim obs yf   278.92304058806064        278.92306869207340        278.92304013062352        278.92369999150617        278.92310818926177     
 read in sim obs yf   279.84397988583373        279.84399195707704        279.84397943302395        279.84462328895063        279.84402764518450     
 read in sim obs yf   274.48682533343509        274.48683188723231        274.48682465543988        274.48736619657501        274.48688009459050     
 read in sim obs yf   275.94639569570023        275.94640080499227        275.94639367558142        275.94712946423607        275.94648711952129     
 read in sim obs yf   277.12994386252217        277.12994275551887        277.12993781938815        277.13007552846079        277.12994904057302     
 read in sim obs yf   277.02556715453909        277.02556631199161        277.02556323216248        277.02567187699560        277.02556930954376     
 read in sim obs yf   276.77081329139389        276.77081364536849        276.77081315240230        276.77088688685944        276.77081470687182     
 read in sim obs yf   276.97815402440523        276.97815433132934        276.97815394336044        276.97822851174971        276.97815556619383     
 read in sim obs yf   277.19107214043009        277.19107250439964        277.19107196978956        277.19115962146788        277.19107429706378     
 read in sim obs yf   277.13476483259240        277.13476519536448        277.13476461674679        277.13485539486373        277.13476748114493     
 read in sim obs yf   277.30029262181165        277.30029285899371        277.30029247204561        277.30038457474188        277.30029569679408     
 read in sim obs yf   276.98219715382430        276.98219730104574        276.98219708101175        276.98226543115868        276.98219881982334     
 read in sim obs yf   276.83712153821915        276.83712166760785        276.83712149041156        276.83717050375327        276.83712257887822     
 read in sim obs yf   277.09329356270791        277.09329370253067        277.09329351311840        277.09334578959999        277.09329471858894     
 read in sim obs yf   277.28054299486985        277.28054314402988        277.28054293924356        277.28060215938740        277.28054407141184     
 read in sim obs yf   277.68078918520376        277.68078931008478        277.68078913304043        277.68084755439151        277.68079018947964     
 read in sim obs yf   277.97721235485318        277.97721245754423        277.97721230624518        277.97727528285714        277.97721344588206     
 read in sim obs yf   278.39051455229128        278.39051461420212        278.39051451214601        278.39058193300798        278.39051585478086     
 read in sim obs yf   278.77331949494584        278.77331953903268        278.77331944956137        278.77339844049288        278.77332124993336     
 read in sim obs yf   278.96596924784694        278.96596928390767        278.96596918593201        278.96605480611601        278.96597103724883     
 read in sim obs yf   279.13333020392662        279.13333025048581        279.13333016708026        279.13342919658913        279.13333245785390     
 read in sim obs yf   279.10886774326087        279.10886778474077        279.10886773199195        279.10896977554160        279.10887032831516     
 read in sim obs yf   279.00167568974985        279.00167572584178        279.00167568411871        279.00176270121983        279.00167764462276     
 read in sim obs yf   279.37035219671577        279.37035224146024        279.37035218391480        279.37043280198742        279.37035436933019     
 read in sim obs yf   279.76843963371050        279.76843969523662        279.76843961127702        279.76852289569678        279.76844231034869     
 read in sim obs yf   279.89155177432320        279.89155183286624        279.89155171806175        279.89165274035958        279.89155604644310     
 read in sim obs yf   280.06897098868382        280.06897105155082        280.06897087330623        280.06906951979107        280.06897494078589     
 read in sim obs yf   280.31999128518595        280.31998943773851        280.31998656627195        280.32010002255845        280.31999555230971     
 read in sim obs yf   280.62451489973205        280.62451314872442        280.62451014863922        280.62460937393917        280.62452206135379     
 read in sim obs yf   280.79543233023537        280.79543007180530        280.79542643167264        280.79553438187349        280.79543939434137     
 read in sim obs yf   280.95362036509312        280.95361766463481        280.95361314756389        280.95373864575203        280.95362889770070     
 read in sim obs yf   281.07680600335914        281.07680307906611        281.07679803711744        281.07693091266293        281.07681567667436     
 read in sim obs yf   281.10015955708980        281.10015663971853        281.10015100027721        281.10028070475755        281.10016983077520     
 read in sim obs yf   281.09745599849788        281.09745617674992        281.09745599849788        281.09757044634460        281.09746181610927     
 read in sim obs yf   281.14021791471993        281.14021824409650        281.14021791471993        281.14034084345104        281.14022583286294     
 read in sim obs yf   281.20116763205476        281.20116805568671        281.20116744793586        281.20149149216871        281.20119615545252     
 read in sim obs yf   281.24267254780011        281.24267338634286        281.24267254780011        281.24304172982295        281.24270958380106     
 read in sim obs yf   280.24735888880645        280.24737450342411        280.24735888880645        280.24829995013391        280.24746203485108     
 read in sim obs yf   279.43461378126443        279.43463222485843        279.43461324867678        279.43527274568112        279.43468520339104     
 read in sim obs yf   279.42012128026590        279.42013867762131        279.42012086686401        279.42074579003008        279.42018633411880     
 read in sim obs yf   279.72995434754432        279.72996725385519        279.72995401610041        279.73059576716270        279.73001434499764     
 read in sim obs yf   275.02058193694575        275.02058622429416        275.02058159884632        275.02110370901448        275.02062994983072     
 read in sim obs yf   275.61530731193437        275.61531280509882        275.61530391650120        275.61617894650266        275.61542727061482     
 read in sim obs yf   276.40198310845790        276.40198244919748        276.40197795608026        276.40218712994124        276.40199051955011     
 read in sim obs yf   276.36179570695788        276.36179503031036        276.36179224095002        276.36190002218365        276.36179796037766     
 read in sim obs yf   276.15946020317358        276.15946002835216        276.15945878014355        276.15952381544298        276.15946131655841     
 read in sim obs yf   276.49456447919675        276.49456468708877        276.49456426426747        276.49462613976624        276.49456596743602     
 read in sim obs yf   276.98653512346522        276.98653534510890        276.98653455546463        276.98664209833629        276.98653947903540     
 read in sim obs yf   276.79731986601377        276.79732009340347        276.79731951921985        276.79741480077462        276.79732282115066     
 read in sim obs yf   276.73480330264903        276.73480346900095        276.73480319099320        276.73487807235307        276.73480553571932     
 read in sim obs yf   276.42534656206584        276.42534672258557        276.42534649086167        276.42541620478175        276.42534799947464     
 read in sim obs yf   276.52042532388867        276.52042546540440        276.52042526193031        276.52047923335647        276.52042650970918     
 read in sim obs yf   277.03320846239734        277.03320859583744        277.03320836668627        277.03327201645368        277.03321049415678     
 read in sim obs yf   277.19694386241275        277.19694399913561        277.19694379932611        277.19700011590078        277.19694539973545     
 read in sim obs yf   277.50308257122043        277.50308269854435        277.50308250579980        277.50313895731279        277.50308397517483     
 read in sim obs yf   277.65612335868229        277.65612348569090        277.65612330156506        277.65618602714346        277.65612452967122     
 read in sim obs yf   277.95544604053106        277.95544613362642        277.95544599533002        277.95551720200405        277.95544735134843     
 read in sim obs yf   278.37288563257539        278.37288569863097        278.37288558736270        278.37296556463457        278.37288722488455     
 read in sim obs yf   278.57955597458107        278.57955601146898        278.57955593109978        278.57965576248228        278.57955786920775     
 read in sim obs yf   278.90139748595260        278.90139748490827        278.90139743320992        278.90149828916509        278.90139986796714     
 read in sim obs yf   279.23642937862280        279.23642934664991        279.23642931453583        279.23657979256916        279.23643603836848     
 read in sim obs yf   279.08564202688325        279.08564204172779        279.08564199721661        279.08573951214117        279.08564472652699     
 read in sim obs yf   279.44656804671610        279.44656781288728        279.44656737099814        279.44669279801150        279.44657326072530     
 read in sim obs yf   279.89305442609333        279.89305373567402        279.89305290254447        279.89321178389127        279.89306305239899     
 read in sim obs yf   279.86351378102984        279.86351326427189        279.86351265442551        279.86365020515581        279.86352006791827     
 read in sim obs yf   280.15682998026352        280.15682841969510        280.15682666930115        280.15698126778545        280.15684147151114     
 read in sim obs yf   280.29554447948743        280.29554207959080        280.29553849292535        280.29566113869049        280.29555059978196     
 read in sim obs yf   280.44724309083836        280.44723997085708        280.44723549835436        280.44734483545056        280.44724797069227     
 read in sim obs yf   280.65746767664382        280.65746519300410        280.65746157048250        280.65756192141845        280.65747247733123     
 read in sim obs yf   280.89484199002135        280.89484023360689        280.89483760296150        280.89495285775541        280.89484852253440     
 read in sim obs yf   281.03753832510733        281.03753612586729        281.03753258112835        281.03767084386385        281.03754829797901     
 read in sim obs yf   281.08006135784666        281.08006064156882        281.08005905011322        281.08020362593425        281.08007197499404     
 read in sim obs yf   281.12512109673605        281.12512120539117        281.12512109673605        281.12527059239767        281.12512929349310     
 read in sim obs yf   281.10092137445190        281.10091755592367        281.10090668244192        281.10110988333804        281.10093420641215     
 read in sim obs yf   280.89343673744077        280.89343854806532        280.89343644599955        280.89405199016562        280.89352281269589     
 read in sim obs yf   280.79174402174726        280.79174831284115        280.79174402174726        280.79242134477346        280.79181785583353     
 read in sim obs yf   280.30402353815720        280.30403181031880        280.30402353815720        280.30485264812290        280.30409132626204     
 read in sim obs yf   280.11724976299763        280.11725811045477        280.11724940088510        280.11816374923848        280.11732241919213     
 read in sim obs yf   279.94547928217582        279.94548675127220        279.94547906097660        279.94603314148873        279.94553103540778     
 read in sim obs yf   279.30378406322995        279.30379805609408        279.30378382008945        279.30436720236145        279.30383284475084     
 read in sim obs yf   274.65701308911798        274.65701719689213        274.65701268138190        274.65759291984432        274.65706914805014     
 read in sim obs yf   274.86641383975820        274.86641795539157        274.86641254763936        274.86699063264939        274.86646750422875     
 read in sim obs yf   275.38057334348741        275.38057646524754        275.38056990620083        275.38108431298895        275.38060143130025     
 read in sim obs yf   275.73668679460707        275.73668620538524        275.73668240740636        275.73686627732866        275.73669226148866     
 read in sim obs yf   275.94796682150638        275.94796584845960        275.94796285073937        275.94807761675997        275.94796910985986     
 read in sim obs yf   276.25305295557513        276.25305183404248        276.25304865868765        276.25316605921142        276.25305602998236     
 read in sim obs yf   276.83828484343201        276.83828404898014        276.83828140478278        276.83838616895645        276.83829077303909     
 read in sim obs yf   276.56384365390221        276.56384299113506        276.56384081120689        276.56393719054392        276.56384751215126     
 read in sim obs yf   276.28480570894243        276.28480525656073        276.28480393756541        276.28488031904550        276.28480865187333     
 read in sim obs yf   276.27303397760926        276.27303359479868        276.27303244498364        276.27311060073094        276.27303678438716     
 read in sim obs yf   276.33369899898975        276.33369866686985        276.33369761478912        276.33377018615556        276.33370115885970     
 read in sim obs yf   276.48546370500731        276.48546356723324        276.48546279057882        276.48552369654584        276.48546539971687     
 read in sim obs yf   276.67717620393404        276.67717607573292        276.67717527346372        276.67724003312776        276.67717766270255     
 read in sim obs yf   277.31437812072897        277.31437804835468        277.31437747317983        277.31443061383362        277.31438033879442     
 read in sim obs yf   277.59991474082250        277.59991483134820        277.59991441974120        277.60000572746787        277.59991738960406     
 read in sim obs yf   277.55975402817745        277.55975413857362        277.55975391383197        277.55983268643644        277.55975565066569     
 read in sim obs yf   277.82413555928952        277.82413563046896        277.82413547658263        277.82420608976861        277.82413691170041     
 read in sim obs yf   278.22775100300879        278.22775101454926        278.22775078478298        278.22785272720375        278.22775314263663     
 read in sim obs yf   278.69196804840777        278.69196787627754        278.69196761584442        278.69214717244859        278.69197375477131     
 read in sim obs yf   279.20512084896063        279.20511958596069        279.20511816394554        279.20537424447576        279.20513799234345     
 read in sim obs yf   279.19347426972286        279.19347341349845        279.19347224335240        279.19364050598790        279.19348120929942     
 read in sim obs yf   279.59688181417692        279.59688112760944        279.59688047682528        279.59703665013762        279.59688921132283     
 read in sim obs yf   279.64707993527162        279.64707833390969        279.64707861917628        279.64728839816331        279.64710008901091     
 read in sim obs yf   279.85944647280519        279.85944393423728        279.85944647280519        279.85992287140266        279.85947971388572     
 read in sim obs yf   279.85712236466856        279.85711721861009        279.85712233641550        279.85759889254871        279.85717831987517     
 read in sim obs yf   280.20592985344524        280.20592760616455        280.20592460242989        280.20608476458625        280.20594206859312     
 read in sim obs yf   280.24139697975318        280.24139512383414        280.24139249667650        280.24150283152261        280.24140300734473     
 read in sim obs yf   280.50280483608117        280.50280274168915        280.50279971037713        280.50292614618672        280.50281201413549     
 read in sim obs yf   280.73290198310121        280.73290057137552        280.73289853496721        280.73299035854899        280.73290777084964     
 read in sim obs yf   280.89452915212695        280.89452729392002        280.89452471699525        280.89471304889349        280.89454477988289     
 read in sim obs yf   280.82991689465240        280.82991636227746        280.82991665757993        280.83020207853372        280.82994709851431     
 read in sim obs yf   280.86991715946584        280.86991701678681        280.86991715946584        280.87013761378563        280.86993960729831     
 read in sim obs yf   280.86021765236529        280.86021766801531        280.86021756695249        280.86046553672719        280.86023826844496     
 read in sim obs yf   279.78218230081274        279.78219344581083        279.78218192791917        279.78303473163589        279.78227560190339     
 read in sim obs yf   279.95857299806602        279.95858398552167        279.95857299806602        279.95952847447683        279.95867672830582     
 read in sim obs yf   279.02626136349380        279.02627849888404        279.02626103535306        279.02686439317552        279.02632134447003     
 read in sim obs yf   279.30591206024053        279.30592410214371        279.30591179876239        279.30644759288265        279.30596320802846     
 read in sim obs yf   279.55476106479671        279.55476792379432        279.55476085446605        279.55526049138928        279.55479823500826     
 read in sim obs yf   280.12745747899368        280.12746576665529        280.12745724401299        280.12782986616565        280.12748505832218     
 read in sim obs yf   273.48737280942669        273.48737671658660        273.48737396826937        273.48775133758232        273.48740340472494     
 read in sim obs yf   274.64350532168260        274.64350913711263        274.64350462267305        274.64402373178001        274.64354452927068     
 read in sim obs yf   275.31031502448184        275.31031710134113        275.31030998894585        275.31083772829055        275.31034597361628     
 read in sim obs yf   275.17015229383372        275.17015385987634        275.17014869923599        275.17062124364071        275.17017623861250     
 read in sim obs yf   275.81756537781240        275.81756429663409        275.81756032121621        275.81777300932862        275.81757406466483     
 read in sim obs yf   276.21268550083835        276.21268420251346        276.21268031930788        276.21288631226321        276.21269920369326     
 read in sim obs yf   276.55660933479083        276.55660777771345        276.55660327588174        276.55688197927225        276.55663432366975     
 read in sim obs yf   276.32628574141677        276.32628448048018        276.32628135081342        276.32640465392814        276.32629149541066     
 read in sim obs yf   275.89826568163323        275.89826455574587        275.89826179563272        275.89836941163418        275.89826866677311     
 read in sim obs yf   276.08934018716070        276.08933875049837        276.08933555982850        276.08946036084950        276.08934426224573     
 read in sim obs yf   276.07658774275347        276.07658643499667        276.07658334064530        276.07669151743221        276.07659128072982     
 read in sim obs yf   276.22913166509750        276.22913062992535        276.22912793560960        276.22921609831388        276.22913502537790     
 read in sim obs yf   276.69873069405088        276.69872931681056        276.69872598004827        276.69883553314895        276.69873541676793     
 read in sim obs yf   277.17796887733692        277.17796783944999        277.17796533725158        277.17805280663748        277.17797342040222     
 read in sim obs yf   277.32788827178570        277.32788716682415        277.32788525427975        277.32800279701297        277.32789280407889     
 read in sim obs yf   277.24606640374344        277.24606592113395        277.24606498793935        277.24619794572243        277.24606973029626     
 read in sim obs yf   277.67277360644914        277.67277270501796        277.67277101731969        277.67290555375939        277.67277766987758     
 read in sim obs yf   278.35593016402038        278.35592889068022        278.35592673699944        278.35611366535926        278.35593892987663     
 read in sim obs yf   278.69144802312979        278.69144676825925        278.69144528106398        278.69169077779344        278.69146159940277     
 read in sim obs yf   278.93118455376361        278.93118376216506        278.93118324302179        278.93145665676911        278.93120215109735     
 read in sim obs yf   279.02672569269555        279.02672506341645        279.02672462463386        279.02694307244485        279.02673723824387     
 read in sim obs yf   279.41639623670318        279.41639584595924        279.41639623670318        279.41662427526347        279.41640768430477     
 read in sim obs yf   278.99297943560248        278.99297809986172        278.99297943560248        278.99331375085876        278.99302063526676     
 read in sim obs yf   279.51563399334606        279.51563346770052        279.51563399008398        279.51591632751456        279.51565594215953     
 read in sim obs yf   279.59892421893358        279.59892360623934        279.59892418682102        279.59915858553279        279.59894319983437     
 read in sim obs yf   279.89501050325651        279.89501013821177        279.89501038891768        279.89526312925767        279.89503262449904     
 read in sim obs yf   280.16508946796171        280.16508819194831        280.16508704151113        280.16533879157600        280.16511400301141     
 read in sim obs yf   280.40466992018133        280.40466844356337        280.40466700531874        280.40493698847939        280.40470002618258     
 read in sim obs yf   280.51174216435413        280.51174130351143        280.51174184709072        280.51205511761714        280.51176754494230     
 read in sim obs yf   280.57120761763906        280.57120722726177        280.57120739234648        280.57154148959893        280.57123619440546     
 read in sim obs yf   280.51291087604454        280.51291068944107        280.51291057151809        280.51333990998921        280.51295277480091     
 read in sim obs yf   279.72881141524789        279.72881592705579        279.72881086087904        279.72955384734871        279.72888094601791     
 read in sim obs yf   278.67095144692172        278.67096507488003        278.67095085433505        278.67157777853276        278.67101309018022     
 read in sim obs yf   278.70423485868901        278.70424850053081        278.70423481877754        278.70480414439731        278.70428468612437     
 read in sim obs yf   279.18730996027551        279.18731446479580        279.18730992686125        279.18786189418273        279.18735753804839     
 read in sim obs yf   278.07034651231169        278.07037715887429        278.07034625054689        278.07099063360857        278.07041468330624     
 read in sim obs yf   279.44549692386181        279.44550373002073        279.44549667204780        279.44600653351182        279.44553956291389     
 read in sim obs yf   279.82147689661178        279.82148254620603        279.82147645709426        279.82222179304063        279.82153134625270     
 read in sim obs yf   280.39064213198878        280.39065207821767        280.39064118319692        280.39133212617395        280.39067979696495     
 read in sim obs yf   273.35402885531460        273.35403320296467        273.35403843184480        273.35427835148107        273.35403554975261     
 read in sim obs yf   274.03288540669934        274.03288967341757        274.03288489236348        274.03343094235009        274.03292180763799     
 read in sim obs yf   274.19341019248975        274.19341675719721        274.19340901165680        274.19426197077667        274.19349857607085     
 read in sim obs yf   274.36875728355568        274.36876024938516        274.36875654251452        274.36919383192463        274.36878217446360     
 read in sim obs yf   275.18840521490824        275.18840601585163        275.18840480719484        275.18866404391321        275.18841737270571     
 read in sim obs yf   275.20795165544098        275.20795380771847        275.20795054345865        275.20856886239409        275.20801530601864     
 read in sim obs yf   275.08970889717989        275.08971179817564        275.08970756072824        275.09046609680041        275.08980064493738     
 read in sim obs yf   275.13059463711443        275.13059568012170        275.13059437315849        275.13087124297368        275.13060939131958     
 read in sim obs yf   275.11278003000996        275.11277879400234        275.11277504220857        275.11292169405442        275.11278330147707     
 read in sim obs yf   275.66993842640801        275.66993714785883        275.66993391984050        275.67006056427175        275.66994276244628     
 read in sim obs yf   275.95899757425701        275.95899650912554        275.95899351809430        275.95913544893847        275.95900413317787     
 read in sim obs yf   276.25491886742208        276.25491740570175        276.25491375105048        276.25506381514953        276.25492679893716     
 read in sim obs yf   276.43827468767449        276.43827349925908        276.43826981303209        276.43852352504103        276.43829267948666     
 read in sim obs yf   276.53787422014909        276.53787291931229        276.53786976987828        276.53803625206956        276.53788718549845     
 read in sim obs yf   276.83426922302812        276.83426796502334        276.83426569609378        276.83440823559243        276.83427726707163     
 read in sim obs yf   277.35632386759158        277.35632283809719        277.35632074613409        277.35644052858237        277.35633103960629     
 read in sim obs yf   277.76553801987313        277.76553753401282        277.76553628206830        277.76561914165467        277.76554412044260     
 read in sim obs yf   277.89000332307108        277.89000335280173        277.89000302449534        277.89012376197121        277.89002175625990     
 read in sim obs yf   277.93323060640500        277.93323147229722        277.93323042797476        277.93369548950545        277.93328492302624     
 read in sim obs yf   278.37362000956261        278.37361977415600        278.37361990642677        278.37391084121947        278.37364083750714     
 read in sim obs yf   278.65719374590640        278.65719323108664        278.65719371829692        278.65740867531127        278.65721122251165     
 read in sim obs yf   278.79139701770362        278.79139631607393        278.79139701770362        278.79172260517373        278.79143786022263     
 read in sim obs yf   277.64380389375930        277.64380438350560        277.64380389375930        277.64419998912405        277.64383003260616     
 read in sim obs yf   277.86538683478136        277.86538813423658        277.86538675749921        277.86635856244061        277.86555313450572     
 read in sim obs yf   279.10707419379679        279.10707363901344        279.10707411095410        279.10752832794179        279.10711764406824     
 read in sim obs yf   279.51523077241876        279.51523046561647        279.51523048325311        279.51576447061484        279.51527916879496     
 read in sim obs yf   278.93882891080284        278.93883358135520        278.93882837280034        278.93941089672740        278.93887371269733     
 read in sim obs yf   279.08204588834485        279.08204893780999        279.08204549261069        279.08250007856117        279.08207894008120     
 read in sim obs yf   279.39448832647992        279.39449053276587        279.39448773192174        279.39521270820501        279.39454204173421     
 read in sim obs yf   279.87746581934442        279.87746749191285        279.87746553338752        279.87775853263884        279.87748673727231     
 read in sim obs yf   279.37499332747632        279.37499876991649        279.37499280569580        279.37542820287024        279.37502962846230     
 read in sim obs yf   278.00713084398461        278.00715575337250        278.00713039722820        278.00780161427156        278.00720491268567     
 read in sim obs yf   278.31133697421143        278.31135560060000        278.31133652128318        278.31193656065329        278.31139554253366     
 read in sim obs yf   278.27172017411732        278.27173760124231        278.27171981659671        278.27230883890604        278.27177275728360     
 read in sim obs yf   278.85767095511113        278.85767773335590        278.85767068742388        278.85819244784074        278.85771070841372     
 read in sim obs yf   279.10776520234901        279.10777604321345        279.10776490796133        279.10826263257906        279.10764293824218     
 read in sim obs yf   280.45306043195490        280.45306355368029        280.45306025035370        280.45365232928776        280.45298058508632     
 read in sim obs yf   280.85661271503511        280.85661704132758        280.85661271503511        280.85707361514244        280.85663109562859     
 read in sim obs yf   281.61846174914916        281.61846288462982        281.61846174914916        281.61864908588893        281.61846630664428     
 read in sim obs yf   273.39125562462317        273.39125828598287        273.39126208862717        273.39149163010694        273.39125773841943     
 read in sim obs yf   273.24147682165295        273.24148143144447        273.24148905814315        273.24169058934007        273.24147465717351     
 read in sim obs yf   274.29791866486289        274.29792147484761        274.29791816127636        274.29847563561412        274.29796393415330     
 read in sim obs yf   274.36977431521063        274.36977592711236        274.36977401537467        274.37014611424502        274.36979438484343     
 read in sim obs yf   273.93874100605404        273.93874522114169        273.93874013074702        273.93945806143279        273.93879975303673     
 read in sim obs yf   274.16924789868801        274.16925175215835        274.16924636877718        274.17004477493242        274.16932196426740     
 read in sim obs yf   274.26829469630587        274.26829851997769        274.26829354393925        274.26905582817886        274.26827661795852     
 read in sim obs yf   274.50351447212716        274.50351855294497        274.50351305986828        274.50443839155605        274.50362223057027     
 read in sim obs yf   275.31930216215841        275.31930285911773        275.31930178380185        275.31960879510433        275.31932342842026     
 read in sim obs yf   275.41103033781150        275.41103189137698        275.41102987900683        275.41151265253649        275.41107548894223     
 read in sim obs yf   275.59709072874477        275.59709180452637        275.59709047300657        275.59742944191527        275.59711590854181     
 read in sim obs yf   275.70098872982629        275.70098946072392        275.70098854605470        275.70124589340838        275.70100797366194     
 read in sim obs yf   275.75631176837862        275.75631272502937        275.75631151260603        275.75663015589402        275.75634090572117     
 read in sim obs yf   275.84961381008196        275.84961497910689        275.84961347777431        275.84999702782130        275.84965022040285     
 read in sim obs yf   276.33275134550018        276.33275281099691        276.33275103180642        276.33330940609716        276.33281714358287     
 read in sim obs yf   276.86132789721660        276.86132961320158        276.86132775997100        276.86181857469302        276.86140042203903     
 read in sim obs yf   277.05265248018850        277.05265381086065        277.05265233617240        277.05316011740456        277.05271224161675     
 read in sim obs yf   276.96244767234776        276.96245011497160        276.96244736450421        276.96328466484766        276.96257741033543     
 read in sim obs yf   276.75056191546065        276.75056351960404        276.75056188517215        276.75092228757381        276.75059021479581     
 read in sim obs yf   276.57112894316157        276.57112966477121        276.57112889179257        276.57161567184568        276.57117168986372     
 read in sim obs yf   277.02829612828566        277.02829686561961        277.02829602919917        277.02919082681490        277.02841907131472     
 read in sim obs yf   277.56946440118446        277.56946470028271        277.56946440118446        277.57043527452709        277.56960672454716     
 read in sim obs yf   277.42678195450554        277.42678242762446        277.42678195450554        277.42716464867328        277.42680508816261     
 read in sim obs yf   277.62334582727374        277.62334627574177        277.62334579810772        277.62377796034718        277.62338161210079     
 read in sim obs yf   278.04112159422721        278.04112258416819        278.04112147259144        278.04182322618425        278.04117671187038     
 read in sim obs yf   278.43365111168083        278.43365266218376        278.43365091393861        278.43413114601805        278.43368772119140     
 read in sim obs yf   278.94769853399629        278.94770339689836        278.94769816596880        278.94811278216463        278.94773183465719     
 read in sim obs yf   279.74686080472247        279.74686356400161        279.74686061568502        279.74709200766500        279.74687930518803     
 read in sim obs yf   278.82310432326170        278.82310700999705        278.82310402700324        278.82359464413383        278.82314081412648     
 read in sim obs yf   278.95839533157607        278.95839938320006        278.95839485771120        278.95889670856309        278.95843055282091     
 read in sim obs yf   279.55592437745571        279.55592964444628        279.55592399650095        279.55627885540196        279.55595261776250     
 read in sim obs yf   278.53951351323025        278.53952699783849        278.53951303320594        278.54008361606748        278.53956430863741     
 read in sim obs yf   278.93716432078497        278.93717279603356        278.93716354813506        278.93768593519388        278.93721802518394     
 read in sim obs yf   279.14601292288893        279.14601993356570        279.14601222136974        279.14646874783085        279.14605414091386     
 read in sim obs yf   279.03960784374817        279.03962029456704        279.03960670204503        279.04021805022040        279.03966737663700     
 read in sim obs yf   279.46171770087335        279.46174532324073        279.46171609557547        279.46263049345885        279.46179674513303     
 read in sim obs yf   281.86251590013524        281.86251772730748        281.86251590013524        281.86271578098427        281.86252229494278     
 read in sim obs yf   283.14219639015471        283.14219633978837        283.14219639015471        283.14224763092136        283.14219775263274     
 read in sim obs yf   283.37870755082736        283.37870707273788        283.37870755082736        283.37875218109417        283.37870833801605     
 read in sim obs yf   272.70180154043629        272.70181325338308        272.70184306795903        272.70208086629822        272.70180741623727     
 read in sim obs yf   272.72847709565059        272.72849238072996        272.72852155863234        272.72880981314620        272.72847966240408     
 read in sim obs yf   273.50230278910993        273.50230511739079        273.50230352568275        273.50275770482273        273.50230491920394     
 read in sim obs yf   273.22677893886748        273.22678281833890        273.22678806506212        273.22702138952303        273.22677587455763     
 read in sim obs yf   273.19500444484885        273.19500784345519        273.19501375998038        273.19525859101998        273.19500343127208     
 read in sim obs yf   273.26537539295560        273.26537812802673        273.26538333440135        273.26566585028513        273.26537477257665     
 read in sim obs yf   273.39845651989287        273.39845825151929        273.39845819362273        273.39868932522586        273.39846277816696     
 read in sim obs yf   274.17562220136409        274.17562490566513        274.17562194562237        274.17615398009616        274.17566750315729     
 read in sim obs yf   274.83876323211751        274.83876520736754        274.83876309379929        274.83911239367393        274.83879191774361     
 read in sim obs yf   274.48528822160785        274.48529267225138        274.48528791423030        274.48601620119598        274.48535235316126     
 read in sim obs yf   275.39551395334547        275.39551526529488        275.39551354138206        275.39597054084032        275.39556691618742     
 read in sim obs yf   275.52886393167984        275.52886478627391        275.52886368892695        275.52919702989738        275.52889878085386     
 read in sim obs yf   275.84134796965850        275.84134862102860        275.84134775429601        275.84165163127369        275.84137852054840     
 read in sim obs yf   275.92311692632887        275.92311821204652        275.92311659616246        275.92362665454402        275.92317817544745     
 read in sim obs yf   276.00763376183477        276.00763654251335        276.00763335467633        276.00844475550724        276.00776584898284     
 read in sim obs yf   276.24645771380114        276.24645985714704        276.24645766326574        276.24674633790005        276.24648219734382     
 read in sim obs yf   275.68852738852803        275.68852967849898        275.68852717841571        275.68911528263169        275.68860860757798     
 read in sim obs yf   275.74327283573513        275.74327449524054        275.74327275772185        275.74377201219744        275.74331573347723     
 read in sim obs yf   275.88715049130138        275.88715286272918        275.88715044672756        275.88766727410376        275.88718939956459     
 read in sim obs yf   276.36515737466112        276.36515790367446        276.36515735777800        276.36553737115457        276.36518548546803     
 read in sim obs yf   276.22910138286278        276.22910195667083        276.22910136861776        276.22957589565220        276.22913432639393     
 read in sim obs yf   276.69913681010303        276.69913706934545        276.69913680687074        276.69955538320147        276.69916267102377     
 read in sim obs yf   277.01510552071028        277.01510599363422        277.01510549686094        277.01556294561396        277.01514002051891     
 read in sim obs yf   277.20439599708192        277.20439688842879        277.20439593966211        277.20481307621645        277.20442882614674     
 read in sim obs yf   277.60077801307239        277.60077917936269        277.60077788949337        277.60124353071001        277.60081449694843     
 read in sim obs yf   278.09056333318557        278.09056620151819        278.09056300217480        278.09106336282474        278.09060260362321     
 read in sim obs yf   278.32990122583851        278.32990760712084        278.32990070317027        278.33044423801346        278.32994532017051     
 read in sim obs yf   278.93109135631801        278.93109574838365        278.93109100488800        278.93153355434640        278.93112745483040     
 read in sim obs yf   278.93423828482366        278.93424210909120        278.93423798441370        278.93470620922426        278.93427435634629     
 read in sim obs yf   279.17331246725257        279.17331509890874        279.17331197640681        279.17379641619971        279.17335518202935     
 read in sim obs yf   279.78571291340575        279.78572143750978        279.78571014876371        279.78645326125758        279.78579837983199     
 read in sim obs yf   279.60239562713048        279.60241590405076        279.60239288588889        279.60317543096977        279.60248495888459     
 read in sim obs yf   280.33464378061416        280.33465015801045        280.33464263104111        280.33514282782704        280.33466893441204     
 read in sim obs yf   281.00645942218637        281.00646047596803        281.00645942218637        281.00673509539035        281.00646911434495     
 read in sim obs yf   281.41925027558972        281.41925299123773        281.41925027558972        281.41951189654520        281.41926049854322     
 read in sim obs yf   282.33155929758271        282.33156121545818        282.33155929758271        282.33170006106019        282.33156435530321     
 read in sim obs yf   283.03115218096866        283.03115222885907        283.03115218096866        283.03127641862494        283.03115595169885     
 read in sim obs yf   283.92723833856013        283.92723828890212        283.92723833856013        283.92724681230061        283.92723849776962     

    ---------------------------------------
    |   EXITING VARASSIM AFTER ANALYSIS   |
    ---------------------------------------

 Number of assimilated observations =           0

 *********************************************
 *      ASSIMILATIONS FOR URBAN POINTS       *
 *********************************************
 UPDATING TOWN FOR SCHEME: TEB
 Mean T2m increments over TOWN    1.0574937573931835     
 Mean T_ROAD3 increments over TOWN    1.0574937573931835     
 KTYPE=           1
 YCOMMAND=transfer.x MESONH         SURFOUT.20081001_00h00                                                    
 KTYPE=           1
 YCOMMAND=transfer.x MESONH         SURFOUT.20081001_00h00                                                    
 KTYPE=           1
 YCOMMAND=transfer.x MESONH         SURFOUT.20081001_00h00                                                    
 KTYPE=           1
 YCOMMAND=transfer.x MESONH         SURFOUT.20081001_00h00                                                    
 KTYPE=           1
 YCOMMAND=transfer.x MESONH         SURFOUT.20081001_00h00                                                    
 KTYPE=           1
 YCOMMAND=transfer.x MESONH         SURFOUT.20081001_00h00                                                    
 KTYPE=           1
 YCOMMAND=transfer.x MESONH         SURFOUT.20081001_00h00                                                    
 KTYPE=           1
 YCOMMAND=transfer.x MESONH         SURFOUT.20081001_00h00                                                    
 KTYPE=           1
 YCOMMAND=transfer.x MESONH         SURFOUT.20081001_00h00                                                    
 KTYPE=           1
 YCOMMAND=transfer.x MESONH         SURFOUT.20081001_00h00                                                    
 KTYPE=           1
 YCOMMAND=transfer.x MESONH         SURFOUT.20081001_00h00                                                    
 KTYPE=           1
 YCOMMAND=transfer.x MESONH         SURFOUT.20081001_00h00                                                    
 KTYPE=           1
 YCOMMAND=transfer.x MESONH         SURFOUT.20081001_00h00                                                    
 KTYPE=           1
 YCOMMAND=transfer.x MESONH         SURFOUT                                                                   
 KTYPE=           1
 YCOMMAND=transfer.x MESONH         SURFOUT                                                                   
 KTYPE=           1
 YCOMMAND=transfer.x MESONH         SURFOUT                                                                   
 KTYPE=           1
 YCOMMAND=transfer.x MESONH         SURFOUT                                                                   
 KTYPE=           1
 YCOMMAND=transfer.x MESONH         SURFOUT                                                                   
  
     -----------------------
     | SODA ENDS CORRECTLY |
     -----------------------
